run_id,method,cell_id,target_ordinal,target_cycle,target_discharge_start,input_end,prediction_soh_pp,prediction_Ah,baseline_age_pp,wave_correction_pp,wave_shrink,recent_event_ids,evidence
M4_wave_residual_v1,M4_wave_noT,102Ah_25degC_0p5C_cell3,1,52,2021-05-11T17:22:01,2021-05-11T16:51:47,99.98315704349359,101.98282018436346,99.64787553595188,1.3411260301668455,0.25,102Ah_25degC_0p5C_cell3|42|2021-05-09T16:34:22|2021-05-09T18:38:22|#|102Ah_25degC_0p5C_cell3|48|2021-05-10T23:23:16|2021-05-11T01:27:44|#|102Ah_25degC_0p5C_cell3|49|2021-05-11T04:31:20|2021-05-11T06:35:50|#|102Ah_25degC_0p5C_cell3|50|2021-05-11T09:39:21|2021-05-11T11:43:51|#|102Ah_25degC_0p5C_cell3|51|2021-05-11T14:47:47|2021-05-11T16:51:47,five recent strictly completed charge events; outer 5-cell fit; inner group selected
M4_wave_residual_v1,M4_wave_noT,102Ah_25degC_0p5C_cell3,2,83,2021-05-18T08:01:30,2021-05-12T03:07:26,99.48789260051709,101.47765045252743,99.04324539358872,1.7785888277134911,0.25,102Ah_25degC_0p5C_cell3|49|2021-05-11T04:31:20|2021-05-11T06:35:50|#|102Ah_25degC_0p5C_cell3|50|2021-05-11T09:39:21|2021-05-11T11:43:51|#|102Ah_25degC_0p5C_cell3|51|2021-05-11T14:47:47|2021-05-11T16:51:47|#|102Ah_25degC_0p5C_cell3|52|2021-05-11T19:55:07|2021-05-11T21:59:37|#|102Ah_25degC_0p5C_cell3|53|2021-05-12T01:02:56|2021-05-12T03:07:26,five recent strictly completed charge events; outer 5-cell fit; inner group selected
M4_wave_residual_v1,M4_wave_noT,102Ah_25degC_0p5C_cell3,3,113,2021-05-24T17:30:05,2021-05-12T03:07:26,99.15286527350597,101.13592257897608,98.58588361265778,2.2679266433927223,0.25,102Ah_25degC_0p5C_cell3|49|2021-05-11T04:31:20|2021-05-11T06:35:50|#|102Ah_25degC_0p5C_cell3|50|2021-05-11T09:39:21|2021-05-11T11:43:51|#|102Ah_25degC_0p5C_cell3|51|2021-05-11T14:47:47|2021-05-11T16:51:47|#|102Ah_25degC_0p5C_cell3|52|2021-05-11T19:55:07|2021-05-11T21:59:37|#|102Ah_25degC_0p5C_cell3|53|2021-05-12T01:02:56|2021-05-12T03:07:26,five recent strictly completed charge events; outer 5-cell fit; inner group selected
M4_wave_residual_v1,M4_wave_noT,102Ah_25degC_0p5C_cell3,4,144,2021-05-31T06:58:36,2021-05-12T03:07:26,98.88158344585885,100.85921511477603,98.18905264314064,2.770123210872816,0.25,102Ah_25degC_0p5C_cell3|49|2021-05-11T04:31:20|2021-05-11T06:35:50|#|102Ah_25degC_0p5C_cell3|50|2021-05-11T09:39:21|2021-05-11T11:43:51|#|102Ah_25degC_0p5C_cell3|51|2021-05-11T14:47:47|2021-05-11T16:51:47|#|102Ah_25degC_0p5C_cell3|52|2021-05-11T19:55:07|2021-05-11T21:59:37|#|102Ah_25degC_0p5C_cell3|53|2021-05-12T01:02:56|2021-05-12T03:07:26,five recent strictly completed charge events; outer 5-cell fit; inner group selected
M4_wave_residual_v1,M4_wave_noT,102Ah_25degC_0p5C_cell3,5,175,2021-06-06T20:02:14,2021-05-12T03:07:26,98.66105847151222,100.63427964094245,97.84328821134169,3.2710810406821134,0.25,102Ah_25degC_0p5C_cell3|49|2021-05-11T04:31:20|2021-05-11T06:35:50|#|102Ah_25degC_0p5C_cell3|50|2021-05-11T09:39:21|2021-05-11T11:43:51|#|102Ah_25degC_0p5C_cell3|51|2021-05-11T14:47:47|2021-05-11T16:51:47|#|102Ah_25degC_0p5C_cell3|52|2021-05-11T19:55:07|2021-05-11T21:59:37|#|102Ah_25degC_0p5C_cell3|53|2021-05-12T01:02:56|2021-05-12T03:07:26,five recent strictly completed charge events; outer 5-cell fit; inner group selected
M4_wave_residual_v1,M4_wave_noT,102Ah_25degC_0p5C_cell3,6,207,2021-06-19T22:23:53,2021-06-19T21:53:42,97.78091224497203,99.73653048987147,97.52469382091016,1.0248736962474772,0.25,102Ah_25degC_0p5C_cell3|200|2021-06-18T18:39:55|2021-06-18T20:41:55|#|102Ah_25degC_0p5C_cell3|203|2021-06-19T04:44:58|2021-06-19T06:46:28|#|102Ah_25degC_0p5C_cell3|204|2021-06-19T09:47:21|2021-06-19T11:48:51|#|102Ah_25degC_0p5C_cell3|205|2021-06-19T14:49:47|2021-06-19T16:51:17|#|102Ah_25degC_0p5C_cell3|206|2021-06-19T19:51:42|2021-06-19T21:53:42,five recent strictly completed charge events; outer 5-cell fit; inner group selected
M4_wave_residual_v1,M4_wave_noT,102Ah_25degC_0p5C_cell3,7,238,2021-06-26T10:32:34,2021-06-26T10:02:30,97.50395138362329,99.45403041129575,97.2441523888255,1.0391959791911396,0.25,102Ah_25degC_0p5C_cell3|233|2021-06-25T11:52:59|2021-06-25T13:54:29|#|102Ah_25degC_0p5C_cell3|234|2021-06-25T16:54:36|2021-06-25T18:56:36|#|102Ah_25degC_0p5C_cell3|235|2021-06-25T21:57:05|2021-06-25T23:58:35|#|102Ah_25degC_0p5C_cell3|236|2021-06-26T02:59:03|2021-06-26T05:00:33|#|102Ah_25degC_0p5C_cell3|237|2021-06-26T08:01:01|2021-06-26T10:02:30,five recent strictly completed charge events; outer 5-cell fit; inner group selected
M4_wave_residual_v1,M4_wave_noT,102Ah_25degC_0p5C_cell3,8,271,2021-07-03T08:25:58,2021-07-03T07:55:43,97.22156919055766,99.16600057436881,96.96933379574676,1.008941579243588,0.25,102Ah_25degC_0p5C_cell3|266|2021-07-02T09:48:54|2021-07-02T11:50:24|#|102Ah_25degC_0p5C_cell3|267|2021-07-02T14:50:47|2021-07-02T16:51:47|#|102Ah_25degC_0p5C_cell3|268|2021-07-02T19:52:06|2021-07-02T21:53:06|#|102Ah_25degC_0p5C_cell3|269|2021-07-03T00:52:55|2021-07-03T02:54:25|#|102Ah_25degC_0p5C_cell3|270|2021-07-03T05:54:13|2021-07-03T07:55:43,five recent strictly completed charge events; outer 5-cell fit; inner group selected
M4_wave_residual_v1,M4_wave_noT,102Ah_25degC_0p5C_cell3,9,301,2021-07-10T00:58:04,2021-07-10T00:28:02,96.98266718569946,98.92232052941344,96.72929860338844,1.0134743292440431,0.25,102Ah_25degC_0p5C_cell3|297|2021-07-08T21:23:06|2021-07-08T23:24:06|#|102Ah_25degC_0p5C_cell3|298|2021-07-09T02:23:25|2021-07-09T04:24:54|#|102Ah_25degC_0p5C_cell3|299|2021-07-09T07:24:13|2021-07-09T09:25:42|#|102Ah_25degC_0p5C_cell3|300|2021-07-09T12:25:30|2021-07-09T14:26:30|#|102Ah_25degC_0p5C_cell3|301|2021-07-09T22:26:32|2021-07-10T00:28:02,five recent strictly completed charge events; outer 5-cell fit; inner group selected
M4_wave_residual_v1,M4_wave_noT,102Ah_25degC_0p5C_cell3,10,334,2021-07-16T12:47:14,2021-07-16T12:16:57,96.74358214582894,98.67845378874551,96.49676134411222,0.9872832068668642,0.25,102Ah_25degC_0p5C_cell3|329|2021-07-15T13:40:25|2021-07-15T15:41:25|#|102Ah_25degC_0p5C_cell3|330|2021-07-15T19:15:09|2021-07-15T21:16:09|#|102Ah_25degC_0p5C_cell3|331|2021-07-16T00:15:27|2021-07-16T02:16:27|#|102Ah_25degC_0p5C_cell3|332|2021-07-16T05:16:12|2021-07-16T07:16:42|#|102Ah_25degC_0p5C_cell3|333|2021-07-16T10:15:57|2021-07-16T12:16:57,five recent strictly completed charge events; outer 5-cell fit; inner group selected
M4_wave_residual_v1,M4_wave_noT,102Ah_25degC_0p5C_cell3,11,364,2021-07-22T18:46:34,2021-07-22T18:16:32,96.53038797779874,98.46099573735472,96.2906744851858,0.9588539704517387,0.25,102Ah_25degC_0p5C_cell3|359|2021-07-21T20:16:27|2021-07-21T22:17:28|#|102Ah_25degC_0p5C_cell3|360|2021-07-22T01:16:44|2021-07-22T03:17:14|#|102Ah_25degC_0p5C_cell3|361|2021-07-22T06:16:02|2021-07-22T08:17:01|#|102Ah_25degC_0p5C_cell3|362|2021-07-22T11:16:18|2021-07-22T13:16:48|#|102Ah_25degC_0p5C_cell3|363|2021-07-22T16:15:33|2021-07-22T18:16:32,five recent strictly completed charge events; outer 5-cell fit; inner group selected
M4_wave_residual_v1,M4_wave_noT,102Ah_25degC_0p5C_cell3,12,395,2021-07-29T05:31:58,2021-07-29T05:01:39,96.3293025158674,98.25588856618475,96.0881345437181,0.9646718885971973,0.25,102Ah_25degC_0p5C_cell3|390|2021-07-28T07:03:50|2021-07-28T09:04:19|#|102Ah_25degC_0p5C_cell3|391|2021-07-28T12:03:43|2021-07-28T14:03:43|#|102Ah_25degC_0p5C_cell3|392|2021-07-28T17:03:03|2021-07-28T19:03:03|#|102Ah_25degC_0p5C_cell3|393|2021-07-28T22:02:21|2021-07-29T00:02:21|#|102Ah_25degC_0p5C_cell3|394|2021-07-29T03:01:39|2021-07-29T05:01:39,five recent strictly completed charge events; outer 5-cell fit; inner group selected
M4_wave_residual_v1,M4_wave_noT,102Ah_25degC_0p5C_cell3,13,425,2021-08-04T11:04:07,2021-08-04T10:33:59,96.13584380743498,98.05856068358368,95.90092547372863,0.9396733348253752,0.25,102Ah_25degC_0p5C_cell3|420|2021-08-03T12:38:00|2021-08-03T14:38:30|#|102Ah_25degC_0p5C_cell3|421|2021-08-03T17:36:55|2021-08-03T19:37:24|#|102Ah_25degC_0p5C_cell3|422|2021-08-03T22:36:16|2021-08-04T00:36:16|#|102Ah_25degC_0p5C_cell3|423|2021-08-04T03:35:08|2021-08-04T05:35:08|#|102Ah_25degC_0p5C_cell3|424|2021-08-04T08:33:30|2021-08-04T10:33:59,five recent strictly completed charge events; outer 5-cell fit; inner group selected
M4_wave_residual_v1,M4_wave_noT,102Ah_25degC_0p5C_cell3,14,456,2021-08-10T21:22:47,2021-08-10T20:52:19,95.95551523447449,97.87462553916397,95.7154758853244,0.9601573966003686,0.25,102Ah_25degC_0p5C_cell3|451|2021-08-09T22:58:19|2021-08-10T00:58:18|#|102Ah_25degC_0p5C_cell3|452|2021-08-10T03:56:49|2021-08-10T05:56:49|#|102Ah_25degC_0p5C_cell3|453|2021-08-10T08:55:20|2021-08-10T10:55:19|#|102Ah_25degC_0p5C_cell3|454|2021-08-10T13:54:19|2021-08-10T15:53:49|#|102Ah_25degC_0p5C_cell3|455|2021-08-10T18:52:19|2021-08-10T20:52:19,five recent strictly completed charge events; outer 5-cell fit; inner group selected
M4_wave_residual_v1,M4_wave_noT,102Ah_25degC_0p5C_cell3,15,487,2021-08-17T07:29:16,2021-08-17T06:58:58,95.77539245568919,97.69090030480297,95.5372427428478,0.9525988513655913,0.25,102Ah_25degC_0p5C_cell3|482|2021-08-16T09:06:34|2021-08-16T11:06:34|#|102Ah_25degC_0p5C_cell3|483|2021-08-16T14:04:42|2021-08-16T16:04:42|#|102Ah_25degC_0p5C_cell3|484|2021-08-16T19:03:20|2021-08-16T21:02:50|#|102Ah_25degC_0p5C_cell3|485|2021-08-17T00:01:24|2021-08-17T02:00:54|#|102Ah_25degC_0p5C_cell3|486|2021-08-17T04:58:58|2021-08-17T06:58:58,five recent strictly completed charge events; outer 5-cell fit; inner group selected
M4_wave_residual_v1,M4_wave_noT,102Ah_25degC_0p5C_cell3,16,519,2021-08-25T00:27:25,2021-08-24T23:57:16,95.60330107970515,97.51536710129925,95.36001130496872,0.9731590989457184,0.25,102Ah_25degC_0p5C_cell3|514|2021-08-24T02:05:33|2021-08-24T04:05:33|#|102Ah_25degC_0p5C_cell3|515|2021-08-24T07:03:28|2021-08-24T09:03:27|#|102Ah_25degC_0p5C_cell3|516|2021-08-24T12:01:55|2021-08-24T14:01:25|#|102Ah_25degC_0p5C_cell3|517|2021-08-24T16:59:20|2021-08-24T18:59:20|#|102Ah_25degC_0p5C_cell3|518|2021-08-24T21:57:46|2021-08-24T23:57:16,five recent strictly completed charge events; outer 5-cell fit; inner group selected
M4_wave_residual_v1,M4_wave_noT,102Ah_25degC_0p5C_cell3,17,552,2021-08-31T20:06:40,2021-08-31T19:36:16,95.41004502122534,97.31824592164985,95.183676405263,0.9054744638493976,0.25,102Ah_25degC_0p5C_cell3|547|2021-08-30T21:47:18|2021-08-30T23:46:48|#|102Ah_25degC_0p5C_cell3|548|2021-08-31T02:44:39|2021-08-31T04:44:09|#|102Ah_25degC_0p5C_cell3|549|2021-08-31T07:42:32|2021-08-31T09:41:31|#|102Ah_25degC_0p5C_cell3|550|2021-08-31T12:39:55|2021-08-31T14:38:55|#|102Ah_25degC_0p5C_cell3|551|2021-08-31T17:37:16|2021-08-31T19:36:16,five recent strictly completed charge events; outer 5-cell fit; inner group selected
M4_wave_residual_v1,M4_wave_noT,102Ah_25degC_0p5C_cell3,18,583,2021-09-07T05:37:17,2021-09-07T05:07:06,95.24288538649873,97.1477430942287,95.0233919588113,0.8779737107496771,0.25,102Ah_25degC_0p5C_cell3|578|2021-09-06T07:19:51|2021-09-06T09:19:20|#|102Ah_25degC_0p5C_cell3|579|2021-09-06T12:17:20|2021-09-06T14:16:20|#|102Ah_25degC_0p5C_cell3|580|2021-09-06T17:13:48|2021-09-06T19:13:17|#|102Ah_25degC_0p5C_cell3|581|2021-09-06T22:11:13|2021-09-07T00:10:12|#|102Ah_25degC_0p5C_cell3|582|2021-09-07T03:08:06|2021-09-07T05:07:06,five recent strictly completed charge events; outer 5-cell fit; inner group selected
M4_wave_residual_v1,M4_wave_noT,102Ah_25degC_0p5C_cell3,19,613,2021-09-13T09:58:17,2021-09-13T09:28:14,95.08718348069013,96.98892715030394,94.87276825587507,0.8576608992602325,0.25,102Ah_25degC_0p5C_cell3|608|2021-09-12T11:43:00|2021-09-12T13:42:00|#|102Ah_25degC_0p5C_cell3|609|2021-09-12T16:39:34|2021-09-12T18:38:33|#|102Ah_25degC_0p5C_cell3|610|2021-09-12T21:35:38|2021-09-12T23:35:08|#|102Ah_25degC_0p5C_cell3|611|2021-09-13T02:32:40|2021-09-13T04:31:40|#|102Ah_25degC_0p5C_cell3|612|2021-09-13T07:29:14|2021-09-13T09:28:14,five recent strictly completed charge events; outer 5-cell fit; inner group selected
M4_wave_residual_v1,M4_wave_noT,102Ah_25degC_0p5C_cell3,20,646,2021-09-20T04:57:08,2021-09-20T04:26:48,94.92162525687284,96.8200577620103,94.7117338685996,0.8395655530930215,0.25,102Ah_25degC_0p5C_cell3|641|2021-09-19T06:43:39|2021-09-19T08:42:09|#|102Ah_25degC_0p5C_cell3|642|2021-09-19T11:39:49|2021-09-19T13:38:19|#|102Ah_25degC_0p5C_cell3|643|2021-09-19T16:35:59|2021-09-19T18:34:29|#|102Ah_25degC_0p5C_cell3|644|2021-09-19T21:31:39|2021-09-19T23:30:39|#|102Ah_25degC_0p5C_cell3|645|2021-09-20T02:27:48|2021-09-20T04:26:48,five recent strictly completed charge events; outer 5-cell fit; inner group selected
M4_wave_residual_v1,M4_wave_noT,102Ah_25degC_0p5C_cell3,21,676,2021-09-26T08:55:00,2021-09-26T08:24:52,94.7744928804738,96.66998273808328,94.56921371607584,0.8211166575918473,0.25,102Ah_25degC_0p5C_cell3|671|2021-09-25T10:42:47|2021-09-25T12:41:46|#|102Ah_25degC_0p5C_cell3|672|2021-09-25T15:38:33|2021-09-25T17:37:32|#|102Ah_25degC_0p5C_cell3|673|2021-09-25T20:34:50|2021-09-25T22:33:20|#|102Ah_25degC_0p5C_cell3|674|2021-09-26T01:30:06|2021-09-26T03:29:05|#|102Ah_25degC_0p5C_cell3|675|2021-09-26T06:25:52|2021-09-26T08:24:52,five recent strictly completed charge events; outer 5-cell fit; inner group selected
M4_wave_residual_v1,M4_wave_noT,102Ah_25degC_0p5C_cell3,22,709,2021-10-11T10:42:23,2021-10-11T10:12:00,94.62106482216566,96.51348611860898,94.41635002588346,0.8188591851288249,0.25,102Ah_25degC_0p5C_cell3|704|2021-10-10T12:33:04|2021-10-10T14:31:04|#|102Ah_25degC_0p5C_cell3|705|2021-10-10T17:27:51|2021-10-10T19:26:20|#|102Ah_25degC_0p5C_cell3|706|2021-10-10T22:23:04|2021-10-11T00:21:33|#|102Ah_25degC_0p5C_cell3|707|2021-10-11T03:18:18|2021-10-11T05:16:48|#|102Ah_25degC_0p5C_cell3|708|2021-10-11T08:13:30|2021-10-11T10:12:00,five recent strictly completed charge events; outer 5-cell fit; inner group selected
M4_wave_residual_v1,M4_wave_noT,102Ah_25degC_0p5C_cell3,23,739,2021-10-17T14:13:00,2021-10-17T13:42:44,94.48517155402959,96.37487498511018,94.28066039718318,0.8180446273856429,0.25,102Ah_25degC_0p5C_cell3|734|2021-10-16T16:04:32|2021-10-16T18:03:01|#|102Ah_25degC_0p5C_cell3|735|2021-10-16T20:59:27|2021-10-16T22:57:57|#|102Ah_25degC_0p5C_cell3|736|2021-10-17T01:54:23|2021-10-17T03:52:52|#|102Ah_25degC_0p5C_cell3|737|2021-10-17T06:49:19|2021-10-17T08:47:49|#|102Ah_25degC_0p5C_cell3|738|2021-10-17T11:44:15|2021-10-17T13:42:44,five recent strictly completed charge events; outer 5-cell fit; inner group selected
M4_wave_residual_v1,M4_wave_noT,102Ah_25degC_0p5C_cell3,24,770,2021-10-23T22:32:09,2021-10-23T22:01:53,94.35583162306257,96.24294825552383,94.14347804791537,0.8494143005888406,0.25,102Ah_25degC_0p5C_cell3|765|2021-10-23T00:24:35|2021-10-23T02:23:05|#|102Ah_25degC_0p5C_cell3|766|2021-10-23T05:19:18|2021-10-23T07:17:48|#|102Ah_25degC_0p5C_cell3|767|2021-10-23T10:14:01|2021-10-23T12:12:31|#|102Ah_25degC_0p5C_cell3|768|2021-10-23T15:08:43|2021-10-23T17:07:13|#|102Ah_25degC_0p5C_cell3|769|2021-10-23T20:03:53|2021-10-23T22:01:53,five recent strictly completed charge events; outer 5-cell fit; inner group selected
M4_wave_residual_v1,M4_wave_noT,102Ah_25degC_0p5C_cell3,25,803,2021-10-30T16:30:33,2021-10-30T16:00:27,94.2100336939635,96.09423436784276,94.00058105230326,0.8378105666409658,0.25,102Ah_25degC_0p5C_cell3|796|2021-10-29T13:30:10|2021-10-29T15:28:40|#|102Ah_25degC_0p5C_cell3|799|2021-10-29T23:18:52|2021-10-30T01:17:22|#|102Ah_25degC_0p5C_cell3|800|2021-10-30T04:13:15|2021-10-30T06:11:45|#|102Ah_25degC_0p5C_cell3|801|2021-10-30T09:08:05|2021-10-30T11:06:05|#|102Ah_25degC_0p5C_cell3|802|2021-10-30T14:02:27|2021-10-30T16:00:27,five recent strictly completed charge events; outer 5-cell fit; inner group selected
M4_wave_residual_v1,M4_wave_noT,102Ah_25degC_0p5C_cell3,26,833,2021-11-07T11:35:58,2021-11-07T11:05:40,94.06664215166224,95.94797499469549,93.86907773427748,0.7902576695390312,0.25,102Ah_25degC_0p5C_cell3|829|2021-11-06T13:31:28|2021-11-06T15:29:28|#|102Ah_25degC_0p5C_cell3|830|2021-11-06T18:25:33|2021-11-06T20:23:33|#|102Ah_25degC_0p5C_cell3|831|2021-11-06T23:19:38|2021-11-07T01:17:37|#|102Ah_25degC_0p5C_cell3|832|2021-11-07T04:13:40|2021-11-07T06:11:40|#|102Ah_25degC_0p5C_cell3|833|2021-11-07T09:07:40|2021-11-07T11:05:40,five recent strictly completed charge events; outer 5-cell fit; inner group selected
M4_wave_residual_v1,M4_wave_noT,102Ah_25degC_0p5C_cell3,27,864,2021-11-13T19:25:01,2021-11-13T18:54:53,93.9363736043205,95.8151010764069,93.7400361757953,0.7853497141007828,0.25,102Ah_25degC_0p5C_cell3|860|2021-11-12T21:22:06|2021-11-12T23:20:06|#|102Ah_25degC_0p5C_cell3|861|2021-11-13T02:15:49|2021-11-13T04:13:49|#|102Ah_25degC_0p5C_cell3|862|2021-11-13T07:09:32|2021-11-13T09:07:31|#|102Ah_25degC_0p5C_cell3|863|2021-11-13T12:03:13|2021-11-13T14:01:13|#|102Ah_25degC_0p5C_cell3|864|2021-11-13T16:56:53|2021-11-13T18:54:53,five recent strictly completed charge events; outer 5-cell fit; inner group selected
M4_wave_residual_v1,M4_wave_noT,102Ah_25degC_0p5C_cell3,28,895,2021-11-20T03:03:59,2021-11-20T02:33:57,93.81219621157949,95.68844013581109,93.6132910326527,0.7956207157071467,0.25,102Ah_25degC_0p5C_cell3|891|2021-11-19T05:02:23|2021-11-19T07:00:22|#|102Ah_25degC_0p5C_cell3|892|2021-11-19T09:55:48|2021-11-19T11:53:48|#|102Ah_25degC_0p5C_cell3|893|2021-11-19T14:49:13|2021-11-19T16:47:13|#|102Ah_25degC_0p5C_cell3|894|2021-11-19T19:42:35|2021-11-19T21:40:35|#|102Ah_25degC_0p5C_cell3|895|2021-11-20T00:35:57|2021-11-20T02:33:57,five recent strictly completed charge events; outer 5-cell fit; inner group selected
M4_wave_residual_v1,M4_wave_noT,102Ah_25degC_0p5C_cell3,29,925,2021-11-26T05:58:26,2021-11-26T05:28:17,93.69547123158033,95.56938065621195,93.49267869299165,0.8111701543547494,0.25,102Ah_25degC_0p5C_cell3|921|2021-11-25T07:57:50|2021-11-25T09:55:20|#|102Ah_25degC_0p5C_cell3|922|2021-11-25T12:50:57|2021-11-25T14:48:27|#|102Ah_25degC_0p5C_cell3|923|2021-11-25T17:44:04|2021-11-25T19:41:33|#|102Ah_25degC_0p5C_cell3|924|2021-11-25T22:37:10|2021-11-26T00:35:10|#|102Ah_25degC_0p5C_cell3|925|2021-11-26T03:30:18|2021-11-26T05:28:17,five recent strictly completed charge events; outer 5-cell fit; inner group selected
M4_wave_residual_v1,M4_wave_noT,102Ah_25degC_0p5C_cell3,30,956,2021-12-02T13:21:55,2021-12-02T12:51:36,93.57625857005505,95.44778374145615,93.37002359591924,0.824939896543235,0.25,102Ah_25degC_0p5C_cell3|952|2021-12-01T15:22:48|2021-12-01T17:20:17|#|102Ah_25degC_0p5C_cell3|953|2021-12-01T20:15:39|2021-12-01T22:13:09|#|102Ah_25degC_0p5C_cell3|954|2021-12-02T01:08:27|2021-12-02T03:05:57|#|102Ah_25degC_0p5C_cell3|955|2021-12-02T06:01:16|2021-12-02T07:58:46|#|102Ah_25degC_0p5C_cell3|956|2021-12-02T10:54:06|2021-12-02T12:51:36,five recent strictly completed charge events; outer 5-cell fit; inner group selected
M4_wave_residual_v1,M4_wave_T,102Ah_25degC_0p5C_cell3,1,52,2021-05-11T17:22:01,2021-05-11T16:51:47,99.84244106033371,101.8392898815404,99.64787553595188,1.9456552438182728,0.1,102Ah_25degC_0p5C_cell3|42|2021-05-09T16:34:22|2021-05-09T18:38:22|#|102Ah_25degC_0p5C_cell3|48|2021-05-10T23:23:16|2021-05-11T01:27:44|#|102Ah_25degC_0p5C_cell3|49|2021-05-11T04:31:20|2021-05-11T06:35:50|#|102Ah_25degC_0p5C_cell3|50|2021-05-11T09:39:21|2021-05-11T11:43:51|#|102Ah_25degC_0p5C_cell3|51|2021-05-11T14:47:47|2021-05-11T16:51:47,five recent strictly completed charge events; outer 5-cell fit; inner group selected
M4_wave_residual_v1,M4_wave_T,102Ah_25degC_0p5C_cell3,2,83,2021-05-18T08:01:30,2021-05-12T03:07:26,99.26916050355192,101.25454371362295,99.04324539358872,2.2591510996320197,0.1,102Ah_25degC_0p5C_cell3|49|2021-05-11T04:31:20|2021-05-11T06:35:50|#|102Ah_25degC_0p5C_cell3|50|2021-05-11T09:39:21|2021-05-11T11:43:51|#|102Ah_25degC_0p5C_cell3|51|2021-05-11T14:47:47|2021-05-11T16:51:47|#|102Ah_25degC_0p5C_cell3|52|2021-05-11T19:55:07|2021-05-11T21:59:37|#|102Ah_25degC_0p5C_cell3|53|2021-05-12T01:02:56|2021-05-12T03:07:26,five recent strictly completed charge events; outer 5-cell fit; inner group selected
M4_wave_residual_v1,M4_wave_T,102Ah_25degC_0p5C_cell3,3,113,2021-05-24T17:30:05,2021-05-12T03:07:26,98.85204947819516,100.82909046775904,98.58588361265778,2.6616586553736976,0.1,102Ah_25degC_0p5C_cell3|49|2021-05-11T04:31:20|2021-05-11T06:35:50|#|102Ah_25degC_0p5C_cell3|50|2021-05-11T09:39:21|2021-05-11T11:43:51|#|102Ah_25degC_0p5C_cell3|51|2021-05-11T14:47:47|2021-05-11T16:51:47|#|102Ah_25degC_0p5C_cell3|52|2021-05-11T19:55:07|2021-05-11T21:59:37|#|102Ah_25degC_0p5C_cell3|53|2021-05-12T01:02:56|2021-05-12T03:07:26,five recent strictly completed charge events; outer 5-cell fit; inner group selected
M4_wave_residual_v1,M4_wave_T,102Ah_25degC_0p5C_cell3,4,144,2021-05-31T06:58:36,2021-05-12T03:07:26,98.49653299874089,100.46646365871571,98.18905264314064,3.074803556002426,0.1,102Ah_25degC_0p5C_cell3|49|2021-05-11T04:31:20|2021-05-11T06:35:50|#|102Ah_25degC_0p5C_cell3|50|2021-05-11T09:39:21|2021-05-11T11:43:51|#|102Ah_25degC_0p5C_cell3|51|2021-05-11T14:47:47|2021-05-11T16:51:47|#|102Ah_25degC_0p5C_cell3|52|2021-05-11T19:55:07|2021-05-11T21:59:37|#|102Ah_25degC_0p5C_cell3|53|2021-05-12T01:02:56|2021-05-12T03:07:26,five recent strictly completed charge events; outer 5-cell fit; inner group selected
M4_wave_residual_v1,M4_wave_T,102Ah_25degC_0p5C_cell3,5,175,2021-06-06T20:02:14,2021-05-12T03:07:26,98.19198594067606,100.15582565948958,97.84328821134169,3.486977293343763,0.1,102Ah_25degC_0p5C_cell3|49|2021-05-11T04:31:20|2021-05-11T06:35:50|#|102Ah_25degC_0p5C_cell3|50|2021-05-11T09:39:21|2021-05-11T11:43:51|#|102Ah_25degC_0p5C_cell3|51|2021-05-11T14:47:47|2021-05-11T16:51:47|#|102Ah_25degC_0p5C_cell3|52|2021-05-11T19:55:07|2021-05-11T21:59:37|#|102Ah_25degC_0p5C_cell3|53|2021-05-12T01:02:56|2021-05-12T03:07:26,five recent strictly completed charge events; outer 5-cell fit; inner group selected
M4_wave_residual_v1,M4_wave_T,102Ah_25degC_0p5C_cell3,6,207,2021-06-19T22:23:53,2021-06-19T21:53:42,97.71990261904307,99.67430067142394,97.52469382091016,1.9520879813291085,0.1,102Ah_25degC_0p5C_cell3|200|2021-06-18T18:39:55|2021-06-18T20:41:55|#|102Ah_25degC_0p5C_cell3|203|2021-06-19T04:44:58|2021-06-19T06:46:28|#|102Ah_25degC_0p5C_cell3|204|2021-06-19T09:47:21|2021-06-19T11:48:51|#|102Ah_25degC_0p5C_cell3|205|2021-06-19T14:49:47|2021-06-19T16:51:17|#|102Ah_25degC_0p5C_cell3|206|2021-06-19T19:51:42|2021-06-19T21:53:42,five recent strictly completed charge events; outer 5-cell fit; inner group selected
M4_wave_residual_v1,M4_wave_T,102Ah_25degC_0p5C_cell3,7,238,2021-06-26T10:32:34,2021-06-26T10:02:30,97.4710582566773,99.42047942181084,97.2441523888255,2.269058678517924,0.1,102Ah_25degC_0p5C_cell3|233|2021-06-25T11:52:59|2021-06-25T13:54:29|#|102Ah_25degC_0p5C_cell3|234|2021-06-25T16:54:36|2021-06-25T18:56:36|#|102Ah_25degC_0p5C_cell3|235|2021-06-25T21:57:05|2021-06-25T23:58:35|#|102Ah_25degC_0p5C_cell3|236|2021-06-26T02:59:03|2021-06-26T05:00:33|#|102Ah_25degC_0p5C_cell3|237|2021-06-26T08:01:01|2021-06-26T10:02:30,five recent strictly completed charge events; outer 5-cell fit; inner group selected
M4_wave_residual_v1,M4_wave_T,102Ah_25degC_0p5C_cell3,8,271,2021-07-03T08:25:58,2021-07-03T07:55:43,97.16643942190356,99.10976821034163,96.96933379574676,1.9710562615680445,0.1,102Ah_25degC_0p5C_cell3|266|2021-07-02T09:48:54|2021-07-02T11:50:24|#|102Ah_25degC_0p5C_cell3|267|2021-07-02T14:50:47|2021-07-02T16:51:47|#|102Ah_25degC_0p5C_cell3|268|2021-07-02T19:52:06|2021-07-02T21:53:06|#|102Ah_25degC_0p5C_cell3|269|2021-07-03T00:52:55|2021-07-03T02:54:25|#|102Ah_25degC_0p5C_cell3|270|2021-07-03T05:54:13|2021-07-03T07:55:43,five recent strictly completed charge events; outer 5-cell fit; inner group selected
M4_wave_residual_v1,M4_wave_T,102Ah_25degC_0p5C_cell3,9,301,2021-07-10T00:58:04,2021-07-10T00:28:02,96.92817012183274,98.86673352426938,96.72929860338844,1.9887151844429127,0.1,102Ah_25degC_0p5C_cell3|297|2021-07-08T21:23:06|2021-07-08T23:24:06|#|102Ah_25degC_0p5C_cell3|298|2021-07-09T02:23:25|2021-07-09T04:24:54|#|102Ah_25degC_0p5C_cell3|299|2021-07-09T07:24:13|2021-07-09T09:25:42|#|102Ah_25degC_0p5C_cell3|300|2021-07-09T12:25:30|2021-07-09T14:26:30|#|102Ah_25degC_0p5C_cell3|301|2021-07-09T22:26:32|2021-07-10T00:28:02,five recent strictly completed charge events; outer 5-cell fit; inner group selected
M4_wave_residual_v1,M4_wave_T,102Ah_25degC_0p5C_cell3,10,334,2021-07-16T12:47:14,2021-07-16T12:16:57,96.69405209294791,98.62793313480688,96.49676134411222,1.97290748835698,0.1,102Ah_25degC_0p5C_cell3|329|2021-07-15T13:40:25|2021-07-15T15:41:25|#|102Ah_25degC_0p5C_cell3|330|2021-07-15T19:15:09|2021-07-15T21:16:09|#|102Ah_25degC_0p5C_cell3|331|2021-07-16T00:15:27|2021-07-16T02:16:27|#|102Ah_25degC_0p5C_cell3|332|2021-07-16T05:16:12|2021-07-16T07:16:42|#|102Ah_25degC_0p5C_cell3|333|2021-07-16T10:15:57|2021-07-16T12:16:57,five recent strictly completed charge events; outer 5-cell fit; inner group selected
M4_wave_residual_v1,M4_wave_T,102Ah_25degC_0p5C_cell3,11,364,2021-07-22T18:46:34,2021-07-22T18:16:32,96.4865428959092,98.41627375382737,96.2906744851858,1.9586841072339485,0.1,102Ah_25degC_0p5C_cell3|359|2021-07-21T20:16:27|2021-07-21T22:17:28|#|102Ah_25degC_0p5C_cell3|360|2021-07-22T01:16:44|2021-07-22T03:17:14|#|102Ah_25degC_0p5C_cell3|361|2021-07-22T06:16:02|2021-07-22T08:17:01|#|102Ah_25degC_0p5C_cell3|362|2021-07-22T11:16:18|2021-07-22T13:16:48|#|102Ah_25degC_0p5C_cell3|363|2021-07-22T16:15:33|2021-07-22T18:16:32,five recent strictly completed charge events; outer 5-cell fit; inner group selected
M4_wave_residual_v1,M4_wave_T,102Ah_25degC_0p5C_cell3,12,395,2021-07-29T05:31:58,2021-07-29T05:01:39,96.28760385898553,98.21335593616524,96.0881345437181,1.9946931526743126,0.1,102Ah_25degC_0p5C_cell3|390|2021-07-28T07:03:50|2021-07-28T09:04:19|#|102Ah_25degC_0p5C_cell3|391|2021-07-28T12:03:43|2021-07-28T14:03:43|#|102Ah_25degC_0p5C_cell3|392|2021-07-28T17:03:03|2021-07-28T19:03:03|#|102Ah_25degC_0p5C_cell3|393|2021-07-28T22:02:21|2021-07-29T00:02:21|#|102Ah_25degC_0p5C_cell3|394|2021-07-29T03:01:39|2021-07-29T05:01:39,five recent strictly completed charge events; outer 5-cell fit; inner group selected
M4_wave_residual_v1,M4_wave_T,102Ah_25degC_0p5C_cell3,13,425,2021-08-04T11:04:07,2021-08-04T10:33:59,96.12639615843202,98.04892408160066,95.90092547372863,2.2547068470337814,0.1,102Ah_25degC_0p5C_cell3|420|2021-08-03T12:38:00|2021-08-03T14:38:30|#|102Ah_25degC_0p5C_cell3|421|2021-08-03T17:36:55|2021-08-03T19:37:24|#|102Ah_25degC_0p5C_cell3|422|2021-08-03T22:36:16|2021-08-04T00:36:16|#|102Ah_25degC_0p5C_cell3|423|2021-08-04T03:35:08|2021-08-04T05:35:08|#|102Ah_25degC_0p5C_cell3|424|2021-08-04T08:33:30|2021-08-04T10:33:59,five recent strictly completed charge events; outer 5-cell fit; inner group selected
M4_wave_residual_v1,M4_wave_T,102Ah_25degC_0p5C_cell3,14,456,2021-08-10T21:22:47,2021-08-10T20:52:19,95.9448138556309,97.8637101327435,95.7154758853244,2.2933797030650283,0.1,102Ah_25degC_0p5C_cell3|451|2021-08-09T22:58:19|2021-08-10T00:58:18|#|102Ah_25degC_0p5C_cell3|452|2021-08-10T03:56:49|2021-08-10T05:56:49|#|102Ah_25degC_0p5C_cell3|453|2021-08-10T08:55:20|2021-08-10T10:55:19|#|102Ah_25degC_0p5C_cell3|454|2021-08-10T13:54:19|2021-08-10T15:53:49|#|102Ah_25degC_0p5C_cell3|455|2021-08-10T18:52:19|2021-08-10T20:52:19,five recent strictly completed charge events; outer 5-cell fit; inner group selected
M4_wave_residual_v1,M4_wave_T,102Ah_25degC_0p5C_cell3,15,487,2021-08-17T07:29:16,2021-08-17T06:58:58,95.73671723299711,97.65145157765704,95.5372427428478,1.9947449014930794,0.1,102Ah_25degC_0p5C_cell3|482|2021-08-16T09:06:34|2021-08-16T11:06:34|#|102Ah_25degC_0p5C_cell3|483|2021-08-16T14:04:42|2021-08-16T16:04:42|#|102Ah_25degC_0p5C_cell3|484|2021-08-16T19:03:20|2021-08-16T21:02:50|#|102Ah_25degC_0p5C_cell3|485|2021-08-17T00:01:24|2021-08-17T02:00:54|#|102Ah_25degC_0p5C_cell3|486|2021-08-17T04:58:58|2021-08-17T06:58:58,five recent strictly completed charge events; outer 5-cell fit; inner group selected
M4_wave_residual_v1,M4_wave_T,102Ah_25degC_0p5C_cell3,16,519,2021-08-25T00:27:25,2021-08-24T23:57:16,95.5605783412171,97.47178990804143,95.36001130496872,2.0056703624837837,0.1,102Ah_25degC_0p5C_cell3|514|2021-08-24T02:05:33|2021-08-24T04:05:33|#|102Ah_25degC_0p5C_cell3|515|2021-08-24T07:03:28|2021-08-24T09:03:27|#|102Ah_25degC_0p5C_cell3|516|2021-08-24T12:01:55|2021-08-24T14:01:25|#|102Ah_25degC_0p5C_cell3|517|2021-08-24T16:59:20|2021-08-24T18:59:20|#|102Ah_25degC_0p5C_cell3|518|2021-08-24T21:57:46|2021-08-24T23:57:16,five recent strictly completed charge events; outer 5-cell fit; inner group selected
M4_wave_residual_v1,M4_wave_T,102Ah_25degC_0p5C_cell3,17,552,2021-08-31T20:06:40,2021-08-31T19:36:16,95.37860263320394,97.28617468586803,95.183676405263,1.9492622794094379,0.1,102Ah_25degC_0p5C_cell3|547|2021-08-30T21:47:18|2021-08-30T23:46:48|#|102Ah_25degC_0p5C_cell3|548|2021-08-31T02:44:39|2021-08-31T04:44:09|#|102Ah_25degC_0p5C_cell3|549|2021-08-31T07:42:32|2021-08-31T09:41:31|#|102Ah_25degC_0p5C_cell3|550|2021-08-31T12:39:55|2021-08-31T14:38:55|#|102Ah_25degC_0p5C_cell3|551|2021-08-31T17:37:16|2021-08-31T19:36:16,five recent strictly completed charge events; outer 5-cell fit; inner group selected
M4_wave_residual_v1,M4_wave_T,102Ah_25degC_0p5C_cell3,18,583,2021-09-07T05:37:17,2021-09-07T05:07:06,95.21743605484323,97.1217847759401,95.0233919588113,1.9404409603193458,0.1,102Ah_25degC_0p5C_cell3|578|2021-09-06T07:19:51|2021-09-06T09:19:20|#|102Ah_25degC_0p5C_cell3|579|2021-09-06T12:17:20|2021-09-06T14:16:20|#|102Ah_25degC_0p5C_cell3|580|2021-09-06T17:13:48|2021-09-06T19:13:17|#|102Ah_25degC_0p5C_cell3|581|2021-09-06T22:11:13|2021-09-07T00:10:12|#|102Ah_25degC_0p5C_cell3|582|2021-09-07T03:08:06|2021-09-07T05:07:06,five recent strictly completed charge events; outer 5-cell fit; inner group selected
M4_wave_residual_v1,M4_wave_T,102Ah_25degC_0p5C_cell3,19,613,2021-09-13T09:58:17,2021-09-13T09:28:14,95.09338191810838,96.99524955647055,94.87276825587507,2.2061366223330263,0.1,102Ah_25degC_0p5C_cell3|608|2021-09-12T11:43:00|2021-09-12T13:42:00|#|102Ah_25degC_0p5C_cell3|609|2021-09-12T16:39:34|2021-09-12T18:38:33|#|102Ah_25degC_0p5C_cell3|610|2021-09-12T21:35:38|2021-09-12T23:35:08|#|102Ah_25degC_0p5C_cell3|611|2021-09-13T02:32:40|2021-09-13T04:31:40|#|102Ah_25degC_0p5C_cell3|612|2021-09-13T07:29:14|2021-09-13T09:28:14,five recent strictly completed charge events; outer 5-cell fit; inner group selected
M4_wave_residual_v1,M4_wave_T,102Ah_25degC_0p5C_cell3,20,646,2021-09-20T04:57:08,2021-09-20T04:26:48,94.90363975511215,96.8017125502144,94.7117338685996,1.9190588651255367,0.1,102Ah_25degC_0p5C_cell3|641|2021-09-19T06:43:39|2021-09-19T08:42:09|#|102Ah_25degC_0p5C_cell3|642|2021-09-19T11:39:49|2021-09-19T13:38:19|#|102Ah_25degC_0p5C_cell3|643|2021-09-19T16:35:59|2021-09-19T18:34:29|#|102Ah_25degC_0p5C_cell3|644|2021-09-19T21:31:39|2021-09-19T23:30:39|#|102Ah_25degC_0p5C_cell3|645|2021-09-20T02:27:48|2021-09-20T04:26:48,five recent strictly completed charge events; outer 5-cell fit; inner group selected
M4_wave_residual_v1,M4_wave_T,102Ah_25degC_0p5C_cell3,21,676,2021-09-26T08:55:00,2021-09-26T08:24:52,94.78826231390534,96.68402756018344,94.56921371607584,2.190485978294925,0.1,102Ah_25degC_0p5C_cell3|671|2021-09-25T10:42:47|2021-09-25T12:41:46|#|102Ah_25degC_0p5C_cell3|672|2021-09-25T15:38:33|2021-09-25T17:37:32|#|102Ah_25degC_0p5C_cell3|673|2021-09-25T20:34:50|2021-09-25T22:33:20|#|102Ah_25degC_0p5C_cell3|674|2021-09-26T01:30:06|2021-09-26T03:29:05|#|102Ah_25degC_0p5C_cell3|675|2021-09-26T06:25:52|2021-09-26T08:24:52,five recent strictly completed charge events; outer 5-cell fit; inner group selected
M4_wave_residual_v1,M4_wave_T,102Ah_25degC_0p5C_cell3,22,709,2021-10-11T10:42:23,2021-10-11T10:12:00,94.60902122906694,96.50120165364828,94.41635002588346,1.9267120318347706,0.1,102Ah_25degC_0p5C_cell3|704|2021-10-10T12:33:04|2021-10-10T14:31:04|#|102Ah_25degC_0p5C_cell3|705|2021-10-10T17:27:51|2021-10-10T19:26:20|#|102Ah_25degC_0p5C_cell3|706|2021-10-10T22:23:04|2021-10-11T00:21:33|#|102Ah_25degC_0p5C_cell3|707|2021-10-11T03:18:18|2021-10-11T05:16:48|#|102Ah_25degC_0p5C_cell3|708|2021-10-11T08:13:30|2021-10-11T10:12:00,five recent strictly completed charge events; outer 5-cell fit; inner group selected
M4_wave_residual_v1,M4_wave_T,102Ah_25degC_0p5C_cell3,23,739,2021-10-17T14:13:00,2021-10-17T13:42:44,94.4762529188529,96.36577797722995,94.28066039718318,1.9559252166970558,0.1,102Ah_25degC_0p5C_cell3|734|2021-10-16T16:04:32|2021-10-16T18:03:01|#|102Ah_25degC_0p5C_cell3|735|2021-10-16T20:59:27|2021-10-16T22:57:57|#|102Ah_25degC_0p5C_cell3|736|2021-10-17T01:54:23|2021-10-17T03:52:52|#|102Ah_25degC_0p5C_cell3|737|2021-10-17T06:49:19|2021-10-17T08:47:49|#|102Ah_25degC_0p5C_cell3|738|2021-10-17T11:44:15|2021-10-17T13:42:44,five recent strictly completed charge events; outer 5-cell fit; inner group selected
M4_wave_residual_v1,M4_wave_T,102Ah_25degC_0p5C_cell3,24,770,2021-10-23T22:32:09,2021-10-23T22:01:53,94.33941189567763,96.22620013359118,94.14347804791537,1.9593384776226765,0.1,102Ah_25degC_0p5C_cell3|765|2021-10-23T00:24:35|2021-10-23T02:23:05|#|102Ah_25degC_0p5C_cell3|766|2021-10-23T05:19:18|2021-10-23T07:17:48|#|102Ah_25degC_0p5C_cell3|767|2021-10-23T10:14:01|2021-10-23T12:12:31|#|102Ah_25degC_0p5C_cell3|768|2021-10-23T15:08:43|2021-10-23T17:07:13|#|102Ah_25degC_0p5C_cell3|769|2021-10-23T20:03:53|2021-10-23T22:01:53,five recent strictly completed charge events; outer 5-cell fit; inner group selected
M4_wave_residual_v1,M4_wave_T,102Ah_25degC_0p5C_cell3,25,803,2021-10-30T16:30:33,2021-10-30T16:00:27,94.19377702559052,96.07765256610233,94.00058105230326,1.931959732872529,0.1,102Ah_25degC_0p5C_cell3|796|2021-10-29T13:30:10|2021-10-29T15:28:40|#|102Ah_25degC_0p5C_cell3|799|2021-10-29T23:18:52|2021-10-30T01:17:22|#|102Ah_25degC_0p5C_cell3|800|2021-10-30T04:13:15|2021-10-30T06:11:45|#|102Ah_25degC_0p5C_cell3|801|2021-10-30T09:08:05|2021-10-30T11:06:05|#|102Ah_25degC_0p5C_cell3|802|2021-10-30T14:02:27|2021-10-30T16:00:27,five recent strictly completed charge events; outer 5-cell fit; inner group selected
M4_wave_residual_v1,M4_wave_T,102Ah_25degC_0p5C_cell3,26,833,2021-11-07T11:35:58,2021-11-07T11:05:40,94.09078982094111,95.97260561735993,93.86907773427748,2.217120866636286,0.1,102Ah_25degC_0p5C_cell3|829|2021-11-06T13:31:28|2021-11-06T15:29:28|#|102Ah_25degC_0p5C_cell3|830|2021-11-06T18:25:33|2021-11-06T20:23:33|#|102Ah_25degC_0p5C_cell3|831|2021-11-06T23:19:38|2021-11-07T01:17:37|#|102Ah_25degC_0p5C_cell3|832|2021-11-07T04:13:40|2021-11-07T06:11:40|#|102Ah_25degC_0p5C_cell3|833|2021-11-07T09:07:40|2021-11-07T11:05:40,five recent strictly completed charge events; outer 5-cell fit; inner group selected
M4_wave_residual_v1,M4_wave_T,102Ah_25degC_0p5C_cell3,27,864,2021-11-13T19:25:01,2021-11-13T18:54:53,93.96342901276094,95.84269759301617,93.7400361757953,2.2339283696564394,0.1,102Ah_25degC_0p5C_cell3|860|2021-11-12T21:22:06|2021-11-12T23:20:06|#|102Ah_25degC_0p5C_cell3|861|2021-11-13T02:15:49|2021-11-13T04:13:49|#|102Ah_25degC_0p5C_cell3|862|2021-11-13T07:09:32|2021-11-13T09:07:31|#|102Ah_25degC_0p5C_cell3|863|2021-11-13T12:03:13|2021-11-13T14:01:13|#|102Ah_25degC_0p5C_cell3|864|2021-11-13T16:56:53|2021-11-13T18:54:53,five recent strictly completed charge events; outer 5-cell fit; inner group selected
M4_wave_residual_v1,M4_wave_T,102Ah_25degC_0p5C_cell3,28,895,2021-11-20T03:03:59,2021-11-20T02:33:57,93.80704525244411,95.683186157493,93.6132910326527,1.9375421979141882,0.1,102Ah_25degC_0p5C_cell3|891|2021-11-19T05:02:23|2021-11-19T07:00:22|#|102Ah_25degC_0p5C_cell3|892|2021-11-19T09:55:48|2021-11-19T11:53:48|#|102Ah_25degC_0p5C_cell3|893|2021-11-19T14:49:13|2021-11-19T16:47:13|#|102Ah_25degC_0p5C_cell3|894|2021-11-19T19:42:35|2021-11-19T21:40:35|#|102Ah_25degC_0p5C_cell3|895|2021-11-20T00:35:57|2021-11-20T02:33:57,five recent strictly completed charge events; outer 5-cell fit; inner group selected
M4_wave_residual_v1,M4_wave_T,102Ah_25degC_0p5C_cell3,29,925,2021-11-26T05:58:26,2021-11-26T05:28:17,93.68840561646827,95.56217372879765,93.49267869299165,1.9572692347662928,0.1,102Ah_25degC_0p5C_cell3|921|2021-11-25T07:57:50|2021-11-25T09:55:20|#|102Ah_25degC_0p5C_cell3|922|2021-11-25T12:50:57|2021-11-25T14:48:27|#|102Ah_25degC_0p5C_cell3|923|2021-11-25T17:44:04|2021-11-25T19:41:33|#|102Ah_25degC_0p5C_cell3|924|2021-11-25T22:37:10|2021-11-26T00:35:10|#|102Ah_25degC_0p5C_cell3|925|2021-11-26T03:30:18|2021-11-26T05:28:17,five recent strictly completed charge events; outer 5-cell fit; inner group selected
M4_wave_residual_v1,M4_wave_T,102Ah_25degC_0p5C_cell3,30,956,2021-12-02T13:21:55,2021-12-02T12:51:36,93.59521075544663,95.46711497055556,93.37002359591924,2.251871595273991,0.1,102Ah_25degC_0p5C_cell3|952|2021-12-01T15:22:48|2021-12-01T17:20:17|#|102Ah_25degC_0p5C_cell3|953|2021-12-01T20:15:39|2021-12-01T22:13:09|#|102Ah_25degC_0p5C_cell3|954|2021-12-02T01:08:27|2021-12-02T03:05:57|#|102Ah_25degC_0p5C_cell3|955|2021-12-02T06:01:16|2021-12-02T07:58:46|#|102Ah_25degC_0p5C_cell3|956|2021-12-02T10:54:06|2021-12-02T12:51:36,five recent strictly completed charge events; outer 5-cell fit; inner group selected
M4_wave_residual_v1,M4_wave_noT,102Ah_25degC_1C_cell3,1,212,2021-05-27T18:36:23,2021-05-27T18:06:22,98.07151878324778,100.03294915891274,97.97328343639732,0.1964706937009154,0.5,102Ah_25degC_1C_cell3|207|2021-05-27T04:55:17|2021-05-27T05:57:17|#|102Ah_25degC_1C_cell3|208|2021-05-27T07:58:04|2021-05-27T08:59:34|#|102Ah_25degC_1C_cell3|209|2021-05-27T11:00:21|2021-05-27T12:01:51|#|102Ah_25degC_1C_cell3|210|2021-05-27T14:02:36|2021-05-27T15:04:06|#|102Ah_25degC_1C_cell3|211|2021-05-27T17:04:22|2021-05-27T18:06:22,five recent strictly completed charge events; outer 5-cell fit; inner group selected
M4_wave_residual_v1,M4_wave_noT,102Ah_25degC_1C_cell3,2,341,2021-06-13T01:12:36,2021-06-13T00:42:32,97.02540092228564,98.96590894073135,96.96329027017292,0.1242213042254442,0.5,102Ah_25degC_1C_cell3|336|2021-06-12T11:36:33|2021-06-12T12:38:03|#|102Ah_25degC_1C_cell3|337|2021-06-12T14:37:42|2021-06-12T15:39:12|#|102Ah_25degC_1C_cell3|338|2021-06-12T17:39:19|2021-06-12T18:40:19|#|102Ah_25degC_1C_cell3|339|2021-06-12T20:39:55|2021-06-12T21:41:25|#|102Ah_25degC_1C_cell3|340|2021-06-12T23:41:02|2021-06-13T00:42:32,five recent strictly completed charge events; outer 5-cell fit; inner group selected
M4_wave_residual_v1,M4_wave_noT,102Ah_25degC_1C_cell3,3,469,2021-07-01T07:28:39,2021-07-01T06:58:25,96.05975821091114,97.98095337512936,96.17011042754822,-0.220704433274157,0.5,102Ah_25degC_1C_cell3|464|2021-06-30T17:56:52|2021-06-30T18:57:21|#|102Ah_25degC_1C_cell3|465|2021-06-30T20:56:39|2021-06-30T21:57:39|#|102Ah_25degC_1C_cell3|466|2021-06-30T23:57:25|2021-07-01T00:57:55|#|102Ah_25degC_1C_cell3|467|2021-07-01T02:57:39|2021-07-01T03:58:09|#|102Ah_25degC_1C_cell3|468|2021-07-01T05:57:55|2021-07-01T06:58:25,five recent strictly completed charge events; outer 5-cell fit; inner group selected
M4_wave_residual_v1,M4_wave_noT,102Ah_25degC_1C_cell3,4,606,2021-07-19T02:48:05,2021-07-19T02:17:39,95.28903593954753,97.19481665833848,95.45006525792866,-0.32205863676224555,0.5,102Ah_25degC_1C_cell3|601|2021-07-18T13:19:38|2021-07-18T14:19:38|#|102Ah_25degC_1C_cell3|602|2021-07-18T16:19:09|2021-07-18T17:19:09|#|102Ah_25degC_1C_cell3|603|2021-07-18T19:18:09|2021-07-18T20:18:39|#|102Ah_25degC_1C_cell3|604|2021-07-18T22:18:08|2021-07-18T23:18:08|#|102Ah_25degC_1C_cell3|605|2021-07-19T01:17:09|2021-07-19T02:17:39,five recent strictly completed charge events; outer 5-cell fit; inner group selected
M4_wave_residual_v1,M4_wave_noT,102Ah_25degC_1C_cell3,5,735,2021-08-04T03:53:54,2021-08-04T03:23:50,94.76795862052107,96.66331779293148,94.8505989391597,-0.1652806372772374,0.5,102Ah_25degC_1C_cell3|730|2021-08-03T14:28:51|2021-08-03T15:28:51|#|102Ah_25degC_1C_cell3|731|2021-08-03T17:27:08|2021-08-03T18:27:38|#|102Ah_25degC_1C_cell3|732|2021-08-03T20:25:52|2021-08-03T21:26:22|#|102Ah_25degC_1C_cell3|733|2021-08-03T23:24:36|2021-08-04T00:25:05|#|102Ah_25degC_1C_cell3|734|2021-08-04T02:23:20|2021-08-04T03:23:50,five recent strictly completed charge events; outer 5-cell fit; inner group selected
M4_wave_residual_v1,M4_wave_noT,102Ah_25degC_1C_cell3,6,872,2021-08-21T03:18:21,2021-08-21T02:48:04,94.13368649735914,96.01636022730632,94.27170397412948,-0.2760349535406944,0.5,102Ah_25degC_1C_cell3|867|2021-08-20T13:56:21|2021-08-20T14:55:51|#|102Ah_25degC_1C_cell3|868|2021-08-20T16:53:56|2021-08-20T17:53:56|#|102Ah_25degC_1C_cell3|869|2021-08-20T19:51:58|2021-08-20T20:51:58|#|102Ah_25degC_1C_cell3|870|2021-08-20T22:50:00|2021-08-20T23:50:00|#|102Ah_25degC_1C_cell3|871|2021-08-21T01:48:34|2021-08-21T02:48:04,five recent strictly completed charge events; outer 5-cell fit; inner group selected
M4_wave_residual_v1,M4_wave_noT,102Ah_25degC_1C_cell3,7,1001,2021-09-06T14:55:28,2021-09-06T14:25:21,93.57814091619663,95.44970373452057,93.7626272446109,-0.3689726568285192,0.5,102Ah_25degC_1C_cell3|997|2021-09-05T15:04:58|2021-09-05T16:04:28|#|102Ah_25degC_1C_cell3|998|2021-09-05T18:01:54|2021-09-05T19:01:54|#|102Ah_25degC_1C_cell3|999|2021-09-05T20:59:51|2021-09-05T21:59:21|#|102Ah_25degC_1C_cell3|1000|2021-09-06T10:27:51|2021-09-06T11:27:51|#|102Ah_25degC_1C_cell3|1001|2021-09-06T13:25:21|2021-09-06T14:25:21,five recent strictly completed charge events; outer 5-cell fit; inner group selected
M4_wave_residual_v1,M4_wave_noT,102Ah_25degC_1C_cell3,8,1627,2021-12-04T04:44:50,2021-12-04T04:14:34,91.55608670414203,93.38720843822487,91.62019414565944,-0.12821488303481576,0.5,102Ah_25degC_1C_cell3|1623|2021-12-03T15:37:45|2021-12-03T16:36:15|#|102Ah_25degC_1C_cell3|1624|2021-12-03T18:32:20|2021-12-03T19:30:50|#|102Ah_25degC_1C_cell3|1625|2021-12-03T21:26:56|2021-12-03T22:25:26|#|102Ah_25degC_1C_cell3|1626|2021-12-04T00:21:30|2021-12-04T01:20:00|#|102Ah_25degC_1C_cell3|1627|2021-12-04T03:16:04|2021-12-04T04:14:34,five recent strictly completed charge events; outer 5-cell fit; inner group selected
M4_wave_residual_v1,M4_wave_noT,102Ah_25degC_1C_cell3,9,1756,2021-12-19T19:38:41,2021-12-19T19:08:26,91.21934370548173,93.04373057959137,91.21298122183175,0.012724967299970635,0.5,102Ah_25degC_1C_cell3|1752|2021-12-19T06:32:57|2021-12-19T07:31:26|#|102Ah_25degC_1C_cell3|1753|2021-12-19T09:27:11|2021-12-19T10:25:41|#|102Ah_25degC_1C_cell3|1754|2021-12-19T12:21:26|2021-12-19T13:19:56|#|102Ah_25degC_1C_cell3|1755|2021-12-19T15:15:42|2021-12-19T16:14:11|#|102Ah_25degC_1C_cell3|1756|2021-12-19T18:09:56|2021-12-19T19:08:26,five recent strictly completed charge events; outer 5-cell fit; inner group selected
M4_wave_residual_v1,M4_wave_noT,102Ah_25degC_1C_cell3,10,1885,2022-01-04T09:53:54,2022-01-04T09:23:41,90.91907038357965,92.73745179125125,90.81067915492378,0.2167824573117445,0.5,102Ah_25degC_1C_cell3|1881|2022-01-03T20:49:32|2022-01-03T21:48:02|#|102Ah_25degC_1C_cell3|1882|2022-01-03T23:43:26|2022-01-04T00:41:56|#|102Ah_25degC_1C_cell3|1883|2022-01-04T02:37:20|2022-01-04T03:35:50|#|102Ah_25degC_1C_cell3|1884|2022-01-04T05:31:16|2022-01-04T06:29:46|#|102Ah_25degC_1C_cell3|1885|2022-01-04T08:25:11|2022-01-04T09:23:41,five recent strictly completed charge events; outer 5-cell fit; inner group selected
M4_wave_residual_v1,M4_wave_noT,102Ah_25degC_1C_cell3,11,2495,2022-04-01T21:30:57,2022-04-01T21:00:56,89.20197622345786,90.98601574792701,88.90946598280543,0.5850204813048614,0.5,102Ah_25degC_1C_cell3|2491|2022-04-01T00:03:53|2022-04-01T01:00:53|#|102Ah_25degC_1C_cell3|2492|2022-04-01T02:55:15|2022-04-01T03:52:15|#|102Ah_25degC_1C_cell3|2493|2022-04-01T05:46:36|2022-04-01T06:43:36|#|102Ah_25degC_1C_cell3|2494|2022-04-01T08:37:57|2022-04-01T09:34:56|#|102Ah_25degC_1C_cell3|2495|2022-04-01T20:03:26|2022-04-01T21:00:56,five recent strictly completed charge events; outer 5-cell fit; inner group selected
M4_wave_residual_v1,M4_wave_noT,102Ah_25degC_1C_cell3,12,2632,2022-04-17T19:46:35,2022-04-17T19:16:14,88.85784757563066,90.63500452714327,88.46900597221908,0.7776832068231525,0.5,102Ah_25degC_1C_cell3|2628|2022-04-17T06:55:12|2022-04-17T07:52:12|#|102Ah_25degC_1C_cell3|2629|2022-04-17T09:46:12|2022-04-17T10:43:12|#|102Ah_25degC_1C_cell3|2630|2022-04-17T12:37:13|2022-04-17T13:34:13|#|102Ah_25degC_1C_cell3|2631|2022-04-17T15:28:13|2022-04-17T16:25:13|#|102Ah_25degC_1C_cell3|2632|2022-04-17T18:19:14|2022-04-17T19:16:14,five recent strictly completed charge events; outer 5-cell fit; inner group selected
M4_wave_residual_v1,M4_wave_noT,102Ah_25degC_1C_cell3,13,2767,2022-05-10T03:28:55,2022-05-10T02:58:36,88.50283887223829,90.27289564968305,88.02531540867106,0.9550469271344373,0.5,102Ah_25degC_1C_cell3|2763|2022-05-09T14:41:33|2022-05-09T15:38:03|#|102Ah_25degC_1C_cell3|2764|2022-05-09T17:31:42|2022-05-09T18:28:11|#|102Ah_25degC_1C_cell3|2765|2022-05-09T20:21:50|2022-05-09T21:18:20|#|102Ah_25degC_1C_cell3|2766|2022-05-09T23:11:58|2022-05-10T00:08:28|#|102Ah_25degC_1C_cell3|2767|2022-05-10T02:02:06|2022-05-10T02:58:36,five recent strictly completed charge events; outer 5-cell fit; inner group selected
M4_wave_residual_v1,M4_wave_noT,102Ah_25degC_1C_cell3,14,2899,2022-05-25T17:51:05,2022-05-25T17:20:38,88.16092675568206,89.92414529079569,87.58006031994792,1.161732871468283,0.5,102Ah_25degC_1C_cell3|2895|2022-05-25T05:04:19|2022-05-25T06:00:49|#|102Ah_25degC_1C_cell3|2896|2022-05-25T07:54:16|2022-05-25T08:50:46|#|102Ah_25degC_1C_cell3|2897|2022-05-25T10:44:12|2022-05-25T11:40:42|#|102Ah_25degC_1C_cell3|2898|2022-05-25T13:34:11|2022-05-25T14:30:41|#|102Ah_25degC_1C_cell3|2899|2022-05-25T16:24:08|2022-05-25T17:20:38,five recent strictly completed charge events; outer 5-cell fit; inner group selected
M4_wave_residual_v1,M4_wave_noT,102Ah_25degC_1C_cell3,15,3031,2022-06-14T13:14:53,2022-06-14T12:44:35,87.7811035285488,89.53672559911978,87.12137283294284,1.3194613912119193,0.5,102Ah_25degC_1C_cell3|3027|2022-06-14T00:30:08|2022-06-14T01:26:38|#|102Ah_25degC_1C_cell3|3028|2022-06-14T03:19:38|2022-06-14T04:16:08|#|102Ah_25degC_1C_cell3|3029|2022-06-14T06:09:07|2022-06-14T07:05:37|#|102Ah_25degC_1C_cell3|3030|2022-06-14T08:58:36|2022-06-14T09:55:05|#|102Ah_25degC_1C_cell3|3031|2022-06-14T11:48:05|2022-06-14T12:44:35,five recent strictly completed charge events; outer 5-cell fit; inner group selected
M4_wave_residual_v1,M4_wave_noT,102Ah_25degC_1C_cell3,16,3160,2022-06-29T17:10:02,2022-06-29T16:39:50,87.40411664730112,89.15219898024714,86.6580689141649,1.4920954662724486,0.5,102Ah_25degC_1C_cell3|3156|2022-06-29T04:26:55|2022-06-29T05:23:25|#|102Ah_25degC_1C_cell3|3157|2022-06-29T07:16:01|2022-06-29T08:12:30|#|102Ah_25degC_1C_cell3|3158|2022-06-29T10:05:07|2022-06-29T11:01:37|#|102Ah_25degC_1C_cell3|3159|2022-06-29T12:54:13|2022-06-29T13:50:43|#|102Ah_25degC_1C_cell3|3160|2022-06-29T15:43:20|2022-06-29T16:39:50,five recent strictly completed charge events; outer 5-cell fit; inner group selected
M4_wave_residual_v1,M4_wave_noT,102Ah_25degC_1C_cell3,17,3313,2022-07-17T17:39:56,2022-07-17T17:09:36,87.03300885728432,88.77366903443,86.08648453228193,1.8930486500047603,0.5,102Ah_25degC_1C_cell3|3309|2022-07-17T04:59:47|2022-07-17T05:55:47|#|102Ah_25degC_1C_cell3|3310|2022-07-17T07:48:15|2022-07-17T08:44:14|#|102Ah_25degC_1C_cell3|3311|2022-07-17T10:36:42|2022-07-17T11:32:41|#|102Ah_25degC_1C_cell3|3312|2022-07-17T13:25:09|2022-07-17T14:21:09|#|102Ah_25degC_1C_cell3|3313|2022-07-17T16:13:36|2022-07-17T17:09:36,five recent strictly completed charge events; outer 5-cell fit; inner group selected
M4_wave_residual_v1,M4_wave_noT,102Ah_25degC_1C_cell3,18,3445,2022-08-02T03:49:32,2022-08-02T03:19:21,86.57276723874493,88.30422258351982,85.57165437509303,2.002225727303782,0.5,102Ah_25degC_1C_cell3|3441|2022-08-01T15:11:25|2022-08-01T16:07:25|#|102Ah_25degC_1C_cell3|3442|2022-08-01T17:59:26|2022-08-01T18:55:25|#|102Ah_25degC_1C_cell3|3443|2022-08-01T20:47:25|2022-08-01T21:43:25|#|102Ah_25degC_1C_cell3|3444|2022-08-01T23:35:24|2022-08-02T00:31:24|#|102Ah_25degC_1C_cell3|3445|2022-08-02T02:23:21|2022-08-02T03:19:21,five recent strictly completed charge events; outer 5-cell fit; inner group selected
M4_wave_residual_v1,M4_wave_noT,102Ah_25degC_1C_cell3,19,3586,2022-08-21T01:18:41,2022-08-21T00:48:31,86.15232081949468,87.87536723588457,84.99700098706661,2.310639664856121,0.5,102Ah_25degC_1C_cell3|3582|2022-08-20T12:42:18|2022-08-20T13:38:18|#|102Ah_25degC_1C_cell3|3583|2022-08-20T15:29:48|2022-08-20T16:25:48|#|102Ah_25degC_1C_cell3|3584|2022-08-20T18:17:20|2022-08-20T19:13:20|#|102Ah_25degC_1C_cell3|3585|2022-08-20T21:04:56|2022-08-20T22:00:56|#|102Ah_25degC_1C_cell3|3586|2022-08-20T23:52:32|2022-08-21T00:48:31,five recent strictly completed charge events; outer 5-cell fit; inner group selected
M4_wave_residual_v1,M4_wave_noT,102Ah_25degC_1C_cell3,20,3717,2022-09-05T06:13:28,2022-09-05T05:43:11,85.69544129119639,87.40935011702031,84.43810618956738,2.514670203258026,0.5,102Ah_25degC_1C_cell3|3713|2022-09-04T17:40:26|2022-09-04T18:35:56|#|102Ah_25degC_1C_cell3|3714|2022-09-04T20:27:14|2022-09-04T21:22:43|#|102Ah_25degC_1C_cell3|3715|2022-09-04T23:14:01|2022-09-05T00:09:30|#|102Ah_25degC_1C_cell3|3716|2022-09-05T02:00:50|2022-09-05T02:56:20|#|102Ah_25degC_1C_cell3|3717|2022-09-05T04:47:41|2022-09-05T05:43:11,five recent strictly completed charge events; outer 5-cell fit; inner group selected
M4_wave_residual_v1,M4_wave_noT,102Ah_25degC_1C_cell3,21,3852,2022-09-20T20:37:08,2022-09-20T20:06:44,85.18974146141557,86.89353629064388,83.83496637355732,2.7095501757164775,0.5,102Ah_25degC_1C_cell3|3848|2022-09-20T08:07:12|2022-09-20T09:02:12|#|102Ah_25degC_1C_cell3|3849|2022-09-20T10:53:19|2022-09-20T11:48:19|#|102Ah_25degC_1C_cell3|3850|2022-09-20T13:39:28|2022-09-20T14:34:28|#|102Ah_25degC_1C_cell3|3851|2022-09-20T16:25:36|2022-09-20T17:20:36|#|102Ah_25degC_1C_cell3|3852|2022-09-20T19:11:44|2022-09-20T20:06:44,five recent strictly completed charge events; outer 5-cell fit; inner group selected
M4_wave_residual_v1,M4_wave_noT,102Ah_25degC_1C_cell3,22,3987,2022-10-15T12:13:17,2022-10-15T11:43:09,84.62545121725474,86.31796024159983,83.20247581155739,2.8459508113946947,0.5,102Ah_25degC_1C_cell3|3983|2022-10-14T23:46:58|2022-10-15T00:41:57|#|102Ah_25degC_1C_cell3|3984|2022-10-15T02:32:16|2022-10-15T03:27:16|#|102Ah_25degC_1C_cell3|3985|2022-10-15T05:17:34|2022-10-15T06:12:34|#|102Ah_25degC_1C_cell3|3986|2022-10-15T08:02:52|2022-10-15T08:57:52|#|102Ah_25degC_1C_cell3|3987|2022-10-15T10:48:09|2022-10-15T11:43:09,five recent strictly completed charge events; outer 5-cell fit; inner group selected
M4_wave_residual_v1,M4_wave_noT,102Ah_25degC_1C_cell3,23,4122,2022-10-31T08:12:32,2022-10-31T07:42:08,84.06291784462249,85.74417620151495,82.53914642318594,3.0475428428730993,0.5,102Ah_25degC_1C_cell3|4118|2022-10-30T19:49:01|2022-10-30T20:43:31|#|102Ah_25degC_1C_cell3|4119|2022-10-30T22:33:41|2022-10-30T23:28:11|#|102Ah_25degC_1C_cell3|4120|2022-10-31T01:18:19|2022-10-31T02:12:49|#|102Ah_25degC_1C_cell3|4121|2022-10-31T04:02:58|2022-10-31T04:57:28|#|102Ah_25degC_1C_cell3|4122|2022-10-31T06:47:38|2022-10-31T07:42:08,five recent strictly completed charge events; outer 5-cell fit; inner group selected
M4_wave_residual_v1,M4_wave_noT,102Ah_25degC_1C_cell3,24,4257,2022-11-15T17:53:56,2022-11-15T17:23:48,83.45097880420401,85.1199983802881,81.84384522917968,3.2142671500486744,0.5,102Ah_25degC_1C_cell3|4253|2022-11-15T05:33:36|2022-11-15T06:28:06|#|102Ah_25degC_1C_cell3|4254|2022-11-15T08:17:33|2022-11-15T09:12:04|#|102Ah_25degC_1C_cell3|4255|2022-11-15T11:01:30|2022-11-15T11:56:00|#|102Ah_25degC_1C_cell3|4256|2022-11-15T13:45:25|2022-11-15T14:39:55|#|102Ah_25degC_1C_cell3|4257|2022-11-15T16:29:19|2022-11-15T17:23:48,five recent strictly completed charge events; outer 5-cell fit; inner group selected
M4_wave_residual_v1,M4_wave_noT,102Ah_25degC_1C_cell3,25,4389,2022-11-30T17:22:38,2022-11-30T16:52:23,82.85671753254205,84.5138518831929,81.13237861090778,3.448677843268541,0.5,102Ah_25degC_1C_cell3|4385|2022-11-30T05:06:29|2022-11-30T06:00:29|#|102Ah_25degC_1C_cell3|4386|2022-11-30T07:49:28|2022-11-30T08:43:28|#|102Ah_25degC_1C_cell3|4387|2022-11-30T10:32:27|2022-11-30T11:26:27|#|102Ah_25degC_1C_cell3|4388|2022-11-30T13:15:25|2022-11-30T14:09:25|#|102Ah_25degC_1C_cell3|4389|2022-11-30T15:58:23|2022-11-30T16:52:23,five recent strictly completed charge events; outer 5-cell fit; inner group selected
M4_wave_residual_v1,M4_wave_noT,102Ah_25degC_1C_cell3,26,4518,2022-12-15T06:41:38,2022-12-15T06:11:15,82.20484387699994,83.84894075453994,80.40660058827595,3.596486577448003,0.5,102Ah_25degC_1C_cell3|4514|2022-12-14T18:29:39|2022-12-14T19:23:09|#|102Ah_25degC_1C_cell3|4515|2022-12-14T21:11:41|2022-12-14T22:05:11|#|102Ah_25degC_1C_cell3|4516|2022-12-14T23:53:43|2022-12-15T00:47:12|#|102Ah_25degC_1C_cell3|4517|2022-12-15T02:35:44|2022-12-15T03:29:14|#|102Ah_25degC_1C_cell3|4518|2022-12-15T05:17:45|2022-12-15T06:11:15,five recent strictly completed charge events; outer 5-cell fit; inner group selected
M4_wave_residual_v1,M4_wave_noT,102Ah_25degC_1C_cell3,27,4650,2022-12-30T16:45:35,2022-12-30T16:15:29,81.43094487542032,83.05956377292873,79.63286546038458,3.5961588300714933,0.5,102Ah_25degC_1C_cell3|4646|2022-12-30T04:37:41|2022-12-30T05:31:11|#|102Ah_25degC_1C_cell3|4647|2022-12-30T07:18:47|2022-12-30T08:12:17|#|102Ah_25degC_1C_cell3|4648|2022-12-30T09:59:51|2022-12-30T10:53:21|#|102Ah_25degC_1C_cell3|4649|2022-12-30T12:40:55|2022-12-30T13:34:25|#|102Ah_25degC_1C_cell3|4650|2022-12-30T15:21:59|2022-12-30T16:15:29,five recent strictly completed charge events; outer 5-cell fit; inner group selected
M4_wave_residual_v1,M4_wave_noT,102Ah_25degC_1C_cell3,28,4792,2023-01-15T12:31:56,2023-01-15T12:01:45,80.72640615782136,82.34093428097778,78.7659876526864,3.920837010269918,0.5,102Ah_25degC_1C_cell3|4788|2023-01-15T00:29:19|2023-01-15T01:22:19|#|102Ah_25degC_1C_cell3|4789|2023-01-15T03:09:10|2023-01-15T04:02:10|#|102Ah_25degC_1C_cell3|4790|2023-01-15T05:49:02|2023-01-15T06:42:02|#|102Ah_25degC_1C_cell3|4791|2023-01-15T08:28:54|2023-01-15T09:21:53|#|102Ah_25degC_1C_cell3|4792|2023-01-15T11:08:46|2023-01-15T12:01:45,five recent strictly completed charge events; outer 5-cell fit; inner group selected
M4_wave_residual_v1,M4_wave_noT,102Ah_25degC_1C_cell3,29,4970,2023-03-18T19:01:35,2023-03-16T07:00:13,79.70588950909497,81.30000729927687,77.74767197610066,3.9164350659886136,0.5,102Ah_25degC_1C_cell3|4948|2023-03-15T19:41:14|2023-03-15T20:32:44|#|102Ah_25degC_1C_cell3|4949|2023-03-15T22:18:07|2023-03-15T23:09:37|#|102Ah_25degC_1C_cell3|4950|2023-03-16T00:54:58|2023-03-16T01:46:28|#|102Ah_25degC_1C_cell3|4951|2023-03-16T03:31:51|2023-03-16T04:23:21|#|102Ah_25degC_1C_cell3|4952|2023-03-16T06:08:43|2023-03-16T07:00:13,five recent strictly completed charge events; outer 5-cell fit; inner group selected
M4_wave_residual_v1,M4_wave_noT,102Ah_25degC_1C_cell3,30,5099,2023-04-01T17:30:58,2023-03-30T18:40:36,78.9462030192693,80.5251270796547,76.89597541183463,4.100455214869368,0.5,102Ah_25degC_1C_cell3|4950|2023-03-16T00:54:58|2023-03-16T01:46:28|#|102Ah_25degC_1C_cell3|4951|2023-03-16T03:31:51|2023-03-16T04:23:21|#|102Ah_25degC_1C_cell3|4952|2023-03-16T06:08:43|2023-03-16T07:00:13|#|102Ah_25degC_1C_cell3|5029|2023-03-25T03:17:35|2023-03-25T04:09:05|#|102Ah_25degC_1C_cell3|5081|2023-03-30T17:49:36|2023-03-30T18:40:36,five recent strictly completed charge events; outer 5-cell fit; inner group selected
M4_wave_residual_v1,M4_wave_T,102Ah_25degC_1C_cell3,1,212,2021-05-27T18:36:23,2021-05-27T18:06:22,98.18461991348622,100.14831231175594,97.97328343639732,0.42267295417779405,0.5,102Ah_25degC_1C_cell3|207|2021-05-27T04:55:17|2021-05-27T05:57:17|#|102Ah_25degC_1C_cell3|208|2021-05-27T07:58:04|2021-05-27T08:59:34|#|102Ah_25degC_1C_cell3|209|2021-05-27T11:00:21|2021-05-27T12:01:51|#|102Ah_25degC_1C_cell3|210|2021-05-27T14:02:36|2021-05-27T15:04:06|#|102Ah_25degC_1C_cell3|211|2021-05-27T17:04:22|2021-05-27T18:06:22,five recent strictly completed charge events; outer 5-cell fit; inner group selected
M4_wave_residual_v1,M4_wave_T,102Ah_25degC_1C_cell3,2,341,2021-06-13T01:12:36,2021-06-13T00:42:32,97.18529543501077,99.12900134371098,96.96329027017292,0.4440103296757029,0.5,102Ah_25degC_1C_cell3|336|2021-06-12T11:36:33|2021-06-12T12:38:03|#|102Ah_25degC_1C_cell3|337|2021-06-12T14:37:42|2021-06-12T15:39:12|#|102Ah_25degC_1C_cell3|338|2021-06-12T17:39:19|2021-06-12T18:40:19|#|102Ah_25degC_1C_cell3|339|2021-06-12T20:39:55|2021-06-12T21:41:25|#|102Ah_25degC_1C_cell3|340|2021-06-12T23:41:02|2021-06-13T00:42:32,five recent strictly completed charge events; outer 5-cell fit; inner group selected
M4_wave_residual_v1,M4_wave_T,102Ah_25degC_1C_cell3,3,469,2021-07-01T07:28:39,2021-07-01T06:58:25,96.3826510753726,98.31030409688006,96.17011042754822,0.4250812956487545,0.5,102Ah_25degC_1C_cell3|464|2021-06-30T17:56:52|2021-06-30T18:57:21|#|102Ah_25degC_1C_cell3|465|2021-06-30T20:56:39|2021-06-30T21:57:39|#|102Ah_25degC_1C_cell3|466|2021-06-30T23:57:25|2021-07-01T00:57:55|#|102Ah_25degC_1C_cell3|467|2021-07-01T02:57:39|2021-07-01T03:58:09|#|102Ah_25degC_1C_cell3|468|2021-07-01T05:57:55|2021-07-01T06:58:25,five recent strictly completed charge events; outer 5-cell fit; inner group selected
M4_wave_residual_v1,M4_wave_T,102Ah_25degC_1C_cell3,4,606,2021-07-19T02:48:05,2021-07-19T02:17:39,95.66947939500044,97.58286898290045,95.45006525792866,0.43882827414355996,0.5,102Ah_25degC_1C_cell3|601|2021-07-18T13:19:38|2021-07-18T14:19:38|#|102Ah_25degC_1C_cell3|602|2021-07-18T16:19:09|2021-07-18T17:19:09|#|102Ah_25degC_1C_cell3|603|2021-07-18T19:18:09|2021-07-18T20:18:39|#|102Ah_25degC_1C_cell3|604|2021-07-18T22:18:08|2021-07-18T23:18:08|#|102Ah_25degC_1C_cell3|605|2021-07-19T01:17:09|2021-07-19T02:17:39,five recent strictly completed charge events; outer 5-cell fit; inner group selected
M4_wave_residual_v1,M4_wave_T,102Ah_25degC_1C_cell3,5,735,2021-08-04T03:53:54,2021-08-04T03:23:50,95.0894750746563,96.99126457614942,94.8505989391597,0.4777522709932107,0.5,102Ah_25degC_1C_cell3|730|2021-08-03T14:28:51|2021-08-03T15:28:51|#|102Ah_25degC_1C_cell3|731|2021-08-03T17:27:08|2021-08-03T18:27:38|#|102Ah_25degC_1C_cell3|732|2021-08-03T20:25:52|2021-08-03T21:26:22|#|102Ah_25degC_1C_cell3|733|2021-08-03T23:24:36|2021-08-04T00:25:05|#|102Ah_25degC_1C_cell3|734|2021-08-04T02:23:20|2021-08-04T03:23:50,five recent strictly completed charge events; outer 5-cell fit; inner group selected
M4_wave_residual_v1,M4_wave_T,102Ah_25degC_1C_cell3,6,872,2021-08-21T03:18:21,2021-08-21T02:48:04,94.5181368101436,96.40849954634646,94.27170397412948,0.4928656720282432,0.5,102Ah_25degC_1C_cell3|867|2021-08-20T13:56:21|2021-08-20T14:55:51|#|102Ah_25degC_1C_cell3|868|2021-08-20T16:53:56|2021-08-20T17:53:56|#|102Ah_25degC_1C_cell3|869|2021-08-20T19:51:58|2021-08-20T20:51:58|#|102Ah_25degC_1C_cell3|870|2021-08-20T22:50:00|2021-08-20T23:50:00|#|102Ah_25degC_1C_cell3|871|2021-08-21T01:48:34|2021-08-21T02:48:04,five recent strictly completed charge events; outer 5-cell fit; inner group selected
M4_wave_residual_v1,M4_wave_T,102Ah_25degC_1C_cell3,7,1001,2021-09-06T14:55:28,2021-09-06T14:25:21,94.05369337303541,95.93476724049613,93.7626272446109,0.5821322568490495,0.5,102Ah_25degC_1C_cell3|997|2021-09-05T15:04:58|2021-09-05T16:04:28|#|102Ah_25degC_1C_cell3|998|2021-09-05T18:01:54|2021-09-05T19:01:54|#|102Ah_25degC_1C_cell3|999|2021-09-05T20:59:51|2021-09-05T21:59:21|#|102Ah_25degC_1C_cell3|1000|2021-09-06T10:27:51|2021-09-06T11:27:51|#|102Ah_25degC_1C_cell3|1001|2021-09-06T13:25:21|2021-09-06T14:25:21,five recent strictly completed charge events; outer 5-cell fit; inner group selected
M4_wave_residual_v1,M4_wave_T,102Ah_25degC_1C_cell3,8,1627,2021-12-04T04:44:50,2021-12-04T04:14:34,92.16274139280438,94.00599622066048,91.62019414565944,1.0850944942898784,0.5,102Ah_25degC_1C_cell3|1623|2021-12-03T15:37:45|2021-12-03T16:36:15|#|102Ah_25degC_1C_cell3|1624|2021-12-03T18:32:20|2021-12-03T19:30:50|#|102Ah_25degC_1C_cell3|1625|2021-12-03T21:26:56|2021-12-03T22:25:26|#|102Ah_25degC_1C_cell3|1626|2021-12-04T00:21:30|2021-12-04T01:20:00|#|102Ah_25degC_1C_cell3|1627|2021-12-04T03:16:04|2021-12-04T04:14:34,five recent strictly completed charge events; outer 5-cell fit; inner group selected
M4_wave_residual_v1,M4_wave_T,102Ah_25degC_1C_cell3,9,1756,2021-12-19T19:38:41,2021-12-19T19:08:26,91.99680456112472,93.83674065234722,91.21298122183175,1.5676466785859196,0.5,102Ah_25degC_1C_cell3|1752|2021-12-19T06:32:57|2021-12-19T07:31:26|#|102Ah_25degC_1C_cell3|1753|2021-12-19T09:27:11|2021-12-19T10:25:41|#|102Ah_25degC_1C_cell3|1754|2021-12-19T12:21:26|2021-12-19T13:19:56|#|102Ah_25degC_1C_cell3|1755|2021-12-19T15:15:42|2021-12-19T16:14:11|#|102Ah_25degC_1C_cell3|1756|2021-12-19T18:09:56|2021-12-19T19:08:26,five recent strictly completed charge events; outer 5-cell fit; inner group selected
M4_wave_residual_v1,M4_wave_T,102Ah_25degC_1C_cell3,10,1885,2022-01-04T09:53:54,2022-01-04T09:23:41,91.67797118240021,93.51153060604821,90.81067915492378,1.7345840549528748,0.5,102Ah_25degC_1C_cell3|1881|2022-01-03T20:49:32|2022-01-03T21:48:02|#|102Ah_25degC_1C_cell3|1882|2022-01-03T23:43:26|2022-01-04T00:41:56|#|102Ah_25degC_1C_cell3|1883|2022-01-04T02:37:20|2022-01-04T03:35:50|#|102Ah_25degC_1C_cell3|1884|2022-01-04T05:31:16|2022-01-04T06:29:46|#|102Ah_25degC_1C_cell3|1885|2022-01-04T08:25:11|2022-01-04T09:23:41,five recent strictly completed charge events; outer 5-cell fit; inner group selected
M4_wave_residual_v1,M4_wave_T,102Ah_25degC_1C_cell3,11,2495,2022-04-01T21:30:57,2022-04-01T21:00:56,89.75207717925333,91.5471187228384,88.90946598280543,1.6852223928958143,0.5,102Ah_25degC_1C_cell3|2491|2022-04-01T00:03:53|2022-04-01T01:00:53|#|102Ah_25degC_1C_cell3|2492|2022-04-01T02:55:15|2022-04-01T03:52:15|#|102Ah_25degC_1C_cell3|2493|2022-04-01T05:46:36|2022-04-01T06:43:36|#|102Ah_25degC_1C_cell3|2494|2022-04-01T08:37:57|2022-04-01T09:34:56|#|102Ah_25degC_1C_cell3|2495|2022-04-01T20:03:26|2022-04-01T21:00:56,five recent strictly completed charge events; outer 5-cell fit; inner group selected
M4_wave_residual_v1,M4_wave_T,102Ah_25degC_1C_cell3,12,2632,2022-04-17T19:46:35,2022-04-17T19:16:14,89.4364737702556,91.22520324566072,88.46900597221908,1.9349355960730528,0.5,102Ah_25degC_1C_cell3|2628|2022-04-17T06:55:12|2022-04-17T07:52:12|#|102Ah_25degC_1C_cell3|2629|2022-04-17T09:46:12|2022-04-17T10:43:12|#|102Ah_25degC_1C_cell3|2630|2022-04-17T12:37:13|2022-04-17T13:34:13|#|102Ah_25degC_1C_cell3|2631|2022-04-17T15:28:13|2022-04-17T16:25:13|#|102Ah_25degC_1C_cell3|2632|2022-04-17T18:19:14|2022-04-17T19:16:14,five recent strictly completed charge events; outer 5-cell fit; inner group selected
M4_wave_residual_v1,M4_wave_T,102Ah_25degC_1C_cell3,13,2767,2022-05-10T03:28:55,2022-05-10T02:58:36,88.83670575870835,90.61343987388251,88.02531540867106,1.6227807000745789,0.5,102Ah_25degC_1C_cell3|2763|2022-05-09T14:41:33|2022-05-09T15:38:03|#|102Ah_25degC_1C_cell3|2764|2022-05-09T17:31:42|2022-05-09T18:28:11|#|102Ah_25degC_1C_cell3|2765|2022-05-09T20:21:50|2022-05-09T21:18:20|#|102Ah_25degC_1C_cell3|2766|2022-05-09T23:11:58|2022-05-10T00:08:28|#|102Ah_25degC_1C_cell3|2767|2022-05-10T02:02:06|2022-05-10T02:58:36,five recent strictly completed charge events; outer 5-cell fit; inner group selected
M4_wave_residual_v1,M4_wave_T,102Ah_25degC_1C_cell3,14,2899,2022-05-25T17:51:05,2022-05-25T17:20:38,88.61508604795821,90.38738776891738,87.58006031994792,2.0700514560205825,0.5,102Ah_25degC_1C_cell3|2895|2022-05-25T05:04:19|2022-05-25T06:00:49|#|102Ah_25degC_1C_cell3|2896|2022-05-25T07:54:16|2022-05-25T08:50:46|#|102Ah_25degC_1C_cell3|2897|2022-05-25T10:44:12|2022-05-25T11:40:42|#|102Ah_25degC_1C_cell3|2898|2022-05-25T13:34:11|2022-05-25T14:30:41|#|102Ah_25degC_1C_cell3|2899|2022-05-25T16:24:08|2022-05-25T17:20:38,five recent strictly completed charge events; outer 5-cell fit; inner group selected
M4_wave_residual_v1,M4_wave_T,102Ah_25degC_1C_cell3,15,3031,2022-06-14T13:14:53,2022-06-14T12:44:35,88.20842092725398,89.97258934579907,87.12137283294284,2.174096188622296,0.5,102Ah_25degC_1C_cell3|3027|2022-06-14T00:30:08|2022-06-14T01:26:38|#|102Ah_25degC_1C_cell3|3028|2022-06-14T03:19:38|2022-06-14T04:16:08|#|102Ah_25degC_1C_cell3|3029|2022-06-14T06:09:07|2022-06-14T07:05:37|#|102Ah_25degC_1C_cell3|3030|2022-06-14T08:58:36|2022-06-14T09:55:05|#|102Ah_25degC_1C_cell3|3031|2022-06-14T11:48:05|2022-06-14T12:44:35,five recent strictly completed charge events; outer 5-cell fit; inner group selected
M4_wave_residual_v1,M4_wave_T,102Ah_25degC_1C_cell3,16,3160,2022-06-29T17:10:02,2022-06-29T16:39:50,87.79781258620326,89.55376883792732,86.6580689141649,2.279487344076723,0.5,102Ah_25degC_1C_cell3|3156|2022-06-29T04:26:55|2022-06-29T05:23:25|#|102Ah_25degC_1C_cell3|3157|2022-06-29T07:16:01|2022-06-29T08:12:30|#|102Ah_25degC_1C_cell3|3158|2022-06-29T10:05:07|2022-06-29T11:01:37|#|102Ah_25degC_1C_cell3|3159|2022-06-29T12:54:13|2022-06-29T13:50:43|#|102Ah_25degC_1C_cell3|3160|2022-06-29T15:43:20|2022-06-29T16:39:50,five recent strictly completed charge events; outer 5-cell fit; inner group selected
M4_wave_residual_v1,M4_wave_T,102Ah_25degC_1C_cell3,17,3313,2022-07-17T17:39:56,2022-07-17T17:09:36,87.24363312402744,88.988505786508,86.08648453228193,2.314297183491007,0.5,102Ah_25degC_1C_cell3|3309|2022-07-17T04:59:47|2022-07-17T05:55:47|#|102Ah_25degC_1C_cell3|3310|2022-07-17T07:48:15|2022-07-17T08:44:14|#|102Ah_25degC_1C_cell3|3311|2022-07-17T10:36:42|2022-07-17T11:32:41|#|102Ah_25degC_1C_cell3|3312|2022-07-17T13:25:09|2022-07-17T14:21:09|#|102Ah_25degC_1C_cell3|3313|2022-07-17T16:13:36|2022-07-17T17:09:36,five recent strictly completed charge events; outer 5-cell fit; inner group selected
M4_wave_residual_v1,M4_wave_T,102Ah_25degC_1C_cell3,18,3445,2022-08-02T03:49:32,2022-08-02T03:19:21,86.75820891838768,88.49337309675543,85.57165437509303,2.3731090865893023,0.5,102Ah_25degC_1C_cell3|3441|2022-08-01T15:11:25|2022-08-01T16:07:25|#|102Ah_25degC_1C_cell3|3442|2022-08-01T17:59:26|2022-08-01T18:55:25|#|102Ah_25degC_1C_cell3|3443|2022-08-01T20:47:25|2022-08-01T21:43:25|#|102Ah_25degC_1C_cell3|3444|2022-08-01T23:35:24|2022-08-02T00:31:24|#|102Ah_25degC_1C_cell3|3445|2022-08-02T02:23:21|2022-08-02T03:19:21,five recent strictly completed charge events; outer 5-cell fit; inner group selected
M4_wave_residual_v1,M4_wave_T,102Ah_25degC_1C_cell3,19,3586,2022-08-21T01:18:41,2022-08-21T00:48:31,86.26316134464457,87.98842457153746,84.99700098706661,2.5323207151559117,0.5,102Ah_25degC_1C_cell3|3582|2022-08-20T12:42:18|2022-08-20T13:38:18|#|102Ah_25degC_1C_cell3|3583|2022-08-20T15:29:48|2022-08-20T16:25:48|#|102Ah_25degC_1C_cell3|3584|2022-08-20T18:17:20|2022-08-20T19:13:20|#|102Ah_25degC_1C_cell3|3585|2022-08-20T21:04:56|2022-08-20T22:00:56|#|102Ah_25degC_1C_cell3|3586|2022-08-20T23:52:32|2022-08-21T00:48:31,five recent strictly completed charge events; outer 5-cell fit; inner group selected
M4_wave_residual_v1,M4_wave_T,102Ah_25degC_1C_cell3,20,3717,2022-09-05T06:13:28,2022-09-05T05:43:11,85.6970247667563,87.41096526209144,84.43810618956738,2.5178371543778377,0.5,102Ah_25degC_1C_cell3|3713|2022-09-04T17:40:26|2022-09-04T18:35:56|#|102Ah_25degC_1C_cell3|3714|2022-09-04T20:27:14|2022-09-04T21:22:43|#|102Ah_25degC_1C_cell3|3715|2022-09-04T23:14:01|2022-09-05T00:09:30|#|102Ah_25degC_1C_cell3|3716|2022-09-05T02:00:50|2022-09-05T02:56:20|#|102Ah_25degC_1C_cell3|3717|2022-09-05T04:47:41|2022-09-05T05:43:11,five recent strictly completed charge events; outer 5-cell fit; inner group selected
M4_wave_residual_v1,M4_wave_T,102Ah_25degC_1C_cell3,21,3852,2022-09-20T20:37:08,2022-09-20T20:06:44,85.11754344980737,86.81989431880352,83.83496637355732,2.565154152500094,0.5,102Ah_25degC_1C_cell3|3848|2022-09-20T08:07:12|2022-09-20T09:02:12|#|102Ah_25degC_1C_cell3|3849|2022-09-20T10:53:19|2022-09-20T11:48:19|#|102Ah_25degC_1C_cell3|3850|2022-09-20T13:39:28|2022-09-20T14:34:28|#|102Ah_25degC_1C_cell3|3851|2022-09-20T16:25:36|2022-09-20T17:20:36|#|102Ah_25degC_1C_cell3|3852|2022-09-20T19:11:44|2022-09-20T20:06:44,five recent strictly completed charge events; outer 5-cell fit; inner group selected
M4_wave_residual_v1,M4_wave_T,102Ah_25degC_1C_cell3,22,3987,2022-10-15T12:13:17,2022-10-15T11:43:09,84.53935742672348,86.23014457525795,83.20247581155739,2.673763230332196,0.5,102Ah_25degC_1C_cell3|3983|2022-10-14T23:46:58|2022-10-15T00:41:57|#|102Ah_25degC_1C_cell3|3984|2022-10-15T02:32:16|2022-10-15T03:27:16|#|102Ah_25degC_1C_cell3|3985|2022-10-15T05:17:34|2022-10-15T06:12:34|#|102Ah_25degC_1C_cell3|3986|2022-10-15T08:02:52|2022-10-15T08:57:52|#|102Ah_25degC_1C_cell3|3987|2022-10-15T10:48:09|2022-10-15T11:43:09,five recent strictly completed charge events; outer 5-cell fit; inner group selected
M4_wave_residual_v1,M4_wave_T,102Ah_25degC_1C_cell3,23,4122,2022-10-31T08:12:32,2022-10-31T07:42:08,83.90342077477881,85.58148919027438,82.53914642318594,2.728548703185745,0.5,102Ah_25degC_1C_cell3|4118|2022-10-30T19:49:01|2022-10-30T20:43:31|#|102Ah_25degC_1C_cell3|4119|2022-10-30T22:33:41|2022-10-30T23:28:11|#|102Ah_25degC_1C_cell3|4120|2022-10-31T01:18:19|2022-10-31T02:12:49|#|102Ah_25degC_1C_cell3|4121|2022-10-31T04:02:58|2022-10-31T04:57:28|#|102Ah_25degC_1C_cell3|4122|2022-10-31T06:47:38|2022-10-31T07:42:08,five recent strictly completed charge events; outer 5-cell fit; inner group selected
M4_wave_residual_v1,M4_wave_T,102Ah_25degC_1C_cell3,24,4257,2022-11-15T17:53:56,2022-11-15T17:23:48,83.25374919182833,84.91882417566491,81.84384522917968,2.8198079252973107,0.5,102Ah_25degC_1C_cell3|4253|2022-11-15T05:33:36|2022-11-15T06:28:06|#|102Ah_25degC_1C_cell3|4254|2022-11-15T08:17:33|2022-11-15T09:12:04|#|102Ah_25degC_1C_cell3|4255|2022-11-15T11:01:30|2022-11-15T11:56:00|#|102Ah_25degC_1C_cell3|4256|2022-11-15T13:45:25|2022-11-15T14:39:55|#|102Ah_25degC_1C_cell3|4257|2022-11-15T16:29:19|2022-11-15T17:23:48,five recent strictly completed charge events; outer 5-cell fit; inner group selected
M4_wave_residual_v1,M4_wave_T,102Ah_25degC_1C_cell3,25,4389,2022-11-30T17:22:38,2022-11-30T16:52:23,82.56993199706521,84.22133063700652,81.13237861090778,2.8751067723148687,0.5,102Ah_25degC_1C_cell3|4385|2022-11-30T05:06:29|2022-11-30T06:00:29|#|102Ah_25degC_1C_cell3|4386|2022-11-30T07:49:28|2022-11-30T08:43:28|#|102Ah_25degC_1C_cell3|4387|2022-11-30T10:32:27|2022-11-30T11:26:27|#|102Ah_25degC_1C_cell3|4388|2022-11-30T13:15:25|2022-11-30T14:09:25|#|102Ah_25degC_1C_cell3|4389|2022-11-30T15:58:23|2022-11-30T16:52:23,five recent strictly completed charge events; outer 5-cell fit; inner group selected
M4_wave_residual_v1,M4_wave_T,102Ah_25degC_1C_cell3,26,4518,2022-12-15T06:41:38,2022-12-15T06:11:15,81.85791802480858,83.49507638530474,80.40660058827595,2.90263487306527,0.5,102Ah_25degC_1C_cell3|4514|2022-12-14T18:29:39|2022-12-14T19:23:09|#|102Ah_25degC_1C_cell3|4515|2022-12-14T21:11:41|2022-12-14T22:05:11|#|102Ah_25degC_1C_cell3|4516|2022-12-14T23:53:43|2022-12-15T00:47:12|#|102Ah_25degC_1C_cell3|4517|2022-12-15T02:35:44|2022-12-15T03:29:14|#|102Ah_25degC_1C_cell3|4518|2022-12-15T05:17:45|2022-12-15T06:11:15,five recent strictly completed charge events; outer 5-cell fit; inner group selected
M4_wave_residual_v1,M4_wave_T,102Ah_25degC_1C_cell3,27,4650,2022-12-30T16:45:35,2022-12-30T16:15:29,81.12247843926389,82.74492800804917,79.63286546038458,2.979225957758606,0.5,102Ah_25degC_1C_cell3|4646|2022-12-30T04:37:41|2022-12-30T05:31:11|#|102Ah_25degC_1C_cell3|4647|2022-12-30T07:18:47|2022-12-30T08:12:17|#|102Ah_25degC_1C_cell3|4648|2022-12-30T09:59:51|2022-12-30T10:53:21|#|102Ah_25degC_1C_cell3|4649|2022-12-30T12:40:55|2022-12-30T13:34:25|#|102Ah_25degC_1C_cell3|4650|2022-12-30T15:21:59|2022-12-30T16:15:29,five recent strictly completed charge events; outer 5-cell fit; inner group selected
M4_wave_residual_v1,M4_wave_T,102Ah_25degC_1C_cell3,28,4792,2023-01-15T12:31:56,2023-01-15T12:01:45,80.30969076761994,81.91588458297234,78.7659876526864,3.0874062298670832,0.5,102Ah_25degC_1C_cell3|4788|2023-01-15T00:29:19|2023-01-15T01:22:19|#|102Ah_25degC_1C_cell3|4789|2023-01-15T03:09:10|2023-01-15T04:02:10|#|102Ah_25degC_1C_cell3|4790|2023-01-15T05:49:02|2023-01-15T06:42:02|#|102Ah_25degC_1C_cell3|4791|2023-01-15T08:28:54|2023-01-15T09:21:53|#|102Ah_25degC_1C_cell3|4792|2023-01-15T11:08:46|2023-01-15T12:01:45,five recent strictly completed charge events; outer 5-cell fit; inner group selected
M4_wave_residual_v1,M4_wave_T,102Ah_25degC_1C_cell3,29,4970,2023-03-18T19:01:35,2023-03-16T07:00:13,79.35144877411565,80.93847774959796,77.74767197610066,3.207553596029987,0.5,102Ah_25degC_1C_cell3|4948|2023-03-15T19:41:14|2023-03-15T20:32:44|#|102Ah_25degC_1C_cell3|4949|2023-03-15T22:18:07|2023-03-15T23:09:37|#|102Ah_25degC_1C_cell3|4950|2023-03-16T00:54:58|2023-03-16T01:46:28|#|102Ah_25degC_1C_cell3|4951|2023-03-16T03:31:51|2023-03-16T04:23:21|#|102Ah_25degC_1C_cell3|4952|2023-03-16T06:08:43|2023-03-16T07:00:13,five recent strictly completed charge events; outer 5-cell fit; inner group selected
M4_wave_residual_v1,M4_wave_T,102Ah_25degC_1C_cell3,30,5099,2023-04-01T17:30:58,2023-03-30T18:40:36,78.5350256318554,80.10572614449251,76.89597541183463,3.2781004400415537,0.5,102Ah_25degC_1C_cell3|4950|2023-03-16T00:54:58|2023-03-16T01:46:28|#|102Ah_25degC_1C_cell3|4951|2023-03-16T03:31:51|2023-03-16T04:23:21|#|102Ah_25degC_1C_cell3|4952|2023-03-16T06:08:43|2023-03-16T07:00:13|#|102Ah_25degC_1C_cell3|5029|2023-03-25T03:17:35|2023-03-25T04:09:05|#|102Ah_25degC_1C_cell3|5081|2023-03-30T17:49:36|2023-03-30T18:40:36,five recent strictly completed charge events; outer 5-cell fit; inner group selected
M4_wave_residual_v1,M4_wave_noT,102Ah_35degC_1C_cell1,1,270,2021-06-03T14:07:43,2021-06-03T13:37:17,96.27599770436322,98.20151765845048,96.56648639418546,-0.5809773796444753,0.5,102Ah_35degC_1C_cell1|266|2021-06-03T00:25:48|2021-06-03T01:27:47|#|102Ah_35degC_1C_cell1|267|2021-06-03T03:28:10|2021-06-03T04:30:10|#|102Ah_35degC_1C_cell1|268|2021-06-03T06:30:33|2021-06-03T07:32:33|#|102Ah_35degC_1C_cell1|269|2021-06-03T09:32:56|2021-06-03T10:34:56|#|102Ah_35degC_1C_cell1|270|2021-06-03T12:35:17|2021-06-03T13:37:17,five recent strictly completed charge events; outer 5-cell fit; inner group selected
M4_wave_residual_v1,M4_wave_noT,102Ah_35degC_1C_cell1,2,436,2021-06-26T12:31:18,2021-06-26T12:00:53,94.83286771056792,96.72952506477928,95.34380225883244,-1.0218690965290282,0.5,102Ah_35degC_1C_cell1|432|2021-06-25T22:54:47|2021-06-25T23:56:17|#|102Ah_35degC_1C_cell1|433|2021-06-26T01:55:58|2021-06-26T02:57:27|#|102Ah_35degC_1C_cell1|434|2021-06-26T04:57:06|2021-06-26T05:58:36|#|102Ah_35degC_1C_cell1|435|2021-06-26T07:58:14|2021-06-26T08:59:44|#|102Ah_35degC_1C_cell1|436|2021-06-26T10:59:23|2021-06-26T12:00:53,five recent strictly completed charge events; outer 5-cell fit; inner group selected
M4_wave_residual_v1,M4_wave_noT,102Ah_35degC_1C_cell1,3,602,2021-07-17T21:34:21,2021-07-17T21:04:18,93.818106500924,95.69446863094248,94.3759542377409,-1.1156954736337814,0.5,102Ah_35degC_1C_cell1|598|2021-07-17T08:01:54|2021-07-17T09:03:24|#|102Ah_35degC_1C_cell1|599|2021-07-17T11:02:08|2021-07-17T12:03:38|#|102Ah_35degC_1C_cell1|600|2021-07-17T14:02:23|2021-07-17T15:03:53|#|102Ah_35degC_1C_cell1|601|2021-07-17T17:02:35|2021-07-17T18:04:05|#|102Ah_35degC_1C_cell1|602|2021-07-17T20:02:49|2021-07-17T21:04:18,five recent strictly completed charge events; outer 5-cell fit; inner group selected
M4_wave_residual_v1,M4_wave_noT,102Ah_35degC_1C_cell1,4,768,2021-08-07T14:54:02,2021-08-07T14:23:53,92.98269879363373,94.84235276950639,93.54930229930748,-1.1332070113475166,0.5,102Ah_35degC_1C_cell1|764|2021-08-07T01:25:38|2021-08-07T02:26:38|#|102Ah_35degC_1C_cell1|765|2021-08-07T04:24:56|2021-08-07T05:25:56|#|102Ah_35degC_1C_cell1|766|2021-08-07T07:24:17|2021-08-07T08:25:16|#|102Ah_35degC_1C_cell1|767|2021-08-07T10:23:35|2021-08-07T11:24:35|#|102Ah_35degC_1C_cell1|768|2021-08-07T13:22:54|2021-08-07T14:23:53,five recent strictly completed charge events; outer 5-cell fit; inner group selected
M4_wave_residual_v1,M4_wave_noT,102Ah_35degC_1C_cell1,5,934,2021-08-28T07:55:03,2021-08-28T07:24:47,92.24864591474785,94.09361883304283,92.81181186431527,-1.1263318991348517,0.5,102Ah_35degC_1C_cell1|930|2021-08-27T18:30:07|2021-08-27T19:30:37|#|102Ah_35degC_1C_cell1|931|2021-08-27T21:28:40|2021-08-27T22:29:10|#|102Ah_35degC_1C_cell1|932|2021-08-28T00:27:13|2021-08-28T01:27:43|#|102Ah_35degC_1C_cell1|933|2021-08-28T03:25:44|2021-08-28T04:26:14|#|102Ah_35degC_1C_cell1|934|2021-08-28T06:24:17|2021-08-28T07:24:47,five recent strictly completed charge events; outer 5-cell fit; inner group selected
M4_wave_residual_v1,M4_wave_noT,102Ah_35degC_1C_cell1,6,1101,2021-09-18T20:21:50,2021-09-18T19:51:26,91.55017296320834,93.3811764224725,92.13017067392376,-1.1599954214308428,0.5,102Ah_35degC_1C_cell1|1097|2021-09-18T07:00:38|2021-09-18T08:00:38|#|102Ah_35degC_1C_cell1|1098|2021-09-18T09:58:20|2021-09-18T10:58:20|#|102Ah_35degC_1C_cell1|1099|2021-09-18T12:56:02|2021-09-18T13:56:02|#|102Ah_35degC_1C_cell1|1100|2021-09-18T15:53:43|2021-09-18T16:53:43|#|102Ah_35degC_1C_cell1|1101|2021-09-18T18:51:26|2021-09-18T19:51:26,five recent strictly completed charge events; outer 5-cell fit; inner group selected
M4_wave_residual_v1,M4_wave_noT,102Ah_35degC_1C_cell1,7,1267,2021-10-16T11:51:45,2021-10-16T11:21:41,90.89835035265699,92.71631735971013,91.49343571830867,-1.1901707313033774,0.5,102Ah_35degC_1C_cell1|1263|2021-10-15T22:34:04|2021-10-15T23:34:04|#|102Ah_35degC_1C_cell1|1264|2021-10-16T01:30:58|2021-10-16T02:30:58|#|102Ah_35degC_1C_cell1|1265|2021-10-16T04:27:53|2021-10-16T05:27:53|#|102Ah_35degC_1C_cell1|1266|2021-10-16T07:24:47|2021-10-16T08:24:47|#|102Ah_35degC_1C_cell1|1267|2021-10-16T10:21:41|2021-10-16T11:21:41,five recent strictly completed charge events; outer 5-cell fit; inner group selected
M4_wave_residual_v1,M4_wave_noT,102Ah_35degC_1C_cell1,8,1433,2021-11-05T21:30:25,2021-11-05T21:00:13,90.29450499518292,92.10039509508657,90.88363900678894,-1.178268023212049,0.5,102Ah_35degC_1C_cell1|1429|2021-11-05T08:16:05|2021-11-05T09:15:35|#|102Ah_35degC_1C_cell1|1430|2021-11-05T11:12:16|2021-11-05T12:11:46|#|102Ah_35degC_1C_cell1|1431|2021-11-05T14:08:26|2021-11-05T15:07:56|#|102Ah_35degC_1C_cell1|1432|2021-11-05T17:04:34|2021-11-05T18:04:04|#|102Ah_35degC_1C_cell1|1433|2021-11-05T20:00:43|2021-11-05T21:00:13,five recent strictly completed charge events; outer 5-cell fit; inner group selected
M4_wave_residual_v1,M4_wave_noT,102Ah_35degC_1C_cell1,9,1599,2021-11-30T20:18:42,2021-11-30T19:48:13,89.70414058935546,91.49822340114257,90.28984653396364,-1.1714118892163652,0.5,102Ah_35degC_1C_cell1|1595|2021-11-30T07:07:00|2021-11-30T08:06:00|#|102Ah_35degC_1C_cell1|1596|2021-11-30T10:02:34|2021-11-30T11:01:33|#|102Ah_35degC_1C_cell1|1597|2021-11-30T12:58:07|2021-11-30T13:57:07|#|102Ah_35degC_1C_cell1|1598|2021-11-30T15:53:40|2021-11-30T16:52:40|#|102Ah_35degC_1C_cell1|1599|2021-11-30T18:49:13|2021-11-30T19:48:13,five recent strictly completed charge events; outer 5-cell fit; inner group selected
M4_wave_residual_v1,M4_wave_noT,102Ah_35degC_1C_cell1,10,1765,2021-12-21T00:58:32,2021-12-21T00:28:22,89.13390536632589,90.91658347365241,89.70253804988933,-1.137265367126867,0.5,102Ah_35degC_1C_cell1|1761|2021-12-20T11:50:08|2021-12-20T12:49:08|#|102Ah_35degC_1C_cell1|1762|2021-12-20T14:44:57|2021-12-20T15:43:56|#|102Ah_35degC_1C_cell1|1763|2021-12-20T17:39:45|2021-12-20T18:38:45|#|102Ah_35degC_1C_cell1|1764|2021-12-20T20:34:35|2021-12-20T21:33:34|#|102Ah_35degC_1C_cell1|1765|2021-12-20T23:29:22|2021-12-21T00:28:22,five recent strictly completed charge events; outer 5-cell fit; inner group selected
M4_wave_residual_v1,M4_wave_noT,102Ah_35degC_1C_cell1,11,1932,2022-01-10T05:02:58,2022-01-10T04:32:44,88.56836003326012,90.33972723392532,89.10915018170874,-1.0815802968972534,0.5,102Ah_35degC_1C_cell1|1928|2022-01-09T15:59:14|2022-01-09T16:57:44|#|102Ah_35degC_1C_cell1|1929|2022-01-09T18:52:59|2022-01-09T19:51:29|#|102Ah_35degC_1C_cell1|1930|2022-01-09T21:46:45|2022-01-09T22:45:15|#|102Ah_35degC_1C_cell1|1931|2022-01-10T00:40:30|2022-01-10T01:39:00|#|102Ah_35degC_1C_cell1|1932|2022-01-10T03:34:14|2022-01-10T04:32:44,five recent strictly completed charge events; outer 5-cell fit; inner group selected
M4_wave_residual_v1,M4_wave_noT,102Ah_35degC_1C_cell1,12,2098,2022-02-09T07:46:51,2022-02-09T07:16:35,87.9832186165086,89.74288298883877,88.50767198456785,-1.0489067361185092,0.5,102Ah_35degC_1C_cell1|2094|2022-02-08T18:47:21|2022-02-08T19:45:21|#|102Ah_35degC_1C_cell1|2095|2022-02-08T21:40:08|2022-02-08T22:38:08|#|102Ah_35degC_1C_cell1|2096|2022-02-09T00:32:59|2022-02-09T01:30:59|#|102Ah_35degC_1C_cell1|2097|2022-02-09T03:25:47|2022-02-09T04:23:46|#|102Ah_35degC_1C_cell1|2098|2022-02-09T06:18:35|2022-02-09T07:16:35,five recent strictly completed charge events; outer 5-cell fit; inner group selected
M4_wave_residual_v1,M4_wave_noT,102Ah_35degC_1C_cell1,13,2264,2022-03-01T05:00:07,2022-03-01T04:29:39,87.36262991081101,89.10988250902723,87.88493760173118,-1.0446153818403447,0.5,102Ah_35degC_1C_cell1|2260|2022-02-28T16:03:28|2022-02-28T17:00:58|#|102Ah_35degC_1C_cell1|2261|2022-02-28T18:55:39|2022-02-28T19:53:08|#|102Ah_35degC_1C_cell1|2262|2022-02-28T21:47:49|2022-02-28T22:45:19|#|102Ah_35degC_1C_cell1|2263|2022-03-01T00:39:58|2022-03-01T01:37:28|#|102Ah_35degC_1C_cell1|2264|2022-03-01T03:32:09|2022-03-01T04:29:39,five recent strictly completed charge events; outer 5-cell fit; inner group selected
M4_wave_residual_v1,M4_wave_noT,102Ah_35degC_1C_cell1,14,2430,2022-03-21T00:27:46,2022-03-20T23:57:32,86.72343820136253,88.45790696538978,87.23042642407319,-1.0139764454213192,0.5,102Ah_35degC_1C_cell1|2426|2022-03-20T11:33:54|2022-03-20T12:31:23|#|102Ah_35degC_1C_cell1|2427|2022-03-20T14:25:26|2022-03-20T15:22:56|#|102Ah_35degC_1C_cell1|2428|2022-03-20T17:16:58|2022-03-20T18:14:28|#|102Ah_35degC_1C_cell1|2429|2022-03-20T20:08:30|2022-03-20T21:06:00|#|102Ah_35degC_1C_cell1|2430|2022-03-20T23:00:02|2022-03-20T23:57:32,five recent strictly completed charge events; outer 5-cell fit; inner group selected
M4_wave_residual_v1,M4_wave_noT,102Ah_35degC_1C_cell1,15,2596,2022-04-09T23:53:17,2022-04-09T23:22:47,86.03158880399782,87.75222058007778,86.53257025127846,-1.001962894561266,0.5,102Ah_35degC_1C_cell1|2592|2022-04-09T11:01:47|2022-04-09T11:59:17|#|102Ah_35degC_1C_cell1|2593|2022-04-09T13:52:56|2022-04-09T14:50:26|#|102Ah_35degC_1C_cell1|2594|2022-04-09T16:43:55|2022-04-09T17:41:25|#|102Ah_35degC_1C_cell1|2595|2022-04-09T19:34:50|2022-04-09T20:32:21|#|102Ah_35degC_1C_cell1|2596|2022-04-09T22:25:47|2022-04-09T23:22:47,five recent strictly completed charge events; outer 5-cell fit; inner group selected
M4_wave_residual_v1,M4_wave_noT,102Ah_35degC_1C_cell1,16,2762,2022-05-02T01:09:21,2022-05-02T00:38:59,86.18426314832543,87.90794841129194,85.77888118926242,0.8107639181260111,0.5,102Ah_35degC_1C_cell1|2758|2022-05-01T12:20:22|2022-05-01T13:17:21|#|102Ah_35degC_1C_cell1|2759|2022-05-01T15:10:46|2022-05-01T16:07:46|#|102Ah_35degC_1C_cell1|2760|2022-05-01T18:01:11|2022-05-01T18:58:11|#|102Ah_35degC_1C_cell1|2761|2022-05-01T20:51:34|2022-05-01T21:48:34|#|102Ah_35degC_1C_cell1|2762|2022-05-01T23:41:59|2022-05-02T00:38:59,five recent strictly completed charge events; outer 5-cell fit; inner group selected
M4_wave_residual_v1,M4_wave_noT,102Ah_35degC_1C_cell1,17,2928,2022-05-26T03:29:04,2022-05-26T02:58:47,85.65084837482283,87.36386534231927,84.95650513114389,1.3886864873578881,0.5,102Ah_35degC_1C_cell1|2924|2022-05-25T14:44:22|2022-05-25T15:40:52|#|102Ah_35degC_1C_cell1|2925|2022-05-25T17:33:53|2022-05-25T18:30:23|#|102Ah_35degC_1C_cell1|2926|2022-05-25T20:23:21|2022-05-25T21:19:51|#|102Ah_35degC_1C_cell1|2927|2022-05-25T23:12:51|2022-05-26T00:09:20|#|102Ah_35degC_1C_cell1|2928|2022-05-26T02:02:17|2022-05-26T02:58:47,five recent strictly completed charge events; outer 5-cell fit; inner group selected
M4_wave_residual_v1,M4_wave_noT,102Ah_35degC_1C_cell1,18,3094,2022-06-20T06:53:33,2022-06-20T06:23:15,84.4109159065639,86.09913422469518,84.05330237252414,0.7152270680795205,0.5,102Ah_35degC_1C_cell1|3090|2022-06-19T18:10:54|2022-06-19T19:07:24|#|102Ah_35degC_1C_cell1|3091|2022-06-19T20:59:52|2022-06-19T21:56:22|#|102Ah_35degC_1C_cell1|3092|2022-06-19T23:48:49|2022-06-20T00:45:19|#|102Ah_35degC_1C_cell1|3093|2022-06-20T02:37:48|2022-06-20T03:34:18|#|102Ah_35degC_1C_cell1|3094|2022-06-20T05:26:45|2022-06-20T06:23:15,five recent strictly completed charge events; outer 5-cell fit; inner group selected
M4_wave_residual_v1,M4_wave_noT,102Ah_35degC_1C_cell1,19,3260,2022-07-10T05:01:43,2022-07-10T04:31:31,83.28137708579916,84.94700462751514,83.05938084246537,0.4439924866675793,0.5,102Ah_35degC_1C_cell1|3256|2022-07-09T16:20:57|2022-07-09T17:17:27|#|102Ah_35degC_1C_cell1|3257|2022-07-09T19:09:28|2022-07-09T20:05:58|#|102Ah_35degC_1C_cell1|3258|2022-07-09T21:57:59|2022-07-09T22:54:29|#|102Ah_35degC_1C_cell1|3259|2022-07-10T00:46:30|2022-07-10T01:43:00|#|102Ah_35degC_1C_cell1|3260|2022-07-10T03:35:01|2022-07-10T04:31:31,five recent strictly completed charge events; outer 5-cell fit; inner group selected
M4_wave_residual_v1,M4_wave_noT,102Ah_35degC_1C_cell1,20,3426,2022-07-29T15:51:45,2022-07-29T15:21:19,82.31535082249718,83.96165783894712,81.9687111825885,0.6932792798173485,0.5,102Ah_35degC_1C_cell1|3422|2022-07-29T03:13:57|2022-07-29T04:09:57|#|102Ah_35degC_1C_cell1|3423|2022-07-29T06:01:48|2022-07-29T06:57:48|#|102Ah_35degC_1C_cell1|3424|2022-07-29T08:49:38|2022-07-29T09:45:38|#|102Ah_35degC_1C_cell1|3425|2022-07-29T11:37:27|2022-07-29T12:33:27|#|102Ah_35degC_1C_cell1|3426|2022-07-29T14:25:19|2022-07-29T15:21:19,five recent strictly completed charge events; outer 5-cell fit; inner group selected
M4_wave_residual_v1,M4_wave_noT,102Ah_35degC_1C_cell1,21,3593,2022-08-18T21:23:25,2022-08-18T20:53:17,81.12961008406299,82.75220228574425,80.772770206658,0.7136797548099751,0.5,102Ah_35degC_1C_cell1|3589|2022-08-18T08:48:21|2022-08-18T09:44:21|#|102Ah_35degC_1C_cell1|3590|2022-08-18T11:35:36|2022-08-18T12:31:35|#|102Ah_35degC_1C_cell1|3591|2022-08-18T14:22:50|2022-08-18T15:18:50|#|102Ah_35degC_1C_cell1|3592|2022-08-18T17:10:04|2022-08-18T18:06:04|#|102Ah_35degC_1C_cell1|3593|2022-08-18T19:57:17|2022-08-18T20:53:17,five recent strictly completed charge events; outer 5-cell fit; inner group selected
M4_wave_residual_v1,M4_wave_noT,102Ah_35degC_1C_cell1,22,3759,2022-09-07T03:20:56,2022-09-07T02:50:32,79.87351855502139,81.47098892612182,79.48986408637289,0.7673089372970084,0.5,102Ah_35degC_1C_cell1|3755|2022-09-06T14:48:42|2022-09-06T15:44:12|#|102Ah_35degC_1C_cell1|3756|2022-09-06T17:35:18|2022-09-06T18:30:48|#|102Ah_35degC_1C_cell1|3757|2022-09-06T20:21:53|2022-09-06T21:17:23|#|102Ah_35degC_1C_cell1|3758|2022-09-06T23:08:28|2022-09-07T00:03:58|#|102Ah_35degC_1C_cell1|3759|2022-09-07T01:55:02|2022-09-07T02:50:32,five recent strictly completed charge events; outer 5-cell fit; inner group selected
M4_wave_residual_v1,M4_wave_noT,102Ah_35degC_1C_cell1,23,3925,2022-09-28T15:14:49,2022-09-28T14:44:19,78.50191221837126,80.07195046273868,78.12111508994906,0.7615942568443941,0.5,102Ah_35degC_1C_cell1|3921|2022-09-28T02:46:12|2022-09-28T03:41:42|#|102Ah_35degC_1C_cell1|3922|2022-09-28T05:32:00|2022-09-28T06:27:30|#|102Ah_35degC_1C_cell1|3923|2022-09-28T08:17:47|2022-09-28T09:13:17|#|102Ah_35degC_1C_cell1|3924|2022-09-28T11:03:34|2022-09-28T11:58:34|#|102Ah_35degC_1C_cell1|3925|2022-09-28T13:49:20|2022-09-28T14:44:19,five recent strictly completed charge events; outer 5-cell fit; inner group selected
M4_wave_residual_v1,M4_wave_noT,102Ah_35degC_1C_cell1,24,4091,2022-10-27T02:37:28,2022-10-18T14:37:18,77.1940189938439,78.73789937372078,76.67690750816516,1.0342229713574675,0.5,102Ah_35degC_1C_cell1|4013|2022-10-18T02:41:45|2022-10-18T03:36:45|#|102Ah_35degC_1C_cell1|4014|2022-10-18T05:26:54|2022-10-18T06:21:54|#|102Ah_35degC_1C_cell1|4015|2022-10-18T08:12:02|2022-10-18T09:07:02|#|102Ah_35degC_1C_cell1|4016|2022-10-18T10:57:11|2022-10-18T11:52:11|#|102Ah_35degC_1C_cell1|4017|2022-10-18T13:42:18|2022-10-18T14:37:18,five recent strictly completed charge events; outer 5-cell fit; inner group selected
M4_wave_residual_v1,M4_wave_noT,102Ah_35degC_1C_cell1,25,4257,2022-11-18T07:56:53,2022-10-18T14:37:18,75.7792438401556,77.2948287169587,75.1684016098831,1.2216844605449904,0.5,102Ah_35degC_1C_cell1|4013|2022-10-18T02:41:45|2022-10-18T03:36:45|#|102Ah_35degC_1C_cell1|4014|2022-10-18T05:26:54|2022-10-18T06:21:54|#|102Ah_35degC_1C_cell1|4015|2022-10-18T08:12:02|2022-10-18T09:07:02|#|102Ah_35degC_1C_cell1|4016|2022-10-18T10:57:11|2022-10-18T11:52:11|#|102Ah_35degC_1C_cell1|4017|2022-10-18T13:42:18|2022-10-18T14:37:18,five recent strictly completed charge events; outer 5-cell fit; inner group selected
M4_wave_residual_v1,M4_wave_noT,102Ah_35degC_1C_cell1,26,4423,2022-12-07T04:23:02,2022-10-18T14:37:18,74.19730045440834,75.6812464634965,73.6063262497111,1.1819484093944659,0.5,102Ah_35degC_1C_cell1|4013|2022-10-18T02:41:45|2022-10-18T03:36:45|#|102Ah_35degC_1C_cell1|4014|2022-10-18T05:26:54|2022-10-18T06:21:54|#|102Ah_35degC_1C_cell1|4015|2022-10-18T08:12:02|2022-10-18T09:07:02|#|102Ah_35degC_1C_cell1|4016|2022-10-18T10:57:11|2022-10-18T11:52:11|#|102Ah_35degC_1C_cell1|4017|2022-10-18T13:42:18|2022-10-18T14:37:18,five recent strictly completed charge events; outer 5-cell fit; inner group selected
M4_wave_residual_v1,M4_wave_noT,102Ah_35degC_1C_cell1,27,4589,2022-12-25T22:31:35,2022-10-18T14:37:18,72.57078950095622,74.02220529097535,72.0002876018159,1.1410037982806467,0.5,102Ah_35degC_1C_cell1|4013|2022-10-18T02:41:45|2022-10-18T03:36:45|#|102Ah_35degC_1C_cell1|4014|2022-10-18T05:26:54|2022-10-18T06:21:54|#|102Ah_35degC_1C_cell1|4015|2022-10-18T08:12:02|2022-10-18T09:07:02|#|102Ah_35degC_1C_cell1|4016|2022-10-18T10:57:11|2022-10-18T11:52:11|#|102Ah_35degC_1C_cell1|4017|2022-10-18T13:42:18|2022-10-18T14:37:18,five recent strictly completed charge events; outer 5-cell fit; inner group selected
M4_wave_residual_v1,M4_wave_noT,102Ah_35degC_1C_cell1,28,4755,2023-01-13T18:23:37,2023-01-13T17:53:34,70.64168389547746,72.054517573387,70.35850033363275,0.5663671236894305,0.5,102Ah_35degC_1C_cell1|4751|2023-01-13T06:15:43|2023-01-13T07:09:13|#|102Ah_35degC_1C_cell1|4752|2023-01-13T08:56:49|2023-01-13T09:50:19|#|102Ah_35degC_1C_cell1|4753|2023-01-13T11:37:55|2023-01-13T12:31:25|#|102Ah_35degC_1C_cell1|4754|2023-01-13T14:19:00|2023-01-13T15:12:30|#|102Ah_35degC_1C_cell1|4755|2023-01-13T17:00:04|2023-01-13T17:53:34,five recent strictly completed charge events; outer 5-cell fit; inner group selected
M4_wave_residual_v1,M4_wave_noT,102Ah_35degC_1C_cell1,29,4921,2023-02-10T14:20:29,2023-02-06T07:52:50,68.90668269921476,70.28481635319905,68.68778751478594,0.4377903688576288,0.5,102Ah_35degC_1C_cell1|4879|2023-02-05T20:19:31|2023-02-05T21:12:31|#|102Ah_35degC_1C_cell1|4880|2023-02-05T22:59:37|2023-02-05T23:52:37|#|102Ah_35degC_1C_cell1|4881|2023-02-06T01:39:43|2023-02-06T02:32:43|#|102Ah_35degC_1C_cell1|4882|2023-02-06T04:19:48|2023-02-06T05:12:48|#|102Ah_35degC_1C_cell1|4883|2023-02-06T06:59:51|2023-02-06T07:52:50,five recent strictly completed charge events; outer 5-cell fit; inner group selected
M4_wave_residual_v1,M4_wave_noT,102Ah_35degC_1C_cell1,30,5087,2023-03-01T08:19:54,2023-02-06T07:52:50,67.35223904686232,68.69928382779958,66.99371726425468,0.717043565215283,0.5,102Ah_35degC_1C_cell1|4879|2023-02-05T20:19:31|2023-02-05T21:12:31|#|102Ah_35degC_1C_cell1|4880|2023-02-05T22:59:37|2023-02-05T23:52:37|#|102Ah_35degC_1C_cell1|4881|2023-02-06T01:39:43|2023-02-06T02:32:43|#|102Ah_35degC_1C_cell1|4882|2023-02-06T04:19:48|2023-02-06T05:12:48|#|102Ah_35degC_1C_cell1|4883|2023-02-06T06:59:51|2023-02-06T07:52:50,five recent strictly completed charge events; outer 5-cell fit; inner group selected
M4_wave_residual_v1,M4_wave_T,102Ah_35degC_1C_cell1,1,270,2021-06-03T14:07:43,2021-06-03T13:37:17,96.44907479645528,98.37805629238439,96.56648639418546,-0.23482319546036412,0.5,102Ah_35degC_1C_cell1|266|2021-06-03T00:25:48|2021-06-03T01:27:47|#|102Ah_35degC_1C_cell1|267|2021-06-03T03:28:10|2021-06-03T04:30:10|#|102Ah_35degC_1C_cell1|268|2021-06-03T06:30:33|2021-06-03T07:32:33|#|102Ah_35degC_1C_cell1|269|2021-06-03T09:32:56|2021-06-03T10:34:56|#|102Ah_35degC_1C_cell1|270|2021-06-03T12:35:17|2021-06-03T13:37:17,five recent strictly completed charge events; outer 5-cell fit; inner group selected
M4_wave_residual_v1,M4_wave_T,102Ah_35degC_1C_cell1,2,436,2021-06-26T12:31:18,2021-06-26T12:00:53,95.15117562666082,97.05419913919403,95.34380225883244,-0.3852532643432587,0.5,102Ah_35degC_1C_cell1|432|2021-06-25T22:54:47|2021-06-25T23:56:17|#|102Ah_35degC_1C_cell1|433|2021-06-26T01:55:58|2021-06-26T02:57:27|#|102Ah_35degC_1C_cell1|434|2021-06-26T04:57:06|2021-06-26T05:58:36|#|102Ah_35degC_1C_cell1|435|2021-06-26T07:58:14|2021-06-26T08:59:44|#|102Ah_35degC_1C_cell1|436|2021-06-26T10:59:23|2021-06-26T12:00:53,five recent strictly completed charge events; outer 5-cell fit; inner group selected
M4_wave_residual_v1,M4_wave_T,102Ah_35degC_1C_cell1,3,602,2021-07-17T21:34:21,2021-07-17T21:04:18,94.18604549841969,96.06976640838808,94.3759542377409,-0.37981747864241955,0.5,102Ah_35degC_1C_cell1|598|2021-07-17T08:01:54|2021-07-17T09:03:24|#|102Ah_35degC_1C_cell1|599|2021-07-17T11:02:08|2021-07-17T12:03:38|#|102Ah_35degC_1C_cell1|600|2021-07-17T14:02:23|2021-07-17T15:03:53|#|102Ah_35degC_1C_cell1|601|2021-07-17T17:02:35|2021-07-17T18:04:05|#|102Ah_35degC_1C_cell1|602|2021-07-17T20:02:49|2021-07-17T21:04:18,five recent strictly completed charge events; outer 5-cell fit; inner group selected
M4_wave_residual_v1,M4_wave_T,102Ah_35degC_1C_cell1,4,768,2021-08-07T14:54:02,2021-08-07T14:23:53,93.45465176158108,95.3237447968127,93.54930229930748,-0.18930107545282904,0.5,102Ah_35degC_1C_cell1|764|2021-08-07T01:25:38|2021-08-07T02:26:38|#|102Ah_35degC_1C_cell1|765|2021-08-07T04:24:56|2021-08-07T05:25:56|#|102Ah_35degC_1C_cell1|766|2021-08-07T07:24:17|2021-08-07T08:25:16|#|102Ah_35degC_1C_cell1|767|2021-08-07T10:23:35|2021-08-07T11:24:35|#|102Ah_35degC_1C_cell1|768|2021-08-07T13:22:54|2021-08-07T14:23:53,five recent strictly completed charge events; outer 5-cell fit; inner group selected
M4_wave_residual_v1,M4_wave_T,102Ah_35degC_1C_cell1,5,934,2021-08-28T07:55:03,2021-08-28T07:24:47,92.65051262696191,94.50352287950115,92.81181186431527,-0.322598474706729,0.5,102Ah_35degC_1C_cell1|930|2021-08-27T18:30:07|2021-08-27T19:30:37|#|102Ah_35degC_1C_cell1|931|2021-08-27T21:28:40|2021-08-27T22:29:10|#|102Ah_35degC_1C_cell1|932|2021-08-28T00:27:13|2021-08-28T01:27:43|#|102Ah_35degC_1C_cell1|933|2021-08-28T03:25:44|2021-08-28T04:26:14|#|102Ah_35degC_1C_cell1|934|2021-08-28T06:24:17|2021-08-28T07:24:47,five recent strictly completed charge events; outer 5-cell fit; inner group selected
M4_wave_residual_v1,M4_wave_T,102Ah_35degC_1C_cell1,6,1101,2021-09-18T20:21:50,2021-09-18T19:51:26,92.0163497182693,93.8566767126347,92.13017067392376,-0.22764191130893496,0.5,102Ah_35degC_1C_cell1|1097|2021-09-18T07:00:38|2021-09-18T08:00:38|#|102Ah_35degC_1C_cell1|1098|2021-09-18T09:58:20|2021-09-18T10:58:20|#|102Ah_35degC_1C_cell1|1099|2021-09-18T12:56:02|2021-09-18T13:56:02|#|102Ah_35degC_1C_cell1|1100|2021-09-18T15:53:43|2021-09-18T16:53:43|#|102Ah_35degC_1C_cell1|1101|2021-09-18T18:51:26|2021-09-18T19:51:26,five recent strictly completed charge events; outer 5-cell fit; inner group selected
M4_wave_residual_v1,M4_wave_T,102Ah_35degC_1C_cell1,7,1267,2021-10-16T11:51:45,2021-10-16T11:21:41,91.39132981115188,93.21915640737492,91.49343571830867,-0.20421181431358115,0.5,102Ah_35degC_1C_cell1|1263|2021-10-15T22:34:04|2021-10-15T23:34:04|#|102Ah_35degC_1C_cell1|1264|2021-10-16T01:30:58|2021-10-16T02:30:58|#|102Ah_35degC_1C_cell1|1265|2021-10-16T04:27:53|2021-10-16T05:27:53|#|102Ah_35degC_1C_cell1|1266|2021-10-16T07:24:47|2021-10-16T08:24:47|#|102Ah_35degC_1C_cell1|1267|2021-10-16T10:21:41|2021-10-16T11:21:41,five recent strictly completed charge events; outer 5-cell fit; inner group selected
M4_wave_residual_v1,M4_wave_T,102Ah_35degC_1C_cell1,8,1433,2021-11-05T21:30:25,2021-11-05T21:00:13,90.82428326634468,92.64076893167157,90.88363900678894,-0.11871148088851657,0.5,102Ah_35degC_1C_cell1|1429|2021-11-05T08:16:05|2021-11-05T09:15:35|#|102Ah_35degC_1C_cell1|1430|2021-11-05T11:12:16|2021-11-05T12:11:46|#|102Ah_35degC_1C_cell1|1431|2021-11-05T14:08:26|2021-11-05T15:07:56|#|102Ah_35degC_1C_cell1|1432|2021-11-05T17:04:34|2021-11-05T18:04:04|#|102Ah_35degC_1C_cell1|1433|2021-11-05T20:00:43|2021-11-05T21:00:13,five recent strictly completed charge events; outer 5-cell fit; inner group selected
M4_wave_residual_v1,M4_wave_T,102Ah_35degC_1C_cell1,9,1599,2021-11-30T20:18:42,2021-11-30T19:48:13,90.19906636878373,92.00304769615941,90.28984653396364,-0.1815603303598181,0.5,102Ah_35degC_1C_cell1|1595|2021-11-30T07:07:00|2021-11-30T08:06:00|#|102Ah_35degC_1C_cell1|1596|2021-11-30T10:02:34|2021-11-30T11:01:33|#|102Ah_35degC_1C_cell1|1597|2021-11-30T12:58:07|2021-11-30T13:57:07|#|102Ah_35degC_1C_cell1|1598|2021-11-30T15:53:40|2021-11-30T16:52:40|#|102Ah_35degC_1C_cell1|1599|2021-11-30T18:49:13|2021-11-30T19:48:13,five recent strictly completed charge events; outer 5-cell fit; inner group selected
M4_wave_residual_v1,M4_wave_T,102Ah_35degC_1C_cell1,10,1765,2021-12-21T00:58:32,2021-12-21T00:28:22,89.59633283571675,91.38825949243108,89.70253804988933,-0.212410428345154,0.5,102Ah_35degC_1C_cell1|1761|2021-12-20T11:50:08|2021-12-20T12:49:08|#|102Ah_35degC_1C_cell1|1762|2021-12-20T14:44:57|2021-12-20T15:43:56|#|102Ah_35degC_1C_cell1|1763|2021-12-20T17:39:45|2021-12-20T18:38:45|#|102Ah_35degC_1C_cell1|1764|2021-12-20T20:34:35|2021-12-20T21:33:34|#|102Ah_35degC_1C_cell1|1765|2021-12-20T23:29:22|2021-12-21T00:28:22,five recent strictly completed charge events; outer 5-cell fit; inner group selected
M4_wave_residual_v1,M4_wave_T,102Ah_35degC_1C_cell1,11,1932,2022-01-10T05:02:58,2022-01-10T04:32:44,89.1381405027308,90.92090331278543,89.10915018170874,0.05798064204412867,0.5,102Ah_35degC_1C_cell1|1928|2022-01-09T15:59:14|2022-01-09T16:57:44|#|102Ah_35degC_1C_cell1|1929|2022-01-09T18:52:59|2022-01-09T19:51:29|#|102Ah_35degC_1C_cell1|1930|2022-01-09T21:46:45|2022-01-09T22:45:15|#|102Ah_35degC_1C_cell1|1931|2022-01-10T00:40:30|2022-01-10T01:39:00|#|102Ah_35degC_1C_cell1|1932|2022-01-10T03:34:14|2022-01-10T04:32:44,five recent strictly completed charge events; outer 5-cell fit; inner group selected
M4_wave_residual_v1,M4_wave_T,102Ah_35degC_1C_cell1,12,2098,2022-02-09T07:46:51,2022-02-09T07:16:35,88.5783562516415,90.34992337667433,88.50767198456785,0.14136853414730366,0.5,102Ah_35degC_1C_cell1|2094|2022-02-08T18:47:21|2022-02-08T19:45:21|#|102Ah_35degC_1C_cell1|2095|2022-02-08T21:40:08|2022-02-08T22:38:08|#|102Ah_35degC_1C_cell1|2096|2022-02-09T00:32:59|2022-02-09T01:30:59|#|102Ah_35degC_1C_cell1|2097|2022-02-09T03:25:47|2022-02-09T04:23:46|#|102Ah_35degC_1C_cell1|2098|2022-02-09T06:18:35|2022-02-09T07:16:35,five recent strictly completed charge events; outer 5-cell fit; inner group selected
M4_wave_residual_v1,M4_wave_T,102Ah_35degC_1C_cell1,13,2264,2022-03-01T05:00:07,2022-03-01T04:29:39,87.8853836897323,89.64309136352695,87.88493760173118,0.0008921760022131409,0.5,102Ah_35degC_1C_cell1|2260|2022-02-28T16:03:28|2022-02-28T17:00:58|#|102Ah_35degC_1C_cell1|2261|2022-02-28T18:55:39|2022-02-28T19:53:08|#|102Ah_35degC_1C_cell1|2262|2022-02-28T21:47:49|2022-02-28T22:45:19|#|102Ah_35degC_1C_cell1|2263|2022-03-01T00:39:58|2022-03-01T01:37:28|#|102Ah_35degC_1C_cell1|2264|2022-03-01T03:32:09|2022-03-01T04:29:39,five recent strictly completed charge events; outer 5-cell fit; inner group selected
M4_wave_residual_v1,M4_wave_T,102Ah_35degC_1C_cell1,14,2430,2022-03-21T00:27:46,2022-03-20T23:57:32,87.24990799615753,88.99490615608069,87.23042642407319,0.03896314416870417,0.5,102Ah_35degC_1C_cell1|2426|2022-03-20T11:33:54|2022-03-20T12:31:23|#|102Ah_35degC_1C_cell1|2427|2022-03-20T14:25:26|2022-03-20T15:22:56|#|102Ah_35degC_1C_cell1|2428|2022-03-20T17:16:58|2022-03-20T18:14:28|#|102Ah_35degC_1C_cell1|2429|2022-03-20T20:08:30|2022-03-20T21:06:00|#|102Ah_35degC_1C_cell1|2430|2022-03-20T23:00:02|2022-03-20T23:57:32,five recent strictly completed charge events; outer 5-cell fit; inner group selected
M4_wave_residual_v1,M4_wave_T,102Ah_35degC_1C_cell1,15,2596,2022-04-09T23:53:17,2022-04-09T23:22:47,86.58822431022477,88.31998879642926,86.53257025127846,0.1113081178926405,0.5,102Ah_35degC_1C_cell1|2592|2022-04-09T11:01:47|2022-04-09T11:59:17|#|102Ah_35degC_1C_cell1|2593|2022-04-09T13:52:56|2022-04-09T14:50:26|#|102Ah_35degC_1C_cell1|2594|2022-04-09T16:43:55|2022-04-09T17:41:25|#|102Ah_35degC_1C_cell1|2595|2022-04-09T19:34:50|2022-04-09T20:32:21|#|102Ah_35degC_1C_cell1|2596|2022-04-09T22:25:47|2022-04-09T23:22:47,five recent strictly completed charge events; outer 5-cell fit; inner group selected
M4_wave_residual_v1,M4_wave_T,102Ah_35degC_1C_cell1,16,2762,2022-05-02T01:09:21,2022-05-02T00:38:59,86.2205164335259,87.94492676219643,85.77888118926242,0.883270488526952,0.5,102Ah_35degC_1C_cell1|2758|2022-05-01T12:20:22|2022-05-01T13:17:21|#|102Ah_35degC_1C_cell1|2759|2022-05-01T15:10:46|2022-05-01T16:07:46|#|102Ah_35degC_1C_cell1|2760|2022-05-01T18:01:11|2022-05-01T18:58:11|#|102Ah_35degC_1C_cell1|2761|2022-05-01T20:51:34|2022-05-01T21:48:34|#|102Ah_35degC_1C_cell1|2762|2022-05-01T23:41:59|2022-05-02T00:38:59,five recent strictly completed charge events; outer 5-cell fit; inner group selected
M4_wave_residual_v1,M4_wave_T,102Ah_35degC_1C_cell1,17,2928,2022-05-26T03:29:04,2022-05-26T02:58:47,85.70788761826881,87.42204537063418,84.95650513114389,1.5027649742498637,0.5,102Ah_35degC_1C_cell1|2924|2022-05-25T14:44:22|2022-05-25T15:40:52|#|102Ah_35degC_1C_cell1|2925|2022-05-25T17:33:53|2022-05-25T18:30:23|#|102Ah_35degC_1C_cell1|2926|2022-05-25T20:23:21|2022-05-25T21:19:51|#|102Ah_35degC_1C_cell1|2927|2022-05-25T23:12:51|2022-05-26T00:09:20|#|102Ah_35degC_1C_cell1|2928|2022-05-26T02:02:17|2022-05-26T02:58:47,five recent strictly completed charge events; outer 5-cell fit; inner group selected
M4_wave_residual_v1,M4_wave_T,102Ah_35degC_1C_cell1,18,3094,2022-06-20T06:53:33,2022-06-20T06:23:15,84.54989255902036,86.24089041020078,84.05330237252414,0.9931803729924406,0.5,102Ah_35degC_1C_cell1|3090|2022-06-19T18:10:54|2022-06-19T19:07:24|#|102Ah_35degC_1C_cell1|3091|2022-06-19T20:59:52|2022-06-19T21:56:22|#|102Ah_35degC_1C_cell1|3092|2022-06-19T23:48:49|2022-06-20T00:45:19|#|102Ah_35degC_1C_cell1|3093|2022-06-20T02:37:48|2022-06-20T03:34:18|#|102Ah_35degC_1C_cell1|3094|2022-06-20T05:26:45|2022-06-20T06:23:15,five recent strictly completed charge events; outer 5-cell fit; inner group selected
M4_wave_residual_v1,M4_wave_T,102Ah_35degC_1C_cell1,19,3260,2022-07-10T05:01:43,2022-07-10T04:31:31,83.34841721946263,85.0153855638519,83.05938084246537,0.5780727539945059,0.5,102Ah_35degC_1C_cell1|3256|2022-07-09T16:20:57|2022-07-09T17:17:27|#|102Ah_35degC_1C_cell1|3257|2022-07-09T19:09:28|2022-07-09T20:05:58|#|102Ah_35degC_1C_cell1|3258|2022-07-09T21:57:59|2022-07-09T22:54:29|#|102Ah_35degC_1C_cell1|3259|2022-07-10T00:46:30|2022-07-10T01:43:00|#|102Ah_35degC_1C_cell1|3260|2022-07-10T03:35:01|2022-07-10T04:31:31,five recent strictly completed charge events; outer 5-cell fit; inner group selected
M4_wave_residual_v1,M4_wave_T,102Ah_35degC_1C_cell1,20,3426,2022-07-29T15:51:45,2022-07-29T15:21:19,82.40794053625974,84.05609934698494,81.9687111825885,0.878458707342466,0.5,102Ah_35degC_1C_cell1|3422|2022-07-29T03:13:57|2022-07-29T04:09:57|#|102Ah_35degC_1C_cell1|3423|2022-07-29T06:01:48|2022-07-29T06:57:48|#|102Ah_35degC_1C_cell1|3424|2022-07-29T08:49:38|2022-07-29T09:45:38|#|102Ah_35degC_1C_cell1|3425|2022-07-29T11:37:27|2022-07-29T12:33:27|#|102Ah_35degC_1C_cell1|3426|2022-07-29T14:25:19|2022-07-29T15:21:19,five recent strictly completed charge events; outer 5-cell fit; inner group selected
M4_wave_residual_v1,M4_wave_T,102Ah_35degC_1C_cell1,21,3593,2022-08-18T21:23:25,2022-08-18T20:53:17,81.22835791368577,82.85292507195949,80.772770206658,0.9111754140555564,0.5,102Ah_35degC_1C_cell1|3589|2022-08-18T08:48:21|2022-08-18T09:44:21|#|102Ah_35degC_1C_cell1|3590|2022-08-18T11:35:36|2022-08-18T12:31:35|#|102Ah_35degC_1C_cell1|3591|2022-08-18T14:22:50|2022-08-18T15:18:50|#|102Ah_35degC_1C_cell1|3592|2022-08-18T17:10:04|2022-08-18T18:06:04|#|102Ah_35degC_1C_cell1|3593|2022-08-18T19:57:17|2022-08-18T20:53:17,five recent strictly completed charge events; outer 5-cell fit; inner group selected
M4_wave_residual_v1,M4_wave_T,102Ah_35degC_1C_cell1,22,3759,2022-09-07T03:20:56,2022-09-07T02:50:32,79.94089651173577,81.53971444197049,79.48986408637289,0.9020648507257599,0.5,102Ah_35degC_1C_cell1|3755|2022-09-06T14:48:42|2022-09-06T15:44:12|#|102Ah_35degC_1C_cell1|3756|2022-09-06T17:35:18|2022-09-06T18:30:48|#|102Ah_35degC_1C_cell1|3757|2022-09-06T20:21:53|2022-09-06T21:17:23|#|102Ah_35degC_1C_cell1|3758|2022-09-06T23:08:28|2022-09-07T00:03:58|#|102Ah_35degC_1C_cell1|3759|2022-09-07T01:55:02|2022-09-07T02:50:32,five recent strictly completed charge events; outer 5-cell fit; inner group selected
M4_wave_residual_v1,M4_wave_T,102Ah_35degC_1C_cell1,23,3925,2022-09-28T15:14:49,2022-09-28T14:44:19,78.67838143177734,80.25194906041288,78.12111508994906,1.1145326836565583,0.5,102Ah_35degC_1C_cell1|3921|2022-09-28T02:46:12|2022-09-28T03:41:42|#|102Ah_35degC_1C_cell1|3922|2022-09-28T05:32:00|2022-09-28T06:27:30|#|102Ah_35degC_1C_cell1|3923|2022-09-28T08:17:47|2022-09-28T09:13:17|#|102Ah_35degC_1C_cell1|3924|2022-09-28T11:03:34|2022-09-28T11:58:34|#|102Ah_35degC_1C_cell1|3925|2022-09-28T13:49:20|2022-09-28T14:44:19,five recent strictly completed charge events; outer 5-cell fit; inner group selected
M4_wave_residual_v1,M4_wave_T,102Ah_35degC_1C_cell1,24,4091,2022-10-27T02:37:28,2022-10-18T14:37:18,77.36456840460369,78.91185977269576,76.67690750816516,1.3753217928770565,0.5,102Ah_35degC_1C_cell1|4013|2022-10-18T02:41:45|2022-10-18T03:36:45|#|102Ah_35degC_1C_cell1|4014|2022-10-18T05:26:54|2022-10-18T06:21:54|#|102Ah_35degC_1C_cell1|4015|2022-10-18T08:12:02|2022-10-18T09:07:02|#|102Ah_35degC_1C_cell1|4016|2022-10-18T10:57:11|2022-10-18T11:52:11|#|102Ah_35degC_1C_cell1|4017|2022-10-18T13:42:18|2022-10-18T14:37:18,five recent strictly completed charge events; outer 5-cell fit; inner group selected
M4_wave_residual_v1,M4_wave_T,102Ah_35degC_1C_cell1,25,4257,2022-11-18T07:56:53,2022-10-18T14:37:18,75.96550167066705,77.4848117040804,75.1684016098831,1.5942001215679031,0.5,102Ah_35degC_1C_cell1|4013|2022-10-18T02:41:45|2022-10-18T03:36:45|#|102Ah_35degC_1C_cell1|4014|2022-10-18T05:26:54|2022-10-18T06:21:54|#|102Ah_35degC_1C_cell1|4015|2022-10-18T08:12:02|2022-10-18T09:07:02|#|102Ah_35degC_1C_cell1|4016|2022-10-18T10:57:11|2022-10-18T11:52:11|#|102Ah_35degC_1C_cell1|4017|2022-10-18T13:42:18|2022-10-18T14:37:18,five recent strictly completed charge events; outer 5-cell fit; inner group selected
M4_wave_residual_v1,M4_wave_T,102Ah_35degC_1C_cell1,26,4423,2022-12-07T04:23:02,2022-10-18T14:37:18,74.39160500598412,75.8794371061038,73.6063262497111,1.5705575125460374,0.5,102Ah_35degC_1C_cell1|4013|2022-10-18T02:41:45|2022-10-18T03:36:45|#|102Ah_35degC_1C_cell1|4014|2022-10-18T05:26:54|2022-10-18T06:21:54|#|102Ah_35degC_1C_cell1|4015|2022-10-18T08:12:02|2022-10-18T09:07:02|#|102Ah_35degC_1C_cell1|4016|2022-10-18T10:57:11|2022-10-18T11:52:11|#|102Ah_35degC_1C_cell1|4017|2022-10-18T13:42:18|2022-10-18T14:37:18,five recent strictly completed charge events; outer 5-cell fit; inner group selected
M4_wave_residual_v1,M4_wave_T,102Ah_35degC_1C_cell1,27,4589,2022-12-25T22:31:35,2022-10-18T14:37:18,72.7733468523182,74.22881378936455,72.0002876018159,1.5461185010045968,0.5,102Ah_35degC_1C_cell1|4013|2022-10-18T02:41:45|2022-10-18T03:36:45|#|102Ah_35degC_1C_cell1|4014|2022-10-18T05:26:54|2022-10-18T06:21:54|#|102Ah_35degC_1C_cell1|4015|2022-10-18T08:12:02|2022-10-18T09:07:02|#|102Ah_35degC_1C_cell1|4016|2022-10-18T10:57:11|2022-10-18T11:52:11|#|102Ah_35degC_1C_cell1|4017|2022-10-18T13:42:18|2022-10-18T14:37:18,five recent strictly completed charge events; outer 5-cell fit; inner group selected
M4_wave_residual_v1,M4_wave_T,102Ah_35degC_1C_cell1,28,4755,2023-01-13T18:23:37,2023-01-13T17:53:34,70.9396660188573,72.35845933923444,70.35850033363275,1.162331370449095,0.5,102Ah_35degC_1C_cell1|4751|2023-01-13T06:15:43|2023-01-13T07:09:13|#|102Ah_35degC_1C_cell1|4752|2023-01-13T08:56:49|2023-01-13T09:50:19|#|102Ah_35degC_1C_cell1|4753|2023-01-13T11:37:55|2023-01-13T12:31:25|#|102Ah_35degC_1C_cell1|4754|2023-01-13T14:19:00|2023-01-13T15:12:30|#|102Ah_35degC_1C_cell1|4755|2023-01-13T17:00:04|2023-01-13T17:53:34,five recent strictly completed charge events; outer 5-cell fit; inner group selected
M4_wave_residual_v1,M4_wave_T,102Ah_35degC_1C_cell1,29,4921,2023-02-10T14:20:29,2023-02-06T07:52:50,69.24876983634093,70.63374523306774,68.68778751478594,1.1219646431099695,0.5,102Ah_35degC_1C_cell1|4879|2023-02-05T20:19:31|2023-02-05T21:12:31|#|102Ah_35degC_1C_cell1|4880|2023-02-05T22:59:37|2023-02-05T23:52:37|#|102Ah_35degC_1C_cell1|4881|2023-02-06T01:39:43|2023-02-06T02:32:43|#|102Ah_35degC_1C_cell1|4882|2023-02-06T04:19:48|2023-02-06T05:12:48|#|102Ah_35degC_1C_cell1|4883|2023-02-06T06:59:51|2023-02-06T07:52:50,five recent strictly completed charge events; outer 5-cell fit; inner group selected
M4_wave_residual_v1,M4_wave_T,102Ah_35degC_1C_cell1,30,5087,2023-03-01T08:19:54,2023-02-06T07:52:50,67.71447109318046,69.06876051504406,66.99371726425468,1.441507657851567,0.5,102Ah_35degC_1C_cell1|4879|2023-02-05T20:19:31|2023-02-05T21:12:31|#|102Ah_35degC_1C_cell1|4880|2023-02-05T22:59:37|2023-02-05T23:52:37|#|102Ah_35degC_1C_cell1|4881|2023-02-06T01:39:43|2023-02-06T02:32:43|#|102Ah_35degC_1C_cell1|4882|2023-02-06T04:19:48|2023-02-06T05:12:48|#|102Ah_35degC_1C_cell1|4883|2023-02-06T06:59:51|2023-02-06T07:52:50,five recent strictly completed charge events; outer 5-cell fit; inner group selected
M4_wave_residual_v1,M4_wave_noT,102Ah_45degC_0p5C_cell3,1,217,2021-07-03T19:42:42,2021-07-03T19:12:33,97.47122594873622,99.42065046771094,97.27659114580898,0.7785392117089672,0.25,102Ah_45degC_0p5C_cell3|213|2021-07-02T21:15:41|2021-07-02T23:15:53|#|102Ah_45degC_0p5C_cell3|214|2021-07-03T02:14:57|2021-07-03T04:14:57|#|102Ah_45degC_0p5C_cell3|215|2021-07-03T07:14:10|2021-07-03T09:14:12|#|102Ah_45degC_0p5C_cell3|216|2021-07-03T12:13:23|2021-07-03T14:13:23|#|102Ah_45degC_0p5C_cell3|217|2021-07-03T17:12:33|2021-07-03T19:12:33,five recent strictly completed charge events; outer 5-cell fit; inner group selected
M4_wave_residual_v1,M4_wave_noT,102Ah_45degC_0p5C_cell3,2,350,2021-08-01T02:17:35,2021-08-01T01:47:11,96.17694800130529,98.10048696133138,95.9548501509274,0.8883914015115458,0.25,102Ah_45degC_0p5C_cell3|346|2021-07-31T04:02:20|2021-07-31T06:01:15|#|102Ah_45degC_0p5C_cell3|347|2021-07-31T08:58:56|2021-07-31T10:57:27|#|102Ah_45degC_0p5C_cell3|348|2021-07-31T13:55:33|2021-07-31T15:54:02|#|102Ah_45degC_0p5C_cell3|349|2021-07-31T18:52:08|2021-07-31T20:50:37|#|102Ah_45degC_0p5C_cell3|350|2021-07-31T23:48:41|2021-08-01T01:47:11,five recent strictly completed charge events; outer 5-cell fit; inner group selected
M4_wave_residual_v1,M4_wave_noT,102Ah_45degC_0p5C_cell3,3,483,2021-08-28T10:10:12,2021-08-28T09:39:50,95.13002692508341,97.03262746358509,94.88250109126236,0.9901033352842351,0.25,102Ah_45degC_0p5C_cell3|479|2021-08-27T12:04:34|2021-08-27T14:02:04|#|102Ah_45degC_0p5C_cell3|480|2021-08-27T16:59:02|2021-08-27T18:56:33|#|102Ah_45degC_0p5C_cell3|481|2021-08-27T21:53:29|2021-08-27T23:51:21|#|102Ah_45degC_0p5C_cell3|482|2021-08-28T02:47:55|2021-08-28T04:45:25|#|102Ah_45degC_0p5C_cell3|483|2021-08-28T07:42:19|2021-08-28T09:39:50,five recent strictly completed charge events; outer 5-cell fit; inner group selected
M4_wave_residual_v1,M4_wave_noT,102Ah_45degC_0p5C_cell3,4,620,2021-09-26T22:48:34,2021-09-26T22:18:34,94.13759247002989,96.02034431943048,93.91706514895232,0.8821092843102856,0.25,102Ah_45degC_0p5C_cell3|616|2021-09-26T00:51:29|2021-09-26T02:48:27|#|102Ah_45degC_0p5C_cell3|617|2021-09-26T05:44:02|2021-09-26T07:41:00|#|102Ah_45degC_0p5C_cell3|618|2021-09-26T10:36:35|2021-09-26T12:33:05|#|102Ah_45degC_0p5C_cell3|619|2021-09-26T15:29:06|2021-09-26T17:26:03|#|102Ah_45degC_0p5C_cell3|620|2021-09-26T20:21:37|2021-09-26T22:18:34,five recent strictly completed charge events; outer 5-cell fit; inner group selected
M4_wave_residual_v1,M4_wave_noT,102Ah_45degC_0p5C_cell3,5,754,2021-11-01T06:58:55,2021-11-01T06:28:54,93.32941502266328,95.19600332311654,93.05427401987858,1.1005640111388444,0.25,102Ah_45degC_0p5C_cell3|750|2021-10-31T09:10:25|2021-10-31T11:06:28|#|102Ah_45degC_0p5C_cell3|751|2021-10-31T14:01:04|2021-10-31T15:57:05|#|102Ah_45degC_0p5C_cell3|752|2021-10-31T18:51:42|2021-10-31T20:47:41|#|102Ah_45degC_0p5C_cell3|753|2021-10-31T23:42:18|2021-11-01T01:38:18|#|102Ah_45degC_0p5C_cell3|754|2021-11-01T04:32:54|2021-11-01T06:28:54,five recent strictly completed charge events; outer 5-cell fit; inner group selected
M4_wave_residual_v1,M4_wave_noT,102Ah_45degC_0p5C_cell3,6,888,2021-11-28T06:45:17,2021-11-28T06:15:08,92.5146868312937,94.36498056791957,92.24082388281968,1.095451793896085,0.25,102Ah_45degC_0p5C_cell3|884|2021-11-27T09:04:38|2021-11-27T10:59:50|#|102Ah_45degC_0p5C_cell3|885|2021-11-27T13:53:32|2021-11-27T15:48:32|#|102Ah_45degC_0p5C_cell3|886|2021-11-27T18:42:25|2021-11-27T20:37:35|#|102Ah_45degC_0p5C_cell3|887|2021-11-27T23:31:16|2021-11-28T01:26:17|#|102Ah_45degC_0p5C_cell3|888|2021-11-28T04:20:08|2021-11-28T06:15:08,five recent strictly completed charge events; outer 5-cell fit; inner group selected
M4_wave_residual_v1,M4_wave_noT,102Ah_45degC_0p5C_cell3,7,1023,2022-01-21T11:43:29,2022-01-21T11:13:27,91.7290432793369,93.56362414492365,91.4503682192503,1.1147002403464599,0.25,102Ah_45degC_0p5C_cell3|1019|2022-01-20T12:54:31|2022-01-20T14:48:01|#|102Ah_45degC_0p5C_cell3|1020|2022-01-20T18:56:24|2022-01-20T20:50:24|#|102Ah_45degC_0p5C_cell3|1021|2022-01-20T23:43:53|2022-01-21T01:38:25|#|102Ah_45degC_0p5C_cell3|1022|2022-01-21T04:31:27|2022-01-21T06:25:58|#|102Ah_45degC_0p5C_cell3|1023|2022-01-21T09:18:57|2022-01-21T11:13:27,five recent strictly completed charge events; outer 5-cell fit; inner group selected
M4_wave_residual_v1,M4_wave_noT,102Ah_45degC_0p5C_cell3,8,1168,2022-03-08T22:43:00,2022-03-08T22:13:00,90.93198777194975,92.75062752738876,90.61607040095404,1.2636694839828082,0.25,102Ah_45degC_0p5C_cell3|1164|2022-03-08T01:18:56|2022-03-08T03:12:18|#|102Ah_45degC_0p5C_cell3|1165|2022-03-08T06:04:07|2022-03-08T07:57:07|#|102Ah_45degC_0p5C_cell3|1166|2022-03-08T10:49:19|2022-03-08T12:42:40|#|102Ah_45degC_0p5C_cell3|1167|2022-03-08T15:34:29|2022-03-08T17:27:29|#|102Ah_45degC_0p5C_cell3|1168|2022-03-08T20:19:39|2022-03-08T22:13:00,five recent strictly completed charge events; outer 5-cell fit; inner group selected
M4_wave_residual_v1,M4_wave_noT,102Ah_45degC_0p5C_cell3,9,1314,2022-04-06T19:31:21,2022-04-06T19:01:02,90.1010772782909,91.90309882385672,89.77568297321565,1.3015772203010259,0.25,102Ah_45degC_0p5C_cell3|1310|2022-04-05T22:16:07|2022-04-06T00:08:32|#|102Ah_45degC_0p5C_cell3|1311|2022-04-06T02:59:23|2022-04-06T04:51:46|#|102Ah_45degC_0p5C_cell3|1312|2022-04-06T07:42:36|2022-04-06T09:34:38|#|102Ah_45degC_0p5C_cell3|1313|2022-04-06T12:25:51|2022-04-06T14:18:14|#|102Ah_45degC_0p5C_cell3|1314|2022-04-06T17:09:02|2022-04-06T19:01:02,five recent strictly completed charge events; outer 5-cell fit; inner group selected
M4_wave_residual_v1,M4_wave_noT,102Ah_45degC_0p5C_cell3,10,1457,2022-05-11T10:21:01,2022-05-11T09:51:01,89.30408364879547,91.09016532177138,88.93822499263749,1.4634346246319212,0.25,102Ah_45degC_0p5C_cell3|1449|2022-05-10T15:38:57|2022-05-10T16:32:27|#|102Ah_45degC_0p5C_cell3|1449|2022-05-10T18:50:05|2022-05-10T19:47:35|#|102Ah_45degC_0p5C_cell3|1455|2022-05-10T22:37:28|2022-05-11T00:28:45|#|102Ah_45degC_0p5C_cell3|1456|2022-05-11T03:18:32|2022-05-11T05:09:52|#|102Ah_45degC_0p5C_cell3|1457|2022-05-11T07:59:39|2022-05-11T09:51:01,five recent strictly completed charge events; outer 5-cell fit; inner group selected
M4_wave_residual_v1,M4_wave_noT,102Ah_45degC_0p5C_cell3,11,1605,2022-06-14T22:05:00,2022-06-14T21:35:00,88.43636336620666,90.2050906335308,88.04226893627863,1.5763777197121154,0.25,102Ah_45degC_0p5C_cell3|1601|2022-06-14T01:08:45|2022-06-14T02:59:02|#|102Ah_45degC_0p5C_cell3|1602|2022-06-14T05:47:45|2022-06-14T07:38:02|#|102Ah_45degC_0p5C_cell3|1603|2022-06-14T10:26:46|2022-06-14T12:16:46|#|102Ah_45degC_0p5C_cell3|1604|2022-06-14T15:05:45|2022-06-14T16:55:45|#|102Ah_45degC_0p5C_cell3|1605|2022-06-14T19:44:44|2022-06-14T21:35:00,five recent strictly completed charge events; outer 5-cell fit; inner group selected
M4_wave_residual_v1,M4_wave_noT,102Ah_45degC_0p5C_cell3,12,1739,2022-07-11T20:33:11,2022-07-11T20:02:49,87.60393471450773,89.35601340879788,87.19289341011368,1.644165217576166,0.25,102Ah_45degC_0p5C_cell3|1735|2022-07-10T23:45:11|2022-07-11T01:34:11|#|102Ah_45degC_0p5C_cell3|1736|2022-07-11T04:22:21|2022-07-11T06:11:21|#|102Ah_45degC_0p5C_cell3|1737|2022-07-11T08:59:31|2022-07-11T10:48:55|#|102Ah_45degC_0p5C_cell3|1738|2022-07-11T13:36:40|2022-07-11T15:26:02|#|102Ah_45degC_0p5C_cell3|1739|2022-07-11T18:13:49|2022-07-11T20:02:49,five recent strictly completed charge events; outer 5-cell fit; inner group selected
M4_wave_residual_v1,M4_wave_noT,102Ah_45degC_0p5C_cell3,13,1872,2022-08-06T10:53:53,2022-08-06T10:23:28,86.71653057867356,88.45086119024704,86.30170567826164,1.6592996016476498,0.25,102Ah_45degC_0p5C_cell3|1868|2022-08-05T14:14:24|2022-08-05T16:02:24|#|102Ah_45degC_0p5C_cell3|1869|2022-08-05T18:49:41|2022-08-05T20:37:41|#|102Ah_45degC_0p5C_cell3|1870|2022-08-05T23:24:57|2022-08-06T01:13:23|#|102Ah_45degC_0p5C_cell3|1871|2022-08-06T04:00:12|2022-08-06T05:48:12|#|102Ah_45degC_0p5C_cell3|1872|2022-08-06T08:35:27|2022-08-06T10:23:28,five recent strictly completed charge events; outer 5-cell fit; inner group selected
M4_wave_residual_v1,M4_wave_noT,102Ah_45degC_0p5C_cell3,14,2005,2022-09-01T06:39:49,2022-09-01T06:09:48,85.78406396465685,87.49974524394999,85.34974268450853,1.7372851205932802,0.25,102Ah_45degC_0p5C_cell3|2001|2022-08-31T10:09:06|2022-08-31T11:56:06|#|102Ah_45degC_0p5C_cell3|2002|2022-08-31T14:42:26|2022-08-31T16:29:54|#|102Ah_45degC_0p5C_cell3|2003|2022-08-31T19:15:45|2022-08-31T21:02:45|#|102Ah_45degC_0p5C_cell3|2004|2022-08-31T23:49:04|2022-09-01T01:36:32|#|102Ah_45degC_0p5C_cell3|2005|2022-09-01T04:22:21|2022-09-01T06:09:48,five recent strictly completed charge events; outer 5-cell fit; inner group selected
M4_wave_residual_v1,M4_wave_noT,102Ah_45degC_0p5C_cell3,15,2138,2022-09-26T20:16:13,2022-09-26T14:31:05,84.76921726121114,86.46460160643535,84.32312448015482,1.784371124225276,0.25,102Ah_45degC_0p5C_cell3|2134|2022-09-25T18:39:23|2022-09-25T20:25:23|#|102Ah_45degC_0p5C_cell3|2135|2022-09-25T23:10:42|2022-09-26T00:57:11|#|102Ah_45degC_0p5C_cell3|2136|2022-09-26T03:42:02|2022-09-26T05:28:02|#|102Ah_45degC_0p5C_cell3|2137|2022-09-26T08:13:20|2022-09-26T09:59:21|#|102Ah_45degC_0p5C_cell3|2138|2022-09-26T12:44:38|2022-09-26T14:31:05,five recent strictly completed charge events; outer 5-cell fit; inner group selected
M4_wave_residual_v1,M4_wave_noT,102Ah_45degC_0p5C_cell3,16,2272,2022-10-30T22:34:25,2022-10-30T22:03:59,83.64814405827272,85.32110693943818,83.1981718680707,1.7998887608080771,0.25,102Ah_45degC_0p5C_cell3|2268|2022-10-30T02:22:05|2022-10-30T04:07:33|#|102Ah_45degC_0p5C_cell3|2269|2022-10-30T06:51:19|2022-10-30T08:36:47|#|102Ah_45degC_0p5C_cell3|2270|2022-10-30T11:20:34|2022-10-30T13:06:01|#|102Ah_45degC_0p5C_cell3|2271|2022-10-30T15:49:47|2022-10-30T17:35:13|#|102Ah_45degC_0p5C_cell3|2272|2022-10-30T20:18:59|2022-10-30T22:03:59,five recent strictly completed charge events; outer 5-cell fit; inner group selected
M4_wave_residual_v1,M4_wave_noT,102Ah_45degC_0p5C_cell3,17,2405,2022-11-28T04:09:31,2022-11-28T03:39:31,82.45232255781384,84.10136900897012,81.97598312605524,1.905357727034422,0.25,102Ah_45degC_0p5C_cell3|2401|2022-11-27T08:07:09|2022-11-27T09:51:31|#|102Ah_45degC_0p5C_cell3|2402|2022-11-27T12:34:12|2022-11-27T14:18:33|#|102Ah_45degC_0p5C_cell3|2403|2022-11-27T17:01:13|2022-11-27T18:45:14|#|102Ah_45degC_0p5C_cell3|2404|2022-11-27T21:28:14|2022-11-27T23:12:33|#|102Ah_45degC_0p5C_cell3|2405|2022-11-28T01:55:13|2022-11-28T03:39:31,five recent strictly completed charge events; outer 5-cell fit; inner group selected
M4_wave_residual_v1,M4_wave_noT,102Ah_45degC_0p5C_cell3,18,2538,2022-12-22T17:42:57,2022-12-22T17:12:47,81.1221091353126,82.74455131801886,80.63292226228144,1.9567474921246304,0.25,102Ah_45degC_0p5C_cell3|2534|2022-12-21T21:50:55|2022-12-21T23:34:07|#|102Ah_45degC_0p5C_cell3|2535|2022-12-22T02:15:40|2022-12-22T03:58:51|#|102Ah_45degC_0p5C_cell3|2536|2022-12-22T06:40:23|2022-12-22T08:23:23|#|102Ah_45degC_0p5C_cell3|2537|2022-12-22T11:05:06|2022-12-22T12:48:16|#|102Ah_45degC_0p5C_cell3|2538|2022-12-22T15:29:47|2022-12-22T17:12:47,five recent strictly completed charge events; outer 5-cell fit; inner group selected
M4_wave_residual_v1,M4_wave_noT,102Ah_45degC_0p5C_cell3,19,2671,2023-01-16T03:45:13,2023-01-16T03:15:13,79.66926972715044,81.26265512169344,79.15442443956285,2.059381150350353,0.25,102Ah_45degC_0p5C_cell3|2667|2023-01-15T08:04:35|2023-01-15T09:46:33|#|102Ah_45degC_0p5C_cell3|2668|2023-01-15T12:26:48|2023-01-15T14:08:44|#|102Ah_45degC_0p5C_cell3|2669|2023-01-15T16:48:59|2023-01-15T18:30:55|#|102Ah_45degC_0p5C_cell3|2670|2023-01-15T21:11:10|2023-01-15T22:52:39|#|102Ah_45degC_0p5C_cell3|2671|2023-01-16T01:33:19|2023-01-16T03:15:13,five recent strictly completed charge events; outer 5-cell fit; inner group selected
M4_wave_residual_v1,M4_wave_noT,102Ah_45degC_0p5C_cell3,20,2805,2023-02-19T05:31:19,2023-02-19T05:00:54,78.04622975889365,79.60715435407151,77.5154470874599,2.123130685734983,0.25,102Ah_45degC_0p5C_cell3|2801|2023-02-18T10:04:30|2023-02-18T11:44:30|#|102Ah_45degC_0p5C_cell3|2802|2023-02-18T14:23:38|2023-02-18T16:03:38|#|102Ah_45degC_0p5C_cell3|2803|2023-02-18T18:42:45|2023-02-18T20:23:11|#|102Ah_45degC_0p5C_cell3|2804|2023-02-18T23:01:50|2023-02-19T00:41:51|#|102Ah_45degC_0p5C_cell3|2805|2023-02-19T03:20:55|2023-02-19T05:00:54,five recent strictly completed charge events; outer 5-cell fit; inner group selected
M4_wave_residual_v1,M4_wave_noT,102Ah_45degC_0p5C_cell3,21,2939,2023-03-29T03:50:22,2023-03-29T03:20:22,76.26724559423663,77.79259050612136,75.71784720816338,2.1975935442929764,0.25,102Ah_45degC_0p5C_cell3|2935|2023-03-28T08:41:39|2023-03-28T10:19:40|#|102Ah_45degC_0p5C_cell3|2936|2023-03-28T12:56:45|2023-03-28T14:35:15|#|102Ah_45degC_0p5C_cell3|2937|2023-03-28T17:11:50|2023-03-28T18:50:19|#|102Ah_45degC_0p5C_cell3|2938|2023-03-28T21:26:54|2023-03-28T23:05:21|#|102Ah_45degC_0p5C_cell3|2939|2023-03-29T01:41:55|2023-03-29T03:20:22,five recent strictly completed charge events; outer 5-cell fit; inner group selected
M4_wave_residual_v1,M4_wave_noT,102Ah_45degC_0p5C_cell3,22,3072,2023-04-21T14:12:27,2023-04-21T13:42:07,74.33187577626475,75.81851329179005,73.77301323848049,2.235450151137035,0.25,102Ah_45degC_0p5C_cell3|3068|2023-04-20T19:19:15|2023-04-20T20:56:07|#|102Ah_45degC_0p5C_cell3|3069|2023-04-20T23:30:53|2023-04-21T01:07:23|#|102Ah_45degC_0p5C_cell3|3070|2023-04-21T03:42:29|2023-04-21T05:19:20|#|102Ah_45degC_0p5C_cell3|3071|2023-04-21T07:54:03|2023-04-21T09:30:55|#|102Ah_45degC_0p5C_cell3|3072|2023-04-21T12:05:37|2023-04-21T13:42:07,five recent strictly completed charge events; outer 5-cell fit; inner group selected
M4_wave_residual_v1,M4_wave_noT,102Ah_45degC_0p5C_cell3,23,3205,2023-05-21T15:16:26,2023-05-21T14:46:26,72.22442970444742,73.66891829853637,71.66959263279726,2.2193482866006176,0.25,102Ah_45degC_0p5C_cell3|3201|2023-05-20T20:41:57|2023-05-20T22:16:50|#|102Ah_45degC_0p5C_cell3|3202|2023-05-21T00:49:25|2023-05-21T02:23:55|#|102Ah_45degC_0p5C_cell3|3203|2023-05-21T04:56:51|2023-05-21T06:31:20|#|102Ah_45degC_0p5C_cell3|3204|2023-05-21T09:04:15|2023-05-21T10:38:44|#|102Ah_45degC_0p5C_cell3|3205|2023-05-21T13:11:37|2023-05-21T14:46:26,five recent strictly completed charge events; outer 5-cell fit; inner group selected
M4_wave_residual_v1,M4_wave_noT,102Ah_45degC_0p5C_cell3,24,3340,2023-07-10T20:00:29,2023-07-10T19:30:26,69.90948574320336,71.30767545806744,69.37891952817296,2.122264860121593,0.25,102Ah_45degC_0p5C_cell3|3336|2023-07-10T01:50:45|2023-07-10T03:22:44|#|102Ah_45degC_0p5C_cell3|3337|2023-07-10T05:52:43|2023-07-10T07:24:43|#|102Ah_45degC_0p5C_cell3|3338|2023-07-10T09:54:40|2023-07-10T11:26:39|#|102Ah_45degC_0p5C_cell3|3339|2023-07-10T13:56:34|2023-07-10T15:28:34|#|102Ah_45degC_0p5C_cell3|3340|2023-07-10T17:58:27|2023-07-10T19:30:26,five recent strictly completed charge events; outer 5-cell fit; inner group selected
M4_wave_residual_v1,M4_wave_noT,102Ah_45degC_0p5C_cell3,25,3473,2023-08-05T10:54:18,2023-08-05T10:24:10,67.48688317815002,68.83662084171301,66.97932100688124,2.030248685075152,0.25,102Ah_45degC_0p5C_cell3|3469|2023-08-04T17:07:07|2023-08-04T18:36:37|#|102Ah_45degC_0p5C_cell3|3470|2023-08-04T21:04:03|2023-08-04T22:33:33|#|102Ah_45degC_0p5C_cell3|3471|2023-08-05T01:00:58|2023-08-05T02:30:28|#|102Ah_45degC_0p5C_cell3|3472|2023-08-05T04:57:50|2023-08-05T06:27:20|#|102Ah_45degC_0p5C_cell3|3473|2023-08-05T08:54:41|2023-08-05T10:24:10,five recent strictly completed charge events; outer 5-cell fit; inner group selected
M4_wave_residual_v1,M4_wave_noT,102Ah_45degC_0p5C_cell3,26,3606,2023-08-27T02:15:58,2023-08-27T01:45:55,64.93428036920348,66.23296597658755,64.45091732306773,1.9334521845430221,0.25,102Ah_45degC_0p5C_cell3|3602|2023-08-26T08:52:39|2023-08-26T10:19:38|#|102Ah_45degC_0p5C_cell3|3603|2023-08-26T12:44:16|2023-08-26T14:11:16|#|102Ah_45degC_0p5C_cell3|3604|2023-08-26T16:35:50|2023-08-26T18:02:50|#|102Ah_45degC_0p5C_cell3|3605|2023-08-26T20:27:24|2023-08-26T21:54:24|#|102Ah_45degC_0p5C_cell3|3606|2023-08-27T00:18:55|2023-08-27T01:45:55,five recent strictly completed charge events; outer 5-cell fit; inner group selected
M4_wave_residual_v1,M4_wave_noT,102Ah_45degC_0p5C_cell3,27,3740,2023-09-17T09:02:47,2023-09-17T08:32:28,62.245226808663986,63.490131344837266,61.787588730268745,1.830552313580959,0.25,102Ah_45degC_0p5C_cell3|3736|2023-09-16T16:04:29|2023-09-16T17:28:29|#|102Ah_45degC_0p5C_cell3|3737|2023-09-16T19:50:32|2023-09-16T21:14:54|#|102Ah_45degC_0p5C_cell3|3738|2023-09-16T23:36:34|2023-09-17T01:00:33|#|102Ah_45degC_0p5C_cell3|3739|2023-09-17T03:22:31|2023-09-17T04:46:31|#|102Ah_45degC_0p5C_cell3|3740|2023-09-17T07:08:28|2023-09-17T08:32:28,five recent strictly completed charge events; outer 5-cell fit; inner group selected
M4_wave_residual_v1,M4_wave_noT,102Ah_45degC_0p5C_cell3,28,3870,2023-10-18T20:40:37,2023-10-18T01:50:50,59.65125946415045,60.84428465343346,59.21104742341801,1.7608481629297605,0.25,102Ah_45degC_0p5C_cell3|3861|2023-10-17T09:49:30|2023-10-17T11:10:29|#|102Ah_45degC_0p5C_cell3|3862|2023-10-17T13:29:38|2023-10-17T14:50:38|#|102Ah_45degC_0p5C_cell3|3863|2023-10-17T17:09:45|2023-10-17T18:30:45|#|102Ah_45degC_0p5C_cell3|3864|2023-10-17T20:49:48|2023-10-17T22:10:48|#|102Ah_45degC_0p5C_cell3|3865|2023-10-18T00:29:50|2023-10-18T01:50:50,five recent strictly completed charge events; outer 5-cell fit; inner group selected
M4_wave_residual_v1,M4_wave_noT,102Ah_45degC_0p5C_cell3,29,4292,2023-10-28T22:55:38,2023-10-18T01:50:50,59.78663907529778,60.98237185680373,59.21104742341801,2.3023666075190716,0.25,102Ah_45degC_0p5C_cell3|3861|2023-10-17T09:49:30|2023-10-17T11:10:29|#|102Ah_45degC_0p5C_cell3|3862|2023-10-17T13:29:38|2023-10-17T14:50:38|#|102Ah_45degC_0p5C_cell3|3863|2023-10-17T17:09:45|2023-10-17T18:30:45|#|102Ah_45degC_0p5C_cell3|3864|2023-10-17T20:49:48|2023-10-17T22:10:48|#|102Ah_45degC_0p5C_cell3|3865|2023-10-18T00:29:50|2023-10-18T01:50:50,five recent strictly completed charge events; outer 5-cell fit; inner group selected
M4_wave_residual_v1,M4_wave_noT,102Ah_45degC_0p5C_cell3,30,4018,2023-11-11T06:24:26,2023-11-11T05:54:03,56.353760076697306,57.480835278231254,55.95310255239812,1.6026300971967304,0.25,102Ah_45degC_0p5C_cell3|4014|2023-11-10T14:19:06|2023-11-10T15:37:06|#|102Ah_45degC_0p5C_cell3|4015|2023-11-10T17:53:24|2023-11-10T19:11:24|#|102Ah_45degC_0p5C_cell3|4016|2023-11-10T21:27:41|2023-11-10T22:45:40|#|102Ah_45degC_0p5C_cell3|4017|2023-11-11T01:01:51|2023-11-11T02:19:51|#|102Ah_45degC_0p5C_cell3|4018|2023-11-11T04:36:03|2023-11-11T05:54:03,five recent strictly completed charge events; outer 5-cell fit; inner group selected
M4_wave_residual_v1,M4_wave_T,102Ah_45degC_0p5C_cell3,1,217,2021-07-03T19:42:42,2021-07-03T19:12:33,97.31399862750459,99.26027860005468,97.27659114580898,0.37407481695609235,0.1,102Ah_45degC_0p5C_cell3|213|2021-07-02T21:15:41|2021-07-02T23:15:53|#|102Ah_45degC_0p5C_cell3|214|2021-07-03T02:14:57|2021-07-03T04:14:57|#|102Ah_45degC_0p5C_cell3|215|2021-07-03T07:14:10|2021-07-03T09:14:12|#|102Ah_45degC_0p5C_cell3|216|2021-07-03T12:13:23|2021-07-03T14:13:23|#|102Ah_45degC_0p5C_cell3|217|2021-07-03T17:12:33|2021-07-03T19:12:33,five recent strictly completed charge events; outer 5-cell fit; inner group selected
M4_wave_residual_v1,M4_wave_T,102Ah_45degC_0p5C_cell3,2,350,2021-08-01T02:17:35,2021-08-01T01:47:11,95.98903740129936,97.90881814932534,95.9548501509274,0.3418725037195486,0.1,102Ah_45degC_0p5C_cell3|346|2021-07-31T04:02:20|2021-07-31T06:01:15|#|102Ah_45degC_0p5C_cell3|347|2021-07-31T08:58:56|2021-07-31T10:57:27|#|102Ah_45degC_0p5C_cell3|348|2021-07-31T13:55:33|2021-07-31T15:54:02|#|102Ah_45degC_0p5C_cell3|349|2021-07-31T18:52:08|2021-07-31T20:50:37|#|102Ah_45degC_0p5C_cell3|350|2021-07-31T23:48:41|2021-08-01T01:47:11,five recent strictly completed charge events; outer 5-cell fit; inner group selected
M4_wave_residual_v1,M4_wave_T,102Ah_45degC_0p5C_cell3,3,483,2021-08-28T10:10:12,2021-08-28T09:39:50,94.9157585408956,96.8140737117135,94.88250109126236,0.3325744963324614,0.1,102Ah_45degC_0p5C_cell3|479|2021-08-27T12:04:34|2021-08-27T14:02:04|#|102Ah_45degC_0p5C_cell3|480|2021-08-27T16:59:02|2021-08-27T18:56:33|#|102Ah_45degC_0p5C_cell3|481|2021-08-27T21:53:29|2021-08-27T23:51:21|#|102Ah_45degC_0p5C_cell3|482|2021-08-28T02:47:55|2021-08-28T04:45:25|#|102Ah_45degC_0p5C_cell3|483|2021-08-28T07:42:19|2021-08-28T09:39:50,five recent strictly completed charge events; outer 5-cell fit; inner group selected
M4_wave_residual_v1,M4_wave_T,102Ah_45degC_0p5C_cell3,4,620,2021-09-26T22:48:34,2021-09-26T22:18:34,93.95787614090396,95.83703366372205,93.91706514895232,0.40810991951642994,0.1,102Ah_45degC_0p5C_cell3|616|2021-09-26T00:51:29|2021-09-26T02:48:27|#|102Ah_45degC_0p5C_cell3|617|2021-09-26T05:44:02|2021-09-26T07:41:00|#|102Ah_45degC_0p5C_cell3|618|2021-09-26T10:36:35|2021-09-26T12:33:05|#|102Ah_45degC_0p5C_cell3|619|2021-09-26T15:29:06|2021-09-26T17:26:03|#|102Ah_45degC_0p5C_cell3|620|2021-09-26T20:21:37|2021-09-26T22:18:34,five recent strictly completed charge events; outer 5-cell fit; inner group selected
M4_wave_residual_v1,M4_wave_T,102Ah_45degC_0p5C_cell3,5,754,2021-11-01T06:58:55,2021-11-01T06:28:54,93.09729240731494,94.95923825546124,93.05427401987858,0.43018387436356575,0.1,102Ah_45degC_0p5C_cell3|750|2021-10-31T09:10:25|2021-10-31T11:06:28|#|102Ah_45degC_0p5C_cell3|751|2021-10-31T14:01:04|2021-10-31T15:57:05|#|102Ah_45degC_0p5C_cell3|752|2021-10-31T18:51:42|2021-10-31T20:47:41|#|102Ah_45degC_0p5C_cell3|753|2021-10-31T23:42:18|2021-11-01T01:38:18|#|102Ah_45degC_0p5C_cell3|754|2021-11-01T04:32:54|2021-11-01T06:28:54,five recent strictly completed charge events; outer 5-cell fit; inner group selected
M4_wave_residual_v1,M4_wave_T,102Ah_45degC_0p5C_cell3,6,888,2021-11-28T06:45:17,2021-11-28T06:15:08,92.30075132583669,94.14676635235342,92.24082388281968,0.5992744301700731,0.1,102Ah_45degC_0p5C_cell3|884|2021-11-27T09:04:38|2021-11-27T10:59:50|#|102Ah_45degC_0p5C_cell3|885|2021-11-27T13:53:32|2021-11-27T15:48:32|#|102Ah_45degC_0p5C_cell3|886|2021-11-27T18:42:25|2021-11-27T20:37:35|#|102Ah_45degC_0p5C_cell3|887|2021-11-27T23:31:16|2021-11-28T01:26:17|#|102Ah_45degC_0p5C_cell3|888|2021-11-28T04:20:08|2021-11-28T06:15:08,five recent strictly completed charge events; outer 5-cell fit; inner group selected
M4_wave_residual_v1,M4_wave_T,102Ah_45degC_0p5C_cell3,7,1023,2022-01-21T11:43:29,2022-01-21T11:13:27,91.51775134996522,93.34810637696454,91.4503682192503,0.6738313071492626,0.1,102Ah_45degC_0p5C_cell3|1019|2022-01-20T12:54:31|2022-01-20T14:48:01|#|102Ah_45degC_0p5C_cell3|1020|2022-01-20T18:56:24|2022-01-20T20:50:24|#|102Ah_45degC_0p5C_cell3|1021|2022-01-20T23:43:53|2022-01-21T01:38:25|#|102Ah_45degC_0p5C_cell3|1022|2022-01-21T04:31:27|2022-01-21T06:25:58|#|102Ah_45degC_0p5C_cell3|1023|2022-01-21T09:18:57|2022-01-21T11:13:27,five recent strictly completed charge events; outer 5-cell fit; inner group selected
M4_wave_residual_v1,M4_wave_T,102Ah_45degC_0p5C_cell3,8,1168,2022-03-08T22:43:00,2022-03-08T22:13:00,90.66838318545884,92.48175084916802,90.61607040095404,0.523127845047858,0.1,102Ah_45degC_0p5C_cell3|1164|2022-03-08T01:18:56|2022-03-08T03:12:18|#|102Ah_45degC_0p5C_cell3|1165|2022-03-08T06:04:07|2022-03-08T07:57:07|#|102Ah_45degC_0p5C_cell3|1166|2022-03-08T10:49:19|2022-03-08T12:42:40|#|102Ah_45degC_0p5C_cell3|1167|2022-03-08T15:34:29|2022-03-08T17:27:29|#|102Ah_45degC_0p5C_cell3|1168|2022-03-08T20:19:39|2022-03-08T22:13:00,five recent strictly completed charge events; outer 5-cell fit; inner group selected
M4_wave_residual_v1,M4_wave_T,102Ah_45degC_0p5C_cell3,9,1314,2022-04-06T19:31:21,2022-04-06T19:01:02,89.84482332361296,91.6417197900852,89.77568297321565,0.6914035039730685,0.1,102Ah_45degC_0p5C_cell3|1310|2022-04-05T22:16:07|2022-04-06T00:08:32|#|102Ah_45degC_0p5C_cell3|1311|2022-04-06T02:59:23|2022-04-06T04:51:46|#|102Ah_45degC_0p5C_cell3|1312|2022-04-06T07:42:36|2022-04-06T09:34:38|#|102Ah_45degC_0p5C_cell3|1313|2022-04-06T12:25:51|2022-04-06T14:18:14|#|102Ah_45degC_0p5C_cell3|1314|2022-04-06T17:09:02|2022-04-06T19:01:02,five recent strictly completed charge events; outer 5-cell fit; inner group selected
M4_wave_residual_v1,M4_wave_T,102Ah_45degC_0p5C_cell3,10,1457,2022-05-11T10:21:01,2022-05-11T09:51:01,89.0345332046256,90.8152238687181,88.93822499263749,0.9630821198811041,0.1,102Ah_45degC_0p5C_cell3|1449|2022-05-10T15:38:57|2022-05-10T16:32:27|#|102Ah_45degC_0p5C_cell3|1449|2022-05-10T18:50:05|2022-05-10T19:47:35|#|102Ah_45degC_0p5C_cell3|1455|2022-05-10T22:37:28|2022-05-11T00:28:45|#|102Ah_45degC_0p5C_cell3|1456|2022-05-11T03:18:32|2022-05-11T05:09:52|#|102Ah_45degC_0p5C_cell3|1457|2022-05-11T07:59:39|2022-05-11T09:51:01,five recent strictly completed charge events; outer 5-cell fit; inner group selected
M4_wave_residual_v1,M4_wave_T,102Ah_45degC_0p5C_cell3,11,1605,2022-06-14T22:05:00,2022-06-14T21:35:00,88.13465448075698,89.89734757037212,88.04226893627863,0.9238554447834635,0.1,102Ah_45degC_0p5C_cell3|1601|2022-06-14T01:08:45|2022-06-14T02:59:02|#|102Ah_45degC_0p5C_cell3|1602|2022-06-14T05:47:45|2022-06-14T07:38:02|#|102Ah_45degC_0p5C_cell3|1603|2022-06-14T10:26:46|2022-06-14T12:16:46|#|102Ah_45degC_0p5C_cell3|1604|2022-06-14T15:05:45|2022-06-14T16:55:45|#|102Ah_45degC_0p5C_cell3|1605|2022-06-14T19:44:44|2022-06-14T21:35:00,five recent strictly completed charge events; outer 5-cell fit; inner group selected
M4_wave_residual_v1,M4_wave_T,102Ah_45degC_0p5C_cell3,12,1739,2022-07-11T20:33:11,2022-07-11T20:02:49,87.28202535541797,89.02766586252633,87.19289341011368,0.8913194530429207,0.1,102Ah_45degC_0p5C_cell3|1735|2022-07-10T23:45:11|2022-07-11T01:34:11|#|102Ah_45degC_0p5C_cell3|1736|2022-07-11T04:22:21|2022-07-11T06:11:21|#|102Ah_45degC_0p5C_cell3|1737|2022-07-11T08:59:31|2022-07-11T10:48:55|#|102Ah_45degC_0p5C_cell3|1738|2022-07-11T13:36:40|2022-07-11T15:26:02|#|102Ah_45degC_0p5C_cell3|1739|2022-07-11T18:13:49|2022-07-11T20:02:49,five recent strictly completed charge events; outer 5-cell fit; inner group selected
M4_wave_residual_v1,M4_wave_T,102Ah_45degC_0p5C_cell3,13,1872,2022-08-06T10:53:53,2022-08-06T10:23:28,86.39971056743602,88.12770477878473,86.30170567826164,0.9800488917436933,0.1,102Ah_45degC_0p5C_cell3|1868|2022-08-05T14:14:24|2022-08-05T16:02:24|#|102Ah_45degC_0p5C_cell3|1869|2022-08-05T18:49:41|2022-08-05T20:37:41|#|102Ah_45degC_0p5C_cell3|1870|2022-08-05T23:24:57|2022-08-06T01:13:23|#|102Ah_45degC_0p5C_cell3|1871|2022-08-06T04:00:12|2022-08-06T05:48:12|#|102Ah_45degC_0p5C_cell3|1872|2022-08-06T08:35:27|2022-08-06T10:23:28,five recent strictly completed charge events; outer 5-cell fit; inner group selected
M4_wave_residual_v1,M4_wave_T,102Ah_45degC_0p5C_cell3,14,2005,2022-09-01T06:39:49,2022-09-01T06:09:48,85.44834738816006,87.15731433592326,85.34974268450853,0.9860470365153409,0.1,102Ah_45degC_0p5C_cell3|2001|2022-08-31T10:09:06|2022-08-31T11:56:06|#|102Ah_45degC_0p5C_cell3|2002|2022-08-31T14:42:26|2022-08-31T16:29:54|#|102Ah_45degC_0p5C_cell3|2003|2022-08-31T19:15:45|2022-08-31T21:02:45|#|102Ah_45degC_0p5C_cell3|2004|2022-08-31T23:49:04|2022-09-01T01:36:32|#|102Ah_45degC_0p5C_cell3|2005|2022-09-01T04:22:21|2022-09-01T06:09:48,five recent strictly completed charge events; outer 5-cell fit; inner group selected
M4_wave_residual_v1,M4_wave_T,102Ah_45degC_0p5C_cell3,15,2138,2022-09-26T20:16:13,2022-09-26T14:31:05,84.43776695332802,86.12652229239458,84.32312448015482,1.1464247317321004,0.1,102Ah_45degC_0p5C_cell3|2134|2022-09-25T18:39:23|2022-09-25T20:25:23|#|102Ah_45degC_0p5C_cell3|2135|2022-09-25T23:10:42|2022-09-26T00:57:11|#|102Ah_45degC_0p5C_cell3|2136|2022-09-26T03:42:02|2022-09-26T05:28:02|#|102Ah_45degC_0p5C_cell3|2137|2022-09-26T08:13:20|2022-09-26T09:59:21|#|102Ah_45degC_0p5C_cell3|2138|2022-09-26T12:44:38|2022-09-26T14:31:05,five recent strictly completed charge events; outer 5-cell fit; inner group selected
M4_wave_residual_v1,M4_wave_T,102Ah_45degC_0p5C_cell3,16,2272,2022-10-30T22:34:25,2022-10-30T22:03:59,83.30859025160095,84.97476205663297,83.1981718680707,1.1041838353025,0.1,102Ah_45degC_0p5C_cell3|2268|2022-10-30T02:22:05|2022-10-30T04:07:33|#|102Ah_45degC_0p5C_cell3|2269|2022-10-30T06:51:19|2022-10-30T08:36:47|#|102Ah_45degC_0p5C_cell3|2270|2022-10-30T11:20:34|2022-10-30T13:06:01|#|102Ah_45degC_0p5C_cell3|2271|2022-10-30T15:49:47|2022-10-30T17:35:13|#|102Ah_45degC_0p5C_cell3|2272|2022-10-30T20:18:59|2022-10-30T22:03:59,five recent strictly completed charge events; outer 5-cell fit; inner group selected
M4_wave_residual_v1,M4_wave_T,102Ah_45degC_0p5C_cell3,17,2405,2022-11-28T04:09:31,2022-11-28T03:39:31,82.08931376203057,83.73110003727119,81.97598312605524,1.1333063597532615,0.1,102Ah_45degC_0p5C_cell3|2401|2022-11-27T08:07:09|2022-11-27T09:51:31|#|102Ah_45degC_0p5C_cell3|2402|2022-11-27T12:34:12|2022-11-27T14:18:33|#|102Ah_45degC_0p5C_cell3|2403|2022-11-27T17:01:13|2022-11-27T18:45:14|#|102Ah_45degC_0p5C_cell3|2404|2022-11-27T21:28:14|2022-11-27T23:12:33|#|102Ah_45degC_0p5C_cell3|2405|2022-11-28T01:55:13|2022-11-28T03:39:31,five recent strictly completed charge events; outer 5-cell fit; inner group selected
M4_wave_residual_v1,M4_wave_T,102Ah_45degC_0p5C_cell3,18,2538,2022-12-22T17:42:57,2022-12-22T17:12:47,80.74911522622837,82.36409753075293,80.63292226228144,1.1619296394692324,0.1,102Ah_45degC_0p5C_cell3|2534|2022-12-21T21:50:55|2022-12-21T23:34:07|#|102Ah_45degC_0p5C_cell3|2535|2022-12-22T02:15:40|2022-12-22T03:58:51|#|102Ah_45degC_0p5C_cell3|2536|2022-12-22T06:40:23|2022-12-22T08:23:23|#|102Ah_45degC_0p5C_cell3|2537|2022-12-22T11:05:06|2022-12-22T12:48:16|#|102Ah_45degC_0p5C_cell3|2538|2022-12-22T15:29:47|2022-12-22T17:12:47,five recent strictly completed charge events; outer 5-cell fit; inner group selected
M4_wave_residual_v1,M4_wave_T,102Ah_45degC_0p5C_cell3,19,2671,2023-01-16T03:45:13,2023-01-16T03:15:13,79.27221023092903,80.85765443554762,79.15442443956285,1.1778579136619238,0.1,102Ah_45degC_0p5C_cell3|2667|2023-01-15T08:04:35|2023-01-15T09:46:33|#|102Ah_45degC_0p5C_cell3|2668|2023-01-15T12:26:48|2023-01-15T14:08:44|#|102Ah_45degC_0p5C_cell3|2669|2023-01-15T16:48:59|2023-01-15T18:30:55|#|102Ah_45degC_0p5C_cell3|2670|2023-01-15T21:11:10|2023-01-15T22:52:39|#|102Ah_45degC_0p5C_cell3|2671|2023-01-16T01:33:19|2023-01-16T03:15:13,five recent strictly completed charge events; outer 5-cell fit; inner group selected
M4_wave_residual_v1,M4_wave_T,102Ah_45degC_0p5C_cell3,20,2805,2023-02-19T05:31:19,2023-02-19T05:00:54,77.65469587343912,79.20778979090791,77.5154470874599,1.3924878597922146,0.1,102Ah_45degC_0p5C_cell3|2801|2023-02-18T10:04:30|2023-02-18T11:44:30|#|102Ah_45degC_0p5C_cell3|2802|2023-02-18T14:23:38|2023-02-18T16:03:38|#|102Ah_45degC_0p5C_cell3|2803|2023-02-18T18:42:45|2023-02-18T20:23:11|#|102Ah_45degC_0p5C_cell3|2804|2023-02-18T23:01:50|2023-02-19T00:41:51|#|102Ah_45degC_0p5C_cell3|2805|2023-02-19T03:20:55|2023-02-19T05:00:54,five recent strictly completed charge events; outer 5-cell fit; inner group selected
M4_wave_residual_v1,M4_wave_T,102Ah_45degC_0p5C_cell3,21,2939,2023-03-29T03:50:22,2023-03-29T03:20:22,75.86245661695716,77.3797057492963,75.71784720816338,1.4460940879378814,0.1,102Ah_45degC_0p5C_cell3|2935|2023-03-28T08:41:39|2023-03-28T10:19:40|#|102Ah_45degC_0p5C_cell3|2936|2023-03-28T12:56:45|2023-03-28T14:35:15|#|102Ah_45degC_0p5C_cell3|2937|2023-03-28T17:11:50|2023-03-28T18:50:19|#|102Ah_45degC_0p5C_cell3|2938|2023-03-28T21:26:54|2023-03-28T23:05:21|#|102Ah_45degC_0p5C_cell3|2939|2023-03-29T01:41:55|2023-03-29T03:20:22,five recent strictly completed charge events; outer 5-cell fit; inner group selected
M4_wave_residual_v1,M4_wave_T,102Ah_45degC_0p5C_cell3,22,3072,2023-04-21T14:12:27,2023-04-21T13:42:07,73.92449485194864,75.4029847489876,73.77301323848049,1.5148161346815308,0.1,102Ah_45degC_0p5C_cell3|3068|2023-04-20T19:19:15|2023-04-20T20:56:07|#|102Ah_45degC_0p5C_cell3|3069|2023-04-20T23:30:53|2023-04-21T01:07:23|#|102Ah_45degC_0p5C_cell3|3070|2023-04-21T03:42:29|2023-04-21T05:19:20|#|102Ah_45degC_0p5C_cell3|3071|2023-04-21T07:54:03|2023-04-21T09:30:55|#|102Ah_45degC_0p5C_cell3|3072|2023-04-21T12:05:37|2023-04-21T13:42:07,five recent strictly completed charge events; outer 5-cell fit; inner group selected
M4_wave_residual_v1,M4_wave_T,102Ah_45degC_0p5C_cell3,23,3205,2023-05-21T15:16:26,2023-05-21T14:46:26,71.83657207349408,73.27330351496397,71.66959263279726,1.6697944069682245,0.1,102Ah_45degC_0p5C_cell3|3201|2023-05-20T20:41:57|2023-05-20T22:16:50|#|102Ah_45degC_0p5C_cell3|3202|2023-05-21T00:49:25|2023-05-21T02:23:55|#|102Ah_45degC_0p5C_cell3|3203|2023-05-21T04:56:51|2023-05-21T06:31:20|#|102Ah_45degC_0p5C_cell3|3204|2023-05-21T09:04:15|2023-05-21T10:38:44|#|102Ah_45degC_0p5C_cell3|3205|2023-05-21T13:11:37|2023-05-21T14:46:26,five recent strictly completed charge events; outer 5-cell fit; inner group selected
M4_wave_residual_v1,M4_wave_T,102Ah_45degC_0p5C_cell3,24,3340,2023-07-10T20:00:29,2023-07-10T19:30:26,69.59050212469838,70.98231216719233,69.37891952817296,2.1158259652541824,0.1,102Ah_45degC_0p5C_cell3|3336|2023-07-10T01:50:45|2023-07-10T03:22:44|#|102Ah_45degC_0p5C_cell3|3337|2023-07-10T05:52:43|2023-07-10T07:24:43|#|102Ah_45degC_0p5C_cell3|3338|2023-07-10T09:54:40|2023-07-10T11:26:39|#|102Ah_45degC_0p5C_cell3|3339|2023-07-10T13:56:34|2023-07-10T15:28:34|#|102Ah_45degC_0p5C_cell3|3340|2023-07-10T17:58:27|2023-07-10T19:30:26,five recent strictly completed charge events; outer 5-cell fit; inner group selected
M4_wave_residual_v1,M4_wave_T,102Ah_45degC_0p5C_cell3,25,3473,2023-08-05T10:54:18,2023-08-05T10:24:10,67.1748068296225,68.51830296621495,66.97932100688124,1.9548582274126733,0.1,102Ah_45degC_0p5C_cell3|3469|2023-08-04T17:07:07|2023-08-04T18:36:37|#|102Ah_45degC_0p5C_cell3|3470|2023-08-04T21:04:03|2023-08-04T22:33:33|#|102Ah_45degC_0p5C_cell3|3471|2023-08-05T01:00:58|2023-08-05T02:30:28|#|102Ah_45degC_0p5C_cell3|3472|2023-08-05T04:57:50|2023-08-05T06:27:20|#|102Ah_45degC_0p5C_cell3|3473|2023-08-05T08:54:41|2023-08-05T10:24:10,five recent strictly completed charge events; outer 5-cell fit; inner group selected
M4_wave_residual_v1,M4_wave_T,102Ah_45degC_0p5C_cell3,26,3606,2023-08-27T02:15:58,2023-08-27T01:45:55,64.63558202796631,65.92829366852563,64.45091732306773,1.8466470489857914,0.1,102Ah_45degC_0p5C_cell3|3602|2023-08-26T08:52:39|2023-08-26T10:19:38|#|102Ah_45degC_0p5C_cell3|3603|2023-08-26T12:44:16|2023-08-26T14:11:16|#|102Ah_45degC_0p5C_cell3|3604|2023-08-26T16:35:50|2023-08-26T18:02:50|#|102Ah_45degC_0p5C_cell3|3605|2023-08-26T20:27:24|2023-08-26T21:54:24|#|102Ah_45degC_0p5C_cell3|3606|2023-08-27T00:18:55|2023-08-27T01:45:55,five recent strictly completed charge events; outer 5-cell fit; inner group selected
M4_wave_residual_v1,M4_wave_T,102Ah_45degC_0p5C_cell3,27,3740,2023-09-17T09:02:47,2023-09-17T08:32:28,61.97092577575314,63.2103442912682,61.787588730268745,1.833370454843934,0.1,102Ah_45degC_0p5C_cell3|3736|2023-09-16T16:04:29|2023-09-16T17:28:29|#|102Ah_45degC_0p5C_cell3|3737|2023-09-16T19:50:32|2023-09-16T21:14:54|#|102Ah_45degC_0p5C_cell3|3738|2023-09-16T23:36:34|2023-09-17T01:00:33|#|102Ah_45degC_0p5C_cell3|3739|2023-09-17T03:22:31|2023-09-17T04:46:31|#|102Ah_45degC_0p5C_cell3|3740|2023-09-17T07:08:28|2023-09-17T08:32:28,five recent strictly completed charge events; outer 5-cell fit; inner group selected
M4_wave_residual_v1,M4_wave_T,102Ah_45degC_0p5C_cell3,28,3870,2023-10-18T20:40:37,2023-10-18T01:50:50,59.386472217614234,60.57420166196652,59.21104742341801,1.7542479419622827,0.1,102Ah_45degC_0p5C_cell3|3861|2023-10-17T09:49:30|2023-10-17T11:10:29|#|102Ah_45degC_0p5C_cell3|3862|2023-10-17T13:29:38|2023-10-17T14:50:38|#|102Ah_45degC_0p5C_cell3|3863|2023-10-17T17:09:45|2023-10-17T18:30:45|#|102Ah_45degC_0p5C_cell3|3864|2023-10-17T20:49:48|2023-10-17T22:10:48|#|102Ah_45degC_0p5C_cell3|3865|2023-10-18T00:29:50|2023-10-18T01:50:50,five recent strictly completed charge events; outer 5-cell fit; inner group selected
M4_wave_residual_v1,M4_wave_T,102Ah_45degC_0p5C_cell3,29,4292,2023-10-28T22:55:38,2023-10-18T01:50:50,59.42749218608199,60.61604202980363,59.21104742341801,2.1644476266398014,0.1,102Ah_45degC_0p5C_cell3|3861|2023-10-17T09:49:30|2023-10-17T11:10:29|#|102Ah_45degC_0p5C_cell3|3862|2023-10-17T13:29:38|2023-10-17T14:50:38|#|102Ah_45degC_0p5C_cell3|3863|2023-10-17T17:09:45|2023-10-17T18:30:45|#|102Ah_45degC_0p5C_cell3|3864|2023-10-17T20:49:48|2023-10-17T22:10:48|#|102Ah_45degC_0p5C_cell3|3865|2023-10-18T00:29:50|2023-10-18T01:50:50,five recent strictly completed charge events; outer 5-cell fit; inner group selected
M4_wave_residual_v1,M4_wave_T,102Ah_45degC_0p5C_cell3,30,4018,2023-11-11T06:24:26,2023-11-11T05:54:03,56.11145759912488,57.23368675110738,55.95310255239812,1.5835504672675857,0.1,102Ah_45degC_0p5C_cell3|4014|2023-11-10T14:19:06|2023-11-10T15:37:06|#|102Ah_45degC_0p5C_cell3|4015|2023-11-10T17:53:24|2023-11-10T19:11:24|#|102Ah_45degC_0p5C_cell3|4016|2023-11-10T21:27:41|2023-11-10T22:45:40|#|102Ah_45degC_0p5C_cell3|4017|2023-11-11T01:01:51|2023-11-11T02:19:51|#|102Ah_45degC_0p5C_cell3|4018|2023-11-11T04:36:03|2023-11-11T05:54:03,five recent strictly completed charge events; outer 5-cell fit; inner group selected
M4_wave_residual_v1,M4_wave_noT,102Ah_45degC_1C_cell1,1,118,2021-05-16T05:18:48,2021-05-16T04:48:44,98.51298849158289,100.48324826141453,98.16627338477254,0.693430213620698,0.5,102Ah_45degC_1C_cell1|114|2021-05-15T15:37:22|2021-05-15T16:39:21|#|102Ah_45degC_1C_cell1|115|2021-05-15T18:39:44|2021-05-15T19:41:44|#|102Ah_45degC_1C_cell1|116|2021-05-15T21:42:05|2021-05-15T22:44:05|#|102Ah_45degC_1C_cell1|117|2021-05-16T00:44:25|2021-05-16T01:46:25|#|102Ah_45degC_1C_cell1|118|2021-05-16T03:46:44|2021-05-16T04:48:44,five recent strictly completed charge events; outer 5-cell fit; inner group selected
M4_wave_residual_v1,M4_wave_noT,102Ah_45degC_1C_cell1,2,190,2021-05-25T12:39:01,2021-05-25T12:08:58,97.52287615878376,99.47333368195943,97.13953109788388,0.766690121799777,0.5,102Ah_45degC_1C_cell1|186|2021-05-24T23:02:33|2021-05-25T00:04:02|#|102Ah_45degC_1C_cell1|187|2021-05-25T02:03:48|2021-05-25T03:05:18|#|102Ah_45degC_1C_cell1|188|2021-05-25T05:05:02|2021-05-25T06:06:32|#|102Ah_45degC_1C_cell1|189|2021-05-25T08:06:15|2021-05-25T09:07:45|#|102Ah_45degC_1C_cell1|190|2021-05-25T11:07:28|2021-05-25T12:08:58,five recent strictly completed charge events; outer 5-cell fit; inner group selected
M4_wave_residual_v1,M4_wave_noT,102Ah_45degC_1C_cell1,3,262,2021-06-03T13:28:20,2021-06-03T12:58:14,96.72815669271381,98.66271982656808,96.327272410047,0.8017685653336234,0.5,102Ah_45degC_1C_cell1|258|2021-06-02T23:56:04|2021-06-03T00:57:04|#|102Ah_45degC_1C_cell1|259|2021-06-03T02:56:23|2021-06-03T03:57:23|#|102Ah_45degC_1C_cell1|260|2021-06-03T05:56:41|2021-06-03T06:57:41|#|102Ah_45degC_1C_cell1|261|2021-06-03T08:56:58|2021-06-03T09:57:58|#|102Ah_45degC_1C_cell1|262|2021-06-03T11:57:14|2021-06-03T12:58:14,five recent strictly completed charge events; outer 5-cell fit; inner group selected
M4_wave_residual_v1,M4_wave_noT,102Ah_45degC_1C_cell1,4,334,2021-06-12T13:23:52,2021-06-12T12:53:36,96.05156174542903,97.97259298033761,95.63589473730408,0.8313340162498725,0.5,102Ah_45degC_1C_cell1|330|2021-06-11T23:54:47|2021-06-12T00:55:17|#|102Ah_45degC_1C_cell1|331|2021-06-12T02:54:23|2021-06-12T03:54:52|#|102Ah_45degC_1C_cell1|332|2021-06-12T05:53:57|2021-06-12T06:54:27|#|102Ah_45degC_1C_cell1|333|2021-06-12T08:53:31|2021-06-12T09:54:01|#|102Ah_45degC_1C_cell1|334|2021-06-12T11:53:06|2021-06-12T12:53:36,five recent strictly completed charge events; outer 5-cell fit; inner group selected
M4_wave_residual_v1,M4_wave_noT,102Ah_45degC_1C_cell1,5,406,2021-06-23T09:39:02,2021-06-23T09:08:33,95.46480573232505,97.37410184697156,95.0229306575124,0.8837501496252895,0.5,102Ah_45degC_1C_cell1|402|2021-06-22T20:12:44|2021-06-22T21:12:44|#|102Ah_45degC_1C_cell1|403|2021-06-22T23:11:42|2021-06-23T00:11:42|#|102Ah_45degC_1C_cell1|404|2021-06-23T02:10:39|2021-06-23T03:10:39|#|102Ah_45degC_1C_cell1|405|2021-06-23T05:09:36|2021-06-23T06:09:36|#|102Ah_45degC_1C_cell1|406|2021-06-23T08:08:33|2021-06-23T09:08:33,five recent strictly completed charge events; outer 5-cell fit; inner group selected
M4_wave_residual_v1,M4_wave_noT,102Ah_45degC_1C_cell1,6,478,2021-07-02T08:01:38,2021-07-02T07:31:26,94.90399980873714,96.80207980491188,94.46494004692858,0.8781195236171325,0.5,102Ah_45degC_1C_cell1|474|2021-07-01T18:37:55|2021-07-01T19:37:54|#|102Ah_45degC_1C_cell1|475|2021-07-01T21:36:18|2021-07-01T22:36:18|#|102Ah_45degC_1C_cell1|476|2021-07-02T00:34:42|2021-07-02T01:34:42|#|102Ah_45degC_1C_cell1|477|2021-07-02T03:33:04|2021-07-02T04:33:04|#|102Ah_45degC_1C_cell1|478|2021-07-02T06:31:26|2021-07-02T07:31:26,five recent strictly completed charge events; outer 5-cell fit; inner group selected
M4_wave_residual_v1,M4_wave_noT,102Ah_45degC_1C_cell1,7,551,2021-07-12T07:13:32,2021-07-12T06:43:02,94.40006225587152,96.28806350098895,93.94039436796992,0.9193357758031983,0.5,102Ah_45degC_1C_cell1|547|2021-07-11T17:51:55|2021-07-11T18:51:55|#|102Ah_45degC_1C_cell1|548|2021-07-11T20:49:50|2021-07-11T21:49:50|#|102Ah_45degC_1C_cell1|549|2021-07-11T23:47:45|2021-07-12T00:47:15|#|102Ah_45degC_1C_cell1|550|2021-07-12T02:45:39|2021-07-12T03:45:09|#|102Ah_45degC_1C_cell1|551|2021-07-12T05:43:32|2021-07-12T06:43:02,five recent strictly completed charge events; outer 5-cell fit; inner group selected
M4_wave_residual_v1,M4_wave_noT,102Ah_45degC_1C_cell1,8,624,2021-07-21T13:09:16,2021-07-21T12:39:02,93.92888834888352,95.80746611586119,93.44715102343667,0.963474650893676,0.5,102Ah_45degC_1C_cell1|620|2021-07-20T23:50:04|2021-07-21T00:49:34|#|102Ah_45degC_1C_cell1|621|2021-07-21T02:47:27|2021-07-21T03:46:57|#|102Ah_45degC_1C_cell1|622|2021-07-21T05:44:49|2021-07-21T06:44:19|#|102Ah_45degC_1C_cell1|623|2021-07-21T08:42:11|2021-07-21T09:41:40|#|102Ah_45degC_1C_cell1|624|2021-07-21T11:39:32|2021-07-21T12:39:02,five recent strictly completed charge events; outer 5-cell fit; inner group selected
M4_wave_residual_v1,M4_wave_noT,102Ah_45degC_1C_cell1,9,698,2021-07-30T15:33:12,2021-07-30T15:02:44,93.44565255069766,95.31456560171162,92.9715904685665,0.9481241642623212,0.5,102Ah_45degC_1C_cell1|694|2021-07-30T02:16:22|2021-07-30T03:15:22|#|102Ah_45degC_1C_cell1|695|2021-07-30T05:13:13|2021-07-30T06:12:13|#|102Ah_45degC_1C_cell1|696|2021-07-30T08:10:04|2021-07-30T09:09:04|#|102Ah_45degC_1C_cell1|697|2021-07-30T11:06:54|2021-07-30T12:05:54|#|102Ah_45degC_1C_cell1|698|2021-07-30T14:03:44|2021-07-30T15:02:44,five recent strictly completed charge events; outer 5-cell fit; inner group selected
M4_wave_residual_v1,M4_wave_noT,102Ah_45degC_1C_cell1,10,770,2021-08-08T11:27:37,2021-08-08T10:57:23,93.02825923907851,94.88882442386007,92.52705243441864,1.0024136093197407,0.5,102Ah_45degC_1C_cell1|766|2021-08-07T22:12:52|2021-08-07T23:11:52|#|102Ah_45degC_1C_cell1|767|2021-08-08T01:09:17|2021-08-08T02:08:16|#|102Ah_45degC_1C_cell1|768|2021-08-08T04:05:39|2021-08-08T05:04:39|#|102Ah_45degC_1C_cell1|769|2021-08-08T07:02:01|2021-08-08T08:01:01|#|102Ah_45degC_1C_cell1|770|2021-08-08T09:58:23|2021-08-08T10:57:23,five recent strictly completed charge events; outer 5-cell fit; inner group selected
M4_wave_residual_v1,M4_wave_noT,102Ah_45degC_1C_cell1,11,845,2021-08-17T18:31:40,2021-08-17T18:01:10,92.59273576642134,94.44459048174977,92.07850878532422,1.028453962194238,0.5,102Ah_45degC_1C_cell1|841|2021-08-17T02:23:17|2021-08-17T03:22:16|#|102Ah_45degC_1C_cell1|842|2021-08-17T05:19:09|2021-08-17T06:18:09|#|102Ah_45degC_1C_cell1|843|2021-08-17T08:15:03|2021-08-17T09:14:03|#|102Ah_45degC_1C_cell1|844|2021-08-17T11:10:55|2021-08-17T12:09:55|#|102Ah_45degC_1C_cell1|845|2021-08-17T17:02:40|2021-08-17T18:01:10,five recent strictly completed charge events; outer 5-cell fit; inner group selected
M4_wave_residual_v1,M4_wave_noT,102Ah_45degC_1C_cell1,12,918,2021-08-26T13:17:55,2021-08-26T12:47:37,92.1662141105759,94.00953839278742,91.65252438738533,1.0273794463811385,0.5,102Ah_45degC_1C_cell1|914|2021-08-26T00:07:24|2021-08-26T01:05:54|#|102Ah_45degC_1C_cell1|915|2021-08-26T03:02:50|2021-08-26T04:01:20|#|102Ah_45degC_1C_cell1|916|2021-08-26T05:58:17|2021-08-26T06:56:46|#|102Ah_45degC_1C_cell1|917|2021-08-26T08:53:43|2021-08-26T09:52:13|#|102Ah_45degC_1C_cell1|918|2021-08-26T11:49:07|2021-08-26T12:47:37,five recent strictly completed charge events; outer 5-cell fit; inner group selected
M4_wave_residual_v1,M4_wave_noT,102Ah_45degC_1C_cell1,13,991,2021-09-04T10:27:06,2021-09-04T09:57:02,91.74538425285364,93.58029193791072,91.23393913279315,1.0228902401209692,0.5,102Ah_45degC_1C_cell1|987|2021-09-03T21:18:36|2021-09-03T22:17:06|#|102Ah_45degC_1C_cell1|988|2021-09-04T00:13:37|2021-09-04T01:12:07|#|102Ah_45degC_1C_cell1|989|2021-09-04T03:08:35|2021-09-04T04:07:05|#|102Ah_45degC_1C_cell1|990|2021-09-04T06:03:34|2021-09-04T07:02:04|#|102Ah_45degC_1C_cell1|991|2021-09-04T08:58:32|2021-09-04T09:57:02,five recent strictly completed charge events; outer 5-cell fit; inner group selected
M4_wave_residual_v1,M4_wave_noT,102Ah_45degC_1C_cell1,14,1065,2021-09-14T06:03:08,2021-09-14T05:32:47,91.35998005780608,93.18717965896221,90.81444545689196,1.0910692018282524,0.5,102Ah_45degC_1C_cell1|1061|2021-09-13T16:56:36|2021-09-13T17:54:36|#|102Ah_45degC_1C_cell1|1062|2021-09-13T19:51:09|2021-09-13T20:49:09|#|102Ah_45degC_1C_cell1|1063|2021-09-13T22:45:43|2021-09-13T23:43:43|#|102Ah_45degC_1C_cell1|1064|2021-09-14T01:40:15|2021-09-14T02:38:15|#|102Ah_45degC_1C_cell1|1065|2021-09-14T04:34:47|2021-09-14T05:32:47,five recent strictly completed charge events; outer 5-cell fit; inner group selected
M4_wave_residual_v1,M4_wave_noT,102Ah_45degC_1C_cell1,15,1141,2021-09-23T10:48:26,2021-09-23T10:18:19,90.93116437593847,92.74978766345723,90.38604790580396,1.0902329402690167,0.5,102Ah_45degC_1C_cell1|1137|2021-09-22T21:44:05|2021-09-22T22:42:05|#|102Ah_45degC_1C_cell1|1138|2021-09-23T00:38:10|2021-09-23T01:36:10|#|102Ah_45degC_1C_cell1|1139|2021-09-23T03:32:13|2021-09-23T04:30:13|#|102Ah_45degC_1C_cell1|1140|2021-09-23T06:26:17|2021-09-23T07:24:17|#|102Ah_45degC_1C_cell1|1141|2021-09-23T09:20:19|2021-09-23T10:18:19,five recent strictly completed charge events; outer 5-cell fit; inner group selected
M4_wave_residual_v1,M4_wave_noT,102Ah_45degC_1C_cell1,16,1219,2021-10-10T01:07:35,2021-10-10T00:37:16,90.5475017473031,92.35845178224916,89.94630924206113,1.2023850104839413,0.5,102Ah_45degC_1C_cell1|1215|2021-10-09T12:05:58|2021-10-09T13:03:28|#|102Ah_45degC_1C_cell1|1216|2021-10-09T14:59:26|2021-10-09T15:56:56|#|102Ah_45degC_1C_cell1|1217|2021-10-09T17:52:53|2021-10-09T18:50:23|#|102Ah_45degC_1C_cell1|1218|2021-10-09T20:46:21|2021-10-09T21:43:51|#|102Ah_45degC_1C_cell1|1219|2021-10-09T23:39:47|2021-10-10T00:37:16,five recent strictly completed charge events; outer 5-cell fit; inner group selected
M4_wave_residual_v1,M4_wave_noT,102Ah_45degC_1C_cell1,17,1292,2021-10-18T20:59:44,2021-10-18T20:29:38,90.1228548350363,91.92531193173703,89.53239867908758,1.180912311897472,0.5,102Ah_45degC_1C_cell1|1288|2021-10-18T07:59:55|2021-10-18T08:57:25|#|102Ah_45degC_1C_cell1|1289|2021-10-18T10:53:00|2021-10-18T11:50:30|#|102Ah_45degC_1C_cell1|1290|2021-10-18T13:46:03|2021-10-18T14:43:33|#|102Ah_45degC_1C_cell1|1291|2021-10-18T16:39:06|2021-10-18T17:36:36|#|102Ah_45degC_1C_cell1|1292|2021-10-18T19:32:08|2021-10-18T20:29:38,five recent strictly completed charge events; outer 5-cell fit; inner group selected
M4_wave_residual_v1,M4_wave_noT,102Ah_45degC_1C_cell1,18,1368,2021-10-27T23:58:14,2021-10-27T23:28:09,89.87707230312874,91.67461374919132,89.0967457716087,1.5606530630400857,0.5,102Ah_45degC_1C_cell1|1364|2021-10-27T11:01:47|2021-10-27T11:58:47|#|102Ah_45degC_1C_cell1|1365|2021-10-27T13:54:10|2021-10-27T14:51:09|#|102Ah_45degC_1C_cell1|1366|2021-10-27T16:46:30|2021-10-27T17:43:29|#|102Ah_45degC_1C_cell1|1367|2021-10-27T19:38:51|2021-10-27T20:35:51|#|102Ah_45degC_1C_cell1|1368|2021-10-27T22:31:09|2021-10-27T23:28:09,five recent strictly completed charge events; outer 5-cell fit; inner group selected
M4_wave_residual_v1,M4_wave_noT,102Ah_45degC_1C_cell1,19,1443,2021-11-05T23:22:00,2021-11-05T22:51:52,89.28412462533021,91.0698071178368,88.65982520027383,1.2485988501127576,0.5,102Ah_45degC_1C_cell1|1439|2021-11-05T10:26:28|2021-11-05T11:23:28|#|102Ah_45degC_1C_cell1|1440|2021-11-05T13:18:34|2021-11-05T14:15:34|#|102Ah_45degC_1C_cell1|1441|2021-11-05T16:10:40|2021-11-05T17:07:40|#|102Ah_45degC_1C_cell1|1442|2021-11-05T19:02:47|2021-11-05T19:59:47|#|102Ah_45degC_1C_cell1|1443|2021-11-05T21:54:53|2021-11-05T22:51:52,five recent strictly completed charge events; outer 5-cell fit; inner group selected
M4_wave_residual_v1,M4_wave_noT,102Ah_45degC_1C_cell1,20,1521,2021-11-17T04:45:48,2021-11-17T04:15:21,88.85458927221384,90.63168105765811,88.19558548917672,1.3180075660742574,0.5,102Ah_45degC_1C_cell1|1517|2021-11-16T15:51:56|2021-11-16T16:48:26|#|102Ah_45degC_1C_cell1|1518|2021-11-16T18:43:39|2021-11-16T19:40:09|#|102Ah_45degC_1C_cell1|1519|2021-11-16T21:35:25|2021-11-16T22:31:55|#|102Ah_45degC_1C_cell1|1520|2021-11-17T00:27:07|2021-11-17T01:23:37|#|102Ah_45degC_1C_cell1|1521|2021-11-17T03:18:51|2021-11-17T04:15:21,five recent strictly completed charge events; outer 5-cell fit; inner group selected
M4_wave_residual_v1,M4_wave_noT,102Ah_45degC_1C_cell1,21,1596,2021-12-01T13:45:24,2021-12-01T13:15:13,88.50910973860259,90.27929193337464,87.73733115297874,1.5435571712477048,0.5,102Ah_45degC_1C_cell1|1592|2021-12-01T00:54:00|2021-12-01T01:50:30|#|102Ah_45degC_1C_cell1|1593|2021-12-01T03:45:11|2021-12-01T04:41:41|#|102Ah_45degC_1C_cell1|1594|2021-12-01T06:36:21|2021-12-01T07:32:51|#|102Ah_45degC_1C_cell1|1595|2021-12-01T09:27:32|2021-12-01T10:24:02|#|102Ah_45degC_1C_cell1|1596|2021-12-01T12:18:43|2021-12-01T13:15:13,five recent strictly completed charge events; outer 5-cell fit; inner group selected
M4_wave_residual_v1,M4_wave_noT,102Ah_45degC_1C_cell1,22,1670,2021-12-10T09:46:22,2021-12-10T09:15:52,88.04032456742833,89.8011310587769,87.27142396477898,1.5378012052986925,0.5,102Ah_45degC_1C_cell1|1666|2021-12-09T20:56:43|2021-12-09T21:53:13|#|102Ah_45degC_1C_cell1|1667|2021-12-09T23:47:31|2021-12-10T00:43:31|#|102Ah_45degC_1C_cell1|1668|2021-12-10T02:38:18|2021-12-10T03:34:48|#|102Ah_45degC_1C_cell1|1669|2021-12-10T05:29:05|2021-12-10T06:25:35|#|102Ah_45degC_1C_cell1|1670|2021-12-10T08:19:52|2021-12-10T09:15:52,five recent strictly completed charge events; outer 5-cell fit; inner group selected
M4_wave_residual_v1,M4_wave_noT,102Ah_45degC_1C_cell1,23,1743,2021-12-19T01:16:34,2021-12-19T00:46:17,87.60362498404194,89.35569748372278,86.79612016904899,1.6150096299859125,0.5,102Ah_45degC_1C_cell1|1739|2021-12-18T12:28:53|2021-12-18T13:24:53|#|102Ah_45degC_1C_cell1|1740|2021-12-18T15:19:15|2021-12-18T16:15:15|#|102Ah_45degC_1C_cell1|1741|2021-12-18T18:09:36|2021-12-18T19:05:36|#|102Ah_45degC_1C_cell1|1742|2021-12-18T20:59:57|2021-12-18T21:55:57|#|102Ah_45degC_1C_cell1|1743|2021-12-18T23:50:17|2021-12-19T00:46:17,five recent strictly completed charge events; outer 5-cell fit; inner group selected
M4_wave_residual_v1,M4_wave_noT,102Ah_45degC_1C_cell1,24,1815,2021-12-27T13:24:10,2021-12-27T12:54:05,87.15261648636492,88.89566881609223,86.30981217799597,1.6856086167379083,0.5,102Ah_45degC_1C_cell1|1811|2021-12-27T00:38:25|2021-12-27T01:34:24|#|102Ah_45degC_1C_cell1|1812|2021-12-27T03:28:20|2021-12-27T04:24:20|#|102Ah_45degC_1C_cell1|1813|2021-12-27T06:18:15|2021-12-27T07:14:15|#|102Ah_45degC_1C_cell1|1814|2021-12-27T09:08:11|2021-12-27T10:04:11|#|102Ah_45degC_1C_cell1|1815|2021-12-27T11:58:05|2021-12-27T12:54:05,five recent strictly completed charge events; outer 5-cell fit; inner group selected
M4_wave_residual_v1,M4_wave_noT,102Ah_45degC_1C_cell1,25,1888,2022-01-05T04:06:06,2022-01-05T03:35:46,86.66422604093556,88.39751056175427,85.79669899912804,1.7350540836150425,0.5,102Ah_45degC_1C_cell1|1884|2022-01-04T15:22:21|2022-01-04T16:17:51|#|102Ah_45degC_1C_cell1|1885|2022-01-04T18:11:50|2022-01-04T19:07:20|#|102Ah_45degC_1C_cell1|1886|2022-01-04T21:01:19|2022-01-04T21:56:49|#|102Ah_45degC_1C_cell1|1887|2022-01-04T23:50:48|2022-01-05T00:46:17|#|102Ah_45degC_1C_cell1|1888|2022-01-05T02:40:16|2022-01-05T03:35:46,five recent strictly completed charge events; outer 5-cell fit; inner group selected
M4_wave_residual_v1,M4_wave_noT,102Ah_45degC_1C_cell1,26,1962,2022-01-13T21:06:40,2022-01-13T20:36:32,86.13131172298148,87.8539379574411,85.25359201331486,1.7554394193332545,0.5,102Ah_45degC_1C_cell1|1957|2022-01-13T05:18:52|2022-01-13T06:14:22|#|102Ah_45degC_1C_cell1|1958|2022-01-13T10:56:59|2022-01-13T11:44:09|#|102Ah_45degC_1C_cell1|1960|2022-01-13T14:03:00|2022-01-13T14:58:30|#|102Ah_45degC_1C_cell1|1961|2022-01-13T16:52:01|2022-01-13T17:47:31|#|102Ah_45degC_1C_cell1|1962|2022-01-13T19:41:02|2022-01-13T20:36:32,five recent strictly completed charge events; outer 5-cell fit; inner group selected
M4_wave_residual_v1,M4_wave_noT,102Ah_45degC_1C_cell1,27,2036,2022-01-24T09:39:08,2022-01-24T09:08:41,85.57975482093029,87.2913499173489,84.6850206606616,1.7894683205373625,0.5,102Ah_45degC_1C_cell1|2032|2022-01-23T20:59:07|2022-01-23T21:54:07|#|102Ah_45degC_1C_cell1|2033|2022-01-23T23:47:46|2022-01-24T00:42:46|#|102Ah_45degC_1C_cell1|2034|2022-01-24T02:36:25|2022-01-24T03:31:25|#|102Ah_45degC_1C_cell1|2035|2022-01-24T05:25:03|2022-01-24T06:20:03|#|102Ah_45degC_1C_cell1|2036|2022-01-24T08:13:41|2022-01-24T09:08:41,five recent strictly completed charge events; outer 5-cell fit; inner group selected
M4_wave_residual_v1,M4_wave_noT,102Ah_45degC_1C_cell1,28,2122,2022-02-12T14:47:09,2022-02-12T14:17:03,84.91437684544387,86.61266438235275,83.98929572039492,1.8501622500979062,0.5,102Ah_45degC_1C_cell1|2118|2022-02-12T02:10:13|2022-02-12T03:05:13|#|102Ah_45degC_1C_cell1|2119|2022-02-12T04:58:11|2022-02-12T05:53:11|#|102Ah_45degC_1C_cell1|2120|2022-02-12T07:46:08|2022-02-12T08:41:08|#|102Ah_45degC_1C_cell1|2121|2022-02-12T10:34:06|2022-02-12T11:29:06|#|102Ah_45degC_1C_cell1|2122|2022-02-12T13:22:03|2022-02-12T14:17:03,five recent strictly completed charge events; outer 5-cell fit; inner group selected
M4_wave_residual_v1,M4_wave_noT,102Ah_45degC_1C_cell1,29,2208,2022-02-23T21:02:02,2022-02-23T20:31:43,84.22092340498061,85.90534187308022,83.25295634674247,1.9359341164762989,0.5,102Ah_45degC_1C_cell1|2204|2022-02-23T08:27:51|2022-02-23T09:22:11|#|102Ah_45degC_1C_cell1|2205|2022-02-23T11:15:05|2022-02-23T12:09:34|#|102Ah_45degC_1C_cell1|2206|2022-02-23T14:02:28|2022-02-23T14:56:58|#|102Ah_45degC_1C_cell1|2207|2022-02-23T16:49:52|2022-02-23T17:44:21|#|102Ah_45degC_1C_cell1|2208|2022-02-23T19:37:13|2022-02-23T20:31:43,five recent strictly completed charge events; outer 5-cell fit; inner group selected
M4_wave_residual_v1,M4_wave_noT,102Ah_45degC_1C_cell1,30,2280,2022-03-04T05:36:04,2022-03-04T05:05:56,83.58069747039991,85.2523114198079,82.60325920143246,1.9548765379348827,0.5,102Ah_45degC_1C_cell1|2276|2022-03-03T17:03:45|2022-03-03T17:58:15|#|102Ah_45degC_1C_cell1|2277|2022-03-03T19:50:42|2022-03-03T20:45:12|#|102Ah_45degC_1C_cell1|2278|2022-03-03T22:37:39|2022-03-03T23:32:09|#|102Ah_45degC_1C_cell1|2279|2022-03-04T01:24:30|2022-03-04T02:19:00|#|102Ah_45degC_1C_cell1|2280|2022-03-04T04:11:26|2022-03-04T05:05:56,five recent strictly completed charge events; outer 5-cell fit; inner group selected
M4_wave_residual_v1,M4_wave_T,102Ah_45degC_1C_cell1,1,118,2021-05-16T05:18:48,2021-05-16T04:48:44,98.30828392365686,100.27444960212999,98.16627338477254,0.28402107776864316,0.5,102Ah_45degC_1C_cell1|114|2021-05-15T15:37:22|2021-05-15T16:39:21|#|102Ah_45degC_1C_cell1|115|2021-05-15T18:39:44|2021-05-15T19:41:44|#|102Ah_45degC_1C_cell1|116|2021-05-15T21:42:05|2021-05-15T22:44:05|#|102Ah_45degC_1C_cell1|117|2021-05-16T00:44:25|2021-05-16T01:46:25|#|102Ah_45degC_1C_cell1|118|2021-05-16T03:46:44|2021-05-16T04:48:44,five recent strictly completed charge events; outer 5-cell fit; inner group selected
M4_wave_residual_v1,M4_wave_T,102Ah_45degC_1C_cell1,2,190,2021-05-25T12:39:01,2021-05-25T12:08:58,97.35966663438255,99.3068599670702,97.13953109788388,0.4402710729973358,0.5,102Ah_45degC_1C_cell1|186|2021-05-24T23:02:33|2021-05-25T00:04:02|#|102Ah_45degC_1C_cell1|187|2021-05-25T02:03:48|2021-05-25T03:05:18|#|102Ah_45degC_1C_cell1|188|2021-05-25T05:05:02|2021-05-25T06:06:32|#|102Ah_45degC_1C_cell1|189|2021-05-25T08:06:15|2021-05-25T09:07:45|#|102Ah_45degC_1C_cell1|190|2021-05-25T11:07:28|2021-05-25T12:08:58,five recent strictly completed charge events; outer 5-cell fit; inner group selected
M4_wave_residual_v1,M4_wave_T,102Ah_45degC_1C_cell1,3,262,2021-06-03T13:28:20,2021-06-03T12:58:14,96.5831694336383,98.51483282231108,96.327272410047,0.511794047182617,0.5,102Ah_45degC_1C_cell1|258|2021-06-02T23:56:04|2021-06-03T00:57:04|#|102Ah_45degC_1C_cell1|259|2021-06-03T02:56:23|2021-06-03T03:57:23|#|102Ah_45degC_1C_cell1|260|2021-06-03T05:56:41|2021-06-03T06:57:41|#|102Ah_45degC_1C_cell1|261|2021-06-03T08:56:58|2021-06-03T09:57:58|#|102Ah_45degC_1C_cell1|262|2021-06-03T11:57:14|2021-06-03T12:58:14,five recent strictly completed charge events; outer 5-cell fit; inner group selected
M4_wave_residual_v1,M4_wave_T,102Ah_45degC_1C_cell1,4,334,2021-06-12T13:23:52,2021-06-12T12:53:36,95.90657367025003,97.82470514365502,95.63589473730408,0.5413578658918754,0.5,102Ah_45degC_1C_cell1|330|2021-06-11T23:54:47|2021-06-12T00:55:17|#|102Ah_45degC_1C_cell1|331|2021-06-12T02:54:23|2021-06-12T03:54:52|#|102Ah_45degC_1C_cell1|332|2021-06-12T05:53:57|2021-06-12T06:54:27|#|102Ah_45degC_1C_cell1|333|2021-06-12T08:53:31|2021-06-12T09:54:01|#|102Ah_45degC_1C_cell1|334|2021-06-12T11:53:06|2021-06-12T12:53:36,five recent strictly completed charge events; outer 5-cell fit; inner group selected
M4_wave_residual_v1,M4_wave_T,102Ah_45degC_1C_cell1,5,406,2021-06-23T09:39:02,2021-06-23T09:08:33,95.33223340232698,97.23887807037352,95.0229306575124,0.6186054896291449,0.5,102Ah_45degC_1C_cell1|402|2021-06-22T20:12:44|2021-06-22T21:12:44|#|102Ah_45degC_1C_cell1|403|2021-06-22T23:11:42|2021-06-23T00:11:42|#|102Ah_45degC_1C_cell1|404|2021-06-23T02:10:39|2021-06-23T03:10:39|#|102Ah_45degC_1C_cell1|405|2021-06-23T05:09:36|2021-06-23T06:09:36|#|102Ah_45degC_1C_cell1|406|2021-06-23T08:08:33|2021-06-23T09:08:33,five recent strictly completed charge events; outer 5-cell fit; inner group selected
M4_wave_residual_v1,M4_wave_T,102Ah_45degC_1C_cell1,6,478,2021-07-02T08:01:38,2021-07-02T07:31:26,94.77937632859722,96.67496385516917,94.46494004692858,0.6288725633372847,0.5,102Ah_45degC_1C_cell1|474|2021-07-01T18:37:55|2021-07-01T19:37:54|#|102Ah_45degC_1C_cell1|475|2021-07-01T21:36:18|2021-07-01T22:36:18|#|102Ah_45degC_1C_cell1|476|2021-07-02T00:34:42|2021-07-02T01:34:42|#|102Ah_45degC_1C_cell1|477|2021-07-02T03:33:04|2021-07-02T04:33:04|#|102Ah_45degC_1C_cell1|478|2021-07-02T06:31:26|2021-07-02T07:31:26,five recent strictly completed charge events; outer 5-cell fit; inner group selected
M4_wave_residual_v1,M4_wave_T,102Ah_45degC_1C_cell1,7,551,2021-07-12T07:13:32,2021-07-12T06:43:02,94.28108193870911,96.16670357748329,93.94039436796992,0.6813751414783977,0.5,102Ah_45degC_1C_cell1|547|2021-07-11T17:51:55|2021-07-11T18:51:55|#|102Ah_45degC_1C_cell1|548|2021-07-11T20:49:50|2021-07-11T21:49:50|#|102Ah_45degC_1C_cell1|549|2021-07-11T23:47:45|2021-07-12T00:47:15|#|102Ah_45degC_1C_cell1|550|2021-07-12T02:45:39|2021-07-12T03:45:09|#|102Ah_45degC_1C_cell1|551|2021-07-12T05:43:32|2021-07-12T06:43:02,five recent strictly completed charge events; outer 5-cell fit; inner group selected
M4_wave_residual_v1,M4_wave_T,102Ah_45degC_1C_cell1,8,624,2021-07-21T13:09:16,2021-07-21T12:39:02,93.80996179550482,95.68616103141493,93.44715102343667,0.725621544136277,0.5,102Ah_45degC_1C_cell1|620|2021-07-20T23:50:04|2021-07-21T00:49:34|#|102Ah_45degC_1C_cell1|621|2021-07-21T02:47:27|2021-07-21T03:46:57|#|102Ah_45degC_1C_cell1|622|2021-07-21T05:44:49|2021-07-21T06:44:19|#|102Ah_45degC_1C_cell1|623|2021-07-21T08:42:11|2021-07-21T09:41:40|#|102Ah_45degC_1C_cell1|624|2021-07-21T11:39:32|2021-07-21T12:39:02,five recent strictly completed charge events; outer 5-cell fit; inner group selected
M4_wave_residual_v1,M4_wave_T,102Ah_45degC_1C_cell1,9,698,2021-07-30T15:33:12,2021-07-30T15:02:44,93.35150844052107,95.2185386093315,92.9715904685665,0.759835943909138,0.5,102Ah_45degC_1C_cell1|694|2021-07-30T02:16:22|2021-07-30T03:15:22|#|102Ah_45degC_1C_cell1|695|2021-07-30T05:13:13|2021-07-30T06:12:13|#|102Ah_45degC_1C_cell1|696|2021-07-30T08:10:04|2021-07-30T09:09:04|#|102Ah_45degC_1C_cell1|697|2021-07-30T11:06:54|2021-07-30T12:05:54|#|102Ah_45degC_1C_cell1|698|2021-07-30T14:03:44|2021-07-30T15:02:44,five recent strictly completed charge events; outer 5-cell fit; inner group selected
M4_wave_residual_v1,M4_wave_T,102Ah_45degC_1C_cell1,10,770,2021-08-08T11:27:37,2021-08-08T10:57:23,92.93763654642957,94.79638927735816,92.52705243441864,0.821168224021865,0.5,102Ah_45degC_1C_cell1|766|2021-08-07T22:12:52|2021-08-07T23:11:52|#|102Ah_45degC_1C_cell1|767|2021-08-08T01:09:17|2021-08-08T02:08:16|#|102Ah_45degC_1C_cell1|768|2021-08-08T04:05:39|2021-08-08T05:04:39|#|102Ah_45degC_1C_cell1|769|2021-08-08T07:02:01|2021-08-08T08:01:01|#|102Ah_45degC_1C_cell1|770|2021-08-08T09:58:23|2021-08-08T10:57:23,five recent strictly completed charge events; outer 5-cell fit; inner group selected
M4_wave_residual_v1,M4_wave_T,102Ah_45degC_1C_cell1,11,845,2021-08-17T18:31:40,2021-08-17T18:01:10,92.47027303715227,94.31967849789531,92.07850878532422,0.7835285036560937,0.5,102Ah_45degC_1C_cell1|841|2021-08-17T02:23:17|2021-08-17T03:22:16|#|102Ah_45degC_1C_cell1|842|2021-08-17T05:19:09|2021-08-17T06:18:09|#|102Ah_45degC_1C_cell1|843|2021-08-17T08:15:03|2021-08-17T09:14:03|#|102Ah_45degC_1C_cell1|844|2021-08-17T11:10:55|2021-08-17T12:09:55|#|102Ah_45degC_1C_cell1|845|2021-08-17T17:02:40|2021-08-17T18:01:10,five recent strictly completed charge events; outer 5-cell fit; inner group selected
M4_wave_residual_v1,M4_wave_T,102Ah_45degC_1C_cell1,12,918,2021-08-26T13:17:55,2021-08-26T12:47:37,92.034827023126,93.87552356358852,91.65252438738533,0.764605271481353,0.5,102Ah_45degC_1C_cell1|914|2021-08-26T00:07:24|2021-08-26T01:05:54|#|102Ah_45degC_1C_cell1|915|2021-08-26T03:02:50|2021-08-26T04:01:20|#|102Ah_45degC_1C_cell1|916|2021-08-26T05:58:17|2021-08-26T06:56:46|#|102Ah_45degC_1C_cell1|917|2021-08-26T08:53:43|2021-08-26T09:52:13|#|102Ah_45degC_1C_cell1|918|2021-08-26T11:49:07|2021-08-26T12:47:37,five recent strictly completed charge events; outer 5-cell fit; inner group selected
M4_wave_residual_v1,M4_wave_T,102Ah_45degC_1C_cell1,13,991,2021-09-04T10:27:06,2021-09-04T09:57:02,91.62659553328811,93.45912744395388,91.23393913279315,0.7853128009899129,0.5,102Ah_45degC_1C_cell1|987|2021-09-03T21:18:36|2021-09-03T22:17:06|#|102Ah_45degC_1C_cell1|988|2021-09-04T00:13:37|2021-09-04T01:12:07|#|102Ah_45degC_1C_cell1|989|2021-09-04T03:08:35|2021-09-04T04:07:05|#|102Ah_45degC_1C_cell1|990|2021-09-04T06:03:34|2021-09-04T07:02:04|#|102Ah_45degC_1C_cell1|991|2021-09-04T08:58:32|2021-09-04T09:57:02,five recent strictly completed charge events; outer 5-cell fit; inner group selected
M4_wave_residual_v1,M4_wave_T,102Ah_45degC_1C_cell1,14,1065,2021-09-14T06:03:08,2021-09-14T05:32:47,91.2415154634301,93.06634577269871,90.81444545689196,0.8541400130762766,0.5,102Ah_45degC_1C_cell1|1061|2021-09-13T16:56:36|2021-09-13T17:54:36|#|102Ah_45degC_1C_cell1|1062|2021-09-13T19:51:09|2021-09-13T20:49:09|#|102Ah_45degC_1C_cell1|1063|2021-09-13T22:45:43|2021-09-13T23:43:43|#|102Ah_45degC_1C_cell1|1064|2021-09-14T01:40:15|2021-09-14T02:38:15|#|102Ah_45degC_1C_cell1|1065|2021-09-14T04:34:47|2021-09-14T05:32:47,five recent strictly completed charge events; outer 5-cell fit; inner group selected
M4_wave_residual_v1,M4_wave_T,102Ah_45degC_1C_cell1,15,1141,2021-09-23T10:48:26,2021-09-23T10:18:19,90.8533139435053,92.6703802223754,90.38604790580396,0.9345320754026716,0.5,102Ah_45degC_1C_cell1|1137|2021-09-22T21:44:05|2021-09-22T22:42:05|#|102Ah_45degC_1C_cell1|1138|2021-09-23T00:38:10|2021-09-23T01:36:10|#|102Ah_45degC_1C_cell1|1139|2021-09-23T03:32:13|2021-09-23T04:30:13|#|102Ah_45degC_1C_cell1|1140|2021-09-23T06:26:17|2021-09-23T07:24:17|#|102Ah_45degC_1C_cell1|1141|2021-09-23T09:20:19|2021-09-23T10:18:19,five recent strictly completed charge events; outer 5-cell fit; inner group selected
M4_wave_residual_v1,M4_wave_T,102Ah_45degC_1C_cell1,16,1219,2021-10-10T01:07:35,2021-10-10T00:37:16,90.47640833312154,92.28593649978397,89.94630924206113,1.0601981821208184,0.5,102Ah_45degC_1C_cell1|1215|2021-10-09T12:05:58|2021-10-09T13:03:28|#|102Ah_45degC_1C_cell1|1216|2021-10-09T14:59:26|2021-10-09T15:56:56|#|102Ah_45degC_1C_cell1|1217|2021-10-09T17:52:53|2021-10-09T18:50:23|#|102Ah_45degC_1C_cell1|1218|2021-10-09T20:46:21|2021-10-09T21:43:51|#|102Ah_45degC_1C_cell1|1219|2021-10-09T23:39:47|2021-10-10T00:37:16,five recent strictly completed charge events; outer 5-cell fit; inner group selected
M4_wave_residual_v1,M4_wave_T,102Ah_45degC_1C_cell1,17,1292,2021-10-18T20:59:44,2021-10-18T20:29:38,90.06335597669946,91.86462309623344,89.53239867908758,1.0619145952237465,0.5,102Ah_45degC_1C_cell1|1288|2021-10-18T07:59:55|2021-10-18T08:57:25|#|102Ah_45degC_1C_cell1|1289|2021-10-18T10:53:00|2021-10-18T11:50:30|#|102Ah_45degC_1C_cell1|1290|2021-10-18T13:46:03|2021-10-18T14:43:33|#|102Ah_45degC_1C_cell1|1291|2021-10-18T16:39:06|2021-10-18T17:36:36|#|102Ah_45degC_1C_cell1|1292|2021-10-18T19:32:08|2021-10-18T20:29:38,five recent strictly completed charge events; outer 5-cell fit; inner group selected
M4_wave_residual_v1,M4_wave_T,102Ah_45degC_1C_cell1,18,1368,2021-10-27T23:58:14,2021-10-27T23:28:09,90.58030035721546,92.39190636435977,89.0967457716087,2.967109171213541,0.5,102Ah_45degC_1C_cell1|1364|2021-10-27T11:01:47|2021-10-27T11:58:47|#|102Ah_45degC_1C_cell1|1365|2021-10-27T13:54:10|2021-10-27T14:51:09|#|102Ah_45degC_1C_cell1|1366|2021-10-27T16:46:30|2021-10-27T17:43:29|#|102Ah_45degC_1C_cell1|1367|2021-10-27T19:38:51|2021-10-27T20:35:51|#|102Ah_45degC_1C_cell1|1368|2021-10-27T22:31:09|2021-10-27T23:28:09,five recent strictly completed charge events; outer 5-cell fit; inner group selected
M4_wave_residual_v1,M4_wave_T,102Ah_45degC_1C_cell1,19,1443,2021-11-05T23:22:00,2021-11-05T22:51:52,89.19892829534876,90.98290686125574,88.65982520027383,1.0782061901498703,0.5,102Ah_45degC_1C_cell1|1439|2021-11-05T10:26:28|2021-11-05T11:23:28|#|102Ah_45degC_1C_cell1|1440|2021-11-05T13:18:34|2021-11-05T14:15:34|#|102Ah_45degC_1C_cell1|1441|2021-11-05T16:10:40|2021-11-05T17:07:40|#|102Ah_45degC_1C_cell1|1442|2021-11-05T19:02:47|2021-11-05T19:59:47|#|102Ah_45degC_1C_cell1|1443|2021-11-05T21:54:53|2021-11-05T22:51:52,five recent strictly completed charge events; outer 5-cell fit; inner group selected
M4_wave_residual_v1,M4_wave_T,102Ah_45degC_1C_cell1,20,1521,2021-11-17T04:45:48,2021-11-17T04:15:21,88.7727040050041,90.54815808510419,88.19558548917672,1.1542370316547452,0.5,102Ah_45degC_1C_cell1|1517|2021-11-16T15:51:56|2021-11-16T16:48:26|#|102Ah_45degC_1C_cell1|1518|2021-11-16T18:43:39|2021-11-16T19:40:09|#|102Ah_45degC_1C_cell1|1519|2021-11-16T21:35:25|2021-11-16T22:31:55|#|102Ah_45degC_1C_cell1|1520|2021-11-17T00:27:07|2021-11-17T01:23:37|#|102Ah_45degC_1C_cell1|1521|2021-11-17T03:18:51|2021-11-17T04:15:21,five recent strictly completed charge events; outer 5-cell fit; inner group selected
M4_wave_residual_v1,M4_wave_T,102Ah_45degC_1C_cell1,21,1596,2021-12-01T13:45:24,2021-12-01T13:15:13,88.20210382634824,89.9661459028752,87.73733115297874,0.9295453467389998,0.5,102Ah_45degC_1C_cell1|1592|2021-12-01T00:54:00|2021-12-01T01:50:30|#|102Ah_45degC_1C_cell1|1593|2021-12-01T03:45:11|2021-12-01T04:41:41|#|102Ah_45degC_1C_cell1|1594|2021-12-01T06:36:21|2021-12-01T07:32:51|#|102Ah_45degC_1C_cell1|1595|2021-12-01T09:27:32|2021-12-01T10:24:02|#|102Ah_45degC_1C_cell1|1596|2021-12-01T12:18:43|2021-12-01T13:15:13,five recent strictly completed charge events; outer 5-cell fit; inner group selected
M4_wave_residual_v1,M4_wave_T,102Ah_45degC_1C_cell1,22,1670,2021-12-10T09:46:22,2021-12-10T09:15:52,87.72001210156431,89.47441234359559,87.27142396477898,0.8971762735706674,0.5,102Ah_45degC_1C_cell1|1666|2021-12-09T20:56:43|2021-12-09T21:53:13|#|102Ah_45degC_1C_cell1|1667|2021-12-09T23:47:31|2021-12-10T00:43:31|#|102Ah_45degC_1C_cell1|1668|2021-12-10T02:38:18|2021-12-10T03:34:48|#|102Ah_45degC_1C_cell1|1669|2021-12-10T05:29:05|2021-12-10T06:25:35|#|102Ah_45degC_1C_cell1|1670|2021-12-10T08:19:52|2021-12-10T09:15:52,five recent strictly completed charge events; outer 5-cell fit; inner group selected
M4_wave_residual_v1,M4_wave_T,102Ah_45degC_1C_cell1,23,1743,2021-12-19T01:16:34,2021-12-19T00:46:17,87.2981359998481,89.04409871984507,86.79612016904899,1.004031661598213,0.5,102Ah_45degC_1C_cell1|1739|2021-12-18T12:28:53|2021-12-18T13:24:53|#|102Ah_45degC_1C_cell1|1740|2021-12-18T15:19:15|2021-12-18T16:15:15|#|102Ah_45degC_1C_cell1|1741|2021-12-18T18:09:36|2021-12-18T19:05:36|#|102Ah_45degC_1C_cell1|1742|2021-12-18T20:59:57|2021-12-18T21:55:57|#|102Ah_45degC_1C_cell1|1743|2021-12-18T23:50:17|2021-12-19T00:46:17,five recent strictly completed charge events; outer 5-cell fit; inner group selected
M4_wave_residual_v1,M4_wave_T,102Ah_45degC_1C_cell1,24,1815,2021-12-27T13:24:10,2021-12-27T12:54:05,86.86354811063832,88.60081907285108,86.30981217799597,1.1074718652847149,0.5,102Ah_45degC_1C_cell1|1811|2021-12-27T00:38:25|2021-12-27T01:34:24|#|102Ah_45degC_1C_cell1|1812|2021-12-27T03:28:20|2021-12-27T04:24:20|#|102Ah_45degC_1C_cell1|1813|2021-12-27T06:18:15|2021-12-27T07:14:15|#|102Ah_45degC_1C_cell1|1814|2021-12-27T09:08:11|2021-12-27T10:04:11|#|102Ah_45degC_1C_cell1|1815|2021-12-27T11:58:05|2021-12-27T12:54:05,five recent strictly completed charge events; outer 5-cell fit; inner group selected
M4_wave_residual_v1,M4_wave_T,102Ah_45degC_1C_cell1,25,1888,2022-01-05T04:06:06,2022-01-05T03:35:46,86.36532257648821,88.09262902801798,85.79669899912804,1.1372471547203347,0.5,102Ah_45degC_1C_cell1|1884|2022-01-04T15:22:21|2022-01-04T16:17:51|#|102Ah_45degC_1C_cell1|1885|2022-01-04T18:11:50|2022-01-04T19:07:20|#|102Ah_45degC_1C_cell1|1886|2022-01-04T21:01:19|2022-01-04T21:56:49|#|102Ah_45degC_1C_cell1|1887|2022-01-04T23:50:48|2022-01-05T00:46:17|#|102Ah_45degC_1C_cell1|1888|2022-01-05T02:40:16|2022-01-05T03:35:46,five recent strictly completed charge events; outer 5-cell fit; inner group selected
M4_wave_residual_v1,M4_wave_T,102Ah_45degC_1C_cell1,26,1962,2022-01-13T21:06:40,2022-01-13T20:36:32,85.8501003316251,87.56710233825761,85.25359201331486,1.1930166366204897,0.5,102Ah_45degC_1C_cell1|1957|2022-01-13T05:18:52|2022-01-13T06:14:22|#|102Ah_45degC_1C_cell1|1958|2022-01-13T10:56:59|2022-01-13T11:44:09|#|102Ah_45degC_1C_cell1|1960|2022-01-13T14:03:00|2022-01-13T14:58:30|#|102Ah_45degC_1C_cell1|1961|2022-01-13T16:52:01|2022-01-13T17:47:31|#|102Ah_45degC_1C_cell1|1962|2022-01-13T19:41:02|2022-01-13T20:36:32,five recent strictly completed charge events; outer 5-cell fit; inner group selected
M4_wave_residual_v1,M4_wave_T,102Ah_45degC_1C_cell1,27,2036,2022-01-24T09:39:08,2022-01-24T09:08:41,85.29875838251553,87.00473355016584,84.6850206606616,1.2274754437078583,0.5,102Ah_45degC_1C_cell1|2032|2022-01-23T20:59:07|2022-01-23T21:54:07|#|102Ah_45degC_1C_cell1|2033|2022-01-23T23:47:46|2022-01-24T00:42:46|#|102Ah_45degC_1C_cell1|2034|2022-01-24T02:36:25|2022-01-24T03:31:25|#|102Ah_45degC_1C_cell1|2035|2022-01-24T05:25:03|2022-01-24T06:20:03|#|102Ah_45degC_1C_cell1|2036|2022-01-24T08:13:41|2022-01-24T09:08:41,five recent strictly completed charge events; outer 5-cell fit; inner group selected
M4_wave_residual_v1,M4_wave_T,102Ah_45degC_1C_cell1,28,2122,2022-02-12T14:47:09,2022-02-12T14:17:03,84.6559208488893,86.34903926586709,83.98929572039492,1.3332502569887543,0.5,102Ah_45degC_1C_cell1|2118|2022-02-12T02:10:13|2022-02-12T03:05:13|#|102Ah_45degC_1C_cell1|2119|2022-02-12T04:58:11|2022-02-12T05:53:11|#|102Ah_45degC_1C_cell1|2120|2022-02-12T07:46:08|2022-02-12T08:41:08|#|102Ah_45degC_1C_cell1|2121|2022-02-12T10:34:06|2022-02-12T11:29:06|#|102Ah_45degC_1C_cell1|2122|2022-02-12T13:22:03|2022-02-12T14:17:03,five recent strictly completed charge events; outer 5-cell fit; inner group selected
M4_wave_residual_v1,M4_wave_T,102Ah_45degC_1C_cell1,29,2208,2022-02-23T21:02:02,2022-02-23T20:31:43,83.96092948308957,85.64014807275136,83.25295634674247,1.415946272694204,0.5,102Ah_45degC_1C_cell1|2204|2022-02-23T08:27:51|2022-02-23T09:22:11|#|102Ah_45degC_1C_cell1|2205|2022-02-23T11:15:05|2022-02-23T12:09:34|#|102Ah_45degC_1C_cell1|2206|2022-02-23T14:02:28|2022-02-23T14:56:58|#|102Ah_45degC_1C_cell1|2207|2022-02-23T16:49:52|2022-02-23T17:44:21|#|102Ah_45degC_1C_cell1|2208|2022-02-23T19:37:13|2022-02-23T20:31:43,five recent strictly completed charge events; outer 5-cell fit; inner group selected
M4_wave_residual_v1,M4_wave_T,102Ah_45degC_1C_cell1,30,2280,2022-03-04T05:36:04,2022-03-04T05:05:56,83.33967496421343,85.0064684634977,82.60325920143246,1.4728315255619187,0.5,102Ah_45degC_1C_cell1|2276|2022-03-03T17:03:45|2022-03-03T17:58:15|#|102Ah_45degC_1C_cell1|2277|2022-03-03T19:50:42|2022-03-03T20:45:12|#|102Ah_45degC_1C_cell1|2278|2022-03-03T22:37:39|2022-03-03T23:32:09|#|102Ah_45degC_1C_cell1|2279|2022-03-04T01:24:30|2022-03-04T02:19:00|#|102Ah_45degC_1C_cell1|2280|2022-03-04T04:11:26|2022-03-04T05:05:56,five recent strictly completed charge events; outer 5-cell fit; inner group selected
M4_wave_residual_v1,M4_wave_noT,102Ah_55degC_1C_cell3,1,111,2021-05-18T03:23:56,2021-05-18T02:53:51,98.2331719486441,100.19783538761698,97.8492998673252,0.7677441626378083,0.5,102Ah_55degC_1C_cell3|107|2021-05-17T13:47:59|2021-05-17T14:48:59|#|102Ah_55degC_1C_cell3|108|2021-05-17T16:49:14|2021-05-17T17:50:14|#|102Ah_55degC_1C_cell3|109|2021-05-17T19:50:28|2021-05-17T20:51:28|#|102Ah_55degC_1C_cell3|110|2021-05-17T22:51:40|2021-05-17T23:52:40|#|102Ah_55degC_1C_cell3|111|2021-05-18T01:52:51|2021-05-18T02:53:51,five recent strictly completed charge events; outer 5-cell fit; inner group selected
M4_wave_residual_v1,M4_wave_noT,102Ah_55degC_1C_cell3,2,178,2021-05-26T13:33:26,2021-05-26T13:03:00,97.08310855765258,99.02477072880563,96.6925808116718,0.7810554919615424,0.5,102Ah_55degC_1C_cell3|174|2021-05-26T00:03:34|2021-05-26T01:03:34|#|102Ah_55degC_1C_cell3|175|2021-05-26T03:03:27|2021-05-26T04:03:27|#|102Ah_55degC_1C_cell3|176|2021-05-26T06:03:19|2021-05-26T07:03:19|#|102Ah_55degC_1C_cell3|177|2021-05-26T09:03:10|2021-05-26T10:03:10|#|102Ah_55degC_1C_cell3|178|2021-05-26T12:03:00|2021-05-26T13:03:00,five recent strictly completed charge events; outer 5-cell fit; inner group selected
M4_wave_residual_v1,M4_wave_noT,102Ah_55degC_1C_cell3,3,463,2021-07-11T20:29:01,2021-07-11T19:58:58,93.74638704118055,95.62131478200418,93.45087598362706,0.5910221151069872,0.5,102Ah_55degC_1C_cell3|459|2021-07-11T07:16:42|2021-07-11T08:15:11|#|102Ah_55degC_1C_cell3|460|2021-07-11T10:12:39|2021-07-11T11:11:09|#|102Ah_55degC_1C_cell3|461|2021-07-11T13:08:36|2021-07-11T14:07:06|#|102Ah_55degC_1C_cell3|462|2021-07-11T16:04:32|2021-07-11T17:03:02|#|102Ah_55degC_1C_cell3|463|2021-07-11T19:00:28|2021-07-11T19:58:58,five recent strictly completed charge events; outer 5-cell fit; inner group selected
M4_wave_residual_v1,M4_wave_noT,102Ah_55degC_1C_cell3,4,530,2021-07-20T00:30:50,2021-07-20T00:00:38,93.15408377869554,95.01716545426945,92.84340032519285,0.6213669070053727,0.5,102Ah_55degC_1C_cell3|526|2021-07-19T11:21:42|2021-07-19T12:19:42|#|102Ah_55degC_1C_cell3|527|2021-07-19T14:16:57|2021-07-19T15:14:57|#|102Ah_55degC_1C_cell3|528|2021-07-19T17:12:10|2021-07-19T18:10:11|#|102Ah_55degC_1C_cell3|529|2021-07-19T20:07:24|2021-07-19T21:05:24|#|102Ah_55degC_1C_cell3|530|2021-07-19T23:02:37|2021-07-20T00:00:38,five recent strictly completed charge events; outer 5-cell fit; inner group selected
M4_wave_residual_v1,M4_wave_noT,102Ah_55degC_1C_cell3,5,598,2021-07-28T06:39:42,2021-07-28T06:09:21,92.56893728723149,94.42031603297612,92.25242702291357,0.6330205286358423,0.5,102Ah_55degC_1C_cell3|594|2021-07-27T17:33:50|2021-07-27T18:31:21|#|102Ah_55degC_1C_cell3|595|2021-07-27T20:28:22|2021-07-27T21:25:51|#|102Ah_55degC_1C_cell3|596|2021-07-27T23:22:52|2021-07-28T00:20:22|#|102Ah_55degC_1C_cell3|597|2021-07-28T02:17:22|2021-07-28T03:14:52|#|102Ah_55degC_1C_cell3|598|2021-07-28T05:11:51|2021-07-28T06:09:21,five recent strictly completed charge events; outer 5-cell fit; inner group selected
M4_wave_residual_v1,M4_wave_noT,102Ah_55degC_1C_cell3,6,667,2021-08-05T14:58:23,2021-08-05T14:28:21,92.0191783229582,93.85956188941736,91.67024594763072,0.6978647506549595,0.5,102Ah_55degC_1C_cell3|663|2021-08-05T01:55:28|2021-08-05T02:52:58|#|102Ah_55degC_1C_cell3|664|2021-08-05T04:49:19|2021-08-05T05:46:49|#|102Ah_55degC_1C_cell3|665|2021-08-05T07:43:10|2021-08-05T08:40:40|#|102Ah_55degC_1C_cell3|666|2021-08-05T10:37:02|2021-08-05T11:34:32|#|102Ah_55degC_1C_cell3|667|2021-08-05T13:30:51|2021-08-05T14:28:21,five recent strictly completed charge events; outer 5-cell fit; inner group selected
M4_wave_residual_v1,M4_wave_noT,102Ah_55degC_1C_cell3,7,739,2021-08-15T12:41:20,2021-08-15T12:11:08,91.42308226266623,93.25154390791955,91.07362723575696,0.6989100538185379,0.5,102Ah_55degC_1C_cell3|735|2021-08-14T23:41:23|2021-08-15T00:38:23|#|102Ah_55degC_1C_cell3|736|2021-08-15T02:34:36|2021-08-15T03:31:36|#|102Ah_55degC_1C_cell3|737|2021-08-15T05:27:47|2021-08-15T06:24:47|#|102Ah_55degC_1C_cell3|738|2021-08-15T08:20:57|2021-08-15T09:17:58|#|102Ah_55degC_1C_cell3|739|2021-08-15T11:14:08|2021-08-15T12:11:08,five recent strictly completed charge events; outer 5-cell fit; inner group selected
M4_wave_residual_v1,M4_wave_noT,102Ah_55degC_1C_cell3,8,806,2021-08-23T13:40:20,2021-08-23T13:09:59,90.87527576587432,92.6927812811918,90.52220379169778,0.7061439483530996,0.5,102Ah_55degC_1C_cell3|802|2021-08-23T00:43:29|2021-08-23T01:39:59|#|102Ah_55degC_1C_cell3|803|2021-08-23T03:36:00|2021-08-23T04:32:30|#|102Ah_55degC_1C_cell3|804|2021-08-23T06:28:30|2021-08-23T07:25:00|#|102Ah_55degC_1C_cell3|805|2021-08-23T09:21:00|2021-08-23T10:17:30|#|102Ah_55degC_1C_cell3|806|2021-08-23T12:13:29|2021-08-23T13:09:59,five recent strictly completed charge events; outer 5-cell fit; inner group selected
M4_wave_residual_v1,M4_wave_noT,102Ah_55degC_1C_cell3,9,873,2021-08-31T13:54:11,2021-08-31T13:24:10,90.34585852593685,92.15277569645559,89.96902413862564,0.7536687746224071,0.5,102Ah_55degC_1C_cell3|869|2021-08-31T01:00:23|2021-08-31T01:56:53|#|102Ah_55degC_1C_cell3|870|2021-08-31T03:52:13|2021-08-31T04:48:43|#|102Ah_55degC_1C_cell3|871|2021-08-31T06:44:02|2021-08-31T07:40:32|#|102Ah_55degC_1C_cell3|872|2021-08-31T09:35:51|2021-08-31T10:32:21|#|102Ah_55degC_1C_cell3|873|2021-08-31T12:27:40|2021-08-31T13:24:10,five recent strictly completed charge events; outer 5-cell fit; inner group selected
M4_wave_residual_v1,M4_wave_noT,102Ah_55degC_1C_cell3,10,941,2021-09-08T16:14:06,2021-09-08T15:43:54,89.77173735049224,91.5671720975021,89.40067031269021,0.7421340756040656,0.5,102Ah_55degC_1C_cell3|937|2021-09-08T03:23:16|2021-09-08T04:19:16|#|102Ah_55degC_1C_cell3|938|2021-09-08T06:14:26|2021-09-08T07:10:26|#|102Ah_55degC_1C_cell3|939|2021-09-08T09:05:37|2021-09-08T10:01:37|#|102Ah_55degC_1C_cell3|940|2021-09-08T11:56:46|2021-09-08T12:52:46|#|102Ah_55degC_1C_cell3|941|2021-09-08T14:47:54|2021-09-08T15:43:54,five recent strictly completed charge events; outer 5-cell fit; inner group selected
M4_wave_residual_v1,M4_wave_noT,102Ah_55degC_1C_cell3,11,1008,2021-09-16T14:57:34,2021-09-16T14:27:13,89.20722582125701,90.99137033768214,88.82890091304961,0.7566498164148201,0.5,102Ah_55degC_1C_cell3|1004|2021-09-16T02:09:44|2021-09-16T03:05:14|#|102Ah_55degC_1C_cell3|1005|2021-09-16T05:00:15|2021-09-16T05:55:45|#|102Ah_55degC_1C_cell3|1006|2021-09-16T07:50:44|2021-09-16T08:46:14|#|102Ah_55degC_1C_cell3|1007|2021-09-16T10:41:14|2021-09-16T11:36:44|#|102Ah_55degC_1C_cell3|1008|2021-09-16T13:31:43|2021-09-16T14:27:13,five recent strictly completed charge events; outer 5-cell fit; inner group selected
M4_wave_residual_v1,M4_wave_noT,102Ah_55degC_1C_cell3,12,1076,2021-09-24T15:46:35,2021-09-24T15:16:34,88.62232110166588,90.39476752369919,88.2315611236419,0.7815199560479668,0.5,102Ah_55degC_1C_cell3|1072|2021-09-24T03:01:46|2021-09-24T03:57:16|#|102Ah_55degC_1C_cell3|1073|2021-09-24T05:51:36|2021-09-24T06:47:06|#|102Ah_55degC_1C_cell3|1074|2021-09-24T08:41:25|2021-09-24T09:36:57|#|102Ah_55degC_1C_cell3|1075|2021-09-24T11:31:16|2021-09-24T12:26:46|#|102Ah_55degC_1C_cell3|1076|2021-09-24T14:21:04|2021-09-24T15:16:34,five recent strictly completed charge events; outer 5-cell fit; inner group selected
M4_wave_residual_v1,M4_wave_noT,102Ah_55degC_1C_cell3,13,1143,2021-10-10T18:09:44,2021-10-10T17:39:36,88.01309069594639,89.7733525098653,87.62113132797988,0.7839187359330078,0.5,102Ah_55degC_1C_cell3|1139|2021-10-10T05:28:28|2021-10-10T06:23:28|#|102Ah_55degC_1C_cell3|1140|2021-10-10T08:17:31|2021-10-10T09:12:31|#|102Ah_55degC_1C_cell3|1141|2021-10-10T11:06:33|2021-10-10T12:01:33|#|102Ah_55degC_1C_cell3|1142|2021-10-10T13:55:35|2021-10-10T14:50:35|#|102Ah_55degC_1C_cell3|1143|2021-10-10T16:44:36|2021-10-10T17:39:36,five recent strictly completed charge events; outer 5-cell fit; inner group selected
M4_wave_residual_v1,M4_wave_noT,102Ah_55degC_1C_cell3,14,1211,2021-10-18T17:21:17,2021-10-18T16:51:00,87.39820769689481,89.1461718508327,86.97407350811697,0.8482683775556745,0.5,102Ah_55degC_1C_cell3|1207|2021-10-18T04:42:56|2021-10-18T05:37:26|#|102Ah_55degC_1C_cell3|1208|2021-10-18T07:31:20|2021-10-18T08:25:50|#|102Ah_55degC_1C_cell3|1209|2021-10-18T10:19:44|2021-10-18T11:14:14|#|102Ah_55degC_1C_cell3|1210|2021-10-18T13:08:08|2021-10-18T14:02:38|#|102Ah_55degC_1C_cell3|1211|2021-10-18T15:56:30|2021-10-18T16:51:00,five recent strictly completed charge events; outer 5-cell fit; inner group selected
M4_wave_residual_v1,M4_wave_noT,102Ah_55degC_1C_cell3,15,1278,2021-10-26T12:59:44,2021-10-26T12:29:16,86.74660517130863,88.4815372747348,86.30411260861365,0.8849851253899731,0.5,102Ah_55degC_1C_cell3|1274|2021-10-26T00:24:21|2021-10-26T01:18:21|#|102Ah_55degC_1C_cell3|1275|2021-10-26T03:12:06|2021-10-26T04:06:06|#|102Ah_55degC_1C_cell3|1276|2021-10-26T05:59:50|2021-10-26T06:53:50|#|102Ah_55degC_1C_cell3|1277|2021-10-26T08:47:32|2021-10-26T09:41:34|#|102Ah_55degC_1C_cell3|1278|2021-10-26T11:35:16|2021-10-26T12:29:16,five recent strictly completed charge events; outer 5-cell fit; inner group selected
M4_wave_residual_v1,M4_wave_noT,102Ah_55degC_1C_cell3,16,1346,2021-11-03T10:40:47,2021-11-03T10:10:24,86.00371569716141,87.72379001110465,85.5858330888869,0.835765216549024,0.5,102Ah_55degC_1C_cell3|1342|2021-11-02T22:08:14|2021-11-02T23:02:14|#|102Ah_55degC_1C_cell3|1343|2021-11-03T00:55:17|2021-11-03T01:49:17|#|102Ah_55degC_1C_cell3|1344|2021-11-03T03:42:20|2021-11-03T04:36:20|#|102Ah_55degC_1C_cell3|1345|2021-11-03T06:29:22|2021-11-03T07:23:22|#|102Ah_55degC_1C_cell3|1346|2021-11-03T09:16:24|2021-11-03T10:10:24,five recent strictly completed charge events; outer 5-cell fit; inner group selected
M4_wave_residual_v1,M4_wave_noT,102Ah_55degC_1C_cell3,17,1413,2021-11-11T04:47:31,2021-11-11T04:17:15,85.27189736851093,86.97733531588115,84.83519757500947,0.8733995870029119,0.5,102Ah_55degC_1C_cell3|1409|2021-11-10T16:18:25|2021-11-10T17:11:55|#|102Ah_55degC_1C_cell3|1410|2021-11-10T19:04:47|2021-11-10T19:58:17|#|102Ah_55degC_1C_cell3|1411|2021-11-10T21:51:07|2021-11-10T22:44:37|#|102Ah_55degC_1C_cell3|1412|2021-11-11T00:37:26|2021-11-11T01:30:56|#|102Ah_55degC_1C_cell3|1413|2021-11-11T03:23:45|2021-11-11T04:17:15,five recent strictly completed charge events; outer 5-cell fit; inner group selected
M4_wave_residual_v1,M4_wave_noT,102Ah_55degC_1C_cell3,18,1481,2021-11-19T00:49:26,2021-11-19T00:19:03,84.47023811968933,86.15964288208312,84.02489956230421,0.8906771147702255,0.5,102Ah_55degC_1C_cell3|1477|2021-11-18T12:23:57|2021-11-18T13:16:57|#|102Ah_55degC_1C_cell3|1478|2021-11-18T15:09:29|2021-11-18T16:02:29|#|102Ah_55degC_1C_cell3|1479|2021-11-18T17:55:01|2021-11-18T18:48:01|#|102Ah_55degC_1C_cell3|1480|2021-11-18T20:40:32|2021-11-18T21:33:32|#|102Ah_55degC_1C_cell3|1481|2021-11-18T23:26:02|2021-11-19T00:19:03,five recent strictly completed charge events; outer 5-cell fit; inner group selected
M4_wave_residual_v1,M4_wave_noT,102Ah_55degC_1C_cell3,19,1550,2021-11-30T16:11:17,2021-11-30T15:40:51,83.59318916738755,85.2650529507353,83.14837004601502,0.8896382427450642,0.5,102Ah_55degC_1C_cell3|1546|2021-11-30T03:50:13|2021-11-30T04:42:43|#|102Ah_55degC_1C_cell3|1547|2021-11-30T06:34:46|2021-11-30T07:27:16|#|102Ah_55degC_1C_cell3|1548|2021-11-30T09:19:19|2021-11-30T10:11:49|#|102Ah_55degC_1C_cell3|1549|2021-11-30T12:03:51|2021-11-30T12:56:21|#|102Ah_55degC_1C_cell3|1550|2021-11-30T14:48:21|2021-11-30T15:40:51,five recent strictly completed charge events; outer 5-cell fit; inner group selected
M4_wave_residual_v1,M4_wave_noT,102Ah_55degC_1C_cell3,20,1618,2021-12-08T09:52:11,2021-12-08T09:21:53,82.665947624216,84.31926657670031,82.227574410324,0.8767464277840122,0.5,102Ah_55degC_1C_cell3|1614|2021-12-07T21:37:06|2021-12-07T22:29:06|#|102Ah_55degC_1C_cell3|1615|2021-12-08T00:20:20|2021-12-08T01:12:20|#|102Ah_55degC_1C_cell3|1616|2021-12-08T03:03:32|2021-12-08T03:55:32|#|102Ah_55degC_1C_cell3|1617|2021-12-08T05:46:43|2021-12-08T06:38:43|#|102Ah_55degC_1C_cell3|1618|2021-12-08T08:29:52|2021-12-08T09:21:53,five recent strictly completed charge events; outer 5-cell fit; inner group selected
M4_wave_residual_v1,M4_wave_noT,102Ah_55degC_1C_cell3,21,1685,2021-12-15T23:14:38,2021-12-15T22:44:32,81.70534877822848,83.33945575379305,81.26282230661971,0.8850529432175482,0.5,102Ah_55degC_1C_cell3|1681|2021-12-15T11:06:03|2021-12-15T11:57:32|#|102Ah_55degC_1C_cell3|1682|2021-12-15T13:47:49|2021-12-15T14:39:19|#|102Ah_55degC_1C_cell3|1683|2021-12-15T16:29:35|2021-12-15T17:21:05|#|102Ah_55degC_1C_cell3|1684|2021-12-15T19:11:20|2021-12-15T20:02:50|#|102Ah_55degC_1C_cell3|1685|2021-12-15T21:53:02|2021-12-15T22:44:32,five recent strictly completed charge events; outer 5-cell fit; inner group selected
M4_wave_residual_v1,M4_wave_noT,102Ah_55degC_1C_cell3,22,1753,2021-12-23T13:36:51,2021-12-23T13:06:30,80.66722310148705,82.2805675635168,80.22442028386847,0.8856056352371633,0.5,102Ah_55degC_1C_cell3|1749|2021-12-23T01:35:20|2021-12-23T02:25:49|#|102Ah_55degC_1C_cell3|1750|2021-12-23T04:15:32|2021-12-23T05:06:02|#|102Ah_55degC_1C_cell3|1751|2021-12-23T06:55:42|2021-12-23T07:46:12|#|102Ah_55degC_1C_cell3|1752|2021-12-23T09:35:52|2021-12-23T10:26:22|#|102Ah_55degC_1C_cell3|1753|2021-12-23T12:16:00|2021-12-23T13:06:30,five recent strictly completed charge events; outer 5-cell fit; inner group selected
M4_wave_residual_v1,M4_wave_noT,102Ah_55degC_1C_cell3,23,1820,2021-12-30T23:30:25,2021-12-30T23:00:23,79.59468132560856,81.18657495212074,79.14335186665772,0.9026589179016697,0.5,102Ah_55degC_1C_cell3|1816|2021-12-30T11:36:15|2021-12-30T12:26:14|#|102Ah_55degC_1C_cell3|1817|2021-12-30T14:14:49|2021-12-30T15:04:49|#|102Ah_55degC_1C_cell3|1818|2021-12-30T16:53:22|2021-12-30T17:43:22|#|102Ah_55degC_1C_cell3|1819|2021-12-30T19:31:54|2021-12-30T20:21:54|#|102Ah_55degC_1C_cell3|1820|2021-12-30T22:10:23|2021-12-30T23:00:23,five recent strictly completed charge events; outer 5-cell fit; inner group selected
M4_wave_residual_v1,M4_wave_noT,102Ah_55degC_1C_cell3,24,1887,2022-01-07T07:31:38,2022-01-07T07:01:22,78.44097863710276,80.00979820984482,78.00643861727575,0.869080039654033,0.5,102Ah_55degC_1C_cell3|1883|2022-01-06T19:44:55|2022-01-06T20:33:55|#|102Ah_55degC_1C_cell3|1884|2022-01-06T22:21:49|2022-01-06T23:10:49|#|102Ah_55degC_1C_cell3|1885|2022-01-07T00:58:42|2022-01-07T01:47:42|#|102Ah_55degC_1C_cell3|1886|2022-01-07T03:35:33|2022-01-07T04:24:33|#|102Ah_55degC_1C_cell3|1887|2022-01-07T06:12:22|2022-01-07T07:01:22,five recent strictly completed charge events; outer 5-cell fit; inner group selected
M4_wave_residual_v1,M4_wave_noT,102Ah_55degC_1C_cell3,25,1957,2022-01-14T21:24:34,2022-01-14T20:54:10,77.16164210085942,78.70487494287661,76.7618904337387,0.7995033342414615,0.5,102Ah_55degC_1C_cell3|1951|2022-01-14T04:35:40|2022-01-14T05:23:40|#|102Ah_55degC_1C_cell3|1952|2022-01-14T07:10:47|2022-01-14T07:58:47|#|102Ah_55degC_1C_cell3|1953|2022-01-14T14:56:00|2022-01-14T15:44:30|#|102Ah_55degC_1C_cell3|1956|2022-01-14T17:31:20|2022-01-14T18:19:22|#|102Ah_55degC_1C_cell3|1957|2022-01-14T20:06:10|2022-01-14T20:54:10,five recent strictly completed charge events; outer 5-cell fit; inner group selected
M4_wave_residual_v1,M4_wave_noT,102Ah_55degC_1C_cell3,26,2027,2022-01-23T04:06:48,2022-01-23T03:36:22,75.84283057254262,77.35968718399347,75.4632857707584,0.7590896035684339,0.5,102Ah_55degC_1C_cell3|2023|2022-01-22T16:37:04|2022-01-22T17:24:04|#|102Ah_55degC_1C_cell3|2024|2022-01-22T19:10:12|2022-01-22T19:57:12|#|102Ah_55degC_1C_cell3|2025|2022-01-22T21:43:17|2022-01-22T22:30:17|#|102Ah_55degC_1C_cell3|2026|2022-01-23T00:16:20|2022-01-23T01:03:20|#|102Ah_55degC_1C_cell3|2027|2022-01-23T02:49:22|2022-01-23T03:36:22,five recent strictly completed charge events; outer 5-cell fit; inner group selected
M4_wave_residual_v1,M4_wave_noT,102Ah_55degC_1C_cell3,27,2099,2022-02-11T10:16:35,2022-02-11T09:46:16,74.44088080503764,75.9296984211384,74.07597030124002,0.72982100759523,0.5,102Ah_55degC_1C_cell3|2095|2022-02-10T22:56:45|2022-02-10T23:42:44|#|102Ah_55degC_1C_cell3|2096|2022-02-11T01:27:38|2022-02-11T02:13:38|#|102Ah_55degC_1C_cell3|2097|2022-02-11T03:58:31|2022-02-11T04:44:31|#|102Ah_55degC_1C_cell3|2098|2022-02-11T06:29:24|2022-02-11T07:15:24|#|102Ah_55degC_1C_cell3|2099|2022-02-11T09:00:16|2022-02-11T09:46:16,five recent strictly completed charge events; outer 5-cell fit; inner group selected
M4_wave_residual_v1,M4_wave_noT,102Ah_55degC_1C_cell3,28,2166,2022-02-18T09:53:24,2022-02-18T09:22:56,73.10345380648695,74.56552288261669,72.7425316424178,0.7218443281383073,0.5,102Ah_55degC_1C_cell3|2162|2022-02-17T22:41:23|2022-02-17T23:26:53|#|102Ah_55degC_1C_cell3|2163|2022-02-18T01:10:34|2022-02-18T01:55:34|#|102Ah_55degC_1C_cell3|2164|2022-02-18T03:39:42|2022-02-18T04:24:42|#|102Ah_55degC_1C_cell3|2165|2022-02-18T06:08:49|2022-02-18T06:53:49|#|102Ah_55degC_1C_cell3|2166|2022-02-18T08:37:55|2022-02-18T09:22:56,five recent strictly completed charge events; outer 5-cell fit; inner group selected
M4_wave_residual_v1,M4_wave_noT,102Ah_55degC_1C_cell3,29,2234,2022-02-25T09:42:51,2022-02-25T09:12:23,71.69398135090184,73.12786097791987,71.3517688239127,0.6844250539782669,0.5,102Ah_55degC_1C_cell3|2230|2022-02-24T22:39:38|2022-02-24T23:24:08|#|102Ah_55degC_1C_cell3|2231|2022-02-25T01:06:52|2022-02-25T01:51:22|#|102Ah_55degC_1C_cell3|2232|2022-02-25T03:34:04|2022-02-25T04:18:04|#|102Ah_55degC_1C_cell3|2233|2022-02-25T06:01:13|2022-02-25T06:45:13|#|102Ah_55degC_1C_cell3|2234|2022-02-25T08:28:21|2022-02-25T09:12:23,five recent strictly completed charge events; outer 5-cell fit; inner group selected
M4_wave_residual_v1,M4_wave_noT,102Ah_55degC_1C_cell3,30,2306,2022-03-06T22:44:31,2022-03-06T22:14:04,70.17987311446964,71.58347057675904,69.84278005900639,0.6741861109265246,0.5,102Ah_55degC_1C_cell3|2302|2022-03-06T11:50:17|2022-03-06T12:33:17|#|102Ah_55degC_1C_cell3|2303|2022-03-06T14:15:31|2022-03-06T14:58:31|#|102Ah_55degC_1C_cell3|2304|2022-03-06T16:40:43|2022-03-06T17:23:43|#|102Ah_55degC_1C_cell3|2305|2022-03-06T19:05:55|2022-03-06T19:48:55|#|102Ah_55degC_1C_cell3|2306|2022-03-06T21:31:04|2022-03-06T22:14:04,five recent strictly completed charge events; outer 5-cell fit; inner group selected
M4_wave_residual_v1,M4_wave_T,102Ah_55degC_1C_cell3,1,111,2021-05-18T03:23:56,2021-05-18T02:53:51,98.32982569976855,100.29642221376393,97.8492998673252,1.922103329773398,0.25,102Ah_55degC_1C_cell3|107|2021-05-17T13:47:59|2021-05-17T14:48:59|#|102Ah_55degC_1C_cell3|108|2021-05-17T16:49:14|2021-05-17T17:50:14|#|102Ah_55degC_1C_cell3|109|2021-05-17T19:50:28|2021-05-17T20:51:28|#|102Ah_55degC_1C_cell3|110|2021-05-17T22:51:40|2021-05-17T23:52:40|#|102Ah_55degC_1C_cell3|111|2021-05-18T01:52:51|2021-05-18T02:53:51,five recent strictly completed charge events; outer 5-cell fit; inner group selected
M4_wave_residual_v1,M4_wave_T,102Ah_55degC_1C_cell3,2,178,2021-05-26T13:33:26,2021-05-26T13:03:00,97.11487258953639,99.05717004132711,96.6925808116718,1.6891671114583284,0.25,102Ah_55degC_1C_cell3|174|2021-05-26T00:03:34|2021-05-26T01:03:34|#|102Ah_55degC_1C_cell3|175|2021-05-26T03:03:27|2021-05-26T04:03:27|#|102Ah_55degC_1C_cell3|176|2021-05-26T06:03:19|2021-05-26T07:03:19|#|102Ah_55degC_1C_cell3|177|2021-05-26T09:03:10|2021-05-26T10:03:10|#|102Ah_55degC_1C_cell3|178|2021-05-26T12:03:00|2021-05-26T13:03:00,five recent strictly completed charge events; outer 5-cell fit; inner group selected
M4_wave_residual_v1,M4_wave_T,102Ah_55degC_1C_cell3,3,463,2021-07-11T20:29:01,2021-07-11T19:58:58,93.57102208116451,95.4424425227878,93.45087598362706,0.48058439014985077,0.25,102Ah_55degC_1C_cell3|459|2021-07-11T07:16:42|2021-07-11T08:15:11|#|102Ah_55degC_1C_cell3|460|2021-07-11T10:12:39|2021-07-11T11:11:09|#|102Ah_55degC_1C_cell3|461|2021-07-11T13:08:36|2021-07-11T14:07:06|#|102Ah_55degC_1C_cell3|462|2021-07-11T16:04:32|2021-07-11T17:03:02|#|102Ah_55degC_1C_cell3|463|2021-07-11T19:00:28|2021-07-11T19:58:58,five recent strictly completed charge events; outer 5-cell fit; inner group selected
M4_wave_residual_v1,M4_wave_T,102Ah_55degC_1C_cell3,4,530,2021-07-20T00:30:50,2021-07-20T00:00:38,92.96705872472165,94.82639989921609,92.84340032519285,0.49463359811525676,0.25,102Ah_55degC_1C_cell3|526|2021-07-19T11:21:42|2021-07-19T12:19:42|#|102Ah_55degC_1C_cell3|527|2021-07-19T14:16:57|2021-07-19T15:14:57|#|102Ah_55degC_1C_cell3|528|2021-07-19T17:12:10|2021-07-19T18:10:11|#|102Ah_55degC_1C_cell3|529|2021-07-19T20:07:24|2021-07-19T21:05:24|#|102Ah_55degC_1C_cell3|530|2021-07-19T23:02:37|2021-07-20T00:00:38,five recent strictly completed charge events; outer 5-cell fit; inner group selected
M4_wave_residual_v1,M4_wave_T,102Ah_55degC_1C_cell3,5,598,2021-07-28T06:39:42,2021-07-28T06:09:21,92.39542393499006,94.24333241368986,92.25242702291357,0.5719876483059689,0.25,102Ah_55degC_1C_cell3|594|2021-07-27T17:33:50|2021-07-27T18:31:21|#|102Ah_55degC_1C_cell3|595|2021-07-27T20:28:22|2021-07-27T21:25:51|#|102Ah_55degC_1C_cell3|596|2021-07-27T23:22:52|2021-07-28T00:20:22|#|102Ah_55degC_1C_cell3|597|2021-07-28T02:17:22|2021-07-28T03:14:52|#|102Ah_55degC_1C_cell3|598|2021-07-28T05:11:51|2021-07-28T06:09:21,five recent strictly completed charge events; outer 5-cell fit; inner group selected
M4_wave_residual_v1,M4_wave_T,102Ah_55degC_1C_cell3,6,667,2021-08-05T14:58:23,2021-08-05T14:28:21,91.8402194475597,93.67702383651091,91.67024594763072,0.6798939997159253,0.25,102Ah_55degC_1C_cell3|663|2021-08-05T01:55:28|2021-08-05T02:52:58|#|102Ah_55degC_1C_cell3|664|2021-08-05T04:49:19|2021-08-05T05:46:49|#|102Ah_55degC_1C_cell3|665|2021-08-05T07:43:10|2021-08-05T08:40:40|#|102Ah_55degC_1C_cell3|666|2021-08-05T10:37:02|2021-08-05T11:34:32|#|102Ah_55degC_1C_cell3|667|2021-08-05T13:30:51|2021-08-05T14:28:21,five recent strictly completed charge events; outer 5-cell fit; inner group selected
M4_wave_residual_v1,M4_wave_T,102Ah_55degC_1C_cell3,7,739,2021-08-15T12:41:20,2021-08-15T12:11:08,91.210428627947,93.03463720050593,91.07362723575696,0.5472055687601496,0.25,102Ah_55degC_1C_cell3|735|2021-08-14T23:41:23|2021-08-15T00:38:23|#|102Ah_55degC_1C_cell3|736|2021-08-15T02:34:36|2021-08-15T03:31:36|#|102Ah_55degC_1C_cell3|737|2021-08-15T05:27:47|2021-08-15T06:24:47|#|102Ah_55degC_1C_cell3|738|2021-08-15T08:20:57|2021-08-15T09:17:58|#|102Ah_55degC_1C_cell3|739|2021-08-15T11:14:08|2021-08-15T12:11:08,five recent strictly completed charge events; outer 5-cell fit; inner group selected
M4_wave_residual_v1,M4_wave_T,102Ah_55degC_1C_cell3,8,806,2021-08-23T13:40:20,2021-08-23T13:09:59,90.68013697655441,92.49373971608549,90.52220379169778,0.6317327394265407,0.25,102Ah_55degC_1C_cell3|802|2021-08-23T00:43:29|2021-08-23T01:39:59|#|102Ah_55degC_1C_cell3|803|2021-08-23T03:36:00|2021-08-23T04:32:30|#|102Ah_55degC_1C_cell3|804|2021-08-23T06:28:30|2021-08-23T07:25:00|#|102Ah_55degC_1C_cell3|805|2021-08-23T09:21:00|2021-08-23T10:17:30|#|102Ah_55degC_1C_cell3|806|2021-08-23T12:13:29|2021-08-23T13:09:59,five recent strictly completed charge events; outer 5-cell fit; inner group selected
M4_wave_residual_v1,M4_wave_T,102Ah_55degC_1C_cell3,9,873,2021-08-31T13:54:11,2021-08-31T13:24:10,90.1588428762727,91.96201973379816,89.96902413862564,0.7592749505882568,0.25,102Ah_55degC_1C_cell3|869|2021-08-31T01:00:23|2021-08-31T01:56:53|#|102Ah_55degC_1C_cell3|870|2021-08-31T03:52:13|2021-08-31T04:48:43|#|102Ah_55degC_1C_cell3|871|2021-08-31T06:44:02|2021-08-31T07:40:32|#|102Ah_55degC_1C_cell3|872|2021-08-31T09:35:51|2021-08-31T10:32:21|#|102Ah_55degC_1C_cell3|873|2021-08-31T12:27:40|2021-08-31T13:24:10,five recent strictly completed charge events; outer 5-cell fit; inner group selected
M4_wave_residual_v1,M4_wave_T,102Ah_55degC_1C_cell3,10,941,2021-09-08T16:14:06,2021-09-08T15:43:54,89.53856247760305,91.32933372715512,89.40067031269021,0.5515686596513761,0.25,102Ah_55degC_1C_cell3|937|2021-09-08T03:23:16|2021-09-08T04:19:16|#|102Ah_55degC_1C_cell3|938|2021-09-08T06:14:26|2021-09-08T07:10:26|#|102Ah_55degC_1C_cell3|939|2021-09-08T09:05:37|2021-09-08T10:01:37|#|102Ah_55degC_1C_cell3|940|2021-09-08T11:56:46|2021-09-08T12:52:46|#|102Ah_55degC_1C_cell3|941|2021-09-08T14:47:54|2021-09-08T15:43:54,five recent strictly completed charge events; outer 5-cell fit; inner group selected
M4_wave_residual_v1,M4_wave_T,102Ah_55degC_1C_cell3,11,1008,2021-09-16T14:57:34,2021-09-16T14:27:13,88.98949274653368,90.76928260146437,88.82890091304961,0.642367333936291,0.25,102Ah_55degC_1C_cell3|1004|2021-09-16T02:09:44|2021-09-16T03:05:14|#|102Ah_55degC_1C_cell3|1005|2021-09-16T05:00:15|2021-09-16T05:55:45|#|102Ah_55degC_1C_cell3|1006|2021-09-16T07:50:44|2021-09-16T08:46:14|#|102Ah_55degC_1C_cell3|1007|2021-09-16T10:41:14|2021-09-16T11:36:44|#|102Ah_55degC_1C_cell3|1008|2021-09-16T13:31:43|2021-09-16T14:27:13,five recent strictly completed charge events; outer 5-cell fit; inner group selected
M4_wave_residual_v1,M4_wave_T,102Ah_55degC_1C_cell3,12,1076,2021-09-24T15:46:35,2021-09-24T15:16:34,88.43683122536032,90.20556784986753,88.2315611236419,0.8210804068737041,0.25,102Ah_55degC_1C_cell3|1072|2021-09-24T03:01:46|2021-09-24T03:57:16|#|102Ah_55degC_1C_cell3|1073|2021-09-24T05:51:36|2021-09-24T06:47:06|#|102Ah_55degC_1C_cell3|1074|2021-09-24T08:41:25|2021-09-24T09:36:57|#|102Ah_55degC_1C_cell3|1075|2021-09-24T11:31:16|2021-09-24T12:26:46|#|102Ah_55degC_1C_cell3|1076|2021-09-24T14:21:04|2021-09-24T15:16:34,five recent strictly completed charge events; outer 5-cell fit; inner group selected
M4_wave_residual_v1,M4_wave_T,102Ah_55degC_1C_cell3,13,1143,2021-10-10T18:09:44,2021-10-10T17:39:36,87.79054867792766,89.54635965148621,87.62113132797988,0.6776693997911422,0.25,102Ah_55degC_1C_cell3|1139|2021-10-10T05:28:28|2021-10-10T06:23:28|#|102Ah_55degC_1C_cell3|1140|2021-10-10T08:17:31|2021-10-10T09:12:31|#|102Ah_55degC_1C_cell3|1141|2021-10-10T11:06:33|2021-10-10T12:01:33|#|102Ah_55degC_1C_cell3|1142|2021-10-10T13:55:35|2021-10-10T14:50:35|#|102Ah_55degC_1C_cell3|1143|2021-10-10T16:44:36|2021-10-10T17:39:36,five recent strictly completed charge events; outer 5-cell fit; inner group selected
M4_wave_residual_v1,M4_wave_T,102Ah_55degC_1C_cell3,14,1211,2021-10-18T17:21:17,2021-10-18T16:51:00,87.18361064933802,88.92728286232477,86.97407350811697,0.8381485648841973,0.25,102Ah_55degC_1C_cell3|1207|2021-10-18T04:42:56|2021-10-18T05:37:26|#|102Ah_55degC_1C_cell3|1208|2021-10-18T07:31:20|2021-10-18T08:25:50|#|102Ah_55degC_1C_cell3|1209|2021-10-18T10:19:44|2021-10-18T11:14:14|#|102Ah_55degC_1C_cell3|1210|2021-10-18T13:08:08|2021-10-18T14:02:38|#|102Ah_55degC_1C_cell3|1211|2021-10-18T15:56:30|2021-10-18T16:51:00,five recent strictly completed charge events; outer 5-cell fit; inner group selected
M4_wave_residual_v1,M4_wave_T,102Ah_55degC_1C_cell3,15,1278,2021-10-26T12:59:44,2021-10-26T12:29:16,86.52773277462683,88.25828743011937,86.30411260861365,0.8944806640526823,0.25,102Ah_55degC_1C_cell3|1274|2021-10-26T00:24:21|2021-10-26T01:18:21|#|102Ah_55degC_1C_cell3|1275|2021-10-26T03:12:06|2021-10-26T04:06:06|#|102Ah_55degC_1C_cell3|1276|2021-10-26T05:59:50|2021-10-26T06:53:50|#|102Ah_55degC_1C_cell3|1277|2021-10-26T08:47:32|2021-10-26T09:41:34|#|102Ah_55degC_1C_cell3|1278|2021-10-26T11:35:16|2021-10-26T12:29:16,five recent strictly completed charge events; outer 5-cell fit; inner group selected
M4_wave_residual_v1,M4_wave_T,102Ah_55degC_1C_cell3,16,1346,2021-11-03T10:40:47,2021-11-03T10:10:24,85.78620101354154,87.50192503381237,85.5858330888869,0.801471698618552,0.25,102Ah_55degC_1C_cell3|1342|2021-11-02T22:08:14|2021-11-02T23:02:14|#|102Ah_55degC_1C_cell3|1343|2021-11-03T00:55:17|2021-11-03T01:49:17|#|102Ah_55degC_1C_cell3|1344|2021-11-03T03:42:20|2021-11-03T04:36:20|#|102Ah_55degC_1C_cell3|1345|2021-11-03T06:29:22|2021-11-03T07:23:22|#|102Ah_55degC_1C_cell3|1346|2021-11-03T09:16:24|2021-11-03T10:10:24,five recent strictly completed charge events; outer 5-cell fit; inner group selected
M4_wave_residual_v1,M4_wave_T,102Ah_55degC_1C_cell3,17,1413,2021-11-11T04:47:31,2021-11-11T04:17:15,85.04652432467624,86.74745481116977,84.83519757500947,0.8453069986670909,0.25,102Ah_55degC_1C_cell3|1409|2021-11-10T16:18:25|2021-11-10T17:11:55|#|102Ah_55degC_1C_cell3|1410|2021-11-10T19:04:47|2021-11-10T19:58:17|#|102Ah_55degC_1C_cell3|1411|2021-11-10T21:51:07|2021-11-10T22:44:37|#|102Ah_55degC_1C_cell3|1412|2021-11-11T00:37:26|2021-11-11T01:30:56|#|102Ah_55degC_1C_cell3|1413|2021-11-11T03:23:45|2021-11-11T04:17:15,five recent strictly completed charge events; outer 5-cell fit; inner group selected
M4_wave_residual_v1,M4_wave_T,102Ah_55degC_1C_cell3,18,1481,2021-11-19T00:49:26,2021-11-19T00:19:03,84.23311277833388,85.91777503390057,84.02489956230421,0.8328528641186715,0.25,102Ah_55degC_1C_cell3|1477|2021-11-18T12:23:57|2021-11-18T13:16:57|#|102Ah_55degC_1C_cell3|1478|2021-11-18T15:09:29|2021-11-18T16:02:29|#|102Ah_55degC_1C_cell3|1479|2021-11-18T17:55:01|2021-11-18T18:48:01|#|102Ah_55degC_1C_cell3|1480|2021-11-18T20:40:32|2021-11-18T21:33:32|#|102Ah_55degC_1C_cell3|1481|2021-11-18T23:26:02|2021-11-19T00:19:03,five recent strictly completed charge events; outer 5-cell fit; inner group selected
M4_wave_residual_v1,M4_wave_T,102Ah_55degC_1C_cell3,19,1550,2021-11-30T16:11:17,2021-11-30T15:40:51,83.3454207943694,85.0123292102568,83.14837004601502,0.7882029934175424,0.25,102Ah_55degC_1C_cell3|1546|2021-11-30T03:50:13|2021-11-30T04:42:43|#|102Ah_55degC_1C_cell3|1547|2021-11-30T06:34:46|2021-11-30T07:27:16|#|102Ah_55degC_1C_cell3|1548|2021-11-30T09:19:19|2021-11-30T10:11:49|#|102Ah_55degC_1C_cell3|1549|2021-11-30T12:03:51|2021-11-30T12:56:21|#|102Ah_55degC_1C_cell3|1550|2021-11-30T14:48:21|2021-11-30T15:40:51,five recent strictly completed charge events; outer 5-cell fit; inner group selected
M4_wave_residual_v1,M4_wave_T,102Ah_55degC_1C_cell3,20,1618,2021-12-08T09:52:11,2021-12-08T09:21:53,82.42766651700572,84.07621984734584,82.227574410324,0.8003684267269057,0.25,102Ah_55degC_1C_cell3|1614|2021-12-07T21:37:06|2021-12-07T22:29:06|#|102Ah_55degC_1C_cell3|1615|2021-12-08T00:20:20|2021-12-08T01:12:20|#|102Ah_55degC_1C_cell3|1616|2021-12-08T03:03:32|2021-12-08T03:55:32|#|102Ah_55degC_1C_cell3|1617|2021-12-08T05:46:43|2021-12-08T06:38:43|#|102Ah_55degC_1C_cell3|1618|2021-12-08T08:29:52|2021-12-08T09:21:53,five recent strictly completed charge events; outer 5-cell fit; inner group selected
M4_wave_residual_v1,M4_wave_T,102Ah_55degC_1C_cell3,21,1685,2021-12-15T23:14:38,2021-12-15T22:44:32,81.4060310706816,83.03415169209524,81.26282230661971,0.5728350562475677,0.25,102Ah_55degC_1C_cell3|1681|2021-12-15T11:06:03|2021-12-15T11:57:32|#|102Ah_55degC_1C_cell3|1682|2021-12-15T13:47:49|2021-12-15T14:39:19|#|102Ah_55degC_1C_cell3|1683|2021-12-15T16:29:35|2021-12-15T17:21:05|#|102Ah_55degC_1C_cell3|1684|2021-12-15T19:11:20|2021-12-15T20:02:50|#|102Ah_55degC_1C_cell3|1685|2021-12-15T21:53:02|2021-12-15T22:44:32,five recent strictly completed charge events; outer 5-cell fit; inner group selected
M4_wave_residual_v1,M4_wave_T,102Ah_55degC_1C_cell3,22,1753,2021-12-23T13:36:51,2021-12-23T13:06:30,80.33487583610514,81.94157335282723,80.22442028386847,0.4418222089466797,0.25,102Ah_55degC_1C_cell3|1749|2021-12-23T01:35:20|2021-12-23T02:25:49|#|102Ah_55degC_1C_cell3|1750|2021-12-23T04:15:32|2021-12-23T05:06:02|#|102Ah_55degC_1C_cell3|1751|2021-12-23T06:55:42|2021-12-23T07:46:12|#|102Ah_55degC_1C_cell3|1752|2021-12-23T09:35:52|2021-12-23T10:26:22|#|102Ah_55degC_1C_cell3|1753|2021-12-23T12:16:00|2021-12-23T13:06:30,five recent strictly completed charge events; outer 5-cell fit; inner group selected
M4_wave_residual_v1,M4_wave_T,102Ah_55degC_1C_cell3,23,1820,2021-12-30T23:30:25,2021-12-30T23:00:23,79.23187886251979,80.81651643977018,79.14335186665772,0.3541079834483003,0.25,102Ah_55degC_1C_cell3|1816|2021-12-30T11:36:15|2021-12-30T12:26:14|#|102Ah_55degC_1C_cell3|1817|2021-12-30T14:14:49|2021-12-30T15:04:49|#|102Ah_55degC_1C_cell3|1818|2021-12-30T16:53:22|2021-12-30T17:43:22|#|102Ah_55degC_1C_cell3|1819|2021-12-30T19:31:54|2021-12-30T20:21:54|#|102Ah_55degC_1C_cell3|1820|2021-12-30T22:10:23|2021-12-30T23:00:23,five recent strictly completed charge events; outer 5-cell fit; inner group selected
M4_wave_residual_v1,M4_wave_T,102Ah_55degC_1C_cell3,24,1887,2022-01-07T07:31:38,2022-01-07T07:01:22,78.03910685328641,79.59988899035214,78.00643861727575,0.1306729440426746,0.25,102Ah_55degC_1C_cell3|1883|2022-01-06T19:44:55|2022-01-06T20:33:55|#|102Ah_55degC_1C_cell3|1884|2022-01-06T22:21:49|2022-01-06T23:10:49|#|102Ah_55degC_1C_cell3|1885|2022-01-07T00:58:42|2022-01-07T01:47:42|#|102Ah_55degC_1C_cell3|1886|2022-01-07T03:35:33|2022-01-07T04:24:33|#|102Ah_55degC_1C_cell3|1887|2022-01-07T06:12:22|2022-01-07T07:01:22,five recent strictly completed charge events; outer 5-cell fit; inner group selected
M4_wave_residual_v1,M4_wave_T,102Ah_55degC_1C_cell3,25,1957,2022-01-14T21:24:34,2022-01-14T20:54:10,76.74365979423584,78.27853299012055,76.7618904337387,-0.07292255801144476,0.25,102Ah_55degC_1C_cell3|1951|2022-01-14T04:35:40|2022-01-14T05:23:40|#|102Ah_55degC_1C_cell3|1952|2022-01-14T07:10:47|2022-01-14T07:58:47|#|102Ah_55degC_1C_cell3|1953|2022-01-14T14:56:00|2022-01-14T15:44:30|#|102Ah_55degC_1C_cell3|1956|2022-01-14T17:31:20|2022-01-14T18:19:22|#|102Ah_55degC_1C_cell3|1957|2022-01-14T20:06:10|2022-01-14T20:54:10,five recent strictly completed charge events; outer 5-cell fit; inner group selected
M4_wave_residual_v1,M4_wave_T,102Ah_55degC_1C_cell3,26,2027,2022-01-23T04:06:48,2022-01-23T03:36:22,75.40268489723923,76.91073859518401,75.4632857707584,-0.24240349407673412,0.25,102Ah_55degC_1C_cell3|2023|2022-01-22T16:37:04|2022-01-22T17:24:04|#|102Ah_55degC_1C_cell3|2024|2022-01-22T19:10:12|2022-01-22T19:57:12|#|102Ah_55degC_1C_cell3|2025|2022-01-22T21:43:17|2022-01-22T22:30:17|#|102Ah_55degC_1C_cell3|2026|2022-01-23T00:16:20|2022-01-23T01:03:20|#|102Ah_55degC_1C_cell3|2027|2022-01-23T02:49:22|2022-01-23T03:36:22,five recent strictly completed charge events; outer 5-cell fit; inner group selected
M4_wave_residual_v1,M4_wave_T,102Ah_55degC_1C_cell3,27,2099,2022-02-11T10:16:35,2022-02-11T09:46:16,74.0403622582538,75.52116950341888,74.07597030124002,-0.14243217194490354,0.25,102Ah_55degC_1C_cell3|2095|2022-02-10T22:56:45|2022-02-10T23:42:44|#|102Ah_55degC_1C_cell3|2096|2022-02-11T01:27:38|2022-02-11T02:13:38|#|102Ah_55degC_1C_cell3|2097|2022-02-11T03:58:31|2022-02-11T04:44:31|#|102Ah_55degC_1C_cell3|2098|2022-02-11T06:29:24|2022-02-11T07:15:24|#|102Ah_55degC_1C_cell3|2099|2022-02-11T09:00:16|2022-02-11T09:46:16,five recent strictly completed charge events; outer 5-cell fit; inner group selected
M4_wave_residual_v1,M4_wave_T,102Ah_55degC_1C_cell3,28,2166,2022-02-18T09:53:24,2022-02-18T09:22:56,72.69034686928741,74.14415380667316,72.7425316424178,-0.20873909252156908,0.25,102Ah_55degC_1C_cell3|2162|2022-02-17T22:41:23|2022-02-17T23:26:53|#|102Ah_55degC_1C_cell3|2163|2022-02-18T01:10:34|2022-02-18T01:55:34|#|102Ah_55degC_1C_cell3|2164|2022-02-18T03:39:42|2022-02-18T04:24:42|#|102Ah_55degC_1C_cell3|2165|2022-02-18T06:08:49|2022-02-18T06:53:49|#|102Ah_55degC_1C_cell3|2166|2022-02-18T08:37:55|2022-02-18T09:22:56,five recent strictly completed charge events; outer 5-cell fit; inner group selected
M4_wave_residual_v1,M4_wave_T,102Ah_55degC_1C_cell3,29,2234,2022-02-25T09:42:51,2022-02-25T09:12:23,71.28248940453905,72.70813919262983,71.3517688239127,-0.27711767749464755,0.25,102Ah_55degC_1C_cell3|2230|2022-02-24T22:39:38|2022-02-24T23:24:08|#|102Ah_55degC_1C_cell3|2231|2022-02-25T01:06:52|2022-02-25T01:51:22|#|102Ah_55degC_1C_cell3|2232|2022-02-25T03:34:04|2022-02-25T04:18:04|#|102Ah_55degC_1C_cell3|2233|2022-02-25T06:01:13|2022-02-25T06:45:13|#|102Ah_55degC_1C_cell3|2234|2022-02-25T08:28:21|2022-02-25T09:12:23,five recent strictly completed charge events; outer 5-cell fit; inner group selected
M4_wave_residual_v1,M4_wave_T,102Ah_55degC_1C_cell3,30,2306,2022-03-06T22:44:31,2022-03-06T22:14:04,69.77140245608764,71.16683050520939,69.84278005900639,-0.2855104116749998,0.25,102Ah_55degC_1C_cell3|2302|2022-03-06T11:50:17|2022-03-06T12:33:17|#|102Ah_55degC_1C_cell3|2303|2022-03-06T14:15:31|2022-03-06T14:58:31|#|102Ah_55degC_1C_cell3|2304|2022-03-06T16:40:43|2022-03-06T17:23:43|#|102Ah_55degC_1C_cell3|2305|2022-03-06T19:05:55|2022-03-06T19:48:55|#|102Ah_55degC_1C_cell3|2306|2022-03-06T21:31:04|2022-03-06T22:14:04,five recent strictly completed charge events; outer 5-cell fit; inner group selected
