system,threshold_A,timestamp,cell,I_before_A,I_after_A,delta_I_A,SOC_BMS_pct,temperature_C,v_before_V,v_after_V,R_step_mOhm,R_plausible,step_interval_s,sample_time_bin_3h
12,5,2015-12-17T11:14:24,1,-0.820047914981842,-8.96762084960938,-8.147572934627538,93.4,13.0,3.295,3.29,0.6136796859773634,True,5,134291
12,5,2015-12-17T11:14:24,2,-0.820047914981842,-8.96762084960938,-8.147572934627538,93.4,13.0,3.293,3.287,0.7364156231728798,True,5,134291
12,5,2015-12-17T11:14:24,3,-0.820047914981842,-8.96762084960938,-8.147572934627538,93.4,13.0,3.299,3.294,0.6136796859773634,True,5,134291
12,5,2015-12-17T11:14:24,4,-0.820047914981842,-8.96762084960938,-8.147572934627538,93.4,13.0,3.292,3.288,0.4909437487819017,True,5,134291
12,5,2015-12-17T11:14:24,5,-0.820047914981842,-8.96762084960938,-8.147572934627538,93.4,13.0,3.291,3.285,0.7364156231728253,True,5,134291
12,5,2015-12-17T11:14:24,6,-0.820047914981842,-8.96762084960938,-8.147572934627538,93.4,13.0,3.295,3.289,0.7364156231728253,True,5,134291
12,5,2015-12-17T11:14:24,7,-0.820047914981842,-8.96762084960938,-8.147572934627538,93.4,13.0,3.293,3.288,0.613679685977418,True,5,134291
12,5,2015-12-17T11:14:24,8,-0.820047914981842,-8.96762084960938,-8.147572934627538,93.4,13.0,3.288,3.282,0.7364156231728253,True,5,134291
12,5,2016-01-04T16:05:05,1,-0.661328971385956,-13.4646577835083,-12.803328812122345,73.7,10.75,3.279,3.267,0.9372562539078327,True,6,134437
12,5,2016-01-04T16:05:05,2,-0.661328971385956,-13.4646577835083,-12.803328812122345,73.7,10.75,3.273,3.259,1.0934656295591556,True,6,134437
12,5,2016-01-04T16:05:05,3,-0.661328971385956,-13.4646577835083,-12.803328812122345,73.7,10.75,3.281,3.268,1.0153609417335114,True,6,134437
12,5,2016-01-04T16:05:05,4,-0.661328971385956,-13.4646577835083,-12.803328812122345,73.7,10.75,3.273,3.261,0.9372562539078327,True,6,134437
12,5,2016-01-04T16:05:05,5,-0.661328971385956,-13.4646577835083,-12.803328812122345,73.7,10.75,3.269,3.257,0.9372562539078327,True,6,134437
12,5,2016-01-04T16:05:05,6,-0.661328971385956,-13.4646577835083,-12.803328812122345,73.7,10.75,3.279,3.266,1.0153609417334766,True,6,134437
12,5,2016-01-04T16:05:05,7,-0.661328971385956,-13.4646577835083,-12.803328812122345,73.7,10.75,3.275,3.263,0.9372562539078327,True,6,134437
12,5,2016-01-04T16:05:05,8,-0.661328971385956,-13.4646577835083,-12.803328812122345,73.7,10.75,3.269,3.253,1.2496750052104437,True,6,134437
12,5,2016-01-04T18:09:44,1,-0.793594777584076,-28.0932540893555,-27.299659311771425,69.9,20.5,3.338,3.323,0.5494574063615596,True,5,134438
12,5,2016-01-04T18:09:44,2,-0.793594777584076,-28.0932540893555,-27.299659311771425,69.9,20.5,3.34,3.323,0.6227183938764255,True,5,134438
12,5,2016-01-04T18:09:44,3,-0.793594777584076,-28.0932540893555,-27.299659311771425,69.9,20.5,3.34,3.324,0.5860879001189925,True,5,134438
12,5,2016-01-04T18:09:44,4,-0.793594777584076,-28.0932540893555,-27.299659311771425,69.9,20.5,3.339,3.323,0.5860879001189925,True,5,134438
12,5,2016-01-04T18:09:44,5,-0.793594777584076,-28.0932540893555,-27.299659311771425,69.9,20.5,3.338,3.322,0.5860879001189925,True,5,134438
12,5,2016-01-04T18:09:44,6,-0.793594777584076,-28.0932540893555,-27.299659311771425,69.9,20.5,3.339,3.323,0.5860879001189925,True,5,134438
12,5,2016-01-04T18:09:44,7,-0.793594777584076,-28.0932540893555,-27.299659311771425,69.9,20.5,3.334,3.32,0.5128269126041266,True,5,134438
12,5,2016-01-04T18:09:44,8,-0.793594777584076,-28.0932540893555,-27.299659311771425,69.9,20.5,3.338,3.317,0.7692403689061735,True,5,134438
12,5,2016-01-05T09:23:02,1,-0.793594777584076,-47.1659812927246,-46.372386515140526,93.8,11.0,3.313,3.274,0.8410177463535695,True,5,134443
12,5,2016-01-05T09:23:02,2,-0.793594777584076,-47.1659812927246,-46.372386515140526,93.8,11.0,3.315,3.273,0.9057114191499906,True,5,134443
12,5,2016-01-05T09:23:02,3,-0.793594777584076,-47.1659812927246,-46.372386515140526,93.8,11.0,3.316,3.278,0.8194531887547529,True,5,134443
12,5,2016-01-05T09:23:02,4,-0.793594777584076,-47.1659812927246,-46.372386515140526,93.8,11.0,3.314,3.278,0.776324073557139,True,5,134443
12,5,2016-01-05T09:23:02,5,-0.793594777584076,-47.1659812927246,-46.372386515140526,93.8,11.0,3.313,3.273,0.8625823039523766,True,5,134443
12,5,2016-01-05T09:23:02,6,-0.793594777584076,-47.1659812927246,-46.372386515140526,93.8,11.0,3.315,3.275,0.8625823039523766,True,5,134443
12,5,2016-01-05T09:23:02,7,-0.793594777584076,-47.1659812927246,-46.372386515140526,93.8,11.0,3.312,3.272,0.8625823039523766,True,5,134443
12,5,2016-01-05T09:23:02,8,-0.793594777584076,-47.1659812927246,-46.372386515140526,93.8,11.0,3.311,3.253,1.2507443407309413,True,5,134443
12,5,2016-01-05T16:11:00,1,-0.793594777584076,-43.8064308166504,-43.01283603906632,93.8,18.25,3.321,3.297,0.557972972956307,True,5,134445
12,5,2016-01-05T16:11:00,2,-0.793594777584076,-43.8064308166504,-43.01283603906632,93.8,18.25,3.324,3.297,0.6277195945758377,True,5,134445
12,5,2016-01-05T16:11:00,3,-0.793594777584076,-43.8064308166504,-43.01283603906632,93.8,18.25,3.326,3.301,0.581221846829484,True,5,134445
12,5,2016-01-05T16:11:00,4,-0.793594777584076,-43.8064308166504,-43.01283603906632,93.8,18.25,3.323,3.299,0.557972972956307,True,5,134445
12,5,2016-01-05T16:11:00,5,-0.793594777584076,-43.8064308166504,-43.01283603906632,93.8,18.25,3.322,3.298,0.557972972956307,True,5,134445
12,5,2016-01-05T16:11:00,6,-0.793594777584076,-43.8064308166504,-43.01283603906632,93.8,18.25,3.325,3.3,0.5812218468294943,True,5,134445
12,5,2016-01-05T16:11:00,7,-0.793594777584076,-43.8064308166504,-43.01283603906632,93.8,18.25,3.322,3.297,0.581221846829484,True,5,134445
12,5,2016-01-05T16:11:00,8,-0.793594777584076,-43.8064308166504,-43.01283603906632,93.8,18.25,3.32,3.273,1.092697072039427,True,5,134445
12,5,2016-01-06T08:57:46,1,-1.05812633037567,-92.9080657958984,-91.84993946552272,93.7,10.75,3.317,3.239,0.8492112292494083,True,5,134450
12,5,2016-01-06T08:57:46,2,-1.05812633037567,-92.9080657958984,-91.84993946552272,93.7,10.75,3.319,3.236,0.9036478465089794,True,5,134450
12,5,2016-01-06T08:57:46,3,-1.05812633037567,-92.9080657958984,-91.84993946552272,93.7,10.75,3.321,3.245,0.8274365823455749,True,5,134450
12,5,2016-01-06T08:57:46,4,-1.05812633037567,-92.9080657958984,-91.84993946552272,93.7,10.75,3.319,3.248,0.772999965085994,True,5,134450
12,5,2016-01-06T08:57:46,5,-1.05812633037567,-92.9080657958984,-91.84993946552272,93.7,10.75,3.318,3.241,0.8383239057974892,True,5,134450
12,5,2016-01-06T08:57:46,6,-1.05812633037567,-92.9080657958984,-91.84993946552272,93.7,10.75,3.319,3.241,0.8492112292494034,True,5,134450
12,5,2016-01-06T08:57:46,7,-1.05812633037567,-92.9080657958984,-91.84993946552272,93.7,10.75,3.315,3.237,0.8492112292494034,True,5,134450
12,5,2016-01-06T08:57:46,8,-1.05812633037567,-92.9080657958984,-91.84993946552272,93.7,10.75,3.316,3.183,1.448014019104755,True,5,134450
12,5,2016-01-06T09:01:56,1,-0.661328971385956,-17.1151943206787,-16.453865349292744,86.9,14.5,3.254,3.245,0.5469839341055963,True,5,134451
12,5,2016-01-06T09:01:56,2,-0.661328971385956,-17.1151943206787,-16.453865349292744,86.9,14.5,3.248,3.238,0.6077599267840169,True,5,134451
12,5,2016-01-06T09:01:56,3,-0.661328971385956,-17.1151943206787,-16.453865349292744,86.9,14.5,3.262,3.253,0.5469839341055963,True,5,134451
12,5,2016-01-06T09:01:56,4,-0.661328971385956,-17.1151943206787,-16.453865349292744,86.9,14.5,3.25,3.242,0.48620794142720275,True,5,134451
12,5,2016-01-06T09:01:56,5,-0.661328971385956,-17.1151943206787,-16.453865349292744,86.9,14.5,3.248,3.239,0.5469839341056233,True,5,134451
12,5,2016-01-06T09:01:56,6,-0.661328971385956,-17.1151943206787,-16.453865349292744,86.9,14.5,3.258,3.249,0.5469839341055963,True,5,134451
12,5,2016-01-06T09:01:56,7,-0.661328971385956,-17.1151943206787,-16.453865349292744,86.9,14.5,3.254,3.245,0.5469839341055963,True,5,134451
12,5,2016-01-06T09:01:56,8,-0.661328971385956,-17.1151943206787,-16.453865349292744,86.9,14.5,3.243,3.225,1.0939678682111926,True,5,134451
12,5,2016-01-06T15:40:40,1,-0.634875774383545,-25.130500793457,-24.495625019073454,93.1,20.5,3.307,3.295,0.48988339716403406,True,6,134453
12,5,2016-01-06T15:40:40,2,-0.634875774383545,-25.130500793457,-24.495625019073454,93.1,20.5,3.305,3.291,0.5715306300247155,True,6,134453
12,5,2016-01-06T15:40:40,3,-0.634875774383545,-25.130500793457,-24.495625019073454,93.1,20.5,3.313,3.301,0.48988339716403406,True,6,134453
12,5,2016-01-06T15:40:40,4,-0.634875774383545,-25.130500793457,-24.495625019073454,93.1,20.5,3.306,3.294,0.48988339716403406,True,6,134453
12,5,2016-01-06T15:40:40,5,-0.634875774383545,-25.130500793457,-24.495625019073454,93.1,20.5,3.305,3.293,0.48988339716403406,True,6,134453
12,5,2016-01-06T15:40:40,6,-0.634875774383545,-25.130500793457,-24.495625019073454,93.1,20.5,3.311,3.297,0.5715306300246974,True,6,134453
12,5,2016-01-06T15:40:40,7,-0.634875774383545,-25.130500793457,-24.495625019073454,93.1,20.5,3.309,3.296,0.5307070135943838,True,6,134453
12,5,2016-01-06T15:40:40,8,-0.634875774383545,-25.130500793457,-24.495625019073454,93.1,20.5,3.302,3.275,1.1022376436190813,True,6,134453
12,5,2016-01-07T09:04:14,1,-0.793594777584076,-58.9376373291016,-58.14404255151752,93.9,13.5,3.318,3.275,0.739542661862576,True,5,134459
12,5,2016-01-07T09:04:14,2,-0.793594777584076,-58.9376373291016,-58.14404255151752,93.9,13.5,3.321,3.274,0.8083373280823503,True,5,134459
12,5,2016-01-07T09:04:14,3,-0.793594777584076,-58.9376373291016,-58.14404255151752,93.9,13.5,3.322,3.279,0.739542661862576,True,5,134459
12,5,2016-01-07T09:04:14,4,-0.793594777584076,-58.9376373291016,-58.14404255151752,93.9,13.5,3.32,3.279,0.7051453287526849,True,5,134459
12,5,2016-01-07T09:04:14,5,-0.793594777584076,-58.9376373291016,-58.14404255151752,93.9,13.5,3.319,3.275,0.7567413284175176,True,5,134459
12,5,2016-01-07T09:04:14,6,-0.793594777584076,-58.9376373291016,-58.14404255151752,93.9,13.5,3.32,3.276,0.7567413284175176,True,5,134459
12,5,2016-01-07T09:04:14,7,-0.793594777584076,-58.9376373291016,-58.14404255151752,93.9,13.5,3.316,3.273,0.7395426618625682,True,5,134459
12,5,2016-01-07T09:04:14,8,-0.793594777584076,-58.9376373291016,-58.14404255151752,93.9,13.5,3.317,3.231,1.479085323725152,True,5,134459
12,5,2016-01-07T12:00:30,1,-0.608422636985779,-50.7900657653809,-50.18164312839512,76.0,26.0,3.273,3.264,0.1793484517231306,True,1,134460
12,5,2016-01-07T12:00:30,2,-0.608422636985779,-50.7900657653809,-50.18164312839512,76.0,26.0,3.27,3.259,0.21920366321715373,True,1,134460
12,5,2016-01-07T12:00:30,3,-0.608422636985779,-50.7900657653809,-50.18164312839512,76.0,26.0,3.279,3.27,0.17934845172312175,True,1,134460
12,5,2016-01-07T12:00:30,4,-0.608422636985779,-50.7900657653809,-50.18164312839512,76.0,26.0,3.269,3.261,0.1594208459761102,True,1,134460
12,5,2016-01-07T12:00:30,5,-0.608422636985779,-50.7900657653809,-50.18164312839512,76.0,26.0,3.266,3.258,0.1594208459761102,True,1,134460
12,5,2016-01-07T12:00:30,6,-0.608422636985779,-50.7900657653809,-50.18164312839512,76.0,26.0,3.277,3.267,0.19927605747014215,True,1,134460
12,5,2016-01-07T12:00:30,7,-0.608422636985779,-50.7900657653809,-50.18164312839512,76.0,26.0,3.275,3.266,0.17934845172312175,True,1,134460
12,5,2016-01-07T12:00:30,8,-0.608422636985779,-50.7900657653809,-50.18164312839512,76.0,26.0,3.272,3.234,0.7572490183865189,True,1,134460
12,5,2016-01-07T16:24:34,1,-0.634875774383545,-29.0455684661865,-28.410692691802954,91.5,20.75,3.305,3.291,0.4927722161466169,True,5,134461
12,5,2016-01-07T16:24:34,2,-0.634875774383545,-29.0455684661865,-28.410692691802954,91.5,20.75,3.302,3.286,0.5631682470246961,True,5,134461
12,5,2016-01-07T16:24:34,3,-0.634875774383545,-29.0455684661865,-28.410692691802954,91.5,20.75,3.31,3.296,0.4927722161466169,True,5,134461
12,5,2016-01-07T16:24:34,4,-0.634875774383545,-29.0455684661865,-28.410692691802954,91.5,20.75,3.304,3.29,0.4927722161466013,True,5,134461
12,5,2016-01-07T16:24:34,5,-0.634875774383545,-29.0455684661865,-28.410692691802954,91.5,20.75,3.302,3.288,0.4927722161466169,True,5,134461
12,5,2016-01-07T16:24:34,6,-0.634875774383545,-29.0455684661865,-28.410692691802954,91.5,20.75,3.308,3.294,0.4927722161466013,True,5,134461
12,5,2016-01-07T16:24:34,7,-0.634875774383545,-29.0455684661865,-28.410692691802954,91.5,20.75,3.306,3.293,0.45757420070756166,True,5,134461
12,5,2016-01-07T16:24:34,8,-0.634875774383545,-29.0455684661865,-28.410692691802954,91.5,20.75,3.299,3.267,1.1263364940493923,True,5,134461
12,5,2016-01-07T18:01:11,1,-0.608422636985779,-11.7716550827026,-11.16323244571682,87.2,27.25,3.287,3.283,0.3583191534755463,True,5,134462
12,5,2016-01-07T18:01:11,2,-0.608422636985779,-11.7716550827026,-11.16323244571682,87.2,27.25,3.283,3.279,0.3583191534755463,True,5,134462
12,5,2016-01-07T18:01:11,3,-0.608422636985779,-11.7716550827026,-11.16323244571682,87.2,27.25,3.294,3.29,0.3583191534755463,True,5,134462
12,5,2016-01-07T18:01:11,4,-0.608422636985779,-11.7716550827026,-11.16323244571682,87.2,27.25,3.284,3.28,0.3583191534755463,True,5,134462
12,5,2016-01-07T18:01:11,5,-0.608422636985779,-11.7716550827026,-11.16323244571682,87.2,27.25,3.281,3.278,0.2687393651066697,True,5,134462
12,5,2016-01-07T18:01:11,6,-0.608422636985779,-11.7716550827026,-11.16323244571682,87.2,27.25,3.291,3.286,0.4478989418444229,True,5,134462
12,5,2016-01-07T18:01:11,7,-0.608422636985779,-11.7716550827026,-11.16323244571682,87.2,27.25,3.288,3.284,0.3583191534755463,True,5,134462
12,5,2016-01-07T18:01:11,8,-0.608422636985779,-11.7716550827026,-11.16323244571682,87.2,27.25,3.282,3.27,1.074957460426639,True,5,134462
12,5,2016-01-08T08:44:59,1,-0.661328971385956,-29.3630065917969,-28.701677620410944,89.6,11.5,3.29,3.267,0.8013468865542509,True,5,134466
12,5,2016-01-08T08:44:59,2,-0.661328971385956,-29.3630065917969,-28.701677620410944,89.6,11.5,3.287,3.263,0.8361880555348665,True,5,134466
12,5,2016-01-08T08:44:59,3,-0.661328971385956,-29.3630065917969,-28.701677620410944,89.6,11.5,3.296,3.274,0.7665057175736198,True,5,134466
12,5,2016-01-08T08:44:59,4,-0.661328971385956,-29.3630065917969,-28.701677620410944,89.6,11.5,3.289,3.268,0.7316645485930198,True,5,134466
12,5,2016-01-08T08:44:59,5,-0.661328971385956,-29.3630065917969,-28.701677620410944,89.6,11.5,3.286,3.264,0.7665057175736354,True,5,134466
12,5,2016-01-08T08:44:59,6,-0.661328971385956,-29.3630065917969,-28.701677620410944,89.6,11.5,3.293,3.269,0.8361880555348665,True,5,134466
12,5,2016-01-08T08:44:59,7,-0.661328971385956,-29.3630065917969,-28.701677620410944,89.6,11.5,3.289,3.265,0.8361880555348665,True,5,134466
12,5,2016-01-08T08:44:59,8,-0.661328971385956,-29.3630065917969,-28.701677620410944,89.6,11.5,3.282,3.238,1.5330114351472552,True,5,134466
12,5,2016-01-08T09:02:42,1,-0.661328971385956,-31.4528045654297,-30.791475594043746,89.6,15.0,3.277,3.255,0.7144834593200168,True,5,134467
12,5,2016-01-08T09:02:42,2,-0.661328971385956,-31.4528045654297,-30.791475594043746,89.6,15.0,3.272,3.249,0.7469599801981809,True,5,134467
12,5,2016-01-08T09:02:42,3,-0.661328971385956,-31.4528045654297,-30.791475594043746,89.6,15.0,3.284,3.263,0.6820069384418236,True,5,134467
12,5,2016-01-08T09:02:42,4,-0.661328971385956,-31.4528045654297,-30.791475594043746,89.6,15.0,3.273,3.254,0.6170538966854663,True,5,134467
12,5,2016-01-08T09:02:42,5,-0.661328971385956,-31.4528045654297,-30.791475594043746,89.6,15.0,3.272,3.25,0.7144834593200023,True,5,134467
12,5,2016-01-08T09:02:42,6,-0.661328971385956,-31.4528045654297,-30.791475594043746,89.6,15.0,3.279,3.258,0.6820069384418236,True,5,134467
12,5,2016-01-08T09:02:42,7,-0.661328971385956,-31.4528045654297,-30.791475594043746,89.6,15.0,3.276,3.254,0.7144834593200023,True,5,134467
12,5,2016-01-08T09:02:42,8,-0.661328971385956,-31.4528045654297,-30.791475594043746,89.6,15.0,3.268,3.227,1.3315373560054686,True,5,134467
12,5,2016-01-08T13:15:35,1,-3.94152045249939,-43.1450996398926,-39.20357918739321,91.2,26.0,3.274,3.258,0.4081260010347518,True,5,134468
12,5,2016-01-08T13:15:35,2,-3.94152045249939,-43.1450996398926,-39.20357918739321,91.2,26.0,3.269,3.252,0.43363387609943227,True,5,134468
12,5,2016-01-08T13:15:35,3,-3.94152045249939,-43.1450996398926,-39.20357918739321,91.2,26.0,3.281,3.265,0.4081260010347518,True,5,134468
12,5,2016-01-08T13:15:35,4,-3.94152045249939,-43.1450996398926,-39.20357918739321,91.2,26.0,3.27,3.255,0.3826181259700826,True,5,134468
12,5,2016-01-08T13:15:35,5,-3.94152045249939,-43.1450996398926,-39.20357918739321,91.2,26.0,3.268,3.252,0.4081260010347518,True,5,134468
12,5,2016-01-08T13:15:35,6,-3.94152045249939,-43.1450996398926,-39.20357918739321,91.2,26.0,3.277,3.261,0.4081260010347518,True,5,134468
12,5,2016-01-08T13:15:35,7,-3.94152045249939,-43.1450996398926,-39.20357918739321,91.2,26.0,3.276,3.26,0.4081260010347518,True,5,134468
12,5,2016-01-08T13:15:35,8,-3.94152045249939,-43.1450996398926,-39.20357918739321,91.2,26.0,3.263,3.221,1.071330752716218,True,5,134468
12,5,2016-01-08T15:03:28,1,-53.2502059936523,-83.0629196166992,-29.812713623046903,91.4,28.75,3.342,3.32,0.73794020491288,True,5,134469
12,5,2016-01-08T15:03:28,2,-53.2502059936523,-83.0629196166992,-29.812713623046903,91.4,28.75,3.341,3.319,0.73794020491288,True,5,134469
12,5,2016-01-08T15:03:28,3,-53.2502059936523,-83.0629196166992,-29.812713623046903,91.4,28.75,3.342,3.32,0.73794020491288,True,5,134469
12,5,2016-01-08T15:03:28,4,-53.2502059936523,-83.0629196166992,-29.812713623046903,91.4,28.75,3.34,3.32,0.6708547317389751,True,5,134469
12,5,2016-01-08T15:03:28,5,-53.2502059936523,-83.0629196166992,-29.812713623046903,91.4,28.75,3.34,3.319,0.7043974683259201,True,5,134469
12,5,2016-01-08T15:03:28,6,-53.2502059936523,-83.0629196166992,-29.812713623046903,91.4,28.75,3.34,3.319,0.7043974683259201,True,5,134469
12,5,2016-01-08T15:03:28,7,-53.2502059936523,-83.0629196166992,-29.812713623046903,91.4,28.75,3.336,3.317,0.6373119951520152,True,5,134469
12,5,2016-01-08T15:03:28,8,-53.2502059936523,-83.0629196166992,-29.812713623046903,91.4,28.75,3.31,3.27,1.3417094634779503,True,5,134469
12,5,2016-01-09T15:58:47,1,-0.820047914981842,-7.77722835540771,-6.957180440425868,88.8,10.25,3.314,3.308,0.8624183390639428,True,5,134477
12,5,2016-01-09T15:58:47,2,-0.820047914981842,-7.77722835540771,-6.957180440425868,88.8,10.25,3.317,3.309,1.1498911187518812,True,5,134477
12,5,2016-01-09T15:58:47,3,-0.820047914981842,-7.77722835540771,-6.957180440425868,88.8,10.25,3.317,3.311,0.8624183390639428,True,5,134477
12,5,2016-01-09T15:58:47,4,-0.820047914981842,-7.77722835540771,-6.957180440425868,88.8,10.25,3.316,3.31,0.862418339063879,True,5,134477
12,5,2016-01-09T15:58:47,5,-0.820047914981842,-7.77722835540771,-6.957180440425868,88.8,10.25,3.315,3.308,1.0061547289079118,True,5,134477
12,5,2016-01-09T15:58:47,6,-0.820047914981842,-7.77722835540771,-6.957180440425868,88.8,10.25,3.316,3.309,1.006154728907848,True,5,134477
12,5,2016-01-09T15:58:47,7,-0.820047914981842,-7.77722835540771,-6.957180440425868,88.8,10.25,3.312,3.305,1.006154728907848,True,5,134477
12,5,2016-01-09T15:58:47,8,-0.820047914981842,-7.77722835540771,-6.957180440425868,88.8,10.25,3.313,3.302,1.5811002882838525,True,5,134477
12,5,2016-01-18T12:50:14,1,-4.07378625869751,-38.3570785522461,-34.28329229354859,43.3,12.75,3.181,3.159,0.6417119981251097,True,5,134548
12,5,2016-01-18T12:50:14,2,-4.07378625869751,-38.3570785522461,-34.28329229354859,43.3,12.75,3.172,3.144,0.8167243612501314,True,5,134548
12,5,2016-01-18T12:50:14,3,-4.07378625869751,-38.3570785522461,-34.28329229354859,43.3,12.75,3.184,3.16,0.7000494525001126,True,5,134548
12,5,2016-01-18T12:50:14,4,-4.07378625869751,-38.3570785522461,-34.28329229354859,43.3,12.75,3.17,3.146,0.7000494525001126,True,5,134548
12,5,2016-01-18T12:50:14,5,-4.07378625869751,-38.3570785522461,-34.28329229354859,43.3,12.75,3.169,3.142,0.7875556340626299,True,5,134548
12,5,2016-01-18T12:50:14,6,-4.07378625869751,-38.3570785522461,-34.28329229354859,43.3,12.75,3.18,3.154,0.7583869068751284,True,5,134548
12,5,2016-01-18T12:50:14,7,-4.07378625869751,-38.3570785522461,-34.28329229354859,43.3,12.75,3.18,3.156,0.7000494525001126,True,5,134548
12,5,2016-01-18T12:50:14,8,-4.07378625869751,-38.3570785522461,-34.28329229354859,43.3,12.75,3.169,3.12,1.4292676321877267,True,5,134548
12,5,2016-01-18T16:13:38,1,-0.793594777584076,-19.5224304199219,-18.728835642337824,64.8,24.0,3.351,3.341,0.5339360220233925,True,5,134549
12,5,2016-01-18T16:13:38,2,-0.793594777584076,-19.5224304199219,-18.728835642337824,64.8,24.0,3.353,3.344,0.4805424198210817,True,5,134549
12,5,2016-01-18T16:13:38,3,-0.793594777584076,-19.5224304199219,-18.728835642337824,64.8,24.0,3.347,3.338,0.480542419821058,True,5,134549
12,5,2016-01-18T16:13:38,4,-0.793594777584076,-19.5224304199219,-18.728835642337824,64.8,24.0,3.348,3.34,0.42714881761872353,True,5,134549
12,5,2016-01-18T16:13:38,5,-0.793594777584076,-19.5224304199219,-18.728835642337824,64.8,24.0,3.35,3.342,0.42714881761872353,True,5,134549
12,5,2016-01-18T16:13:38,6,-0.793594777584076,-19.5224304199219,-18.728835642337824,64.8,24.0,3.348,3.34,0.42714881761872353,True,5,134549
12,5,2016-01-18T16:13:38,7,-0.793594777584076,-19.5224304199219,-18.728835642337824,64.8,24.0,3.345,3.337,0.42714881761872353,True,5,134549
12,5,2016-01-18T16:13:38,8,-0.793594777584076,-19.5224304199219,-18.728835642337824,64.8,24.0,3.348,3.321,1.441627259463174,True,5,134549
12,5,2016-01-18T18:07:12,1,-0.740688443183899,-26.2150802612305,-25.474391818046602,62.4,31.25,3.326,3.315,0.43180618711405255,True,5,134550
12,5,2016-01-18T18:07:12,2,-0.740688443183899,-26.2150802612305,-25.474391818046602,62.4,31.25,3.326,3.315,0.43180618711405255,True,5,134550
12,5,2016-01-18T18:07:12,3,-0.740688443183899,-26.2150802612305,-25.474391818046602,62.4,31.25,3.324,3.313,0.4318061871140351,True,5,134550
12,5,2016-01-18T18:07:12,4,-0.740688443183899,-26.2150802612305,-25.474391818046602,62.4,31.25,3.323,3.313,0.39255107919458054,True,5,134550
12,5,2016-01-18T18:07:12,5,-0.740688443183899,-26.2150802612305,-25.474391818046602,62.4,31.25,3.324,3.313,0.4318061871140351,True,5,134550
12,5,2016-01-18T18:07:12,6,-0.740688443183899,-26.2150802612305,-25.474391818046602,62.4,31.25,3.324,3.314,0.39255107919458054,True,5,134550
12,5,2016-01-18T18:07:12,7,-0.740688443183899,-26.2150802612305,-25.474391818046602,62.4,31.25,3.326,3.316,0.39255107919459803,True,5,134550
12,5,2016-01-18T18:07:12,8,-0.740688443183899,-26.2150802612305,-25.474391818046602,62.4,31.25,3.322,3.286,1.4131838851005214,True,5,134550
12,5,2016-01-18T21:05:20,1,-0.872954249382019,-10.9516077041626,-10.07865345478058,88.7,25.0,3.338,3.333,0.49609801769980066,True,5,134551
12,5,2016-01-18T21:05:20,2,-0.872954249382019,-10.9516077041626,-10.07865345478058,88.7,25.0,3.339,3.335,0.39687841415984937,True,5,134551
12,5,2016-01-18T21:05:20,3,-0.872954249382019,-10.9516077041626,-10.07865345478058,88.7,25.0,3.338,3.334,0.39687841415984937,True,5,134551
12,5,2016-01-18T21:05:20,4,-0.872954249382019,-10.9516077041626,-10.07865345478058,88.7,25.0,3.337,3.333,0.39687841415984937,True,5,134551
12,5,2016-01-18T21:05:20,5,-0.872954249382019,-10.9516077041626,-10.07865345478058,88.7,25.0,3.336,3.331,0.49609801769980066,True,5,134551
12,5,2016-01-18T21:05:20,6,-0.872954249382019,-10.9516077041626,-10.07865345478058,88.7,25.0,3.337,3.332,0.4960980176998447,True,5,134551
12,5,2016-01-18T21:05:20,7,-0.872954249382019,-10.9516077041626,-10.07865345478058,88.7,25.0,3.332,3.328,0.39687841415984937,True,5,134551
12,5,2016-01-18T21:05:20,8,-0.872954249382019,-10.9516077041626,-10.07865345478058,88.7,25.0,3.335,3.321,1.3890744495594505,True,5,134551
12,5,2016-01-19T08:41:46,1,-0.687782108783722,-25.2098598480225,-24.522077739238778,88.0,17.75,3.251,3.238,0.530134523601076,True,5,134554
12,5,2016-01-19T08:41:46,2,-0.687782108783722,-25.2098598480225,-24.522077739238778,88.0,17.75,3.247,3.231,0.6524732598167144,True,5,134554
12,5,2016-01-19T08:41:46,3,-0.687782108783722,-25.2098598480225,-24.522077739238778,88.0,17.75,3.26,3.247,0.530134523601076,True,5,134554
12,5,2016-01-19T08:41:46,4,-0.687782108783722,-25.2098598480225,-24.522077739238778,88.0,17.75,3.25,3.237,0.530134523601076,True,5,134554
12,5,2016-01-19T08:41:46,5,-0.687782108783722,-25.2098598480225,-24.522077739238778,88.0,17.75,3.247,3.234,0.530134523601076,True,5,134554
12,5,2016-01-19T08:41:46,6,-0.687782108783722,-25.2098598480225,-24.522077739238778,88.0,17.75,3.258,3.244,0.5709141023396161,True,5,134554
12,5,2016-01-19T08:41:46,7,-0.687782108783722,-25.2098598480225,-24.522077739238778,88.0,17.75,3.253,3.24,0.530134523601076,True,5,134554
12,5,2016-01-19T08:41:46,8,-0.687782108783722,-25.2098598480225,-24.522077739238778,88.0,17.75,3.242,3.2,1.7127423070188665,True,5,134554
12,5,2016-01-19T09:08:08,1,-0.793594777584076,-39.4152030944824,-38.621608316898325,93.8,16.5,3.343,3.317,0.6731982724972092,True,6,134555
12,5,2016-01-19T09:08:08,2,-0.793594777584076,-39.4152030944824,-38.621608316898325,93.8,16.5,3.348,3.32,0.7249827549970008,True,6,134555
12,5,2016-01-19T09:08:08,3,-0.793594777584076,-39.4152030944824,-38.621608316898325,93.8,16.5,3.346,3.32,0.6731982724972208,True,6,134555
12,5,2016-01-19T09:08:08,4,-0.793594777584076,-39.4152030944824,-38.621608316898325,93.8,16.5,3.345,3.321,0.6214137899974292,True,6,134555
12,5,2016-01-19T09:08:08,5,-0.793594777584076,-39.4152030944824,-38.621608316898325,93.8,16.5,3.345,3.32,0.6473060312473308,True,6,134555
12,5,2016-01-19T09:08:08,6,-0.793594777584076,-39.4152030944824,-38.621608316898325,93.8,16.5,3.345,3.318,0.6990905137471108,True,6,134555
12,5,2016-01-19T09:08:08,7,-0.793594777584076,-39.4152030944824,-38.621608316898325,93.8,16.5,3.34,3.315,0.6473060312473192,True,6,134555
12,5,2016-01-19T09:08:08,8,-0.793594777584076,-39.4152030944824,-38.621608316898325,93.8,16.5,3.345,3.277,1.760672404992716,True,6,134555
12,5,2016-01-19T12:11:21,1,-0.608422636985779,-20.0779476165771,-19.46952497959132,89.8,21.25,3.31,3.296,0.7190724999544444,True,5,134556
12,5,2016-01-19T12:11:21,2,-0.608422636985779,-20.0779476165771,-19.46952497959132,89.8,21.25,3.309,3.295,0.7190724999544444,True,5,134556
12,5,2016-01-19T12:11:21,3,-0.608422636985779,-20.0779476165771,-19.46952497959132,89.8,21.25,3.316,3.301,0.7704348213797326,True,5,134556
12,5,2016-01-19T12:11:21,4,-0.608422636985779,-20.0779476165771,-19.46952497959132,89.8,21.25,3.31,3.297,0.6677101785291107,True,5,134556
12,5,2016-01-19T12:11:21,5,-0.608422636985779,-20.0779476165771,-19.46952497959132,89.8,21.25,3.308,3.295,0.6677101785291107,True,5,134556
12,5,2016-01-19T12:11:21,6,-0.608422636985779,-20.0779476165771,-19.46952497959132,89.8,21.25,3.313,3.3,0.6677101785291335,True,5,134556
12,5,2016-01-19T12:11:21,7,-0.608422636985779,-20.0779476165771,-19.46952497959132,89.8,21.25,3.311,3.297,0.7190724999544217,True,5,134556
12,5,2016-01-19T12:11:21,8,-0.608422636985779,-20.0779476165771,-19.46952497959132,89.8,21.25,3.307,3.266,2.105855178437977,True,5,134556
12,5,2016-01-19T15:28:28,1,-28.7016754150391,-50.181640625,-21.4799652099609,93.4,29.75,3.266,3.259,0.3258850715807496,True,6,134557
12,5,2016-01-19T15:28:28,2,-28.7016754150391,-50.181640625,-21.4799652099609,93.4,29.75,3.262,3.254,0.37244008180656496,True,6,134557
12,5,2016-01-19T15:28:28,3,-28.7016754150391,-50.181640625,-21.4799652099609,93.4,29.75,3.273,3.267,0.2793300613549341,True,6,134557
12,5,2016-01-19T15:28:28,4,-28.7016754150391,-50.181640625,-21.4799652099609,93.4,29.75,3.266,3.258,0.37244008180656496,True,6,134557
12,5,2016-01-19T15:28:28,5,-28.7016754150391,-50.181640625,-21.4799652099609,93.4,29.75,3.263,3.256,0.3258850715807496,True,6,134557
12,5,2016-01-19T15:28:28,6,-28.7016754150391,-50.181640625,-21.4799652099609,93.4,29.75,3.271,3.264,0.3258850715807496,True,6,134557
12,5,2016-01-19T15:28:28,7,-28.7016754150391,-50.181640625,-21.4799652099609,93.4,29.75,3.269,3.263,0.2793300613549341,True,6,134557
12,5,2016-01-19T15:28:28,8,-28.7016754150391,-50.181640625,-21.4799652099609,93.4,29.75,3.233,3.201,1.4897603272262598,True,6,134557
12,5,2016-01-19T18:14:54,1,-0.740688443183899,-18.6494770050049,-17.908788561821,91.9,31.75,3.36,3.352,0.4467080490890865,True,5,134558
12,5,2016-01-19T18:14:54,2,-0.740688443183899,-18.6494770050049,-17.908788561821,91.9,31.75,3.36,3.352,0.4467080490890865,True,5,134558
12,5,2016-01-19T18:14:54,3,-0.740688443183899,-18.6494770050049,-17.908788561821,91.9,31.75,3.358,3.35,0.4467080490890865,True,5,134558
12,5,2016-01-19T18:14:54,4,-0.740688443183899,-18.6494770050049,-17.908788561821,91.9,31.75,3.357,3.35,0.3908695429529569,True,5,134558
12,5,2016-01-19T18:14:54,5,-0.740688443183899,-18.6494770050049,-17.908788561821,91.9,31.75,3.358,3.35,0.4467080490890865,True,5,134558
12,5,2016-01-19T18:14:54,6,-0.740688443183899,-18.6494770050049,-17.908788561821,91.9,31.75,3.355,3.347,0.4467080490890865,True,5,134558
12,5,2016-01-19T18:14:54,7,-0.740688443183899,-18.6494770050049,-17.908788561821,91.9,31.75,3.354,3.346,0.4467080490890865,True,5,134558
12,5,2016-01-19T18:14:54,8,-0.740688443183899,-18.6494770050049,-17.908788561821,91.9,31.75,3.354,3.325,1.6193166779479324,True,5,134558
12,5,2016-01-21T09:05:10,1,-0.687782108783722,-15.0253934860229,-14.337611377239178,90.6,14.75,3.261,3.252,0.6277196224112864,True,5,134571
12,5,2016-01-21T09:05:10,2,-0.687782108783722,-15.0253934860229,-14.337611377239178,90.6,14.75,3.255,3.245,0.6974662471236103,True,5,134571
12,5,2016-01-21T09:05:10,3,-0.687782108783722,-15.0253934860229,-14.337611377239178,90.6,14.75,3.267,3.257,0.6974662471236103,True,5,134571
12,5,2016-01-21T09:05:10,4,-0.687782108783722,-15.0253934860229,-14.337611377239178,90.6,14.75,3.255,3.248,0.4882263729865148,True,5,134571
12,5,2016-01-21T09:05:10,5,-0.687782108783722,-15.0253934860229,-14.337611377239178,90.6,14.75,3.253,3.244,0.6277196224112555,True,5,134571
12,5,2016-01-21T09:05:10,6,-0.687782108783722,-15.0253934860229,-14.337611377239178,90.6,14.75,3.263,3.254,0.6277196224112555,True,5,134571
12,5,2016-01-21T09:05:10,7,-0.687782108783722,-15.0253934860229,-14.337611377239178,90.6,14.75,3.261,3.251,0.6974662471236414,True,5,134571
12,5,2016-01-21T09:05:10,8,-0.687782108783722,-15.0253934860229,-14.337611377239178,90.6,14.75,3.253,3.228,1.7436656178090566,True,5,134571
12,5,2016-01-21T13:30:24,1,-0.608422636985779,-30.1036930084229,-29.495270371437122,93.1,28.25,3.289,3.276,0.44074862973927487,True,5,134572
12,5,2016-01-21T13:30:24,2,-0.608422636985779,-30.1036930084229,-29.495270371437122,93.1,28.25,3.285,3.271,0.4746523704884452,True,5,134572
12,5,2016-01-21T13:30:24,3,-0.608422636985779,-30.1036930084229,-29.495270371437122,93.1,28.25,3.297,3.283,0.4746523704884452,True,5,134572
12,5,2016-01-21T13:30:24,4,-0.608422636985779,-30.1036930084229,-29.495270371437122,93.1,28.25,3.286,3.273,0.44074862973925977,True,5,134572
12,5,2016-01-21T13:30:24,5,-0.608422636985779,-30.1036930084229,-29.495270371437122,93.1,28.25,3.284,3.271,0.44074862973925977,True,5,134572
12,5,2016-01-21T13:30:24,6,-0.608422636985779,-30.1036930084229,-29.495270371437122,93.1,28.25,3.293,3.279,0.4746523704884452,True,5,134572
12,5,2016-01-21T13:30:24,7,-0.608422636985779,-30.1036930084229,-29.495270371437122,93.1,28.25,3.291,3.279,0.40684488899008947,True,5,134572
12,5,2016-01-21T13:30:24,8,-0.608422636985779,-30.1036930084229,-29.495270371437122,93.1,28.25,3.283,3.232,1.729090778207869,True,5,134572
12,5,2016-01-21T15:12:27,1,-0.608422636985779,-19.0462741851807,-18.43785154819492,70.1,36.25,3.265,3.26,0.2711812700590835,True,5,134573
12,5,2016-01-21T15:12:27,2,-0.608422636985779,-19.0462741851807,-18.43785154819492,70.1,36.25,3.264,3.258,0.32541752407086644,True,5,134573
12,5,2016-01-21T15:12:27,3,-0.608422636985779,-19.0462741851807,-18.43785154819492,70.1,36.25,3.271,3.266,0.27118127005905945,True,5,134573
12,5,2016-01-21T15:12:27,4,-0.608422636985779,-19.0462741851807,-18.43785154819492,70.1,36.25,3.264,3.258,0.32541752407086644,True,5,134573
12,5,2016-01-21T15:12:27,5,-0.608422636985779,-19.0462741851807,-18.43785154819492,70.1,36.25,3.262,3.257,0.27118127005905945,True,5,134573
12,5,2016-01-21T15:12:27,6,-0.608422636985779,-19.0462741851807,-18.43785154819492,70.1,36.25,3.269,3.263,0.3254175240708906,True,5,134573
12,5,2016-01-21T15:12:27,7,-0.608422636985779,-19.0462741851807,-18.43785154819492,70.1,36.25,3.269,3.264,0.2711812700590835,True,5,134573
12,5,2016-01-21T15:12:27,8,-0.608422636985779,-19.0462741851807,-18.43785154819492,70.1,36.25,3.266,3.24,1.4101426043071283,True,5,134573
12,5,2016-01-21T22:31:25,1,-0.76714164018631,-39.3093910217285,-38.54224938154219,91.5,24.5,3.326,3.307,0.4929655197835753,True,5,134575
12,5,2016-01-21T22:31:25,2,-0.76714164018631,-39.3093910217285,-38.54224938154219,91.5,24.5,3.327,3.307,0.518911073456392,True,5,134575
12,5,2016-01-21T22:31:25,3,-0.76714164018631,-39.3093910217285,-38.54224938154219,91.5,24.5,3.329,3.309,0.518911073456392,True,5,134575
12,5,2016-01-21T22:31:25,4,-0.76714164018631,-39.3093910217285,-38.54224938154219,91.5,24.5,3.325,3.308,0.4410744124379418,True,5,134575
12,5,2016-01-21T22:31:25,5,-0.76714164018631,-39.3093910217285,-38.54224938154219,91.5,24.5,3.325,3.306,0.4929655197835753,True,5,134575
12,5,2016-01-21T22:31:25,6,-0.76714164018631,-39.3093910217285,-38.54224938154219,91.5,24.5,3.327,3.308,0.4929655197835753,True,5,134575
12,5,2016-01-21T22:31:25,7,-0.76714164018631,-39.3093910217285,-38.54224938154219,91.5,24.5,3.324,3.306,0.46701996611074703,True,5,134575
12,5,2016-01-21T22:31:25,8,-0.76714164018631,-39.3093910217285,-38.54224938154219,91.5,24.5,3.323,3.247,1.9718620791342893,True,5,134575
12,5,2016-01-22T01:32:16,1,-0.581969499588013,-18.543664932251,-17.96169543266299,93.7,33.5,3.288,3.284,0.22269612659872198,True,5,134576
12,5,2016-01-22T01:32:16,2,-0.581969499588013,-18.543664932251,-17.96169543266299,93.7,33.5,3.285,3.281,0.22269612659872198,True,5,134576
12,5,2016-01-22T01:32:16,3,-0.581969499588013,-18.543664932251,-17.96169543266299,93.7,33.5,3.297,3.293,0.22269612659872198,True,5,134576
12,5,2016-01-22T01:32:16,4,-0.581969499588013,-18.543664932251,-17.96169543266299,93.7,33.5,3.287,3.283,0.22269612659872198,True,5,134576
12,5,2016-01-22T01:32:16,5,-0.581969499588013,-18.543664932251,-17.96169543266299,93.7,33.5,3.284,3.28,0.22269612659872198,True,5,134576
12,5,2016-01-22T01:32:16,6,-0.581969499588013,-18.543664932251,-17.96169543266299,93.7,33.5,3.294,3.289,0.27837015824839634,True,5,134576
12,5,2016-01-22T01:32:16,7,-0.581969499588013,-18.543664932251,-17.96169543266299,93.7,33.5,3.292,3.288,0.22269612659872198,True,5,134576
12,5,2016-01-22T01:32:16,8,-0.581969499588013,-18.543664932251,-17.96169543266299,93.7,33.5,3.282,3.255,1.5031988545413795,True,5,134576
12,5,2016-01-22T03:05:15,1,-0.608422636985779,-32.4844779968262,-31.87605535984042,74.4,37.25,3.28,3.269,0.34508661362968424,True,5,134577
12,5,2016-01-22T03:05:15,2,-0.608422636985779,-32.4844779968262,-31.87605535984042,74.4,37.25,3.278,3.266,0.37645812395966693,True,5,134577
12,5,2016-01-22T03:05:15,3,-0.608422636985779,-32.4844779968262,-31.87605535984042,74.4,37.25,3.287,3.276,0.34508661362969817,True,5,134577
12,5,2016-01-22T03:05:15,4,-0.608422636985779,-32.4844779968262,-31.87605535984042,74.4,37.25,3.278,3.268,0.3137151032997294,True,5,134577
12,5,2016-01-22T03:05:15,5,-0.608422636985779,-32.4844779968262,-31.87605535984042,74.4,37.25,3.276,3.266,0.31371510329971547,True,5,134577
12,5,2016-01-22T03:05:15,6,-0.608422636985779,-32.4844779968262,-31.87605535984042,74.4,37.25,3.285,3.275,0.3137151032997294,True,5,134577
12,5,2016-01-22T03:05:15,7,-0.608422636985779,-32.4844779968262,-31.87605535984042,74.4,37.25,3.284,3.274,0.31371510329971547,True,5,134577
12,5,2016-01-22T03:05:15,8,-0.608422636985779,-32.4844779968262,-31.87605535984042,74.4,37.25,3.277,3.228,1.5372040061686365,True,5,134577
12,5,2016-01-22T08:59:38,1,-0.76714164018631,-8.01530647277832,-7.2481648325920105,93.9,22.5,3.32,3.317,0.41389787198407874,True,5,134578
12,5,2016-01-22T08:59:38,2,-0.76714164018631,-8.01530647277832,-7.2481648325920105,93.9,22.5,3.322,3.319,0.41389787198414,True,5,134578
12,5,2016-01-22T08:59:38,3,-0.76714164018631,-8.01530647277832,-7.2481648325920105,93.9,22.5,3.325,3.322,0.41389787198414,True,5,134578
12,5,2016-01-22T08:59:38,4,-0.76714164018631,-8.01530647277832,-7.2481648325920105,93.9,22.5,3.321,3.319,0.2759319146561138,True,5,134578
12,5,2016-01-22T08:59:38,5,-0.76714164018631,-8.01530647277832,-7.2481648325920105,93.9,22.5,3.32,3.318,0.2759319146560525,True,5,134578
12,5,2016-01-22T08:59:38,6,-0.76714164018631,-8.01530647277832,-7.2481648325920105,93.9,22.5,3.323,3.322,0.13796595732802625,True,5,134578
12,5,2016-01-22T08:59:38,7,-0.76714164018631,-8.01530647277832,-7.2481648325920105,93.9,22.5,3.32,3.317,0.41389787198407874,True,5,134578
12,5,2016-01-22T08:59:38,8,-0.76714164018631,-8.01530647277832,-7.2481648325920105,93.9,22.5,3.317,3.303,1.9315234025926125,True,5,134578
12,5,2016-01-22T09:03:43,1,-4.25895833969116,-19.0727272033691,-14.813768863677941,87.7,29.5,3.281,3.274,0.47253336165946946,True,5,134579
12,5,2016-01-22T09:03:43,2,-4.25895833969116,-19.0727272033691,-14.813768863677941,87.7,29.5,3.276,3.27,0.4050285957080953,True,5,134579
12,5,2016-01-22T09:03:43,3,-4.25895833969116,-19.0727272033691,-14.813768863677941,87.7,29.5,3.29,3.283,0.47253336165946946,True,5,134579
12,5,2016-01-22T09:03:43,4,-4.25895833969116,-19.0727272033691,-14.813768863677941,87.7,29.5,3.279,3.275,0.27001906380540686,True,5,134579
12,5,2016-01-22T09:03:43,5,-4.25895833969116,-19.0727272033691,-14.813768863677941,87.7,29.5,3.277,3.27,0.47253336165946946,True,5,134579
12,5,2016-01-22T09:03:43,6,-4.25895833969116,-19.0727272033691,-14.813768863677941,87.7,29.5,3.287,3.282,0.3375238297567511,True,5,134579
12,5,2016-01-22T09:03:43,7,-4.25895833969116,-19.0727272033691,-14.813768863677941,87.7,29.5,3.285,3.278,0.47253336165946946,True,5,134579
12,5,2016-01-22T09:03:43,8,-4.25895833969116,-19.0727272033691,-14.813768863677941,87.7,29.5,3.267,3.241,1.7551239147351296,True,5,134579
12,5,2016-01-23T22:10:25,1,-0.714235246181488,-41.4520988464355,-40.73786360025401,93.4,19.75,3.295,3.267,0.6873212663961455,True,5,134591
12,5,2016-01-23T22:10:25,2,-0.714235246181488,-41.4520988464355,-40.73786360025401,93.4,19.75,3.296,3.264,0.7855100187384519,True,5,134591
12,5,2016-01-23T22:10:25,3,-0.714235246181488,-41.4520988464355,-40.73786360025401,93.4,19.75,3.298,3.267,0.7609628306528781,True,5,134591
12,5,2016-01-23T22:10:25,4,-0.714235246181488,-41.4520988464355,-40.73786360025401,93.4,19.75,3.294,3.265,0.7118684544817194,True,5,134591
12,5,2016-01-23T22:10:25,5,-0.714235246181488,-41.4520988464355,-40.73786360025401,93.4,19.75,3.295,3.264,0.7609628306528781,True,5,134591
12,5,2016-01-23T22:10:25,6,-0.714235246181488,-41.4520988464355,-40.73786360025401,93.4,19.75,3.297,3.266,0.7609628306528781,True,5,134591
12,5,2016-01-23T22:10:25,7,-0.714235246181488,-41.4520988464355,-40.73786360025401,93.4,19.75,3.294,3.264,0.7364156425673042,True,5,134591
12,5,2016-01-23T22:10:25,8,-0.714235246181488,-41.4520988464355,-40.73786360025401,93.4,19.75,3.295,3.18,2.8229266298413034,True,5,134591
12,5,2016-01-24T01:32:32,1,-0.608422636985779,-33.9658546447754,-33.35743200778962,93.4,32.75,3.287,3.277,0.29978326861805754,True,6,134592
12,5,2016-01-24T01:32:32,2,-0.608422636985779,-33.9658546447754,-33.35743200778962,93.4,32.75,3.283,3.271,0.35973992234167707,True,6,134592
12,5,2016-01-24T01:32:32,3,-0.608422636985779,-33.9658546447754,-33.35743200778962,93.4,32.75,3.293,3.282,0.329761595479874,True,6,134592
12,5,2016-01-24T01:32:32,4,-0.608422636985779,-33.9658546447754,-33.35743200778962,93.4,32.75,3.283,3.272,0.329761595479874,True,6,134592
12,5,2016-01-24T01:32:32,5,-0.608422636985779,-33.9658546447754,-33.35743200778962,93.4,32.75,3.28,3.269,0.32976159547986067,True,6,134592
12,5,2016-01-24T01:32:32,6,-0.608422636985779,-33.9658546447754,-33.35743200778962,93.4,32.75,3.29,3.279,0.329761595479874,True,6,134592
12,5,2016-01-24T01:32:32,7,-0.608422636985779,-33.9658546447754,-33.35743200778962,93.4,32.75,3.29,3.279,0.329761595479874,True,6,134592
12,5,2016-01-24T01:32:32,8,-0.608422636985779,-33.9658546447754,-33.35743200778962,93.4,32.75,3.28,3.22,1.798699611708372,True,6,134592
12,5,2016-01-24T03:16:46,1,-6.95718097686768,-42.721851348877,-35.76467037200932,68.2,42.25,3.248,3.238,0.27960554077485866,True,5,134593
12,5,2016-01-24T03:16:46,2,-6.95718097686768,-42.721851348877,-35.76467037200932,68.2,42.25,3.243,3.232,0.3075660948523284,True,5,134593
12,5,2016-01-24T03:16:46,3,-6.95718097686768,-42.721851348877,-35.76467037200932,68.2,42.25,3.253,3.242,0.30756609485234077,True,5,134593
12,5,2016-01-24T03:16:46,4,-6.95718097686768,-42.721851348877,-35.76467037200932,68.2,42.25,3.244,3.234,0.27960554077485866,True,5,134593
12,5,2016-01-24T03:16:46,5,-6.95718097686768,-42.721851348877,-35.76467037200932,68.2,42.25,3.242,3.232,0.27960554077484623,True,5,134593
12,5,2016-01-24T03:16:46,6,-6.95718097686768,-42.721851348877,-35.76467037200932,68.2,42.25,3.25,3.24,0.27960554077484623,True,5,134593
12,5,2016-01-24T03:16:46,7,-6.95718097686768,-42.721851348877,-35.76467037200932,68.2,42.25,3.251,3.243,0.22368443261988197,True,5,134593
12,5,2016-01-24T03:16:46,8,-6.95718097686768,-42.721851348877,-35.76467037200932,68.2,42.25,3.232,3.171,1.7055937987266092,True,5,134593
12,5,2016-01-24T09:01:01,1,-14.4698781967163,-35.0239791870117,-20.554100990295396,89.6,33.0,3.288,3.28,0.3892167311903937,True,6,134595
12,5,2016-01-24T09:01:01,2,-14.4698781967163,-35.0239791870117,-20.554100990295396,89.6,33.0,3.282,3.273,0.43786882258918747,True,6,134595
12,5,2016-01-24T09:01:01,3,-14.4698781967163,-35.0239791870117,-20.554100990295396,89.6,33.0,3.295,3.287,0.3892167311903937,True,6,134595
12,5,2016-01-24T09:01:01,4,-14.4698781967163,-35.0239791870117,-20.554100990295396,89.6,33.0,3.284,3.276,0.3892167311903937,True,6,134595
12,5,2016-01-24T09:01:01,5,-14.4698781967163,-35.0239791870117,-20.554100990295396,89.6,33.0,3.282,3.274,0.3892167311903937,True,6,134595
12,5,2016-01-24T09:01:01,6,-14.4698781967163,-35.0239791870117,-20.554100990295396,89.6,33.0,3.293,3.285,0.3892167311903937,True,6,134595
12,5,2016-01-24T09:01:01,7,-14.4698781967163,-35.0239791870117,-20.554100990295396,89.6,33.0,3.291,3.282,0.43786882258918747,True,6,134595
12,5,2016-01-24T09:01:01,8,-14.4698781967163,-35.0239791870117,-20.554100990295396,89.6,33.0,3.258,3.217,1.994735747350762,True,6,134595
12,5,2016-01-24T12:06:26,1,-16.3480529785156,-45.5787925720215,-29.2307395935059,89.6,41.75,3.285,3.277,0.27368448801676376,True,5,134596
12,5,2016-01-24T12:06:26,2,-16.3480529785156,-45.5787925720215,-29.2307395935059,89.6,41.75,3.28,3.271,0.3078950490188554,True,5,134596
12,5,2016-01-24T12:06:26,3,-16.3480529785156,-45.5787925720215,-29.2307395935059,89.6,41.75,3.291,3.282,0.3078950490188554,True,5,134596
12,5,2016-01-24T12:06:26,4,-16.3480529785156,-45.5787925720215,-29.2307395935059,89.6,41.75,3.282,3.274,0.27368448801676376,True,5,134596
12,5,2016-01-24T12:06:26,5,-16.3480529785156,-45.5787925720215,-29.2307395935059,89.6,41.75,3.28,3.271,0.3078950490188554,True,5,134596
12,5,2016-01-24T12:06:26,6,-16.3480529785156,-45.5787925720215,-29.2307395935059,89.6,41.75,3.288,3.28,0.27368448801676376,True,5,134596
12,5,2016-01-24T12:06:26,7,-16.3480529785156,-45.5787925720215,-29.2307395935059,89.6,41.75,3.289,3.28,0.30789504901887066,True,5,134596
12,5,2016-01-24T12:06:26,8,-16.3480529785156,-45.5787925720215,-29.2307395935059,89.6,41.75,3.252,3.195,1.950001977119438,True,5,134596
12,5,2016-01-24T15:50:14,1,-0.608422636985779,-12.1684532165527,-11.560030579566922,89.3,42.5,3.298,3.295,0.2595148844418112,True,5,134597
12,5,2016-01-24T15:50:14,2,-0.608422636985779,-12.1684532165527,-11.560030579566922,89.3,42.5,3.292,3.29,0.17300992296118187,True,5,134597
12,5,2016-01-24T15:50:14,3,-0.608422636985779,-12.1684532165527,-11.560030579566922,89.3,42.5,3.306,3.303,0.2595148844418112,True,5,134597
12,5,2016-01-24T15:50:14,4,-0.608422636985779,-12.1684532165527,-11.560030579566922,89.3,42.5,3.293,3.291,0.17300992296122028,True,5,134597
12,5,2016-01-24T15:50:14,5,-0.608422636985779,-12.1684532165527,-11.560030579566922,89.3,42.5,3.29,3.288,0.17300992296122028,True,5,134597
12,5,2016-01-24T15:50:14,6,-0.608422636985779,-12.1684532165527,-11.560030579566922,89.3,42.5,3.304,3.301,0.25951488444177284,True,5,134597
12,5,2016-01-24T15:50:14,7,-0.608422636985779,-12.1684532165527,-11.560030579566922,89.3,42.5,3.302,3.3,0.17300992296122028,True,5,134597
12,5,2016-01-24T15:50:14,8,-0.608422636985779,-12.1684532165527,-11.560030579566922,89.3,42.5,3.289,3.269,1.7300992296120108,True,5,134597
12,5,2016-01-24T22:07:27,1,-0.820047914981842,-21.9296684265137,-21.10962051153186,88.6,36.0,3.282,3.279,0.1421152975422396,True,5,134599
12,5,2016-01-24T22:07:27,2,-0.820047914981842,-21.9296684265137,-21.10962051153186,88.6,36.0,3.277,3.273,0.18948706338964574,True,5,134599
12,5,2016-01-24T22:07:27,3,-0.820047914981842,-21.9296684265137,-21.10962051153186,88.6,36.0,3.289,3.286,0.1421152975422396,True,5,134599
12,5,2016-01-24T22:07:27,4,-0.820047914981842,-21.9296684265137,-21.10962051153186,88.6,36.0,3.28,3.276,0.18948706338964574,True,5,134599
12,5,2016-01-24T22:07:27,5,-0.820047914981842,-21.9296684265137,-21.10962051153186,88.6,36.0,3.278,3.274,0.18948706338964574,True,5,134599
12,5,2016-01-24T22:07:27,6,-0.820047914981842,-21.9296684265137,-21.10962051153186,88.6,36.0,3.288,3.285,0.14211529754221855,True,5,134599
12,5,2016-01-24T22:07:27,7,-0.820047914981842,-21.9296684265137,-21.10962051153186,88.6,36.0,3.286,3.283,0.1421152975422396,True,5,134599
12,5,2016-01-24T22:07:27,8,-0.820047914981842,-21.9296684265137,-21.10962051153186,88.6,36.0,3.273,3.229,2.0843576972861033,True,5,134599
12,5,2016-01-25T00:01:11,1,-0.76714164018631,-34.0452117919922,-33.27807015180589,80.5,38.5,3.337,3.325,0.36059783350594354,True,5,134600
12,5,2016-01-25T00:01:11,2,-0.76714164018631,-34.0452117919922,-33.27807015180589,80.5,38.5,3.338,3.324,0.4206974724236075,True,5,134600
12,5,2016-01-25T00:01:11,3,-0.76714164018631,-34.0452117919922,-33.27807015180589,80.5,38.5,3.339,3.326,0.39064765296476883,True,5,134600
12,5,2016-01-25T00:01:11,4,-0.76714164018631,-34.0452117919922,-33.27807015180589,80.5,38.5,3.335,3.323,0.36059783350594354,True,5,134600
12,5,2016-01-25T00:01:11,5,-0.76714164018631,-34.0452117919922,-33.27807015180589,80.5,38.5,3.335,3.323,0.36059783350594354,True,5,134600
12,5,2016-01-25T00:01:11,6,-0.76714164018631,-34.0452117919922,-33.27807015180589,80.5,38.5,3.335,3.323,0.36059783350594354,True,5,134600
12,5,2016-01-25T00:01:11,7,-0.76714164018631,-34.0452117919922,-33.27807015180589,80.5,38.5,3.333,3.323,0.30049819458829297,True,5,134600
12,5,2016-01-25T00:01:11,8,-0.76714164018631,-34.0452117919922,-33.27807015180589,80.5,38.5,3.328,3.254,2.223686639953312,True,5,134600
12,5,2016-01-25T03:55:09,1,-0.608422636985779,-12.6446104049683,-12.036187767982522,58.2,43.75,3.27,3.268,0.16616556990913903,True,5,134601
12,5,2016-01-25T03:55:09,2,-0.608422636985779,-12.6446104049683,-12.036187767982522,58.2,43.75,3.27,3.266,0.3323311398182412,True,5,134601
12,5,2016-01-25T03:55:09,3,-0.608422636985779,-12.6446104049683,-12.036187767982522,58.2,43.75,3.274,3.271,0.24924835486369012,True,5,134601
12,5,2016-01-25T03:55:09,4,-0.608422636985779,-12.6446104049683,-12.036187767982522,58.2,43.75,3.269,3.266,0.24924835486369012,True,5,134601
12,5,2016-01-25T03:55:09,5,-0.608422636985779,-12.6446104049683,-12.036187767982522,58.2,43.75,3.267,3.265,0.16616556990910214,True,5,134601
12,5,2016-01-25T03:55:09,6,-0.608422636985779,-12.6446104049683,-12.036187767982522,58.2,43.75,3.272,3.269,0.2492483548636532,True,5,134601
12,5,2016-01-25T03:55:09,7,-0.608422636985779,-12.6446104049683,-12.036187767982522,58.2,43.75,3.273,3.27,0.24924835486369012,True,5,134601
12,5,2016-01-25T03:55:09,8,-0.608422636985779,-12.6446104049683,-12.036187767982522,58.2,43.75,3.267,3.245,1.827821269000308,True,5,134601
12,5,2016-01-25T06:00:04,1,-0.793594777584076,-20.3689308166504,-19.575336039066325,86.9,32.5,3.332,3.322,0.5108469136899042,True,4,134602
12,5,2016-01-25T06:00:04,2,-0.793594777584076,-20.3689308166504,-19.575336039066325,86.9,32.5,3.332,3.324,0.4086775309519325,True,4,134602
12,5,2016-01-25T06:00:04,3,-0.793594777584076,-20.3689308166504,-19.575336039066325,86.9,32.5,3.334,3.324,0.510846913689927,True,4,134602
12,5,2016-01-25T06:00:04,4,-0.793594777584076,-20.3689308166504,-19.575336039066325,86.9,32.5,3.33,3.322,0.4086775309519325,True,4,134602
12,5,2016-01-25T06:00:04,5,-0.793594777584076,-20.3689308166504,-19.575336039066325,86.9,32.5,3.33,3.321,0.45976222232091835,True,4,134602
12,5,2016-01-25T06:00:04,6,-0.793594777584076,-20.3689308166504,-19.575336039066325,86.9,32.5,3.331,3.322,0.45976222232091835,True,4,134602
12,5,2016-01-25T06:00:04,7,-0.793594777584076,-20.3689308166504,-19.575336039066325,86.9,32.5,3.328,3.32,0.4086775309519325,True,4,134602
12,5,2016-01-25T06:00:04,8,-0.793594777584076,-20.3689308166504,-19.575336039066325,86.9,32.5,3.325,3.284,2.0944723461286707,True,4,134602
12,5,2016-01-25T09:04:49,1,-0.608422636985779,-36.2937316894531,-35.68530905246732,93.6,37.75,3.305,3.292,0.3642955699469138,True,5,134603
12,5,2016-01-25T09:04:49,2,-0.608422636985779,-36.2937316894531,-35.68530905246732,93.6,37.75,3.303,3.29,0.3642955699469014,True,5,134603
12,5,2016-01-25T09:04:49,3,-0.608422636985779,-36.2937316894531,-35.68530905246732,93.6,37.75,3.312,3.299,0.3642955699469014,True,5,134603
12,5,2016-01-25T09:04:49,4,-0.608422636985779,-36.2937316894531,-35.68530905246732,93.6,37.75,3.304,3.293,0.3082500976473714,True,5,134603
12,5,2016-01-25T09:04:49,5,-0.608422636985779,-36.2937316894531,-35.68530905246732,93.6,37.75,3.303,3.291,0.33627283379714257,True,5,134603
12,5,2016-01-25T09:04:49,6,-0.608422636985779,-36.2937316894531,-35.68530905246732,93.6,37.75,3.309,3.297,0.33627283379714257,True,5,134603
12,5,2016-01-25T09:04:49,7,-0.608422636985779,-36.2937316894531,-35.68530905246732,93.6,37.75,3.307,3.295,0.33627283379714257,True,5,134603
12,5,2016-01-25T09:04:49,8,-0.608422636985779,-36.2937316894531,-35.68530905246732,93.6,37.75,3.299,3.226,2.0456597389326143,True,5,134603
12,5,2016-01-25T13:07:12,1,-0.608422636985779,-32.2728538513184,-31.664431214332623,93.2,39.5,3.296,3.287,0.28423059107172993,True,5,134604
12,5,2016-01-25T13:07:12,2,-0.608422636985779,-32.2728538513184,-31.664431214332623,93.2,39.5,3.292,3.282,0.3158117678574746,True,5,134604
12,5,2016-01-25T13:07:12,3,-0.608422636985779,-32.2728538513184,-31.664431214332623,93.2,39.5,3.304,3.294,0.3158117678574746,True,5,134604
12,5,2016-01-25T13:07:12,4,-0.608422636985779,-32.2728538513184,-31.664431214332623,93.2,39.5,3.293,3.285,0.25264941428598525,True,5,134604
12,5,2016-01-25T13:07:12,5,-0.608422636985779,-32.2728538513184,-31.664431214332623,93.2,39.5,3.291,3.283,0.25264941428598525,True,5,134604
12,5,2016-01-25T13:07:12,6,-0.608422636985779,-32.2728538513184,-31.664431214332623,93.2,39.5,3.301,3.292,0.284230591071744,True,5,134604
12,5,2016-01-25T13:07:12,7,-0.608422636985779,-32.2728538513184,-31.664431214332623,93.2,39.5,3.301,3.291,0.3158117678574886,True,5,134604
12,5,2016-01-25T13:07:12,8,-0.608422636985779,-32.2728538513184,-31.664431214332623,93.2,39.5,3.29,3.225,2.0527764910736273,True,5,134604
12,5,2016-01-25T16:19:29,1,-13.9937210083008,-45.0761795043945,-31.0824584960937,83.0,44.25,3.298,3.29,0.257379898086421,True,5,134605
12,5,2016-01-25T16:19:29,2,-13.9937210083008,-45.0761795043945,-31.0824584960937,83.0,44.25,3.294,3.285,0.28955238534722005,True,5,134605
12,5,2016-01-25T16:19:29,3,-13.9937210083008,-45.0761795043945,-31.0824584960937,83.0,44.25,3.303,3.295,0.257379898086421,True,5,134605
12,5,2016-01-25T16:19:29,4,-13.9937210083008,-45.0761795043945,-31.0824584960937,83.0,44.25,3.295,3.288,0.22520741082562196,True,5,134605
12,5,2016-01-25T16:19:29,5,-13.9937210083008,-45.0761795043945,-31.0824584960937,83.0,44.25,3.295,3.287,0.257379898086421,True,5,134605
12,5,2016-01-25T16:19:29,6,-13.9937210083008,-45.0761795043945,-31.0824584960937,83.0,44.25,3.3,3.292,0.257379898086421,True,5,134605
12,5,2016-01-25T16:19:29,7,-13.9937210083008,-45.0761795043945,-31.0824584960937,83.0,44.25,3.301,3.293,0.257379898086421,True,5,134605
12,5,2016-01-25T16:19:29,8,-13.9937210083008,-45.0761795043945,-31.0824584960937,83.0,44.25,3.27,3.212,1.8660042611265453,True,5,134605
12,5,2016-01-25T18:09:24,1,-35.0239791870117,-169.544097900391,-134.5201187133793,89.5,46.0,3.271,3.234,0.2750517941396964,True,5,134606
12,5,2016-01-25T18:09:24,2,-35.0239791870117,-169.544097900391,-134.5201187133793,89.5,46.0,3.267,3.227,0.29735329096183477,True,5,134606
12,5,2016-01-25T18:09:24,3,-35.0239791870117,-169.544097900391,-134.5201187133793,89.5,46.0,3.276,3.238,0.2824856264137414,True,5,134606
12,5,2016-01-25T18:09:24,4,-35.0239791870117,-169.544097900391,-134.5201187133793,89.5,46.0,3.27,3.235,0.26018412959160625,True,5,134606
12,5,2016-01-25T18:09:24,5,-35.0239791870117,-169.544097900391,-134.5201187133793,89.5,46.0,3.269,3.233,0.2676179618656513,True,5,134606
12,5,2016-01-25T18:09:24,6,-35.0239791870117,-169.544097900391,-134.5201187133793,89.5,46.0,3.276,3.241,0.260184129591603,True,5,134606
12,5,2016-01-25T18:09:24,7,-35.0239791870117,-169.544097900391,-134.5201187133793,89.5,46.0,3.276,3.242,0.25275029731755794,True,5,134606
12,5,2016-01-25T18:09:24,8,-35.0239791870117,-169.544097900391,-134.5201187133793,89.5,46.0,3.192,2.98,1.5759724420977244,True,5,134606
12,5,2016-01-25T22:02:07,1,-1.19039213657379,-28.1197071075439,-26.929314970970108,92.4,38.75,3.295,3.289,0.22280551905860968,True,5,134607
12,5,2016-01-25T22:02:07,2,-1.19039213657379,-28.1197071075439,-26.929314970970108,92.4,38.75,3.295,3.289,0.22280551905860968,True,5,134607
12,5,2016-01-25T22:02:07,3,-1.19039213657379,-28.1197071075439,-26.929314970970108,92.4,38.75,3.3,3.295,0.18567126588217747,True,5,134607
12,5,2016-01-25T22:02:07,4,-1.19039213657379,-28.1197071075439,-26.929314970970108,92.4,38.75,3.295,3.291,0.14853701270574526,True,5,134607
12,5,2016-01-25T22:02:07,5,-1.19039213657379,-28.1197071075439,-26.929314970970108,92.4,38.75,3.296,3.291,0.18567126588217747,True,5,134607
12,5,2016-01-25T22:02:07,6,-1.19039213657379,-28.1197071075439,-26.929314970970108,92.4,38.75,3.297,3.293,0.14853701270574526,True,5,134607
12,5,2016-01-25T22:02:07,7,-1.19039213657379,-28.1197071075439,-26.929314970970108,92.4,38.75,3.296,3.292,0.14853701270574526,True,5,134607
12,5,2016-01-25T22:02:07,8,-1.19039213657379,-28.1197071075439,-26.929314970970108,92.4,38.75,3.295,3.241,2.0052496715275527,True,5,134607
12,5,2016-01-26T01:33:22,1,-0.740688443183899,-22.4058265686035,-21.665138125419602,90.5,38.5,3.336,3.327,0.4154139220298919,True,5,134608
12,5,2016-01-26T01:33:22,2,-0.740688443183899,-22.4058265686035,-21.665138125419602,90.5,38.5,3.337,3.328,0.4154139220299124,True,5,134608
12,5,2016-01-26T01:33:22,3,-0.740688443183899,-22.4058265686035,-21.665138125419602,90.5,38.5,3.338,3.329,0.4154139220298919,True,5,134608
12,5,2016-01-26T01:33:22,4,-0.740688443183899,-22.4058265686035,-21.665138125419602,90.5,38.5,3.334,3.326,0.3692568195821307,True,5,134608
12,5,2016-01-26T01:33:22,5,-0.740688443183899,-22.4058265686035,-21.665138125419602,90.5,38.5,3.333,3.325,0.3692568195821307,True,5,134608
12,5,2016-01-26T01:33:22,6,-0.740688443183899,-22.4058265686035,-21.665138125419602,90.5,38.5,3.336,3.328,0.3692568195821307,True,5,134608
12,5,2016-01-26T01:33:22,7,-0.740688443183899,-22.4058265686035,-21.665138125419602,90.5,38.5,3.332,3.326,0.27694261468658776,True,5,134608
12,5,2016-01-26T01:33:22,8,-0.740688443183899,-22.4058265686035,-21.665138125419602,90.5,38.5,3.33,3.285,2.07706961014948,True,5,134608
12,5,2016-01-26T08:48:17,1,-0.661328971385956,-27.4583797454834,-26.797050774097443,88.4,35.0,3.275,3.266,0.3358578552494842,True,5,134610
12,5,2016-01-26T08:48:17,2,-0.661328971385956,-27.4583797454834,-26.797050774097443,88.4,35.0,3.272,3.261,0.41049293419380667,True,5,134610
12,5,2016-01-26T08:48:17,3,-0.661328971385956,-27.4583797454834,-26.797050774097443,88.4,35.0,3.284,3.277,0.2612227763051451,True,5,134610
12,5,2016-01-26T08:48:17,4,-0.661328971385956,-27.4583797454834,-26.797050774097443,88.4,35.0,3.275,3.267,0.29854031577732293,True,5,134610
12,5,2016-01-26T08:48:17,5,-0.661328971385956,-27.4583797454834,-26.797050774097443,88.4,35.0,3.273,3.264,0.33585785524950074,True,5,134610
12,5,2016-01-26T08:48:17,6,-0.661328971385956,-27.4583797454834,-26.797050774097443,88.4,35.0,3.283,3.276,0.2612227763051617,True,5,134610
12,5,2016-01-26T08:48:17,7,-0.661328971385956,-27.4583797454834,-26.797050774097443,88.4,35.0,3.279,3.272,0.2612227763051617,True,5,134610
12,5,2016-01-26T08:48:17,8,-0.661328971385956,-27.4583797454834,-26.797050774097443,88.4,35.0,3.269,3.217,1.9405120525525992,True,5,134610
12,5,2016-01-26T09:03:33,1,-0.608422636985779,-33.2251663208008,-32.616743683815024,87.3,36.25,3.281,3.27,0.33725009788326926,True,5,134611
12,5,2016-01-26T09:03:33,2,-0.608422636985779,-33.2251663208008,-32.616743683815024,87.3,36.25,3.277,3.264,0.3985682974984153,True,5,134611
12,5,2016-01-26T09:03:33,3,-0.608422636985779,-33.2251663208008,-32.616743683815024,87.3,36.25,3.291,3.28,0.33725009788326926,True,5,134611
12,5,2016-01-26T09:03:33,4,-0.608422636985779,-33.2251663208008,-32.616743683815024,87.3,36.25,3.28,3.27,0.3065909980756894,True,5,134611
12,5,2016-01-26T09:03:33,5,-0.608422636985779,-33.2251663208008,-32.616743683815024,87.3,36.25,3.277,3.267,0.306590998075703,True,5,134611
12,5,2016-01-26T09:03:33,6,-0.608422636985779,-33.2251663208008,-32.616743683815024,87.3,36.25,3.288,3.278,0.3065909980756894,True,5,134611
12,5,2016-01-26T09:03:33,7,-0.608422636985779,-33.2251663208008,-32.616743683815024,87.3,36.25,3.285,3.275,0.306590998075703,True,5,134611
12,5,2016-01-26T09:03:33,8,-0.608422636985779,-33.2251663208008,-32.616743683815024,87.3,36.25,3.271,3.212,1.8088868886465974,True,5,134611
12,5,2016-01-26T12:11:31,1,-0.608422636985779,-13.4382047653198,-12.82978212833402,93.2,38.5,3.293,3.291,0.15588729255061237,True,5,134612
12,5,2016-01-26T12:11:31,2,-0.608422636985779,-13.4382047653198,-12.82978212833402,93.2,38.5,3.289,3.288,0.07794364627532349,True,5,134612
12,5,2016-01-26T12:11:31,3,-0.608422636985779,-13.4382047653198,-12.82978212833402,93.2,38.5,3.301,3.299,0.15588729255061237,True,5,134612
12,5,2016-01-26T12:11:31,4,-0.608422636985779,-13.4382047653198,-12.82978212833402,93.2,38.5,3.291,3.29,0.07794364627528888,True,5,134612
12,5,2016-01-26T12:11:31,5,-0.608422636985779,-13.4382047653198,-12.82978212833402,93.2,38.5,3.289,3.287,0.15588729255061237,True,5,134612
12,5,2016-01-26T12:11:31,6,-0.608422636985779,-13.4382047653198,-12.82978212833402,93.2,38.5,3.297,3.297,-0.0,False,5,134612
12,5,2016-01-26T12:11:31,7,-0.608422636985779,-13.4382047653198,-12.82978212833402,93.2,38.5,3.298,3.296,0.15588729255061237,True,5,134612
12,5,2016-01-26T12:11:31,8,-0.608422636985779,-13.4382047653198,-12.82978212833402,93.2,38.5,3.287,3.266,1.6368165717812397,True,5,134612
12,5,2016-01-26T16:24:24,1,-0.634875774383545,-36.9815139770508,-36.34663820266726,89.4,41.5,3.285,3.276,0.24761574783936652,True,6,134613
12,5,2016-01-26T16:24:24,2,-0.634875774383545,-36.9815139770508,-36.34663820266726,89.4,41.5,3.281,3.271,0.2751286087104032,True,6,134613
12,5,2016-01-26T16:24:24,3,-0.634875774383545,-36.9815139770508,-36.34663820266726,89.4,41.5,3.294,3.285,0.24761574783935428,True,6,134613
12,5,2016-01-26T16:24:24,4,-0.634875774383545,-36.9815139770508,-36.34663820266726,89.4,41.5,3.283,3.274,0.24761574783935428,True,6,134613
12,5,2016-01-26T16:24:24,5,-0.634875774383545,-36.9815139770508,-36.34663820266726,89.4,41.5,3.281,3.272,0.24761574783936652,True,6,134613
12,5,2016-01-26T16:24:24,6,-0.634875774383545,-36.9815139770508,-36.34663820266726,89.4,41.5,3.293,3.284,0.24761574783936652,True,6,134613
12,5,2016-01-26T16:24:24,7,-0.634875774383545,-36.9815139770508,-36.34663820266726,89.4,41.5,3.291,3.283,0.22010288696831762,True,6,134613
12,5,2016-01-26T16:24:24,8,-0.634875774383545,-36.9815139770508,-36.34663820266726,89.4,41.5,3.279,3.211,1.8708745392306998,True,6,134613
12,5,2016-01-26T18:21:15,1,-0.555516362190247,-16.6125831604004,-16.057066798210155,83.4,43.5,3.319,3.313,0.3736672504014612,True,5,134614
12,5,2016-01-26T18:21:15,2,-0.555516362190247,-16.6125831604004,-16.057066798210155,83.4,43.5,3.318,3.312,0.37366725040148885,True,5,134614
12,5,2016-01-26T18:21:15,3,-0.555516362190247,-16.6125831604004,-16.057066798210155,83.4,43.5,3.322,3.317,0.31138937533455563,True,5,134614
12,5,2016-01-26T18:21:15,4,-0.555516362190247,-16.6125831604004,-16.057066798210155,83.4,43.5,3.317,3.311,0.37366725040148885,True,5,134614
12,5,2016-01-26T18:21:15,5,-0.555516362190247,-16.6125831604004,-16.057066798210155,83.4,43.5,3.316,3.311,0.31138937533455563,True,5,134614
12,5,2016-01-26T18:21:15,6,-0.555516362190247,-16.6125831604004,-16.057066798210155,83.4,43.5,3.319,3.313,0.3736672504014612,True,5,134614
12,5,2016-01-26T18:21:15,7,-0.555516362190247,-16.6125831604004,-16.057066798210155,83.4,43.5,3.319,3.314,0.31138937533455563,True,5,134614
12,5,2016-01-26T18:21:15,8,-0.555516362190247,-16.6125831604004,-16.057066798210155,83.4,43.5,3.311,3.275,2.2420035024088505,True,5,134614
12,5,2016-01-29T22:07:32,1,-6.16358613967896,-45.1819915771484,-39.01840543746944,74.3,26.5,3.246,3.227,0.4869496789265098,True,5,134639
12,5,2016-01-29T22:07:32,2,-6.16358613967896,-45.1819915771484,-39.01840543746944,74.3,26.5,3.235,3.213,0.5638364703359497,True,5,134639
12,5,2016-01-29T22:07:32,3,-6.16358613967896,-45.1819915771484,-39.01840543746944,74.3,26.5,3.248,3.228,0.512578609396323,True,5,134639
12,5,2016-01-29T22:07:32,4,-6.16358613967896,-45.1819915771484,-39.01840543746944,74.3,26.5,3.236,3.216,0.512578609396323,True,5,134639
12,5,2016-01-29T22:07:32,5,-6.16358613967896,-45.1819915771484,-39.01840543746944,74.3,26.5,3.233,3.211,0.5638364703359611,True,5,134639
12,5,2016-01-29T22:07:32,6,-6.16358613967896,-45.1819915771484,-39.01840543746944,74.3,26.5,3.243,3.223,0.512578609396323,True,5,134639
12,5,2016-01-29T22:07:32,7,-6.16358613967896,-45.1819915771484,-39.01840543746944,74.3,26.5,3.244,3.224,0.512578609396323,True,5,134639
12,5,2016-01-29T22:07:32,8,-6.16358613967896,-45.1819915771484,-39.01840543746944,74.3,26.5,3.221,3.151,1.7940251328871364,True,5,134639
12,5,2016-01-30T01:38:48,1,-0.740688443183899,-14.3376111984253,-13.596922755241401,90.3,28.25,3.375,3.368,0.5148223701794384,True,5,134640
12,5,2016-01-30T01:38:48,2,-0.740688443183899,-14.3376111984253,-13.596922755241401,90.3,28.25,3.385,3.378,0.5148223701794057,True,5,134640
12,5,2016-01-30T01:38:48,3,-0.740688443183899,-14.3376111984253,-13.596922755241401,90.3,28.25,3.379,3.371,0.5883684230622059,True,5,134640
12,5,2016-01-30T01:38:48,4,-0.740688443183899,-14.3376111984253,-13.596922755241401,90.3,28.25,3.383,3.376,0.5148223701794384,True,5,134640
12,5,2016-01-30T01:38:48,5,-0.740688443183899,-14.3376111984253,-13.596922755241401,90.3,28.25,3.386,3.378,0.5883684230622059,True,5,134640
12,5,2016-01-30T01:38:48,6,-0.740688443183899,-14.3376111984253,-13.596922755241401,90.3,28.25,3.376,3.37,0.44127631729663813,True,5,134640
12,5,2016-01-30T01:38:48,7,-0.740688443183899,-14.3376111984253,-13.596922755241401,90.3,28.25,3.37,3.362,0.5883684230622059,True,5,134640
12,5,2016-01-30T01:38:48,8,-0.740688443183899,-14.3376111984253,-13.596922755241401,90.3,28.25,3.358,3.323,2.574111850897159,True,5,134640
12,5,2016-01-30T03:01:31,1,-12.8562345504761,-48.9118881225586,-36.0556535720825,70.2,43.5,3.262,3.252,0.27734901490575453,True,5,134641
12,5,2016-01-30T03:01:31,2,-12.8562345504761,-48.9118881225586,-36.0556535720825,70.2,43.5,3.258,3.246,0.33281881788689804,True,5,134641
12,5,2016-01-30T03:01:31,3,-12.8562345504761,-48.9118881225586,-36.0556535720825,70.2,43.5,3.268,3.257,0.305083916396314,True,5,134641
12,5,2016-01-30T03:01:31,4,-12.8562345504761,-48.9118881225586,-36.0556535720825,70.2,43.5,3.259,3.249,0.27734901490574226,True,5,134641
12,5,2016-01-30T03:01:31,5,-12.8562345504761,-48.9118881225586,-36.0556535720825,70.2,43.5,3.257,3.247,0.27734901490575453,True,5,134641
12,5,2016-01-30T03:01:31,6,-12.8562345504761,-48.9118881225586,-36.0556535720825,70.2,43.5,3.266,3.257,0.24961411341517048,True,5,134641
12,5,2016-01-30T03:01:31,7,-12.8562345504761,-48.9118881225586,-36.0556535720825,70.2,43.5,3.267,3.259,0.22187921192459872,True,5,134641
12,5,2016-01-30T03:01:31,8,-12.8562345504761,-48.9118881225586,-36.0556535720825,70.2,43.5,3.23,3.157,2.0246478088119604,True,5,134641
12,5,2016-01-30T09:08:33,1,-0.740688443183899,-32.4315719604492,-31.6908835172653,93.1,30.25,3.345,3.33,0.47332224082134144,True,5,134643
12,5,2016-01-30T09:08:33,2,-0.740688443183899,-32.4315719604492,-31.6908835172653,93.1,30.25,3.348,3.334,0.44176742476657505,True,5,134643
12,5,2016-01-30T09:08:33,3,-0.740688443183899,-32.4315719604492,-31.6908835172653,93.1,30.25,3.348,3.334,0.44176742476657505,True,5,134643
12,5,2016-01-30T09:08:33,4,-0.740688443183899,-32.4315719604492,-31.6908835172653,93.1,30.25,3.345,3.333,0.37865779265707034,True,5,134643
12,5,2016-01-30T09:08:33,5,-0.740688443183899,-32.4315719604492,-31.6908835172653,93.1,30.25,3.345,3.332,0.41021260871183673,True,5,134643
12,5,2016-01-30T09:08:33,6,-0.740688443183899,-32.4315719604492,-31.6908835172653,93.1,30.25,3.346,3.333,0.4102126087118227,True,5,134643
12,5,2016-01-30T09:08:33,7,-0.740688443183899,-32.4315719604492,-31.6908835172653,93.1,30.25,3.341,3.328,0.41021260871183673,True,5,134643
12,5,2016-01-30T09:08:33,8,-0.740688443183899,-32.4315719604492,-31.6908835172653,93.1,30.25,3.343,3.266,2.4297208362161977,True,5,134643
12,5,2016-01-30T12:11:21,1,-0.76714164018631,-11.030966758728,-10.26382511854169,93.3,34.25,3.344,3.339,0.4871478169447128,True,5,134644
12,5,2016-01-30T12:11:21,2,-0.76714164018631,-11.030966758728,-10.26382511854169,93.3,34.25,3.347,3.343,0.38971825355577894,True,5,134644
12,5,2016-01-30T12:11:21,3,-0.76714164018631,-11.030966758728,-10.26382511854169,93.3,34.25,3.348,3.343,0.4871478169447128,True,5,134644
12,5,2016-01-30T12:11:21,4,-0.76714164018631,-11.030966758728,-10.26382511854169,93.3,34.25,3.345,3.341,0.38971825355577894,True,5,134644
12,5,2016-01-30T12:11:21,5,-0.76714164018631,-11.030966758728,-10.26382511854169,93.3,34.25,3.345,3.341,0.38971825355577894,True,5,134644
12,5,2016-01-30T12:11:21,6,-0.76714164018631,-11.030966758728,-10.26382511854169,93.3,34.25,3.345,3.342,0.29228869016684506,True,5,134644
12,5,2016-01-30T12:11:21,7,-0.76714164018631,-11.030966758728,-10.26382511854169,93.3,34.25,3.341,3.337,0.38971825355577894,True,5,134644
12,5,2016-01-30T12:11:21,8,-0.76714164018631,-11.030966758728,-10.26382511854169,93.3,34.25,3.342,3.316,2.5331686481125844,True,5,134644
12,5,2016-01-30T16:17:47,1,-0.76714164018631,-20.5011978149414,-19.73405617475509,93.0,35.75,3.336,3.328,0.40539055575579314,True,5,134645
12,5,2016-01-30T16:17:47,2,-0.76714164018631,-20.5011978149414,-19.73405617475509,93.0,35.75,3.337,3.328,0.45606437522528415,True,5,134645
12,5,2016-01-30T16:17:47,3,-0.76714164018631,-20.5011978149414,-19.73405617475509,93.0,35.75,3.338,3.33,0.40539055575579314,True,5,134645
12,5,2016-01-30T16:17:47,4,-0.76714164018631,-20.5011978149414,-19.73405617475509,93.0,35.75,3.334,3.326,0.40539055575579314,True,5,134645
12,5,2016-01-30T16:17:47,5,-0.76714164018631,-20.5011978149414,-19.73405617475509,93.0,35.75,3.334,3.327,0.35471673628632466,True,5,134645
12,5,2016-01-30T16:17:47,6,-0.76714164018631,-20.5011978149414,-19.73405617475509,93.0,35.75,3.335,3.327,0.40539055575579314,True,5,134645
12,5,2016-01-30T16:17:47,7,-0.76714164018631,-20.5011978149414,-19.73405617475509,93.0,35.75,3.332,3.327,0.25336909734736507,True,5,134645
12,5,2016-01-30T16:17:47,8,-0.76714164018631,-20.5011978149414,-19.73405617475509,93.0,35.75,3.332,3.283,2.4830171540042274,True,5,134645
12,5,2016-01-31T12:35:50,1,-0.661328971385956,-9.23215198516846,-8.570823013782505,92.7,13.25,3.318,3.312,0.7000494573685389,True,5,134652
12,5,2016-01-31T12:35:50,2,-0.661328971385956,-9.23215198516846,-8.570823013782505,92.7,13.25,3.321,3.313,0.9333992764913507,True,5,134652
12,5,2016-01-31T12:35:50,3,-0.661328971385956,-9.23215198516846,-8.570823013782505,92.7,13.25,3.321,3.315,0.7000494573685389,True,5,134652
12,5,2016-01-31T12:35:50,4,-0.661328971385956,-9.23215198516846,-8.570823013782505,92.7,13.25,3.319,3.313,0.700049457368487,True,5,134652
12,5,2016-01-31T12:35:50,5,-0.661328971385956,-9.23215198516846,-8.570823013782505,92.7,13.25,3.319,3.312,0.8167243669299448,True,5,134652
12,5,2016-01-31T12:35:50,6,-0.661328971385956,-9.23215198516846,-8.570823013782505,92.7,13.25,3.32,3.312,0.9333992764913507,True,5,134652
12,5,2016-01-31T12:35:50,7,-0.661328971385956,-9.23215198516846,-8.570823013782505,92.7,13.25,3.316,3.309,0.8167243669298929,True,5,134652
12,5,2016-01-31T12:35:50,8,-0.661328971385956,-9.23215198516846,-8.570823013782505,92.7,13.25,3.315,3.288,3.1502225581583216,True,5,134652
12,5,2016-02-01T18:29:49,1,-0.793594777584076,-8.3062915802002,-7.512696802616125,85.6,12.0,3.329,3.323,0.7986479632601259,True,5,134662
12,5,2016-02-01T18:29:49,2,-0.793594777584076,-8.3062915802002,-7.512696802616125,85.6,12.0,3.33,3.323,0.9317559571367937,True,5,134662
12,5,2016-02-01T18:29:49,3,-0.793594777584076,-8.3062915802002,-7.512696802616125,85.6,12.0,3.331,3.325,0.7986479632600666,True,5,134662
12,5,2016-02-01T18:29:49,4,-0.793594777584076,-8.3062915802002,-7.512696802616125,85.6,12.0,3.329,3.323,0.7986479632601259,True,5,134662
12,5,2016-02-01T18:29:49,5,-0.793594777584076,-8.3062915802002,-7.512696802616125,85.6,12.0,3.327,3.32,0.9317559571367937,True,5,134662
12,5,2016-02-01T18:29:49,6,-0.793594777584076,-8.3062915802002,-7.512696802616125,85.6,12.0,3.329,3.323,0.7986479632601259,True,5,134662
12,5,2016-02-01T18:29:49,7,-0.793594777584076,-8.3062915802002,-7.512696802616125,85.6,12.0,3.327,3.32,0.9317559571367937,True,5,134662
12,5,2016-02-01T18:29:49,8,-0.793594777584076,-8.3062915802002,-7.512696802616125,85.6,12.0,3.32,3.301,2.529051883656927,True,5,134662
12,5,2016-02-01T22:00:34,1,-0.634875774383545,-37.2195930480957,-36.58471727371216,92.3,23.0,3.302,3.274,0.7653469012898275,True,4,134663
12,5,2016-02-01T22:00:34,2,-0.634875774383545,-37.2195930480957,-36.58471727371216,92.3,23.0,3.301,3.267,0.9293498087090822,True,4,134663
12,5,2016-02-01T22:00:34,3,-0.634875774383545,-37.2195930480957,-36.58471727371216,92.3,23.0,3.305,3.275,0.8200145370962497,True,4,134663
12,5,2016-02-01T22:00:34,4,-0.634875774383545,-37.2195930480957,-36.58471727371216,92.3,23.0,3.299,3.267,0.8746821729026599,True,4,134663
12,5,2016-02-01T22:00:34,5,-0.634875774383545,-37.2195930480957,-36.58471727371216,92.3,23.0,3.298,3.266,0.8746821729026599,True,4,134663
12,5,2016-02-01T22:00:34,6,-0.634875774383545,-37.2195930480957,-36.58471727371216,92.3,23.0,3.302,3.27,0.8746821729026599,True,4,134663
12,5,2016-02-01T22:00:34,7,-0.634875774383545,-37.2195930480957,-36.58471727371216,92.3,23.0,3.301,3.271,0.8200145370962497,True,4,134663
12,5,2016-02-01T22:00:34,8,-0.634875774383545,-37.2195930480957,-36.58471727371216,92.3,23.0,3.301,3.209,2.5147112470951476,True,4,134663
12,5,2016-02-02T00:01:01,1,-32.0876808166504,-46.2930297851563,-14.205348968505902,76.8,34.5,3.246,3.242,0.2815840715260315,True,6,134664
12,5,2016-02-02T00:01:01,2,-32.0876808166504,-46.2930297851563,-14.205348968505902,76.8,34.5,3.239,3.235,0.2815840715260315,True,6,134664
12,5,2016-02-02T00:01:01,3,-32.0876808166504,-46.2930297851563,-14.205348968505902,76.8,34.5,3.25,3.245,0.35198008940753156,True,6,134664
12,5,2016-02-02T00:01:01,4,-32.0876808166504,-46.2930297851563,-14.205348968505902,76.8,34.5,3.24,3.235,0.3519800894075628,True,6,134664
12,5,2016-02-02T00:01:01,5,-32.0876808166504,-46.2930297851563,-14.205348968505902,76.8,34.5,3.238,3.233,0.35198008940753156,True,6,134664
12,5,2016-02-02T00:01:01,6,-32.0876808166504,-46.2930297851563,-14.205348968505902,76.8,34.5,3.246,3.242,0.2815840715260315,True,6,134664
12,5,2016-02-02T00:01:01,7,-32.0876808166504,-46.2930297851563,-14.205348968505902,76.8,34.5,3.249,3.244,0.35198008940753156,True,6,134664
12,5,2016-02-02T00:01:01,8,-32.0876808166504,-46.2930297851563,-14.205348968505902,76.8,34.5,3.18,3.155,1.7599004470377202,True,6,134664
12,5,2016-02-02T17:57:16,1,-0.820047914981842,-7.11589956283569,-6.295851647853848,83.0,15.0,3.336,3.333,0.476504239267188,True,5,134669
12,5,2016-02-02T17:57:16,2,-0.820047914981842,-7.11589956283569,-6.295851647853848,83.0,15.0,3.337,3.333,0.6353389856896545,True,5,134669
12,5,2016-02-02T17:57:16,3,-0.820047914981842,-7.11589956283569,-6.295851647853848,83.0,15.0,3.337,3.333,0.6353389856896545,True,5,134669
12,5,2016-02-02T17:57:16,4,-0.820047914981842,-7.11589956283569,-6.295851647853848,83.0,15.0,3.336,3.333,0.476504239267188,True,5,134669
12,5,2016-02-02T17:57:16,5,-0.820047914981842,-7.11589956283569,-6.295851647853848,83.0,15.0,3.335,3.332,0.4765042392672585,True,5,134669
12,5,2016-02-02T17:57:16,6,-0.820047914981842,-7.11589956283569,-6.295851647853848,83.0,15.0,3.336,3.332,0.6353389856896545,True,5,134669
12,5,2016-02-02T17:57:16,7,-0.820047914981842,-7.11589956283569,-6.295851647853848,83.0,15.0,3.332,3.329,0.476504239267188,True,5,134669
12,5,2016-02-02T17:57:16,8,-0.820047914981842,-7.11589956283569,-6.295851647853848,83.0,15.0,3.325,3.307,2.8590254356034808,True,5,134669
12,5,2016-02-02T22:39:49,1,-0.820047914981842,-8.59727668762207,-7.777228772640228,89.4,22.25,3.329,3.324,0.6429025230156535,True,5,134671
12,5,2016-02-02T22:39:49,2,-0.820047914981842,-8.59727668762207,-7.777228772640228,89.4,22.25,3.328,3.324,0.5143220184124886,True,5,134671
12,5,2016-02-02T22:39:49,3,-0.820047914981842,-8.59727668762207,-7.777228772640228,89.4,22.25,3.33,3.326,0.5143220184124886,True,5,134671
12,5,2016-02-02T22:39:49,4,-0.820047914981842,-8.59727668762207,-7.777228772640228,89.4,22.25,3.326,3.322,0.5143220184124886,True,5,134671
12,5,2016-02-02T22:39:49,5,-0.820047914981842,-8.59727668762207,-7.777228772640228,89.4,22.25,3.326,3.322,0.5143220184124886,True,5,134671
12,5,2016-02-02T22:39:49,6,-0.820047914981842,-8.59727668762207,-7.777228772640228,89.4,22.25,3.327,3.322,0.6429025230155965,True,5,134671
12,5,2016-02-02T22:39:49,7,-0.820047914981842,-8.59727668762207,-7.777228772640228,89.4,22.25,3.326,3.321,0.6429025230155965,True,5,134671
12,5,2016-02-02T22:39:49,8,-0.820047914981842,-8.59727668762207,-7.777228772640228,89.4,22.25,3.327,3.306,2.700190596665551,True,5,134671
12,5,2016-02-03T01:35:35,1,-130.438720703125,-137.787384033203,-7.348663330078011,93.8,28.5,3.258,3.248,1.3607916910643978,True,6,134672
12,5,2016-02-03T01:35:35,2,-130.438720703125,-137.787384033203,-7.348663330078011,93.8,28.5,3.254,3.244,1.3607916910643978,True,6,134672
12,5,2016-02-03T01:35:35,3,-130.438720703125,-137.787384033203,-7.348663330078011,93.8,28.5,3.261,3.252,1.2247125219580306,True,6,134672
12,5,2016-02-03T01:35:35,4,-130.438720703125,-137.787384033203,-7.348663330078011,93.8,28.5,3.259,3.25,1.2247125219579704,True,6,134672
12,5,2016-02-03T01:35:35,5,-130.438720703125,-137.787384033203,-7.348663330078011,93.8,28.5,3.257,3.247,1.3607916910644584,True,6,134672
12,5,2016-02-03T01:35:35,6,-130.438720703125,-137.787384033203,-7.348663330078011,93.8,28.5,3.261,3.252,1.2247125219580306,True,6,134672
12,5,2016-02-03T01:35:35,7,-130.438720703125,-137.787384033203,-7.348663330078011,93.8,28.5,3.261,3.252,1.2247125219580306,True,6,134672
12,5,2016-02-03T01:35:35,8,-130.438720703125,-137.787384033203,-7.348663330078011,93.8,28.5,2.999,2.975,3.2659000585546276,True,6,134672
12,5,2016-02-03T09:16:51,1,-0.634875774383545,-42.4308662414551,-41.795990467071555,85.7,32.5,3.289,3.27,0.45458905956467377,True,5,134675
12,5,2016-02-03T09:16:51,2,-0.634875774383545,-42.4308662414551,-41.795990467071555,85.7,32.5,3.284,3.264,0.4785147995417591,True,5,134675
12,5,2016-02-03T09:16:51,3,-0.634875774383545,-42.4308662414551,-41.795990467071555,85.7,32.5,3.297,3.279,0.43066331958758847,True,5,134675
12,5,2016-02-03T09:16:51,4,-0.634875774383545,-42.4308662414551,-41.795990467071555,85.7,32.5,3.286,3.269,0.4067375796104925,True,5,134675
12,5,2016-02-03T09:16:51,5,-0.634875774383545,-42.4308662414551,-41.795990467071555,85.7,32.5,3.283,3.266,0.4067375796104925,True,5,134675
12,5,2016-02-03T09:16:51,6,-0.634875774383545,-42.4308662414551,-41.795990467071555,85.7,32.5,3.295,3.278,0.4067375796104925,True,5,134675
12,5,2016-02-03T09:16:51,7,-0.634875774383545,-42.4308662414551,-41.795990467071555,85.7,32.5,3.292,3.275,0.4067375796104925,True,5,134675
12,5,2016-02-03T09:16:51,8,-0.634875774383545,-42.4308662414551,-41.795990467071555,85.7,32.5,3.275,3.186,2.1293908579608254,True,5,134675
12,5,2016-02-03T12:10:30,1,-0.76714164018631,-62.7733459472656,-62.00620430707929,90.6,24.75,3.333,3.302,0.4999499702719402,True,5,134676
12,5,2016-02-03T12:10:30,2,-0.76714164018631,-62.7733459472656,-62.00620430707929,90.6,24.75,3.335,3.303,0.5160773886678074,True,5,134676
12,5,2016-02-03T12:10:30,3,-0.76714164018631,-62.7733459472656,-62.00620430707929,90.6,24.75,3.335,3.306,0.46769513348019864,True,5,134676
12,5,2016-02-03T12:10:30,4,-0.76714164018631,-62.7733459472656,-62.00620430707929,90.6,24.75,3.333,3.306,0.43544029668846423,True,5,134676
12,5,2016-02-03T12:10:30,5,-0.76714164018631,-62.7733459472656,-62.00620430707929,90.6,24.75,3.332,3.304,0.4515677150843314,True,5,134676
12,5,2016-02-03T12:10:30,6,-0.76714164018631,-62.7733459472656,-62.00620430707929,90.6,24.75,3.333,3.306,0.43544029668846423,True,5,134676
12,5,2016-02-03T12:10:30,7,-0.76714164018631,-62.7733459472656,-62.00620430707929,90.6,24.75,3.33,3.305,0.4031854598967227,True,5,134676
12,5,2016-02-03T12:10:30,8,-0.76714164018631,-62.7733459472656,-62.00620430707929,90.6,24.75,3.327,3.142,2.9835724032357596,True,5,134676
12,5,2016-02-03T16:22:57,1,-0.952313721179962,-120.465538024902,-119.51322430372204,90.4,42.0,3.278,3.243,0.29285462093344367,True,5,134677
12,5,2016-02-03T16:22:57,2,-0.952313721179962,-120.465538024902,-119.51322430372204,90.4,42.0,3.279,3.24,0.3263237204686905,True,5,134677
12,5,2016-02-03T16:22:57,3,-0.952313721179962,-120.465538024902,-119.51322430372204,90.4,42.0,3.284,3.248,0.3012218958172517,True,5,134677
12,5,2016-02-03T16:22:57,4,-0.952313721179962,-120.465538024902,-119.51322430372204,90.4,42.0,3.278,3.246,0.26775279628200477,True,5,134677
12,5,2016-02-03T16:22:57,5,-0.952313721179962,-120.465538024902,-119.51322430372204,90.4,42.0,3.279,3.246,0.2761200711658165,True,5,134677
12,5,2016-02-03T16:22:57,6,-0.952313721179962,-120.465538024902,-119.51322430372204,90.4,42.0,3.283,3.25,0.2761200711658165,True,5,134677
12,5,2016-02-03T16:22:57,7,-0.952313721179962,-120.465538024902,-119.51322430372204,90.4,42.0,3.282,3.252,0.2510182465143813,True,5,134677
12,5,2016-02-03T16:22:57,8,-0.952313721179962,-120.465538024902,-119.51322430372204,90.4,42.0,3.282,3.024,2.1587569200236616,True,5,134677
12,5,2016-02-03T21:45:45,1,-0.608422636985779,-13.1207666397095,-12.51234400272372,91.6,34.25,3.301,3.297,0.3196843052851866,True,6,134679
12,5,2016-02-03T21:45:45,2,-0.608422636985779,-13.1207666397095,-12.51234400272372,91.6,34.25,3.297,3.293,0.3196843052851866,True,6,134679
12,5,2016-02-03T21:45:45,3,-0.608422636985779,-13.1207666397095,-12.51234400272372,91.6,34.25,3.309,3.306,0.23976322896389882,True,6,134679
12,5,2016-02-03T21:45:45,4,-0.608422636985779,-13.1207666397095,-12.51234400272372,91.6,34.25,3.3,3.297,0.23976322896386332,True,6,134679
12,5,2016-02-03T21:45:45,5,-0.608422636985779,-13.1207666397095,-12.51234400272372,91.6,34.25,3.298,3.295,0.23976322896389882,True,6,134679
12,5,2016-02-03T21:45:45,6,-0.608422636985779,-13.1207666397095,-12.51234400272372,91.6,34.25,3.308,3.305,0.23976322896386332,True,6,134679
12,5,2016-02-03T21:45:45,7,-0.608422636985779,-13.1207666397095,-12.51234400272372,91.6,34.25,3.306,3.303,0.23976322896389882,True,6,134679
12,5,2016-02-03T21:45:45,8,-0.608422636985779,-13.1207666397095,-12.51234400272372,91.6,34.25,3.288,3.263,1.9980269080324076,True,6,134679
12,5,2016-02-04T02:13:13,1,-7.80368185043335,-44.3354949951172,-36.53181314468385,90.2,36.0,3.28,3.268,0.328480821701188,True,6,134680
12,5,2016-02-04T02:13:13,2,-7.80368185043335,-44.3354949951172,-36.53181314468385,90.2,36.0,3.278,3.265,0.35585422350961726,True,6,134680
12,5,2016-02-04T02:13:13,3,-7.80368185043335,-44.3354949951172,-36.53181314468385,90.2,36.0,3.29,3.278,0.328480821701188,True,6,134680
12,5,2016-02-04T02:13:13,4,-7.80368185043335,-44.3354949951172,-36.53181314468385,90.2,36.0,3.281,3.27,0.30110741989275863,True,6,134680
12,5,2016-02-04T02:13:13,5,-7.80368185043335,-44.3354949951172,-36.53181314468385,90.2,36.0,3.278,3.267,0.30110741989275863,True,6,134680
12,5,2016-02-04T02:13:13,6,-7.80368185043335,-44.3354949951172,-36.53181314468385,90.2,36.0,3.29,3.279,0.30110741989275863,True,6,134680
12,5,2016-02-04T02:13:13,7,-7.80368185043335,-44.3354949951172,-36.53181314468385,90.2,36.0,3.289,3.278,0.30110741989275863,True,6,134680
12,5,2016-02-04T02:13:13,8,-7.80368185043335,-44.3354949951172,-36.53181314468385,90.2,36.0,3.261,3.179,2.244618948291457,True,6,134680
12,5,2016-02-04T06:47:16,1,-1.90462744235992,-37.6692962646484,-35.764668822288485,85.9,27.25,3.333,3.315,0.5032899952028261,True,5,134682
12,5,2016-02-04T06:47:16,2,-1.90462744235992,-37.6692962646484,-35.764668822288485,85.9,27.25,3.333,3.315,0.5032899952028261,True,5,134682
12,5,2016-02-04T06:47:16,3,-1.90462744235992,-37.6692962646484,-35.764668822288485,85.9,27.25,3.334,3.317,0.4753294399137713,True,5,134682
12,5,2016-02-04T06:47:16,4,-1.90462744235992,-37.6692962646484,-35.764668822288485,85.9,27.25,3.331,3.316,0.4194083293356864,True,5,134682
12,5,2016-02-04T06:47:16,5,-1.90462744235992,-37.6692962646484,-35.764668822288485,85.9,27.25,3.331,3.315,0.44736888462472885,True,5,134682
12,5,2016-02-04T06:47:16,6,-1.90462744235992,-37.6692962646484,-35.764668822288485,85.9,27.25,3.332,3.316,0.44736888462472885,True,5,134682
12,5,2016-02-04T06:47:16,7,-1.90462744235992,-37.6692962646484,-35.764668822288485,85.9,27.25,3.328,3.314,0.39144777404663156,True,5,134682
12,5,2016-02-04T06:47:16,8,-1.90462744235992,-37.6692962646484,-35.764668822288485,85.9,27.25,3.309,3.21,2.7680949736155127,True,5,134682
12,5,2016-02-04T09:05:45,1,-0.608422636985779,-21.109619140625,-20.50119650363922,93.9,36.25,3.298,3.292,0.29266584508543936,True,5,134683
12,5,2016-02-04T09:05:45,2,-0.608422636985779,-21.109619140625,-20.50119650363922,93.9,36.25,3.296,3.289,0.34144348593298374,True,5,134683
12,5,2016-02-04T09:05:45,3,-0.608422636985779,-21.109619140625,-20.50119650363922,93.9,36.25,3.306,3.299,0.34144348593300533,True,5,134683
12,5,2016-02-04T09:05:45,4,-0.608422636985779,-21.109619140625,-20.50119650363922,93.9,36.25,3.297,3.292,0.24388820423787336,True,5,134683
12,5,2016-02-04T09:05:45,5,-0.608422636985779,-21.109619140625,-20.50119650363922,93.9,36.25,3.297,3.291,0.29266584508543936,True,5,134683
12,5,2016-02-04T09:05:45,6,-0.608422636985779,-21.109619140625,-20.50119650363922,93.9,36.25,3.304,3.297,0.34144348593298374,True,5,134683
12,5,2016-02-04T09:05:45,7,-0.608422636985779,-21.109619140625,-20.50119650363922,93.9,36.25,3.302,3.295,0.34144348593300533,True,5,134683
12,5,2016-02-04T09:05:45,8,-0.608422636985779,-21.109619140625,-20.50119650363922,93.9,36.25,3.293,3.247,2.2437714789882963,True,5,134683
12,5,2016-02-04T13:04:04,1,-0.634875774383545,-36.452449798584,-35.817574024200454,85.8,40.75,3.289,3.277,0.3350310658084243,True,6,134684
12,5,2016-02-04T13:04:04,2,-0.634875774383545,-36.452449798584,-35.817574024200454,85.8,40.75,3.282,3.269,0.3629503212924566,True,6,134684
12,5,2016-02-04T13:04:04,3,-0.634875774383545,-36.452449798584,-35.817574024200454,85.8,40.75,3.297,3.284,0.36295032129246896,True,6,134684
12,5,2016-02-04T13:04:04,4,-0.634875774383545,-36.452449798584,-35.817574024200454,85.8,40.75,3.283,3.272,0.30711181032439205,True,6,134684
12,5,2016-02-04T13:04:04,5,-0.634875774383545,-36.452449798584,-35.817574024200454,85.8,40.75,3.281,3.27,0.30711181032439205,True,6,134684
12,5,2016-02-04T13:04:04,6,-0.634875774383545,-36.452449798584,-35.817574024200454,85.8,40.75,3.295,3.283,0.3350310658084243,True,6,134684
12,5,2016-02-04T13:04:04,7,-0.634875774383545,-36.452449798584,-35.817574024200454,85.8,40.75,3.294,3.282,0.3350310658084243,True,6,134684
12,5,2016-02-04T13:04:04,8,-0.634875774383545,-36.452449798584,-35.817574024200454,85.8,40.75,3.274,3.186,2.456894482595111,True,6,134684
12,5,2016-02-04T16:37:42,1,-0.608422636985779,-12.53879737854,-11.930374741554221,92.2,45.5,3.308,3.306,0.1676393276259511,True,5,134685
12,5,2016-02-04T16:37:42,2,-0.608422636985779,-12.53879737854,-11.930374741554221,92.2,45.5,3.307,3.304,0.2514589914389639,True,5,134685
12,5,2016-02-04T16:37:42,3,-0.608422636985779,-12.53879737854,-11.930374741554221,92.2,45.5,3.314,3.312,0.16763932762598832,True,5,134685
12,5,2016-02-04T16:37:42,4,-0.608422636985779,-12.53879737854,-11.930374741554221,92.2,45.5,3.306,3.304,0.16763932762598832,True,5,134685
12,5,2016-02-04T16:37:42,5,-0.608422636985779,-12.53879737854,-11.930374741554221,92.2,45.5,3.307,3.304,0.2514589914389639,True,5,134685
12,5,2016-02-04T16:37:42,6,-0.608422636985779,-12.53879737854,-11.930374741554221,92.2,45.5,3.311,3.309,0.1676393276259511,True,5,134685
12,5,2016-02-04T16:37:42,7,-0.608422636985779,-12.53879737854,-11.930374741554221,92.2,45.5,3.311,3.309,0.1676393276259511,True,5,134685
12,5,2016-02-04T16:37:42,8,-0.608422636985779,-12.53879737854,-11.930374741554221,92.2,45.5,3.297,3.272,2.0954915953246496,True,5,134685
12,5,2016-02-04T18:11:00,1,-0.608422636985779,-11.4013109207153,-10.792888283729521,80.8,42.5,3.315,3.313,0.1853072085453545,True,5,134686
12,5,2016-02-04T18:11:00,2,-0.608422636985779,-11.4013109207153,-10.792888283729521,80.8,42.5,3.309,3.306,0.27796081281807294,True,5,134686
12,5,2016-02-04T18:11:00,3,-0.608422636985779,-11.4013109207153,-10.792888283729521,80.8,42.5,3.32,3.317,0.27796081281803176,True,5,134686
12,5,2016-02-04T18:11:00,4,-0.608422636985779,-11.4013109207153,-10.792888283729521,80.8,42.5,3.312,3.309,0.27796081281803176,True,5,134686
12,5,2016-02-04T18:11:00,5,-0.608422636985779,-11.4013109207153,-10.792888283729521,80.8,42.5,3.308,3.306,0.1853072085453545,True,5,134686
12,5,2016-02-04T18:11:00,6,-0.608422636985779,-11.4013109207153,-10.792888283729521,80.8,42.5,3.318,3.315,0.27796081281807294,True,5,134686
12,5,2016-02-04T18:11:00,7,-0.608422636985779,-11.4013109207153,-10.792888283729521,80.8,42.5,3.318,3.315,0.27796081281807294,True,5,134686
12,5,2016-02-04T18:11:00,8,-0.608422636985779,-11.4013109207153,-10.792888283729521,80.8,42.5,3.282,3.26,2.0383792939991467,True,5,134686
12,5,2016-02-04T23:03:33,1,-0.793594777584076,-48.1976547241211,-47.404059946537025,90.2,30.0,3.33,3.311,0.4008095513639253,True,5,134687
12,5,2016-02-04T23:03:33,2,-0.793594777584076,-48.1976547241211,-47.404059946537025,90.2,30.0,3.33,3.311,0.4008095513639253,True,5,134687
12,5,2016-02-04T23:03:33,3,-0.793594777584076,-48.1976547241211,-47.404059946537025,90.2,30.0,3.332,3.313,0.400809551363916,True,5,134687
12,5,2016-02-04T23:03:33,4,-0.793594777584076,-48.1976547241211,-47.404059946537025,90.2,30.0,3.328,3.311,0.3586190722729814,True,5,134687
12,5,2016-02-04T23:03:33,5,-0.793594777584076,-48.1976547241211,-47.404059946537025,90.2,30.0,3.327,3.311,0.33752383272751413,True,5,134687
12,5,2016-02-04T23:03:33,6,-0.793594777584076,-48.1976547241211,-47.404059946537025,90.2,30.0,3.329,3.312,0.3586190722729908,True,5,134687
12,5,2016-02-04T23:03:33,7,-0.793594777584076,-48.1976547241211,-47.404059946537025,90.2,30.0,3.327,3.31,0.3586190722729814,True,5,134687
12,5,2016-02-04T23:03:33,8,-0.793594777584076,-48.1976547241211,-47.404059946537025,90.2,30.0,3.315,3.261,1.1391429354553555,True,5,134687
12,5,2016-02-05T02:40:45,1,-0.740688443183899,-23.9930152893066,-23.252326846122703,92.3,31.5,3.318,3.31,0.3440515890277019,True,5,134688
12,5,2016-02-05T02:40:45,2,-0.740688443183899,-23.9930152893066,-23.252326846122703,92.3,31.5,3.318,3.308,0.4300644862846369,True,5,134688
12,5,2016-02-05T02:40:45,3,-0.740688443183899,-23.9930152893066,-23.252326846122703,92.3,31.5,3.322,3.314,0.3440515890277019,True,5,134688
12,5,2016-02-05T02:40:45,4,-0.740688443183899,-23.9930152893066,-23.252326846122703,92.3,31.5,3.316,3.308,0.3440515890277019,True,5,134688
12,5,2016-02-05T02:40:45,5,-0.740688443183899,-23.9930152893066,-23.252326846122703,92.3,31.5,3.315,3.308,0.3010451403992439,True,5,134688
12,5,2016-02-05T02:40:45,6,-0.740688443183899,-23.9930152893066,-23.252326846122703,92.3,31.5,3.32,3.311,0.3870580376561598,True,5,134688
12,5,2016-02-05T02:40:45,7,-0.740688443183899,-23.9930152893066,-23.252326846122703,92.3,31.5,3.318,3.31,0.3440515890277019,True,5,134688
12,5,2016-02-05T02:40:45,8,-0.740688443183899,-23.9930152893066,-23.252326846122703,92.3,31.5,3.312,3.281,1.3331999074823304,True,5,134688
12,5,2016-02-05T03:08:58,1,-0.76714164018631,-49.3615951538086,-48.59445351362229,85.1,32.75,3.333,3.313,0.41156960422229044,True,5,134689
12,5,2016-02-05T03:08:58,2,-0.76714164018631,-49.3615951538086,-48.59445351362229,85.1,32.75,3.333,3.312,0.43214808443341185,True,5,134689
12,5,2016-02-05T03:08:58,3,-0.76714164018631,-49.3615951538086,-48.59445351362229,85.1,32.75,3.335,3.315,0.41156960422229044,True,5,134689
12,5,2016-02-05T03:08:58,4,-0.76714164018631,-49.3615951538086,-48.59445351362229,85.1,32.75,3.331,3.312,0.3909911240111782,True,5,134689
12,5,2016-02-05T03:08:58,5,-0.76714164018631,-49.3615951538086,-48.59445351362229,85.1,32.75,3.33,3.311,0.3909911240111782,True,5,134689
12,5,2016-02-05T03:08:58,6,-0.76714164018631,-49.3615951538086,-48.59445351362229,85.1,32.75,3.332,3.313,0.39099112401116903,True,5,134689
12,5,2016-02-05T03:08:58,7,-0.76714164018631,-49.3615951538086,-48.59445351362229,85.1,32.75,3.329,3.312,0.34983416358895375,True,5,134689
12,5,2016-02-05T03:08:58,8,-0.76714164018631,-49.3615951538086,-48.59445351362229,85.1,32.75,3.318,3.253,1.3376012137224418,True,5,134689
12,5,2016-02-05T06:55:29,1,-0.740688443183899,-41.9547119140625,-41.2140234708786,93.4,28.0,3.332,3.314,0.4367445467370689,True,5,134690
12,5,2016-02-05T06:55:29,2,-0.740688443183899,-41.9547119140625,-41.2140234708786,93.4,28.0,3.333,3.315,0.4367445467370797,True,5,134690
12,5,2016-02-05T06:55:29,3,-0.740688443183899,-41.9547119140625,-41.2140234708786,93.4,28.0,3.335,3.317,0.4367445467370689,True,5,134690
12,5,2016-02-05T06:55:29,4,-0.740688443183899,-41.9547119140625,-41.2140234708786,93.4,28.0,3.331,3.315,0.3882173748773994,True,5,134690
12,5,2016-02-05T06:55:29,5,-0.740688443183899,-41.9547119140625,-41.2140234708786,93.4,28.0,3.331,3.315,0.3882173748773994,True,5,134690
12,5,2016-02-05T06:55:29,6,-0.740688443183899,-41.9547119140625,-41.2140234708786,93.4,28.0,3.332,3.316,0.3882173748773994,True,5,134690
12,5,2016-02-05T06:55:29,7,-0.740688443183899,-41.9547119140625,-41.2140234708786,93.4,28.0,3.327,3.313,0.3396902030177191,True,5,134690
12,5,2016-02-05T06:55:29,8,-0.740688443183899,-41.9547119140625,-41.2140234708786,93.4,28.0,3.331,3.269,1.5043423276499173,True,5,134690
12,5,2016-02-05T09:11:46,1,-3.3330979347229,-42.0605201721191,-38.7274222373962,89.8,34.75,3.289,3.276,0.33567945525295534,True,5,134691
12,5,2016-02-05T09:11:46,2,-3.3330979347229,-42.0605201721191,-38.7274222373962,89.8,34.75,3.284,3.271,0.33567945525294385,True,5,134691
12,5,2016-02-05T09:11:46,3,-3.3330979347229,-42.0605201721191,-38.7274222373962,89.8,34.75,3.297,3.284,0.33567945525295534,True,5,134691
12,5,2016-02-05T09:11:46,4,-3.3330979347229,-42.0605201721191,-38.7274222373962,89.8,34.75,3.287,3.275,0.30985795869502775,True,5,134691
12,5,2016-02-05T09:11:46,5,-3.3330979347229,-42.0605201721191,-38.7274222373962,89.8,34.75,3.284,3.272,0.30985795869502775,True,5,134691
12,5,2016-02-05T09:11:46,6,-3.3330979347229,-42.0605201721191,-38.7274222373962,89.8,34.75,3.294,3.281,0.33567945525294385,True,5,134691
12,5,2016-02-05T09:11:46,7,-3.3330979347229,-42.0605201721191,-38.7274222373962,89.8,34.75,3.292,3.279,0.33567945525294385,True,5,134691
12,5,2016-02-05T09:11:46,8,-3.3330979347229,-42.0605201721191,-38.7274222373962,89.8,34.75,3.277,3.242,0.9037523795271671,True,5,134691
12,5,2016-02-05T12:05:40,1,-0.76714164018631,-31.4792575836182,-30.71211594343189,90.2,30.5,3.323,3.311,0.390725276698701,True,5,134692
12,5,2016-02-05T12:05:40,2,-0.76714164018631,-31.4792575836182,-30.71211594343189,90.2,30.5,3.323,3.311,0.390725276698701,True,5,134692
12,5,2016-02-05T12:05:40,3,-0.76714164018631,-31.4792575836182,-30.71211594343189,90.2,30.5,3.326,3.315,0.35816483697381285,True,5,134692
12,5,2016-02-05T12:05:40,4,-0.76714164018631,-31.4792575836182,-30.71211594343189,90.2,30.5,3.322,3.311,0.35816483697381285,True,5,134692
12,5,2016-02-05T12:05:40,5,-0.76714164018631,-31.4792575836182,-30.71211594343189,90.2,30.5,3.321,3.311,0.3256043972489247,True,5,134692
12,5,2016-02-05T12:05:40,6,-0.76714164018631,-31.4792575836182,-30.71211594343189,90.2,30.5,3.324,3.313,0.35816483697379836,True,5,134692
12,5,2016-02-05T12:05:40,7,-0.76714164018631,-31.4792575836182,-30.71211594343189,90.2,30.5,3.322,3.311,0.35816483697381285,True,5,134692
12,5,2016-02-05T12:05:40,8,-0.76714164018631,-31.4792575836182,-30.71211594343189,90.2,30.5,3.319,3.275,1.432659347895237,True,5,134692
12,5,2016-02-05T15:24:13,1,-0.608422636985779,-9.76121520996094,-9.15279257297516,88.9,40.5,3.298,3.297,0.10925627255582336,True,5,134693
12,5,2016-02-05T15:24:13,2,-0.608422636985779,-9.76121520996094,-9.15279257297516,88.9,40.5,3.292,3.291,0.10925627255582336,True,5,134693
12,5,2016-02-05T15:24:13,3,-0.608422636985779,-9.76121520996094,-9.15279257297516,88.9,40.5,3.306,3.304,0.21851254511169524,True,5,134693
12,5,2016-02-05T15:24:13,4,-0.608422636985779,-9.76121520996094,-9.15279257297516,88.9,40.5,3.294,3.293,0.10925627255582336,True,5,134693
12,5,2016-02-05T15:24:13,5,-0.608422636985779,-9.76121520996094,-9.15279257297516,88.9,40.5,3.291,3.29,0.10925627255582336,True,5,134693
12,5,2016-02-05T15:24:13,6,-0.608422636985779,-9.76121520996094,-9.15279257297516,88.9,40.5,3.303,3.301,0.21851254511164672,True,5,134693
12,5,2016-02-05T15:24:13,7,-0.608422636985779,-9.76121520996094,-9.15279257297516,88.9,40.5,3.302,3.301,0.10925627255582336,True,5,134693
12,5,2016-02-05T15:24:13,8,-0.608422636985779,-9.76121520996094,-9.15279257297516,88.9,40.5,3.29,3.28,1.092562725558379,True,5,134693
12,5,2016-02-05T22:09:09,1,-0.740688443183899,-23.6226711273193,-22.8819826841354,91.9,29.0,3.324,3.315,0.39332255968534585,True,6,134695
12,5,2016-02-05T22:09:09,2,-0.740688443183899,-23.6226711273193,-22.8819826841354,91.9,29.0,3.324,3.315,0.39332255968534585,True,6,134695
12,5,2016-02-05T22:09:09,3,-0.740688443183899,-23.6226711273193,-22.8819826841354,91.9,29.0,3.327,3.318,0.39332255968534585,True,6,134695
12,5,2016-02-05T22:09:09,4,-0.740688443183899,-23.6226711273193,-22.8819826841354,91.9,29.0,3.322,3.315,0.3059175464219443,True,6,134695
12,5,2016-02-05T22:09:09,5,-0.740688443183899,-23.6226711273193,-22.8819826841354,91.9,29.0,3.321,3.313,0.3496200530536451,True,6,134695
12,5,2016-02-05T22:09:09,6,-0.740688443183899,-23.6226711273193,-22.8819826841354,91.9,29.0,3.325,3.317,0.3496200530536451,True,6,134695
12,5,2016-02-05T22:09:09,7,-0.740688443183899,-23.6226711273193,-22.8819826841354,91.9,29.0,3.323,3.314,0.39332255968534585,True,6,134695
12,5,2016-02-05T22:09:09,8,-0.740688443183899,-23.6226711273193,-22.8819826841354,91.9,29.0,3.319,3.277,1.8355052785316268,True,6,134695
12,5,2016-02-06T00:01:16,1,-5.55516338348389,-32.510929107666,-26.95576572418211,81.2,38.25,3.274,3.269,0.18548907314157193,True,5,134696
12,5,2016-02-06T00:01:16,2,-5.55516338348389,-32.510929107666,-26.95576572418211,81.2,38.25,3.271,3.265,0.22258688776988303,True,5,134696
12,5,2016-02-06T00:01:16,3,-5.55516338348389,-32.510929107666,-26.95576572418211,81.2,38.25,3.281,3.278,0.11129344388494974,True,5,134696
12,5,2016-02-06T00:01:16,4,-5.55516338348389,-32.510929107666,-26.95576572418211,81.2,38.25,3.272,3.268,0.14839125851326085,True,5,134696
12,5,2016-02-06T00:01:16,5,-5.55516338348389,-32.510929107666,-26.95576572418211,81.2,38.25,3.27,3.266,0.14839125851326085,True,5,134696
12,5,2016-02-06T00:01:16,6,-5.55516338348389,-32.510929107666,-26.95576572418211,81.2,38.25,3.278,3.275,0.11129344388494974,True,5,134696
12,5,2016-02-06T00:01:16,7,-5.55516338348389,-32.510929107666,-26.95576572418211,81.2,38.25,3.276,3.275,0.03709781462831109,True,5,134696
12,5,2016-02-06T00:01:16,8,-5.55516338348389,-32.510929107666,-26.95576572418211,81.2,38.25,3.27,3.224,1.7064994729024914,True,5,134696
12,5,2016-02-06T03:24:29,1,-0.634875774383545,-13.0678606033325,-12.432984828948955,80.6,38.5,3.274,3.273,0.08043120889776124,True,5,134697
12,5,2016-02-06T03:24:29,2,-0.634875774383545,-13.0678606033325,-12.432984828948955,80.6,38.5,3.269,3.268,0.08043120889779697,True,5,134697
12,5,2016-02-06T03:24:29,3,-0.634875774383545,-13.0678606033325,-12.432984828948955,80.6,38.5,3.283,3.281,0.1608624177955225,True,5,134697
12,5,2016-02-06T03:24:29,4,-0.634875774383545,-13.0678606033325,-12.432984828948955,80.6,38.5,3.271,3.27,0.08043120889776124,True,5,134697
12,5,2016-02-06T03:24:29,5,-0.634875774383545,-13.0678606033325,-12.432984828948955,80.6,38.5,3.269,3.268,0.08043120889779697,True,5,134697
12,5,2016-02-06T03:24:29,6,-0.634875774383545,-13.0678606033325,-12.432984828948955,80.6,38.5,3.282,3.28,0.1608624177955582,True,5,134697
12,5,2016-02-06T03:24:29,7,-0.634875774383545,-13.0678606033325,-12.432984828948955,80.6,38.5,3.279,3.278,0.08043120889776124,True,5,134697
12,5,2016-02-06T03:24:29,8,-0.634875774383545,-13.0678606033325,-12.432984828948955,80.6,38.5,3.269,3.253,1.286899342364323,True,5,134697
12,5,2016-02-06T08:57:31,1,-0.608422636985779,-29.019115447998,-28.410692811012222,89.3,33.75,3.296,3.284,0.4223761834962613,True,5,134698
12,5,2016-02-06T08:57:31,2,-0.608422636985779,-29.019115447998,-28.410692811012222,89.3,33.75,3.291,3.279,0.4223761834962613,True,5,134698
12,5,2016-02-06T08:57:31,3,-0.608422636985779,-29.019115447998,-28.410692811012222,89.3,33.75,3.305,3.293,0.4223761834962613,True,5,134698
12,5,2016-02-06T08:57:31,4,-0.608422636985779,-29.019115447998,-28.410692811012222,89.3,33.75,3.293,3.283,0.35198015291355894,True,5,134698
12,5,2016-02-06T08:57:31,5,-0.608422636985779,-29.019115447998,-28.410692811012222,89.3,33.75,3.291,3.28,0.38717816820491013,True,5,134698
12,5,2016-02-06T08:57:31,6,-0.608422636985779,-29.019115447998,-28.410692811012222,89.3,33.75,3.303,3.292,0.38717816820491013,True,5,134698
12,5,2016-02-06T08:57:31,7,-0.608422636985779,-29.019115447998,-28.410692811012222,89.3,33.75,3.3,3.289,0.3871781682048945,True,5,134698
12,5,2016-02-06T08:57:31,8,-0.608422636985779,-29.019115447998,-28.410692811012222,89.3,33.75,3.287,3.228,2.0766829021899396,True,5,134698
12,5,2016-02-06T09:14:49,1,-3.20083212852478,-127.026847839355,-123.82601571083022,90.0,32.0,3.27,3.228,0.33918558841529745,True,5,134699
12,5,2016-02-06T09:14:49,2,-3.20083212852478,-127.026847839355,-123.82601571083022,90.0,32.0,3.27,3.224,0.37148897778818313,True,5,134699
12,5,2016-02-06T09:14:49,3,-3.20083212852478,-127.026847839355,-123.82601571083022,90.0,32.0,3.276,3.235,0.3311097410720769,True,5,134699
12,5,2016-02-06T09:14:49,4,-3.20083212852478,-127.026847839355,-123.82601571083022,90.0,32.0,3.27,3.232,0.3068821990424118,True,5,134699
12,5,2016-02-06T09:14:49,5,-3.20083212852478,-127.026847839355,-123.82601571083022,90.0,32.0,3.27,3.231,0.3149580463856359,True,5,134699
12,5,2016-02-06T09:14:49,6,-3.20083212852478,-127.026847839355,-123.82601571083022,90.0,32.0,3.275,3.237,0.3068821990424118,True,5,134699
12,5,2016-02-06T09:14:49,7,-3.20083212852478,-127.026847839355,-123.82601571083022,90.0,32.0,3.272,3.235,0.2988063516991913,True,5,134699
12,5,2016-02-06T09:14:49,8,-3.20083212852478,-127.026847839355,-123.82601571083022,90.0,32.0,3.272,3.038,1.8897482783138084,True,5,134699
12,5,2016-02-06T14:10:20,1,-0.76714164018631,-19.0198211669922,-18.252679526805892,76.7,38.25,3.324,3.318,0.32871885967143516,True,5,134700
12,5,2016-02-06T14:10:20,2,-0.76714164018631,-19.0198211669922,-18.252679526805892,76.7,38.25,3.319,3.312,0.38350533628336125,True,5,134700
12,5,2016-02-06T14:10:20,3,-0.76714164018631,-19.0198211669922,-18.252679526805892,76.7,38.25,3.327,3.32,0.38350533628336125,True,5,134700
12,5,2016-02-06T14:10:20,4,-0.76714164018631,-19.0198211669922,-18.252679526805892,76.7,38.25,3.319,3.313,0.32871885967143516,True,5,134700
12,5,2016-02-06T14:10:20,5,-0.76714164018631,-19.0198211669922,-18.252679526805892,76.7,38.25,3.316,3.31,0.32871885967143516,True,5,134700
12,5,2016-02-06T14:10:20,6,-0.76714164018631,-19.0198211669922,-18.252679526805892,76.7,38.25,3.326,3.319,0.38350533628336125,True,5,134700
12,5,2016-02-06T14:10:20,7,-0.76714164018631,-19.0198211669922,-18.252679526805892,76.7,38.25,3.325,3.319,0.3287188596714595,True,5,134700
12,5,2016-02-06T14:10:20,8,-0.76714164018631,-19.0198211669922,-18.252679526805892,76.7,38.25,3.316,3.284,1.7531672515810524,True,5,134700
12,5,2016-02-06T16:00:10,1,-0.581969499588013,-16.2422389984131,-15.660269498825087,91.6,35.5,3.355,3.346,0.5747027534024955,True,1,134701
12,5,2016-02-06T16:00:10,2,-0.581969499588013,-16.2422389984131,-15.660269498825087,91.6,35.5,3.359,3.35,0.5747027534024955,True,1,134701
12,5,2016-02-06T16:00:10,3,-0.581969499588013,-16.2422389984131,-15.660269498825087,91.6,35.5,3.354,3.345,0.5747027534024955,True,1,134701
12,5,2016-02-06T16:00:10,4,-0.581969499588013,-16.2422389984131,-15.660269498825087,91.6,35.5,3.354,3.346,0.5108468919133357,True,1,134701
12,5,2016-02-06T16:00:10,5,-0.581969499588013,-16.2422389984131,-15.660269498825087,91.6,35.5,3.355,3.346,0.5747027534024955,True,1,134701
12,5,2016-02-06T16:00:10,6,-0.581969499588013,-16.2422389984131,-15.660269498825087,91.6,35.5,3.351,3.343,0.5108468919133357,True,1,134701
12,5,2016-02-06T16:00:10,7,-0.581969499588013,-16.2422389984131,-15.660269498825087,91.6,35.5,3.348,3.34,0.5108468919133357,True,1,134701
12,5,2016-02-06T16:00:10,8,-0.581969499588013,-16.2422389984131,-15.660269498825087,91.6,35.5,3.352,3.319,2.107243429142503,True,1,134701
12,5,2016-02-06T18:09:49,1,-0.820047914981842,-16.9564743041992,-16.13642638921736,79.5,46.25,3.274,3.271,0.18591476995208592,True,5,134702
12,5,2016-02-06T18:09:49,2,-0.820047914981842,-16.9564743041992,-16.13642638921736,79.5,46.25,3.27,3.267,0.18591476995208592,True,5,134702
12,5,2016-02-06T18:09:49,3,-0.820047914981842,-16.9564743041992,-16.13642638921736,79.5,46.25,3.282,3.28,0.12394317996806643,True,5,134702
12,5,2016-02-06T18:09:49,4,-0.820047914981842,-16.9564743041992,-16.13642638921736,79.5,46.25,3.272,3.269,0.1859147699520584,True,5,134702
12,5,2016-02-06T18:09:49,5,-0.820047914981842,-16.9564743041992,-16.13642638921736,79.5,46.25,3.27,3.267,0.18591476995208592,True,5,134702
12,5,2016-02-06T18:09:49,6,-0.820047914981842,-16.9564743041992,-16.13642638921736,79.5,46.25,3.281,3.279,0.12394317996806643,True,5,134702
12,5,2016-02-06T18:09:49,7,-0.820047914981842,-16.9564743041992,-16.13642638921736,79.5,46.25,3.28,3.279,0.061971589984019464,True,5,134702
12,5,2016-02-06T18:09:49,8,-0.820047914981842,-16.9564743041992,-16.13642638921736,79.5,46.25,3.272,3.242,1.8591476995207765,True,5,134702
12,5,2016-02-06T22:09:34,1,-0.634875774383545,-10.7664356231689,-10.131559848785354,87.4,36.0,3.283,3.282,0.09870148475901046,True,5,134703
12,5,2016-02-06T22:09:34,2,-0.634875774383545,-10.7664356231689,-10.131559848785354,87.4,36.0,3.279,3.278,0.09870148475901046,True,5,134703
12,5,2016-02-06T22:09:34,3,-0.634875774383545,-10.7664356231689,-10.131559848785354,87.4,36.0,3.294,3.293,0.09870148475901046,True,5,134703
12,5,2016-02-06T22:09:34,4,-0.634875774383545,-10.7664356231689,-10.131559848785354,87.4,36.0,3.282,3.281,0.09870148475901046,True,5,134703
12,5,2016-02-06T22:09:34,5,-0.634875774383545,-10.7664356231689,-10.131559848785354,87.4,36.0,3.28,3.279,0.09870148475901046,True,5,134703
12,5,2016-02-06T22:09:34,6,-0.634875774383545,-10.7664356231689,-10.131559848785354,87.4,36.0,3.293,3.292,0.09870148475905428,True,5,134703
12,5,2016-02-06T22:09:34,7,-0.634875774383545,-10.7664356231689,-10.131559848785354,87.4,36.0,3.29,3.288,0.19740296951806474,True,5,134703
12,5,2016-02-06T22:09:34,8,-0.634875774383545,-10.7664356231689,-10.131559848785354,87.4,36.0,3.275,3.26,1.480522271385332,True,5,134703
12,5,2016-02-07T01:55:19,1,-14.4963312149048,-56.5568504333496,-42.0605192184448,91.8,36.0,3.284,3.271,0.3090784479498058,True,5,134704
12,5,2016-02-07T01:55:19,2,-14.4963312149048,-56.5568504333496,-42.0605192184448,91.8,36.0,3.282,3.267,0.35662897840362784,True,5,134704
12,5,2016-02-07T01:55:19,3,-14.4963312149048,-56.5568504333496,-42.0605192184448,91.8,36.0,3.293,3.28,0.3090784479498164,True,5,134704
12,5,2016-02-07T01:55:19,4,-14.4963312149048,-56.5568504333496,-42.0605192184448,91.8,36.0,3.285,3.272,0.3090784479498164,True,5,134704
12,5,2016-02-07T01:55:19,5,-14.4963312149048,-56.5568504333496,-42.0605192184448,91.8,36.0,3.282,3.269,0.3090784479498058,True,5,134704
12,5,2016-02-07T01:55:19,6,-14.4963312149048,-56.5568504333496,-42.0605192184448,91.8,36.0,3.292,3.279,0.3090784479498058,True,5,134704
12,5,2016-02-07T01:55:19,7,-14.4963312149048,-56.5568504333496,-42.0605192184448,91.8,36.0,3.29,3.278,0.2853031827229002,True,5,134704
12,5,2016-02-07T01:55:19,8,-14.4963312149048,-56.5568504333496,-42.0605192184448,91.8,36.0,3.259,3.181,1.8544706876988455,True,5,134704
12,5,2016-02-07T03:00:20,1,-0.581969499588013,-19.7076015472412,-19.125632047653188,88.5,35.0,3.356,3.333,1.2025746361057859,True,1,134705
12,5,2016-02-07T03:00:20,2,-0.581969499588013,-19.7076015472412,-19.125632047653188,88.5,35.0,3.357,3.335,1.1502887823620844,True,1,134705
12,5,2016-02-07T03:00:20,3,-0.581969499588013,-19.7076015472412,-19.125632047653188,88.5,35.0,3.356,3.334,1.150288782362061,True,1,134705
12,5,2016-02-07T03:00:20,4,-0.581969499588013,-19.7076015472412,-19.125632047653188,88.5,35.0,3.353,3.333,1.0457170748746116,True,1,134705
12,5,2016-02-07T03:00:20,5,-0.581969499588013,-19.7076015472412,-19.125632047653188,88.5,35.0,3.354,3.332,1.1502887823620844,True,1,134705
12,5,2016-02-07T03:00:20,6,-0.581969499588013,-19.7076015472412,-19.125632047653188,88.5,35.0,3.354,3.332,1.1502887823620844,True,1,134705
12,5,2016-02-07T03:00:20,7,-0.581969499588013,-19.7076015472412,-19.125632047653188,88.5,35.0,3.35,3.329,1.0980029286183364,True,1,134705
12,5,2016-02-07T03:00:20,8,-0.581969499588013,-19.7076015472412,-19.125632047653188,88.5,35.0,3.346,3.293,2.771150248417715,True,1,134705
12,5,2016-02-07T08:54:03,1,-0.661328971385956,-40.9494895935059,-40.288160622119946,87.3,30.75,3.261,3.245,0.3971390044353457,True,5,134706
12,5,2016-02-07T08:54:03,2,-0.661328971385956,-40.9494895935059,-40.288160622119946,87.3,30.75,3.258,3.241,0.42196019221255204,True,5,134706
12,5,2016-02-07T08:54:03,3,-0.661328971385956,-40.9494895935059,-40.288160622119946,87.3,30.75,3.272,3.257,0.3723178166581283,True,5,134706
12,5,2016-02-07T08:54:03,4,-0.661328971385956,-40.9494895935059,-40.288160622119946,87.3,30.75,3.262,3.249,0.32267544110371565,True,5,134706
12,5,2016-02-07T08:54:03,5,-0.661328971385956,-40.9494895935059,-40.288160622119946,87.3,30.75,3.26,3.247,0.32267544110371565,True,5,134706
12,5,2016-02-07T08:54:03,6,-0.661328971385956,-40.9494895935059,-40.288160622119946,87.3,30.75,3.271,3.258,0.32267544110371565,True,5,134706
12,5,2016-02-07T08:54:03,7,-0.661328971385956,-40.9494895935059,-40.288160622119946,87.3,30.75,3.267,3.254,0.32267544110371565,True,5,134706
12,5,2016-02-07T08:54:03,8,-0.661328971385956,-40.9494895935059,-40.288160622119946,87.3,30.75,3.256,3.169,2.1594433366171844,True,5,134706
12,5,2016-02-07T09:12:01,1,-5.44935035705566,-48.5150909423828,-43.06574058532714,86.0,33.0,3.267,3.251,0.37152501692845263,True,5,134707
12,5,2016-02-07T09:12:01,2,-5.44935035705566,-48.5150909423828,-43.06574058532714,86.0,33.0,3.264,3.246,0.417965644044504,True,5,134707
12,5,2016-02-07T09:12:01,3,-5.44935035705566,-48.5150909423828,-43.06574058532714,86.0,33.0,3.277,3.262,0.34830470337042685,True,5,134707
12,5,2016-02-07T09:12:01,4,-5.44935035705566,-48.5150909423828,-43.06574058532714,86.0,33.0,3.268,3.252,0.37152501692845263,True,5,134707
12,5,2016-02-07T09:12:01,5,-5.44935035705566,-48.5150909423828,-43.06574058532714,86.0,33.0,3.265,3.25,0.34830470337042685,True,5,134707
12,5,2016-02-07T09:12:01,6,-5.44935035705566,-48.5150909423828,-43.06574058532714,86.0,33.0,3.276,3.261,0.3483047033704166,True,5,134707
12,5,2016-02-07T09:12:01,7,-5.44935035705566,-48.5150909423828,-43.06574058532714,86.0,33.0,3.273,3.258,0.34830470337042685,True,5,134707
12,5,2016-02-07T09:12:01,8,-5.44935035705566,-48.5150909423828,-43.06574058532714,86.0,33.0,3.255,3.17,1.9737266524324018,True,5,134707
12,5,2016-02-07T12:27:42,1,-0.608422636985779,-38.9919548034668,-38.38353216648102,88.6,36.5,3.287,3.272,0.3907925913368414,True,5,134708
12,5,2016-02-07T12:27:42,2,-0.608422636985779,-38.9919548034668,-38.38353216648102,88.6,36.5,3.283,3.266,0.4428982701817475,True,5,134708
12,5,2016-02-07T12:27:42,3,-0.608422636985779,-38.9919548034668,-38.38353216648102,88.6,36.5,3.295,3.28,0.3907925913368414,True,5,134708
12,5,2016-02-07T12:27:42,4,-0.608422636985779,-38.9919548034668,-38.38353216648102,88.6,36.5,3.285,3.271,0.36473975191438845,True,5,134708
12,5,2016-02-07T12:27:42,5,-0.608422636985779,-38.9919548034668,-38.38353216648102,88.6,36.5,3.282,3.268,0.36473975191438845,True,5,134708
12,5,2016-02-07T12:27:42,6,-0.608422636985779,-38.9919548034668,-38.38353216648102,88.6,36.5,3.293,3.278,0.3907925913368414,True,5,134708
12,5,2016-02-07T12:27:42,7,-0.608422636985779,-38.9919548034668,-38.38353216648102,88.6,36.5,3.291,3.277,0.36473975191437685,True,5,134708
12,5,2016-02-07T12:27:42,8,-0.608422636985779,-38.9919548034668,-38.38353216648102,88.6,36.5,3.28,3.196,2.1884385114862845,True,5,134708
12,5,2016-02-07T16:04:34,1,-0.740688443183899,-32.6961059570313,-31.9554175138474,88.2,36.25,3.337,3.324,0.4068167782307019,True,5,134709
12,5,2016-02-07T16:04:34,2,-0.740688443183899,-32.6961059570313,-31.9554175138474,88.2,36.25,3.338,3.323,0.4694039748815705,True,5,134709
12,5,2016-02-07T16:04:34,3,-0.740688443183899,-32.6961059570313,-31.9554175138474,88.2,36.25,3.339,3.325,0.4381103765561223,True,5,134709
12,5,2016-02-07T16:04:34,4,-0.740688443183899,-32.6961059570313,-31.9554175138474,88.2,36.25,3.335,3.322,0.40681677823068796,True,5,134709
12,5,2016-02-07T16:04:34,5,-0.740688443183899,-32.6961059570313,-31.9554175138474,88.2,36.25,3.334,3.322,0.37552317990525363,True,5,134709
12,5,2016-02-07T16:04:34,6,-0.740688443183899,-32.6961059570313,-31.9554175138474,88.2,36.25,3.336,3.323,0.40681677823068796,True,5,134709
12,5,2016-02-07T16:04:34,7,-0.740688443183899,-32.6961059570313,-31.9554175138474,88.2,36.25,3.333,3.323,0.312935983254385,True,5,134709
12,5,2016-02-07T16:04:34,8,-0.740688443183899,-32.6961059570313,-31.9554175138474,88.2,36.25,3.33,3.265,2.034083891153454,True,5,134709
12,5,2016-02-07T21:59:28,1,-0.634875774383545,-19.0727272033691,-18.437851428985557,91.7,33.0,3.294,3.286,0.43389003489980743,True,5,134711
12,5,2016-02-07T21:59:28,2,-0.634875774383545,-19.0727272033691,-18.437851428985557,91.7,33.0,3.289,3.282,0.3796537805373375,True,5,134711
12,5,2016-02-07T21:59:28,3,-0.634875774383545,-19.0727272033691,-18.437851428985557,91.7,33.0,3.304,3.296,0.43389003489980743,True,5,134711
12,5,2016-02-07T21:59:28,4,-0.634875774383545,-19.0727272033691,-18.437851428985557,91.7,33.0,3.293,3.286,0.3796537805373375,True,5,134711
12,5,2016-02-07T21:59:28,5,-0.634875774383545,-19.0727272033691,-18.437851428985557,91.7,33.0,3.29,3.283,0.3796537805373375,True,5,134711
12,5,2016-02-07T21:59:28,6,-0.634875774383545,-19.0727272033691,-18.437851428985557,91.7,33.0,3.302,3.295,0.3796537805373375,True,5,134711
12,5,2016-02-07T21:59:28,7,-0.634875774383545,-19.0727272033691,-18.437851428985557,91.7,33.0,3.299,3.292,0.3796537805373375,True,5,134711
12,5,2016-02-07T21:59:28,8,-0.634875774383545,-19.0727272033691,-18.437851428985557,91.7,33.0,3.285,3.245,2.169450174499037,True,5,134711
12,5,2016-02-08T00:08:02,1,-0.740688443183899,-12.8826875686646,-12.141999125480702,81.9,34.25,3.343,3.338,0.41179380333730203,True,5,134712
12,5,2016-02-08T00:08:02,2,-0.740688443183899,-12.8826875686646,-12.141999125480702,81.9,34.25,3.344,3.339,0.41179380333730203,True,5,134712
12,5,2016-02-08T00:08:02,3,-0.740688443183899,-12.8826875686646,-12.141999125480702,81.9,34.25,3.345,3.339,0.49415256400479174,True,5,134712
12,5,2016-02-08T00:08:02,4,-0.740688443183899,-12.8826875686646,-12.141999125480702,81.9,34.25,3.341,3.336,0.4117938033373386,True,5,134712
12,5,2016-02-08T00:08:02,5,-0.740688443183899,-12.8826875686646,-12.141999125480702,81.9,34.25,3.341,3.336,0.4117938033373386,True,5,134712
12,5,2016-02-08T00:08:02,6,-0.740688443183899,-12.8826875686646,-12.141999125480702,81.9,34.25,3.341,3.336,0.4117938033373386,True,5,134712
12,5,2016-02-08T00:08:02,7,-0.740688443183899,-12.8826875686646,-12.141999125480702,81.9,34.25,3.339,3.334,0.41179380333730203,True,5,134712
12,5,2016-02-08T00:08:02,8,-0.740688443183899,-12.8826875686646,-12.141999125480702,81.9,34.25,3.335,3.309,2.141327777354,True,5,134712
12,5,2016-02-08T03:30:24,1,-2.22206544876099,-37.034423828125,-34.812358379364014,78.9,37.5,3.292,3.279,0.3734306035326239,True,5,134713
12,5,2016-02-08T03:30:24,2,-2.22206544876099,-37.034423828125,-34.812358379364014,78.9,37.5,3.286,3.273,0.3734306035326239,True,5,134713
12,5,2016-02-08T03:30:24,3,-2.22206544876099,-37.034423828125,-34.812358379364014,78.9,37.5,3.299,3.286,0.3734306035326239,True,5,134713
12,5,2016-02-08T03:30:24,4,-2.22206544876099,-37.034423828125,-34.812358379364014,78.9,37.5,3.288,3.276,0.3447051724916558,True,5,134713
12,5,2016-02-08T03:30:24,5,-2.22206544876099,-37.034423828125,-34.812358379364014,78.9,37.5,3.285,3.273,0.3447051724916558,True,5,134713
12,5,2016-02-08T03:30:24,6,-2.22206544876099,-37.034423828125,-34.812358379364014,78.9,37.5,3.297,3.285,0.3447051724916558,True,5,134713
12,5,2016-02-08T03:30:24,7,-2.22206544876099,-37.034423828125,-34.812358379364014,78.9,37.5,3.297,3.284,0.37343060353263663,True,5,134713
12,5,2016-02-08T03:30:24,8,-2.22206544876099,-37.034423828125,-34.812358379364014,78.9,37.5,3.283,3.216,1.9246038797450684,True,5,134713
12,5,2016-02-08T06:19:44,1,-0.740688443183899,-6.26939868927002,-5.5287102460861215,88.3,29.75,3.336,3.334,0.36174802277178797,True,5,134714
12,5,2016-02-08T06:19:44,2,-0.740688443183899,-6.26939868927002,-5.5287102460861215,88.3,29.75,3.336,3.334,0.36174802277178797,True,5,134714
12,5,2016-02-08T06:19:44,3,-0.740688443183899,-6.26939868927002,-5.5287102460861215,88.3,29.75,3.337,3.335,0.3617480227718683,True,5,134714
12,5,2016-02-08T06:19:44,4,-0.740688443183899,-6.26939868927002,-5.5287102460861215,88.3,29.75,3.334,3.332,0.3617480227718683,True,5,134714
12,5,2016-02-08T06:19:44,5,-0.740688443183899,-6.26939868927002,-5.5287102460861215,88.3,29.75,3.334,3.331,0.5426220341577623,True,5,134714
12,5,2016-02-08T06:19:44,6,-0.740688443183899,-6.26939868927002,-5.5287102460861215,88.3,29.75,3.334,3.332,0.3617480227718683,True,5,134714
12,5,2016-02-08T06:19:44,7,-0.740688443183899,-6.26939868927002,-5.5287102460861215,88.3,29.75,3.331,3.329,0.36174802277178797,True,5,134714
12,5,2016-02-08T06:19:44,8,-0.740688443183899,-6.26939868927002,-5.5287102460861215,88.3,29.75,3.331,3.318,2.3513621480168627,True,5,134714
12,5,2016-02-08T09:13:02,1,-0.820047914981842,-28.6223163604736,-27.80226844549176,87.4,32.0,3.275,3.27,0.17984144026962168,True,5,134715
12,5,2016-02-08T09:13:02,2,-0.820047914981842,-28.6223163604736,-27.80226844549176,87.4,32.0,3.272,3.264,0.28774630443140103,True,5,134715
12,5,2016-02-08T09:13:02,3,-0.820047914981842,-28.6223163604736,-27.80226844549176,87.4,32.0,3.283,3.277,0.2158097283235428,True,5,134715
12,5,2016-02-08T09:13:02,4,-0.820047914981842,-28.6223163604736,-27.80226844549176,87.4,32.0,3.274,3.268,0.2158097283235588,True,5,134715
12,5,2016-02-08T09:13:02,5,-0.820047914981842,-28.6223163604736,-27.80226844549176,87.4,32.0,3.272,3.266,0.2158097283235428,True,5,134715
12,5,2016-02-08T09:13:02,6,-0.820047914981842,-28.6223163604736,-27.80226844549176,87.4,32.0,3.281,3.276,0.17984144026963764,True,5,134715
12,5,2016-02-08T09:13:02,7,-0.820047914981842,-28.6223163604736,-27.80226844549176,87.4,32.0,3.279,3.275,0.14387315221570052,True,5,134715
12,5,2016-02-08T09:13:02,8,-0.820047914981842,-28.6223163604736,-27.80226844549176,87.4,32.0,3.273,3.218,1.9782558429658863,True,5,134715
12,5,2016-02-08T13:37:52,1,-13.8085489273071,-51.6101112365723,-37.8015623092652,93.1,34.25,3.277,3.265,0.317447197071503,True,5,134716
12,5,2016-02-08T13:37:52,2,-13.8085489273071,-51.6101112365723,-37.8015623092652,93.1,34.25,3.274,3.261,0.343901130160792,True,5,134716
12,5,2016-02-08T13:37:52,3,-13.8085489273071,-51.6101112365723,-37.8015623092652,93.1,34.25,3.285,3.274,0.29099326398221403,True,5,134716
12,5,2016-02-08T13:37:52,4,-13.8085489273071,-51.6101112365723,-37.8015623092652,93.1,34.25,3.277,3.266,0.29099326398221403,True,5,134716
12,5,2016-02-08T13:37:52,5,-13.8085489273071,-51.6101112365723,-37.8015623092652,93.1,34.25,3.276,3.264,0.317447197071503,True,5,134716
12,5,2016-02-08T13:37:52,6,-13.8085489273071,-51.6101112365723,-37.8015623092652,93.1,34.25,3.284,3.273,0.29099326398220227,True,5,134716
12,5,2016-02-08T13:37:52,7,-13.8085489273071,-51.6101112365723,-37.8015623092652,93.1,34.25,3.283,3.273,0.2645393308929133,True,5,134716
12,5,2016-02-08T13:37:52,8,-13.8085489273071,-51.6101112365723,-37.8015623092652,93.1,34.25,3.251,3.17,2.1427685802326426,True,5,134716
12,5,2016-02-08T15:04:39,1,-0.740688443183899,-33.9129486083984,-33.1722601652145,73.5,37.75,3.322,3.309,0.3918937068277343,True,5,134717
12,5,2016-02-08T15:04:39,2,-0.740688443183899,-33.9129486083984,-33.1722601652145,73.5,37.75,3.319,3.304,0.4521850463397006,True,5,134717
12,5,2016-02-08T15:04:39,3,-0.740688443183899,-33.9129486083984,-33.1722601652145,73.5,37.75,3.324,3.311,0.3918937068277343,True,5,134717
12,5,2016-02-08T15:04:39,4,-0.740688443183899,-33.9129486083984,-33.1722601652145,73.5,37.75,3.318,3.305,0.3918937068277343,True,5,134717
12,5,2016-02-08T15:04:39,5,-0.740688443183899,-33.9129486083984,-33.1722601652145,73.5,37.75,3.315,3.303,0.3617480370717578,True,5,134717
12,5,2016-02-08T15:04:39,6,-0.740688443183899,-33.9129486083984,-33.1722601652145,73.5,37.75,3.326,3.312,0.42203937658372415,True,5,134717
12,5,2016-02-08T15:04:39,7,-0.740688443183899,-33.9129486083984,-33.1722601652145,73.5,37.75,3.324,3.312,0.3617480370717578,True,5,134717
12,5,2016-02-08T15:04:39,8,-0.740688443183899,-33.9129486083984,-33.1722601652145,73.5,37.75,3.311,3.242,2.080051213162604,True,5,134717
12,5,2016-02-08T18:27:52,1,-1.32265794277191,-28.3842391967773,-27.06158125400539,88.6,43.25,3.279,3.275,0.1478110226618026,True,5,134718
12,5,2016-02-08T18:27:52,2,-1.32265794277191,-28.3842391967773,-27.06158125400539,88.6,43.25,3.275,3.27,0.18476377832724916,True,5,134718
12,5,2016-02-08T18:27:52,3,-1.32265794277191,-28.3842391967773,-27.06158125400539,88.6,43.25,3.287,3.285,0.07390551133089311,True,5,134718
12,5,2016-02-08T18:27:52,4,-1.32265794277191,-28.3842391967773,-27.06158125400539,88.6,43.25,3.278,3.273,0.18476377832724916,True,5,134718
12,5,2016-02-08T18:27:52,5,-1.32265794277191,-28.3842391967773,-27.06158125400539,88.6,43.25,3.276,3.272,0.1478110226618026,True,5,134718
12,5,2016-02-08T18:27:52,6,-1.32265794277191,-28.3842391967773,-27.06158125400539,88.6,43.25,3.286,3.283,0.11085826699635606,True,5,134718
12,5,2016-02-08T18:27:52,7,-1.32265794277191,-28.3842391967773,-27.06158125400539,88.6,43.25,3.284,3.284,-0.0,False,5,134718
12,5,2016-02-08T18:27:52,8,-1.32265794277191,-28.3842391967773,-27.06158125400539,88.6,43.25,3.281,3.226,2.0324015615997904,True,5,134718
12,5,2016-02-08T22:07:47,1,-1.61364257335663,-41.9018058776855,-40.28816330432887,93.7,34.25,3.288,3.277,0.2730330473719499,True,5,134719
12,5,2016-02-08T22:07:47,2,-1.61364257335663,-41.9018058776855,-40.28816330432887,93.7,34.25,3.289,3.277,0.29785423349668166,True,5,134719
12,5,2016-02-08T22:07:47,3,-1.61364257335663,-41.9018058776855,-40.28816330432887,93.7,34.25,3.294,3.284,0.24821186124724015,True,5,134719
12,5,2016-02-08T22:07:47,4,-1.61364257335663,-41.9018058776855,-40.28816330432887,93.7,34.25,3.289,3.28,0.22339067512251948,True,5,134719
12,5,2016-02-08T22:07:47,5,-1.61364257335663,-41.9018058776855,-40.28816330432887,93.7,34.25,3.29,3.28,0.24821186124724015,True,5,134719
12,5,2016-02-08T22:07:47,6,-1.61364257335663,-41.9018058776855,-40.28816330432887,93.7,34.25,3.292,3.283,0.22339067512250846,True,5,134719
12,5,2016-02-08T22:07:47,7,-1.61364257335663,-41.9018058776855,-40.28816330432887,93.7,34.25,3.29,3.282,0.19856948899778773,True,5,134719
12,5,2016-02-08T22:07:47,8,-1.61364257335663,-41.9018058776855,-40.28816330432887,93.7,34.25,3.291,3.203,2.1842643789756653,True,5,134719
12,5,2016-02-09T01:31:20,1,-0.608422636985779,-28.8603973388672,-28.251974701881423,93.6,38.5,3.304,3.295,0.31856180302329623,True,5,134720
12,5,2016-02-09T01:31:20,2,-0.608422636985779,-28.8603973388672,-28.251974701881423,93.6,38.5,3.302,3.293,0.31856180302329623,True,5,134720
12,5,2016-02-09T01:31:20,3,-0.608422636985779,-28.8603973388672,-28.251974701881423,93.6,38.5,3.312,3.302,0.35395755891477004,True,5,134720
12,5,2016-02-09T01:31:20,4,-0.608422636985779,-28.8603973388672,-28.251974701881423,93.6,38.5,3.304,3.296,0.2831660471318223,True,5,134720
12,5,2016-02-09T01:31:20,5,-0.608422636985779,-28.8603973388672,-28.251974701881423,93.6,38.5,3.302,3.293,0.31856180302329623,True,5,134720
12,5,2016-02-09T01:31:20,6,-0.608422636985779,-28.8603973388672,-28.251974701881423,93.6,38.5,3.31,3.302,0.2831660471318223,True,5,134720
12,5,2016-02-09T01:31:20,7,-0.608422636985779,-28.8603973388672,-28.251974701881423,93.6,38.5,3.308,3.299,0.31856180302329623,True,5,134720
12,5,2016-02-09T01:31:20,8,-0.608422636985779,-28.8603973388672,-28.251974701881423,93.6,38.5,3.299,3.241,2.052953841705704,True,5,134720
12,5,2016-02-09T03:28:22,1,-0.76714164018631,-15.6867227554321,-14.91958111524579,86.8,34.0,3.332,3.325,0.4691820732719246,True,5,134721
12,5,2016-02-09T03:28:22,2,-0.76714164018631,-15.6867227554321,-14.91958111524579,86.8,34.0,3.332,3.326,0.4021560628045111,True,5,134721
12,5,2016-02-09T03:28:22,3,-0.76714164018631,-15.6867227554321,-14.91958111524579,86.8,34.0,3.334,3.328,0.40215606280454086,True,5,134721
12,5,2016-02-09T03:28:22,4,-0.76714164018631,-15.6867227554321,-14.91958111524579,86.8,34.0,3.33,3.325,0.3351300523370975,True,5,134721
12,5,2016-02-09T03:28:22,5,-0.76714164018631,-15.6867227554321,-14.91958111524579,86.8,34.0,3.33,3.324,0.40215606280454086,True,5,134721
12,5,2016-02-09T03:28:22,6,-0.76714164018631,-15.6867227554321,-14.91958111524579,86.8,34.0,3.331,3.325,0.4021560628045111,True,5,134721
12,5,2016-02-09T03:28:22,7,-0.76714164018631,-15.6867227554321,-14.91958111524579,86.8,34.0,3.329,3.325,0.26810404186968395,True,5,134721
12,5,2016-02-09T03:28:22,8,-0.76714164018631,-15.6867227554321,-14.91958111524579,86.8,34.0,3.324,3.288,2.4129363768271554,True,5,134721
12,5,2016-02-09T09:06:06,1,-0.581969499588013,-7.30107164382935,-6.7191021442413374,93.7,23.0,3.323,3.32,0.4464882264918816,True,6,134723
12,5,2016-02-09T09:06:06,2,-0.581969499588013,-7.30107164382935,-6.7191021442413374,93.7,23.0,3.325,3.321,0.5953176353224868,True,6,134723
12,5,2016-02-09T09:06:06,3,-0.581969499588013,-7.30107164382935,-6.7191021442413374,93.7,23.0,3.327,3.325,0.29765881766121033,True,6,134723
12,5,2016-02-09T09:06:06,4,-0.581969499588013,-7.30107164382935,-6.7191021442413374,93.7,23.0,3.323,3.321,0.29765881766121033,True,6,134723
12,5,2016-02-09T09:06:06,5,-0.581969499588013,-7.30107164382935,-6.7191021442413374,93.7,23.0,3.323,3.32,0.4464882264918816,True,6,134723
12,5,2016-02-09T09:06:06,6,-0.581969499588013,-7.30107164382935,-6.7191021442413374,93.7,23.0,3.326,3.323,0.4464882264918816,True,6,134723
12,5,2016-02-09T09:06:06,7,-0.581969499588013,-7.30107164382935,-6.7191021442413374,93.7,23.0,3.322,3.32,0.29765881766127644,True,6,134723
12,5,2016-02-09T09:06:06,8,-0.581969499588013,-7.30107164382935,-6.7191021442413374,93.7,23.0,3.319,3.302,2.5300999501205523,True,6,134723
12,5,2016-02-09T12:21:36,1,-32.1670379638672,-50.181640625,-18.0146026611328,93.8,30.25,3.371,3.356,0.8326578322131526,True,5,134724
12,5,2016-02-09T12:21:36,2,-32.1670379638672,-50.181640625,-18.0146026611328,93.8,30.25,3.378,3.364,0.7771473100656155,True,5,134724
12,5,2016-02-09T12:21:36,3,-32.1670379638672,-50.181640625,-18.0146026611328,93.8,30.25,3.368,3.354,0.7771473100655909,True,5,134724
12,5,2016-02-09T12:21:36,4,-32.1670379638672,-50.181640625,-18.0146026611328,93.8,30.25,3.375,3.361,0.7771473100655909,True,5,134724
12,5,2016-02-09T12:21:36,5,-32.1670379638672,-50.181640625,-18.0146026611328,93.8,30.25,3.377,3.363,0.7771473100655909,True,5,134724
12,5,2016-02-09T12:21:36,6,-32.1670379638672,-50.181640625,-18.0146026611328,93.8,30.25,3.366,3.353,0.7216367879180541,True,5,134724
12,5,2016-02-09T12:21:36,7,-32.1670379638672,-50.181640625,-18.0146026611328,93.8,30.25,3.362,3.349,0.7216367879180541,True,5,134724
12,5,2016-02-09T12:21:36,8,-32.1670379638672,-50.181640625,-18.0146026611328,93.8,30.25,3.295,3.247,2.6645050630820686,True,5,134724
12,5,2016-02-09T16:19:39,1,-0.608422636985779,-26.7441425323486,-26.135719895362822,84.8,41.5,3.275,3.268,0.2678326836997555,True,5,134725
12,5,2016-02-09T16:19:39,2,-0.608422636985779,-26.7441425323486,-26.135719895362822,84.8,41.5,3.272,3.263,0.34435630761396163,True,5,134725
12,5,2016-02-09T16:19:39,3,-0.608422636985779,-26.7441425323486,-26.135719895362822,84.8,41.5,3.286,3.278,0.3060944956568586,True,5,134725
12,5,2016-02-09T16:19:39,4,-0.608422636985779,-26.7441425323486,-26.135719895362822,84.8,41.5,3.274,3.267,0.2678326836997555,True,5,134725
12,5,2016-02-09T16:19:39,5,-0.608422636985779,-26.7441425323486,-26.135719895362822,84.8,41.5,3.272,3.264,0.3060944956568586,True,5,134725
12,5,2016-02-09T16:19:39,6,-0.608422636985779,-26.7441425323486,-26.135719895362822,84.8,41.5,3.284,3.277,0.2678326836997385,True,5,134725
12,5,2016-02-09T16:19:39,7,-0.608422636985779,-26.7441425323486,-26.135719895362822,84.8,41.5,3.283,3.277,0.2295708717426354,True,5,134725
12,5,2016-02-09T16:19:39,8,-0.608422636985779,-26.7441425323486,-26.135719895362822,84.8,41.5,3.268,3.209,2.257446905469319,True,5,134725
12,5,2016-02-09T21:49:49,1,-37.1137809753418,-45.5258865356445,-8.412105560302706,92.2,32.25,3.258,3.255,0.3566289056282551,True,6,134727
12,5,2016-02-09T21:49:49,2,-37.1137809753418,-45.5258865356445,-8.412105560302706,92.2,32.25,3.256,3.252,0.4755052075043225,True,6,134727
12,5,2016-02-09T21:49:49,3,-37.1137809753418,-45.5258865356445,-8.412105560302706,92.2,32.25,3.27,3.269,0.11887630187606743,True,6,134727
12,5,2016-02-09T21:49:49,4,-37.1137809753418,-45.5258865356445,-8.412105560302706,92.2,32.25,3.262,3.26,0.23775260375218765,True,6,134727
12,5,2016-02-09T21:49:49,5,-37.1137809753418,-45.5258865356445,-8.412105560302706,92.2,32.25,3.26,3.257,0.3566289056282023,True,6,134727
12,5,2016-02-09T21:49:49,6,-37.1137809753418,-45.5258865356445,-8.412105560302706,92.2,32.25,3.272,3.269,0.3566289056282023,True,6,134727
12,5,2016-02-09T21:49:49,7,-37.1137809753418,-45.5258865356445,-8.412105560302706,92.2,32.25,3.268,3.266,0.23775260375213486,True,6,134727
12,5,2016-02-09T21:49:49,8,-37.1137809753418,-45.5258865356445,-8.412105560302706,92.2,32.25,3.184,3.164,2.3775260375216125,True,6,134727
12,5,2016-02-10T00:01:46,1,-0.687782108783722,-42.1134262084961,-41.42564409971238,76.5,40.0,3.258,3.245,0.3138152775297502,True,5,134728
12,5,2016-02-10T00:01:46,2,-0.687782108783722,-42.1134262084961,-41.42564409971238,76.5,40.0,3.257,3.243,0.3379549142628162,True,5,134728
12,5,2016-02-10T00:01:46,3,-0.687782108783722,-42.1134262084961,-41.42564409971238,76.5,40.0,3.268,3.256,0.289675640796695,True,5,134728
12,5,2016-02-10T00:01:46,4,-0.687782108783722,-42.1134262084961,-41.42564409971238,76.5,40.0,3.259,3.248,0.26553600406362904,True,5,134728
12,5,2016-02-10T00:01:46,5,-0.687782108783722,-42.1134262084961,-41.42564409971238,76.5,40.0,3.258,3.245,0.3138152775297502,True,5,134728
12,5,2016-02-10T00:01:46,6,-0.687782108783722,-42.1134262084961,-41.42564409971238,76.5,40.0,3.267,3.256,0.26553600406363975,True,5,134728
12,5,2016-02-10T00:01:46,7,-0.687782108783722,-42.1134262084961,-41.42564409971238,76.5,40.0,3.267,3.255,0.289675640796695,True,5,134728
12,5,2016-02-10T00:01:46,8,-0.687782108783722,-42.1134262084961,-41.42564409971238,76.5,40.0,3.258,3.165,2.2449862161743837,True,5,134728
12,5,2016-02-10T03:48:27,1,-1.24329841136932,-9.73476219177246,-8.491463780403139,62.2,34.0,3.288,3.285,0.3532959778881895,True,5,134729
12,5,2016-02-10T03:48:27,2,-1.24329841136932,-9.73476219177246,-8.491463780403139,62.2,34.0,3.289,3.285,0.47106130385097167,True,5,134729
12,5,2016-02-10T03:48:27,3,-1.24329841136932,-9.73476219177246,-8.491463780403139,62.2,34.0,3.291,3.288,0.35329597788824185,True,5,134729
12,5,2016-02-10T03:48:27,4,-1.24329841136932,-9.73476219177246,-8.491463780403139,62.2,34.0,3.287,3.284,0.35329597788824185,True,5,134729
12,5,2016-02-10T03:48:27,5,-1.24329841136932,-9.73476219177246,-8.491463780403139,62.2,34.0,3.286,3.283,0.35329597788824185,True,5,134729
12,5,2016-02-10T03:48:27,6,-1.24329841136932,-9.73476219177246,-8.491463780403139,62.2,34.0,3.29,3.286,0.47106130385097167,True,5,134729
12,5,2016-02-10T03:48:27,7,-1.24329841136932,-9.73476219177246,-8.491463780403139,62.2,34.0,3.289,3.286,0.35329597788824185,True,5,134729
12,5,2016-02-10T03:48:27,8,-1.24329841136932,-9.73476219177246,-8.491463780403139,62.2,34.0,3.281,3.256,2.9441331490686125,True,5,134729
12,5,2016-02-10T09:14:19,1,-2.56595635414124,-15.6602697372437,-13.09431338310246,90.7,30.5,3.273,3.27,0.22910708734613455,True,5,134731
12,5,2016-02-10T09:14:19,2,-2.56595635414124,-15.6602697372437,-13.09431338310246,90.7,30.5,3.271,3.267,0.3054761164615014,True,5,134731
12,5,2016-02-10T09:14:19,3,-2.56595635414124,-15.6602697372437,-13.09431338310246,90.7,30.5,3.282,3.28,0.15273805823076766,True,5,134731
12,5,2016-02-10T09:14:19,4,-2.56595635414124,-15.6602697372437,-13.09431338310246,90.7,30.5,3.273,3.272,0.07636902911540079,True,5,134731
12,5,2016-02-10T09:14:19,5,-2.56595635414124,-15.6602697372437,-13.09431338310246,90.7,30.5,3.271,3.269,0.15273805823073375,True,5,134731
12,5,2016-02-10T09:14:19,6,-2.56595635414124,-15.6602697372437,-13.09431338310246,90.7,30.5,3.281,3.281,-0.0,False,5,134731
12,5,2016-02-10T09:14:19,7,-2.56595635414124,-15.6602697372437,-13.09431338310246,90.7,30.5,3.277,3.277,-0.0,False,5,134731
12,5,2016-02-10T09:14:19,8,-2.56595635414124,-15.6602697372437,-13.09431338310246,90.7,30.5,3.271,3.231,3.0547611646150146,True,5,134731
12,5,2016-02-10T13:15:09,1,-0.740688443183899,-25.1040477752686,-24.363359332084702,92.6,31.25,3.318,3.308,0.41045242832465173,True,5,134732
12,5,2016-02-10T13:15:09,2,-0.740688443183899,-25.1040477752686,-24.363359332084702,92.6,31.25,3.317,3.306,0.4514976711571114,True,5,134732
12,5,2016-02-10T13:15:09,3,-0.740688443183899,-25.1040477752686,-24.363359332084702,92.6,31.25,3.323,3.313,0.4104524283246335,True,5,134732
12,5,2016-02-10T13:15:09,4,-0.740688443183899,-25.1040477752686,-24.363359332084702,92.6,31.25,3.316,3.307,0.3694071854921738,True,5,134732
12,5,2016-02-10T13:15:09,5,-0.740688443183899,-25.1040477752686,-24.363359332084702,92.6,31.25,3.315,3.306,0.3694071854921738,True,5,134732
12,5,2016-02-10T13:15:09,6,-0.740688443183899,-25.1040477752686,-24.363359332084702,92.6,31.25,3.32,3.31,0.4104524283246335,True,5,134732
12,5,2016-02-10T13:15:09,7,-0.740688443183899,-25.1040477752686,-24.363359332084702,92.6,31.25,3.319,3.309,0.4104524283246335,True,5,134732
12,5,2016-02-10T13:15:09,8,-0.740688443183899,-25.1040477752686,-24.363359332084702,92.6,31.25,3.313,3.245,2.7910765126075696,True,5,134732
12,5,2016-02-10T16:05:55,1,-0.687782108783722,-26.1621742248535,-25.47439211606978,87.5,41.5,3.297,3.291,0.23553064476130528,True,5,134733
12,5,2016-02-10T16:05:55,2,-0.687782108783722,-26.1621742248535,-25.47439211606978,87.5,41.5,3.295,3.289,0.23553064476128785,True,5,134733
12,5,2016-02-10T16:05:55,3,-0.687782108783722,-26.1621742248535,-25.47439211606978,87.5,41.5,3.303,3.297,0.23553064476128785,True,5,134733
12,5,2016-02-10T16:05:55,4,-0.687782108783722,-26.1621742248535,-25.47439211606978,87.5,41.5,3.296,3.291,0.1962755373010761,True,5,134733
12,5,2016-02-10T16:05:55,5,-0.687782108783722,-26.1621742248535,-25.47439211606978,87.5,41.5,3.296,3.29,0.23553064476128785,True,5,134733
12,5,2016-02-10T16:05:55,6,-0.687782108783722,-26.1621742248535,-25.47439211606978,87.5,41.5,3.301,3.296,0.19627553730109354,True,5,134733
12,5,2016-02-10T16:05:55,7,-0.687782108783722,-26.1621742248535,-25.47439211606978,87.5,41.5,3.301,3.296,0.19627553730109354,True,5,134733
12,5,2016-02-10T16:05:55,8,-0.687782108783722,-26.1621742248535,-25.47439211606978,87.5,41.5,3.293,3.252,1.609459405868873,True,5,134733
12,5,2016-02-10T18:00:19,1,-0.555516362190247,-19.0462741851807,-18.490757822990453,90.8,40.75,3.316,3.305,0.5948917889305134,True,4,134734
12,5,2016-02-10T18:00:19,2,-0.555516362190247,-19.0462741851807,-18.490757822990453,90.8,40.75,3.316,3.305,0.5948917889305134,True,4,134734
12,5,2016-02-10T18:00:19,3,-0.555516362190247,-19.0462741851807,-18.490757822990453,90.8,40.75,3.321,3.311,0.5408107172095861,True,4,134734
12,5,2016-02-10T18:00:19,4,-0.555516362190247,-19.0462741851807,-18.490757822990453,90.8,40.75,3.315,3.306,0.48672964548861064,True,4,134734
12,5,2016-02-10T18:00:19,5,-0.555516362190247,-19.0462741851807,-18.490757822990453,90.8,40.75,3.314,3.304,0.5408107172095861,True,4,134734
12,5,2016-02-10T18:00:19,6,-0.555516362190247,-19.0462741851807,-18.490757822990453,90.8,40.75,3.318,3.31,0.43264857376765925,True,4,134734
12,5,2016-02-10T18:00:19,7,-0.555516362190247,-19.0462741851807,-18.490757822990453,90.8,40.75,3.317,3.309,0.43264857376765925,True,4,134734
12,5,2016-02-10T18:00:19,8,-0.555516362190247,-19.0462741851807,-18.490757822990453,90.8,40.75,3.308,3.26,2.5958914426059554,True,4,134734
12,5,2016-02-10T21:57:46,1,-4.12669277191162,-42.8012084960938,-38.67451572418218,89.0,37.25,3.27,3.257,0.3361386628009238,True,5,134735
12,5,2016-02-10T21:57:46,2,-4.12669277191162,-42.8012084960938,-38.67451572418218,89.0,37.25,3.267,3.253,0.3619954830163769,True,5,134735
12,5,2016-02-10T21:57:46,3,-4.12669277191162,-42.8012084960938,-38.67451572418218,89.0,37.25,3.282,3.269,0.3361386628009238,True,5,134735
12,5,2016-02-10T21:57:46,4,-4.12669277191162,-42.8012084960938,-38.67451572418218,89.0,37.25,3.271,3.259,0.3102818425854708,True,5,134735
12,5,2016-02-10T21:57:46,5,-4.12669277191162,-42.8012084960938,-38.67451572418218,89.0,37.25,3.269,3.257,0.3102818425854708,True,5,134735
12,5,2016-02-10T21:57:46,6,-4.12669277191162,-42.8012084960938,-38.67451572418218,89.0,37.25,3.282,3.27,0.3102818425854708,True,5,134735
12,5,2016-02-10T21:57:46,7,-4.12669277191162,-42.8012084960938,-38.67451572418218,89.0,37.25,3.28,3.267,0.3361386628009238,True,5,134735
12,5,2016-02-10T21:57:46,8,-4.12669277191162,-42.8012084960938,-38.67451572418218,89.0,37.25,3.242,3.161,2.0944024374519254,True,5,134735
12,5,2016-02-11T01:43:48,1,-18.6759300231934,-40.4204292297363,-21.7444992065429,85.9,38.0,3.27,3.265,0.22994321241923096,True,5,134736
12,5,2016-02-11T01:43:48,2,-18.6759300231934,-40.4204292297363,-21.7444992065429,85.9,38.0,3.266,3.26,0.2759318549030935,True,5,134736
12,5,2016-02-11T01:43:48,3,-18.6759300231934,-40.4204292297363,-21.7444992065429,85.9,38.0,3.278,3.274,0.18395456993538886,True,5,134736
12,5,2016-02-11T01:43:48,4,-18.6759300231934,-40.4204292297363,-21.7444992065429,85.9,38.0,3.269,3.264,0.2299432124192514,True,5,134736
12,5,2016-02-11T01:43:48,5,-18.6759300231934,-40.4204292297363,-21.7444992065429,85.9,38.0,3.267,3.262,0.22994321241923096,True,5,134736
12,5,2016-02-11T01:43:48,6,-18.6759300231934,-40.4204292297363,-21.7444992065429,85.9,38.0,3.277,3.274,0.13796592745154676,True,5,134736
12,5,2016-02-11T01:43:48,7,-18.6759300231934,-40.4204292297363,-21.7444992065429,85.9,38.0,3.276,3.274,0.09197728496768422,True,5,134736
12,5,2016-02-11T01:43:48,8,-18.6759300231934,-40.4204292297363,-21.7444992065429,85.9,38.0,3.219,3.155,2.943273118966222,True,5,134736
12,5,2016-02-11T03:13:53,1,-5.26417827606201,-48.5150909423828,-43.25091266632079,74.0,41.0,3.279,3.263,0.36993439013505747,True,5,134737
12,5,2016-02-11T03:13:53,2,-5.26417827606201,-48.5150909423828,-43.25091266632079,74.0,41.0,3.276,3.259,0.39305528951849605,True,5,134737
12,5,2016-02-11T03:13:53,3,-5.26417827606201,-48.5150909423828,-43.25091266632079,74.0,41.0,3.286,3.271,0.346813490751619,True,5,134737
12,5,2016-02-11T03:13:53,4,-5.26417827606201,-48.5150909423828,-43.25091266632079,74.0,41.0,3.277,3.262,0.346813490751619,True,5,134737
12,5,2016-02-11T03:13:53,5,-5.26417827606201,-48.5150909423828,-43.25091266632079,74.0,41.0,3.276,3.261,0.34681349075160867,True,5,134737
12,5,2016-02-11T03:13:53,6,-5.26417827606201,-48.5150909423828,-43.25091266632079,74.0,41.0,3.286,3.271,0.346813490751619,True,5,134737
12,5,2016-02-11T03:13:53,7,-5.26417827606201,-48.5150909423828,-43.25091266632079,74.0,41.0,3.285,3.271,0.32369259136818046,True,5,134737
12,5,2016-02-11T03:13:53,8,-5.26417827606201,-48.5150909423828,-43.25091266632079,74.0,41.0,3.251,3.121,3.005716919847337,True,5,134737
12,5,2016-02-11T08:54:43,1,-19.7076015472412,-52.0862693786621,-32.3786678314209,87.7,31.25,3.249,3.234,0.46326797872282527,True,5,134738
12,5,2016-02-11T08:54:43,2,-19.7076015472412,-52.0862693786621,-32.3786678314209,87.7,31.25,3.246,3.23,0.4941525106376767,True,5,134738
12,5,2016-02-11T08:54:43,3,-19.7076015472412,-52.0862693786621,-32.3786678314209,87.7,31.25,3.262,3.248,0.4323834468079602,True,5,134738
12,5,2016-02-11T08:54:43,4,-19.7076015472412,-52.0862693786621,-32.3786678314209,87.7,31.25,3.253,3.24,0.40149891489310885,True,5,134738
12,5,2016-02-11T08:54:43,5,-19.7076015472412,-52.0862693786621,-32.3786678314209,87.7,31.25,3.251,3.238,0.40149891489310885,True,5,134738
12,5,2016-02-11T08:54:43,6,-19.7076015472412,-52.0862693786621,-32.3786678314209,87.7,31.25,3.262,3.249,0.40149891489310885,True,5,134738
12,5,2016-02-11T08:54:43,7,-19.7076015472412,-52.0862693786621,-32.3786678314209,87.7,31.25,3.258,3.245,0.40149891489310885,True,5,134738
12,5,2016-02-11T08:54:43,8,-19.7076015472412,-52.0862693786621,-32.3786678314209,87.7,31.25,3.19,3.101,2.7487233404220732,True,5,134738
12,5,2016-02-11T09:11:36,1,-0.661328971385956,-40.923038482666,-40.261709511280046,84.2,33.0,3.264,3.25,0.3477249269824829,True,5,134739
12,5,2016-02-11T09:11:36,2,-0.661328971385956,-40.923038482666,-40.261709511280046,84.2,33.0,3.261,3.244,0.422237411335876,True,5,134739
12,5,2016-02-11T09:11:36,3,-0.661328971385956,-40.923038482666,-40.261709511280046,84.2,33.0,3.275,3.261,0.3477249269824829,True,5,134739
12,5,2016-02-11T09:11:36,4,-0.661328971385956,-40.923038482666,-40.261709511280046,84.2,33.0,3.265,3.251,0.3477249269824939,True,5,134739
12,5,2016-02-11T09:11:36,5,-0.661328971385956,-40.923038482666,-40.261709511280046,84.2,33.0,3.263,3.249,0.3477249269824829,True,5,134739
12,5,2016-02-11T09:11:36,6,-0.661328971385956,-40.923038482666,-40.261709511280046,84.2,33.0,3.274,3.26,0.3477249269824939,True,5,134739
12,5,2016-02-11T09:11:36,7,-0.661328971385956,-40.923038482666,-40.261709511280046,84.2,33.0,3.271,3.258,0.3228874321980222,True,5,134739
12,5,2016-02-11T09:11:36,8,-0.661328971385956,-40.923038482666,-40.261709511280046,84.2,33.0,3.244,3.144,2.4837494784463456,True,5,134739
12,5,2016-02-11T12:12:37,1,-43.0392875671387,-55.5780830383301,-12.5387954711914,87.6,38.25,3.265,3.26,0.3987623860272802,True,5,134740
12,5,2016-02-11T12:12:37,2,-43.0392875671387,-55.5780830383301,-12.5387954711914,87.6,38.25,3.262,3.256,0.4785148632327221,True,5,134740
12,5,2016-02-11T12:12:37,3,-43.0392875671387,-55.5780830383301,-12.5387954711914,87.6,38.25,3.274,3.27,0.3190099088218029,True,5,134740
12,5,2016-02-11T12:12:37,4,-43.0392875671387,-55.5780830383301,-12.5387954711914,87.6,38.25,3.268,3.262,0.47851486323268666,True,5,134740
12,5,2016-02-11T12:12:37,5,-43.0392875671387,-55.5780830383301,-12.5387954711914,87.6,38.25,3.266,3.26,0.4785148632327221,True,5,134740
12,5,2016-02-11T12:12:37,6,-43.0392875671387,-55.5780830383301,-12.5387954711914,87.6,38.25,3.274,3.269,0.3987623860272448,True,5,134740
12,5,2016-02-11T12:12:37,7,-43.0392875671387,-55.5780830383301,-12.5387954711914,87.6,38.25,3.274,3.27,0.3190099088218029,True,5,134740
12,5,2016-02-11T12:12:37,8,-43.0392875671387,-55.5780830383301,-12.5387954711914,87.6,38.25,3.138,3.098,3.1900990882180293,True,5,134740
12,5,2016-02-11T15:38:38,1,-0.952313721179962,-29.6010837554932,-28.648770034313237,88.1,42.5,3.276,3.27,0.20943307488640722,True,6,134741
12,5,2016-02-11T15:38:38,2,-0.952313721179962,-29.6010837554932,-28.648770034313237,88.1,42.5,3.273,3.265,0.2792440998485533,True,6,134741
12,5,2016-02-11T15:38:38,3,-0.952313721179962,-29.6010837554932,-28.648770034313237,88.1,42.5,3.285,3.28,0.1745275624053574,True,6,134741
12,5,2016-02-11T15:38:38,4,-0.952313721179962,-29.6010837554932,-28.648770034313237,88.1,42.5,3.274,3.269,0.17452756240534192,True,6,134741
12,5,2016-02-11T15:38:38,5,-0.952313721179962,-29.6010837554932,-28.648770034313237,88.1,42.5,3.273,3.267,0.2094330748864227,True,6,134741
12,5,2016-02-11T15:38:38,6,-0.952313721179962,-29.6010837554932,-28.648770034313237,88.1,42.5,3.283,3.28,0.10471653744321135,True,6,134741
12,5,2016-02-11T15:38:38,7,-0.952313721179962,-29.6010837554932,-28.648770034313237,88.1,42.5,3.282,3.28,0.06981102496214608,True,6,134741
12,5,2016-02-11T15:38:38,8,-0.952313721179962,-29.6010837554932,-28.648770034313237,88.1,42.5,3.262,3.181,2.8273465109665983,True,6,134741
12,5,2016-02-11T22:24:34,1,-0.661328971385956,-21.9561214447021,-21.294792473316143,93.6,35.5,3.285,3.281,0.1878393511001472,True,5,134743
12,5,2016-02-11T22:24:34,2,-0.661328971385956,-21.9561214447021,-21.294792473316143,93.6,35.5,3.285,3.28,0.23479918887519968,True,5,134743
12,5,2016-02-11T22:24:34,3,-0.661328971385956,-21.9561214447021,-21.294792473316143,93.6,35.5,3.293,3.289,0.1878393511001472,True,5,134743
12,5,2016-02-11T22:24:34,4,-0.661328971385956,-21.9561214447021,-21.294792473316143,93.6,35.5,3.287,3.283,0.1878393511001472,True,5,134743
12,5,2016-02-11T22:24:34,5,-0.661328971385956,-21.9561214447021,-21.294792473316143,93.6,35.5,3.286,3.282,0.1878393511001472,True,5,134743
12,5,2016-02-11T22:24:34,6,-0.661328971385956,-21.9561214447021,-21.294792473316143,93.6,35.5,3.292,3.288,0.1878393511001472,True,5,134743
12,5,2016-02-11T22:24:34,7,-0.661328971385956,-21.9561214447021,-21.294792473316143,93.6,35.5,3.29,3.287,0.14087951332511564,True,5,134743
12,5,2016-02-11T22:24:34,8,-0.661328971385956,-21.9561214447021,-21.294792473316143,93.6,35.5,3.264,3.206,2.7236705909521244,True,5,134743
12,5,2016-02-12T00:03:23,1,-0.661328971385956,-26.135721206665,-25.474392235279044,84.8,41.0,3.285,3.277,0.31404085821215183,True,5,134744
12,5,2016-02-12T00:03:23,2,-0.661328971385956,-26.135721206665,-25.474392235279044,84.8,41.0,3.282,3.273,0.35329596548866643,True,5,134744
12,5,2016-02-12T00:03:23,3,-0.661328971385956,-26.135721206665,-25.474392235279044,84.8,41.0,3.294,3.285,0.35329596548866643,True,5,134744
12,5,2016-02-12T00:03:23,4,-0.661328971385956,-26.135721206665,-25.474392235279044,84.8,41.0,3.284,3.277,0.2747857509356198,True,5,134744
12,5,2016-02-12T00:03:23,5,-0.661328971385956,-26.135721206665,-25.474392235279044,84.8,41.0,3.282,3.275,0.2747857509356372,True,5,134744
12,5,2016-02-12T00:03:23,6,-0.661328971385956,-26.135721206665,-25.474392235279044,84.8,41.0,3.292,3.284,0.31404085821215183,True,5,134744
12,5,2016-02-12T00:03:23,7,-0.661328971385956,-26.135721206665,-25.474392235279044,84.8,41.0,3.292,3.285,0.2747857509356198,True,5,134744
12,5,2016-02-12T00:03:23,8,-0.661328971385956,-26.135721206665,-25.474392235279044,84.8,41.0,3.252,3.174,3.0618983675684714,True,5,134744
12,5,2016-02-12T03:10:15,1,-14.0730800628662,-50.8165168762207,-36.743436813354506,63.3,42.0,3.235,3.225,0.27215744816677734,True,5,134745
12,5,2016-02-12T03:10:15,2,-14.0730800628662,-50.8165168762207,-36.743436813354506,63.3,42.0,3.228,3.215,0.3538046826168274,True,5,134745
12,5,2016-02-12T03:10:15,3,-14.0730800628662,-50.8165168762207,-36.743436813354506,63.3,42.0,3.244,3.234,0.2721574481667894,True,5,134745
12,5,2016-02-12T03:10:15,4,-14.0730800628662,-50.8165168762207,-36.743436813354506,63.3,42.0,3.234,3.224,0.27215744816677734,True,5,134745
12,5,2016-02-12T03:10:15,5,-14.0730800628662,-50.8165168762207,-36.743436813354506,63.3,42.0,3.229,3.219,0.2721574481667894,True,5,134745
12,5,2016-02-12T03:10:15,6,-14.0730800628662,-50.8165168762207,-36.743436813354506,63.3,42.0,3.244,3.235,0.2449417033501141,True,5,134745
12,5,2016-02-12T03:10:15,7,-14.0730800628662,-50.8165168762207,-36.743436813354506,63.3,42.0,3.243,3.236,0.1905102137167393,True,5,134745
12,5,2016-02-12T03:10:15,8,-14.0730800628662,-50.8165168762207,-36.743436813354506,63.3,42.0,3.18,3.074,2.8848689505679097,True,5,134745
12,5,2016-02-12T09:00:04,1,-0.581969499588013,-34.521369934082,-33.93940043449399,93.3,35.25,3.308,3.278,0.883928402268108,True,4,134747
12,5,2016-02-12T09:00:04,2,-0.581969499588013,-34.521369934082,-33.93940043449399,93.3,35.25,3.306,3.274,0.9428569624193223,True,4,134747
12,5,2016-02-12T09:00:04,3,-0.581969499588013,-34.521369934082,-33.93940043449399,93.3,35.25,3.315,3.286,0.8544641221925076,True,4,134747
12,5,2016-02-12T09:00:04,4,-0.581969499588013,-34.521369934082,-33.93940043449399,93.3,35.25,3.307,3.279,0.8249998421169069,True,4,134747
12,5,2016-02-12T09:00:04,5,-0.581969499588013,-34.521369934082,-33.93940043449399,93.3,35.25,3.307,3.278,0.8544641221925076,True,4,134747
12,5,2016-02-12T09:00:04,6,-0.581969499588013,-34.521369934082,-33.93940043449399,93.3,35.25,3.312,3.286,0.7660712819656927,True,4,134747
12,5,2016-02-12T09:00:04,7,-0.581969499588013,-34.521369934082,-33.93940043449399,93.3,35.25,3.311,3.284,0.7955355620413064,True,4,134747
12,5,2016-02-12T09:00:04,8,-0.581969499588013,-34.521369934082,-33.93940043449399,93.3,35.25,3.279,3.173,3.1232136880139985,True,4,134747
12,5,2016-02-12T13:16:00,1,-0.714235246181488,-58.8053741455078,-58.09113889932631,89.2,35.75,3.339,3.315,0.41314390550326,True,5,134748
12,5,2016-02-12T13:16:00,2,-0.714235246181488,-58.8053741455078,-58.09113889932631,89.2,35.75,3.34,3.314,0.44757256429519454,True,5,134748
12,5,2016-02-12T13:16:00,3,-0.714235246181488,-58.8053741455078,-58.09113889932631,89.2,35.75,3.341,3.316,0.4303582348992349,True,5,134748
12,5,2016-02-12T13:16:00,4,-0.714235246181488,-58.8053741455078,-58.09113889932631,89.2,35.75,3.337,3.314,0.3959295761072928,True,5,134748
12,5,2016-02-12T13:16:00,5,-0.714235246181488,-58.8053741455078,-58.09113889932631,89.2,35.75,3.337,3.314,0.3959295761072928,True,5,134748
12,5,2016-02-12T13:16:00,6,-0.714235246181488,-58.8053741455078,-58.09113889932631,89.2,35.75,3.338,3.315,0.3959295761072928,True,5,134748
12,5,2016-02-12T13:16:00,7,-0.714235246181488,-58.8053741455078,-58.09113889932631,89.2,35.75,3.335,3.314,0.36150091731535056,True,5,134748
12,5,2016-02-12T13:16:00,8,-0.714235246181488,-58.8053741455078,-58.09113889932631,89.2,35.75,3.302,3.131,2.9436503267107295,True,5,134748
12,5,2016-02-12T16:57:31,1,-1.58718955516815,-124.139869689941,-122.55268013477284,92.3,40.5,3.289,3.254,0.2855914694114414,True,5,134749
12,5,2016-02-12T16:57:31,2,-1.58718955516815,-124.139869689941,-122.55268013477284,92.3,40.5,3.29,3.252,0.31007073821813724,True,5,134749
12,5,2016-02-12T16:57:31,3,-1.58718955516815,-124.139869689941,-122.55268013477284,92.3,40.5,3.294,3.258,0.2937512256803388,True,5,134749
12,5,2016-02-12T16:57:31,4,-1.58718955516815,-124.139869689941,-122.55268013477284,92.3,40.5,3.289,3.257,0.2611122006047456,True,5,134749
12,5,2016-02-12T16:57:31,5,-1.58718955516815,-124.139869689941,-122.55268013477284,92.3,40.5,3.29,3.258,0.2611122006047456,True,5,134749
12,5,2016-02-12T16:57:31,6,-1.58718955516815,-124.139869689941,-122.55268013477284,92.3,40.5,3.292,3.26,0.2611122006047456,True,5,134749
12,5,2016-02-12T16:57:31,7,-1.58718955516815,-124.139869689941,-122.55268013477284,92.3,40.5,3.291,3.262,0.23663293179804978,True,5,134749
12,5,2016-02-12T16:57:31,8,-1.58718955516815,-124.139869689941,-122.55268013477284,92.3,40.5,3.271,3.008,2.1460158987202504,True,5,134749
12,5,2016-02-12T18:01:36,1,-12.0097332000732,-53.9908981323242,-41.981164932251,87.2,42.0,3.296,3.282,0.33348288506507434,True,5,134750
12,5,2016-02-12T18:01:36,2,-12.0097332000732,-53.9908981323242,-41.981164932251,87.2,42.0,3.294,3.279,0.3573030911411594,True,5,134750
12,5,2016-02-12T18:01:36,3,-12.0097332000732,-53.9908981323242,-41.981164932251,87.2,42.0,3.303,3.288,0.3573030911411594,True,5,134750
12,5,2016-02-12T18:01:36,4,-12.0097332000732,-53.9908981323242,-41.981164932251,87.2,42.0,3.295,3.282,0.3096626789889999,True,5,134750
12,5,2016-02-12T18:01:36,5,-12.0097332000732,-53.9908981323242,-41.981164932251,87.2,42.0,3.294,3.281,0.3096626789889999,True,5,134750
12,5,2016-02-12T18:01:36,6,-12.0097332000732,-53.9908981323242,-41.981164932251,87.2,42.0,3.3,3.287,0.3096626789889999,True,5,134750
12,5,2016-02-12T18:01:36,7,-12.0097332000732,-53.9908981323242,-41.981164932251,87.2,42.0,3.302,3.288,0.33348288506508494,True,5,134750
12,5,2016-02-12T18:01:36,8,-12.0097332000732,-53.9908981323242,-41.981164932251,87.2,42.0,3.225,3.074,3.5968511174876476,True,5,134750
12,5,2016-02-12T22:14:39,1,-0.634875774383545,-35.7646713256836,-35.129795551300056,92.9,36.5,3.295,3.284,0.3131245094762028,True,5,134751
12,5,2016-02-12T22:14:39,2,-0.634875774383545,-35.7646713256836,-35.129795551300056,92.9,36.5,3.296,3.284,0.34159037397403597,True,5,134751
12,5,2016-02-12T22:14:39,3,-0.634875774383545,-35.7646713256836,-35.129795551300056,92.9,36.5,3.301,3.29,0.3131245094762028,True,5,134751
12,5,2016-02-12T22:14:39,4,-0.634875774383545,-35.7646713256836,-35.129795551300056,92.9,36.5,3.296,3.286,0.28465864497835697,True,5,134751
12,5,2016-02-12T22:14:39,5,-0.634875774383545,-35.7646713256836,-35.129795551300056,92.9,36.5,3.296,3.286,0.28465864497835697,True,5,134751
12,5,2016-02-12T22:14:39,6,-0.634875774383545,-35.7646713256836,-35.129795551300056,92.9,36.5,3.3,3.29,0.28465864497835697,True,5,134751
12,5,2016-02-12T22:14:39,7,-0.634875774383545,-35.7646713256836,-35.129795551300056,92.9,36.5,3.299,3.289,0.28465864497835697,True,5,134751
12,5,2016-02-12T22:14:39,8,-0.634875774383545,-35.7646713256836,-35.129795551300056,92.9,36.5,3.26,3.177,2.362666753320406,True,5,134751
12,5,2016-02-13T01:44:18,1,-1.26975154876709,-70.9209136962891,-69.65116214752202,86.3,47.5,3.285,3.26,0.35893155590211184,True,5,134752
12,5,2016-02-13T01:44:18,2,-1.26975154876709,-70.9209136962891,-69.65116214752202,86.3,47.5,3.281,3.255,0.37328881813819453,True,5,134752
12,5,2016-02-13T01:44:18,3,-1.26975154876709,-70.9209136962891,-69.65116214752202,86.3,47.5,3.294,3.268,0.37328881813819453,True,5,134752
12,5,2016-02-13T01:44:18,4,-1.26975154876709,-70.9209136962891,-69.65116214752202,86.3,47.5,3.283,3.26,0.3302170314299401,True,5,134752
12,5,2016-02-13T01:44:18,5,-1.26975154876709,-70.9209136962891,-69.65116214752202,86.3,47.5,3.28,3.258,0.315859769193851,True,5,134752
12,5,2016-02-13T01:44:18,6,-1.26975154876709,-70.9209136962891,-69.65116214752202,86.3,47.5,3.292,3.269,0.33021703142993375,True,5,134752
12,5,2016-02-13T01:44:18,7,-1.26975154876709,-70.9209136962891,-69.65116214752202,86.3,47.5,3.292,3.27,0.315859769193851,True,5,134752
12,5,2016-02-13T01:44:18,8,-1.26975154876709,-70.9209136962891,-69.65116214752202,86.3,47.5,3.241,3.049,2.7565943493281826,True,5,134752
12,5,2016-02-13T03:05:20,1,-1.29620480537415,-124.664772033691,-123.36856722831685,71.8,46.75,3.265,3.221,0.3566548675123196,True,5,134753
12,5,2016-02-13T03:05:20,2,-1.29620480537415,-124.664772033691,-123.36856722831685,71.8,46.75,3.264,3.216,0.38907803728616325,True,5,134753
12,5,2016-02-13T03:05:20,3,-1.29620480537415,-124.664772033691,-123.36856722831685,71.8,46.75,3.274,3.228,0.3728664523992414,True,5,134753
12,5,2016-02-13T03:05:20,4,-1.29620480537415,-124.664772033691,-123.36856722831685,71.8,46.75,3.264,3.223,0.33233749018193326,True,5,134753
12,5,2016-02-13T03:05:20,5,-1.29620480537415,-124.664772033691,-123.36856722831685,71.8,46.75,3.263,3.222,0.33233749018193326,True,5,134753
12,5,2016-02-13T03:05:20,6,-1.29620480537415,-124.664772033691,-123.36856722831685,71.8,46.75,3.274,3.232,0.3404432826253942,True,5,134753
12,5,2016-02-13T03:05:20,7,-1.29620480537415,-124.664772033691,-123.36856722831685,71.8,46.75,3.275,3.235,0.3242316977384724,True,5,134753
12,5,2016-02-13T03:05:20,8,-1.29620480537415,-124.664772033691,-123.36856722831685,71.8,46.75,3.223,2.953,2.1885639597346866,True,5,134753
12,5,2016-02-13T12:16:36,1,-13.3852977752686,-53.4089241027832,-40.023626327514606,90.4,41.75,3.284,3.272,0.29982290714498555,True,5,134756
12,5,2016-02-13T12:16:36,2,-13.3852977752686,-53.4089241027832,-40.023626327514606,90.4,41.75,3.28,3.267,0.3248081494070649,True,5,134756
12,5,2016-02-13T12:16:36,3,-13.3852977752686,-53.4089241027832,-40.023626327514606,90.4,41.75,3.292,3.28,0.29982290714498555,True,5,134756
12,5,2016-02-13T12:16:36,4,-13.3852977752686,-53.4089241027832,-40.023626327514606,90.4,41.75,3.284,3.272,0.29982290714498555,True,5,134756
12,5,2016-02-13T12:16:36,5,-13.3852977752686,-53.4089241027832,-40.023626327514606,90.4,41.75,3.281,3.27,0.27483766488290623,True,5,134756
12,5,2016-02-13T12:16:36,6,-13.3852977752686,-53.4089241027832,-40.023626327514606,90.4,41.75,3.291,3.279,0.29982290714498555,True,5,134756
12,5,2016-02-13T12:16:36,7,-13.3852977752686,-53.4089241027832,-40.023626327514606,90.4,41.75,3.291,3.28,0.27483766488290623,True,5,134756
12,5,2016-02-13T12:16:36,8,-13.3852977752686,-53.4089241027832,-40.023626327514606,90.4,41.75,3.222,3.127,2.373598014897805,True,5,134756
12,5,2016-02-13T15:58:02,1,-4.2854118347168,-36.3466377258301,-32.061225891113295,92.9,37.25,3.351,3.335,0.4990451723318191,True,5,134757
12,5,2016-02-13T15:58:02,2,-4.2854118347168,-36.3466377258301,-32.061225891113295,92.9,37.25,3.352,3.335,0.5302354956025543,True,5,134757
12,5,2016-02-13T15:58:02,3,-4.2854118347168,-36.3466377258301,-32.061225891113295,92.9,37.25,3.352,3.336,0.4990451723318191,True,5,134757
12,5,2016-02-13T15:58:02,4,-4.2854118347168,-36.3466377258301,-32.061225891113295,92.9,37.25,3.348,3.333,0.46785484906107,True,5,134757
12,5,2016-02-13T15:58:02,5,-4.2854118347168,-36.3466377258301,-32.061225891113295,92.9,37.25,3.348,3.333,0.46785484906107,True,5,134757
12,5,2016-02-13T15:58:02,6,-4.2854118347168,-36.3466377258301,-32.061225891113295,92.9,37.25,3.349,3.334,0.4678548490610838,True,5,134757
12,5,2016-02-13T15:58:02,7,-4.2854118347168,-36.3466377258301,-32.061225891113295,92.9,37.25,3.345,3.331,0.4366645257903486,True,5,134757
12,5,2016-02-13T15:58:02,8,-4.2854118347168,-36.3466377258301,-32.061225891113295,92.9,37.25,3.298,3.177,3.774029115759378,True,5,134757
12,5,2016-02-13T23:03:38,1,-33.9923095703125,-51.7688331604004,-17.776523590087898,89.4,30.75,3.347,3.333,0.7875555605149998,True,5,134759
12,5,2016-02-13T23:03:38,2,-33.9923095703125,-51.7688331604004,-17.776523590087898,89.4,30.75,3.347,3.333,0.7875555605149998,True,5,134759
12,5,2016-02-13T23:03:38,3,-33.9923095703125,-51.7688331604004,-17.776523590087898,89.4,30.75,3.348,3.334,0.7875555605149998,True,5,134759
12,5,2016-02-13T23:03:38,4,-33.9923095703125,-51.7688331604004,-17.776523590087898,89.4,30.75,3.346,3.333,0.7313015919067909,True,5,134759
12,5,2016-02-13T23:03:38,5,-33.9923095703125,-51.7688331604004,-17.776523590087898,89.4,30.75,3.346,3.333,0.7313015919067909,True,5,134759
12,5,2016-02-13T23:03:38,6,-33.9923095703125,-51.7688331604004,-17.776523590087898,89.4,30.75,3.345,3.333,0.6750476232985819,True,5,134759
12,5,2016-02-13T23:03:38,7,-33.9923095703125,-51.7688331604004,-17.776523590087898,89.4,30.75,3.342,3.329,0.7313015919067909,True,5,134759
12,5,2016-02-13T23:03:38,8,-33.9923095703125,-51.7688331604004,-17.776523590087898,89.4,30.75,3.21,3.145,3.6565079595339793,True,5,134759
12,5,2016-02-14T00:04:34,1,-45.2613563537598,-60.1809349060059,-14.9195785522461,84.5,34.25,3.29,3.28,0.6702602198166489,True,5,134760
12,5,2016-02-14T00:04:34,2,-45.2613563537598,-60.1809349060059,-14.9195785522461,84.5,34.25,3.289,3.279,0.6702602198166489,True,5,134760
12,5,2016-02-14T00:04:34,3,-45.2613563537598,-60.1809349060059,-14.9195785522461,84.5,34.25,3.294,3.285,0.6032341978349631,True,5,134760
12,5,2016-02-14T00:04:34,4,-45.2613563537598,-60.1809349060059,-14.9195785522461,84.5,34.25,3.291,3.282,0.6032341978349631,True,5,134760
12,5,2016-02-14T00:04:34,5,-45.2613563537598,-60.1809349060059,-14.9195785522461,84.5,34.25,3.292,3.282,0.6702602198166191,True,5,134760
12,5,2016-02-14T00:04:34,6,-45.2613563537598,-60.1809349060059,-14.9195785522461,84.5,34.25,3.293,3.283,0.6702602198166489,True,5,134760
12,5,2016-02-14T00:04:34,7,-45.2613563537598,-60.1809349060059,-14.9195785522461,84.5,34.25,3.294,3.284,0.6702602198166489,True,5,134760
12,5,2016-02-14T00:04:34,8,-45.2613563537598,-60.1809349060059,-14.9195785522461,84.5,34.25,3.091,3.028,4.222639384844801,True,5,134760
12,5,2016-02-14T03:08:48,1,-43.8064308166504,-61.3448715209961,-17.538440704345703,93.4,30.75,3.339,3.323,0.9122817854631461,True,5,134761
12,5,2016-02-14T03:08:48,2,-43.8064308166504,-61.3448715209961,-17.538440704345703,93.4,30.75,3.34,3.324,0.9122817854631461,True,5,134761
12,5,2016-02-14T03:08:48,3,-43.8064308166504,-61.3448715209961,-17.538440704345703,93.4,30.75,3.341,3.326,0.8552641738717057,True,5,134761
12,5,2016-02-14T03:08:48,4,-43.8064308166504,-61.3448715209961,-17.538440704345703,93.4,30.75,3.34,3.325,0.8552641738716804,True,5,134761
12,5,2016-02-14T03:08:48,5,-43.8064308166504,-61.3448715209961,-17.538440704345703,93.4,30.75,3.339,3.325,0.7982465622802402,True,5,134761
12,5,2016-02-14T03:08:48,6,-43.8064308166504,-61.3448715209961,-17.538440704345703,93.4,30.75,3.34,3.325,0.8552641738716804,True,5,134761
12,5,2016-02-14T03:08:48,7,-43.8064308166504,-61.3448715209961,-17.538440704345703,93.4,30.75,3.335,3.323,0.6842113390973594,True,5,134761
12,5,2016-02-14T03:08:48,8,-43.8064308166504,-61.3448715209961,-17.538440704345703,93.4,30.75,3.172,3.11,3.5350919186697034,True,5,134761
12,5,2016-02-14T09:54:59,1,-33.6219673156738,-48.1447486877441,-14.522781372070298,91.6,27.0,3.354,3.34,0.9640026687260156,True,5,134763
12,5,2016-02-14T09:54:59,2,-33.6219673156738,-48.1447486877441,-14.522781372070298,91.6,27.0,3.354,3.341,0.8951453352455642,True,5,134763
12,5,2016-02-14T09:54:59,3,-33.6219673156738,-48.1447486877441,-14.522781372070298,91.6,27.0,3.354,3.341,0.8951453352455642,True,5,134763
12,5,2016-02-14T09:54:59,4,-33.6219673156738,-48.1447486877441,-14.522781372070298,91.6,27.0,3.353,3.341,0.8262880017651432,True,5,134763
12,5,2016-02-14T09:54:59,5,-33.6219673156738,-48.1447486877441,-14.522781372070298,91.6,27.0,3.353,3.34,0.8951453352455947,True,5,134763
12,5,2016-02-14T09:54:59,6,-33.6219673156738,-48.1447486877441,-14.522781372070298,91.6,27.0,3.352,3.34,0.8262880017651432,True,5,134763
12,5,2016-02-14T09:54:59,7,-33.6219673156738,-48.1447486877441,-14.522781372070298,91.6,27.0,3.348,3.336,0.8262880017651432,True,5,134763
12,5,2016-02-14T09:54:59,8,-33.6219673156738,-48.1447486877441,-14.522781372070298,91.6,27.0,3.215,3.16,3.78715334142355,True,5,134763
12,5,2016-02-14T13:07:32,1,-45.3407135009766,-61.2919654846191,-15.9512519836425,87.6,32.5,3.326,3.312,0.8776740543223057,True,5,134764
12,5,2016-02-14T13:07:32,2,-45.3407135009766,-61.2919654846191,-15.9512519836425,87.6,32.5,3.326,3.312,0.8776740543223057,True,5,134764
12,5,2016-02-14T13:07:32,3,-45.3407135009766,-61.2919654846191,-15.9512519836425,87.6,32.5,3.327,3.314,0.814983050442121,True,5,134764
12,5,2016-02-14T13:07:32,4,-45.3407135009766,-61.2919654846191,-15.9512519836425,87.6,32.5,3.326,3.314,0.7522920465619644,True,5,134764
12,5,2016-02-14T13:07:32,5,-45.3407135009766,-61.2919654846191,-15.9512519836425,87.6,32.5,3.326,3.313,0.814983050442121,True,5,134764
12,5,2016-02-14T13:07:32,6,-45.3407135009766,-61.2919654846191,-15.9512519836425,87.6,32.5,3.326,3.314,0.7522920465619644,True,5,134764
12,5,2016-02-14T13:07:32,7,-45.3407135009766,-61.2919654846191,-15.9512519836425,87.6,32.5,3.324,3.313,0.6896010426817798,True,5,134764
12,5,2016-02-14T13:07:32,8,-45.3407135009766,-61.2919654846191,-15.9512519836425,87.6,32.5,3.177,3.126,3.197241197888356,True,5,134764
12,5,2016-02-14T16:33:43,1,-0.76714164018631,-8.88826179504395,-8.12112015485764,93.2,28.75,3.328,3.324,0.4925428910945749,True,5,134765
12,5,2016-02-14T16:33:43,2,-0.76714164018631,-8.88826179504395,-8.12112015485764,93.2,28.75,3.328,3.324,0.4925428910945749,True,5,134765
12,5,2016-02-14T16:33:43,3,-0.76714164018631,-8.88826179504395,-8.12112015485764,93.2,28.75,3.331,3.327,0.4925428910945749,True,5,134765
12,5,2016-02-14T16:33:43,4,-0.76714164018631,-8.88826179504395,-8.12112015485764,93.2,28.75,3.325,3.323,0.24627144554731475,True,5,134765
12,5,2016-02-14T16:33:43,5,-0.76714164018631,-8.88826179504395,-8.12112015485764,93.2,28.75,3.325,3.322,0.3694071683209448,True,5,134765
12,5,2016-02-14T16:33:43,6,-0.76714164018631,-8.88826179504395,-8.12112015485764,93.2,28.75,3.328,3.325,0.3694071683208901,True,5,134765
12,5,2016-02-14T16:33:43,7,-0.76714164018631,-8.88826179504395,-8.12112015485764,93.2,28.75,3.327,3.324,0.3694071683209448,True,5,134765
12,5,2016-02-14T16:33:43,8,-0.76714164018631,-8.88826179504395,-8.12112015485764,93.2,28.75,3.29,3.265,3.078393069341079,True,5,134765
12,5,2016-02-14T18:04:54,1,-28.8074913024902,-46.2401237487793,-17.432632446289098,91.7,37.5,3.348,3.334,0.803091560791783,True,5,134766
12,5,2016-02-14T18:04:54,2,-28.8074913024902,-46.2401237487793,-17.432632446289098,91.7,37.5,3.348,3.335,0.7457278778780897,True,5,134766
12,5,2016-02-14T18:04:54,3,-28.8074913024902,-46.2401237487793,-17.432632446289098,91.7,37.5,3.349,3.337,0.6883641949643964,True,5,134766
12,5,2016-02-14T18:04:54,4,-28.8074913024902,-46.2401237487793,-17.432632446289098,91.7,37.5,3.347,3.334,0.7457278778780897,True,5,134766
12,5,2016-02-14T18:04:54,5,-28.8074913024902,-46.2401237487793,-17.432632446289098,91.7,37.5,3.346,3.334,0.6883641949643964,True,5,134766
12,5,2016-02-14T18:04:54,6,-28.8074913024902,-46.2401237487793,-17.432632446289098,91.7,37.5,3.347,3.335,0.6883641949643964,True,5,134766
12,5,2016-02-14T18:04:54,7,-28.8074913024902,-46.2401237487793,-17.432632446289098,91.7,37.5,3.343,3.331,0.6883641949643964,True,5,134766
12,5,2016-02-14T18:04:54,8,-28.8074913024902,-46.2401237487793,-17.432632446289098,91.7,37.5,3.217,3.158,3.3844572919082885,True,5,134766
12,5,2016-02-14T22:22:27,1,-1.42847049236298,-123.877418518066,-122.44894802570302,91.2,41.0,3.275,3.224,0.41650010736959864,True,5,134767
12,5,2016-02-14T22:22:27,2,-1.42847049236298,-123.877418518066,-122.44894802570302,91.2,41.0,3.273,3.219,0.44100011368546205,True,5,134767
12,5,2016-02-14T22:22:27,3,-1.42847049236298,-123.877418518066,-122.44894802570302,91.2,41.0,3.285,3.234,0.4165001073696023,True,5,134767
12,5,2016-02-14T22:22:27,4,-1.42847049236298,-123.877418518066,-122.44894802570302,91.2,41.0,3.276,3.231,0.3675000947378827,True,5,134767
12,5,2016-02-14T22:22:27,5,-1.42847049236298,-123.877418518066,-122.44894802570302,91.2,41.0,3.274,3.228,0.3756667635098347,True,5,134767
12,5,2016-02-14T22:22:27,6,-1.42847049236298,-123.877418518066,-122.44894802570302,91.2,41.0,3.285,3.239,0.37566676350983835,True,5,134767
12,5,2016-02-14T22:22:27,7,-1.42847049236298,-123.877418518066,-122.44894802570302,91.2,41.0,3.283,3.237,0.3756667635098347,True,5,134767
12,5,2016-02-14T22:22:27,8,-1.42847049236298,-123.877418518066,-122.44894802570302,91.2,41.0,3.235,2.946,2.3601672750944034,True,5,134767
12,5,2016-02-15T23:36:51,1,-0.793594777584076,-49.0970649719238,-48.303470194339724,93.2,25.5,3.282,3.257,0.5175611586376139,True,5,134775
12,5,2016-02-15T23:36:51,2,-0.793594777584076,-49.0970649719238,-48.303470194339724,93.2,25.5,3.277,3.25,0.5589660513286276,True,5,134775
12,5,2016-02-15T23:36:51,3,-0.793594777584076,-49.0970649719238,-48.303470194339724,93.2,25.5,3.289,3.262,0.5589660513286276,True,5,134775
12,5,2016-02-15T23:36:51,4,-0.793594777584076,-49.0970649719238,-48.303470194339724,93.2,25.5,3.277,3.254,0.47615626594660915,True,5,134775
12,5,2016-02-15T23:36:51,5,-0.793594777584076,-49.0970649719238,-48.303470194339724,93.2,25.5,3.275,3.25,0.5175611586376139,True,5,134775
12,5,2016-02-15T23:36:51,6,-0.793594777584076,-49.0970649719238,-48.303470194339724,93.2,25.5,3.285,3.26,0.517561158637623,True,5,134775
12,5,2016-02-15T23:36:51,7,-0.793594777584076,-49.0970649719238,-48.303470194339724,93.2,25.5,3.284,3.259,0.5175611586376139,True,5,134775
12,5,2016-02-15T23:36:51,8,-0.793594777584076,-49.0970649719238,-48.303470194339724,93.2,25.5,3.257,3.128,2.6706155785700965,True,5,134775
12,5,2016-02-16T09:16:36,1,-0.76714164018631,-20.9509029388428,-20.18376129865649,91.1,15.5,3.327,3.314,0.6440821315532121,True,5,134779
12,5,2016-02-16T09:16:36,2,-0.76714164018631,-20.9509029388428,-20.18376129865649,91.1,15.5,3.329,3.315,0.6936269109034762,True,5,134779
12,5,2016-02-16T09:16:36,3,-0.76714164018631,-20.9509029388428,-20.18376129865649,91.1,15.5,3.329,3.317,0.5945373522029701,True,5,134779
12,5,2016-02-16T09:16:36,4,-0.76714164018631,-20.9509029388428,-20.18376129865649,91.1,15.5,3.327,3.315,0.5945373522029701,True,5,134779
12,5,2016-02-16T09:16:36,5,-0.76714164018631,-20.9509029388428,-20.18376129865649,91.1,15.5,3.326,3.315,0.5449925728527282,True,5,134779
12,5,2016-02-16T09:16:36,6,-0.76714164018631,-20.9509029388428,-20.18376129865649,91.1,15.5,3.328,3.316,0.5945373522029701,True,5,134779
12,5,2016-02-16T09:16:36,7,-0.76714164018631,-20.9509029388428,-20.18376129865649,91.1,15.5,3.325,3.314,0.5449925728527282,True,5,134779
12,5,2016-02-16T09:16:36,8,-0.76714164018631,-20.9509029388428,-20.18376129865649,91.1,15.5,3.299,3.245,2.6754180849133546,True,5,134779
12,5,2016-02-16T13:56:00,1,-0.661328971385956,-13.8614549636841,-13.200125992298144,82.7,33.5,3.27,3.268,0.15151370533638547,True,5,134780
12,5,2016-02-16T13:56:00,2,-0.661328971385956,-13.8614549636841,-13.200125992298144,82.7,33.5,3.266,3.264,0.15151370533638547,True,5,134780
12,5,2016-02-16T13:56:00,3,-0.661328971385956,-13.8614549636841,-13.200125992298144,82.7,33.5,3.278,3.276,0.15151370533638547,True,5,134780
12,5,2016-02-16T13:56:00,4,-0.661328971385956,-13.8614549636841,-13.200125992298144,82.7,33.5,3.267,3.265,0.15151370533635183,True,5,134780
12,5,2016-02-16T13:56:00,5,-0.661328971385956,-13.8614549636841,-13.200125992298144,82.7,33.5,3.265,3.263,0.15151370533638547,True,5,134780
12,5,2016-02-16T13:56:00,6,-0.661328971385956,-13.8614549636841,-13.200125992298144,82.7,33.5,3.276,3.274,0.15151370533635183,True,5,134780
12,5,2016-02-16T13:56:00,7,-0.661328971385956,-13.8614549636841,-13.200125992298144,82.7,33.5,3.276,3.274,0.15151370533635183,True,5,134780
12,5,2016-02-16T13:56:00,8,-0.661328971385956,-13.8614549636841,-13.200125992298144,82.7,33.5,3.249,3.231,1.3636233480273345,True,5,134780
12,5,2016-02-16T16:56:00,1,-13.4911108016968,-47.6950454711914,-34.2039346694946,93.4,41.0,3.289,3.28,0.2631276222155562,True,5,134781
12,5,2016-02-16T16:56:00,2,-13.4911108016968,-47.6950454711914,-34.2039346694946,93.4,41.0,3.288,3.276,0.35083682962072865,True,5,134781
12,5,2016-02-16T16:56:00,3,-13.4911108016968,-47.6950454711914,-34.2039346694946,93.4,41.0,3.295,3.286,0.26312762221554326,True,5,134781
12,5,2016-02-16T16:56:00,4,-13.4911108016968,-47.6950454711914,-34.2039346694946,93.4,41.0,3.289,3.279,0.292364024683947,True,5,134781
12,5,2016-02-16T16:56:00,5,-13.4911108016968,-47.6950454711914,-34.2039346694946,93.4,41.0,3.288,3.278,0.292364024683934,True,5,134781
12,5,2016-02-16T16:56:00,6,-13.4911108016968,-47.6950454711914,-34.2039346694946,93.4,41.0,3.294,3.285,0.26312762221554326,True,5,134781
12,5,2016-02-16T16:56:00,7,-13.4911108016968,-47.6950454711914,-34.2039346694946,93.4,41.0,3.293,3.286,0.2046548172787616,True,5,134781
12,5,2016-02-16T16:56:00,8,-13.4911108016968,-47.6950454711914,-34.2039346694946,93.4,41.0,3.257,3.167,2.631276222155471,True,5,134781
12,5,2016-02-16T18:13:53,1,-1.29620480537415,-40.4997863769531,-39.203581571578944,79.5,47.0,3.273,3.258,0.38261810270096686,True,5,134782
12,5,2016-02-16T18:13:53,2,-1.29620480537415,-40.4997863769531,-39.203581571578944,79.5,47.0,3.269,3.252,0.43363384972776775,True,5,134782
12,5,2016-02-16T18:13:53,3,-1.29620480537415,-40.4997863769531,-39.203581571578944,79.5,47.0,3.282,3.265,0.4336338497277564,True,5,134782
12,5,2016-02-16T18:13:53,4,-1.29620480537415,-40.4997863769531,-39.203581571578944,79.5,47.0,3.27,3.256,0.35711022918757207,True,5,134782
12,5,2016-02-16T18:13:53,5,-1.29620480537415,-40.4997863769531,-39.203581571578944,79.5,47.0,3.268,3.253,0.38261810270095553,True,5,134782
12,5,2016-02-16T18:13:53,6,-1.29620480537415,-40.4997863769531,-39.203581571578944,79.5,47.0,3.281,3.266,0.38261810270096686,True,5,134782
12,5,2016-02-16T18:13:53,7,-1.29620480537415,-40.4997863769531,-39.203581571578944,79.5,47.0,3.282,3.267,0.38261810270096686,True,5,134782
12,5,2016-02-16T18:13:53,8,-1.29620480537415,-40.4997863769531,-39.203581571578944,79.5,47.0,3.244,3.121,3.1374684421479078,True,5,134782
12,5,2016-02-16T22:34:18,1,-0.608422636985779,-7.24816560745239,-6.639742970466611,88.6,38.5,3.297,3.296,0.1506082395731741,True,5,134783
12,5,2016-02-16T22:34:18,2,-0.608422636985779,-7.24816560745239,-6.639742970466611,88.6,38.5,3.293,3.291,0.3012164791462813,True,5,134783
12,5,2016-02-16T22:34:18,3,-0.608422636985779,-7.24816560745239,-6.639742970466611,88.6,38.5,3.306,3.304,0.3012164791462813,True,5,134783
12,5,2016-02-16T22:34:18,4,-0.608422636985779,-7.24816560745239,-6.639742970466611,88.6,38.5,3.295,3.294,0.15060823957310723,True,5,134783
12,5,2016-02-16T22:34:18,5,-0.608422636985779,-7.24816560745239,-6.639742970466611,88.6,38.5,3.292,3.292,-0.0,False,5,134783
12,5,2016-02-16T22:34:18,6,-0.608422636985779,-7.24816560745239,-6.639742970466611,88.6,38.5,3.305,3.303,0.3012164791462813,True,5,134783
12,5,2016-02-16T22:34:18,7,-0.608422636985779,-7.24816560745239,-6.639742970466611,88.6,38.5,3.302,3.301,0.15060823957310723,True,5,134783
12,5,2016-02-16T22:34:18,8,-0.608422636985779,-7.24816560745239,-6.639742970466611,88.6,38.5,3.27,3.256,2.108515354023768,True,5,134783
12,5,2016-02-17T01:36:00,1,-0.661328971385956,-15.9512548446655,-15.289925873279545,93.3,36.75,3.279,3.277,0.1308050815010785,True,5,134784
12,5,2016-02-17T01:36:00,2,-0.661328971385956,-15.9512548446655,-15.289925873279545,93.3,36.75,3.278,3.276,0.13080508150110753,True,5,134784
12,5,2016-02-17T01:36:00,3,-0.661328971385956,-15.9512548446655,-15.289925873279545,93.3,36.75,3.29,3.288,0.13080508150110753,True,5,134784
12,5,2016-02-17T01:36:00,4,-0.661328971385956,-15.9512548446655,-15.289925873279545,93.3,36.75,3.281,3.28,0.0654025407505683,True,5,134784
12,5,2016-02-17T01:36:00,5,-0.661328971385956,-15.9512548446655,-15.289925873279545,93.3,36.75,3.28,3.278,0.1308050815010785,True,5,134784
12,5,2016-02-17T01:36:00,6,-0.661328971385956,-15.9512548446655,-15.289925873279545,93.3,36.75,3.29,3.289,0.06540254075053925,True,5,134784
12,5,2016-02-17T01:36:00,7,-0.661328971385956,-15.9512548446655,-15.289925873279545,93.3,36.75,3.29,3.287,0.1962076222516468,True,5,134784
12,5,2016-02-17T01:36:00,8,-0.661328971385956,-15.9512548446655,-15.289925873279545,93.3,36.75,3.259,3.215,2.8777117930240466,True,5,134784
12,5,2016-02-17T03:32:06,1,-0.581969499588013,-36.3730926513672,-35.79112315177919,73.8,39.75,3.277,3.264,0.36321855407753834,True,5,134785
12,5,2016-02-17T03:32:06,2,-0.581969499588013,-36.3730926513672,-35.79112315177919,73.8,39.75,3.276,3.262,0.3911584428527174,True,5,134785
12,5,2016-02-17T03:32:06,3,-0.581969499588013,-36.3730926513672,-35.79112315177919,73.8,39.75,3.285,3.272,0.36321855407753834,True,5,134785
12,5,2016-02-17T03:32:06,4,-0.581969499588013,-36.3730926513672,-35.79112315177919,73.8,39.75,3.277,3.265,0.33527866530233447,True,5,134785
12,5,2016-02-17T03:32:06,5,-0.581969499588013,-36.3730926513672,-35.79112315177919,73.8,39.75,3.275,3.263,0.33527866530233447,True,5,134785
12,5,2016-02-17T03:32:06,6,-0.581969499588013,-36.3730926513672,-35.79112315177919,73.8,39.75,3.286,3.273,0.36321855407752596,True,5,134785
12,5,2016-02-17T03:32:06,7,-0.581969499588013,-36.3730926513672,-35.79112315177919,73.8,39.75,3.284,3.273,0.30733877652713065,True,5,134785
12,5,2016-02-17T03:32:06,8,-0.581969499588013,-36.3730926513672,-35.79112315177919,73.8,39.75,3.252,3.182,1.9557922142636117,True,5,134785
12,5,2016-02-17T09:38:53,1,-2.301424741745,-29.8127098083496,-27.5112850666046,90.7,31.75,3.281,3.271,0.36348720082650854,True,5,134787
12,5,2016-02-17T09:38:53,2,-2.301424741745,-29.8127098083496,-27.5112850666046,90.7,31.75,3.279,3.269,0.3634872008264924,True,5,134787
12,5,2016-02-17T09:38:53,3,-2.301424741745,-29.8127098083496,-27.5112850666046,90.7,31.75,3.29,3.279,0.3998359209091545,True,5,134787
12,5,2016-02-17T09:38:53,4,-2.301424741745,-29.8127098083496,-27.5112850666046,90.7,31.75,3.282,3.273,0.3271384807438463,True,5,134787
12,5,2016-02-17T09:38:53,5,-2.301424741745,-29.8127098083496,-27.5112850666046,90.7,31.75,3.282,3.272,0.36348720082650854,True,5,134787
12,5,2016-02-17T09:38:53,6,-2.301424741745,-29.8127098083496,-27.5112850666046,90.7,31.75,3.287,3.278,0.3271384807438463,True,5,134787
12,5,2016-02-17T09:38:53,7,-2.301424741745,-29.8127098083496,-27.5112850666046,90.7,31.75,3.287,3.277,0.3634872008264924,True,5,134787
12,5,2016-02-17T09:38:53,8,-2.301424741745,-29.8127098083496,-27.5112850666046,90.7,31.75,3.248,3.166,2.9805950467773115,True,5,134787
12,5,2016-02-17T12:08:38,1,-0.76714164018631,-12.7239694595337,-11.95682781934739,92.9,29.25,3.324,3.319,0.4181711132370221,True,5,134788
12,5,2016-02-17T12:08:38,2,-0.76714164018631,-12.7239694595337,-11.95682781934739,92.9,29.25,3.325,3.319,0.5018053358844562,True,5,134788
12,5,2016-02-17T12:08:38,3,-0.76714164018631,-12.7239694595337,-11.95682781934739,92.9,29.25,3.327,3.323,0.33453689058962505,True,5,134788
12,5,2016-02-17T12:08:38,4,-0.76714164018631,-12.7239694595337,-11.95682781934739,92.9,29.25,3.322,3.318,0.33453689058962505,True,5,134788
12,5,2016-02-17T12:08:38,5,-0.76714164018631,-12.7239694595337,-11.95682781934739,92.9,29.25,3.322,3.318,0.33453689058962505,True,5,134788
12,5,2016-02-17T12:08:38,6,-0.76714164018631,-12.7239694595337,-11.95682781934739,92.9,29.25,3.325,3.32,0.41817111323705924,True,5,134788
12,5,2016-02-17T12:08:38,7,-0.76714164018631,-12.7239694595337,-11.95682781934739,92.9,29.25,3.324,3.319,0.4181711132370221,True,5,134788
12,5,2016-02-17T12:08:38,8,-0.76714164018631,-12.7239694595337,-11.95682781934739,92.9,29.25,3.299,3.268,2.5926609020696034,True,5,134788
12,5,2016-02-17T15:45:50,1,-8.06821346282959,-48.8589820861816,-40.79076862335201,88.3,37.5,3.269,3.255,0.3432149104438664,True,5,134789
12,5,2016-02-17T15:45:50,2,-8.06821346282959,-48.8589820861816,-40.79076862335201,88.3,37.5,3.265,3.25,0.36773026118985375,True,5,134789
12,5,2016-02-17T15:45:50,3,-8.06821346282959,-48.8589820861816,-40.79076862335201,88.3,37.5,3.279,3.266,0.3186995596978682,True,5,134789
12,5,2016-02-17T15:45:50,4,-8.06821346282959,-48.8589820861816,-40.79076862335201,88.3,37.5,3.269,3.256,0.31869955969787905,True,5,134789
12,5,2016-02-17T15:45:50,5,-8.06821346282959,-48.8589820861816,-40.79076862335201,88.3,37.5,3.267,3.254,0.3186995596978682,True,5,134789
12,5,2016-02-17T15:45:50,6,-8.06821346282959,-48.8589820861816,-40.79076862335201,88.3,37.5,3.28,3.267,0.3186995596978682,True,5,134789
12,5,2016-02-17T15:45:50,7,-8.06821346282959,-48.8589820861816,-40.79076862335201,88.3,37.5,3.279,3.267,0.2941842089518808,True,5,134789
12,5,2016-02-17T15:45:50,8,-8.06821346282959,-48.8589820861816,-40.79076862335201,88.3,37.5,3.234,3.126,2.6476578805669275,True,5,134789
12,5,2016-02-17T21:58:12,1,-0.608422636985779,-19.2049922943115,-18.59656965732572,92.2,32.75,3.289,3.282,0.3764135068449367,True,5,134791
12,5,2016-02-17T21:58:12,2,-0.608422636985779,-19.2049922943115,-18.59656965732572,92.2,32.75,3.285,3.278,0.3764135068449367,True,5,134791
12,5,2016-02-17T21:58:12,3,-0.608422636985779,-19.2049922943115,-18.59656965732572,92.2,32.75,3.299,3.292,0.3764135068449367,True,5,134791
12,5,2016-02-17T21:58:12,4,-0.608422636985779,-19.2049922943115,-18.59656965732572,92.2,32.75,3.288,3.282,0.3226401487242144,True,5,134791
12,5,2016-02-17T21:58:12,5,-0.608422636985779,-19.2049922943115,-18.59656965732572,92.2,32.75,3.286,3.28,0.3226401487242383,True,5,134791
12,5,2016-02-17T21:58:12,6,-0.608422636985779,-19.2049922943115,-18.59656965732572,92.2,32.75,3.298,3.292,0.3226401487242383,True,5,134791
12,5,2016-02-17T21:58:12,7,-0.608422636985779,-19.2049922943115,-18.59656965732572,92.2,32.75,3.296,3.29,0.3226401487242144,True,5,134791
12,5,2016-02-17T21:58:12,8,-0.608422636985779,-19.2049922943115,-18.59656965732572,92.2,32.75,3.268,3.225,2.312254399190271,True,5,134791
12,5,2016-02-18T02:45:19,1,-0.581969499588013,-29.1778335571289,-28.595864057540886,89.7,35.5,3.295,3.284,0.38467101318798447,True,5,134792
12,5,2016-02-18T02:45:19,2,-0.581969499588013,-29.1778335571289,-28.595864057540886,89.7,35.5,3.29,3.279,0.38467101318798447,True,5,134792
12,5,2016-02-18T02:45:19,3,-0.581969499588013,-29.1778335571289,-28.595864057540886,89.7,35.5,3.304,3.293,0.38467101318796887,True,5,134792
12,5,2016-02-18T02:45:19,4,-0.581969499588013,-29.1778335571289,-28.595864057540886,89.7,35.5,3.292,3.283,0.31473082897198024,True,5,134792
12,5,2016-02-18T02:45:19,5,-0.581969499588013,-29.1778335571289,-28.595864057540886,89.7,35.5,3.29,3.28,0.3497009210799901,True,5,134792
12,5,2016-02-18T02:45:19,6,-0.581969499588013,-29.1778335571289,-28.595864057540886,89.7,35.5,3.303,3.293,0.3497009210799745,True,5,134792
12,5,2016-02-18T02:45:19,7,-0.581969499588013,-29.1778335571289,-28.595864057540886,89.7,35.5,3.301,3.291,0.3497009210799901,True,5,134792
12,5,2016-02-18T02:45:19,8,-0.581969499588013,-29.1778335571289,-28.595864057540886,89.7,35.5,3.271,3.199,2.5178466317758725,True,5,134792
12,5,2016-02-18T03:05:35,1,-0.872954249382019,-39.4681129455566,-38.59515869617458,82.8,41.25,3.263,3.25,0.33682981076298607,True,5,134793
12,5,2016-02-18T03:05:35,2,-0.872954249382019,-39.4681129455566,-38.59515869617458,82.8,41.25,3.26,3.246,0.3627397962062901,True,5,134793
12,5,2016-02-18T03:05:35,3,-0.872954249382019,-39.4681129455566,-38.59515869617458,82.8,41.25,3.272,3.26,0.3109198253196821,True,5,134793
12,5,2016-02-18T03:05:35,4,-0.872954249382019,-39.4681129455566,-38.59515869617458,82.8,41.25,3.262,3.252,0.2590998544330742,True,5,134793
12,5,2016-02-18T03:05:35,5,-0.872954249382019,-39.4681129455566,-38.59515869617458,82.8,41.25,3.261,3.249,0.3109198253196821,True,5,134793
12,5,2016-02-18T03:05:35,6,-0.872954249382019,-39.4681129455566,-38.59515869617458,82.8,41.25,3.272,3.262,0.2590998544330627,True,5,134793
12,5,2016-02-18T03:05:35,7,-0.872954249382019,-39.4681129455566,-38.59515869617458,82.8,41.25,3.269,3.261,0.20727988354645474,True,5,134793
12,5,2016-02-18T03:05:35,8,-0.872954249382019,-39.4681129455566,-38.59515869617458,82.8,41.25,3.257,3.145,2.9019183696503665,True,5,134793
12,5,2016-02-18T07:21:56,1,-0.846501052379608,-31.7437915802002,-30.89729052782059,93.6,24.25,3.323,3.309,0.4531141650557963,True,5,134794
12,5,2016-02-18T07:21:56,2,-0.846501052379608,-31.7437915802002,-30.89729052782059,93.6,24.25,3.326,3.311,0.485479462559793,True,5,134794
12,5,2016-02-18T07:21:56,3,-0.846501052379608,-31.7437915802002,-30.89729052782059,93.6,24.25,3.327,3.314,0.4207488675518139,True,5,134794
12,5,2016-02-18T07:21:56,4,-0.846501052379608,-31.7437915802002,-30.89729052782059,93.6,24.25,3.324,3.312,0.38838357004783153,True,5,134794
12,5,2016-02-18T07:21:56,5,-0.846501052379608,-31.7437915802002,-30.89729052782059,93.6,24.25,3.324,3.311,0.4207488675518139,True,5,134794
12,5,2016-02-18T07:21:56,6,-0.846501052379608,-31.7437915802002,-30.89729052782059,93.6,24.25,3.325,3.313,0.38838357004783153,True,5,134794
12,5,2016-02-18T07:21:56,7,-0.846501052379608,-31.7437915802002,-30.89729052782059,93.6,24.25,3.322,3.31,0.38838357004783153,True,5,134794
12,5,2016-02-18T07:21:56,8,-0.846501052379608,-31.7437915802002,-30.89729052782059,93.6,24.25,3.295,3.199,3.1070685603826522,True,5,134794
12,5,2016-02-18T09:12:22,1,-5.23772573471069,-46.5575561523438,-41.31983041763311,90.7,31.75,3.28,3.263,0.4114247282279553,True,5,134795
12,5,2016-02-18T09:12:22,2,-5.23772573471069,-46.5575561523438,-41.31983041763311,90.7,31.75,3.276,3.257,0.4598276374312391,True,5,134795
12,5,2016-02-18T09:12:22,3,-5.23772573471069,-46.5575561523438,-41.31983041763311,90.7,31.75,3.29,3.274,0.3872232736263134,True,5,134795
12,5,2016-02-18T09:12:22,4,-5.23772573471069,-46.5575561523438,-41.31983041763311,90.7,31.75,3.279,3.264,0.36302181902467145,True,5,134795
12,5,2016-02-18T09:12:22,5,-5.23772573471069,-46.5575561523438,-41.31983041763311,90.7,31.75,3.278,3.262,0.3872232736263134,True,5,134795
12,5,2016-02-18T09:12:22,6,-5.23772573471069,-46.5575561523438,-41.31983041763311,90.7,31.75,3.29,3.273,0.4114247282279553,True,5,134795
12,5,2016-02-18T09:12:22,7,-5.23772573471069,-46.5575561523438,-41.31983041763311,90.7,31.75,3.288,3.272,0.3872232736263134,True,5,134795
12,5,2016-02-18T09:12:22,8,-5.23772573471069,-46.5575561523438,-41.31983041763311,90.7,31.75,3.245,3.127,2.8557716429940663,True,5,134795
12,5,2016-02-18T13:41:20,1,-30.9501953125,-45.3407135009766,-14.390518188476598,91.9,28.75,3.357,3.341,1.1118432144307513,True,5,134796
12,5,2016-02-18T13:41:20,2,-30.9501953125,-45.3407135009766,-14.390518188476598,91.9,28.75,3.356,3.342,0.972862812626892,True,5,134796
12,5,2016-02-18T13:41:20,3,-30.9501953125,-45.3407135009766,-14.390518188476598,91.9,28.75,3.357,3.343,0.9728628126269229,True,5,134796
12,5,2016-02-18T13:41:20,4,-30.9501953125,-45.3407135009766,-14.390518188476598,91.9,28.75,3.356,3.343,0.9033726117249778,True,5,134796
12,5,2016-02-18T13:41:20,5,-30.9501953125,-45.3407135009766,-14.390518188476598,91.9,28.75,3.355,3.34,1.042353013528837,True,5,134796
12,5,2016-02-18T13:41:20,6,-30.9501953125,-45.3407135009766,-14.390518188476598,91.9,28.75,3.356,3.342,0.972862812626892,True,5,134796
12,5,2016-02-18T13:41:20,7,-30.9501953125,-45.3407135009766,-14.390518188476598,91.9,28.75,3.351,3.337,0.972862812626892,True,5,134796
12,5,2016-02-18T13:41:20,8,-30.9501953125,-45.3407135009766,-14.390518188476598,91.9,28.75,3.212,3.151,4.238902255017263,True,5,134796
12,5,2016-02-18T15:14:19,1,-1.26975154876709,-96.319938659668,-95.05018711090091,92.3,42.0,3.294,3.259,0.36822652394322475,True,5,134797
12,5,2016-02-18T15:14:19,2,-1.26975154876709,-96.319938659668,-95.05018711090091,92.3,42.0,3.291,3.252,0.4103095552510217,True,5,134797
12,5,2016-02-18T15:14:19,3,-1.26975154876709,-96.319938659668,-95.05018711090091,92.3,42.0,3.302,3.265,0.38926803959712086,True,5,134797
12,5,2016-02-18T15:14:19,4,-1.26975154876709,-96.319938659668,-95.05018711090091,92.3,42.0,3.292,3.259,0.3471850082893239,True,5,134797
12,5,2016-02-18T15:14:19,5,-1.26975154876709,-96.319938659668,-95.05018711090091,92.3,42.0,3.29,3.257,0.3471850082893239,True,5,134797
12,5,2016-02-18T15:14:19,6,-1.26975154876709,-96.319938659668,-95.05018711090091,92.3,42.0,3.299,3.265,0.357705766116272,True,5,134797
12,5,2016-02-18T15:14:19,7,-1.26975154876709,-96.319938659668,-95.05018711090091,92.3,42.0,3.3,3.268,0.3366642504623758,True,5,134797
12,5,2016-02-18T15:14:19,8,-1.26975154876709,-96.319938659668,-95.05018711090091,92.3,42.0,3.267,2.985,2.9668537071996846,True,5,134797
12,5,2016-02-18T20:25:55,1,-1.95753371715546,-44.7322883605957,-42.77475464344025,93.2,31.0,3.283,3.265,0.4208089596315241,True,5,134798
12,5,2016-02-18T20:25:55,2,-1.95753371715546,-44.7322883605957,-42.77475464344025,93.2,31.0,3.279,3.26,0.44418723516661685,True,5,134798
12,5,2016-02-18T20:25:55,3,-1.95753371715546,-44.7322883605957,-42.77475464344025,93.2,31.0,3.291,3.273,0.4208089596315241,True,5,134798
12,5,2016-02-18T20:25:55,4,-1.95753371715546,-44.7322883605957,-42.77475464344025,93.2,31.0,3.28,3.265,0.3506741330262666,True,5,134798
12,5,2016-02-18T20:25:55,5,-1.95753371715546,-44.7322883605957,-42.77475464344025,93.2,31.0,3.278,3.262,0.37405240856135935,True,5,134798
12,5,2016-02-18T20:25:55,6,-1.95753371715546,-44.7322883605957,-42.77475464344025,93.2,31.0,3.289,3.273,0.37405240856135935,True,5,134798
12,5,2016-02-18T20:25:55,7,-1.95753371715546,-44.7322883605957,-42.77475464344025,93.2,31.0,3.287,3.27,0.3974306840964417,True,5,134798
12,5,2016-02-18T20:25:55,8,-1.95753371715546,-44.7322883605957,-42.77475464344025,93.2,31.0,3.26,3.18,1.8702620428067864,True,5,134798
12,5,2016-02-18T21:06:36,1,-16.5067710876465,-39.2829399108887,-22.7761688232422,93.7,29.25,3.307,3.296,0.48296094419422486,True,5,134799
12,5,2016-02-18T21:06:36,2,-16.5067710876465,-39.2829399108887,-22.7761688232422,93.7,29.25,3.31,3.298,0.5268664845755127,True,5,134799
12,5,2016-02-18T21:06:36,3,-16.5067710876465,-39.2829399108887,-22.7761688232422,93.7,29.25,3.311,3.301,0.4390554038129175,True,5,134799
12,5,2016-02-18T21:06:36,4,-16.5067710876465,-39.2829399108887,-22.7761688232422,93.7,29.25,3.308,3.298,0.4390554038129175,True,5,134799
12,5,2016-02-18T21:06:36,5,-16.5067710876465,-39.2829399108887,-22.7761688232422,93.7,29.25,3.309,3.298,0.48296094419422486,True,5,134799
12,5,2016-02-18T21:06:36,6,-16.5067710876465,-39.2829399108887,-22.7761688232422,93.7,29.25,3.31,3.299,0.48296094419422486,True,5,134799
12,5,2016-02-18T21:06:36,7,-16.5067710876465,-39.2829399108887,-22.7761688232422,93.7,29.25,3.308,3.297,0.4829609441942053,True,5,134799
12,5,2016-02-18T21:06:36,8,-16.5067710876465,-39.2829399108887,-22.7761688232422,93.7,29.25,3.25,3.187,2.7660490440214467,True,5,134799
12,5,2016-02-19T01:30:35,1,-0.661328971385956,-46.7162780761719,-46.05494910478595,89.6,32.25,3.271,3.254,0.3691242815472636,True,5,134800
12,5,2016-02-19T01:30:35,2,-0.661328971385956,-46.7162780761719,-46.05494910478595,89.6,32.25,3.268,3.249,0.412550667611643,True,5,134800
12,5,2016-02-19T01:30:35,3,-0.661328971385956,-46.7162780761719,-46.05494910478595,89.6,32.25,3.282,3.265,0.3691242815472636,True,5,134800
12,5,2016-02-19T01:30:35,4,-0.661328971385956,-46.7162780761719,-46.05494910478595,89.6,32.25,3.271,3.254,0.3691242815472636,True,5,134800
12,5,2016-02-19T01:30:35,5,-0.661328971385956,-46.7162780761719,-46.05494910478595,89.6,32.25,3.268,3.252,0.3474110885150739,True,5,134800
12,5,2016-02-19T01:30:35,6,-0.661328971385956,-46.7162780761719,-46.05494910478595,89.6,32.25,3.28,3.264,0.3474110885150739,True,5,134800
12,5,2016-02-19T01:30:35,7,-0.661328971385956,-46.7162780761719,-46.05494910478595,89.6,32.25,3.278,3.262,0.3474110885150739,True,5,134800
12,5,2016-02-19T01:30:35,8,-0.661328971385956,-46.7162780761719,-46.05494910478595,89.6,32.25,3.252,3.16,1.9976137589616654,True,5,134800
12,5,2016-02-19T03:03:23,1,-34.0981178283691,-60.8422660827637,-26.744148254394602,93.1,30.0,3.354,3.335,0.710435786523059,True,5,134801
12,5,2016-02-19T03:03:23,2,-34.0981178283691,-60.8422660827637,-26.744148254394602,93.1,30.0,3.354,3.336,0.6730444293376394,True,5,134801
12,5,2016-02-19T03:03:23,3,-34.0981178283691,-60.8422660827637,-26.744148254394602,93.1,30.0,3.353,3.335,0.6730444293376394,True,5,134801
12,5,2016-02-19T03:03:23,4,-34.0981178283691,-60.8422660827637,-26.744148254394602,93.1,30.0,3.353,3.336,0.6356530721522196,True,5,134801
12,5,2016-02-19T03:03:23,5,-34.0981178283691,-60.8422660827637,-26.744148254394602,93.1,30.0,3.352,3.335,0.635653072152203,True,5,134801
12,5,2016-02-19T03:03:23,6,-34.0981178283691,-60.8422660827637,-26.744148254394602,93.1,30.0,3.351,3.334,0.635653072152203,True,5,134801
12,5,2016-02-19T03:03:23,7,-34.0981178283691,-60.8422660827637,-26.744148254394602,93.1,30.0,3.348,3.33,0.6730444293376227,True,5,134801
12,5,2016-02-19T03:03:23,8,-34.0981178283691,-60.8422660827637,-26.744148254394602,93.1,30.0,3.267,3.191,2.84174314609222,True,5,134801
12,5,2016-02-19T07:50:34,1,-43.4096336364746,-62.9585151672363,-19.548881530761697,93.9,25.5,3.344,3.325,0.9719226120482491,True,5,134802
12,5,2016-02-19T07:50:34,2,-43.4096336364746,-62.9585151672363,-19.548881530761697,93.9,25.5,3.345,3.326,0.9719226120482718,True,5,134802
12,5,2016-02-19T07:50:34,3,-43.4096336364746,-62.9585151672363,-19.548881530761697,93.9,25.5,3.345,3.328,0.8696149686747816,True,5,134802
12,5,2016-02-19T07:50:34,4,-43.4096336364746,-62.9585151672363,-19.548881530761697,93.9,25.5,3.346,3.328,0.9207687903615266,True,5,134802
12,5,2016-02-19T07:50:34,5,-43.4096336364746,-62.9585151672363,-19.548881530761697,93.9,25.5,3.345,3.327,0.9207687903615266,True,5,134802
12,5,2016-02-19T07:50:34,6,-43.4096336364746,-62.9585151672363,-19.548881530761697,93.9,25.5,3.344,3.327,0.8696149686747587,True,5,134802
12,5,2016-02-19T07:50:34,7,-43.4096336364746,-62.9585151672363,-19.548881530761697,93.9,25.5,3.339,3.323,0.8184611469880136,True,5,134802
12,5,2016-02-19T07:50:34,8,-43.4096336364746,-62.9585151672363,-19.548881530761697,93.9,25.5,3.228,3.164,3.2738445879520546,True,5,134802
12,5,2016-02-19T11:07:47,1,-32.563835144043,-50.366813659668,-17.802978515625,91.0,30.75,3.34,3.327,0.7302148900865264,True,5,134803
12,5,2016-02-19T11:07:47,2,-32.563835144043,-50.366813659668,-17.802978515625,91.0,30.75,3.34,3.326,0.7863852662470227,True,5,134803
12,5,2016-02-19T11:07:47,3,-32.563835144043,-50.366813659668,-17.802978515625,91.0,30.75,3.341,3.328,0.7302148900865513,True,5,134803
12,5,2016-02-19T11:07:47,4,-32.563835144043,-50.366813659668,-17.802978515625,91.0,30.75,3.34,3.326,0.7863852662470227,True,5,134803
12,5,2016-02-19T11:07:47,5,-32.563835144043,-50.366813659668,-17.802978515625,91.0,30.75,3.339,3.325,0.7863852662470227,True,5,134803
12,5,2016-02-19T11:07:47,6,-32.563835144043,-50.366813659668,-17.802978515625,91.0,30.75,3.34,3.327,0.7302148900865264,True,5,134803
12,5,2016-02-19T11:07:47,7,-32.563835144043,-50.366813659668,-17.802978515625,91.0,30.75,3.335,3.324,0.6178741377655338,True,5,134803
12,5,2016-02-19T11:07:47,8,-32.563835144043,-50.366813659668,-17.802978515625,91.0,30.75,3.238,3.171,3.7634152027536745,True,5,134803
12,5,2016-02-19T14:54:33,1,-5.39644432067871,-50.0229225158691,-44.62647819519039,92.9,33.75,3.362,3.336,0.5826137542442771,True,5,134804
12,5,2016-02-19T14:54:33,2,-5.39644432067871,-50.0229225158691,-44.62647819519039,92.9,33.75,3.362,3.336,0.5826137542442771,True,5,134804
12,5,2016-02-19T14:54:33,3,-5.39644432067871,-50.0229225158691,-44.62647819519039,92.9,33.75,3.362,3.337,0.5602055329271823,True,5,134804
12,5,2016-02-19T14:54:33,4,-5.39644432067871,-50.0229225158691,-44.62647819519039,92.9,33.75,3.36,3.336,0.5377973116100975,True,5,134804
12,5,2016-02-19T14:54:33,5,-5.39644432067871,-50.0229225158691,-44.62647819519039,92.9,33.75,3.359,3.335,0.5377973116100975,True,5,134804
12,5,2016-02-19T14:54:33,6,-5.39644432067871,-50.0229225158691,-44.62647819519039,92.9,33.75,3.358,3.336,0.49298086897592763,True,5,134804
12,5,2016-02-19T14:54:33,7,-5.39644432067871,-50.0229225158691,-44.62647819519039,92.9,33.75,3.356,3.331,0.5602055329271823,True,5,134804
12,5,2016-02-19T14:54:33,8,-5.39644432067871,-50.0229225158691,-44.62647819519039,92.9,33.75,3.319,3.214,2.3528632382941734,True,5,134804
12,5,2016-02-19T15:11:11,1,-24.6278915405273,-41.1611137390137,-16.5332221984864,89.0,31.75,3.34,3.328,0.725811330419221,True,6,134805
12,5,2016-02-19T15:11:11,2,-24.6278915405273,-41.1611137390137,-16.5332221984864,89.0,31.75,3.34,3.328,0.725811330419221,True,6,134805
12,5,2016-02-19T15:11:11,3,-24.6278915405273,-41.1611137390137,-16.5332221984864,89.0,31.75,3.341,3.33,0.6653270528842926,True,6,134805
12,5,2016-02-19T15:11:11,4,-24.6278915405273,-41.1611137390137,-16.5332221984864,89.0,31.75,3.339,3.328,0.6653270528842926,True,6,134805
12,5,2016-02-19T15:11:11,5,-24.6278915405273,-41.1611137390137,-16.5332221984864,89.0,31.75,3.337,3.326,0.6653270528842926,True,6,134805
12,5,2016-02-19T15:11:11,6,-24.6278915405273,-41.1611137390137,-16.5332221984864,89.0,31.75,3.339,3.328,0.6653270528842926,True,6,134805
12,5,2016-02-19T15:11:11,7,-24.6278915405273,-41.1611137390137,-16.5332221984864,89.0,31.75,3.335,3.326,0.544358497814409,True,6,134805
12,5,2016-02-19T15:11:11,8,-24.6278915405273,-41.1611137390137,-16.5332221984864,89.0,31.75,3.274,3.231,2.6008239340022152,True,6,134805
12,5,2016-02-19T19:07:47,1,-0.846501052379608,-31.4528045654297,-30.606303513050094,91.8,25.5,3.318,3.305,0.42474910419864603,True,5,134806
12,5,2016-02-19T19:07:47,2,-0.846501052379608,-31.4528045654297,-30.606303513050094,91.8,25.5,3.32,3.306,0.45742211221392315,True,5,134806
12,5,2016-02-19T19:07:47,3,-0.846501052379608,-31.4528045654297,-30.606303513050094,91.8,25.5,3.322,3.309,0.42474910419864603,True,5,134806
12,5,2016-02-19T19:07:47,4,-0.846501052379608,-31.4528045654297,-30.606303513050094,91.8,25.5,3.318,3.306,0.3920760961833689,True,5,134806
12,5,2016-02-19T19:07:47,5,-0.846501052379608,-31.4528045654297,-30.606303513050094,91.8,25.5,3.318,3.306,0.3920760961833689,True,5,134806
12,5,2016-02-19T19:07:47,6,-0.846501052379608,-31.4528045654297,-30.606303513050094,91.8,25.5,3.32,3.308,0.3920760961833689,True,5,134806
12,5,2016-02-19T19:07:47,7,-0.846501052379608,-31.4528045654297,-30.606303513050094,91.8,25.5,3.317,3.305,0.3920760961833689,True,5,134806
12,5,2016-02-19T19:07:47,8,-0.846501052379608,-31.4528045654297,-30.606303513050094,91.8,25.5,3.311,3.27,1.339593328626507,True,5,134806
12,5,2016-02-19T21:29:29,1,-0.872954249382019,-70.3918533325195,-69.51889908313748,93.7,25.25,3.321,3.287,0.48907563911994256,True,6,134807
12,5,2016-02-19T21:29:29,2,-0.872954249382019,-70.3918533325195,-69.51889908313748,93.7,25.25,3.321,3.286,0.5034602167411156,True,6,134807
12,5,2016-02-19T21:29:29,3,-0.872954249382019,-70.3918533325195,-69.51889908313748,93.7,25.25,3.325,3.291,0.48907563911994256,True,6,134807
12,5,2016-02-19T21:29:29,4,-0.872954249382019,-70.3918533325195,-69.51889908313748,93.7,25.25,3.319,3.289,0.4315373286352374,True,6,134807
12,5,2016-02-19T21:29:29,5,-0.872954249382019,-70.3918533325195,-69.51889908313748,93.7,25.25,3.318,3.287,0.44592190625641687,True,6,134807
12,5,2016-02-19T21:29:29,6,-0.872954249382019,-70.3918533325195,-69.51889908313748,93.7,25.25,3.321,3.291,0.4315373286352438,True,6,134807
12,5,2016-02-19T21:29:29,7,-0.872954249382019,-70.3918533325195,-69.51889908313748,93.7,25.25,3.319,3.288,0.44592190625641687,True,6,134807
12,5,2016-02-19T21:29:29,8,-0.872954249382019,-70.3918533325195,-69.51889908313748,93.7,25.25,3.317,3.244,1.0500741663457505,True,6,134807
12,5,2016-02-20T01:16:16,1,-59.4666976928711,-64.5192565917969,-5.052558898925803,93.6,24.75,3.287,3.283,0.7916780546289964,True,6,134808
12,5,2016-02-20T01:16:16,2,-59.4666976928711,-64.5192565917969,-5.052558898925803,93.6,24.75,3.287,3.282,0.9895975682862235,True,6,134808
12,5,2016-02-20T01:16:16,3,-59.4666976928711,-64.5192565917969,-5.052558898925803,93.6,24.75,3.29,3.285,0.9895975682862235,True,6,134808
12,5,2016-02-20T01:16:16,4,-59.4666976928711,-64.5192565917969,-5.052558898925803,93.6,24.75,3.289,3.284,0.9895975682863115,True,6,134808
12,5,2016-02-20T01:16:16,5,-59.4666976928711,-64.5192565917969,-5.052558898925803,93.6,24.75,3.287,3.283,0.7916780546289964,True,6,134808
12,5,2016-02-20T01:16:16,6,-59.4666976928711,-64.5192565917969,-5.052558898925803,93.6,24.75,3.289,3.285,0.7916780546289964,True,6,134808
12,5,2016-02-20T01:16:16,7,-59.4666976928711,-64.5192565917969,-5.052558898925803,93.6,24.75,3.285,3.281,0.7916780546289964,True,6,134808
12,5,2016-02-20T01:16:16,8,-59.4666976928711,-64.5192565917969,-5.052558898925803,93.6,24.75,3.269,3.262,1.3854365956007657,True,6,134808
12,5,2016-02-20T07:58:32,1,-17.0887413024902,-30.3682270050049,-13.279485702514702,89.1,21.75,3.256,3.252,0.30121648455425754,True,5,134810
12,5,2016-02-20T07:58:32,2,-17.0887413024902,-30.3682270050049,-13.279485702514702,89.1,21.75,3.251,3.245,0.4518247268313696,True,5,134810
12,5,2016-02-20T07:58:32,3,-17.0887413024902,-30.3682270050049,-13.279485702514702,89.1,21.75,3.263,3.26,0.2259123634157015,True,5,134810
12,5,2016-02-20T07:58:32,4,-17.0887413024902,-30.3682270050049,-13.279485702514702,89.1,21.75,3.254,3.25,0.30121648455425754,True,5,134810
12,5,2016-02-20T07:58:32,5,-17.0887413024902,-30.3682270050049,-13.279485702514702,89.1,21.75,3.252,3.246,0.4518247268313696,True,5,134810
12,5,2016-02-20T07:58:32,6,-17.0887413024902,-30.3682270050049,-13.279485702514702,89.1,21.75,3.261,3.257,0.30121648455425754,True,5,134810
12,5,2016-02-20T07:58:32,7,-17.0887413024902,-30.3682270050049,-13.279485702514702,89.1,21.75,3.257,3.253,0.30121648455425754,True,5,134810
12,5,2016-02-20T07:58:32,8,-17.0887413024902,-30.3682270050049,-13.279485702514702,89.1,21.75,3.237,3.227,0.7530412113856606,True,5,134810
12,5,2016-02-20T09:01:06,1,-5.26417827606201,-101.831436157227,-96.56725788116499,86.1,22.0,3.323,3.274,0.5074183638961665,True,5,134811
12,5,2016-02-20T09:01:06,2,-5.26417827606201,-101.831436157227,-96.56725788116499,86.1,22.0,3.323,3.27,0.5488402711529965,True,5,134811
12,5,2016-02-20T09:01:06,3,-5.26417827606201,-101.831436157227,-96.56725788116499,86.1,22.0,3.325,3.275,0.5177738407103776,True,5,134811
12,5,2016-02-20T09:01:06,4,-5.26417827606201,-101.831436157227,-96.56725788116499,86.1,22.0,3.321,3.274,0.4867074102677538,True,5,134811
12,5,2016-02-20T09:01:06,5,-5.26417827606201,-101.831436157227,-96.56725788116499,86.1,22.0,3.32,3.272,0.4970628870819601,True,5,134811
12,5,2016-02-20T09:01:06,6,-5.26417827606201,-101.831436157227,-96.56725788116499,86.1,22.0,3.322,3.273,0.5074183638961665,True,5,134811
12,5,2016-02-20T09:01:06,7,-5.26417827606201,-101.831436157227,-96.56725788116499,86.1,22.0,3.32,3.271,0.5074183638961665,True,5,134811
12,5,2016-02-20T09:01:06,8,-5.26417827606201,-101.831436157227,-96.56725788116499,86.1,22.0,3.314,3.231,0.8595045755792239,True,5,134811
12,5,2016-02-20T12:00:00,1,-0.555516362190247,-149.597732543945,-149.04221618175475,92.4,26.5,3.318,3.235,0.5568891964058219,True,1,134812
12,5,2016-02-20T12:00:00,2,-0.555516362190247,-149.597732543945,-149.04221618175475,92.4,26.5,3.316,3.228,0.590436738357976,True,1,134812
12,5,2016-02-20T12:00:00,3,-0.555516362190247,-149.597732543945,-149.04221618175475,92.4,26.5,3.321,3.239,0.550179688015391,True,1,134812
12,5,2016-02-20T12:00:00,4,-0.555516362190247,-149.597732543945,-149.04221618175475,92.4,26.5,3.315,3.236,0.5300511628440926,True,1,134812
12,5,2016-02-20T12:00:00,5,-0.555516362190247,-149.597732543945,-149.04221618175475,92.4,26.5,3.313,3.231,0.550179688015391,True,1,134812
12,5,2016-02-20T12:00:00,6,-0.555516362190247,-149.597732543945,-149.04221618175475,92.4,26.5,3.318,3.237,0.5434701796249573,True,1,134812
12,5,2016-02-20T12:00:00,7,-0.555516362190247,-149.597732543945,-149.04221618175475,92.4,26.5,3.315,3.235,0.5367606712345263,True,1,134812
12,5,2016-02-20T12:00:00,8,-0.555516362190247,-149.597732543945,-149.04221618175475,92.4,26.5,3.309,3.182,0.8521075655848114,True,1,134812
12,5,2016-02-20T16:53:53,1,-0.740688443183899,-23.7549362182617,-23.014247775077802,88.8,33.75,3.284,3.281,0.13035403239415796,True,6,134813
12,5,2016-02-20T16:53:53,2,-0.740688443183899,-23.7549362182617,-23.014247775077802,88.8,33.75,3.28,3.276,0.17380537652556324,True,6,134813
12,5,2016-02-20T16:53:53,3,-0.740688443183899,-23.7549362182617,-23.014247775077802,88.8,33.75,3.292,3.289,0.13035403239415796,True,6,134813
12,5,2016-02-20T16:53:53,4,-0.740688443183899,-23.7549362182617,-23.014247775077802,88.8,33.75,3.281,3.278,0.13035403239417725,True,6,134813
12,5,2016-02-20T16:53:53,5,-0.740688443183899,-23.7549362182617,-23.014247775077802,88.8,33.75,3.278,3.274,0.17380537652556324,True,6,134813
12,5,2016-02-20T16:53:53,6,-0.740688443183899,-23.7549362182617,-23.014247775077802,88.8,33.75,3.288,3.285,0.13035403239415796,True,6,134813
12,5,2016-02-20T16:53:53,7,-0.740688443183899,-23.7549362182617,-23.014247775077802,88.8,33.75,3.286,3.283,0.13035403239417725,True,6,134813
12,5,2016-02-20T16:53:53,8,-0.740688443183899,-23.7549362182617,-23.014247775077802,88.8,33.75,3.273,3.263,0.4345134413139177,True,6,134813
12,5,2016-02-20T20:43:53,1,-0.581969499588013,-10.3167314529419,-9.734761953353887,92.4,30.0,3.302,3.301,0.10272464851134475,True,5,134814
12,5,2016-02-20T20:43:53,2,-0.581969499588013,-10.3167314529419,-9.734761953353887,92.4,30.0,3.302,3.301,0.10272464851134475,True,5,134814
12,5,2016-02-20T20:43:53,3,-0.581969499588013,-10.3167314529419,-9.734761953353887,92.4,30.0,3.307,3.304,0.3081739455340799,True,5,134814
12,5,2016-02-20T20:43:53,4,-0.581969499588013,-10.3167314529419,-9.734761953353887,92.4,30.0,3.301,3.3,0.10272464851139036,True,5,134814
12,5,2016-02-20T20:43:53,5,-0.581969499588013,-10.3167314529419,-9.734761953353887,92.4,30.0,3.301,3.299,0.20544929702273512,True,5,134814
12,5,2016-02-20T20:43:53,6,-0.581969499588013,-10.3167314529419,-9.734761953353887,92.4,30.0,3.304,3.302,0.2054492970226895,True,5,134814
12,5,2016-02-20T20:43:53,7,-0.581969499588013,-10.3167314529419,-9.734761953353887,92.4,30.0,3.302,3.3,0.20544929702273512,True,5,134814
12,5,2016-02-20T20:43:53,8,-0.581969499588013,-10.3167314529419,-9.734761953353887,92.4,30.0,3.295,3.288,0.7190725395795046,True,5,134814
12,5,2016-02-20T21:05:10,1,-0.793594777584076,-67.6407241821289,-66.84712940454483,90.6,29.25,3.329,3.303,0.3889471430052544,True,5,134815
12,5,2016-02-20T21:05:10,2,-0.793594777584076,-67.6407241821289,-66.84712940454483,90.6,29.25,3.33,3.302,0.418866154005655,True,5,134815
12,5,2016-02-20T21:05:10,3,-0.793594777584076,-67.6407241821289,-66.84712940454483,90.6,29.25,3.331,3.304,0.4039066485054547,True,5,134815
12,5,2016-02-20T21:05:10,4,-0.793594777584076,-67.6407241821289,-66.84712940454483,90.6,29.25,3.327,3.303,0.3590281320048472,True,5,134815
12,5,2016-02-20T21:05:10,5,-0.793594777584076,-67.6407241821289,-66.84712940454483,90.6,29.25,3.326,3.301,0.37398763750504743,True,5,134815
12,5,2016-02-20T21:05:10,6,-0.793594777584076,-67.6407241821289,-66.84712940454483,90.6,29.25,3.328,3.302,0.3889471430052478,True,5,134815
12,5,2016-02-20T21:05:10,7,-0.793594777584076,-67.6407241821289,-66.84712940454483,90.6,29.25,3.326,3.299,0.4039066485054547,True,5,134815
12,5,2016-02-20T21:05:10,8,-0.793594777584076,-67.6407241821289,-66.84712940454483,90.6,29.25,3.324,3.261,0.9424488465127188,True,5,134815
12,5,2016-02-21T00:08:38,1,-0.714235246181488,-51.0281410217285,-50.31390577554701,91.0,31.0,3.334,3.315,0.37762920026046337,True,5,134816
12,5,2016-02-21T00:08:38,2,-0.714235246181488,-51.0281410217285,-50.31390577554701,91.0,31.0,3.335,3.315,0.3975044213268012,True,5,134816
12,5,2016-02-21T00:08:38,3,-0.714235246181488,-51.0281410217285,-50.31390577554701,91.0,31.0,3.336,3.317,0.37762920026045455,True,5,134816
12,5,2016-02-21T00:08:38,4,-0.714235246181488,-51.0281410217285,-50.31390577554701,91.0,31.0,3.332,3.314,0.35775397919411667,True,5,134816
12,5,2016-02-21T00:08:38,5,-0.714235246181488,-51.0281410217285,-50.31390577554701,91.0,31.0,3.332,3.313,0.37762920026045455,True,5,134816
12,5,2016-02-21T00:08:38,6,-0.714235246181488,-51.0281410217285,-50.31390577554701,91.0,31.0,3.334,3.314,0.3975044213268012,True,5,134816
12,5,2016-02-21T00:08:38,7,-0.714235246181488,-51.0281410217285,-50.31390577554701,91.0,31.0,3.329,3.312,0.33787875812778767,True,5,134816
12,5,2016-02-21T00:08:38,8,-0.714235246181488,-51.0281410217285,-50.31390577554701,91.0,31.0,3.33,3.297,0.6558822951892198,True,5,134816
12,5,2016-02-21T07:35:19,1,-0.740688443183899,-20.9509029388428,-20.2102144956589,93.8,24.0,3.323,3.315,0.3958394405818101,True,5,134818
12,5,2016-02-21T07:35:19,2,-0.740688443183899,-20.9509029388428,-20.2102144956589,93.8,24.0,3.324,3.315,0.44531937065453087,True,5,134818
12,5,2016-02-21T07:35:19,3,-0.740688443183899,-20.9509029388428,-20.2102144956589,93.8,24.0,3.327,3.318,0.44531937065453087,True,5,134818
12,5,2016-02-21T07:35:19,4,-0.740688443183899,-20.9509029388428,-20.2102144956589,93.8,24.0,3.322,3.315,0.3463595105090893,True,5,134818
12,5,2016-02-21T07:35:19,5,-0.740688443183899,-20.9509029388428,-20.2102144956589,93.8,24.0,3.321,3.314,0.3463595105090893,True,5,134818
12,5,2016-02-21T07:35:19,6,-0.740688443183899,-20.9509029388428,-20.2102144956589,93.8,24.0,3.324,3.316,0.3958394405818101,True,5,134818
12,5,2016-02-21T07:35:19,7,-0.740688443183899,-20.9509029388428,-20.2102144956589,93.8,24.0,3.32,3.312,0.3958394405818101,True,5,134818
12,5,2016-02-21T07:35:19,8,-0.740688443183899,-20.9509029388428,-20.2102144956589,93.8,24.0,3.318,3.303,0.7421989510908993,True,5,134818
12,5,2016-02-21T09:10:30,1,-0.714235246181488,-66.4767913818359,-65.7625561356544,88.9,28.25,3.344,3.314,0.4561866472786744,True,5,134819
12,5,2016-02-21T09:10:30,2,-0.714235246181488,-66.4767913818359,-65.7625561356544,88.9,28.25,3.345,3.313,0.4865990904305897,True,5,134819
12,5,2016-02-21T09:10:30,3,-0.714235246181488,-66.4767913818359,-65.7625561356544,88.9,28.25,3.344,3.313,0.47139286885462867,True,5,134819
12,5,2016-02-21T09:10:30,4,-0.714235246181488,-66.4767913818359,-65.7625561356544,88.9,28.25,3.342,3.313,0.44098042570272017,True,5,134819
12,5,2016-02-21T09:10:30,5,-0.714235246181488,-66.4767913818359,-65.7625561356544,88.9,28.25,3.341,3.313,0.425774204126766,True,5,134819
12,5,2016-02-21T09:10:30,6,-0.714235246181488,-66.4767913818359,-65.7625561356544,88.9,28.25,3.341,3.312,0.440980425702727,True,5,134819
12,5,2016-02-21T09:10:30,7,-0.714235246181488,-66.4767913818359,-65.7625561356544,88.9,28.25,3.338,3.31,0.425774204126766,True,5,134819
12,5,2016-02-21T09:10:30,8,-0.714235246181488,-66.4767913818359,-65.7625561356544,88.9,28.25,3.341,3.285,0.851548408253532,True,5,134819
12,5,2016-02-21T12:09:54,1,-0.714235246181488,-20.289571762085,-19.575336515903512,88.3,32.5,3.345,3.339,0.3065081407477042,True,5,134820
12,5,2016-02-21T12:09:54,2,-0.714235246181488,-20.289571762085,-19.575336515903512,88.3,32.5,3.348,3.339,0.4597622111215336,True,5,134820
12,5,2016-02-21T12:09:54,3,-0.714235246181488,-20.289571762085,-19.575336515903512,88.3,32.5,3.347,3.339,0.4086775209969238,True,5,134820
12,5,2016-02-21T12:09:54,4,-0.714235246181488,-20.289571762085,-19.575336515903512,88.3,32.5,3.344,3.337,0.3575928308722913,True,5,134820
12,5,2016-02-21T12:09:54,5,-0.714235246181488,-20.289571762085,-19.575336515903512,88.3,32.5,3.344,3.337,0.3575928308722913,True,5,134820
12,5,2016-02-21T12:09:54,6,-0.714235246181488,-20.289571762085,-19.575336515903512,88.3,32.5,3.343,3.336,0.357592830872314,True,5,134820
12,5,2016-02-21T12:09:54,7,-0.714235246181488,-20.289571762085,-19.575336515903512,88.3,32.5,3.34,3.333,0.3575928308722913,True,5,134820
12,5,2016-02-21T12:09:54,8,-0.714235246181488,-20.289571762085,-19.575336515903512,88.3,32.5,3.343,3.329,0.7151856617446053,True,5,134820
12,5,2016-02-21T15:07:27,1,-0.714235246181488,-32.1405868530273,-31.426351606845813,85.5,33.5,3.329,3.318,0.3500247224881146,True,5,134821
12,5,2016-02-21T15:07:27,2,-0.714235246181488,-32.1405868530273,-31.426351606845813,85.5,33.5,3.329,3.317,0.38184515180521206,True,5,134821
12,5,2016-02-21T15:07:27,3,-0.714235246181488,-32.1405868530273,-31.426351606845813,85.5,33.5,3.33,3.319,0.3500247224881146,True,5,134821
12,5,2016-02-21T15:07:27,4,-0.714235246181488,-32.1405868530273,-31.426351606845813,85.5,33.5,3.326,3.315,0.3500247224881146,True,5,134821
12,5,2016-02-21T15:07:27,5,-0.714235246181488,-32.1405868530273,-31.426351606845813,85.5,33.5,3.325,3.314,0.3500247224881146,True,5,134821
12,5,2016-02-21T15:07:27,6,-0.714235246181488,-32.1405868530273,-31.426351606845813,85.5,33.5,3.327,3.316,0.3500247224881146,True,5,134821
12,5,2016-02-21T15:07:27,7,-0.714235246181488,-32.1405868530273,-31.426351606845813,85.5,33.5,3.326,3.315,0.3500247224881146,True,5,134821
12,5,2016-02-21T15:07:27,8,-0.714235246181488,-32.1405868530273,-31.426351606845813,85.5,33.5,3.324,3.3,0.7636903036104241,True,5,134821
12,5,2016-02-21T20:28:28,1,-5.92550754547119,-22.9877948760986,-17.062287330627413,91.1,30.25,3.277,3.274,0.17582636734847426,True,6,134822
12,5,2016-02-21T20:28:28,2,-5.92550754547119,-22.9877948760986,-17.062287330627413,91.1,30.25,3.274,3.269,0.29304394558077307,True,6,134822
12,5,2016-02-21T20:28:28,3,-5.92550754547119,-22.9877948760986,-17.062287330627413,91.1,30.25,3.285,3.283,0.11721757823232484,True,6,134822
12,5,2016-02-21T20:28:28,4,-5.92550754547119,-22.9877948760986,-17.062287330627413,91.1,30.25,3.276,3.273,0.17582636734844823,True,6,134822
12,5,2016-02-21T20:28:28,5,-5.92550754547119,-22.9877948760986,-17.062287330627413,91.1,30.25,3.274,3.271,0.17582636734847426,True,6,134822
12,5,2016-02-21T20:28:28,6,-5.92550754547119,-22.9877948760986,-17.062287330627413,91.1,30.25,3.283,3.28,0.17582636734847426,True,6,134822
12,5,2016-02-21T20:28:28,7,-5.92550754547119,-22.9877948760986,-17.062287330627413,91.1,30.25,3.279,3.277,0.11721757823229882,True,6,134822
12,5,2016-02-21T20:28:28,8,-5.92550754547119,-22.9877948760986,-17.062287330627413,91.1,30.25,3.265,3.25,0.8791318367423452,True,6,134822
12,5,2016-02-21T21:03:43,1,-0.740688443183899,-28.7016754150391,-27.960986971855203,90.8,29.75,3.34,3.328,0.4291693999242193,True,5,134823
12,5,2016-02-21T21:03:43,2,-0.740688443183899,-28.7016754150391,-27.960986971855203,90.8,29.75,3.342,3.328,0.5006976332449304,True,5,134823
12,5,2016-02-21T21:03:43,3,-0.740688443183899,-28.7016754150391,-27.960986971855203,90.8,29.75,3.342,3.329,0.4649335165845669,True,5,134823
12,5,2016-02-21T21:03:43,4,-0.740688443183899,-28.7016754150391,-27.960986971855203,90.8,29.75,3.339,3.327,0.4291693999242193,True,5,134823
12,5,2016-02-21T21:03:43,5,-0.740688443183899,-28.7016754150391,-27.960986971855203,90.8,29.75,3.338,3.326,0.4291693999242193,True,5,134823
12,5,2016-02-21T21:03:43,6,-0.740688443183899,-28.7016754150391,-27.960986971855203,90.8,29.75,3.339,3.327,0.4291693999242193,True,5,134823
12,5,2016-02-21T21:03:43,7,-0.740688443183899,-28.7016754150391,-27.960986971855203,90.8,29.75,3.335,3.324,0.39340528326387164,True,5,134823
12,5,2016-02-21T21:03:43,8,-0.740688443183899,-28.7016754150391,-27.960986971855203,90.8,29.75,3.337,3.31,0.9656311498294974,True,5,134823
12,5,2016-02-22T00:51:00,1,-11.8510150909424,-43.8064308166504,-31.955415725707997,91.1,30.5,3.281,3.272,0.2816424006889035,True,5,134824
12,5,2016-02-22T00:51:00,2,-11.8510150909424,-43.8064308166504,-31.955415725707997,91.1,30.5,3.277,3.267,0.31293600076544376,True,5,134824
12,5,2016-02-22T00:51:00,3,-11.8510150909424,-43.8064308166504,-31.955415725707997,91.1,30.5,3.288,3.28,0.25034880061234943,True,5,134824
12,5,2016-02-22T00:51:00,4,-11.8510150909424,-43.8064308166504,-31.955415725707997,91.1,30.5,3.279,3.27,0.2816424006888896,True,5,134824
12,5,2016-02-22T00:51:00,5,-11.8510150909424,-43.8064308166504,-31.955415725707997,91.1,30.5,3.276,3.267,0.2816424006888896,True,5,134824
12,5,2016-02-22T00:51:00,6,-11.8510150909424,-43.8064308166504,-31.955415725707997,91.1,30.5,3.285,3.277,0.25034880061234943,True,5,134824
12,5,2016-02-22T00:51:00,7,-11.8510150909424,-43.8064308166504,-31.955415725707997,91.1,30.5,3.282,3.274,0.25034880061234943,True,5,134824
12,5,2016-02-22T00:51:00,8,-11.8510150909424,-43.8064308166504,-31.955415725707997,91.1,30.5,3.268,3.246,0.688459201683954,True,5,134824
12,5,2016-02-22T04:35:14,1,-0.740688443183899,-28.01389503479,-27.2732065916061,88.3,30.25,3.336,3.325,0.40332624486426016,True,5,134825
12,5,2016-02-22T04:35:14,2,-0.740688443183899,-28.01389503479,-27.2732065916061,88.3,30.25,3.336,3.324,0.4399922671246608,True,5,134825
12,5,2016-02-22T04:35:14,3,-0.740688443183899,-28.01389503479,-27.2732065916061,88.3,30.25,3.336,3.325,0.40332624486426016,True,5,134825
12,5,2016-02-22T04:35:14,4,-0.740688443183899,-28.01389503479,-27.2732065916061,88.3,30.25,3.333,3.322,0.40332624486427643,True,5,134825
12,5,2016-02-22T04:35:14,5,-0.740688443183899,-28.01389503479,-27.2732065916061,88.3,30.25,3.332,3.322,0.3666602226038759,True,5,134825
12,5,2016-02-22T04:35:14,6,-0.740688443183899,-28.01389503479,-27.2732065916061,88.3,30.25,3.333,3.322,0.40332624486427643,True,5,134825
12,5,2016-02-22T04:35:14,7,-0.740688443183899,-28.01389503479,-27.2732065916061,88.3,30.25,3.329,3.32,0.3299942003435078,True,5,134825
12,5,2016-02-22T04:35:14,8,-0.740688443183899,-28.01389503479,-27.2732065916061,88.3,30.25,3.331,3.307,0.8799845342493215,True,5,134825
12,5,2016-02-22T08:09:19,1,-0.581969499588013,-19.6546955108643,-19.072726011276288,90.7,28.75,3.297,3.291,0.3145853401581333,True,5,134826
12,5,2016-02-22T08:09:19,2,-0.581969499588013,-19.6546955108643,-19.072726011276288,90.7,28.75,3.292,3.286,0.31458534015811,True,5,134826
12,5,2016-02-22T08:09:19,3,-0.581969499588013,-19.6546955108643,-19.072726011276288,90.7,28.75,3.303,3.297,0.31458534015811,True,5,134826
12,5,2016-02-22T08:09:19,4,-0.581969499588013,-19.6546955108643,-19.072726011276288,90.7,28.75,3.293,3.288,0.26215445013178545,True,5,134826
12,5,2016-02-22T08:09:19,5,-0.581969499588013,-19.6546955108643,-19.072726011276288,90.7,28.75,3.29,3.285,0.26215445013176225,True,5,134826
12,5,2016-02-22T08:09:19,6,-0.581969499588013,-19.6546955108643,-19.072726011276288,90.7,28.75,3.299,3.293,0.31458534015811,True,5,134826
12,5,2016-02-22T08:09:19,7,-0.581969499588013,-19.6546955108643,-19.072726011276288,90.7,28.75,3.297,3.291,0.3145853401581333,True,5,134826
12,5,2016-02-22T08:09:19,8,-0.581969499588013,-19.6546955108643,-19.072726011276288,90.7,28.75,3.285,3.269,0.8388942404216577,True,5,134826
12,5,2016-02-22T09:05:05,1,-0.714235246181488,-6.08422660827637,-5.369991362094882,85.6,27.0,3.328,3.326,0.37244007767259457,True,6,134827
12,5,2016-02-22T09:05:05,2,-0.714235246181488,-6.08422660827637,-5.369991362094882,85.6,27.0,3.329,3.326,0.5586601165089745,True,6,134827
12,5,2016-02-22T09:05:05,3,-0.714235246181488,-6.08422660827637,-5.369991362094882,85.6,27.0,3.33,3.328,0.3724400776726773,True,6,134827
12,5,2016-02-22T09:05:05,4,-0.714235246181488,-6.08422660827637,-5.369991362094882,85.6,27.0,3.326,3.324,0.3724400776726773,True,6,134827
12,5,2016-02-22T09:05:05,5,-0.714235246181488,-6.08422660827637,-5.369991362094882,85.6,27.0,3.325,3.323,0.3724400776726773,True,6,134827
12,5,2016-02-22T09:05:05,6,-0.714235246181488,-6.08422660827637,-5.369991362094882,85.6,27.0,3.327,3.324,0.5586601165089745,True,6,134827
12,5,2016-02-22T09:05:05,7,-0.714235246181488,-6.08422660827637,-5.369991362094882,85.6,27.0,3.325,3.323,0.3724400776726773,True,6,134827
12,5,2016-02-22T09:05:05,8,-0.714235246181488,-6.08422660827637,-5.369991362094882,85.6,27.0,3.323,3.317,1.1173202330178664,True,6,134827
12,5,2016-02-22T12:12:17,1,-0.846501052379608,-35.4736862182617,-34.62718516588209,88.3,32.25,3.283,3.274,0.259911394959921,True,5,134828
12,5,2016-02-22T12:12:17,2,-0.846501052379608,-35.4736862182617,-34.62718516588209,88.3,32.25,3.278,3.267,0.31766948272879947,True,5,134828
12,5,2016-02-22T12:12:17,3,-0.846501052379608,-35.4736862182617,-34.62718516588209,88.3,32.25,3.291,3.281,0.2887904388443538,True,5,134828
12,5,2016-02-22T12:12:17,4,-0.846501052379608,-35.4736862182617,-34.62718516588209,88.3,32.25,3.279,3.27,0.259911394959921,True,5,134828
12,5,2016-02-22T12:12:17,5,-0.846501052379608,-35.4736862182617,-34.62718516588209,88.3,32.25,3.276,3.267,0.259911394959921,True,5,134828
12,5,2016-02-22T12:12:17,6,-0.846501052379608,-35.4736862182617,-34.62718516588209,88.3,32.25,3.287,3.278,0.259911394959921,True,5,134828
12,5,2016-02-22T12:12:17,7,-0.846501052379608,-35.4736862182617,-34.62718516588209,88.3,32.25,3.285,3.276,0.2599113949599338,True,5,134828
12,5,2016-02-22T12:12:17,8,-0.846501052379608,-35.4736862182617,-34.62718516588209,88.3,32.25,3.273,3.247,0.7508551409953429,True,5,134828
12,5,2016-02-22T17:12:06,1,-0.608422636985779,-18.173318862915,-17.56489622592922,87.8,36.75,3.288,3.284,0.22772693607464764,True,5,134829
12,5,2016-02-22T17:12:06,2,-0.608422636985779,-18.173318862915,-17.56489622592922,87.8,36.75,3.283,3.278,0.28465867009330326,True,5,134829
12,5,2016-02-22T17:12:06,3,-0.608422636985779,-18.173318862915,-17.56489622592922,87.8,36.75,3.296,3.291,0.28465867009330326,True,5,134829
12,5,2016-02-22T17:12:06,4,-0.608422636985779,-18.173318862915,-17.56489622592922,87.8,36.75,3.284,3.28,0.22772693607464764,True,5,134829
12,5,2016-02-22T17:12:06,5,-0.608422636985779,-18.173318862915,-17.56489622592922,87.8,36.75,3.281,3.277,0.22772693607464764,True,5,134829
12,5,2016-02-22T17:12:06,6,-0.608422636985779,-18.173318862915,-17.56489622592922,87.8,36.75,3.293,3.288,0.2846586700933285,True,5,134829
12,5,2016-02-22T17:12:06,7,-0.608422636985779,-18.173318862915,-17.56489622592922,87.8,36.75,3.291,3.286,0.28465867009330326,True,5,134829
12,5,2016-02-22T17:12:06,8,-0.608422636985779,-18.173318862915,-17.56489622592922,87.8,36.75,3.28,3.261,1.0817029463545573,True,5,134829
12,5,2016-02-22T21:03:18,1,-16.8242092132568,-43.3567276000977,-26.5325183868409,87.4,33.75,3.266,3.261,0.18844799905913567,True,5,134831
12,5,2016-02-22T21:03:18,2,-16.8242092132568,-43.3567276000977,-26.5325183868409,87.4,33.75,3.261,3.255,0.2261375988709762,True,5,134831
12,5,2016-02-22T21:03:18,3,-16.8242092132568,-43.3567276000977,-26.5325183868409,87.4,33.75,3.273,3.269,0.15075839924731188,True,5,134831
12,5,2016-02-22T21:03:18,4,-16.8242092132568,-43.3567276000977,-26.5325183868409,87.4,33.75,3.264,3.259,0.18844799905913567,True,5,134831
12,5,2016-02-22T21:03:18,5,-16.8242092132568,-43.3567276000977,-26.5325183868409,87.4,33.75,3.262,3.257,0.18844799905913567,True,5,134831
12,5,2016-02-22T21:03:18,6,-16.8242092132568,-43.3567276000977,-26.5325183868409,87.4,33.75,3.271,3.267,0.15075839924731188,True,5,134831
12,5,2016-02-22T21:03:18,7,-16.8242092132568,-43.3567276000977,-26.5325183868409,87.4,33.75,3.267,3.264,0.1130687994354881,True,5,134831
12,5,2016-02-22T21:03:18,8,-16.8242092132568,-43.3567276000977,-26.5325183868409,87.4,33.75,3.247,3.224,0.8668607956720308,True,5,134831
12,5,2016-02-23T00:08:23,1,-0.714235246181488,-24.8659687042236,-24.151733458042113,93.7,31.5,3.325,3.317,0.3312391640085836,True,5,134832
12,5,2016-02-23T00:08:23,2,-0.714235246181488,-24.8659687042236,-24.151733458042113,93.7,31.5,3.325,3.316,0.37264405950967033,True,5,134832
12,5,2016-02-23T00:08:23,3,-0.714235246181488,-24.8659687042236,-24.151733458042113,93.7,31.5,3.329,3.32,0.37264405950967033,True,5,134832
12,5,2016-02-23T00:08:23,4,-0.714235246181488,-24.8659687042236,-24.151733458042113,93.7,31.5,3.322,3.315,0.28983426850751526,True,5,134832
12,5,2016-02-23T00:08:23,5,-0.714235246181488,-24.8659687042236,-24.151733458042113,93.7,31.5,3.322,3.315,0.28983426850751526,True,5,134832
12,5,2016-02-23T00:08:23,6,-0.714235246181488,-24.8659687042236,-24.151733458042113,93.7,31.5,3.325,3.317,0.3312391640085836,True,5,134832
12,5,2016-02-23T00:08:23,7,-0.714235246181488,-24.8659687042236,-24.151733458042113,93.7,31.5,3.323,3.315,0.3312391640085836,True,5,134832
12,5,2016-02-23T00:08:23,8,-0.714235246181488,-24.8659687042236,-24.151733458042113,93.7,31.5,3.319,3.299,0.8280979100214589,True,5,134832
12,5,2016-02-23T07:50:55,1,-0.740688443183899,-8.12111949920654,-7.3804310560226405,93.9,22.5,3.323,3.32,0.4064803230635193,True,5,134834
12,5,2016-02-23T07:50:55,2,-0.740688443183899,-8.12111949920654,-7.3804310560226405,93.9,22.5,3.324,3.321,0.4064803230634591,True,5,134834
12,5,2016-02-23T07:50:55,3,-0.740688443183899,-8.12111949920654,-7.3804310560226405,93.9,22.5,3.327,3.324,0.4064803230635193,True,5,134834
12,5,2016-02-23T07:50:55,4,-0.740688443183899,-8.12111949920654,-7.3804310560226405,93.9,22.5,3.323,3.32,0.4064803230635193,True,5,134834
12,5,2016-02-23T07:50:55,5,-0.740688443183899,-8.12111949920654,-7.3804310560226405,93.9,22.5,3.321,3.318,0.4064803230635193,True,5,134834
12,5,2016-02-23T07:50:55,6,-0.740688443183899,-8.12111949920654,-7.3804310560226405,93.9,22.5,3.325,3.321,0.5419737640846723,True,5,134834
12,5,2016-02-23T07:50:55,7,-0.740688443183899,-8.12111949920654,-7.3804310560226405,93.9,22.5,3.32,3.318,0.2709868820423061,True,5,134834
12,5,2016-02-23T07:50:55,8,-0.740688443183899,-8.12111949920654,-7.3804310560226405,93.9,22.5,3.319,3.311,1.0839475281693447,True,5,134834
12,5,2016-02-23T09:18:12,1,-1.98398697376251,-31.9289627075195,-29.94497573375699,92.6,28.5,3.305,3.293,0.4007350049869101,True,5,134835
12,5,2016-02-23T09:18:12,2,-1.98398697376251,-31.9289627075195,-29.94497573375699,92.6,28.5,3.301,3.289,0.4007350049869101,True,5,134835
12,5,2016-02-23T09:18:12,3,-1.98398697376251,-31.9289627075195,-29.94497573375699,92.6,28.5,3.311,3.299,0.4007350049869101,True,5,134835
12,5,2016-02-23T09:18:12,4,-1.98398697376251,-31.9289627075195,-29.94497573375699,92.6,28.5,3.303,3.292,0.3673404212380047,True,5,134835
12,5,2016-02-23T09:18:12,5,-1.98398697376251,-31.9289627075195,-29.94497573375699,92.6,28.5,3.299,3.288,0.3673404212380047,True,5,134835
12,5,2016-02-23T09:18:12,6,-1.98398697376251,-31.9289627075195,-29.94497573375699,92.6,28.5,3.309,3.296,0.43412958873583046,True,5,134835
12,5,2016-02-23T09:18:12,7,-1.98398697376251,-31.9289627075195,-29.94497573375699,92.6,28.5,3.305,3.293,0.4007350049869101,True,5,134835
12,5,2016-02-23T09:18:12,8,-1.98398697376251,-31.9289627075195,-29.94497573375699,92.6,28.5,3.295,3.266,0.9684429287183625,True,5,134835
12,5,2016-02-23T12:01:06,1,-0.76714164018631,-65.1276702880859,-64.36052864789959,92.7,26.75,3.322,3.294,0.43504925438355313,True,5,134836
12,5,2016-02-23T12:01:06,2,-0.76714164018631,-65.1276702880859,-64.36052864789959,92.7,26.75,3.322,3.293,0.45058672775439257,True,5,134836
12,5,2016-02-23T12:01:06,3,-0.76714164018631,-65.1276702880859,-64.36052864789959,92.7,26.75,3.326,3.297,0.45058672775439257,True,5,134836
12,5,2016-02-23T12:01:06,4,-0.76714164018631,-65.1276702880859,-64.36052864789959,92.7,26.75,3.32,3.295,0.3884368342710278,True,5,134836
12,5,2016-02-23T12:01:06,5,-0.76714164018631,-65.1276702880859,-64.36052864789959,92.7,26.75,3.319,3.293,0.4039743076418673,True,5,134836
12,5,2016-02-23T12:01:06,6,-0.76714164018631,-65.1276702880859,-64.36052864789959,92.7,26.75,3.323,3.295,0.43504925438355313,True,5,134836
12,5,2016-02-23T12:01:06,7,-0.76714164018631,-65.1276702880859,-64.36052864789959,92.7,26.75,3.32,3.293,0.4195117810127068,True,5,134836
12,5,2016-02-23T12:01:06,8,-0.76714164018631,-65.1276702880859,-64.36052864789959,92.7,26.75,3.317,3.255,0.9633233489921568,True,5,134836
12,5,2016-02-23T15:47:36,1,-34.6007308959961,-40.9494895935059,-6.348758697509801,93.9,28.5,3.345,3.336,1.4175999480859853,True,5,134837
12,5,2016-02-23T15:47:36,2,-34.6007308959961,-40.9494895935059,-6.348758697509801,93.9,28.5,3.345,3.336,1.4175999480859853,True,5,134837
12,5,2016-02-23T15:47:36,3,-34.6007308959961,-40.9494895935059,-6.348758697509801,93.9,28.5,3.346,3.337,1.4175999480859152,True,5,134837
12,5,2016-02-23T15:47:36,4,-34.6007308959961,-40.9494895935059,-6.348758697509801,93.9,28.5,3.344,3.335,1.4175999480859152,True,5,134837
12,5,2016-02-23T15:47:36,5,-34.6007308959961,-40.9494895935059,-6.348758697509801,93.9,28.5,3.343,3.335,1.2600888427430512,True,5,134837
12,5,2016-02-23T15:47:36,6,-34.6007308959961,-40.9494895935059,-6.348758697509801,93.9,28.5,3.343,3.335,1.2600888427430512,True,5,134837
12,5,2016-02-23T15:47:36,7,-34.6007308959961,-40.9494895935059,-6.348758697509801,93.9,28.5,3.339,3.33,1.4175999480859152,True,5,134837
12,5,2016-02-23T15:47:36,8,-34.6007308959961,-40.9494895935059,-6.348758697509801,93.9,28.5,3.327,3.315,1.890133264114577,True,5,134837
12,5,2016-02-23T18:02:22,1,-0.820047914981842,-61.3448715209961,-60.52482360601426,92.4,24.0,3.329,3.295,0.561752979592686,True,5,134838
12,5,2016-02-23T18:02:22,2,-0.820047914981842,-61.3448715209961,-60.52482360601426,92.4,24.0,3.329,3.294,0.5782751260512925,True,5,134838
12,5,2016-02-23T18:02:22,3,-0.820047914981842,-61.3448715209961,-60.52482360601426,92.4,24.0,3.331,3.297,0.5617529795926788,True,5,134838
12,5,2016-02-23T18:02:22,4,-0.820047914981842,-61.3448715209961,-60.52482360601426,92.4,24.0,3.327,3.296,0.5121865402168593,True,5,134838
12,5,2016-02-23T18:02:22,5,-0.820047914981842,-61.3448715209961,-60.52482360601426,92.4,24.0,3.326,3.294,0.5287086866754658,True,5,134838
12,5,2016-02-23T18:02:22,6,-0.820047914981842,-61.3448715209961,-60.52482360601426,92.4,24.0,3.328,3.296,0.5287086866754658,True,5,134838
12,5,2016-02-23T18:02:22,7,-0.820047914981842,-61.3448715209961,-60.52482360601426,92.4,24.0,3.326,3.293,0.5452308331340722,True,5,134838
12,5,2016-02-23T18:02:22,8,-0.820047914981842,-61.3448715209961,-60.52482360601426,92.4,24.0,3.324,3.254,1.156550252102578,True,5,134838
12,5,2016-02-23T21:01:16,1,-36.9286079406738,-43.2244606018066,-6.295852661132798,86.0,23.25,3.265,3.263,0.317669441717902,True,5,134839
12,5,2016-02-23T21:01:16,2,-36.9286079406738,-43.2244606018066,-6.295852661132798,86.0,23.25,3.261,3.259,0.317669441717902,True,5,134839
12,5,2016-02-23T21:01:16,3,-36.9286079406738,-43.2244606018066,-6.295852661132798,86.0,23.25,3.272,3.271,0.15883472085891576,True,5,134839
12,5,2016-02-23T21:01:16,4,-36.9286079406738,-43.2244606018066,-6.295852661132798,86.0,23.25,3.264,3.263,0.15883472085891576,True,5,134839
12,5,2016-02-23T21:01:16,5,-36.9286079406738,-43.2244606018066,-6.295852661132798,86.0,23.25,3.261,3.259,0.317669441717902,True,5,134839
12,5,2016-02-23T21:01:16,6,-36.9286079406738,-43.2244606018066,-6.295852661132798,86.0,23.25,3.268,3.267,0.15883472085891576,True,5,134839
12,5,2016-02-23T21:01:16,7,-36.9286079406738,-43.2244606018066,-6.295852661132798,86.0,23.25,3.266,3.263,0.47650416257681777,True,5,134839
12,5,2016-02-23T21:01:16,8,-36.9286079406738,-43.2244606018066,-6.295852661132798,86.0,23.25,3.241,3.233,1.2706777668714668,True,5,134839
12,5,2016-02-24T01:33:43,1,-0.714235246181488,-42.7483024597168,-42.03406721353531,90.4,24.75,3.318,3.299,0.45201431266403774,True,5,134840
12,5,2016-02-24T01:33:43,2,-0.714235246181488,-42.7483024597168,-42.03406721353531,90.4,24.75,3.317,3.297,0.4758045396463528,True,5,134840
12,5,2016-02-24T01:33:43,3,-0.714235246181488,-42.7483024597168,-42.03406721353531,90.4,24.75,3.321,3.303,0.42822408568172277,True,5,134840
12,5,2016-02-24T01:33:43,4,-0.714235246181488,-42.7483024597168,-42.03406721353531,90.4,24.75,3.316,3.299,0.40443385869939724,True,5,134840
12,5,2016-02-24T01:33:43,5,-0.714235246181488,-42.7483024597168,-42.03406721353531,90.4,24.75,3.313,3.296,0.4044338586994078,True,5,134840
12,5,2016-02-24T01:33:43,6,-0.714235246181488,-42.7483024597168,-42.03406721353531,90.4,24.75,3.318,3.301,0.40443385869939724,True,5,134840
12,5,2016-02-24T01:33:43,7,-0.714235246181488,-42.7483024597168,-42.03406721353531,90.4,24.75,3.316,3.298,0.4282240856817122,True,5,134840
12,5,2016-02-24T01:33:43,8,-0.714235246181488,-42.7483024597168,-42.03406721353531,90.4,24.75,3.31,3.275,0.83265794438112,True,5,134840
12,5,2016-02-24T05:39:33,1,-0.714235246181488,-8.91471481323242,-8.200479567050932,93.3,25.0,3.334,3.33,0.4877763510407098,True,5,134841
12,5,2016-02-24T05:39:33,2,-0.714235246181488,-8.91471481323242,-8.200479567050932,93.3,25.0,3.336,3.331,0.6097204388008738,True,5,134841
12,5,2016-02-24T05:39:33,3,-0.714235246181488,-8.91471481323242,-8.200479567050932,93.3,25.0,3.336,3.331,0.6097204388008738,True,5,134841
12,5,2016-02-24T05:39:33,4,-0.714235246181488,-8.91471481323242,-8.200479567050932,93.3,25.0,3.333,3.329,0.4877763510407098,True,5,134841
12,5,2016-02-24T05:39:33,5,-0.714235246181488,-8.91471481323242,-8.200479567050932,93.3,25.0,3.332,3.328,0.4877763510407098,True,5,134841
12,5,2016-02-24T05:39:33,6,-0.714235246181488,-8.91471481323242,-8.200479567050932,93.3,25.0,3.334,3.329,0.6097204388008738,True,5,134841
12,5,2016-02-24T05:39:33,7,-0.714235246181488,-8.91471481323242,-8.200479567050932,93.3,25.0,3.328,3.326,0.24388817552032785,True,5,134841
12,5,2016-02-24T05:39:33,8,-0.714235246181488,-8.91471481323242,-8.200479567050932,93.3,25.0,3.331,3.323,0.9755527020814196,True,5,134841
12,5,2016-02-24T07:46:35,1,-0.846501052379608,-19.2314472198486,-18.384946167468993,91.9,25.75,3.279,3.276,0.16317698037693606,True,5,134842
12,5,2016-02-24T07:46:35,2,-0.846501052379608,-19.2314472198486,-18.384946167468993,91.9,25.75,3.276,3.272,0.21756930716924003,True,5,134842
12,5,2016-02-24T07:46:35,3,-0.846501052379608,-19.2314472198486,-18.384946167468993,91.9,25.75,3.288,3.286,0.10878465358460794,True,5,134842
12,5,2016-02-24T07:46:35,4,-0.846501052379608,-19.2314472198486,-18.384946167468993,91.9,25.75,3.279,3.275,0.21756930716924003,True,5,134842
12,5,2016-02-24T07:46:35,5,-0.846501052379608,-19.2314472198486,-18.384946167468993,91.9,25.75,3.276,3.273,0.16317698037691192,True,5,134842
12,5,2016-02-24T07:46:35,6,-0.846501052379608,-19.2314472198486,-18.384946167468993,91.9,25.75,3.286,3.283,0.16317698037693606,True,5,134842
12,5,2016-02-24T07:46:35,7,-0.846501052379608,-19.2314472198486,-18.384946167468993,91.9,25.75,3.282,3.279,0.16317698037693606,True,5,134842
12,5,2016-02-24T07:46:35,8,-0.846501052379608,-19.2314472198486,-18.384946167468993,91.9,25.75,3.269,3.255,0.7614925750923522,True,5,134842
12,5,2016-02-24T09:39:33,1,-0.581969499588013,-31.5321636199951,-30.950194120407087,93.5,23.75,3.325,3.31,0.4846496258357823,True,5,134843
12,5,2016-02-24T09:39:33,2,-0.581969499588013,-31.5321636199951,-30.950194120407087,93.5,23.75,3.326,3.31,0.5169596008914974,True,5,134843
12,5,2016-02-24T09:39:33,3,-0.581969499588013,-31.5321636199951,-30.950194120407087,93.5,23.75,3.328,3.313,0.4846496258357679,True,5,134843
12,5,2016-02-24T09:39:33,4,-0.581969499588013,-31.5321636199951,-30.950194120407087,93.5,23.75,3.324,3.31,0.45233965078005295,True,5,134843
12,5,2016-02-24T09:39:33,5,-0.581969499588013,-31.5321636199951,-30.950194120407087,93.5,23.75,3.323,3.309,0.45233965078005295,True,5,134843
12,5,2016-02-24T09:39:33,6,-0.581969499588013,-31.5321636199951,-30.950194120407087,93.5,23.75,3.325,3.311,0.4523396507800673,True,5,134843
12,5,2016-02-24T09:39:33,7,-0.581969499588013,-31.5321636199951,-30.950194120407087,93.5,23.75,3.322,3.308,0.4523396507800673,True,5,134843
12,5,2016-02-24T09:39:33,8,-0.581969499588013,-31.5321636199951,-30.950194120407087,93.5,23.75,3.32,3.291,0.9369892766158353,True,5,134843
12,5,2016-02-24T12:03:53,1,-0.952313721179962,-82.6925735473633,-81.74025982618333,92.3,24.75,3.316,3.274,0.5138226877344256,True,5,134844
12,5,2016-02-24T12:03:53,2,-0.952313721179962,-82.6925735473633,-81.74025982618333,92.3,24.75,3.315,3.272,0.526056561251916,True,5,134844
12,5,2016-02-24T12:03:53,3,-0.952313721179962,-82.6925735473633,-81.74025982618333,92.3,24.75,3.321,3.28,0.501588814216946,True,5,134844
12,5,2016-02-24T12:03:53,4,-0.952313721179962,-82.6925735473633,-81.74025982618333,92.3,24.75,3.315,3.277,0.46488719366448006,True,5,134844
12,5,2016-02-24T12:03:53,5,-0.952313721179962,-82.6925735473633,-81.74025982618333,92.3,24.75,3.312,3.274,0.46488719366448006,True,5,134844
12,5,2016-02-24T12:03:53,6,-0.952313721179962,-82.6925735473633,-81.74025982618333,92.3,24.75,3.318,3.279,0.47712106718197056,True,5,134844
12,5,2016-02-24T12:03:53,7,-0.952313721179962,-82.6925735473633,-81.74025982618333,92.3,24.75,3.315,3.275,0.4893549406994556,True,5,134844
12,5,2016-02-24T12:03:53,8,-0.952313721179962,-82.6925735473633,-81.74025982618333,92.3,24.75,3.308,3.217,1.1132824900912575,True,5,134844
12,5,2016-02-24T15:28:22,1,-0.740688443183899,-9.28505897521973,-8.544370532035831,93.2,22.5,3.325,3.321,0.46814449174489864,True,5,134845
12,5,2016-02-24T15:28:22,2,-0.740688443183899,-9.28505897521973,-8.544370532035831,93.2,22.5,3.327,3.323,0.46814449174489864,True,5,134845
12,5,2016-02-24T15:28:22,3,-0.740688443183899,-9.28505897521973,-8.544370532035831,93.2,22.5,3.329,3.325,0.46814449174489864,True,5,134845
12,5,2016-02-24T15:28:22,4,-0.740688443183899,-9.28505897521973,-8.544370532035831,93.2,22.5,3.325,3.321,0.46814449174489864,True,5,134845
12,5,2016-02-24T15:28:22,5,-0.740688443183899,-9.28505897521973,-8.544370532035831,93.2,22.5,3.324,3.319,0.5851806146811103,True,5,134845
12,5,2016-02-24T15:28:22,6,-0.740688443183899,-9.28505897521973,-8.544370532035831,93.2,22.5,3.327,3.322,0.5851806146811103,True,5,134845
12,5,2016-02-24T15:28:22,7,-0.740688443183899,-9.28505897521973,-8.544370532035831,93.2,22.5,3.323,3.318,0.5851806146811103,True,5,134845
12,5,2016-02-24T15:28:22,8,-0.740688443183899,-9.28505897521973,-8.544370532035831,93.2,22.5,3.321,3.312,1.053325106426061,True,5,134845
12,10,2015-12-17T11:18:33,1,-2.16915893554688,-29.3630065917969,-27.19384765625002,93.3,13.0,3.307,3.285,0.8090065178747696,True,5,134291
12,10,2015-12-17T11:18:33,2,-2.16915893554688,-29.3630065917969,-27.19384765625002,93.3,13.0,3.307,3.284,0.8457795414145446,True,5,134291
12,10,2015-12-17T11:18:33,3,-2.16915893554688,-29.3630065917969,-27.19384765625002,93.3,13.0,3.308,3.287,0.7722334943350112,True,5,134291
12,10,2015-12-17T11:18:33,4,-2.16915893554688,-29.3630065917969,-27.19384765625002,93.3,13.0,3.306,3.285,0.7722334943350112,True,5,134291
12,10,2015-12-17T11:18:33,5,-2.16915893554688,-29.3630065917969,-27.19384765625002,93.3,13.0,3.304,3.281,0.8457795414145283,True,5,134291
12,10,2015-12-17T11:18:33,6,-2.16915893554688,-29.3630065917969,-27.19384765625002,93.3,13.0,3.307,3.284,0.8457795414145446,True,5,134291
12,10,2015-12-17T11:18:33,7,-2.16915893554688,-29.3630065917969,-27.19384765625002,93.3,13.0,3.304,3.282,0.8090065178747696,True,5,134291
12,10,2015-12-17T11:18:33,8,-2.16915893554688,-29.3630065917969,-27.19384765625002,93.3,13.0,3.303,3.276,0.992871635573595,True,5,134291
12,10,2016-01-04T16:05:05,1,-0.661328971385956,-13.4646577835083,-12.803328812122345,73.7,10.75,3.279,3.267,0.9372562539078327,True,6,134437
12,10,2016-01-04T16:05:05,2,-0.661328971385956,-13.4646577835083,-12.803328812122345,73.7,10.75,3.273,3.259,1.0934656295591556,True,6,134437
12,10,2016-01-04T16:05:05,3,-0.661328971385956,-13.4646577835083,-12.803328812122345,73.7,10.75,3.281,3.268,1.0153609417335114,True,6,134437
12,10,2016-01-04T16:05:05,4,-0.661328971385956,-13.4646577835083,-12.803328812122345,73.7,10.75,3.273,3.261,0.9372562539078327,True,6,134437
12,10,2016-01-04T16:05:05,5,-0.661328971385956,-13.4646577835083,-12.803328812122345,73.7,10.75,3.269,3.257,0.9372562539078327,True,6,134437
12,10,2016-01-04T16:05:05,6,-0.661328971385956,-13.4646577835083,-12.803328812122345,73.7,10.75,3.279,3.266,1.0153609417334766,True,6,134437
12,10,2016-01-04T16:05:05,7,-0.661328971385956,-13.4646577835083,-12.803328812122345,73.7,10.75,3.275,3.263,0.9372562539078327,True,6,134437
12,10,2016-01-04T16:05:05,8,-0.661328971385956,-13.4646577835083,-12.803328812122345,73.7,10.75,3.269,3.253,1.2496750052104437,True,6,134437
12,10,2016-01-04T18:09:44,1,-0.793594777584076,-28.0932540893555,-27.299659311771425,69.9,20.5,3.338,3.323,0.5494574063615596,True,5,134438
12,10,2016-01-04T18:09:44,2,-0.793594777584076,-28.0932540893555,-27.299659311771425,69.9,20.5,3.34,3.323,0.6227183938764255,True,5,134438
12,10,2016-01-04T18:09:44,3,-0.793594777584076,-28.0932540893555,-27.299659311771425,69.9,20.5,3.34,3.324,0.5860879001189925,True,5,134438
12,10,2016-01-04T18:09:44,4,-0.793594777584076,-28.0932540893555,-27.299659311771425,69.9,20.5,3.339,3.323,0.5860879001189925,True,5,134438
12,10,2016-01-04T18:09:44,5,-0.793594777584076,-28.0932540893555,-27.299659311771425,69.9,20.5,3.338,3.322,0.5860879001189925,True,5,134438
12,10,2016-01-04T18:09:44,6,-0.793594777584076,-28.0932540893555,-27.299659311771425,69.9,20.5,3.339,3.323,0.5860879001189925,True,5,134438
12,10,2016-01-04T18:09:44,7,-0.793594777584076,-28.0932540893555,-27.299659311771425,69.9,20.5,3.334,3.32,0.5128269126041266,True,5,134438
12,10,2016-01-04T18:09:44,8,-0.793594777584076,-28.0932540893555,-27.299659311771425,69.9,20.5,3.338,3.317,0.7692403689061735,True,5,134438
12,10,2016-01-05T09:23:02,1,-0.793594777584076,-47.1659812927246,-46.372386515140526,93.8,11.0,3.313,3.274,0.8410177463535695,True,5,134443
12,10,2016-01-05T09:23:02,2,-0.793594777584076,-47.1659812927246,-46.372386515140526,93.8,11.0,3.315,3.273,0.9057114191499906,True,5,134443
12,10,2016-01-05T09:23:02,3,-0.793594777584076,-47.1659812927246,-46.372386515140526,93.8,11.0,3.316,3.278,0.8194531887547529,True,5,134443
12,10,2016-01-05T09:23:02,4,-0.793594777584076,-47.1659812927246,-46.372386515140526,93.8,11.0,3.314,3.278,0.776324073557139,True,5,134443
12,10,2016-01-05T09:23:02,5,-0.793594777584076,-47.1659812927246,-46.372386515140526,93.8,11.0,3.313,3.273,0.8625823039523766,True,5,134443
12,10,2016-01-05T09:23:02,6,-0.793594777584076,-47.1659812927246,-46.372386515140526,93.8,11.0,3.315,3.275,0.8625823039523766,True,5,134443
12,10,2016-01-05T09:23:02,7,-0.793594777584076,-47.1659812927246,-46.372386515140526,93.8,11.0,3.312,3.272,0.8625823039523766,True,5,134443
12,10,2016-01-05T09:23:02,8,-0.793594777584076,-47.1659812927246,-46.372386515140526,93.8,11.0,3.311,3.253,1.2507443407309413,True,5,134443
12,10,2016-01-05T16:11:00,1,-0.793594777584076,-43.8064308166504,-43.01283603906632,93.8,18.25,3.321,3.297,0.557972972956307,True,5,134445
12,10,2016-01-05T16:11:00,2,-0.793594777584076,-43.8064308166504,-43.01283603906632,93.8,18.25,3.324,3.297,0.6277195945758377,True,5,134445
12,10,2016-01-05T16:11:00,3,-0.793594777584076,-43.8064308166504,-43.01283603906632,93.8,18.25,3.326,3.301,0.581221846829484,True,5,134445
12,10,2016-01-05T16:11:00,4,-0.793594777584076,-43.8064308166504,-43.01283603906632,93.8,18.25,3.323,3.299,0.557972972956307,True,5,134445
12,10,2016-01-05T16:11:00,5,-0.793594777584076,-43.8064308166504,-43.01283603906632,93.8,18.25,3.322,3.298,0.557972972956307,True,5,134445
12,10,2016-01-05T16:11:00,6,-0.793594777584076,-43.8064308166504,-43.01283603906632,93.8,18.25,3.325,3.3,0.5812218468294943,True,5,134445
12,10,2016-01-05T16:11:00,7,-0.793594777584076,-43.8064308166504,-43.01283603906632,93.8,18.25,3.322,3.297,0.581221846829484,True,5,134445
12,10,2016-01-05T16:11:00,8,-0.793594777584076,-43.8064308166504,-43.01283603906632,93.8,18.25,3.32,3.273,1.092697072039427,True,5,134445
12,10,2016-01-06T08:57:46,1,-1.05812633037567,-92.9080657958984,-91.84993946552272,93.7,10.75,3.317,3.239,0.8492112292494083,True,5,134450
12,10,2016-01-06T08:57:46,2,-1.05812633037567,-92.9080657958984,-91.84993946552272,93.7,10.75,3.319,3.236,0.9036478465089794,True,5,134450
12,10,2016-01-06T08:57:46,3,-1.05812633037567,-92.9080657958984,-91.84993946552272,93.7,10.75,3.321,3.245,0.8274365823455749,True,5,134450
12,10,2016-01-06T08:57:46,4,-1.05812633037567,-92.9080657958984,-91.84993946552272,93.7,10.75,3.319,3.248,0.772999965085994,True,5,134450
12,10,2016-01-06T08:57:46,5,-1.05812633037567,-92.9080657958984,-91.84993946552272,93.7,10.75,3.318,3.241,0.8383239057974892,True,5,134450
12,10,2016-01-06T08:57:46,6,-1.05812633037567,-92.9080657958984,-91.84993946552272,93.7,10.75,3.319,3.241,0.8492112292494034,True,5,134450
12,10,2016-01-06T08:57:46,7,-1.05812633037567,-92.9080657958984,-91.84993946552272,93.7,10.75,3.315,3.237,0.8492112292494034,True,5,134450
12,10,2016-01-06T08:57:46,8,-1.05812633037567,-92.9080657958984,-91.84993946552272,93.7,10.75,3.316,3.183,1.448014019104755,True,5,134450
12,10,2016-01-06T09:01:56,1,-0.661328971385956,-17.1151943206787,-16.453865349292744,86.9,14.5,3.254,3.245,0.5469839341055963,True,5,134451
12,10,2016-01-06T09:01:56,2,-0.661328971385956,-17.1151943206787,-16.453865349292744,86.9,14.5,3.248,3.238,0.6077599267840169,True,5,134451
12,10,2016-01-06T09:01:56,3,-0.661328971385956,-17.1151943206787,-16.453865349292744,86.9,14.5,3.262,3.253,0.5469839341055963,True,5,134451
12,10,2016-01-06T09:01:56,4,-0.661328971385956,-17.1151943206787,-16.453865349292744,86.9,14.5,3.25,3.242,0.48620794142720275,True,5,134451
12,10,2016-01-06T09:01:56,5,-0.661328971385956,-17.1151943206787,-16.453865349292744,86.9,14.5,3.248,3.239,0.5469839341056233,True,5,134451
12,10,2016-01-06T09:01:56,6,-0.661328971385956,-17.1151943206787,-16.453865349292744,86.9,14.5,3.258,3.249,0.5469839341055963,True,5,134451
12,10,2016-01-06T09:01:56,7,-0.661328971385956,-17.1151943206787,-16.453865349292744,86.9,14.5,3.254,3.245,0.5469839341055963,True,5,134451
12,10,2016-01-06T09:01:56,8,-0.661328971385956,-17.1151943206787,-16.453865349292744,86.9,14.5,3.243,3.225,1.0939678682111926,True,5,134451
12,10,2016-01-06T15:40:40,1,-0.634875774383545,-25.130500793457,-24.495625019073454,93.1,20.5,3.307,3.295,0.48988339716403406,True,6,134453
12,10,2016-01-06T15:40:40,2,-0.634875774383545,-25.130500793457,-24.495625019073454,93.1,20.5,3.305,3.291,0.5715306300247155,True,6,134453
12,10,2016-01-06T15:40:40,3,-0.634875774383545,-25.130500793457,-24.495625019073454,93.1,20.5,3.313,3.301,0.48988339716403406,True,6,134453
12,10,2016-01-06T15:40:40,4,-0.634875774383545,-25.130500793457,-24.495625019073454,93.1,20.5,3.306,3.294,0.48988339716403406,True,6,134453
12,10,2016-01-06T15:40:40,5,-0.634875774383545,-25.130500793457,-24.495625019073454,93.1,20.5,3.305,3.293,0.48988339716403406,True,6,134453
12,10,2016-01-06T15:40:40,6,-0.634875774383545,-25.130500793457,-24.495625019073454,93.1,20.5,3.311,3.297,0.5715306300246974,True,6,134453
12,10,2016-01-06T15:40:40,7,-0.634875774383545,-25.130500793457,-24.495625019073454,93.1,20.5,3.309,3.296,0.5307070135943838,True,6,134453
12,10,2016-01-06T15:40:40,8,-0.634875774383545,-25.130500793457,-24.495625019073454,93.1,20.5,3.302,3.275,1.1022376436190813,True,6,134453
12,10,2016-01-07T09:04:14,1,-0.793594777584076,-58.9376373291016,-58.14404255151752,93.9,13.5,3.318,3.275,0.739542661862576,True,5,134459
12,10,2016-01-07T09:04:14,2,-0.793594777584076,-58.9376373291016,-58.14404255151752,93.9,13.5,3.321,3.274,0.8083373280823503,True,5,134459
12,10,2016-01-07T09:04:14,3,-0.793594777584076,-58.9376373291016,-58.14404255151752,93.9,13.5,3.322,3.279,0.739542661862576,True,5,134459
12,10,2016-01-07T09:04:14,4,-0.793594777584076,-58.9376373291016,-58.14404255151752,93.9,13.5,3.32,3.279,0.7051453287526849,True,5,134459
12,10,2016-01-07T09:04:14,5,-0.793594777584076,-58.9376373291016,-58.14404255151752,93.9,13.5,3.319,3.275,0.7567413284175176,True,5,134459
12,10,2016-01-07T09:04:14,6,-0.793594777584076,-58.9376373291016,-58.14404255151752,93.9,13.5,3.32,3.276,0.7567413284175176,True,5,134459
12,10,2016-01-07T09:04:14,7,-0.793594777584076,-58.9376373291016,-58.14404255151752,93.9,13.5,3.316,3.273,0.7395426618625682,True,5,134459
12,10,2016-01-07T09:04:14,8,-0.793594777584076,-58.9376373291016,-58.14404255151752,93.9,13.5,3.317,3.231,1.479085323725152,True,5,134459
12,10,2016-01-07T12:00:30,1,-0.608422636985779,-50.7900657653809,-50.18164312839512,76.0,26.0,3.273,3.264,0.1793484517231306,True,1,134460
12,10,2016-01-07T12:00:30,2,-0.608422636985779,-50.7900657653809,-50.18164312839512,76.0,26.0,3.27,3.259,0.21920366321715373,True,1,134460
12,10,2016-01-07T12:00:30,3,-0.608422636985779,-50.7900657653809,-50.18164312839512,76.0,26.0,3.279,3.27,0.17934845172312175,True,1,134460
12,10,2016-01-07T12:00:30,4,-0.608422636985779,-50.7900657653809,-50.18164312839512,76.0,26.0,3.269,3.261,0.1594208459761102,True,1,134460
12,10,2016-01-07T12:00:30,5,-0.608422636985779,-50.7900657653809,-50.18164312839512,76.0,26.0,3.266,3.258,0.1594208459761102,True,1,134460
12,10,2016-01-07T12:00:30,6,-0.608422636985779,-50.7900657653809,-50.18164312839512,76.0,26.0,3.277,3.267,0.19927605747014215,True,1,134460
12,10,2016-01-07T12:00:30,7,-0.608422636985779,-50.7900657653809,-50.18164312839512,76.0,26.0,3.275,3.266,0.17934845172312175,True,1,134460
12,10,2016-01-07T12:00:30,8,-0.608422636985779,-50.7900657653809,-50.18164312839512,76.0,26.0,3.272,3.234,0.7572490183865189,True,1,134460
12,10,2016-01-07T16:24:34,1,-0.634875774383545,-29.0455684661865,-28.410692691802954,91.5,20.75,3.305,3.291,0.4927722161466169,True,5,134461
12,10,2016-01-07T16:24:34,2,-0.634875774383545,-29.0455684661865,-28.410692691802954,91.5,20.75,3.302,3.286,0.5631682470246961,True,5,134461
12,10,2016-01-07T16:24:34,3,-0.634875774383545,-29.0455684661865,-28.410692691802954,91.5,20.75,3.31,3.296,0.4927722161466169,True,5,134461
12,10,2016-01-07T16:24:34,4,-0.634875774383545,-29.0455684661865,-28.410692691802954,91.5,20.75,3.304,3.29,0.4927722161466013,True,5,134461
12,10,2016-01-07T16:24:34,5,-0.634875774383545,-29.0455684661865,-28.410692691802954,91.5,20.75,3.302,3.288,0.4927722161466169,True,5,134461
12,10,2016-01-07T16:24:34,6,-0.634875774383545,-29.0455684661865,-28.410692691802954,91.5,20.75,3.308,3.294,0.4927722161466013,True,5,134461
12,10,2016-01-07T16:24:34,7,-0.634875774383545,-29.0455684661865,-28.410692691802954,91.5,20.75,3.306,3.293,0.45757420070756166,True,5,134461
12,10,2016-01-07T16:24:34,8,-0.634875774383545,-29.0455684661865,-28.410692691802954,91.5,20.75,3.299,3.267,1.1263364940493923,True,5,134461
12,10,2016-01-07T18:01:11,1,-0.608422636985779,-11.7716550827026,-11.16323244571682,87.2,27.25,3.287,3.283,0.3583191534755463,True,5,134462
12,10,2016-01-07T18:01:11,2,-0.608422636985779,-11.7716550827026,-11.16323244571682,87.2,27.25,3.283,3.279,0.3583191534755463,True,5,134462
12,10,2016-01-07T18:01:11,3,-0.608422636985779,-11.7716550827026,-11.16323244571682,87.2,27.25,3.294,3.29,0.3583191534755463,True,5,134462
12,10,2016-01-07T18:01:11,4,-0.608422636985779,-11.7716550827026,-11.16323244571682,87.2,27.25,3.284,3.28,0.3583191534755463,True,5,134462
12,10,2016-01-07T18:01:11,5,-0.608422636985779,-11.7716550827026,-11.16323244571682,87.2,27.25,3.281,3.278,0.2687393651066697,True,5,134462
12,10,2016-01-07T18:01:11,6,-0.608422636985779,-11.7716550827026,-11.16323244571682,87.2,27.25,3.291,3.286,0.4478989418444229,True,5,134462
12,10,2016-01-07T18:01:11,7,-0.608422636985779,-11.7716550827026,-11.16323244571682,87.2,27.25,3.288,3.284,0.3583191534755463,True,5,134462
12,10,2016-01-07T18:01:11,8,-0.608422636985779,-11.7716550827026,-11.16323244571682,87.2,27.25,3.282,3.27,1.074957460426639,True,5,134462
12,10,2016-01-08T08:44:59,1,-0.661328971385956,-29.3630065917969,-28.701677620410944,89.6,11.5,3.29,3.267,0.8013468865542509,True,5,134466
12,10,2016-01-08T08:44:59,2,-0.661328971385956,-29.3630065917969,-28.701677620410944,89.6,11.5,3.287,3.263,0.8361880555348665,True,5,134466
12,10,2016-01-08T08:44:59,3,-0.661328971385956,-29.3630065917969,-28.701677620410944,89.6,11.5,3.296,3.274,0.7665057175736198,True,5,134466
12,10,2016-01-08T08:44:59,4,-0.661328971385956,-29.3630065917969,-28.701677620410944,89.6,11.5,3.289,3.268,0.7316645485930198,True,5,134466
12,10,2016-01-08T08:44:59,5,-0.661328971385956,-29.3630065917969,-28.701677620410944,89.6,11.5,3.286,3.264,0.7665057175736354,True,5,134466
12,10,2016-01-08T08:44:59,6,-0.661328971385956,-29.3630065917969,-28.701677620410944,89.6,11.5,3.293,3.269,0.8361880555348665,True,5,134466
12,10,2016-01-08T08:44:59,7,-0.661328971385956,-29.3630065917969,-28.701677620410944,89.6,11.5,3.289,3.265,0.8361880555348665,True,5,134466
12,10,2016-01-08T08:44:59,8,-0.661328971385956,-29.3630065917969,-28.701677620410944,89.6,11.5,3.282,3.238,1.5330114351472552,True,5,134466
12,10,2016-01-08T09:02:42,1,-0.661328971385956,-31.4528045654297,-30.791475594043746,89.6,15.0,3.277,3.255,0.7144834593200168,True,5,134467
12,10,2016-01-08T09:02:42,2,-0.661328971385956,-31.4528045654297,-30.791475594043746,89.6,15.0,3.272,3.249,0.7469599801981809,True,5,134467
12,10,2016-01-08T09:02:42,3,-0.661328971385956,-31.4528045654297,-30.791475594043746,89.6,15.0,3.284,3.263,0.6820069384418236,True,5,134467
12,10,2016-01-08T09:02:42,4,-0.661328971385956,-31.4528045654297,-30.791475594043746,89.6,15.0,3.273,3.254,0.6170538966854663,True,5,134467
12,10,2016-01-08T09:02:42,5,-0.661328971385956,-31.4528045654297,-30.791475594043746,89.6,15.0,3.272,3.25,0.7144834593200023,True,5,134467
12,10,2016-01-08T09:02:42,6,-0.661328971385956,-31.4528045654297,-30.791475594043746,89.6,15.0,3.279,3.258,0.6820069384418236,True,5,134467
12,10,2016-01-08T09:02:42,7,-0.661328971385956,-31.4528045654297,-30.791475594043746,89.6,15.0,3.276,3.254,0.7144834593200023,True,5,134467
12,10,2016-01-08T09:02:42,8,-0.661328971385956,-31.4528045654297,-30.791475594043746,89.6,15.0,3.268,3.227,1.3315373560054686,True,5,134467
12,10,2016-01-08T13:15:35,1,-3.94152045249939,-43.1450996398926,-39.20357918739321,91.2,26.0,3.274,3.258,0.4081260010347518,True,5,134468
12,10,2016-01-08T13:15:35,2,-3.94152045249939,-43.1450996398926,-39.20357918739321,91.2,26.0,3.269,3.252,0.43363387609943227,True,5,134468
12,10,2016-01-08T13:15:35,3,-3.94152045249939,-43.1450996398926,-39.20357918739321,91.2,26.0,3.281,3.265,0.4081260010347518,True,5,134468
12,10,2016-01-08T13:15:35,4,-3.94152045249939,-43.1450996398926,-39.20357918739321,91.2,26.0,3.27,3.255,0.3826181259700826,True,5,134468
12,10,2016-01-08T13:15:35,5,-3.94152045249939,-43.1450996398926,-39.20357918739321,91.2,26.0,3.268,3.252,0.4081260010347518,True,5,134468
12,10,2016-01-08T13:15:35,6,-3.94152045249939,-43.1450996398926,-39.20357918739321,91.2,26.0,3.277,3.261,0.4081260010347518,True,5,134468
12,10,2016-01-08T13:15:35,7,-3.94152045249939,-43.1450996398926,-39.20357918739321,91.2,26.0,3.276,3.26,0.4081260010347518,True,5,134468
12,10,2016-01-08T13:15:35,8,-3.94152045249939,-43.1450996398926,-39.20357918739321,91.2,26.0,3.263,3.221,1.071330752716218,True,5,134468
12,10,2016-01-08T15:03:28,1,-53.2502059936523,-83.0629196166992,-29.812713623046903,91.4,28.75,3.342,3.32,0.73794020491288,True,5,134469
12,10,2016-01-08T15:03:28,2,-53.2502059936523,-83.0629196166992,-29.812713623046903,91.4,28.75,3.341,3.319,0.73794020491288,True,5,134469
12,10,2016-01-08T15:03:28,3,-53.2502059936523,-83.0629196166992,-29.812713623046903,91.4,28.75,3.342,3.32,0.73794020491288,True,5,134469
12,10,2016-01-08T15:03:28,4,-53.2502059936523,-83.0629196166992,-29.812713623046903,91.4,28.75,3.34,3.32,0.6708547317389751,True,5,134469
12,10,2016-01-08T15:03:28,5,-53.2502059936523,-83.0629196166992,-29.812713623046903,91.4,28.75,3.34,3.319,0.7043974683259201,True,5,134469
12,10,2016-01-08T15:03:28,6,-53.2502059936523,-83.0629196166992,-29.812713623046903,91.4,28.75,3.34,3.319,0.7043974683259201,True,5,134469
12,10,2016-01-08T15:03:28,7,-53.2502059936523,-83.0629196166992,-29.812713623046903,91.4,28.75,3.336,3.317,0.6373119951520152,True,5,134469
12,10,2016-01-08T15:03:28,8,-53.2502059936523,-83.0629196166992,-29.812713623046903,91.4,28.75,3.31,3.27,1.3417094634779503,True,5,134469
12,10,2016-01-18T12:50:14,1,-4.07378625869751,-38.3570785522461,-34.28329229354859,43.3,12.75,3.181,3.159,0.6417119981251097,True,5,134548
12,10,2016-01-18T12:50:14,2,-4.07378625869751,-38.3570785522461,-34.28329229354859,43.3,12.75,3.172,3.144,0.8167243612501314,True,5,134548
12,10,2016-01-18T12:50:14,3,-4.07378625869751,-38.3570785522461,-34.28329229354859,43.3,12.75,3.184,3.16,0.7000494525001126,True,5,134548
12,10,2016-01-18T12:50:14,4,-4.07378625869751,-38.3570785522461,-34.28329229354859,43.3,12.75,3.17,3.146,0.7000494525001126,True,5,134548
12,10,2016-01-18T12:50:14,5,-4.07378625869751,-38.3570785522461,-34.28329229354859,43.3,12.75,3.169,3.142,0.7875556340626299,True,5,134548
12,10,2016-01-18T12:50:14,6,-4.07378625869751,-38.3570785522461,-34.28329229354859,43.3,12.75,3.18,3.154,0.7583869068751284,True,5,134548
12,10,2016-01-18T12:50:14,7,-4.07378625869751,-38.3570785522461,-34.28329229354859,43.3,12.75,3.18,3.156,0.7000494525001126,True,5,134548
12,10,2016-01-18T12:50:14,8,-4.07378625869751,-38.3570785522461,-34.28329229354859,43.3,12.75,3.169,3.12,1.4292676321877267,True,5,134548
12,10,2016-01-18T16:13:38,1,-0.793594777584076,-19.5224304199219,-18.728835642337824,64.8,24.0,3.351,3.341,0.5339360220233925,True,5,134549
12,10,2016-01-18T16:13:38,2,-0.793594777584076,-19.5224304199219,-18.728835642337824,64.8,24.0,3.353,3.344,0.4805424198210817,True,5,134549
12,10,2016-01-18T16:13:38,3,-0.793594777584076,-19.5224304199219,-18.728835642337824,64.8,24.0,3.347,3.338,0.480542419821058,True,5,134549
12,10,2016-01-18T16:13:38,4,-0.793594777584076,-19.5224304199219,-18.728835642337824,64.8,24.0,3.348,3.34,0.42714881761872353,True,5,134549
12,10,2016-01-18T16:13:38,5,-0.793594777584076,-19.5224304199219,-18.728835642337824,64.8,24.0,3.35,3.342,0.42714881761872353,True,5,134549
12,10,2016-01-18T16:13:38,6,-0.793594777584076,-19.5224304199219,-18.728835642337824,64.8,24.0,3.348,3.34,0.42714881761872353,True,5,134549
12,10,2016-01-18T16:13:38,7,-0.793594777584076,-19.5224304199219,-18.728835642337824,64.8,24.0,3.345,3.337,0.42714881761872353,True,5,134549
12,10,2016-01-18T16:13:38,8,-0.793594777584076,-19.5224304199219,-18.728835642337824,64.8,24.0,3.348,3.321,1.441627259463174,True,5,134549
12,10,2016-01-18T18:07:12,1,-0.740688443183899,-26.2150802612305,-25.474391818046602,62.4,31.25,3.326,3.315,0.43180618711405255,True,5,134550
12,10,2016-01-18T18:07:12,2,-0.740688443183899,-26.2150802612305,-25.474391818046602,62.4,31.25,3.326,3.315,0.43180618711405255,True,5,134550
12,10,2016-01-18T18:07:12,3,-0.740688443183899,-26.2150802612305,-25.474391818046602,62.4,31.25,3.324,3.313,0.4318061871140351,True,5,134550
12,10,2016-01-18T18:07:12,4,-0.740688443183899,-26.2150802612305,-25.474391818046602,62.4,31.25,3.323,3.313,0.39255107919458054,True,5,134550
12,10,2016-01-18T18:07:12,5,-0.740688443183899,-26.2150802612305,-25.474391818046602,62.4,31.25,3.324,3.313,0.4318061871140351,True,5,134550
12,10,2016-01-18T18:07:12,6,-0.740688443183899,-26.2150802612305,-25.474391818046602,62.4,31.25,3.324,3.314,0.39255107919458054,True,5,134550
12,10,2016-01-18T18:07:12,7,-0.740688443183899,-26.2150802612305,-25.474391818046602,62.4,31.25,3.326,3.316,0.39255107919459803,True,5,134550
12,10,2016-01-18T18:07:12,8,-0.740688443183899,-26.2150802612305,-25.474391818046602,62.4,31.25,3.322,3.286,1.4131838851005214,True,5,134550
12,10,2016-01-18T21:05:20,1,-0.872954249382019,-10.9516077041626,-10.07865345478058,88.7,25.0,3.338,3.333,0.49609801769980066,True,5,134551
12,10,2016-01-18T21:05:20,2,-0.872954249382019,-10.9516077041626,-10.07865345478058,88.7,25.0,3.339,3.335,0.39687841415984937,True,5,134551
12,10,2016-01-18T21:05:20,3,-0.872954249382019,-10.9516077041626,-10.07865345478058,88.7,25.0,3.338,3.334,0.39687841415984937,True,5,134551
12,10,2016-01-18T21:05:20,4,-0.872954249382019,-10.9516077041626,-10.07865345478058,88.7,25.0,3.337,3.333,0.39687841415984937,True,5,134551
12,10,2016-01-18T21:05:20,5,-0.872954249382019,-10.9516077041626,-10.07865345478058,88.7,25.0,3.336,3.331,0.49609801769980066,True,5,134551
12,10,2016-01-18T21:05:20,6,-0.872954249382019,-10.9516077041626,-10.07865345478058,88.7,25.0,3.337,3.332,0.4960980176998447,True,5,134551
12,10,2016-01-18T21:05:20,7,-0.872954249382019,-10.9516077041626,-10.07865345478058,88.7,25.0,3.332,3.328,0.39687841415984937,True,5,134551
12,10,2016-01-18T21:05:20,8,-0.872954249382019,-10.9516077041626,-10.07865345478058,88.7,25.0,3.335,3.321,1.3890744495594505,True,5,134551
12,10,2016-01-19T08:41:46,1,-0.687782108783722,-25.2098598480225,-24.522077739238778,88.0,17.75,3.251,3.238,0.530134523601076,True,5,134554
12,10,2016-01-19T08:41:46,2,-0.687782108783722,-25.2098598480225,-24.522077739238778,88.0,17.75,3.247,3.231,0.6524732598167144,True,5,134554
12,10,2016-01-19T08:41:46,3,-0.687782108783722,-25.2098598480225,-24.522077739238778,88.0,17.75,3.26,3.247,0.530134523601076,True,5,134554
12,10,2016-01-19T08:41:46,4,-0.687782108783722,-25.2098598480225,-24.522077739238778,88.0,17.75,3.25,3.237,0.530134523601076,True,5,134554
12,10,2016-01-19T08:41:46,5,-0.687782108783722,-25.2098598480225,-24.522077739238778,88.0,17.75,3.247,3.234,0.530134523601076,True,5,134554
12,10,2016-01-19T08:41:46,6,-0.687782108783722,-25.2098598480225,-24.522077739238778,88.0,17.75,3.258,3.244,0.5709141023396161,True,5,134554
12,10,2016-01-19T08:41:46,7,-0.687782108783722,-25.2098598480225,-24.522077739238778,88.0,17.75,3.253,3.24,0.530134523601076,True,5,134554
12,10,2016-01-19T08:41:46,8,-0.687782108783722,-25.2098598480225,-24.522077739238778,88.0,17.75,3.242,3.2,1.7127423070188665,True,5,134554
12,10,2016-01-19T09:08:08,1,-0.793594777584076,-39.4152030944824,-38.621608316898325,93.8,16.5,3.343,3.317,0.6731982724972092,True,6,134555
12,10,2016-01-19T09:08:08,2,-0.793594777584076,-39.4152030944824,-38.621608316898325,93.8,16.5,3.348,3.32,0.7249827549970008,True,6,134555
12,10,2016-01-19T09:08:08,3,-0.793594777584076,-39.4152030944824,-38.621608316898325,93.8,16.5,3.346,3.32,0.6731982724972208,True,6,134555
12,10,2016-01-19T09:08:08,4,-0.793594777584076,-39.4152030944824,-38.621608316898325,93.8,16.5,3.345,3.321,0.6214137899974292,True,6,134555
12,10,2016-01-19T09:08:08,5,-0.793594777584076,-39.4152030944824,-38.621608316898325,93.8,16.5,3.345,3.32,0.6473060312473308,True,6,134555
12,10,2016-01-19T09:08:08,6,-0.793594777584076,-39.4152030944824,-38.621608316898325,93.8,16.5,3.345,3.318,0.6990905137471108,True,6,134555
12,10,2016-01-19T09:08:08,7,-0.793594777584076,-39.4152030944824,-38.621608316898325,93.8,16.5,3.34,3.315,0.6473060312473192,True,6,134555
12,10,2016-01-19T09:08:08,8,-0.793594777584076,-39.4152030944824,-38.621608316898325,93.8,16.5,3.345,3.277,1.760672404992716,True,6,134555
12,10,2016-01-19T12:11:21,1,-0.608422636985779,-20.0779476165771,-19.46952497959132,89.8,21.25,3.31,3.296,0.7190724999544444,True,5,134556
12,10,2016-01-19T12:11:21,2,-0.608422636985779,-20.0779476165771,-19.46952497959132,89.8,21.25,3.309,3.295,0.7190724999544444,True,5,134556
12,10,2016-01-19T12:11:21,3,-0.608422636985779,-20.0779476165771,-19.46952497959132,89.8,21.25,3.316,3.301,0.7704348213797326,True,5,134556
12,10,2016-01-19T12:11:21,4,-0.608422636985779,-20.0779476165771,-19.46952497959132,89.8,21.25,3.31,3.297,0.6677101785291107,True,5,134556
12,10,2016-01-19T12:11:21,5,-0.608422636985779,-20.0779476165771,-19.46952497959132,89.8,21.25,3.308,3.295,0.6677101785291107,True,5,134556
12,10,2016-01-19T12:11:21,6,-0.608422636985779,-20.0779476165771,-19.46952497959132,89.8,21.25,3.313,3.3,0.6677101785291335,True,5,134556
12,10,2016-01-19T12:11:21,7,-0.608422636985779,-20.0779476165771,-19.46952497959132,89.8,21.25,3.311,3.297,0.7190724999544217,True,5,134556
12,10,2016-01-19T12:11:21,8,-0.608422636985779,-20.0779476165771,-19.46952497959132,89.8,21.25,3.307,3.266,2.105855178437977,True,5,134556
12,10,2016-01-19T15:28:28,1,-28.7016754150391,-50.181640625,-21.4799652099609,93.4,29.75,3.266,3.259,0.3258850715807496,True,6,134557
12,10,2016-01-19T15:28:28,2,-28.7016754150391,-50.181640625,-21.4799652099609,93.4,29.75,3.262,3.254,0.37244008180656496,True,6,134557
12,10,2016-01-19T15:28:28,3,-28.7016754150391,-50.181640625,-21.4799652099609,93.4,29.75,3.273,3.267,0.2793300613549341,True,6,134557
12,10,2016-01-19T15:28:28,4,-28.7016754150391,-50.181640625,-21.4799652099609,93.4,29.75,3.266,3.258,0.37244008180656496,True,6,134557
12,10,2016-01-19T15:28:28,5,-28.7016754150391,-50.181640625,-21.4799652099609,93.4,29.75,3.263,3.256,0.3258850715807496,True,6,134557
12,10,2016-01-19T15:28:28,6,-28.7016754150391,-50.181640625,-21.4799652099609,93.4,29.75,3.271,3.264,0.3258850715807496,True,6,134557
12,10,2016-01-19T15:28:28,7,-28.7016754150391,-50.181640625,-21.4799652099609,93.4,29.75,3.269,3.263,0.2793300613549341,True,6,134557
12,10,2016-01-19T15:28:28,8,-28.7016754150391,-50.181640625,-21.4799652099609,93.4,29.75,3.233,3.201,1.4897603272262598,True,6,134557
12,10,2016-01-19T18:14:54,1,-0.740688443183899,-18.6494770050049,-17.908788561821,91.9,31.75,3.36,3.352,0.4467080490890865,True,5,134558
12,10,2016-01-19T18:14:54,2,-0.740688443183899,-18.6494770050049,-17.908788561821,91.9,31.75,3.36,3.352,0.4467080490890865,True,5,134558
12,10,2016-01-19T18:14:54,3,-0.740688443183899,-18.6494770050049,-17.908788561821,91.9,31.75,3.358,3.35,0.4467080490890865,True,5,134558
12,10,2016-01-19T18:14:54,4,-0.740688443183899,-18.6494770050049,-17.908788561821,91.9,31.75,3.357,3.35,0.3908695429529569,True,5,134558
12,10,2016-01-19T18:14:54,5,-0.740688443183899,-18.6494770050049,-17.908788561821,91.9,31.75,3.358,3.35,0.4467080490890865,True,5,134558
12,10,2016-01-19T18:14:54,6,-0.740688443183899,-18.6494770050049,-17.908788561821,91.9,31.75,3.355,3.347,0.4467080490890865,True,5,134558
12,10,2016-01-19T18:14:54,7,-0.740688443183899,-18.6494770050049,-17.908788561821,91.9,31.75,3.354,3.346,0.4467080490890865,True,5,134558
12,10,2016-01-19T18:14:54,8,-0.740688443183899,-18.6494770050049,-17.908788561821,91.9,31.75,3.354,3.325,1.6193166779479324,True,5,134558
12,10,2016-01-21T09:05:10,1,-0.687782108783722,-15.0253934860229,-14.337611377239178,90.6,14.75,3.261,3.252,0.6277196224112864,True,5,134571
12,10,2016-01-21T09:05:10,2,-0.687782108783722,-15.0253934860229,-14.337611377239178,90.6,14.75,3.255,3.245,0.6974662471236103,True,5,134571
12,10,2016-01-21T09:05:10,3,-0.687782108783722,-15.0253934860229,-14.337611377239178,90.6,14.75,3.267,3.257,0.6974662471236103,True,5,134571
12,10,2016-01-21T09:05:10,4,-0.687782108783722,-15.0253934860229,-14.337611377239178,90.6,14.75,3.255,3.248,0.4882263729865148,True,5,134571
12,10,2016-01-21T09:05:10,5,-0.687782108783722,-15.0253934860229,-14.337611377239178,90.6,14.75,3.253,3.244,0.6277196224112555,True,5,134571
12,10,2016-01-21T09:05:10,6,-0.687782108783722,-15.0253934860229,-14.337611377239178,90.6,14.75,3.263,3.254,0.6277196224112555,True,5,134571
12,10,2016-01-21T09:05:10,7,-0.687782108783722,-15.0253934860229,-14.337611377239178,90.6,14.75,3.261,3.251,0.6974662471236414,True,5,134571
12,10,2016-01-21T09:05:10,8,-0.687782108783722,-15.0253934860229,-14.337611377239178,90.6,14.75,3.253,3.228,1.7436656178090566,True,5,134571
12,10,2016-01-21T13:30:24,1,-0.608422636985779,-30.1036930084229,-29.495270371437122,93.1,28.25,3.289,3.276,0.44074862973927487,True,5,134572
12,10,2016-01-21T13:30:24,2,-0.608422636985779,-30.1036930084229,-29.495270371437122,93.1,28.25,3.285,3.271,0.4746523704884452,True,5,134572
12,10,2016-01-21T13:30:24,3,-0.608422636985779,-30.1036930084229,-29.495270371437122,93.1,28.25,3.297,3.283,0.4746523704884452,True,5,134572
12,10,2016-01-21T13:30:24,4,-0.608422636985779,-30.1036930084229,-29.495270371437122,93.1,28.25,3.286,3.273,0.44074862973925977,True,5,134572
12,10,2016-01-21T13:30:24,5,-0.608422636985779,-30.1036930084229,-29.495270371437122,93.1,28.25,3.284,3.271,0.44074862973925977,True,5,134572
12,10,2016-01-21T13:30:24,6,-0.608422636985779,-30.1036930084229,-29.495270371437122,93.1,28.25,3.293,3.279,0.4746523704884452,True,5,134572
12,10,2016-01-21T13:30:24,7,-0.608422636985779,-30.1036930084229,-29.495270371437122,93.1,28.25,3.291,3.279,0.40684488899008947,True,5,134572
12,10,2016-01-21T13:30:24,8,-0.608422636985779,-30.1036930084229,-29.495270371437122,93.1,28.25,3.283,3.232,1.729090778207869,True,5,134572
12,10,2016-01-21T15:12:27,1,-0.608422636985779,-19.0462741851807,-18.43785154819492,70.1,36.25,3.265,3.26,0.2711812700590835,True,5,134573
12,10,2016-01-21T15:12:27,2,-0.608422636985779,-19.0462741851807,-18.43785154819492,70.1,36.25,3.264,3.258,0.32541752407086644,True,5,134573
12,10,2016-01-21T15:12:27,3,-0.608422636985779,-19.0462741851807,-18.43785154819492,70.1,36.25,3.271,3.266,0.27118127005905945,True,5,134573
12,10,2016-01-21T15:12:27,4,-0.608422636985779,-19.0462741851807,-18.43785154819492,70.1,36.25,3.264,3.258,0.32541752407086644,True,5,134573
12,10,2016-01-21T15:12:27,5,-0.608422636985779,-19.0462741851807,-18.43785154819492,70.1,36.25,3.262,3.257,0.27118127005905945,True,5,134573
12,10,2016-01-21T15:12:27,6,-0.608422636985779,-19.0462741851807,-18.43785154819492,70.1,36.25,3.269,3.263,0.3254175240708906,True,5,134573
12,10,2016-01-21T15:12:27,7,-0.608422636985779,-19.0462741851807,-18.43785154819492,70.1,36.25,3.269,3.264,0.2711812700590835,True,5,134573
12,10,2016-01-21T15:12:27,8,-0.608422636985779,-19.0462741851807,-18.43785154819492,70.1,36.25,3.266,3.24,1.4101426043071283,True,5,134573
12,10,2016-01-21T22:31:25,1,-0.76714164018631,-39.3093910217285,-38.54224938154219,91.5,24.5,3.326,3.307,0.4929655197835753,True,5,134575
12,10,2016-01-21T22:31:25,2,-0.76714164018631,-39.3093910217285,-38.54224938154219,91.5,24.5,3.327,3.307,0.518911073456392,True,5,134575
12,10,2016-01-21T22:31:25,3,-0.76714164018631,-39.3093910217285,-38.54224938154219,91.5,24.5,3.329,3.309,0.518911073456392,True,5,134575
12,10,2016-01-21T22:31:25,4,-0.76714164018631,-39.3093910217285,-38.54224938154219,91.5,24.5,3.325,3.308,0.4410744124379418,True,5,134575
12,10,2016-01-21T22:31:25,5,-0.76714164018631,-39.3093910217285,-38.54224938154219,91.5,24.5,3.325,3.306,0.4929655197835753,True,5,134575
12,10,2016-01-21T22:31:25,6,-0.76714164018631,-39.3093910217285,-38.54224938154219,91.5,24.5,3.327,3.308,0.4929655197835753,True,5,134575
12,10,2016-01-21T22:31:25,7,-0.76714164018631,-39.3093910217285,-38.54224938154219,91.5,24.5,3.324,3.306,0.46701996611074703,True,5,134575
12,10,2016-01-21T22:31:25,8,-0.76714164018631,-39.3093910217285,-38.54224938154219,91.5,24.5,3.323,3.247,1.9718620791342893,True,5,134575
12,10,2016-01-22T01:32:16,1,-0.581969499588013,-18.543664932251,-17.96169543266299,93.7,33.5,3.288,3.284,0.22269612659872198,True,5,134576
12,10,2016-01-22T01:32:16,2,-0.581969499588013,-18.543664932251,-17.96169543266299,93.7,33.5,3.285,3.281,0.22269612659872198,True,5,134576
12,10,2016-01-22T01:32:16,3,-0.581969499588013,-18.543664932251,-17.96169543266299,93.7,33.5,3.297,3.293,0.22269612659872198,True,5,134576
12,10,2016-01-22T01:32:16,4,-0.581969499588013,-18.543664932251,-17.96169543266299,93.7,33.5,3.287,3.283,0.22269612659872198,True,5,134576
12,10,2016-01-22T01:32:16,5,-0.581969499588013,-18.543664932251,-17.96169543266299,93.7,33.5,3.284,3.28,0.22269612659872198,True,5,134576
12,10,2016-01-22T01:32:16,6,-0.581969499588013,-18.543664932251,-17.96169543266299,93.7,33.5,3.294,3.289,0.27837015824839634,True,5,134576
12,10,2016-01-22T01:32:16,7,-0.581969499588013,-18.543664932251,-17.96169543266299,93.7,33.5,3.292,3.288,0.22269612659872198,True,5,134576
12,10,2016-01-22T01:32:16,8,-0.581969499588013,-18.543664932251,-17.96169543266299,93.7,33.5,3.282,3.255,1.5031988545413795,True,5,134576
12,10,2016-01-22T03:05:15,1,-0.608422636985779,-32.4844779968262,-31.87605535984042,74.4,37.25,3.28,3.269,0.34508661362968424,True,5,134577
12,10,2016-01-22T03:05:15,2,-0.608422636985779,-32.4844779968262,-31.87605535984042,74.4,37.25,3.278,3.266,0.37645812395966693,True,5,134577
12,10,2016-01-22T03:05:15,3,-0.608422636985779,-32.4844779968262,-31.87605535984042,74.4,37.25,3.287,3.276,0.34508661362969817,True,5,134577
12,10,2016-01-22T03:05:15,4,-0.608422636985779,-32.4844779968262,-31.87605535984042,74.4,37.25,3.278,3.268,0.3137151032997294,True,5,134577
12,10,2016-01-22T03:05:15,5,-0.608422636985779,-32.4844779968262,-31.87605535984042,74.4,37.25,3.276,3.266,0.31371510329971547,True,5,134577
12,10,2016-01-22T03:05:15,6,-0.608422636985779,-32.4844779968262,-31.87605535984042,74.4,37.25,3.285,3.275,0.3137151032997294,True,5,134577
12,10,2016-01-22T03:05:15,7,-0.608422636985779,-32.4844779968262,-31.87605535984042,74.4,37.25,3.284,3.274,0.31371510329971547,True,5,134577
12,10,2016-01-22T03:05:15,8,-0.608422636985779,-32.4844779968262,-31.87605535984042,74.4,37.25,3.277,3.228,1.5372040061686365,True,5,134577
12,10,2016-01-22T09:03:43,1,-4.25895833969116,-19.0727272033691,-14.813768863677941,87.7,29.5,3.281,3.274,0.47253336165946946,True,5,134579
12,10,2016-01-22T09:03:43,2,-4.25895833969116,-19.0727272033691,-14.813768863677941,87.7,29.5,3.276,3.27,0.4050285957080953,True,5,134579
12,10,2016-01-22T09:03:43,3,-4.25895833969116,-19.0727272033691,-14.813768863677941,87.7,29.5,3.29,3.283,0.47253336165946946,True,5,134579
12,10,2016-01-22T09:03:43,4,-4.25895833969116,-19.0727272033691,-14.813768863677941,87.7,29.5,3.279,3.275,0.27001906380540686,True,5,134579
12,10,2016-01-22T09:03:43,5,-4.25895833969116,-19.0727272033691,-14.813768863677941,87.7,29.5,3.277,3.27,0.47253336165946946,True,5,134579
12,10,2016-01-22T09:03:43,6,-4.25895833969116,-19.0727272033691,-14.813768863677941,87.7,29.5,3.287,3.282,0.3375238297567511,True,5,134579
12,10,2016-01-22T09:03:43,7,-4.25895833969116,-19.0727272033691,-14.813768863677941,87.7,29.5,3.285,3.278,0.47253336165946946,True,5,134579
12,10,2016-01-22T09:03:43,8,-4.25895833969116,-19.0727272033691,-14.813768863677941,87.7,29.5,3.267,3.241,1.7551239147351296,True,5,134579
12,10,2016-01-23T22:10:25,1,-0.714235246181488,-41.4520988464355,-40.73786360025401,93.4,19.75,3.295,3.267,0.6873212663961455,True,5,134591
12,10,2016-01-23T22:10:25,2,-0.714235246181488,-41.4520988464355,-40.73786360025401,93.4,19.75,3.296,3.264,0.7855100187384519,True,5,134591
12,10,2016-01-23T22:10:25,3,-0.714235246181488,-41.4520988464355,-40.73786360025401,93.4,19.75,3.298,3.267,0.7609628306528781,True,5,134591
12,10,2016-01-23T22:10:25,4,-0.714235246181488,-41.4520988464355,-40.73786360025401,93.4,19.75,3.294,3.265,0.7118684544817194,True,5,134591
12,10,2016-01-23T22:10:25,5,-0.714235246181488,-41.4520988464355,-40.73786360025401,93.4,19.75,3.295,3.264,0.7609628306528781,True,5,134591
12,10,2016-01-23T22:10:25,6,-0.714235246181488,-41.4520988464355,-40.73786360025401,93.4,19.75,3.297,3.266,0.7609628306528781,True,5,134591
12,10,2016-01-23T22:10:25,7,-0.714235246181488,-41.4520988464355,-40.73786360025401,93.4,19.75,3.294,3.264,0.7364156425673042,True,5,134591
12,10,2016-01-23T22:10:25,8,-0.714235246181488,-41.4520988464355,-40.73786360025401,93.4,19.75,3.295,3.18,2.8229266298413034,True,5,134591
12,10,2016-01-24T01:32:32,1,-0.608422636985779,-33.9658546447754,-33.35743200778962,93.4,32.75,3.287,3.277,0.29978326861805754,True,6,134592
12,10,2016-01-24T01:32:32,2,-0.608422636985779,-33.9658546447754,-33.35743200778962,93.4,32.75,3.283,3.271,0.35973992234167707,True,6,134592
12,10,2016-01-24T01:32:32,3,-0.608422636985779,-33.9658546447754,-33.35743200778962,93.4,32.75,3.293,3.282,0.329761595479874,True,6,134592
12,10,2016-01-24T01:32:32,4,-0.608422636985779,-33.9658546447754,-33.35743200778962,93.4,32.75,3.283,3.272,0.329761595479874,True,6,134592
12,10,2016-01-24T01:32:32,5,-0.608422636985779,-33.9658546447754,-33.35743200778962,93.4,32.75,3.28,3.269,0.32976159547986067,True,6,134592
12,10,2016-01-24T01:32:32,6,-0.608422636985779,-33.9658546447754,-33.35743200778962,93.4,32.75,3.29,3.279,0.329761595479874,True,6,134592
12,10,2016-01-24T01:32:32,7,-0.608422636985779,-33.9658546447754,-33.35743200778962,93.4,32.75,3.29,3.279,0.329761595479874,True,6,134592
12,10,2016-01-24T01:32:32,8,-0.608422636985779,-33.9658546447754,-33.35743200778962,93.4,32.75,3.28,3.22,1.798699611708372,True,6,134592
12,10,2016-01-24T03:16:46,1,-6.95718097686768,-42.721851348877,-35.76467037200932,68.2,42.25,3.248,3.238,0.27960554077485866,True,5,134593
12,10,2016-01-24T03:16:46,2,-6.95718097686768,-42.721851348877,-35.76467037200932,68.2,42.25,3.243,3.232,0.3075660948523284,True,5,134593
12,10,2016-01-24T03:16:46,3,-6.95718097686768,-42.721851348877,-35.76467037200932,68.2,42.25,3.253,3.242,0.30756609485234077,True,5,134593
12,10,2016-01-24T03:16:46,4,-6.95718097686768,-42.721851348877,-35.76467037200932,68.2,42.25,3.244,3.234,0.27960554077485866,True,5,134593
12,10,2016-01-24T03:16:46,5,-6.95718097686768,-42.721851348877,-35.76467037200932,68.2,42.25,3.242,3.232,0.27960554077484623,True,5,134593
12,10,2016-01-24T03:16:46,6,-6.95718097686768,-42.721851348877,-35.76467037200932,68.2,42.25,3.25,3.24,0.27960554077484623,True,5,134593
12,10,2016-01-24T03:16:46,7,-6.95718097686768,-42.721851348877,-35.76467037200932,68.2,42.25,3.251,3.243,0.22368443261988197,True,5,134593
12,10,2016-01-24T03:16:46,8,-6.95718097686768,-42.721851348877,-35.76467037200932,68.2,42.25,3.232,3.171,1.7055937987266092,True,5,134593
12,10,2016-01-24T09:01:01,1,-14.4698781967163,-35.0239791870117,-20.554100990295396,89.6,33.0,3.288,3.28,0.3892167311903937,True,6,134595
12,10,2016-01-24T09:01:01,2,-14.4698781967163,-35.0239791870117,-20.554100990295396,89.6,33.0,3.282,3.273,0.43786882258918747,True,6,134595
12,10,2016-01-24T09:01:01,3,-14.4698781967163,-35.0239791870117,-20.554100990295396,89.6,33.0,3.295,3.287,0.3892167311903937,True,6,134595
12,10,2016-01-24T09:01:01,4,-14.4698781967163,-35.0239791870117,-20.554100990295396,89.6,33.0,3.284,3.276,0.3892167311903937,True,6,134595
12,10,2016-01-24T09:01:01,5,-14.4698781967163,-35.0239791870117,-20.554100990295396,89.6,33.0,3.282,3.274,0.3892167311903937,True,6,134595
12,10,2016-01-24T09:01:01,6,-14.4698781967163,-35.0239791870117,-20.554100990295396,89.6,33.0,3.293,3.285,0.3892167311903937,True,6,134595
12,10,2016-01-24T09:01:01,7,-14.4698781967163,-35.0239791870117,-20.554100990295396,89.6,33.0,3.291,3.282,0.43786882258918747,True,6,134595
12,10,2016-01-24T09:01:01,8,-14.4698781967163,-35.0239791870117,-20.554100990295396,89.6,33.0,3.258,3.217,1.994735747350762,True,6,134595
12,10,2016-01-24T12:06:26,1,-16.3480529785156,-45.5787925720215,-29.2307395935059,89.6,41.75,3.285,3.277,0.27368448801676376,True,5,134596
12,10,2016-01-24T12:06:26,2,-16.3480529785156,-45.5787925720215,-29.2307395935059,89.6,41.75,3.28,3.271,0.3078950490188554,True,5,134596
12,10,2016-01-24T12:06:26,3,-16.3480529785156,-45.5787925720215,-29.2307395935059,89.6,41.75,3.291,3.282,0.3078950490188554,True,5,134596
12,10,2016-01-24T12:06:26,4,-16.3480529785156,-45.5787925720215,-29.2307395935059,89.6,41.75,3.282,3.274,0.27368448801676376,True,5,134596
12,10,2016-01-24T12:06:26,5,-16.3480529785156,-45.5787925720215,-29.2307395935059,89.6,41.75,3.28,3.271,0.3078950490188554,True,5,134596
12,10,2016-01-24T12:06:26,6,-16.3480529785156,-45.5787925720215,-29.2307395935059,89.6,41.75,3.288,3.28,0.27368448801676376,True,5,134596
12,10,2016-01-24T12:06:26,7,-16.3480529785156,-45.5787925720215,-29.2307395935059,89.6,41.75,3.289,3.28,0.30789504901887066,True,5,134596
12,10,2016-01-24T12:06:26,8,-16.3480529785156,-45.5787925720215,-29.2307395935059,89.6,41.75,3.252,3.195,1.950001977119438,True,5,134596
12,10,2016-01-24T15:50:14,1,-0.608422636985779,-12.1684532165527,-11.560030579566922,89.3,42.5,3.298,3.295,0.2595148844418112,True,5,134597
12,10,2016-01-24T15:50:14,2,-0.608422636985779,-12.1684532165527,-11.560030579566922,89.3,42.5,3.292,3.29,0.17300992296118187,True,5,134597
12,10,2016-01-24T15:50:14,3,-0.608422636985779,-12.1684532165527,-11.560030579566922,89.3,42.5,3.306,3.303,0.2595148844418112,True,5,134597
12,10,2016-01-24T15:50:14,4,-0.608422636985779,-12.1684532165527,-11.560030579566922,89.3,42.5,3.293,3.291,0.17300992296122028,True,5,134597
12,10,2016-01-24T15:50:14,5,-0.608422636985779,-12.1684532165527,-11.560030579566922,89.3,42.5,3.29,3.288,0.17300992296122028,True,5,134597
12,10,2016-01-24T15:50:14,6,-0.608422636985779,-12.1684532165527,-11.560030579566922,89.3,42.5,3.304,3.301,0.25951488444177284,True,5,134597
12,10,2016-01-24T15:50:14,7,-0.608422636985779,-12.1684532165527,-11.560030579566922,89.3,42.5,3.302,3.3,0.17300992296122028,True,5,134597
12,10,2016-01-24T15:50:14,8,-0.608422636985779,-12.1684532165527,-11.560030579566922,89.3,42.5,3.289,3.269,1.7300992296120108,True,5,134597
12,10,2016-01-24T22:07:27,1,-0.820047914981842,-21.9296684265137,-21.10962051153186,88.6,36.0,3.282,3.279,0.1421152975422396,True,5,134599
12,10,2016-01-24T22:07:27,2,-0.820047914981842,-21.9296684265137,-21.10962051153186,88.6,36.0,3.277,3.273,0.18948706338964574,True,5,134599
12,10,2016-01-24T22:07:27,3,-0.820047914981842,-21.9296684265137,-21.10962051153186,88.6,36.0,3.289,3.286,0.1421152975422396,True,5,134599
12,10,2016-01-24T22:07:27,4,-0.820047914981842,-21.9296684265137,-21.10962051153186,88.6,36.0,3.28,3.276,0.18948706338964574,True,5,134599
12,10,2016-01-24T22:07:27,5,-0.820047914981842,-21.9296684265137,-21.10962051153186,88.6,36.0,3.278,3.274,0.18948706338964574,True,5,134599
12,10,2016-01-24T22:07:27,6,-0.820047914981842,-21.9296684265137,-21.10962051153186,88.6,36.0,3.288,3.285,0.14211529754221855,True,5,134599
12,10,2016-01-24T22:07:27,7,-0.820047914981842,-21.9296684265137,-21.10962051153186,88.6,36.0,3.286,3.283,0.1421152975422396,True,5,134599
12,10,2016-01-24T22:07:27,8,-0.820047914981842,-21.9296684265137,-21.10962051153186,88.6,36.0,3.273,3.229,2.0843576972861033,True,5,134599
12,10,2016-01-25T00:01:11,1,-0.76714164018631,-34.0452117919922,-33.27807015180589,80.5,38.5,3.337,3.325,0.36059783350594354,True,5,134600
12,10,2016-01-25T00:01:11,2,-0.76714164018631,-34.0452117919922,-33.27807015180589,80.5,38.5,3.338,3.324,0.4206974724236075,True,5,134600
12,10,2016-01-25T00:01:11,3,-0.76714164018631,-34.0452117919922,-33.27807015180589,80.5,38.5,3.339,3.326,0.39064765296476883,True,5,134600
12,10,2016-01-25T00:01:11,4,-0.76714164018631,-34.0452117919922,-33.27807015180589,80.5,38.5,3.335,3.323,0.36059783350594354,True,5,134600
12,10,2016-01-25T00:01:11,5,-0.76714164018631,-34.0452117919922,-33.27807015180589,80.5,38.5,3.335,3.323,0.36059783350594354,True,5,134600
12,10,2016-01-25T00:01:11,6,-0.76714164018631,-34.0452117919922,-33.27807015180589,80.5,38.5,3.335,3.323,0.36059783350594354,True,5,134600
12,10,2016-01-25T00:01:11,7,-0.76714164018631,-34.0452117919922,-33.27807015180589,80.5,38.5,3.333,3.323,0.30049819458829297,True,5,134600
12,10,2016-01-25T00:01:11,8,-0.76714164018631,-34.0452117919922,-33.27807015180589,80.5,38.5,3.328,3.254,2.223686639953312,True,5,134600
12,10,2016-01-25T03:55:09,1,-0.608422636985779,-12.6446104049683,-12.036187767982522,58.2,43.75,3.27,3.268,0.16616556990913903,True,5,134601
12,10,2016-01-25T03:55:09,2,-0.608422636985779,-12.6446104049683,-12.036187767982522,58.2,43.75,3.27,3.266,0.3323311398182412,True,5,134601
12,10,2016-01-25T03:55:09,3,-0.608422636985779,-12.6446104049683,-12.036187767982522,58.2,43.75,3.274,3.271,0.24924835486369012,True,5,134601
12,10,2016-01-25T03:55:09,4,-0.608422636985779,-12.6446104049683,-12.036187767982522,58.2,43.75,3.269,3.266,0.24924835486369012,True,5,134601
12,10,2016-01-25T03:55:09,5,-0.608422636985779,-12.6446104049683,-12.036187767982522,58.2,43.75,3.267,3.265,0.16616556990910214,True,5,134601
12,10,2016-01-25T03:55:09,6,-0.608422636985779,-12.6446104049683,-12.036187767982522,58.2,43.75,3.272,3.269,0.2492483548636532,True,5,134601
12,10,2016-01-25T03:55:09,7,-0.608422636985779,-12.6446104049683,-12.036187767982522,58.2,43.75,3.273,3.27,0.24924835486369012,True,5,134601
12,10,2016-01-25T03:55:09,8,-0.608422636985779,-12.6446104049683,-12.036187767982522,58.2,43.75,3.267,3.245,1.827821269000308,True,5,134601
12,10,2016-01-25T06:00:04,1,-0.793594777584076,-20.3689308166504,-19.575336039066325,86.9,32.5,3.332,3.322,0.5108469136899042,True,4,134602
12,10,2016-01-25T06:00:04,2,-0.793594777584076,-20.3689308166504,-19.575336039066325,86.9,32.5,3.332,3.324,0.4086775309519325,True,4,134602
12,10,2016-01-25T06:00:04,3,-0.793594777584076,-20.3689308166504,-19.575336039066325,86.9,32.5,3.334,3.324,0.510846913689927,True,4,134602
12,10,2016-01-25T06:00:04,4,-0.793594777584076,-20.3689308166504,-19.575336039066325,86.9,32.5,3.33,3.322,0.4086775309519325,True,4,134602
12,10,2016-01-25T06:00:04,5,-0.793594777584076,-20.3689308166504,-19.575336039066325,86.9,32.5,3.33,3.321,0.45976222232091835,True,4,134602
12,10,2016-01-25T06:00:04,6,-0.793594777584076,-20.3689308166504,-19.575336039066325,86.9,32.5,3.331,3.322,0.45976222232091835,True,4,134602
12,10,2016-01-25T06:00:04,7,-0.793594777584076,-20.3689308166504,-19.575336039066325,86.9,32.5,3.328,3.32,0.4086775309519325,True,4,134602
12,10,2016-01-25T06:00:04,8,-0.793594777584076,-20.3689308166504,-19.575336039066325,86.9,32.5,3.325,3.284,2.0944723461286707,True,4,134602
12,10,2016-01-25T09:04:49,1,-0.608422636985779,-36.2937316894531,-35.68530905246732,93.6,37.75,3.305,3.292,0.3642955699469138,True,5,134603
12,10,2016-01-25T09:04:49,2,-0.608422636985779,-36.2937316894531,-35.68530905246732,93.6,37.75,3.303,3.29,0.3642955699469014,True,5,134603
12,10,2016-01-25T09:04:49,3,-0.608422636985779,-36.2937316894531,-35.68530905246732,93.6,37.75,3.312,3.299,0.3642955699469014,True,5,134603
12,10,2016-01-25T09:04:49,4,-0.608422636985779,-36.2937316894531,-35.68530905246732,93.6,37.75,3.304,3.293,0.3082500976473714,True,5,134603
12,10,2016-01-25T09:04:49,5,-0.608422636985779,-36.2937316894531,-35.68530905246732,93.6,37.75,3.303,3.291,0.33627283379714257,True,5,134603
12,10,2016-01-25T09:04:49,6,-0.608422636985779,-36.2937316894531,-35.68530905246732,93.6,37.75,3.309,3.297,0.33627283379714257,True,5,134603
12,10,2016-01-25T09:04:49,7,-0.608422636985779,-36.2937316894531,-35.68530905246732,93.6,37.75,3.307,3.295,0.33627283379714257,True,5,134603
12,10,2016-01-25T09:04:49,8,-0.608422636985779,-36.2937316894531,-35.68530905246732,93.6,37.75,3.299,3.226,2.0456597389326143,True,5,134603
12,10,2016-01-25T13:07:12,1,-0.608422636985779,-32.2728538513184,-31.664431214332623,93.2,39.5,3.296,3.287,0.28423059107172993,True,5,134604
12,10,2016-01-25T13:07:12,2,-0.608422636985779,-32.2728538513184,-31.664431214332623,93.2,39.5,3.292,3.282,0.3158117678574746,True,5,134604
12,10,2016-01-25T13:07:12,3,-0.608422636985779,-32.2728538513184,-31.664431214332623,93.2,39.5,3.304,3.294,0.3158117678574746,True,5,134604
12,10,2016-01-25T13:07:12,4,-0.608422636985779,-32.2728538513184,-31.664431214332623,93.2,39.5,3.293,3.285,0.25264941428598525,True,5,134604
12,10,2016-01-25T13:07:12,5,-0.608422636985779,-32.2728538513184,-31.664431214332623,93.2,39.5,3.291,3.283,0.25264941428598525,True,5,134604
12,10,2016-01-25T13:07:12,6,-0.608422636985779,-32.2728538513184,-31.664431214332623,93.2,39.5,3.301,3.292,0.284230591071744,True,5,134604
12,10,2016-01-25T13:07:12,7,-0.608422636985779,-32.2728538513184,-31.664431214332623,93.2,39.5,3.301,3.291,0.3158117678574886,True,5,134604
12,10,2016-01-25T13:07:12,8,-0.608422636985779,-32.2728538513184,-31.664431214332623,93.2,39.5,3.29,3.225,2.0527764910736273,True,5,134604
12,10,2016-01-25T16:19:29,1,-13.9937210083008,-45.0761795043945,-31.0824584960937,83.0,44.25,3.298,3.29,0.257379898086421,True,5,134605
12,10,2016-01-25T16:19:29,2,-13.9937210083008,-45.0761795043945,-31.0824584960937,83.0,44.25,3.294,3.285,0.28955238534722005,True,5,134605
12,10,2016-01-25T16:19:29,3,-13.9937210083008,-45.0761795043945,-31.0824584960937,83.0,44.25,3.303,3.295,0.257379898086421,True,5,134605
12,10,2016-01-25T16:19:29,4,-13.9937210083008,-45.0761795043945,-31.0824584960937,83.0,44.25,3.295,3.288,0.22520741082562196,True,5,134605
12,10,2016-01-25T16:19:29,5,-13.9937210083008,-45.0761795043945,-31.0824584960937,83.0,44.25,3.295,3.287,0.257379898086421,True,5,134605
12,10,2016-01-25T16:19:29,6,-13.9937210083008,-45.0761795043945,-31.0824584960937,83.0,44.25,3.3,3.292,0.257379898086421,True,5,134605
12,10,2016-01-25T16:19:29,7,-13.9937210083008,-45.0761795043945,-31.0824584960937,83.0,44.25,3.301,3.293,0.257379898086421,True,5,134605
12,10,2016-01-25T16:19:29,8,-13.9937210083008,-45.0761795043945,-31.0824584960937,83.0,44.25,3.27,3.212,1.8660042611265453,True,5,134605
12,10,2016-01-25T18:09:24,1,-35.0239791870117,-169.544097900391,-134.5201187133793,89.5,46.0,3.271,3.234,0.2750517941396964,True,5,134606
12,10,2016-01-25T18:09:24,2,-35.0239791870117,-169.544097900391,-134.5201187133793,89.5,46.0,3.267,3.227,0.29735329096183477,True,5,134606
12,10,2016-01-25T18:09:24,3,-35.0239791870117,-169.544097900391,-134.5201187133793,89.5,46.0,3.276,3.238,0.2824856264137414,True,5,134606
12,10,2016-01-25T18:09:24,4,-35.0239791870117,-169.544097900391,-134.5201187133793,89.5,46.0,3.27,3.235,0.26018412959160625,True,5,134606
12,10,2016-01-25T18:09:24,5,-35.0239791870117,-169.544097900391,-134.5201187133793,89.5,46.0,3.269,3.233,0.2676179618656513,True,5,134606
12,10,2016-01-25T18:09:24,6,-35.0239791870117,-169.544097900391,-134.5201187133793,89.5,46.0,3.276,3.241,0.260184129591603,True,5,134606
12,10,2016-01-25T18:09:24,7,-35.0239791870117,-169.544097900391,-134.5201187133793,89.5,46.0,3.276,3.242,0.25275029731755794,True,5,134606
12,10,2016-01-25T18:09:24,8,-35.0239791870117,-169.544097900391,-134.5201187133793,89.5,46.0,3.192,2.98,1.5759724420977244,True,5,134606
12,10,2016-01-25T22:02:07,1,-1.19039213657379,-28.1197071075439,-26.929314970970108,92.4,38.75,3.295,3.289,0.22280551905860968,True,5,134607
12,10,2016-01-25T22:02:07,2,-1.19039213657379,-28.1197071075439,-26.929314970970108,92.4,38.75,3.295,3.289,0.22280551905860968,True,5,134607
12,10,2016-01-25T22:02:07,3,-1.19039213657379,-28.1197071075439,-26.929314970970108,92.4,38.75,3.3,3.295,0.18567126588217747,True,5,134607
12,10,2016-01-25T22:02:07,4,-1.19039213657379,-28.1197071075439,-26.929314970970108,92.4,38.75,3.295,3.291,0.14853701270574526,True,5,134607
12,10,2016-01-25T22:02:07,5,-1.19039213657379,-28.1197071075439,-26.929314970970108,92.4,38.75,3.296,3.291,0.18567126588217747,True,5,134607
12,10,2016-01-25T22:02:07,6,-1.19039213657379,-28.1197071075439,-26.929314970970108,92.4,38.75,3.297,3.293,0.14853701270574526,True,5,134607
12,10,2016-01-25T22:02:07,7,-1.19039213657379,-28.1197071075439,-26.929314970970108,92.4,38.75,3.296,3.292,0.14853701270574526,True,5,134607
12,10,2016-01-25T22:02:07,8,-1.19039213657379,-28.1197071075439,-26.929314970970108,92.4,38.75,3.295,3.241,2.0052496715275527,True,5,134607
12,10,2016-01-26T01:33:22,1,-0.740688443183899,-22.4058265686035,-21.665138125419602,90.5,38.5,3.336,3.327,0.4154139220298919,True,5,134608
12,10,2016-01-26T01:33:22,2,-0.740688443183899,-22.4058265686035,-21.665138125419602,90.5,38.5,3.337,3.328,0.4154139220299124,True,5,134608
12,10,2016-01-26T01:33:22,3,-0.740688443183899,-22.4058265686035,-21.665138125419602,90.5,38.5,3.338,3.329,0.4154139220298919,True,5,134608
12,10,2016-01-26T01:33:22,4,-0.740688443183899,-22.4058265686035,-21.665138125419602,90.5,38.5,3.334,3.326,0.3692568195821307,True,5,134608
12,10,2016-01-26T01:33:22,5,-0.740688443183899,-22.4058265686035,-21.665138125419602,90.5,38.5,3.333,3.325,0.3692568195821307,True,5,134608
12,10,2016-01-26T01:33:22,6,-0.740688443183899,-22.4058265686035,-21.665138125419602,90.5,38.5,3.336,3.328,0.3692568195821307,True,5,134608
12,10,2016-01-26T01:33:22,7,-0.740688443183899,-22.4058265686035,-21.665138125419602,90.5,38.5,3.332,3.326,0.27694261468658776,True,5,134608
12,10,2016-01-26T01:33:22,8,-0.740688443183899,-22.4058265686035,-21.665138125419602,90.5,38.5,3.33,3.285,2.07706961014948,True,5,134608
12,10,2016-01-26T08:48:17,1,-0.661328971385956,-27.4583797454834,-26.797050774097443,88.4,35.0,3.275,3.266,0.3358578552494842,True,5,134610
12,10,2016-01-26T08:48:17,2,-0.661328971385956,-27.4583797454834,-26.797050774097443,88.4,35.0,3.272,3.261,0.41049293419380667,True,5,134610
12,10,2016-01-26T08:48:17,3,-0.661328971385956,-27.4583797454834,-26.797050774097443,88.4,35.0,3.284,3.277,0.2612227763051451,True,5,134610
12,10,2016-01-26T08:48:17,4,-0.661328971385956,-27.4583797454834,-26.797050774097443,88.4,35.0,3.275,3.267,0.29854031577732293,True,5,134610
12,10,2016-01-26T08:48:17,5,-0.661328971385956,-27.4583797454834,-26.797050774097443,88.4,35.0,3.273,3.264,0.33585785524950074,True,5,134610
12,10,2016-01-26T08:48:17,6,-0.661328971385956,-27.4583797454834,-26.797050774097443,88.4,35.0,3.283,3.276,0.2612227763051617,True,5,134610
12,10,2016-01-26T08:48:17,7,-0.661328971385956,-27.4583797454834,-26.797050774097443,88.4,35.0,3.279,3.272,0.2612227763051617,True,5,134610
12,10,2016-01-26T08:48:17,8,-0.661328971385956,-27.4583797454834,-26.797050774097443,88.4,35.0,3.269,3.217,1.9405120525525992,True,5,134610
12,10,2016-01-26T09:03:33,1,-0.608422636985779,-33.2251663208008,-32.616743683815024,87.3,36.25,3.281,3.27,0.33725009788326926,True,5,134611
12,10,2016-01-26T09:03:33,2,-0.608422636985779,-33.2251663208008,-32.616743683815024,87.3,36.25,3.277,3.264,0.3985682974984153,True,5,134611
12,10,2016-01-26T09:03:33,3,-0.608422636985779,-33.2251663208008,-32.616743683815024,87.3,36.25,3.291,3.28,0.33725009788326926,True,5,134611
12,10,2016-01-26T09:03:33,4,-0.608422636985779,-33.2251663208008,-32.616743683815024,87.3,36.25,3.28,3.27,0.3065909980756894,True,5,134611
12,10,2016-01-26T09:03:33,5,-0.608422636985779,-33.2251663208008,-32.616743683815024,87.3,36.25,3.277,3.267,0.306590998075703,True,5,134611
12,10,2016-01-26T09:03:33,6,-0.608422636985779,-33.2251663208008,-32.616743683815024,87.3,36.25,3.288,3.278,0.3065909980756894,True,5,134611
12,10,2016-01-26T09:03:33,7,-0.608422636985779,-33.2251663208008,-32.616743683815024,87.3,36.25,3.285,3.275,0.306590998075703,True,5,134611
12,10,2016-01-26T09:03:33,8,-0.608422636985779,-33.2251663208008,-32.616743683815024,87.3,36.25,3.271,3.212,1.8088868886465974,True,5,134611
12,10,2016-01-26T12:11:31,1,-0.608422636985779,-13.4382047653198,-12.82978212833402,93.2,38.5,3.293,3.291,0.15588729255061237,True,5,134612
12,10,2016-01-26T12:11:31,2,-0.608422636985779,-13.4382047653198,-12.82978212833402,93.2,38.5,3.289,3.288,0.07794364627532349,True,5,134612
12,10,2016-01-26T12:11:31,3,-0.608422636985779,-13.4382047653198,-12.82978212833402,93.2,38.5,3.301,3.299,0.15588729255061237,True,5,134612
12,10,2016-01-26T12:11:31,4,-0.608422636985779,-13.4382047653198,-12.82978212833402,93.2,38.5,3.291,3.29,0.07794364627528888,True,5,134612
12,10,2016-01-26T12:11:31,5,-0.608422636985779,-13.4382047653198,-12.82978212833402,93.2,38.5,3.289,3.287,0.15588729255061237,True,5,134612
12,10,2016-01-26T12:11:31,6,-0.608422636985779,-13.4382047653198,-12.82978212833402,93.2,38.5,3.297,3.297,-0.0,False,5,134612
12,10,2016-01-26T12:11:31,7,-0.608422636985779,-13.4382047653198,-12.82978212833402,93.2,38.5,3.298,3.296,0.15588729255061237,True,5,134612
12,10,2016-01-26T12:11:31,8,-0.608422636985779,-13.4382047653198,-12.82978212833402,93.2,38.5,3.287,3.266,1.6368165717812397,True,5,134612
12,10,2016-01-26T16:24:24,1,-0.634875774383545,-36.9815139770508,-36.34663820266726,89.4,41.5,3.285,3.276,0.24761574783936652,True,6,134613
12,10,2016-01-26T16:24:24,2,-0.634875774383545,-36.9815139770508,-36.34663820266726,89.4,41.5,3.281,3.271,0.2751286087104032,True,6,134613
12,10,2016-01-26T16:24:24,3,-0.634875774383545,-36.9815139770508,-36.34663820266726,89.4,41.5,3.294,3.285,0.24761574783935428,True,6,134613
12,10,2016-01-26T16:24:24,4,-0.634875774383545,-36.9815139770508,-36.34663820266726,89.4,41.5,3.283,3.274,0.24761574783935428,True,6,134613
12,10,2016-01-26T16:24:24,5,-0.634875774383545,-36.9815139770508,-36.34663820266726,89.4,41.5,3.281,3.272,0.24761574783936652,True,6,134613
12,10,2016-01-26T16:24:24,6,-0.634875774383545,-36.9815139770508,-36.34663820266726,89.4,41.5,3.293,3.284,0.24761574783936652,True,6,134613
12,10,2016-01-26T16:24:24,7,-0.634875774383545,-36.9815139770508,-36.34663820266726,89.4,41.5,3.291,3.283,0.22010288696831762,True,6,134613
12,10,2016-01-26T16:24:24,8,-0.634875774383545,-36.9815139770508,-36.34663820266726,89.4,41.5,3.279,3.211,1.8708745392306998,True,6,134613
12,10,2016-01-26T18:21:15,1,-0.555516362190247,-16.6125831604004,-16.057066798210155,83.4,43.5,3.319,3.313,0.3736672504014612,True,5,134614
12,10,2016-01-26T18:21:15,2,-0.555516362190247,-16.6125831604004,-16.057066798210155,83.4,43.5,3.318,3.312,0.37366725040148885,True,5,134614
12,10,2016-01-26T18:21:15,3,-0.555516362190247,-16.6125831604004,-16.057066798210155,83.4,43.5,3.322,3.317,0.31138937533455563,True,5,134614
12,10,2016-01-26T18:21:15,4,-0.555516362190247,-16.6125831604004,-16.057066798210155,83.4,43.5,3.317,3.311,0.37366725040148885,True,5,134614
12,10,2016-01-26T18:21:15,5,-0.555516362190247,-16.6125831604004,-16.057066798210155,83.4,43.5,3.316,3.311,0.31138937533455563,True,5,134614
12,10,2016-01-26T18:21:15,6,-0.555516362190247,-16.6125831604004,-16.057066798210155,83.4,43.5,3.319,3.313,0.3736672504014612,True,5,134614
12,10,2016-01-26T18:21:15,7,-0.555516362190247,-16.6125831604004,-16.057066798210155,83.4,43.5,3.319,3.314,0.31138937533455563,True,5,134614
12,10,2016-01-26T18:21:15,8,-0.555516362190247,-16.6125831604004,-16.057066798210155,83.4,43.5,3.311,3.275,2.2420035024088505,True,5,134614
12,10,2016-01-29T22:07:32,1,-6.16358613967896,-45.1819915771484,-39.01840543746944,74.3,26.5,3.246,3.227,0.4869496789265098,True,5,134639
12,10,2016-01-29T22:07:32,2,-6.16358613967896,-45.1819915771484,-39.01840543746944,74.3,26.5,3.235,3.213,0.5638364703359497,True,5,134639
12,10,2016-01-29T22:07:32,3,-6.16358613967896,-45.1819915771484,-39.01840543746944,74.3,26.5,3.248,3.228,0.512578609396323,True,5,134639
12,10,2016-01-29T22:07:32,4,-6.16358613967896,-45.1819915771484,-39.01840543746944,74.3,26.5,3.236,3.216,0.512578609396323,True,5,134639
12,10,2016-01-29T22:07:32,5,-6.16358613967896,-45.1819915771484,-39.01840543746944,74.3,26.5,3.233,3.211,0.5638364703359611,True,5,134639
12,10,2016-01-29T22:07:32,6,-6.16358613967896,-45.1819915771484,-39.01840543746944,74.3,26.5,3.243,3.223,0.512578609396323,True,5,134639
12,10,2016-01-29T22:07:32,7,-6.16358613967896,-45.1819915771484,-39.01840543746944,74.3,26.5,3.244,3.224,0.512578609396323,True,5,134639
12,10,2016-01-29T22:07:32,8,-6.16358613967896,-45.1819915771484,-39.01840543746944,74.3,26.5,3.221,3.151,1.7940251328871364,True,5,134639
12,10,2016-01-30T01:38:48,1,-0.740688443183899,-14.3376111984253,-13.596922755241401,90.3,28.25,3.375,3.368,0.5148223701794384,True,5,134640
12,10,2016-01-30T01:38:48,2,-0.740688443183899,-14.3376111984253,-13.596922755241401,90.3,28.25,3.385,3.378,0.5148223701794057,True,5,134640
12,10,2016-01-30T01:38:48,3,-0.740688443183899,-14.3376111984253,-13.596922755241401,90.3,28.25,3.379,3.371,0.5883684230622059,True,5,134640
12,10,2016-01-30T01:38:48,4,-0.740688443183899,-14.3376111984253,-13.596922755241401,90.3,28.25,3.383,3.376,0.5148223701794384,True,5,134640
12,10,2016-01-30T01:38:48,5,-0.740688443183899,-14.3376111984253,-13.596922755241401,90.3,28.25,3.386,3.378,0.5883684230622059,True,5,134640
12,10,2016-01-30T01:38:48,6,-0.740688443183899,-14.3376111984253,-13.596922755241401,90.3,28.25,3.376,3.37,0.44127631729663813,True,5,134640
12,10,2016-01-30T01:38:48,7,-0.740688443183899,-14.3376111984253,-13.596922755241401,90.3,28.25,3.37,3.362,0.5883684230622059,True,5,134640
12,10,2016-01-30T01:38:48,8,-0.740688443183899,-14.3376111984253,-13.596922755241401,90.3,28.25,3.358,3.323,2.574111850897159,True,5,134640
12,10,2016-01-30T03:01:31,1,-12.8562345504761,-48.9118881225586,-36.0556535720825,70.2,43.5,3.262,3.252,0.27734901490575453,True,5,134641
12,10,2016-01-30T03:01:31,2,-12.8562345504761,-48.9118881225586,-36.0556535720825,70.2,43.5,3.258,3.246,0.33281881788689804,True,5,134641
12,10,2016-01-30T03:01:31,3,-12.8562345504761,-48.9118881225586,-36.0556535720825,70.2,43.5,3.268,3.257,0.305083916396314,True,5,134641
12,10,2016-01-30T03:01:31,4,-12.8562345504761,-48.9118881225586,-36.0556535720825,70.2,43.5,3.259,3.249,0.27734901490574226,True,5,134641
12,10,2016-01-30T03:01:31,5,-12.8562345504761,-48.9118881225586,-36.0556535720825,70.2,43.5,3.257,3.247,0.27734901490575453,True,5,134641
12,10,2016-01-30T03:01:31,6,-12.8562345504761,-48.9118881225586,-36.0556535720825,70.2,43.5,3.266,3.257,0.24961411341517048,True,5,134641
12,10,2016-01-30T03:01:31,7,-12.8562345504761,-48.9118881225586,-36.0556535720825,70.2,43.5,3.267,3.259,0.22187921192459872,True,5,134641
12,10,2016-01-30T03:01:31,8,-12.8562345504761,-48.9118881225586,-36.0556535720825,70.2,43.5,3.23,3.157,2.0246478088119604,True,5,134641
12,10,2016-01-30T09:08:33,1,-0.740688443183899,-32.4315719604492,-31.6908835172653,93.1,30.25,3.345,3.33,0.47332224082134144,True,5,134643
12,10,2016-01-30T09:08:33,2,-0.740688443183899,-32.4315719604492,-31.6908835172653,93.1,30.25,3.348,3.334,0.44176742476657505,True,5,134643
12,10,2016-01-30T09:08:33,3,-0.740688443183899,-32.4315719604492,-31.6908835172653,93.1,30.25,3.348,3.334,0.44176742476657505,True,5,134643
12,10,2016-01-30T09:08:33,4,-0.740688443183899,-32.4315719604492,-31.6908835172653,93.1,30.25,3.345,3.333,0.37865779265707034,True,5,134643
12,10,2016-01-30T09:08:33,5,-0.740688443183899,-32.4315719604492,-31.6908835172653,93.1,30.25,3.345,3.332,0.41021260871183673,True,5,134643
12,10,2016-01-30T09:08:33,6,-0.740688443183899,-32.4315719604492,-31.6908835172653,93.1,30.25,3.346,3.333,0.4102126087118227,True,5,134643
12,10,2016-01-30T09:08:33,7,-0.740688443183899,-32.4315719604492,-31.6908835172653,93.1,30.25,3.341,3.328,0.41021260871183673,True,5,134643
12,10,2016-01-30T09:08:33,8,-0.740688443183899,-32.4315719604492,-31.6908835172653,93.1,30.25,3.343,3.266,2.4297208362161977,True,5,134643
12,10,2016-01-30T12:11:21,1,-0.76714164018631,-11.030966758728,-10.26382511854169,93.3,34.25,3.344,3.339,0.4871478169447128,True,5,134644
12,10,2016-01-30T12:11:21,2,-0.76714164018631,-11.030966758728,-10.26382511854169,93.3,34.25,3.347,3.343,0.38971825355577894,True,5,134644
12,10,2016-01-30T12:11:21,3,-0.76714164018631,-11.030966758728,-10.26382511854169,93.3,34.25,3.348,3.343,0.4871478169447128,True,5,134644
12,10,2016-01-30T12:11:21,4,-0.76714164018631,-11.030966758728,-10.26382511854169,93.3,34.25,3.345,3.341,0.38971825355577894,True,5,134644
12,10,2016-01-30T12:11:21,5,-0.76714164018631,-11.030966758728,-10.26382511854169,93.3,34.25,3.345,3.341,0.38971825355577894,True,5,134644
12,10,2016-01-30T12:11:21,6,-0.76714164018631,-11.030966758728,-10.26382511854169,93.3,34.25,3.345,3.342,0.29228869016684506,True,5,134644
12,10,2016-01-30T12:11:21,7,-0.76714164018631,-11.030966758728,-10.26382511854169,93.3,34.25,3.341,3.337,0.38971825355577894,True,5,134644
12,10,2016-01-30T12:11:21,8,-0.76714164018631,-11.030966758728,-10.26382511854169,93.3,34.25,3.342,3.316,2.5331686481125844,True,5,134644
12,10,2016-01-30T16:17:47,1,-0.76714164018631,-20.5011978149414,-19.73405617475509,93.0,35.75,3.336,3.328,0.40539055575579314,True,5,134645
12,10,2016-01-30T16:17:47,2,-0.76714164018631,-20.5011978149414,-19.73405617475509,93.0,35.75,3.337,3.328,0.45606437522528415,True,5,134645
12,10,2016-01-30T16:17:47,3,-0.76714164018631,-20.5011978149414,-19.73405617475509,93.0,35.75,3.338,3.33,0.40539055575579314,True,5,134645
12,10,2016-01-30T16:17:47,4,-0.76714164018631,-20.5011978149414,-19.73405617475509,93.0,35.75,3.334,3.326,0.40539055575579314,True,5,134645
12,10,2016-01-30T16:17:47,5,-0.76714164018631,-20.5011978149414,-19.73405617475509,93.0,35.75,3.334,3.327,0.35471673628632466,True,5,134645
12,10,2016-01-30T16:17:47,6,-0.76714164018631,-20.5011978149414,-19.73405617475509,93.0,35.75,3.335,3.327,0.40539055575579314,True,5,134645
12,10,2016-01-30T16:17:47,7,-0.76714164018631,-20.5011978149414,-19.73405617475509,93.0,35.75,3.332,3.327,0.25336909734736507,True,5,134645
12,10,2016-01-30T16:17:47,8,-0.76714164018631,-20.5011978149414,-19.73405617475509,93.0,35.75,3.332,3.283,2.4830171540042274,True,5,134645
12,10,2016-01-31T12:37:16,1,-0.661328971385956,-26.6118774414063,-25.950548470020344,92.6,13.25,3.317,3.299,0.693626958243096,True,5,134652
12,10,2016-01-31T12:37:16,2,-0.661328971385956,-26.6118774414063,-25.950548470020344,92.6,13.25,3.319,3.3,0.7321617892565966,True,5,134652
12,10,2016-01-31T12:37:16,3,-0.661328971385956,-26.6118774414063,-25.950548470020344,92.6,13.25,3.32,3.302,0.6936269582430787,True,5,134652
12,10,2016-01-31T12:37:16,4,-0.661328971385956,-26.6118774414063,-25.950548470020344,92.6,13.25,3.318,3.301,0.6550921272295782,True,5,134652
12,10,2016-01-31T12:37:16,5,-0.661328971385956,-26.6118774414063,-25.950548470020344,92.6,13.25,3.317,3.299,0.693626958243096,True,5,134652
12,10,2016-01-31T12:37:16,6,-0.661328971385956,-26.6118774414063,-25.950548470020344,92.6,13.25,3.319,3.3,0.7321617892565966,True,5,134652
12,10,2016-01-31T12:37:16,7,-0.661328971385956,-26.6118774414063,-25.950548470020344,92.6,13.25,3.314,3.296,0.693626958243096,True,5,134652
12,10,2016-01-31T12:37:16,8,-0.661328971385956,-26.6118774414063,-25.950548470020344,92.6,13.25,3.314,3.251,2.42769435385081,True,5,134652
12,10,2016-02-01T18:31:56,1,-0.634875774383545,-13.3588447570801,-12.723968982696555,85.4,12.25,3.318,3.31,0.628734635464711,True,5,134662
12,10,2016-02-01T18:31:56,2,-0.634875774383545,-13.3588447570801,-12.723968982696555,85.4,12.25,3.32,3.31,0.7859182943308712,True,5,134662
12,10,2016-02-01T18:31:56,3,-0.634875774383545,-13.3588447570801,-12.723968982696555,85.4,12.25,3.32,3.312,0.628734635464711,True,5,134662
12,10,2016-02-01T18:31:56,4,-0.634875774383545,-13.3588447570801,-12.723968982696555,85.4,12.25,3.318,3.31,0.628734635464711,True,5,134662
12,10,2016-02-01T18:31:56,5,-0.634875774383545,-13.3588447570801,-12.723968982696555,85.4,12.25,3.317,3.307,0.7859182943309061,True,5,134662
12,10,2016-02-01T18:31:56,6,-0.634875774383545,-13.3588447570801,-12.723968982696555,85.4,12.25,3.319,3.31,0.707326464897791,True,5,134662
12,10,2016-02-01T18:31:56,7,-0.634875774383545,-13.3588447570801,-12.723968982696555,85.4,12.25,3.315,3.306,0.707326464897791,True,5,134662
12,10,2016-02-01T18:31:56,8,-0.634875774383545,-13.3588447570801,-12.723968982696555,85.4,12.25,3.309,3.278,2.4363467124257636,True,5,134662
12,10,2016-02-01T22:00:34,1,-0.634875774383545,-37.2195930480957,-36.58471727371216,92.3,23.0,3.302,3.274,0.7653469012898275,True,4,134663
12,10,2016-02-01T22:00:34,2,-0.634875774383545,-37.2195930480957,-36.58471727371216,92.3,23.0,3.301,3.267,0.9293498087090822,True,4,134663
12,10,2016-02-01T22:00:34,3,-0.634875774383545,-37.2195930480957,-36.58471727371216,92.3,23.0,3.305,3.275,0.8200145370962497,True,4,134663
12,10,2016-02-01T22:00:34,4,-0.634875774383545,-37.2195930480957,-36.58471727371216,92.3,23.0,3.299,3.267,0.8746821729026599,True,4,134663
12,10,2016-02-01T22:00:34,5,-0.634875774383545,-37.2195930480957,-36.58471727371216,92.3,23.0,3.298,3.266,0.8746821729026599,True,4,134663
12,10,2016-02-01T22:00:34,6,-0.634875774383545,-37.2195930480957,-36.58471727371216,92.3,23.0,3.302,3.27,0.8746821729026599,True,4,134663
12,10,2016-02-01T22:00:34,7,-0.634875774383545,-37.2195930480957,-36.58471727371216,92.3,23.0,3.301,3.271,0.8200145370962497,True,4,134663
12,10,2016-02-01T22:00:34,8,-0.634875774383545,-37.2195930480957,-36.58471727371216,92.3,23.0,3.301,3.209,2.5147112470951476,True,4,134663
12,10,2016-02-02T00:01:01,1,-32.0876808166504,-46.2930297851563,-14.205348968505902,76.8,34.5,3.246,3.242,0.2815840715260315,True,6,134664
12,10,2016-02-02T00:01:01,2,-32.0876808166504,-46.2930297851563,-14.205348968505902,76.8,34.5,3.239,3.235,0.2815840715260315,True,6,134664
12,10,2016-02-02T00:01:01,3,-32.0876808166504,-46.2930297851563,-14.205348968505902,76.8,34.5,3.25,3.245,0.35198008940753156,True,6,134664
12,10,2016-02-02T00:01:01,4,-32.0876808166504,-46.2930297851563,-14.205348968505902,76.8,34.5,3.24,3.235,0.3519800894075628,True,6,134664
12,10,2016-02-02T00:01:01,5,-32.0876808166504,-46.2930297851563,-14.205348968505902,76.8,34.5,3.238,3.233,0.35198008940753156,True,6,134664
12,10,2016-02-02T00:01:01,6,-32.0876808166504,-46.2930297851563,-14.205348968505902,76.8,34.5,3.246,3.242,0.2815840715260315,True,6,134664
12,10,2016-02-02T00:01:01,7,-32.0876808166504,-46.2930297851563,-14.205348968505902,76.8,34.5,3.249,3.244,0.35198008940753156,True,6,134664
12,10,2016-02-02T00:01:01,8,-32.0876808166504,-46.2930297851563,-14.205348968505902,76.8,34.5,3.18,3.155,1.7599004470377202,True,6,134664
12,10,2016-02-03T01:36:51,1,-43.9386978149414,-133.588134765625,-89.6494369506836,92.5,31.25,3.263,3.228,0.39040959085167815,True,5,134672
12,10,2016-02-03T01:36:51,2,-43.9386978149414,-133.588134765625,-89.6494369506836,92.5,31.25,3.259,3.221,0.42387327006753783,True,5,134672
12,10,2016-02-03T01:36:51,3,-43.9386978149414,-133.588134765625,-89.6494369506836,92.5,31.25,3.267,3.233,0.37925503111305986,True,5,134672
12,10,2016-02-03T01:36:51,4,-43.9386978149414,-133.588134765625,-89.6494369506836,92.5,31.25,3.262,3.228,0.37925503111305986,True,5,134672
12,10,2016-02-03T01:36:51,5,-43.9386978149414,-133.588134765625,-89.6494369506836,92.5,31.25,3.259,3.225,0.37925503111305986,True,5,134672
12,10,2016-02-03T01:36:51,6,-43.9386978149414,-133.588134765625,-89.6494369506836,92.5,31.25,3.267,3.234,0.36810047137444163,True,5,134672
12,10,2016-02-03T01:36:51,7,-43.9386978149414,-133.588134765625,-89.6494369506836,92.5,31.25,3.266,3.235,0.34579135189720517,True,5,134672
12,10,2016-02-03T01:36:51,8,-43.9386978149414,-133.588134765625,-89.6494369506836,92.5,31.25,3.156,2.963,2.152830029553559,True,5,134672
12,10,2016-02-03T09:16:51,1,-0.634875774383545,-42.4308662414551,-41.795990467071555,85.7,32.5,3.289,3.27,0.45458905956467377,True,5,134675
12,10,2016-02-03T09:16:51,2,-0.634875774383545,-42.4308662414551,-41.795990467071555,85.7,32.5,3.284,3.264,0.4785147995417591,True,5,134675
12,10,2016-02-03T09:16:51,3,-0.634875774383545,-42.4308662414551,-41.795990467071555,85.7,32.5,3.297,3.279,0.43066331958758847,True,5,134675
12,10,2016-02-03T09:16:51,4,-0.634875774383545,-42.4308662414551,-41.795990467071555,85.7,32.5,3.286,3.269,0.4067375796104925,True,5,134675
12,10,2016-02-03T09:16:51,5,-0.634875774383545,-42.4308662414551,-41.795990467071555,85.7,32.5,3.283,3.266,0.4067375796104925,True,5,134675
12,10,2016-02-03T09:16:51,6,-0.634875774383545,-42.4308662414551,-41.795990467071555,85.7,32.5,3.295,3.278,0.4067375796104925,True,5,134675
12,10,2016-02-03T09:16:51,7,-0.634875774383545,-42.4308662414551,-41.795990467071555,85.7,32.5,3.292,3.275,0.4067375796104925,True,5,134675
12,10,2016-02-03T09:16:51,8,-0.634875774383545,-42.4308662414551,-41.795990467071555,85.7,32.5,3.275,3.186,2.1293908579608254,True,5,134675
12,10,2016-02-03T12:10:30,1,-0.76714164018631,-62.7733459472656,-62.00620430707929,90.6,24.75,3.333,3.302,0.4999499702719402,True,5,134676
12,10,2016-02-03T12:10:30,2,-0.76714164018631,-62.7733459472656,-62.00620430707929,90.6,24.75,3.335,3.303,0.5160773886678074,True,5,134676
12,10,2016-02-03T12:10:30,3,-0.76714164018631,-62.7733459472656,-62.00620430707929,90.6,24.75,3.335,3.306,0.46769513348019864,True,5,134676
12,10,2016-02-03T12:10:30,4,-0.76714164018631,-62.7733459472656,-62.00620430707929,90.6,24.75,3.333,3.306,0.43544029668846423,True,5,134676
12,10,2016-02-03T12:10:30,5,-0.76714164018631,-62.7733459472656,-62.00620430707929,90.6,24.75,3.332,3.304,0.4515677150843314,True,5,134676
12,10,2016-02-03T12:10:30,6,-0.76714164018631,-62.7733459472656,-62.00620430707929,90.6,24.75,3.333,3.306,0.43544029668846423,True,5,134676
12,10,2016-02-03T12:10:30,7,-0.76714164018631,-62.7733459472656,-62.00620430707929,90.6,24.75,3.33,3.305,0.4031854598967227,True,5,134676
12,10,2016-02-03T12:10:30,8,-0.76714164018631,-62.7733459472656,-62.00620430707929,90.6,24.75,3.327,3.142,2.9835724032357596,True,5,134676
12,10,2016-02-03T16:22:57,1,-0.952313721179962,-120.465538024902,-119.51322430372204,90.4,42.0,3.278,3.243,0.29285462093344367,True,5,134677
12,10,2016-02-03T16:22:57,2,-0.952313721179962,-120.465538024902,-119.51322430372204,90.4,42.0,3.279,3.24,0.3263237204686905,True,5,134677
12,10,2016-02-03T16:22:57,3,-0.952313721179962,-120.465538024902,-119.51322430372204,90.4,42.0,3.284,3.248,0.3012218958172517,True,5,134677
12,10,2016-02-03T16:22:57,4,-0.952313721179962,-120.465538024902,-119.51322430372204,90.4,42.0,3.278,3.246,0.26775279628200477,True,5,134677
12,10,2016-02-03T16:22:57,5,-0.952313721179962,-120.465538024902,-119.51322430372204,90.4,42.0,3.279,3.246,0.2761200711658165,True,5,134677
12,10,2016-02-03T16:22:57,6,-0.952313721179962,-120.465538024902,-119.51322430372204,90.4,42.0,3.283,3.25,0.2761200711658165,True,5,134677
12,10,2016-02-03T16:22:57,7,-0.952313721179962,-120.465538024902,-119.51322430372204,90.4,42.0,3.282,3.252,0.2510182465143813,True,5,134677
12,10,2016-02-03T16:22:57,8,-0.952313721179962,-120.465538024902,-119.51322430372204,90.4,42.0,3.282,3.024,2.1587569200236616,True,5,134677
12,10,2016-02-03T21:45:45,1,-0.608422636985779,-13.1207666397095,-12.51234400272372,91.6,34.25,3.301,3.297,0.3196843052851866,True,6,134679
12,10,2016-02-03T21:45:45,2,-0.608422636985779,-13.1207666397095,-12.51234400272372,91.6,34.25,3.297,3.293,0.3196843052851866,True,6,134679
12,10,2016-02-03T21:45:45,3,-0.608422636985779,-13.1207666397095,-12.51234400272372,91.6,34.25,3.309,3.306,0.23976322896389882,True,6,134679
12,10,2016-02-03T21:45:45,4,-0.608422636985779,-13.1207666397095,-12.51234400272372,91.6,34.25,3.3,3.297,0.23976322896386332,True,6,134679
12,10,2016-02-03T21:45:45,5,-0.608422636985779,-13.1207666397095,-12.51234400272372,91.6,34.25,3.298,3.295,0.23976322896389882,True,6,134679
12,10,2016-02-03T21:45:45,6,-0.608422636985779,-13.1207666397095,-12.51234400272372,91.6,34.25,3.308,3.305,0.23976322896386332,True,6,134679
12,10,2016-02-03T21:45:45,7,-0.608422636985779,-13.1207666397095,-12.51234400272372,91.6,34.25,3.306,3.303,0.23976322896389882,True,6,134679
12,10,2016-02-03T21:45:45,8,-0.608422636985779,-13.1207666397095,-12.51234400272372,91.6,34.25,3.288,3.263,1.9980269080324076,True,6,134679
12,10,2016-02-04T02:13:13,1,-7.80368185043335,-44.3354949951172,-36.53181314468385,90.2,36.0,3.28,3.268,0.328480821701188,True,6,134680
12,10,2016-02-04T02:13:13,2,-7.80368185043335,-44.3354949951172,-36.53181314468385,90.2,36.0,3.278,3.265,0.35585422350961726,True,6,134680
12,10,2016-02-04T02:13:13,3,-7.80368185043335,-44.3354949951172,-36.53181314468385,90.2,36.0,3.29,3.278,0.328480821701188,True,6,134680
12,10,2016-02-04T02:13:13,4,-7.80368185043335,-44.3354949951172,-36.53181314468385,90.2,36.0,3.281,3.27,0.30110741989275863,True,6,134680
12,10,2016-02-04T02:13:13,5,-7.80368185043335,-44.3354949951172,-36.53181314468385,90.2,36.0,3.278,3.267,0.30110741989275863,True,6,134680
12,10,2016-02-04T02:13:13,6,-7.80368185043335,-44.3354949951172,-36.53181314468385,90.2,36.0,3.29,3.279,0.30110741989275863,True,6,134680
12,10,2016-02-04T02:13:13,7,-7.80368185043335,-44.3354949951172,-36.53181314468385,90.2,36.0,3.289,3.278,0.30110741989275863,True,6,134680
12,10,2016-02-04T02:13:13,8,-7.80368185043335,-44.3354949951172,-36.53181314468385,90.2,36.0,3.261,3.179,2.244618948291457,True,6,134680
12,10,2016-02-04T06:47:16,1,-1.90462744235992,-37.6692962646484,-35.764668822288485,85.9,27.25,3.333,3.315,0.5032899952028261,True,5,134682
12,10,2016-02-04T06:47:16,2,-1.90462744235992,-37.6692962646484,-35.764668822288485,85.9,27.25,3.333,3.315,0.5032899952028261,True,5,134682
12,10,2016-02-04T06:47:16,3,-1.90462744235992,-37.6692962646484,-35.764668822288485,85.9,27.25,3.334,3.317,0.4753294399137713,True,5,134682
12,10,2016-02-04T06:47:16,4,-1.90462744235992,-37.6692962646484,-35.764668822288485,85.9,27.25,3.331,3.316,0.4194083293356864,True,5,134682
12,10,2016-02-04T06:47:16,5,-1.90462744235992,-37.6692962646484,-35.764668822288485,85.9,27.25,3.331,3.315,0.44736888462472885,True,5,134682
12,10,2016-02-04T06:47:16,6,-1.90462744235992,-37.6692962646484,-35.764668822288485,85.9,27.25,3.332,3.316,0.44736888462472885,True,5,134682
12,10,2016-02-04T06:47:16,7,-1.90462744235992,-37.6692962646484,-35.764668822288485,85.9,27.25,3.328,3.314,0.39144777404663156,True,5,134682
12,10,2016-02-04T06:47:16,8,-1.90462744235992,-37.6692962646484,-35.764668822288485,85.9,27.25,3.309,3.21,2.7680949736155127,True,5,134682
12,10,2016-02-04T09:05:45,1,-0.608422636985779,-21.109619140625,-20.50119650363922,93.9,36.25,3.298,3.292,0.29266584508543936,True,5,134683
12,10,2016-02-04T09:05:45,2,-0.608422636985779,-21.109619140625,-20.50119650363922,93.9,36.25,3.296,3.289,0.34144348593298374,True,5,134683
12,10,2016-02-04T09:05:45,3,-0.608422636985779,-21.109619140625,-20.50119650363922,93.9,36.25,3.306,3.299,0.34144348593300533,True,5,134683
12,10,2016-02-04T09:05:45,4,-0.608422636985779,-21.109619140625,-20.50119650363922,93.9,36.25,3.297,3.292,0.24388820423787336,True,5,134683
12,10,2016-02-04T09:05:45,5,-0.608422636985779,-21.109619140625,-20.50119650363922,93.9,36.25,3.297,3.291,0.29266584508543936,True,5,134683
12,10,2016-02-04T09:05:45,6,-0.608422636985779,-21.109619140625,-20.50119650363922,93.9,36.25,3.304,3.297,0.34144348593298374,True,5,134683
12,10,2016-02-04T09:05:45,7,-0.608422636985779,-21.109619140625,-20.50119650363922,93.9,36.25,3.302,3.295,0.34144348593300533,True,5,134683
12,10,2016-02-04T09:05:45,8,-0.608422636985779,-21.109619140625,-20.50119650363922,93.9,36.25,3.293,3.247,2.2437714789882963,True,5,134683
12,10,2016-02-04T13:04:04,1,-0.634875774383545,-36.452449798584,-35.817574024200454,85.8,40.75,3.289,3.277,0.3350310658084243,True,6,134684
12,10,2016-02-04T13:04:04,2,-0.634875774383545,-36.452449798584,-35.817574024200454,85.8,40.75,3.282,3.269,0.3629503212924566,True,6,134684
12,10,2016-02-04T13:04:04,3,-0.634875774383545,-36.452449798584,-35.817574024200454,85.8,40.75,3.297,3.284,0.36295032129246896,True,6,134684
12,10,2016-02-04T13:04:04,4,-0.634875774383545,-36.452449798584,-35.817574024200454,85.8,40.75,3.283,3.272,0.30711181032439205,True,6,134684
12,10,2016-02-04T13:04:04,5,-0.634875774383545,-36.452449798584,-35.817574024200454,85.8,40.75,3.281,3.27,0.30711181032439205,True,6,134684
12,10,2016-02-04T13:04:04,6,-0.634875774383545,-36.452449798584,-35.817574024200454,85.8,40.75,3.295,3.283,0.3350310658084243,True,6,134684
12,10,2016-02-04T13:04:04,7,-0.634875774383545,-36.452449798584,-35.817574024200454,85.8,40.75,3.294,3.282,0.3350310658084243,True,6,134684
12,10,2016-02-04T13:04:04,8,-0.634875774383545,-36.452449798584,-35.817574024200454,85.8,40.75,3.274,3.186,2.456894482595111,True,6,134684
12,10,2016-02-04T16:37:42,1,-0.608422636985779,-12.53879737854,-11.930374741554221,92.2,45.5,3.308,3.306,0.1676393276259511,True,5,134685
12,10,2016-02-04T16:37:42,2,-0.608422636985779,-12.53879737854,-11.930374741554221,92.2,45.5,3.307,3.304,0.2514589914389639,True,5,134685
12,10,2016-02-04T16:37:42,3,-0.608422636985779,-12.53879737854,-11.930374741554221,92.2,45.5,3.314,3.312,0.16763932762598832,True,5,134685
12,10,2016-02-04T16:37:42,4,-0.608422636985779,-12.53879737854,-11.930374741554221,92.2,45.5,3.306,3.304,0.16763932762598832,True,5,134685
12,10,2016-02-04T16:37:42,5,-0.608422636985779,-12.53879737854,-11.930374741554221,92.2,45.5,3.307,3.304,0.2514589914389639,True,5,134685
12,10,2016-02-04T16:37:42,6,-0.608422636985779,-12.53879737854,-11.930374741554221,92.2,45.5,3.311,3.309,0.1676393276259511,True,5,134685
12,10,2016-02-04T16:37:42,7,-0.608422636985779,-12.53879737854,-11.930374741554221,92.2,45.5,3.311,3.309,0.1676393276259511,True,5,134685
12,10,2016-02-04T16:37:42,8,-0.608422636985779,-12.53879737854,-11.930374741554221,92.2,45.5,3.297,3.272,2.0954915953246496,True,5,134685
12,10,2016-02-04T18:11:00,1,-0.608422636985779,-11.4013109207153,-10.792888283729521,80.8,42.5,3.315,3.313,0.1853072085453545,True,5,134686
12,10,2016-02-04T18:11:00,2,-0.608422636985779,-11.4013109207153,-10.792888283729521,80.8,42.5,3.309,3.306,0.27796081281807294,True,5,134686
12,10,2016-02-04T18:11:00,3,-0.608422636985779,-11.4013109207153,-10.792888283729521,80.8,42.5,3.32,3.317,0.27796081281803176,True,5,134686
12,10,2016-02-04T18:11:00,4,-0.608422636985779,-11.4013109207153,-10.792888283729521,80.8,42.5,3.312,3.309,0.27796081281803176,True,5,134686
12,10,2016-02-04T18:11:00,5,-0.608422636985779,-11.4013109207153,-10.792888283729521,80.8,42.5,3.308,3.306,0.1853072085453545,True,5,134686
12,10,2016-02-04T18:11:00,6,-0.608422636985779,-11.4013109207153,-10.792888283729521,80.8,42.5,3.318,3.315,0.27796081281807294,True,5,134686
12,10,2016-02-04T18:11:00,7,-0.608422636985779,-11.4013109207153,-10.792888283729521,80.8,42.5,3.318,3.315,0.27796081281807294,True,5,134686
12,10,2016-02-04T18:11:00,8,-0.608422636985779,-11.4013109207153,-10.792888283729521,80.8,42.5,3.282,3.26,2.0383792939991467,True,5,134686
12,10,2016-02-04T23:03:33,1,-0.793594777584076,-48.1976547241211,-47.404059946537025,90.2,30.0,3.33,3.311,0.4008095513639253,True,5,134687
12,10,2016-02-04T23:03:33,2,-0.793594777584076,-48.1976547241211,-47.404059946537025,90.2,30.0,3.33,3.311,0.4008095513639253,True,5,134687
12,10,2016-02-04T23:03:33,3,-0.793594777584076,-48.1976547241211,-47.404059946537025,90.2,30.0,3.332,3.313,0.400809551363916,True,5,134687
12,10,2016-02-04T23:03:33,4,-0.793594777584076,-48.1976547241211,-47.404059946537025,90.2,30.0,3.328,3.311,0.3586190722729814,True,5,134687
12,10,2016-02-04T23:03:33,5,-0.793594777584076,-48.1976547241211,-47.404059946537025,90.2,30.0,3.327,3.311,0.33752383272751413,True,5,134687
12,10,2016-02-04T23:03:33,6,-0.793594777584076,-48.1976547241211,-47.404059946537025,90.2,30.0,3.329,3.312,0.3586190722729908,True,5,134687
12,10,2016-02-04T23:03:33,7,-0.793594777584076,-48.1976547241211,-47.404059946537025,90.2,30.0,3.327,3.31,0.3586190722729814,True,5,134687
12,10,2016-02-04T23:03:33,8,-0.793594777584076,-48.1976547241211,-47.404059946537025,90.2,30.0,3.315,3.261,1.1391429354553555,True,5,134687
12,10,2016-02-05T02:40:45,1,-0.740688443183899,-23.9930152893066,-23.252326846122703,92.3,31.5,3.318,3.31,0.3440515890277019,True,5,134688
12,10,2016-02-05T02:40:45,2,-0.740688443183899,-23.9930152893066,-23.252326846122703,92.3,31.5,3.318,3.308,0.4300644862846369,True,5,134688
12,10,2016-02-05T02:40:45,3,-0.740688443183899,-23.9930152893066,-23.252326846122703,92.3,31.5,3.322,3.314,0.3440515890277019,True,5,134688
12,10,2016-02-05T02:40:45,4,-0.740688443183899,-23.9930152893066,-23.252326846122703,92.3,31.5,3.316,3.308,0.3440515890277019,True,5,134688
12,10,2016-02-05T02:40:45,5,-0.740688443183899,-23.9930152893066,-23.252326846122703,92.3,31.5,3.315,3.308,0.3010451403992439,True,5,134688
12,10,2016-02-05T02:40:45,6,-0.740688443183899,-23.9930152893066,-23.252326846122703,92.3,31.5,3.32,3.311,0.3870580376561598,True,5,134688
12,10,2016-02-05T02:40:45,7,-0.740688443183899,-23.9930152893066,-23.252326846122703,92.3,31.5,3.318,3.31,0.3440515890277019,True,5,134688
12,10,2016-02-05T02:40:45,8,-0.740688443183899,-23.9930152893066,-23.252326846122703,92.3,31.5,3.312,3.281,1.3331999074823304,True,5,134688
12,10,2016-02-05T03:08:58,1,-0.76714164018631,-49.3615951538086,-48.59445351362229,85.1,32.75,3.333,3.313,0.41156960422229044,True,5,134689
12,10,2016-02-05T03:08:58,2,-0.76714164018631,-49.3615951538086,-48.59445351362229,85.1,32.75,3.333,3.312,0.43214808443341185,True,5,134689
12,10,2016-02-05T03:08:58,3,-0.76714164018631,-49.3615951538086,-48.59445351362229,85.1,32.75,3.335,3.315,0.41156960422229044,True,5,134689
12,10,2016-02-05T03:08:58,4,-0.76714164018631,-49.3615951538086,-48.59445351362229,85.1,32.75,3.331,3.312,0.3909911240111782,True,5,134689
12,10,2016-02-05T03:08:58,5,-0.76714164018631,-49.3615951538086,-48.59445351362229,85.1,32.75,3.33,3.311,0.3909911240111782,True,5,134689
12,10,2016-02-05T03:08:58,6,-0.76714164018631,-49.3615951538086,-48.59445351362229,85.1,32.75,3.332,3.313,0.39099112401116903,True,5,134689
12,10,2016-02-05T03:08:58,7,-0.76714164018631,-49.3615951538086,-48.59445351362229,85.1,32.75,3.329,3.312,0.34983416358895375,True,5,134689
12,10,2016-02-05T03:08:58,8,-0.76714164018631,-49.3615951538086,-48.59445351362229,85.1,32.75,3.318,3.253,1.3376012137224418,True,5,134689
12,10,2016-02-05T06:55:29,1,-0.740688443183899,-41.9547119140625,-41.2140234708786,93.4,28.0,3.332,3.314,0.4367445467370689,True,5,134690
12,10,2016-02-05T06:55:29,2,-0.740688443183899,-41.9547119140625,-41.2140234708786,93.4,28.0,3.333,3.315,0.4367445467370797,True,5,134690
12,10,2016-02-05T06:55:29,3,-0.740688443183899,-41.9547119140625,-41.2140234708786,93.4,28.0,3.335,3.317,0.4367445467370689,True,5,134690
12,10,2016-02-05T06:55:29,4,-0.740688443183899,-41.9547119140625,-41.2140234708786,93.4,28.0,3.331,3.315,0.3882173748773994,True,5,134690
12,10,2016-02-05T06:55:29,5,-0.740688443183899,-41.9547119140625,-41.2140234708786,93.4,28.0,3.331,3.315,0.3882173748773994,True,5,134690
12,10,2016-02-05T06:55:29,6,-0.740688443183899,-41.9547119140625,-41.2140234708786,93.4,28.0,3.332,3.316,0.3882173748773994,True,5,134690
12,10,2016-02-05T06:55:29,7,-0.740688443183899,-41.9547119140625,-41.2140234708786,93.4,28.0,3.327,3.313,0.3396902030177191,True,5,134690
12,10,2016-02-05T06:55:29,8,-0.740688443183899,-41.9547119140625,-41.2140234708786,93.4,28.0,3.331,3.269,1.5043423276499173,True,5,134690
12,10,2016-02-05T09:11:46,1,-3.3330979347229,-42.0605201721191,-38.7274222373962,89.8,34.75,3.289,3.276,0.33567945525295534,True,5,134691
12,10,2016-02-05T09:11:46,2,-3.3330979347229,-42.0605201721191,-38.7274222373962,89.8,34.75,3.284,3.271,0.33567945525294385,True,5,134691
12,10,2016-02-05T09:11:46,3,-3.3330979347229,-42.0605201721191,-38.7274222373962,89.8,34.75,3.297,3.284,0.33567945525295534,True,5,134691
12,10,2016-02-05T09:11:46,4,-3.3330979347229,-42.0605201721191,-38.7274222373962,89.8,34.75,3.287,3.275,0.30985795869502775,True,5,134691
12,10,2016-02-05T09:11:46,5,-3.3330979347229,-42.0605201721191,-38.7274222373962,89.8,34.75,3.284,3.272,0.30985795869502775,True,5,134691
12,10,2016-02-05T09:11:46,6,-3.3330979347229,-42.0605201721191,-38.7274222373962,89.8,34.75,3.294,3.281,0.33567945525294385,True,5,134691
12,10,2016-02-05T09:11:46,7,-3.3330979347229,-42.0605201721191,-38.7274222373962,89.8,34.75,3.292,3.279,0.33567945525294385,True,5,134691
12,10,2016-02-05T09:11:46,8,-3.3330979347229,-42.0605201721191,-38.7274222373962,89.8,34.75,3.277,3.242,0.9037523795271671,True,5,134691
12,10,2016-02-05T12:05:40,1,-0.76714164018631,-31.4792575836182,-30.71211594343189,90.2,30.5,3.323,3.311,0.390725276698701,True,5,134692
12,10,2016-02-05T12:05:40,2,-0.76714164018631,-31.4792575836182,-30.71211594343189,90.2,30.5,3.323,3.311,0.390725276698701,True,5,134692
12,10,2016-02-05T12:05:40,3,-0.76714164018631,-31.4792575836182,-30.71211594343189,90.2,30.5,3.326,3.315,0.35816483697381285,True,5,134692
12,10,2016-02-05T12:05:40,4,-0.76714164018631,-31.4792575836182,-30.71211594343189,90.2,30.5,3.322,3.311,0.35816483697381285,True,5,134692
12,10,2016-02-05T12:05:40,5,-0.76714164018631,-31.4792575836182,-30.71211594343189,90.2,30.5,3.321,3.311,0.3256043972489247,True,5,134692
12,10,2016-02-05T12:05:40,6,-0.76714164018631,-31.4792575836182,-30.71211594343189,90.2,30.5,3.324,3.313,0.35816483697379836,True,5,134692
12,10,2016-02-05T12:05:40,7,-0.76714164018631,-31.4792575836182,-30.71211594343189,90.2,30.5,3.322,3.311,0.35816483697381285,True,5,134692
12,10,2016-02-05T12:05:40,8,-0.76714164018631,-31.4792575836182,-30.71211594343189,90.2,30.5,3.319,3.275,1.432659347895237,True,5,134692
12,10,2016-02-05T15:24:18,1,-9.76121520996094,-47.1924362182617,-37.43122100830076,88.9,40.5,3.297,3.285,0.32058799250334064,True,5,134693
12,10,2016-02-05T15:24:18,2,-9.76121520996094,-47.1924362182617,-37.43122100830076,88.9,40.5,3.291,3.278,0.3473036585452827,True,5,134693
12,10,2016-02-05T15:24:18,3,-9.76121520996094,-47.1924362182617,-37.43122100830076,88.9,40.5,3.304,3.292,0.32058799250334064,True,5,134693
12,10,2016-02-05T15:24:18,4,-9.76121520996094,-47.1924362182617,-37.43122100830076,88.9,40.5,3.293,3.281,0.32058799250334064,True,5,134693
12,10,2016-02-05T15:24:18,5,-9.76121520996094,-47.1924362182617,-37.43122100830076,88.9,40.5,3.29,3.279,0.29387232646139855,True,5,134693
12,10,2016-02-05T15:24:18,6,-9.76121520996094,-47.1924362182617,-37.43122100830076,88.9,40.5,3.301,3.289,0.32058799250334064,True,5,134693
12,10,2016-02-05T15:24:18,7,-9.76121520996094,-47.1924362182617,-37.43122100830076,88.9,40.5,3.301,3.289,0.32058799250334064,True,5,134693
12,10,2016-02-05T15:24:18,8,-9.76121520996094,-47.1924362182617,-37.43122100830076,88.9,40.5,3.28,3.239,1.0953423077197442,True,5,134693
12,10,2016-02-05T22:09:09,1,-0.740688443183899,-23.6226711273193,-22.8819826841354,91.9,29.0,3.324,3.315,0.39332255968534585,True,6,134695
12,10,2016-02-05T22:09:09,2,-0.740688443183899,-23.6226711273193,-22.8819826841354,91.9,29.0,3.324,3.315,0.39332255968534585,True,6,134695
12,10,2016-02-05T22:09:09,3,-0.740688443183899,-23.6226711273193,-22.8819826841354,91.9,29.0,3.327,3.318,0.39332255968534585,True,6,134695
12,10,2016-02-05T22:09:09,4,-0.740688443183899,-23.6226711273193,-22.8819826841354,91.9,29.0,3.322,3.315,0.3059175464219443,True,6,134695
12,10,2016-02-05T22:09:09,5,-0.740688443183899,-23.6226711273193,-22.8819826841354,91.9,29.0,3.321,3.313,0.3496200530536451,True,6,134695
12,10,2016-02-05T22:09:09,6,-0.740688443183899,-23.6226711273193,-22.8819826841354,91.9,29.0,3.325,3.317,0.3496200530536451,True,6,134695
12,10,2016-02-05T22:09:09,7,-0.740688443183899,-23.6226711273193,-22.8819826841354,91.9,29.0,3.323,3.314,0.39332255968534585,True,6,134695
12,10,2016-02-05T22:09:09,8,-0.740688443183899,-23.6226711273193,-22.8819826841354,91.9,29.0,3.319,3.277,1.8355052785316268,True,6,134695
12,10,2016-02-06T00:01:16,1,-5.55516338348389,-32.510929107666,-26.95576572418211,81.2,38.25,3.274,3.269,0.18548907314157193,True,5,134696
12,10,2016-02-06T00:01:16,2,-5.55516338348389,-32.510929107666,-26.95576572418211,81.2,38.25,3.271,3.265,0.22258688776988303,True,5,134696
12,10,2016-02-06T00:01:16,3,-5.55516338348389,-32.510929107666,-26.95576572418211,81.2,38.25,3.281,3.278,0.11129344388494974,True,5,134696
12,10,2016-02-06T00:01:16,4,-5.55516338348389,-32.510929107666,-26.95576572418211,81.2,38.25,3.272,3.268,0.14839125851326085,True,5,134696
12,10,2016-02-06T00:01:16,5,-5.55516338348389,-32.510929107666,-26.95576572418211,81.2,38.25,3.27,3.266,0.14839125851326085,True,5,134696
12,10,2016-02-06T00:01:16,6,-5.55516338348389,-32.510929107666,-26.95576572418211,81.2,38.25,3.278,3.275,0.11129344388494974,True,5,134696
12,10,2016-02-06T00:01:16,7,-5.55516338348389,-32.510929107666,-26.95576572418211,81.2,38.25,3.276,3.275,0.03709781462831109,True,5,134696
12,10,2016-02-06T00:01:16,8,-5.55516338348389,-32.510929107666,-26.95576572418211,81.2,38.25,3.27,3.224,1.7064994729024914,True,5,134696
12,10,2016-02-06T03:24:29,1,-0.634875774383545,-13.0678606033325,-12.432984828948955,80.6,38.5,3.274,3.273,0.08043120889776124,True,5,134697
12,10,2016-02-06T03:24:29,2,-0.634875774383545,-13.0678606033325,-12.432984828948955,80.6,38.5,3.269,3.268,0.08043120889779697,True,5,134697
12,10,2016-02-06T03:24:29,3,-0.634875774383545,-13.0678606033325,-12.432984828948955,80.6,38.5,3.283,3.281,0.1608624177955225,True,5,134697
12,10,2016-02-06T03:24:29,4,-0.634875774383545,-13.0678606033325,-12.432984828948955,80.6,38.5,3.271,3.27,0.08043120889776124,True,5,134697
12,10,2016-02-06T03:24:29,5,-0.634875774383545,-13.0678606033325,-12.432984828948955,80.6,38.5,3.269,3.268,0.08043120889779697,True,5,134697
12,10,2016-02-06T03:24:29,6,-0.634875774383545,-13.0678606033325,-12.432984828948955,80.6,38.5,3.282,3.28,0.1608624177955582,True,5,134697
12,10,2016-02-06T03:24:29,7,-0.634875774383545,-13.0678606033325,-12.432984828948955,80.6,38.5,3.279,3.278,0.08043120889776124,True,5,134697
12,10,2016-02-06T03:24:29,8,-0.634875774383545,-13.0678606033325,-12.432984828948955,80.6,38.5,3.269,3.253,1.286899342364323,True,5,134697
12,10,2016-02-06T08:57:31,1,-0.608422636985779,-29.019115447998,-28.410692811012222,89.3,33.75,3.296,3.284,0.4223761834962613,True,5,134698
12,10,2016-02-06T08:57:31,2,-0.608422636985779,-29.019115447998,-28.410692811012222,89.3,33.75,3.291,3.279,0.4223761834962613,True,5,134698
12,10,2016-02-06T08:57:31,3,-0.608422636985779,-29.019115447998,-28.410692811012222,89.3,33.75,3.305,3.293,0.4223761834962613,True,5,134698
12,10,2016-02-06T08:57:31,4,-0.608422636985779,-29.019115447998,-28.410692811012222,89.3,33.75,3.293,3.283,0.35198015291355894,True,5,134698
12,10,2016-02-06T08:57:31,5,-0.608422636985779,-29.019115447998,-28.410692811012222,89.3,33.75,3.291,3.28,0.38717816820491013,True,5,134698
12,10,2016-02-06T08:57:31,6,-0.608422636985779,-29.019115447998,-28.410692811012222,89.3,33.75,3.303,3.292,0.38717816820491013,True,5,134698
12,10,2016-02-06T08:57:31,7,-0.608422636985779,-29.019115447998,-28.410692811012222,89.3,33.75,3.3,3.289,0.3871781682048945,True,5,134698
12,10,2016-02-06T08:57:31,8,-0.608422636985779,-29.019115447998,-28.410692811012222,89.3,33.75,3.287,3.228,2.0766829021899396,True,5,134698
12,10,2016-02-06T09:14:49,1,-3.20083212852478,-127.026847839355,-123.82601571083022,90.0,32.0,3.27,3.228,0.33918558841529745,True,5,134699
12,10,2016-02-06T09:14:49,2,-3.20083212852478,-127.026847839355,-123.82601571083022,90.0,32.0,3.27,3.224,0.37148897778818313,True,5,134699
12,10,2016-02-06T09:14:49,3,-3.20083212852478,-127.026847839355,-123.82601571083022,90.0,32.0,3.276,3.235,0.3311097410720769,True,5,134699
12,10,2016-02-06T09:14:49,4,-3.20083212852478,-127.026847839355,-123.82601571083022,90.0,32.0,3.27,3.232,0.3068821990424118,True,5,134699
12,10,2016-02-06T09:14:49,5,-3.20083212852478,-127.026847839355,-123.82601571083022,90.0,32.0,3.27,3.231,0.3149580463856359,True,5,134699
12,10,2016-02-06T09:14:49,6,-3.20083212852478,-127.026847839355,-123.82601571083022,90.0,32.0,3.275,3.237,0.3068821990424118,True,5,134699
12,10,2016-02-06T09:14:49,7,-3.20083212852478,-127.026847839355,-123.82601571083022,90.0,32.0,3.272,3.235,0.2988063516991913,True,5,134699
12,10,2016-02-06T09:14:49,8,-3.20083212852478,-127.026847839355,-123.82601571083022,90.0,32.0,3.272,3.038,1.8897482783138084,True,5,134699
12,10,2016-02-06T14:10:20,1,-0.76714164018631,-19.0198211669922,-18.252679526805892,76.7,38.25,3.324,3.318,0.32871885967143516,True,5,134700
12,10,2016-02-06T14:10:20,2,-0.76714164018631,-19.0198211669922,-18.252679526805892,76.7,38.25,3.319,3.312,0.38350533628336125,True,5,134700
12,10,2016-02-06T14:10:20,3,-0.76714164018631,-19.0198211669922,-18.252679526805892,76.7,38.25,3.327,3.32,0.38350533628336125,True,5,134700
12,10,2016-02-06T14:10:20,4,-0.76714164018631,-19.0198211669922,-18.252679526805892,76.7,38.25,3.319,3.313,0.32871885967143516,True,5,134700
12,10,2016-02-06T14:10:20,5,-0.76714164018631,-19.0198211669922,-18.252679526805892,76.7,38.25,3.316,3.31,0.32871885967143516,True,5,134700
12,10,2016-02-06T14:10:20,6,-0.76714164018631,-19.0198211669922,-18.252679526805892,76.7,38.25,3.326,3.319,0.38350533628336125,True,5,134700
12,10,2016-02-06T14:10:20,7,-0.76714164018631,-19.0198211669922,-18.252679526805892,76.7,38.25,3.325,3.319,0.3287188596714595,True,5,134700
12,10,2016-02-06T14:10:20,8,-0.76714164018631,-19.0198211669922,-18.252679526805892,76.7,38.25,3.316,3.284,1.7531672515810524,True,5,134700
12,10,2016-02-06T16:00:10,1,-0.581969499588013,-16.2422389984131,-15.660269498825087,91.6,35.5,3.355,3.346,0.5747027534024955,True,1,134701
12,10,2016-02-06T16:00:10,2,-0.581969499588013,-16.2422389984131,-15.660269498825087,91.6,35.5,3.359,3.35,0.5747027534024955,True,1,134701
12,10,2016-02-06T16:00:10,3,-0.581969499588013,-16.2422389984131,-15.660269498825087,91.6,35.5,3.354,3.345,0.5747027534024955,True,1,134701
12,10,2016-02-06T16:00:10,4,-0.581969499588013,-16.2422389984131,-15.660269498825087,91.6,35.5,3.354,3.346,0.5108468919133357,True,1,134701
12,10,2016-02-06T16:00:10,5,-0.581969499588013,-16.2422389984131,-15.660269498825087,91.6,35.5,3.355,3.346,0.5747027534024955,True,1,134701
12,10,2016-02-06T16:00:10,6,-0.581969499588013,-16.2422389984131,-15.660269498825087,91.6,35.5,3.351,3.343,0.5108468919133357,True,1,134701
12,10,2016-02-06T16:00:10,7,-0.581969499588013,-16.2422389984131,-15.660269498825087,91.6,35.5,3.348,3.34,0.5108468919133357,True,1,134701
12,10,2016-02-06T16:00:10,8,-0.581969499588013,-16.2422389984131,-15.660269498825087,91.6,35.5,3.352,3.319,2.107243429142503,True,1,134701
12,10,2016-02-06T18:09:49,1,-0.820047914981842,-16.9564743041992,-16.13642638921736,79.5,46.25,3.274,3.271,0.18591476995208592,True,5,134702
12,10,2016-02-06T18:09:49,2,-0.820047914981842,-16.9564743041992,-16.13642638921736,79.5,46.25,3.27,3.267,0.18591476995208592,True,5,134702
12,10,2016-02-06T18:09:49,3,-0.820047914981842,-16.9564743041992,-16.13642638921736,79.5,46.25,3.282,3.28,0.12394317996806643,True,5,134702
12,10,2016-02-06T18:09:49,4,-0.820047914981842,-16.9564743041992,-16.13642638921736,79.5,46.25,3.272,3.269,0.1859147699520584,True,5,134702
12,10,2016-02-06T18:09:49,5,-0.820047914981842,-16.9564743041992,-16.13642638921736,79.5,46.25,3.27,3.267,0.18591476995208592,True,5,134702
12,10,2016-02-06T18:09:49,6,-0.820047914981842,-16.9564743041992,-16.13642638921736,79.5,46.25,3.281,3.279,0.12394317996806643,True,5,134702
12,10,2016-02-06T18:09:49,7,-0.820047914981842,-16.9564743041992,-16.13642638921736,79.5,46.25,3.28,3.279,0.061971589984019464,True,5,134702
12,10,2016-02-06T18:09:49,8,-0.820047914981842,-16.9564743041992,-16.13642638921736,79.5,46.25,3.272,3.242,1.8591476995207765,True,5,134702
12,10,2016-02-06T22:09:34,1,-0.634875774383545,-10.7664356231689,-10.131559848785354,87.4,36.0,3.283,3.282,0.09870148475901046,True,5,134703
12,10,2016-02-06T22:09:34,2,-0.634875774383545,-10.7664356231689,-10.131559848785354,87.4,36.0,3.279,3.278,0.09870148475901046,True,5,134703
12,10,2016-02-06T22:09:34,3,-0.634875774383545,-10.7664356231689,-10.131559848785354,87.4,36.0,3.294,3.293,0.09870148475901046,True,5,134703
12,10,2016-02-06T22:09:34,4,-0.634875774383545,-10.7664356231689,-10.131559848785354,87.4,36.0,3.282,3.281,0.09870148475901046,True,5,134703
12,10,2016-02-06T22:09:34,5,-0.634875774383545,-10.7664356231689,-10.131559848785354,87.4,36.0,3.28,3.279,0.09870148475901046,True,5,134703
12,10,2016-02-06T22:09:34,6,-0.634875774383545,-10.7664356231689,-10.131559848785354,87.4,36.0,3.293,3.292,0.09870148475905428,True,5,134703
12,10,2016-02-06T22:09:34,7,-0.634875774383545,-10.7664356231689,-10.131559848785354,87.4,36.0,3.29,3.288,0.19740296951806474,True,5,134703
12,10,2016-02-06T22:09:34,8,-0.634875774383545,-10.7664356231689,-10.131559848785354,87.4,36.0,3.275,3.26,1.480522271385332,True,5,134703
12,10,2016-02-07T01:55:19,1,-14.4963312149048,-56.5568504333496,-42.0605192184448,91.8,36.0,3.284,3.271,0.3090784479498058,True,5,134704
12,10,2016-02-07T01:55:19,2,-14.4963312149048,-56.5568504333496,-42.0605192184448,91.8,36.0,3.282,3.267,0.35662897840362784,True,5,134704
12,10,2016-02-07T01:55:19,3,-14.4963312149048,-56.5568504333496,-42.0605192184448,91.8,36.0,3.293,3.28,0.3090784479498164,True,5,134704
12,10,2016-02-07T01:55:19,4,-14.4963312149048,-56.5568504333496,-42.0605192184448,91.8,36.0,3.285,3.272,0.3090784479498164,True,5,134704
12,10,2016-02-07T01:55:19,5,-14.4963312149048,-56.5568504333496,-42.0605192184448,91.8,36.0,3.282,3.269,0.3090784479498058,True,5,134704
12,10,2016-02-07T01:55:19,6,-14.4963312149048,-56.5568504333496,-42.0605192184448,91.8,36.0,3.292,3.279,0.3090784479498058,True,5,134704
12,10,2016-02-07T01:55:19,7,-14.4963312149048,-56.5568504333496,-42.0605192184448,91.8,36.0,3.29,3.278,0.2853031827229002,True,5,134704
12,10,2016-02-07T01:55:19,8,-14.4963312149048,-56.5568504333496,-42.0605192184448,91.8,36.0,3.259,3.181,1.8544706876988455,True,5,134704
12,10,2016-02-07T03:00:20,1,-0.581969499588013,-19.7076015472412,-19.125632047653188,88.5,35.0,3.356,3.333,1.2025746361057859,True,1,134705
12,10,2016-02-07T03:00:20,2,-0.581969499588013,-19.7076015472412,-19.125632047653188,88.5,35.0,3.357,3.335,1.1502887823620844,True,1,134705
12,10,2016-02-07T03:00:20,3,-0.581969499588013,-19.7076015472412,-19.125632047653188,88.5,35.0,3.356,3.334,1.150288782362061,True,1,134705
12,10,2016-02-07T03:00:20,4,-0.581969499588013,-19.7076015472412,-19.125632047653188,88.5,35.0,3.353,3.333,1.0457170748746116,True,1,134705
12,10,2016-02-07T03:00:20,5,-0.581969499588013,-19.7076015472412,-19.125632047653188,88.5,35.0,3.354,3.332,1.1502887823620844,True,1,134705
12,10,2016-02-07T03:00:20,6,-0.581969499588013,-19.7076015472412,-19.125632047653188,88.5,35.0,3.354,3.332,1.1502887823620844,True,1,134705
12,10,2016-02-07T03:00:20,7,-0.581969499588013,-19.7076015472412,-19.125632047653188,88.5,35.0,3.35,3.329,1.0980029286183364,True,1,134705
12,10,2016-02-07T03:00:20,8,-0.581969499588013,-19.7076015472412,-19.125632047653188,88.5,35.0,3.346,3.293,2.771150248417715,True,1,134705
12,10,2016-02-07T08:54:03,1,-0.661328971385956,-40.9494895935059,-40.288160622119946,87.3,30.75,3.261,3.245,0.3971390044353457,True,5,134706
12,10,2016-02-07T08:54:03,2,-0.661328971385956,-40.9494895935059,-40.288160622119946,87.3,30.75,3.258,3.241,0.42196019221255204,True,5,134706
12,10,2016-02-07T08:54:03,3,-0.661328971385956,-40.9494895935059,-40.288160622119946,87.3,30.75,3.272,3.257,0.3723178166581283,True,5,134706
12,10,2016-02-07T08:54:03,4,-0.661328971385956,-40.9494895935059,-40.288160622119946,87.3,30.75,3.262,3.249,0.32267544110371565,True,5,134706
12,10,2016-02-07T08:54:03,5,-0.661328971385956,-40.9494895935059,-40.288160622119946,87.3,30.75,3.26,3.247,0.32267544110371565,True,5,134706
12,10,2016-02-07T08:54:03,6,-0.661328971385956,-40.9494895935059,-40.288160622119946,87.3,30.75,3.271,3.258,0.32267544110371565,True,5,134706
12,10,2016-02-07T08:54:03,7,-0.661328971385956,-40.9494895935059,-40.288160622119946,87.3,30.75,3.267,3.254,0.32267544110371565,True,5,134706
12,10,2016-02-07T08:54:03,8,-0.661328971385956,-40.9494895935059,-40.288160622119946,87.3,30.75,3.256,3.169,2.1594433366171844,True,5,134706
12,10,2016-02-07T09:12:01,1,-5.44935035705566,-48.5150909423828,-43.06574058532714,86.0,33.0,3.267,3.251,0.37152501692845263,True,5,134707
12,10,2016-02-07T09:12:01,2,-5.44935035705566,-48.5150909423828,-43.06574058532714,86.0,33.0,3.264,3.246,0.417965644044504,True,5,134707
12,10,2016-02-07T09:12:01,3,-5.44935035705566,-48.5150909423828,-43.06574058532714,86.0,33.0,3.277,3.262,0.34830470337042685,True,5,134707
12,10,2016-02-07T09:12:01,4,-5.44935035705566,-48.5150909423828,-43.06574058532714,86.0,33.0,3.268,3.252,0.37152501692845263,True,5,134707
12,10,2016-02-07T09:12:01,5,-5.44935035705566,-48.5150909423828,-43.06574058532714,86.0,33.0,3.265,3.25,0.34830470337042685,True,5,134707
12,10,2016-02-07T09:12:01,6,-5.44935035705566,-48.5150909423828,-43.06574058532714,86.0,33.0,3.276,3.261,0.3483047033704166,True,5,134707
12,10,2016-02-07T09:12:01,7,-5.44935035705566,-48.5150909423828,-43.06574058532714,86.0,33.0,3.273,3.258,0.34830470337042685,True,5,134707
12,10,2016-02-07T09:12:01,8,-5.44935035705566,-48.5150909423828,-43.06574058532714,86.0,33.0,3.255,3.17,1.9737266524324018,True,5,134707
12,10,2016-02-07T12:27:42,1,-0.608422636985779,-38.9919548034668,-38.38353216648102,88.6,36.5,3.287,3.272,0.3907925913368414,True,5,134708
12,10,2016-02-07T12:27:42,2,-0.608422636985779,-38.9919548034668,-38.38353216648102,88.6,36.5,3.283,3.266,0.4428982701817475,True,5,134708
12,10,2016-02-07T12:27:42,3,-0.608422636985779,-38.9919548034668,-38.38353216648102,88.6,36.5,3.295,3.28,0.3907925913368414,True,5,134708
12,10,2016-02-07T12:27:42,4,-0.608422636985779,-38.9919548034668,-38.38353216648102,88.6,36.5,3.285,3.271,0.36473975191438845,True,5,134708
12,10,2016-02-07T12:27:42,5,-0.608422636985779,-38.9919548034668,-38.38353216648102,88.6,36.5,3.282,3.268,0.36473975191438845,True,5,134708
12,10,2016-02-07T12:27:42,6,-0.608422636985779,-38.9919548034668,-38.38353216648102,88.6,36.5,3.293,3.278,0.3907925913368414,True,5,134708
12,10,2016-02-07T12:27:42,7,-0.608422636985779,-38.9919548034668,-38.38353216648102,88.6,36.5,3.291,3.277,0.36473975191437685,True,5,134708
12,10,2016-02-07T12:27:42,8,-0.608422636985779,-38.9919548034668,-38.38353216648102,88.6,36.5,3.28,3.196,2.1884385114862845,True,5,134708
12,10,2016-02-07T16:04:34,1,-0.740688443183899,-32.6961059570313,-31.9554175138474,88.2,36.25,3.337,3.324,0.4068167782307019,True,5,134709
12,10,2016-02-07T16:04:34,2,-0.740688443183899,-32.6961059570313,-31.9554175138474,88.2,36.25,3.338,3.323,0.4694039748815705,True,5,134709
12,10,2016-02-07T16:04:34,3,-0.740688443183899,-32.6961059570313,-31.9554175138474,88.2,36.25,3.339,3.325,0.4381103765561223,True,5,134709
12,10,2016-02-07T16:04:34,4,-0.740688443183899,-32.6961059570313,-31.9554175138474,88.2,36.25,3.335,3.322,0.40681677823068796,True,5,134709
12,10,2016-02-07T16:04:34,5,-0.740688443183899,-32.6961059570313,-31.9554175138474,88.2,36.25,3.334,3.322,0.37552317990525363,True,5,134709
12,10,2016-02-07T16:04:34,6,-0.740688443183899,-32.6961059570313,-31.9554175138474,88.2,36.25,3.336,3.323,0.40681677823068796,True,5,134709
12,10,2016-02-07T16:04:34,7,-0.740688443183899,-32.6961059570313,-31.9554175138474,88.2,36.25,3.333,3.323,0.312935983254385,True,5,134709
12,10,2016-02-07T16:04:34,8,-0.740688443183899,-32.6961059570313,-31.9554175138474,88.2,36.25,3.33,3.265,2.034083891153454,True,5,134709
12,10,2016-02-07T21:59:28,1,-0.634875774383545,-19.0727272033691,-18.437851428985557,91.7,33.0,3.294,3.286,0.43389003489980743,True,5,134711
12,10,2016-02-07T21:59:28,2,-0.634875774383545,-19.0727272033691,-18.437851428985557,91.7,33.0,3.289,3.282,0.3796537805373375,True,5,134711
12,10,2016-02-07T21:59:28,3,-0.634875774383545,-19.0727272033691,-18.437851428985557,91.7,33.0,3.304,3.296,0.43389003489980743,True,5,134711
12,10,2016-02-07T21:59:28,4,-0.634875774383545,-19.0727272033691,-18.437851428985557,91.7,33.0,3.293,3.286,0.3796537805373375,True,5,134711
12,10,2016-02-07T21:59:28,5,-0.634875774383545,-19.0727272033691,-18.437851428985557,91.7,33.0,3.29,3.283,0.3796537805373375,True,5,134711
12,10,2016-02-07T21:59:28,6,-0.634875774383545,-19.0727272033691,-18.437851428985557,91.7,33.0,3.302,3.295,0.3796537805373375,True,5,134711
12,10,2016-02-07T21:59:28,7,-0.634875774383545,-19.0727272033691,-18.437851428985557,91.7,33.0,3.299,3.292,0.3796537805373375,True,5,134711
12,10,2016-02-07T21:59:28,8,-0.634875774383545,-19.0727272033691,-18.437851428985557,91.7,33.0,3.285,3.245,2.169450174499037,True,5,134711
12,10,2016-02-08T00:08:02,1,-0.740688443183899,-12.8826875686646,-12.141999125480702,81.9,34.25,3.343,3.338,0.41179380333730203,True,5,134712
12,10,2016-02-08T00:08:02,2,-0.740688443183899,-12.8826875686646,-12.141999125480702,81.9,34.25,3.344,3.339,0.41179380333730203,True,5,134712
12,10,2016-02-08T00:08:02,3,-0.740688443183899,-12.8826875686646,-12.141999125480702,81.9,34.25,3.345,3.339,0.49415256400479174,True,5,134712
12,10,2016-02-08T00:08:02,4,-0.740688443183899,-12.8826875686646,-12.141999125480702,81.9,34.25,3.341,3.336,0.4117938033373386,True,5,134712
12,10,2016-02-08T00:08:02,5,-0.740688443183899,-12.8826875686646,-12.141999125480702,81.9,34.25,3.341,3.336,0.4117938033373386,True,5,134712
12,10,2016-02-08T00:08:02,6,-0.740688443183899,-12.8826875686646,-12.141999125480702,81.9,34.25,3.341,3.336,0.4117938033373386,True,5,134712
12,10,2016-02-08T00:08:02,7,-0.740688443183899,-12.8826875686646,-12.141999125480702,81.9,34.25,3.339,3.334,0.41179380333730203,True,5,134712
12,10,2016-02-08T00:08:02,8,-0.740688443183899,-12.8826875686646,-12.141999125480702,81.9,34.25,3.335,3.309,2.141327777354,True,5,134712
12,10,2016-02-08T03:30:24,1,-2.22206544876099,-37.034423828125,-34.812358379364014,78.9,37.5,3.292,3.279,0.3734306035326239,True,5,134713
12,10,2016-02-08T03:30:24,2,-2.22206544876099,-37.034423828125,-34.812358379364014,78.9,37.5,3.286,3.273,0.3734306035326239,True,5,134713
12,10,2016-02-08T03:30:24,3,-2.22206544876099,-37.034423828125,-34.812358379364014,78.9,37.5,3.299,3.286,0.3734306035326239,True,5,134713
12,10,2016-02-08T03:30:24,4,-2.22206544876099,-37.034423828125,-34.812358379364014,78.9,37.5,3.288,3.276,0.3447051724916558,True,5,134713
12,10,2016-02-08T03:30:24,5,-2.22206544876099,-37.034423828125,-34.812358379364014,78.9,37.5,3.285,3.273,0.3447051724916558,True,5,134713
12,10,2016-02-08T03:30:24,6,-2.22206544876099,-37.034423828125,-34.812358379364014,78.9,37.5,3.297,3.285,0.3447051724916558,True,5,134713
12,10,2016-02-08T03:30:24,7,-2.22206544876099,-37.034423828125,-34.812358379364014,78.9,37.5,3.297,3.284,0.37343060353263663,True,5,134713
12,10,2016-02-08T03:30:24,8,-2.22206544876099,-37.034423828125,-34.812358379364014,78.9,37.5,3.283,3.216,1.9246038797450684,True,5,134713
12,10,2016-02-08T08:55:29,1,-0.581969499588013,-30.8443832397461,-30.262413740158088,90.3,34.75,3.295,3.285,0.3304429080199188,True,5,134714
12,10,2016-02-08T08:55:29,2,-0.581969499588013,-30.8443832397461,-30.262413740158088,90.3,34.75,3.291,3.28,0.36348719882192243,True,5,134714
12,10,2016-02-08T08:55:29,3,-0.581969499588013,-30.8443832397461,-30.262413740158088,90.3,34.75,3.303,3.293,0.3304429080199188,True,5,134714
12,10,2016-02-08T08:55:29,4,-0.581969499588013,-30.8443832397461,-30.262413740158088,90.3,34.75,3.293,3.283,0.33044290801993353,True,5,134714
12,10,2016-02-08T08:55:29,5,-0.581969499588013,-30.8443832397461,-30.262413740158088,90.3,34.75,3.29,3.281,0.2973986172179299,True,5,134714
12,10,2016-02-08T08:55:29,6,-0.581969499588013,-30.8443832397461,-30.262413740158088,90.3,34.75,3.301,3.292,0.2973986172179445,True,5,134714
12,10,2016-02-08T08:55:29,7,-0.581969499588013,-30.8443832397461,-30.262413740158088,90.3,34.75,3.299,3.289,0.3304429080199188,True,5,134714
12,10,2016-02-08T08:55:29,8,-0.581969499588013,-30.8443832397461,-30.262413740158088,90.3,34.75,3.287,3.228,1.9496131573175532,True,5,134714
12,10,2016-02-08T09:13:02,1,-0.820047914981842,-28.6223163604736,-27.80226844549176,87.4,32.0,3.275,3.27,0.17984144026962168,True,5,134715
12,10,2016-02-08T09:13:02,2,-0.820047914981842,-28.6223163604736,-27.80226844549176,87.4,32.0,3.272,3.264,0.28774630443140103,True,5,134715
12,10,2016-02-08T09:13:02,3,-0.820047914981842,-28.6223163604736,-27.80226844549176,87.4,32.0,3.283,3.277,0.2158097283235428,True,5,134715
12,10,2016-02-08T09:13:02,4,-0.820047914981842,-28.6223163604736,-27.80226844549176,87.4,32.0,3.274,3.268,0.2158097283235588,True,5,134715
12,10,2016-02-08T09:13:02,5,-0.820047914981842,-28.6223163604736,-27.80226844549176,87.4,32.0,3.272,3.266,0.2158097283235428,True,5,134715
12,10,2016-02-08T09:13:02,6,-0.820047914981842,-28.6223163604736,-27.80226844549176,87.4,32.0,3.281,3.276,0.17984144026963764,True,5,134715
12,10,2016-02-08T09:13:02,7,-0.820047914981842,-28.6223163604736,-27.80226844549176,87.4,32.0,3.279,3.275,0.14387315221570052,True,5,134715
12,10,2016-02-08T09:13:02,8,-0.820047914981842,-28.6223163604736,-27.80226844549176,87.4,32.0,3.273,3.218,1.9782558429658863,True,5,134715
12,10,2016-02-08T13:37:52,1,-13.8085489273071,-51.6101112365723,-37.8015623092652,93.1,34.25,3.277,3.265,0.317447197071503,True,5,134716
12,10,2016-02-08T13:37:52,2,-13.8085489273071,-51.6101112365723,-37.8015623092652,93.1,34.25,3.274,3.261,0.343901130160792,True,5,134716
12,10,2016-02-08T13:37:52,3,-13.8085489273071,-51.6101112365723,-37.8015623092652,93.1,34.25,3.285,3.274,0.29099326398221403,True,5,134716
12,10,2016-02-08T13:37:52,4,-13.8085489273071,-51.6101112365723,-37.8015623092652,93.1,34.25,3.277,3.266,0.29099326398221403,True,5,134716
12,10,2016-02-08T13:37:52,5,-13.8085489273071,-51.6101112365723,-37.8015623092652,93.1,34.25,3.276,3.264,0.317447197071503,True,5,134716
12,10,2016-02-08T13:37:52,6,-13.8085489273071,-51.6101112365723,-37.8015623092652,93.1,34.25,3.284,3.273,0.29099326398220227,True,5,134716
12,10,2016-02-08T13:37:52,7,-13.8085489273071,-51.6101112365723,-37.8015623092652,93.1,34.25,3.283,3.273,0.2645393308929133,True,5,134716
12,10,2016-02-08T13:37:52,8,-13.8085489273071,-51.6101112365723,-37.8015623092652,93.1,34.25,3.251,3.17,2.1427685802326426,True,5,134716
12,10,2016-02-08T15:04:39,1,-0.740688443183899,-33.9129486083984,-33.1722601652145,73.5,37.75,3.322,3.309,0.3918937068277343,True,5,134717
12,10,2016-02-08T15:04:39,2,-0.740688443183899,-33.9129486083984,-33.1722601652145,73.5,37.75,3.319,3.304,0.4521850463397006,True,5,134717
12,10,2016-02-08T15:04:39,3,-0.740688443183899,-33.9129486083984,-33.1722601652145,73.5,37.75,3.324,3.311,0.3918937068277343,True,5,134717
12,10,2016-02-08T15:04:39,4,-0.740688443183899,-33.9129486083984,-33.1722601652145,73.5,37.75,3.318,3.305,0.3918937068277343,True,5,134717
12,10,2016-02-08T15:04:39,5,-0.740688443183899,-33.9129486083984,-33.1722601652145,73.5,37.75,3.315,3.303,0.3617480370717578,True,5,134717
12,10,2016-02-08T15:04:39,6,-0.740688443183899,-33.9129486083984,-33.1722601652145,73.5,37.75,3.326,3.312,0.42203937658372415,True,5,134717
12,10,2016-02-08T15:04:39,7,-0.740688443183899,-33.9129486083984,-33.1722601652145,73.5,37.75,3.324,3.312,0.3617480370717578,True,5,134717
12,10,2016-02-08T15:04:39,8,-0.740688443183899,-33.9129486083984,-33.1722601652145,73.5,37.75,3.311,3.242,2.080051213162604,True,5,134717
12,10,2016-02-08T18:27:52,1,-1.32265794277191,-28.3842391967773,-27.06158125400539,88.6,43.25,3.279,3.275,0.1478110226618026,True,5,134718
12,10,2016-02-08T18:27:52,2,-1.32265794277191,-28.3842391967773,-27.06158125400539,88.6,43.25,3.275,3.27,0.18476377832724916,True,5,134718
12,10,2016-02-08T18:27:52,3,-1.32265794277191,-28.3842391967773,-27.06158125400539,88.6,43.25,3.287,3.285,0.07390551133089311,True,5,134718
12,10,2016-02-08T18:27:52,4,-1.32265794277191,-28.3842391967773,-27.06158125400539,88.6,43.25,3.278,3.273,0.18476377832724916,True,5,134718
12,10,2016-02-08T18:27:52,5,-1.32265794277191,-28.3842391967773,-27.06158125400539,88.6,43.25,3.276,3.272,0.1478110226618026,True,5,134718
12,10,2016-02-08T18:27:52,6,-1.32265794277191,-28.3842391967773,-27.06158125400539,88.6,43.25,3.286,3.283,0.11085826699635606,True,5,134718
12,10,2016-02-08T18:27:52,7,-1.32265794277191,-28.3842391967773,-27.06158125400539,88.6,43.25,3.284,3.284,-0.0,False,5,134718
12,10,2016-02-08T18:27:52,8,-1.32265794277191,-28.3842391967773,-27.06158125400539,88.6,43.25,3.281,3.226,2.0324015615997904,True,5,134718
12,10,2016-02-08T22:07:47,1,-1.61364257335663,-41.9018058776855,-40.28816330432887,93.7,34.25,3.288,3.277,0.2730330473719499,True,5,134719
12,10,2016-02-08T22:07:47,2,-1.61364257335663,-41.9018058776855,-40.28816330432887,93.7,34.25,3.289,3.277,0.29785423349668166,True,5,134719
12,10,2016-02-08T22:07:47,3,-1.61364257335663,-41.9018058776855,-40.28816330432887,93.7,34.25,3.294,3.284,0.24821186124724015,True,5,134719
12,10,2016-02-08T22:07:47,4,-1.61364257335663,-41.9018058776855,-40.28816330432887,93.7,34.25,3.289,3.28,0.22339067512251948,True,5,134719
12,10,2016-02-08T22:07:47,5,-1.61364257335663,-41.9018058776855,-40.28816330432887,93.7,34.25,3.29,3.28,0.24821186124724015,True,5,134719
12,10,2016-02-08T22:07:47,6,-1.61364257335663,-41.9018058776855,-40.28816330432887,93.7,34.25,3.292,3.283,0.22339067512250846,True,5,134719
12,10,2016-02-08T22:07:47,7,-1.61364257335663,-41.9018058776855,-40.28816330432887,93.7,34.25,3.29,3.282,0.19856948899778773,True,5,134719
12,10,2016-02-08T22:07:47,8,-1.61364257335663,-41.9018058776855,-40.28816330432887,93.7,34.25,3.291,3.203,2.1842643789756653,True,5,134719
12,10,2016-02-09T01:31:20,1,-0.608422636985779,-28.8603973388672,-28.251974701881423,93.6,38.5,3.304,3.295,0.31856180302329623,True,5,134720
12,10,2016-02-09T01:31:20,2,-0.608422636985779,-28.8603973388672,-28.251974701881423,93.6,38.5,3.302,3.293,0.31856180302329623,True,5,134720
12,10,2016-02-09T01:31:20,3,-0.608422636985779,-28.8603973388672,-28.251974701881423,93.6,38.5,3.312,3.302,0.35395755891477004,True,5,134720
12,10,2016-02-09T01:31:20,4,-0.608422636985779,-28.8603973388672,-28.251974701881423,93.6,38.5,3.304,3.296,0.2831660471318223,True,5,134720
12,10,2016-02-09T01:31:20,5,-0.608422636985779,-28.8603973388672,-28.251974701881423,93.6,38.5,3.302,3.293,0.31856180302329623,True,5,134720
12,10,2016-02-09T01:31:20,6,-0.608422636985779,-28.8603973388672,-28.251974701881423,93.6,38.5,3.31,3.302,0.2831660471318223,True,5,134720
12,10,2016-02-09T01:31:20,7,-0.608422636985779,-28.8603973388672,-28.251974701881423,93.6,38.5,3.308,3.299,0.31856180302329623,True,5,134720
12,10,2016-02-09T01:31:20,8,-0.608422636985779,-28.8603973388672,-28.251974701881423,93.6,38.5,3.299,3.241,2.052953841705704,True,5,134720
12,10,2016-02-09T03:28:22,1,-0.76714164018631,-15.6867227554321,-14.91958111524579,86.8,34.0,3.332,3.325,0.4691820732719246,True,5,134721
12,10,2016-02-09T03:28:22,2,-0.76714164018631,-15.6867227554321,-14.91958111524579,86.8,34.0,3.332,3.326,0.4021560628045111,True,5,134721
12,10,2016-02-09T03:28:22,3,-0.76714164018631,-15.6867227554321,-14.91958111524579,86.8,34.0,3.334,3.328,0.40215606280454086,True,5,134721
12,10,2016-02-09T03:28:22,4,-0.76714164018631,-15.6867227554321,-14.91958111524579,86.8,34.0,3.33,3.325,0.3351300523370975,True,5,134721
12,10,2016-02-09T03:28:22,5,-0.76714164018631,-15.6867227554321,-14.91958111524579,86.8,34.0,3.33,3.324,0.40215606280454086,True,5,134721
12,10,2016-02-09T03:28:22,6,-0.76714164018631,-15.6867227554321,-14.91958111524579,86.8,34.0,3.331,3.325,0.4021560628045111,True,5,134721
12,10,2016-02-09T03:28:22,7,-0.76714164018631,-15.6867227554321,-14.91958111524579,86.8,34.0,3.329,3.325,0.26810404186968395,True,5,134721
12,10,2016-02-09T03:28:22,8,-0.76714164018631,-15.6867227554321,-14.91958111524579,86.8,34.0,3.324,3.288,2.4129363768271554,True,5,134721
12,10,2016-02-09T09:11:31,1,-0.76714164018631,-40.923038482666,-40.15589684247969,87.0,32.5,3.263,3.248,0.3735441411965089,True,5,134723
12,10,2016-02-09T09:11:31,2,-0.76714164018631,-40.923038482666,-40.15589684247969,87.0,32.5,3.259,3.242,0.42335002668938343,True,5,134723
12,10,2016-02-09T09:11:31,3,-0.76714164018631,-40.923038482666,-40.15589684247969,87.0,32.5,3.272,3.258,0.3486411984500772,True,5,134723
12,10,2016-02-09T09:11:31,4,-0.76714164018631,-40.923038482666,-40.15589684247969,87.0,32.5,3.262,3.249,0.3237382557036455,True,5,134723
12,10,2016-02-09T09:11:31,5,-0.76714164018631,-40.923038482666,-40.15589684247969,87.0,32.5,3.26,3.247,0.3237382557036455,True,5,134723
12,10,2016-02-09T09:11:31,6,-0.76714164018631,-40.923038482666,-40.15589684247969,87.0,32.5,3.271,3.258,0.3237382557036455,True,5,134723
12,10,2016-02-09T09:11:31,7,-0.76714164018631,-40.923038482666,-40.15589684247969,87.0,32.5,3.267,3.255,0.2988353129572138,True,5,134723
12,10,2016-02-09T09:11:31,8,-0.76714164018631,-40.923038482666,-40.15589684247969,87.0,32.5,3.256,3.163,2.315973675418404,True,5,134723
12,10,2016-02-09T12:21:36,1,-32.1670379638672,-50.181640625,-18.0146026611328,93.8,30.25,3.371,3.356,0.8326578322131526,True,5,134724
12,10,2016-02-09T12:21:36,2,-32.1670379638672,-50.181640625,-18.0146026611328,93.8,30.25,3.378,3.364,0.7771473100656155,True,5,134724
12,10,2016-02-09T12:21:36,3,-32.1670379638672,-50.181640625,-18.0146026611328,93.8,30.25,3.368,3.354,0.7771473100655909,True,5,134724
12,10,2016-02-09T12:21:36,4,-32.1670379638672,-50.181640625,-18.0146026611328,93.8,30.25,3.375,3.361,0.7771473100655909,True,5,134724
12,10,2016-02-09T12:21:36,5,-32.1670379638672,-50.181640625,-18.0146026611328,93.8,30.25,3.377,3.363,0.7771473100655909,True,5,134724
12,10,2016-02-09T12:21:36,6,-32.1670379638672,-50.181640625,-18.0146026611328,93.8,30.25,3.366,3.353,0.7216367879180541,True,5,134724
12,10,2016-02-09T12:21:36,7,-32.1670379638672,-50.181640625,-18.0146026611328,93.8,30.25,3.362,3.349,0.7216367879180541,True,5,134724
12,10,2016-02-09T12:21:36,8,-32.1670379638672,-50.181640625,-18.0146026611328,93.8,30.25,3.295,3.247,2.6645050630820686,True,5,134724
12,10,2016-02-09T16:19:39,1,-0.608422636985779,-26.7441425323486,-26.135719895362822,84.8,41.5,3.275,3.268,0.2678326836997555,True,5,134725
12,10,2016-02-09T16:19:39,2,-0.608422636985779,-26.7441425323486,-26.135719895362822,84.8,41.5,3.272,3.263,0.34435630761396163,True,5,134725
12,10,2016-02-09T16:19:39,3,-0.608422636985779,-26.7441425323486,-26.135719895362822,84.8,41.5,3.286,3.278,0.3060944956568586,True,5,134725
12,10,2016-02-09T16:19:39,4,-0.608422636985779,-26.7441425323486,-26.135719895362822,84.8,41.5,3.274,3.267,0.2678326836997555,True,5,134725
12,10,2016-02-09T16:19:39,5,-0.608422636985779,-26.7441425323486,-26.135719895362822,84.8,41.5,3.272,3.264,0.3060944956568586,True,5,134725
12,10,2016-02-09T16:19:39,6,-0.608422636985779,-26.7441425323486,-26.135719895362822,84.8,41.5,3.284,3.277,0.2678326836997385,True,5,134725
12,10,2016-02-09T16:19:39,7,-0.608422636985779,-26.7441425323486,-26.135719895362822,84.8,41.5,3.283,3.277,0.2295708717426354,True,5,134725
12,10,2016-02-09T16:19:39,8,-0.608422636985779,-26.7441425323486,-26.135719895362822,84.8,41.5,3.268,3.209,2.257446905469319,True,5,134725
12,10,2016-02-09T22:01:11,1,-0.76714164018631,-15.7396287918091,-14.97248715162279,92.0,25.5,3.321,3.315,0.40073502413057127,True,5,134727
12,10,2016-02-09T22:01:11,2,-0.76714164018631,-15.7396287918091,-14.97248715162279,92.0,25.5,3.322,3.315,0.46752419481899,True,5,134727
12,10,2016-02-09T22:01:11,3,-0.76714164018631,-15.7396287918091,-14.97248715162279,92.0,25.5,3.326,3.319,0.46752419481899,True,5,134727
12,10,2016-02-09T22:01:11,4,-0.76714164018631,-15.7396287918091,-14.97248715162279,92.0,25.5,3.321,3.316,0.3339458534421526,True,5,134727
12,10,2016-02-09T22:01:11,5,-0.76714164018631,-15.7396287918091,-14.97248715162279,92.0,25.5,3.321,3.315,0.40073502413057127,True,5,134727
12,10,2016-02-09T22:01:11,6,-0.76714164018631,-15.7396287918091,-14.97248715162279,92.0,25.5,3.324,3.318,0.40073502413054163,True,5,134727
12,10,2016-02-09T22:01:11,7,-0.76714164018631,-15.7396287918091,-14.97248715162279,92.0,25.5,3.321,3.315,0.40073502413057127,True,5,134727
12,10,2016-02-09T22:01:11,8,-0.76714164018631,-15.7396287918091,-14.97248715162279,92.0,25.5,3.318,3.274,2.9387235102907474,True,5,134727
12,10,2016-02-10T00:01:46,1,-0.687782108783722,-42.1134262084961,-41.42564409971238,76.5,40.0,3.258,3.245,0.3138152775297502,True,5,134728
12,10,2016-02-10T00:01:46,2,-0.687782108783722,-42.1134262084961,-41.42564409971238,76.5,40.0,3.257,3.243,0.3379549142628162,True,5,134728
12,10,2016-02-10T00:01:46,3,-0.687782108783722,-42.1134262084961,-41.42564409971238,76.5,40.0,3.268,3.256,0.289675640796695,True,5,134728
12,10,2016-02-10T00:01:46,4,-0.687782108783722,-42.1134262084961,-41.42564409971238,76.5,40.0,3.259,3.248,0.26553600406362904,True,5,134728
12,10,2016-02-10T00:01:46,5,-0.687782108783722,-42.1134262084961,-41.42564409971238,76.5,40.0,3.258,3.245,0.3138152775297502,True,5,134728
12,10,2016-02-10T00:01:46,6,-0.687782108783722,-42.1134262084961,-41.42564409971238,76.5,40.0,3.267,3.256,0.26553600406363975,True,5,134728
12,10,2016-02-10T00:01:46,7,-0.687782108783722,-42.1134262084961,-41.42564409971238,76.5,40.0,3.267,3.255,0.289675640796695,True,5,134728
12,10,2016-02-10T00:01:46,8,-0.687782108783722,-42.1134262084961,-41.42564409971238,76.5,40.0,3.258,3.165,2.2449862161743837,True,5,134728
12,10,2016-02-10T03:50:19,1,-0.634875774383545,-36.6111717224121,-35.97629594802856,60.3,37.25,3.246,3.234,0.33355295990824735,True,5,134729
12,10,2016-02-10T03:50:19,2,-0.634875774383545,-36.6111717224121,-35.97629594802856,60.3,37.25,3.242,3.229,0.3613490399005982,True,5,134729
12,10,2016-02-10T03:50:19,3,-0.634875774383545,-36.6111717224121,-35.97629594802856,60.3,37.25,3.253,3.241,0.33355295990824735,True,5,134729
12,10,2016-02-10T03:50:19,4,-0.634875774383545,-36.6111717224121,-35.97629594802856,60.3,37.25,3.245,3.233,0.33355295990824735,True,5,134729
12,10,2016-02-10T03:50:19,5,-0.634875774383545,-36.6111717224121,-35.97629594802856,60.3,37.25,3.241,3.229,0.33355295990824735,True,5,134729
12,10,2016-02-10T03:50:19,6,-0.634875774383545,-36.6111717224121,-35.97629594802856,60.3,37.25,3.253,3.241,0.33355295990824735,True,5,134729
12,10,2016-02-10T03:50:19,7,-0.634875774383545,-36.6111717224121,-35.97629594802856,60.3,37.25,3.253,3.242,0.30575687991589645,True,5,134729
12,10,2016-02-10T03:50:19,8,-0.634875774383545,-36.6111717224121,-35.97629594802856,60.3,37.25,3.243,3.159,2.3348707193577316,True,5,134729
12,10,2016-02-10T09:14:19,1,-2.56595635414124,-15.6602697372437,-13.09431338310246,90.7,30.5,3.273,3.27,0.22910708734613455,True,5,134731
12,10,2016-02-10T09:14:19,2,-2.56595635414124,-15.6602697372437,-13.09431338310246,90.7,30.5,3.271,3.267,0.3054761164615014,True,5,134731
12,10,2016-02-10T09:14:19,3,-2.56595635414124,-15.6602697372437,-13.09431338310246,90.7,30.5,3.282,3.28,0.15273805823076766,True,5,134731
12,10,2016-02-10T09:14:19,4,-2.56595635414124,-15.6602697372437,-13.09431338310246,90.7,30.5,3.273,3.272,0.07636902911540079,True,5,134731
12,10,2016-02-10T09:14:19,5,-2.56595635414124,-15.6602697372437,-13.09431338310246,90.7,30.5,3.271,3.269,0.15273805823073375,True,5,134731
12,10,2016-02-10T09:14:19,6,-2.56595635414124,-15.6602697372437,-13.09431338310246,90.7,30.5,3.281,3.281,-0.0,False,5,134731
12,10,2016-02-10T09:14:19,7,-2.56595635414124,-15.6602697372437,-13.09431338310246,90.7,30.5,3.277,3.277,-0.0,False,5,134731
12,10,2016-02-10T09:14:19,8,-2.56595635414124,-15.6602697372437,-13.09431338310246,90.7,30.5,3.271,3.231,3.0547611646150146,True,5,134731
12,10,2016-02-10T13:15:09,1,-0.740688443183899,-25.1040477752686,-24.363359332084702,92.6,31.25,3.318,3.308,0.41045242832465173,True,5,134732
12,10,2016-02-10T13:15:09,2,-0.740688443183899,-25.1040477752686,-24.363359332084702,92.6,31.25,3.317,3.306,0.4514976711571114,True,5,134732
12,10,2016-02-10T13:15:09,3,-0.740688443183899,-25.1040477752686,-24.363359332084702,92.6,31.25,3.323,3.313,0.4104524283246335,True,5,134732
12,10,2016-02-10T13:15:09,4,-0.740688443183899,-25.1040477752686,-24.363359332084702,92.6,31.25,3.316,3.307,0.3694071854921738,True,5,134732
12,10,2016-02-10T13:15:09,5,-0.740688443183899,-25.1040477752686,-24.363359332084702,92.6,31.25,3.315,3.306,0.3694071854921738,True,5,134732
12,10,2016-02-10T13:15:09,6,-0.740688443183899,-25.1040477752686,-24.363359332084702,92.6,31.25,3.32,3.31,0.4104524283246335,True,5,134732
12,10,2016-02-10T13:15:09,7,-0.740688443183899,-25.1040477752686,-24.363359332084702,92.6,31.25,3.319,3.309,0.4104524283246335,True,5,134732
12,10,2016-02-10T13:15:09,8,-0.740688443183899,-25.1040477752686,-24.363359332084702,92.6,31.25,3.313,3.245,2.7910765126075696,True,5,134732
12,10,2016-02-10T16:05:55,1,-0.687782108783722,-26.1621742248535,-25.47439211606978,87.5,41.5,3.297,3.291,0.23553064476130528,True,5,134733
12,10,2016-02-10T16:05:55,2,-0.687782108783722,-26.1621742248535,-25.47439211606978,87.5,41.5,3.295,3.289,0.23553064476128785,True,5,134733
12,10,2016-02-10T16:05:55,3,-0.687782108783722,-26.1621742248535,-25.47439211606978,87.5,41.5,3.303,3.297,0.23553064476128785,True,5,134733
12,10,2016-02-10T16:05:55,4,-0.687782108783722,-26.1621742248535,-25.47439211606978,87.5,41.5,3.296,3.291,0.1962755373010761,True,5,134733
12,10,2016-02-10T16:05:55,5,-0.687782108783722,-26.1621742248535,-25.47439211606978,87.5,41.5,3.296,3.29,0.23553064476128785,True,5,134733
12,10,2016-02-10T16:05:55,6,-0.687782108783722,-26.1621742248535,-25.47439211606978,87.5,41.5,3.301,3.296,0.19627553730109354,True,5,134733
12,10,2016-02-10T16:05:55,7,-0.687782108783722,-26.1621742248535,-25.47439211606978,87.5,41.5,3.301,3.296,0.19627553730109354,True,5,134733
12,10,2016-02-10T16:05:55,8,-0.687782108783722,-26.1621742248535,-25.47439211606978,87.5,41.5,3.293,3.252,1.609459405868873,True,5,134733
12,10,2016-02-10T18:00:19,1,-0.555516362190247,-19.0462741851807,-18.490757822990453,90.8,40.75,3.316,3.305,0.5948917889305134,True,4,134734
12,10,2016-02-10T18:00:19,2,-0.555516362190247,-19.0462741851807,-18.490757822990453,90.8,40.75,3.316,3.305,0.5948917889305134,True,4,134734
12,10,2016-02-10T18:00:19,3,-0.555516362190247,-19.0462741851807,-18.490757822990453,90.8,40.75,3.321,3.311,0.5408107172095861,True,4,134734
12,10,2016-02-10T18:00:19,4,-0.555516362190247,-19.0462741851807,-18.490757822990453,90.8,40.75,3.315,3.306,0.48672964548861064,True,4,134734
12,10,2016-02-10T18:00:19,5,-0.555516362190247,-19.0462741851807,-18.490757822990453,90.8,40.75,3.314,3.304,0.5408107172095861,True,4,134734
12,10,2016-02-10T18:00:19,6,-0.555516362190247,-19.0462741851807,-18.490757822990453,90.8,40.75,3.318,3.31,0.43264857376765925,True,4,134734
12,10,2016-02-10T18:00:19,7,-0.555516362190247,-19.0462741851807,-18.490757822990453,90.8,40.75,3.317,3.309,0.43264857376765925,True,4,134734
12,10,2016-02-10T18:00:19,8,-0.555516362190247,-19.0462741851807,-18.490757822990453,90.8,40.75,3.308,3.26,2.5958914426059554,True,4,134734
12,10,2016-02-10T21:57:46,1,-4.12669277191162,-42.8012084960938,-38.67451572418218,89.0,37.25,3.27,3.257,0.3361386628009238,True,5,134735
12,10,2016-02-10T21:57:46,2,-4.12669277191162,-42.8012084960938,-38.67451572418218,89.0,37.25,3.267,3.253,0.3619954830163769,True,5,134735
12,10,2016-02-10T21:57:46,3,-4.12669277191162,-42.8012084960938,-38.67451572418218,89.0,37.25,3.282,3.269,0.3361386628009238,True,5,134735
12,10,2016-02-10T21:57:46,4,-4.12669277191162,-42.8012084960938,-38.67451572418218,89.0,37.25,3.271,3.259,0.3102818425854708,True,5,134735
12,10,2016-02-10T21:57:46,5,-4.12669277191162,-42.8012084960938,-38.67451572418218,89.0,37.25,3.269,3.257,0.3102818425854708,True,5,134735
12,10,2016-02-10T21:57:46,6,-4.12669277191162,-42.8012084960938,-38.67451572418218,89.0,37.25,3.282,3.27,0.3102818425854708,True,5,134735
12,10,2016-02-10T21:57:46,7,-4.12669277191162,-42.8012084960938,-38.67451572418218,89.0,37.25,3.28,3.267,0.3361386628009238,True,5,134735
12,10,2016-02-10T21:57:46,8,-4.12669277191162,-42.8012084960938,-38.67451572418218,89.0,37.25,3.242,3.161,2.0944024374519254,True,5,134735
12,10,2016-02-11T01:43:48,1,-18.6759300231934,-40.4204292297363,-21.7444992065429,85.9,38.0,3.27,3.265,0.22994321241923096,True,5,134736
12,10,2016-02-11T01:43:48,2,-18.6759300231934,-40.4204292297363,-21.7444992065429,85.9,38.0,3.266,3.26,0.2759318549030935,True,5,134736
12,10,2016-02-11T01:43:48,3,-18.6759300231934,-40.4204292297363,-21.7444992065429,85.9,38.0,3.278,3.274,0.18395456993538886,True,5,134736
12,10,2016-02-11T01:43:48,4,-18.6759300231934,-40.4204292297363,-21.7444992065429,85.9,38.0,3.269,3.264,0.2299432124192514,True,5,134736
12,10,2016-02-11T01:43:48,5,-18.6759300231934,-40.4204292297363,-21.7444992065429,85.9,38.0,3.267,3.262,0.22994321241923096,True,5,134736
12,10,2016-02-11T01:43:48,6,-18.6759300231934,-40.4204292297363,-21.7444992065429,85.9,38.0,3.277,3.274,0.13796592745154676,True,5,134736
12,10,2016-02-11T01:43:48,7,-18.6759300231934,-40.4204292297363,-21.7444992065429,85.9,38.0,3.276,3.274,0.09197728496768422,True,5,134736
12,10,2016-02-11T01:43:48,8,-18.6759300231934,-40.4204292297363,-21.7444992065429,85.9,38.0,3.219,3.155,2.943273118966222,True,5,134736
12,10,2016-02-11T03:13:53,1,-5.26417827606201,-48.5150909423828,-43.25091266632079,74.0,41.0,3.279,3.263,0.36993439013505747,True,5,134737
12,10,2016-02-11T03:13:53,2,-5.26417827606201,-48.5150909423828,-43.25091266632079,74.0,41.0,3.276,3.259,0.39305528951849605,True,5,134737
12,10,2016-02-11T03:13:53,3,-5.26417827606201,-48.5150909423828,-43.25091266632079,74.0,41.0,3.286,3.271,0.346813490751619,True,5,134737
12,10,2016-02-11T03:13:53,4,-5.26417827606201,-48.5150909423828,-43.25091266632079,74.0,41.0,3.277,3.262,0.346813490751619,True,5,134737
12,10,2016-02-11T03:13:53,5,-5.26417827606201,-48.5150909423828,-43.25091266632079,74.0,41.0,3.276,3.261,0.34681349075160867,True,5,134737
12,10,2016-02-11T03:13:53,6,-5.26417827606201,-48.5150909423828,-43.25091266632079,74.0,41.0,3.286,3.271,0.346813490751619,True,5,134737
12,10,2016-02-11T03:13:53,7,-5.26417827606201,-48.5150909423828,-43.25091266632079,74.0,41.0,3.285,3.271,0.32369259136818046,True,5,134737
12,10,2016-02-11T03:13:53,8,-5.26417827606201,-48.5150909423828,-43.25091266632079,74.0,41.0,3.251,3.121,3.005716919847337,True,5,134737
12,10,2016-02-11T08:54:43,1,-19.7076015472412,-52.0862693786621,-32.3786678314209,87.7,31.25,3.249,3.234,0.46326797872282527,True,5,134738
12,10,2016-02-11T08:54:43,2,-19.7076015472412,-52.0862693786621,-32.3786678314209,87.7,31.25,3.246,3.23,0.4941525106376767,True,5,134738
12,10,2016-02-11T08:54:43,3,-19.7076015472412,-52.0862693786621,-32.3786678314209,87.7,31.25,3.262,3.248,0.4323834468079602,True,5,134738
12,10,2016-02-11T08:54:43,4,-19.7076015472412,-52.0862693786621,-32.3786678314209,87.7,31.25,3.253,3.24,0.40149891489310885,True,5,134738
12,10,2016-02-11T08:54:43,5,-19.7076015472412,-52.0862693786621,-32.3786678314209,87.7,31.25,3.251,3.238,0.40149891489310885,True,5,134738
12,10,2016-02-11T08:54:43,6,-19.7076015472412,-52.0862693786621,-32.3786678314209,87.7,31.25,3.262,3.249,0.40149891489310885,True,5,134738
12,10,2016-02-11T08:54:43,7,-19.7076015472412,-52.0862693786621,-32.3786678314209,87.7,31.25,3.258,3.245,0.40149891489310885,True,5,134738
12,10,2016-02-11T08:54:43,8,-19.7076015472412,-52.0862693786621,-32.3786678314209,87.7,31.25,3.19,3.101,2.7487233404220732,True,5,134738
12,10,2016-02-11T09:11:36,1,-0.661328971385956,-40.923038482666,-40.261709511280046,84.2,33.0,3.264,3.25,0.3477249269824829,True,5,134739
12,10,2016-02-11T09:11:36,2,-0.661328971385956,-40.923038482666,-40.261709511280046,84.2,33.0,3.261,3.244,0.422237411335876,True,5,134739
12,10,2016-02-11T09:11:36,3,-0.661328971385956,-40.923038482666,-40.261709511280046,84.2,33.0,3.275,3.261,0.3477249269824829,True,5,134739
12,10,2016-02-11T09:11:36,4,-0.661328971385956,-40.923038482666,-40.261709511280046,84.2,33.0,3.265,3.251,0.3477249269824939,True,5,134739
12,10,2016-02-11T09:11:36,5,-0.661328971385956,-40.923038482666,-40.261709511280046,84.2,33.0,3.263,3.249,0.3477249269824829,True,5,134739
12,10,2016-02-11T09:11:36,6,-0.661328971385956,-40.923038482666,-40.261709511280046,84.2,33.0,3.274,3.26,0.3477249269824939,True,5,134739
12,10,2016-02-11T09:11:36,7,-0.661328971385956,-40.923038482666,-40.261709511280046,84.2,33.0,3.271,3.258,0.3228874321980222,True,5,134739
12,10,2016-02-11T09:11:36,8,-0.661328971385956,-40.923038482666,-40.261709511280046,84.2,33.0,3.244,3.144,2.4837494784463456,True,5,134739
12,10,2016-02-11T12:12:37,1,-43.0392875671387,-55.5780830383301,-12.5387954711914,87.6,38.25,3.265,3.26,0.3987623860272802,True,5,134740
12,10,2016-02-11T12:12:37,2,-43.0392875671387,-55.5780830383301,-12.5387954711914,87.6,38.25,3.262,3.256,0.4785148632327221,True,5,134740
12,10,2016-02-11T12:12:37,3,-43.0392875671387,-55.5780830383301,-12.5387954711914,87.6,38.25,3.274,3.27,0.3190099088218029,True,5,134740
12,10,2016-02-11T12:12:37,4,-43.0392875671387,-55.5780830383301,-12.5387954711914,87.6,38.25,3.268,3.262,0.47851486323268666,True,5,134740
12,10,2016-02-11T12:12:37,5,-43.0392875671387,-55.5780830383301,-12.5387954711914,87.6,38.25,3.266,3.26,0.4785148632327221,True,5,134740
12,10,2016-02-11T12:12:37,6,-43.0392875671387,-55.5780830383301,-12.5387954711914,87.6,38.25,3.274,3.269,0.3987623860272448,True,5,134740
12,10,2016-02-11T12:12:37,7,-43.0392875671387,-55.5780830383301,-12.5387954711914,87.6,38.25,3.274,3.27,0.3190099088218029,True,5,134740
12,10,2016-02-11T12:12:37,8,-43.0392875671387,-55.5780830383301,-12.5387954711914,87.6,38.25,3.138,3.098,3.1900990882180293,True,5,134740
12,10,2016-02-11T15:38:38,1,-0.952313721179962,-29.6010837554932,-28.648770034313237,88.1,42.5,3.276,3.27,0.20943307488640722,True,6,134741
12,10,2016-02-11T15:38:38,2,-0.952313721179962,-29.6010837554932,-28.648770034313237,88.1,42.5,3.273,3.265,0.2792440998485533,True,6,134741
12,10,2016-02-11T15:38:38,3,-0.952313721179962,-29.6010837554932,-28.648770034313237,88.1,42.5,3.285,3.28,0.1745275624053574,True,6,134741
12,10,2016-02-11T15:38:38,4,-0.952313721179962,-29.6010837554932,-28.648770034313237,88.1,42.5,3.274,3.269,0.17452756240534192,True,6,134741
12,10,2016-02-11T15:38:38,5,-0.952313721179962,-29.6010837554932,-28.648770034313237,88.1,42.5,3.273,3.267,0.2094330748864227,True,6,134741
12,10,2016-02-11T15:38:38,6,-0.952313721179962,-29.6010837554932,-28.648770034313237,88.1,42.5,3.283,3.28,0.10471653744321135,True,6,134741
12,10,2016-02-11T15:38:38,7,-0.952313721179962,-29.6010837554932,-28.648770034313237,88.1,42.5,3.282,3.28,0.06981102496214608,True,6,134741
12,10,2016-02-11T15:38:38,8,-0.952313721179962,-29.6010837554932,-28.648770034313237,88.1,42.5,3.262,3.181,2.8273465109665983,True,6,134741
12,10,2016-02-11T22:24:34,1,-0.661328971385956,-21.9561214447021,-21.294792473316143,93.6,35.5,3.285,3.281,0.1878393511001472,True,5,134743
12,10,2016-02-11T22:24:34,2,-0.661328971385956,-21.9561214447021,-21.294792473316143,93.6,35.5,3.285,3.28,0.23479918887519968,True,5,134743
12,10,2016-02-11T22:24:34,3,-0.661328971385956,-21.9561214447021,-21.294792473316143,93.6,35.5,3.293,3.289,0.1878393511001472,True,5,134743
12,10,2016-02-11T22:24:34,4,-0.661328971385956,-21.9561214447021,-21.294792473316143,93.6,35.5,3.287,3.283,0.1878393511001472,True,5,134743
12,10,2016-02-11T22:24:34,5,-0.661328971385956,-21.9561214447021,-21.294792473316143,93.6,35.5,3.286,3.282,0.1878393511001472,True,5,134743
12,10,2016-02-11T22:24:34,6,-0.661328971385956,-21.9561214447021,-21.294792473316143,93.6,35.5,3.292,3.288,0.1878393511001472,True,5,134743
12,10,2016-02-11T22:24:34,7,-0.661328971385956,-21.9561214447021,-21.294792473316143,93.6,35.5,3.29,3.287,0.14087951332511564,True,5,134743
12,10,2016-02-11T22:24:34,8,-0.661328971385956,-21.9561214447021,-21.294792473316143,93.6,35.5,3.264,3.206,2.7236705909521244,True,5,134743
12,10,2016-02-12T00:03:23,1,-0.661328971385956,-26.135721206665,-25.474392235279044,84.8,41.0,3.285,3.277,0.31404085821215183,True,5,134744
12,10,2016-02-12T00:03:23,2,-0.661328971385956,-26.135721206665,-25.474392235279044,84.8,41.0,3.282,3.273,0.35329596548866643,True,5,134744
12,10,2016-02-12T00:03:23,3,-0.661328971385956,-26.135721206665,-25.474392235279044,84.8,41.0,3.294,3.285,0.35329596548866643,True,5,134744
12,10,2016-02-12T00:03:23,4,-0.661328971385956,-26.135721206665,-25.474392235279044,84.8,41.0,3.284,3.277,0.2747857509356198,True,5,134744
12,10,2016-02-12T00:03:23,5,-0.661328971385956,-26.135721206665,-25.474392235279044,84.8,41.0,3.282,3.275,0.2747857509356372,True,5,134744
12,10,2016-02-12T00:03:23,6,-0.661328971385956,-26.135721206665,-25.474392235279044,84.8,41.0,3.292,3.284,0.31404085821215183,True,5,134744
12,10,2016-02-12T00:03:23,7,-0.661328971385956,-26.135721206665,-25.474392235279044,84.8,41.0,3.292,3.285,0.2747857509356198,True,5,134744
12,10,2016-02-12T00:03:23,8,-0.661328971385956,-26.135721206665,-25.474392235279044,84.8,41.0,3.252,3.174,3.0618983675684714,True,5,134744
12,10,2016-02-12T03:10:15,1,-14.0730800628662,-50.8165168762207,-36.743436813354506,63.3,42.0,3.235,3.225,0.27215744816677734,True,5,134745
12,10,2016-02-12T03:10:15,2,-14.0730800628662,-50.8165168762207,-36.743436813354506,63.3,42.0,3.228,3.215,0.3538046826168274,True,5,134745
12,10,2016-02-12T03:10:15,3,-14.0730800628662,-50.8165168762207,-36.743436813354506,63.3,42.0,3.244,3.234,0.2721574481667894,True,5,134745
12,10,2016-02-12T03:10:15,4,-14.0730800628662,-50.8165168762207,-36.743436813354506,63.3,42.0,3.234,3.224,0.27215744816677734,True,5,134745
12,10,2016-02-12T03:10:15,5,-14.0730800628662,-50.8165168762207,-36.743436813354506,63.3,42.0,3.229,3.219,0.2721574481667894,True,5,134745
12,10,2016-02-12T03:10:15,6,-14.0730800628662,-50.8165168762207,-36.743436813354506,63.3,42.0,3.244,3.235,0.2449417033501141,True,5,134745
12,10,2016-02-12T03:10:15,7,-14.0730800628662,-50.8165168762207,-36.743436813354506,63.3,42.0,3.243,3.236,0.1905102137167393,True,5,134745
12,10,2016-02-12T03:10:15,8,-14.0730800628662,-50.8165168762207,-36.743436813354506,63.3,42.0,3.18,3.074,2.8848689505679097,True,5,134745
12,10,2016-02-12T09:00:04,1,-0.581969499588013,-34.521369934082,-33.93940043449399,93.3,35.25,3.308,3.278,0.883928402268108,True,4,134747
12,10,2016-02-12T09:00:04,2,-0.581969499588013,-34.521369934082,-33.93940043449399,93.3,35.25,3.306,3.274,0.9428569624193223,True,4,134747
12,10,2016-02-12T09:00:04,3,-0.581969499588013,-34.521369934082,-33.93940043449399,93.3,35.25,3.315,3.286,0.8544641221925076,True,4,134747
12,10,2016-02-12T09:00:04,4,-0.581969499588013,-34.521369934082,-33.93940043449399,93.3,35.25,3.307,3.279,0.8249998421169069,True,4,134747
12,10,2016-02-12T09:00:04,5,-0.581969499588013,-34.521369934082,-33.93940043449399,93.3,35.25,3.307,3.278,0.8544641221925076,True,4,134747
12,10,2016-02-12T09:00:04,6,-0.581969499588013,-34.521369934082,-33.93940043449399,93.3,35.25,3.312,3.286,0.7660712819656927,True,4,134747
12,10,2016-02-12T09:00:04,7,-0.581969499588013,-34.521369934082,-33.93940043449399,93.3,35.25,3.311,3.284,0.7955355620413064,True,4,134747
12,10,2016-02-12T09:00:04,8,-0.581969499588013,-34.521369934082,-33.93940043449399,93.3,35.25,3.279,3.173,3.1232136880139985,True,4,134747
12,10,2016-02-12T13:16:00,1,-0.714235246181488,-58.8053741455078,-58.09113889932631,89.2,35.75,3.339,3.315,0.41314390550326,True,5,134748
12,10,2016-02-12T13:16:00,2,-0.714235246181488,-58.8053741455078,-58.09113889932631,89.2,35.75,3.34,3.314,0.44757256429519454,True,5,134748
12,10,2016-02-12T13:16:00,3,-0.714235246181488,-58.8053741455078,-58.09113889932631,89.2,35.75,3.341,3.316,0.4303582348992349,True,5,134748
12,10,2016-02-12T13:16:00,4,-0.714235246181488,-58.8053741455078,-58.09113889932631,89.2,35.75,3.337,3.314,0.3959295761072928,True,5,134748
12,10,2016-02-12T13:16:00,5,-0.714235246181488,-58.8053741455078,-58.09113889932631,89.2,35.75,3.337,3.314,0.3959295761072928,True,5,134748
12,10,2016-02-12T13:16:00,6,-0.714235246181488,-58.8053741455078,-58.09113889932631,89.2,35.75,3.338,3.315,0.3959295761072928,True,5,134748
12,10,2016-02-12T13:16:00,7,-0.714235246181488,-58.8053741455078,-58.09113889932631,89.2,35.75,3.335,3.314,0.36150091731535056,True,5,134748
12,10,2016-02-12T13:16:00,8,-0.714235246181488,-58.8053741455078,-58.09113889932631,89.2,35.75,3.302,3.131,2.9436503267107295,True,5,134748
12,10,2016-02-12T16:57:31,1,-1.58718955516815,-124.139869689941,-122.55268013477284,92.3,40.5,3.289,3.254,0.2855914694114414,True,5,134749
12,10,2016-02-12T16:57:31,2,-1.58718955516815,-124.139869689941,-122.55268013477284,92.3,40.5,3.29,3.252,0.31007073821813724,True,5,134749
12,10,2016-02-12T16:57:31,3,-1.58718955516815,-124.139869689941,-122.55268013477284,92.3,40.5,3.294,3.258,0.2937512256803388,True,5,134749
12,10,2016-02-12T16:57:31,4,-1.58718955516815,-124.139869689941,-122.55268013477284,92.3,40.5,3.289,3.257,0.2611122006047456,True,5,134749
12,10,2016-02-12T16:57:31,5,-1.58718955516815,-124.139869689941,-122.55268013477284,92.3,40.5,3.29,3.258,0.2611122006047456,True,5,134749
12,10,2016-02-12T16:57:31,6,-1.58718955516815,-124.139869689941,-122.55268013477284,92.3,40.5,3.292,3.26,0.2611122006047456,True,5,134749
12,10,2016-02-12T16:57:31,7,-1.58718955516815,-124.139869689941,-122.55268013477284,92.3,40.5,3.291,3.262,0.23663293179804978,True,5,134749
12,10,2016-02-12T16:57:31,8,-1.58718955516815,-124.139869689941,-122.55268013477284,92.3,40.5,3.271,3.008,2.1460158987202504,True,5,134749
12,10,2016-02-12T18:01:36,1,-12.0097332000732,-53.9908981323242,-41.981164932251,87.2,42.0,3.296,3.282,0.33348288506507434,True,5,134750
12,10,2016-02-12T18:01:36,2,-12.0097332000732,-53.9908981323242,-41.981164932251,87.2,42.0,3.294,3.279,0.3573030911411594,True,5,134750
12,10,2016-02-12T18:01:36,3,-12.0097332000732,-53.9908981323242,-41.981164932251,87.2,42.0,3.303,3.288,0.3573030911411594,True,5,134750
12,10,2016-02-12T18:01:36,4,-12.0097332000732,-53.9908981323242,-41.981164932251,87.2,42.0,3.295,3.282,0.3096626789889999,True,5,134750
12,10,2016-02-12T18:01:36,5,-12.0097332000732,-53.9908981323242,-41.981164932251,87.2,42.0,3.294,3.281,0.3096626789889999,True,5,134750
12,10,2016-02-12T18:01:36,6,-12.0097332000732,-53.9908981323242,-41.981164932251,87.2,42.0,3.3,3.287,0.3096626789889999,True,5,134750
12,10,2016-02-12T18:01:36,7,-12.0097332000732,-53.9908981323242,-41.981164932251,87.2,42.0,3.302,3.288,0.33348288506508494,True,5,134750
12,10,2016-02-12T18:01:36,8,-12.0097332000732,-53.9908981323242,-41.981164932251,87.2,42.0,3.225,3.074,3.5968511174876476,True,5,134750
12,10,2016-02-12T22:14:39,1,-0.634875774383545,-35.7646713256836,-35.129795551300056,92.9,36.5,3.295,3.284,0.3131245094762028,True,5,134751
12,10,2016-02-12T22:14:39,2,-0.634875774383545,-35.7646713256836,-35.129795551300056,92.9,36.5,3.296,3.284,0.34159037397403597,True,5,134751
12,10,2016-02-12T22:14:39,3,-0.634875774383545,-35.7646713256836,-35.129795551300056,92.9,36.5,3.301,3.29,0.3131245094762028,True,5,134751
12,10,2016-02-12T22:14:39,4,-0.634875774383545,-35.7646713256836,-35.129795551300056,92.9,36.5,3.296,3.286,0.28465864497835697,True,5,134751
12,10,2016-02-12T22:14:39,5,-0.634875774383545,-35.7646713256836,-35.129795551300056,92.9,36.5,3.296,3.286,0.28465864497835697,True,5,134751
12,10,2016-02-12T22:14:39,6,-0.634875774383545,-35.7646713256836,-35.129795551300056,92.9,36.5,3.3,3.29,0.28465864497835697,True,5,134751
12,10,2016-02-12T22:14:39,7,-0.634875774383545,-35.7646713256836,-35.129795551300056,92.9,36.5,3.299,3.289,0.28465864497835697,True,5,134751
12,10,2016-02-12T22:14:39,8,-0.634875774383545,-35.7646713256836,-35.129795551300056,92.9,36.5,3.26,3.177,2.362666753320406,True,5,134751
12,10,2016-02-13T01:44:18,1,-1.26975154876709,-70.9209136962891,-69.65116214752202,86.3,47.5,3.285,3.26,0.35893155590211184,True,5,134752
12,10,2016-02-13T01:44:18,2,-1.26975154876709,-70.9209136962891,-69.65116214752202,86.3,47.5,3.281,3.255,0.37328881813819453,True,5,134752
12,10,2016-02-13T01:44:18,3,-1.26975154876709,-70.9209136962891,-69.65116214752202,86.3,47.5,3.294,3.268,0.37328881813819453,True,5,134752
12,10,2016-02-13T01:44:18,4,-1.26975154876709,-70.9209136962891,-69.65116214752202,86.3,47.5,3.283,3.26,0.3302170314299401,True,5,134752
12,10,2016-02-13T01:44:18,5,-1.26975154876709,-70.9209136962891,-69.65116214752202,86.3,47.5,3.28,3.258,0.315859769193851,True,5,134752
12,10,2016-02-13T01:44:18,6,-1.26975154876709,-70.9209136962891,-69.65116214752202,86.3,47.5,3.292,3.269,0.33021703142993375,True,5,134752
12,10,2016-02-13T01:44:18,7,-1.26975154876709,-70.9209136962891,-69.65116214752202,86.3,47.5,3.292,3.27,0.315859769193851,True,5,134752
12,10,2016-02-13T01:44:18,8,-1.26975154876709,-70.9209136962891,-69.65116214752202,86.3,47.5,3.241,3.049,2.7565943493281826,True,5,134752
12,10,2016-02-13T03:05:20,1,-1.29620480537415,-124.664772033691,-123.36856722831685,71.8,46.75,3.265,3.221,0.3566548675123196,True,5,134753
12,10,2016-02-13T03:05:20,2,-1.29620480537415,-124.664772033691,-123.36856722831685,71.8,46.75,3.264,3.216,0.38907803728616325,True,5,134753
12,10,2016-02-13T03:05:20,3,-1.29620480537415,-124.664772033691,-123.36856722831685,71.8,46.75,3.274,3.228,0.3728664523992414,True,5,134753
12,10,2016-02-13T03:05:20,4,-1.29620480537415,-124.664772033691,-123.36856722831685,71.8,46.75,3.264,3.223,0.33233749018193326,True,5,134753
12,10,2016-02-13T03:05:20,5,-1.29620480537415,-124.664772033691,-123.36856722831685,71.8,46.75,3.263,3.222,0.33233749018193326,True,5,134753
12,10,2016-02-13T03:05:20,6,-1.29620480537415,-124.664772033691,-123.36856722831685,71.8,46.75,3.274,3.232,0.3404432826253942,True,5,134753
12,10,2016-02-13T03:05:20,7,-1.29620480537415,-124.664772033691,-123.36856722831685,71.8,46.75,3.275,3.235,0.3242316977384724,True,5,134753
12,10,2016-02-13T03:05:20,8,-1.29620480537415,-124.664772033691,-123.36856722831685,71.8,46.75,3.223,2.953,2.1885639597346866,True,5,134753
12,10,2016-02-13T12:16:36,1,-13.3852977752686,-53.4089241027832,-40.023626327514606,90.4,41.75,3.284,3.272,0.29982290714498555,True,5,134756
12,10,2016-02-13T12:16:36,2,-13.3852977752686,-53.4089241027832,-40.023626327514606,90.4,41.75,3.28,3.267,0.3248081494070649,True,5,134756
12,10,2016-02-13T12:16:36,3,-13.3852977752686,-53.4089241027832,-40.023626327514606,90.4,41.75,3.292,3.28,0.29982290714498555,True,5,134756
12,10,2016-02-13T12:16:36,4,-13.3852977752686,-53.4089241027832,-40.023626327514606,90.4,41.75,3.284,3.272,0.29982290714498555,True,5,134756
12,10,2016-02-13T12:16:36,5,-13.3852977752686,-53.4089241027832,-40.023626327514606,90.4,41.75,3.281,3.27,0.27483766488290623,True,5,134756
12,10,2016-02-13T12:16:36,6,-13.3852977752686,-53.4089241027832,-40.023626327514606,90.4,41.75,3.291,3.279,0.29982290714498555,True,5,134756
12,10,2016-02-13T12:16:36,7,-13.3852977752686,-53.4089241027832,-40.023626327514606,90.4,41.75,3.291,3.28,0.27483766488290623,True,5,134756
12,10,2016-02-13T12:16:36,8,-13.3852977752686,-53.4089241027832,-40.023626327514606,90.4,41.75,3.222,3.127,2.373598014897805,True,5,134756
12,10,2016-02-13T15:58:02,1,-4.2854118347168,-36.3466377258301,-32.061225891113295,92.9,37.25,3.351,3.335,0.4990451723318191,True,5,134757
12,10,2016-02-13T15:58:02,2,-4.2854118347168,-36.3466377258301,-32.061225891113295,92.9,37.25,3.352,3.335,0.5302354956025543,True,5,134757
12,10,2016-02-13T15:58:02,3,-4.2854118347168,-36.3466377258301,-32.061225891113295,92.9,37.25,3.352,3.336,0.4990451723318191,True,5,134757
12,10,2016-02-13T15:58:02,4,-4.2854118347168,-36.3466377258301,-32.061225891113295,92.9,37.25,3.348,3.333,0.46785484906107,True,5,134757
12,10,2016-02-13T15:58:02,5,-4.2854118347168,-36.3466377258301,-32.061225891113295,92.9,37.25,3.348,3.333,0.46785484906107,True,5,134757
12,10,2016-02-13T15:58:02,6,-4.2854118347168,-36.3466377258301,-32.061225891113295,92.9,37.25,3.349,3.334,0.4678548490610838,True,5,134757
12,10,2016-02-13T15:58:02,7,-4.2854118347168,-36.3466377258301,-32.061225891113295,92.9,37.25,3.345,3.331,0.4366645257903486,True,5,134757
12,10,2016-02-13T15:58:02,8,-4.2854118347168,-36.3466377258301,-32.061225891113295,92.9,37.25,3.298,3.177,3.774029115759378,True,5,134757
12,10,2016-02-13T23:03:38,1,-33.9923095703125,-51.7688331604004,-17.776523590087898,89.4,30.75,3.347,3.333,0.7875555605149998,True,5,134759
12,10,2016-02-13T23:03:38,2,-33.9923095703125,-51.7688331604004,-17.776523590087898,89.4,30.75,3.347,3.333,0.7875555605149998,True,5,134759
12,10,2016-02-13T23:03:38,3,-33.9923095703125,-51.7688331604004,-17.776523590087898,89.4,30.75,3.348,3.334,0.7875555605149998,True,5,134759
12,10,2016-02-13T23:03:38,4,-33.9923095703125,-51.7688331604004,-17.776523590087898,89.4,30.75,3.346,3.333,0.7313015919067909,True,5,134759
12,10,2016-02-13T23:03:38,5,-33.9923095703125,-51.7688331604004,-17.776523590087898,89.4,30.75,3.346,3.333,0.7313015919067909,True,5,134759
12,10,2016-02-13T23:03:38,6,-33.9923095703125,-51.7688331604004,-17.776523590087898,89.4,30.75,3.345,3.333,0.6750476232985819,True,5,134759
12,10,2016-02-13T23:03:38,7,-33.9923095703125,-51.7688331604004,-17.776523590087898,89.4,30.75,3.342,3.329,0.7313015919067909,True,5,134759
12,10,2016-02-13T23:03:38,8,-33.9923095703125,-51.7688331604004,-17.776523590087898,89.4,30.75,3.21,3.145,3.6565079595339793,True,5,134759
12,10,2016-02-14T00:04:34,1,-45.2613563537598,-60.1809349060059,-14.9195785522461,84.5,34.25,3.29,3.28,0.6702602198166489,True,5,134760
12,10,2016-02-14T00:04:34,2,-45.2613563537598,-60.1809349060059,-14.9195785522461,84.5,34.25,3.289,3.279,0.6702602198166489,True,5,134760
12,10,2016-02-14T00:04:34,3,-45.2613563537598,-60.1809349060059,-14.9195785522461,84.5,34.25,3.294,3.285,0.6032341978349631,True,5,134760
12,10,2016-02-14T00:04:34,4,-45.2613563537598,-60.1809349060059,-14.9195785522461,84.5,34.25,3.291,3.282,0.6032341978349631,True,5,134760
12,10,2016-02-14T00:04:34,5,-45.2613563537598,-60.1809349060059,-14.9195785522461,84.5,34.25,3.292,3.282,0.6702602198166191,True,5,134760
12,10,2016-02-14T00:04:34,6,-45.2613563537598,-60.1809349060059,-14.9195785522461,84.5,34.25,3.293,3.283,0.6702602198166489,True,5,134760
12,10,2016-02-14T00:04:34,7,-45.2613563537598,-60.1809349060059,-14.9195785522461,84.5,34.25,3.294,3.284,0.6702602198166489,True,5,134760
12,10,2016-02-14T00:04:34,8,-45.2613563537598,-60.1809349060059,-14.9195785522461,84.5,34.25,3.091,3.028,4.222639384844801,True,5,134760
12,10,2016-02-14T03:08:48,1,-43.8064308166504,-61.3448715209961,-17.538440704345703,93.4,30.75,3.339,3.323,0.9122817854631461,True,5,134761
12,10,2016-02-14T03:08:48,2,-43.8064308166504,-61.3448715209961,-17.538440704345703,93.4,30.75,3.34,3.324,0.9122817854631461,True,5,134761
12,10,2016-02-14T03:08:48,3,-43.8064308166504,-61.3448715209961,-17.538440704345703,93.4,30.75,3.341,3.326,0.8552641738717057,True,5,134761
12,10,2016-02-14T03:08:48,4,-43.8064308166504,-61.3448715209961,-17.538440704345703,93.4,30.75,3.34,3.325,0.8552641738716804,True,5,134761
12,10,2016-02-14T03:08:48,5,-43.8064308166504,-61.3448715209961,-17.538440704345703,93.4,30.75,3.339,3.325,0.7982465622802402,True,5,134761
12,10,2016-02-14T03:08:48,6,-43.8064308166504,-61.3448715209961,-17.538440704345703,93.4,30.75,3.34,3.325,0.8552641738716804,True,5,134761
12,10,2016-02-14T03:08:48,7,-43.8064308166504,-61.3448715209961,-17.538440704345703,93.4,30.75,3.335,3.323,0.6842113390973594,True,5,134761
12,10,2016-02-14T03:08:48,8,-43.8064308166504,-61.3448715209961,-17.538440704345703,93.4,30.75,3.172,3.11,3.5350919186697034,True,5,134761
12,10,2016-02-14T09:54:59,1,-33.6219673156738,-48.1447486877441,-14.522781372070298,91.6,27.0,3.354,3.34,0.9640026687260156,True,5,134763
12,10,2016-02-14T09:54:59,2,-33.6219673156738,-48.1447486877441,-14.522781372070298,91.6,27.0,3.354,3.341,0.8951453352455642,True,5,134763
12,10,2016-02-14T09:54:59,3,-33.6219673156738,-48.1447486877441,-14.522781372070298,91.6,27.0,3.354,3.341,0.8951453352455642,True,5,134763
12,10,2016-02-14T09:54:59,4,-33.6219673156738,-48.1447486877441,-14.522781372070298,91.6,27.0,3.353,3.341,0.8262880017651432,True,5,134763
12,10,2016-02-14T09:54:59,5,-33.6219673156738,-48.1447486877441,-14.522781372070298,91.6,27.0,3.353,3.34,0.8951453352455947,True,5,134763
12,10,2016-02-14T09:54:59,6,-33.6219673156738,-48.1447486877441,-14.522781372070298,91.6,27.0,3.352,3.34,0.8262880017651432,True,5,134763
12,10,2016-02-14T09:54:59,7,-33.6219673156738,-48.1447486877441,-14.522781372070298,91.6,27.0,3.348,3.336,0.8262880017651432,True,5,134763
12,10,2016-02-14T09:54:59,8,-33.6219673156738,-48.1447486877441,-14.522781372070298,91.6,27.0,3.215,3.16,3.78715334142355,True,5,134763
12,10,2016-02-14T13:07:32,1,-45.3407135009766,-61.2919654846191,-15.9512519836425,87.6,32.5,3.326,3.312,0.8776740543223057,True,5,134764
12,10,2016-02-14T13:07:32,2,-45.3407135009766,-61.2919654846191,-15.9512519836425,87.6,32.5,3.326,3.312,0.8776740543223057,True,5,134764
12,10,2016-02-14T13:07:32,3,-45.3407135009766,-61.2919654846191,-15.9512519836425,87.6,32.5,3.327,3.314,0.814983050442121,True,5,134764
12,10,2016-02-14T13:07:32,4,-45.3407135009766,-61.2919654846191,-15.9512519836425,87.6,32.5,3.326,3.314,0.7522920465619644,True,5,134764
12,10,2016-02-14T13:07:32,5,-45.3407135009766,-61.2919654846191,-15.9512519836425,87.6,32.5,3.326,3.313,0.814983050442121,True,5,134764
12,10,2016-02-14T13:07:32,6,-45.3407135009766,-61.2919654846191,-15.9512519836425,87.6,32.5,3.326,3.314,0.7522920465619644,True,5,134764
12,10,2016-02-14T13:07:32,7,-45.3407135009766,-61.2919654846191,-15.9512519836425,87.6,32.5,3.324,3.313,0.6896010426817798,True,5,134764
12,10,2016-02-14T13:07:32,8,-45.3407135009766,-61.2919654846191,-15.9512519836425,87.6,32.5,3.177,3.126,3.197241197888356,True,5,134764
12,10,2016-02-14T18:04:54,1,-28.8074913024902,-46.2401237487793,-17.432632446289098,91.7,37.5,3.348,3.334,0.803091560791783,True,5,134766
12,10,2016-02-14T18:04:54,2,-28.8074913024902,-46.2401237487793,-17.432632446289098,91.7,37.5,3.348,3.335,0.7457278778780897,True,5,134766
12,10,2016-02-14T18:04:54,3,-28.8074913024902,-46.2401237487793,-17.432632446289098,91.7,37.5,3.349,3.337,0.6883641949643964,True,5,134766
12,10,2016-02-14T18:04:54,4,-28.8074913024902,-46.2401237487793,-17.432632446289098,91.7,37.5,3.347,3.334,0.7457278778780897,True,5,134766
12,10,2016-02-14T18:04:54,5,-28.8074913024902,-46.2401237487793,-17.432632446289098,91.7,37.5,3.346,3.334,0.6883641949643964,True,5,134766
12,10,2016-02-14T18:04:54,6,-28.8074913024902,-46.2401237487793,-17.432632446289098,91.7,37.5,3.347,3.335,0.6883641949643964,True,5,134766
12,10,2016-02-14T18:04:54,7,-28.8074913024902,-46.2401237487793,-17.432632446289098,91.7,37.5,3.343,3.331,0.6883641949643964,True,5,134766
12,10,2016-02-14T18:04:54,8,-28.8074913024902,-46.2401237487793,-17.432632446289098,91.7,37.5,3.217,3.158,3.3844572919082885,True,5,134766
12,10,2016-02-14T22:22:27,1,-1.42847049236298,-123.877418518066,-122.44894802570302,91.2,41.0,3.275,3.224,0.41650010736959864,True,5,134767
12,10,2016-02-14T22:22:27,2,-1.42847049236298,-123.877418518066,-122.44894802570302,91.2,41.0,3.273,3.219,0.44100011368546205,True,5,134767
12,10,2016-02-14T22:22:27,3,-1.42847049236298,-123.877418518066,-122.44894802570302,91.2,41.0,3.285,3.234,0.4165001073696023,True,5,134767
12,10,2016-02-14T22:22:27,4,-1.42847049236298,-123.877418518066,-122.44894802570302,91.2,41.0,3.276,3.231,0.3675000947378827,True,5,134767
12,10,2016-02-14T22:22:27,5,-1.42847049236298,-123.877418518066,-122.44894802570302,91.2,41.0,3.274,3.228,0.3756667635098347,True,5,134767
12,10,2016-02-14T22:22:27,6,-1.42847049236298,-123.877418518066,-122.44894802570302,91.2,41.0,3.285,3.239,0.37566676350983835,True,5,134767
12,10,2016-02-14T22:22:27,7,-1.42847049236298,-123.877418518066,-122.44894802570302,91.2,41.0,3.283,3.237,0.3756667635098347,True,5,134767
12,10,2016-02-14T22:22:27,8,-1.42847049236298,-123.877418518066,-122.44894802570302,91.2,41.0,3.235,2.946,2.3601672750944034,True,5,134767
12,10,2016-02-15T23:36:51,1,-0.793594777584076,-49.0970649719238,-48.303470194339724,93.2,25.5,3.282,3.257,0.5175611586376139,True,5,134775
12,10,2016-02-15T23:36:51,2,-0.793594777584076,-49.0970649719238,-48.303470194339724,93.2,25.5,3.277,3.25,0.5589660513286276,True,5,134775
12,10,2016-02-15T23:36:51,3,-0.793594777584076,-49.0970649719238,-48.303470194339724,93.2,25.5,3.289,3.262,0.5589660513286276,True,5,134775
12,10,2016-02-15T23:36:51,4,-0.793594777584076,-49.0970649719238,-48.303470194339724,93.2,25.5,3.277,3.254,0.47615626594660915,True,5,134775
12,10,2016-02-15T23:36:51,5,-0.793594777584076,-49.0970649719238,-48.303470194339724,93.2,25.5,3.275,3.25,0.5175611586376139,True,5,134775
12,10,2016-02-15T23:36:51,6,-0.793594777584076,-49.0970649719238,-48.303470194339724,93.2,25.5,3.285,3.26,0.517561158637623,True,5,134775
12,10,2016-02-15T23:36:51,7,-0.793594777584076,-49.0970649719238,-48.303470194339724,93.2,25.5,3.284,3.259,0.5175611586376139,True,5,134775
12,10,2016-02-15T23:36:51,8,-0.793594777584076,-49.0970649719238,-48.303470194339724,93.2,25.5,3.257,3.128,2.6706155785700965,True,5,134775
12,10,2016-02-16T09:16:36,1,-0.76714164018631,-20.9509029388428,-20.18376129865649,91.1,15.5,3.327,3.314,0.6440821315532121,True,5,134779
12,10,2016-02-16T09:16:36,2,-0.76714164018631,-20.9509029388428,-20.18376129865649,91.1,15.5,3.329,3.315,0.6936269109034762,True,5,134779
12,10,2016-02-16T09:16:36,3,-0.76714164018631,-20.9509029388428,-20.18376129865649,91.1,15.5,3.329,3.317,0.5945373522029701,True,5,134779
12,10,2016-02-16T09:16:36,4,-0.76714164018631,-20.9509029388428,-20.18376129865649,91.1,15.5,3.327,3.315,0.5945373522029701,True,5,134779
12,10,2016-02-16T09:16:36,5,-0.76714164018631,-20.9509029388428,-20.18376129865649,91.1,15.5,3.326,3.315,0.5449925728527282,True,5,134779
12,10,2016-02-16T09:16:36,6,-0.76714164018631,-20.9509029388428,-20.18376129865649,91.1,15.5,3.328,3.316,0.5945373522029701,True,5,134779
12,10,2016-02-16T09:16:36,7,-0.76714164018631,-20.9509029388428,-20.18376129865649,91.1,15.5,3.325,3.314,0.5449925728527282,True,5,134779
12,10,2016-02-16T09:16:36,8,-0.76714164018631,-20.9509029388428,-20.18376129865649,91.1,15.5,3.299,3.245,2.6754180849133546,True,5,134779
12,10,2016-02-16T13:56:00,1,-0.661328971385956,-13.8614549636841,-13.200125992298144,82.7,33.5,3.27,3.268,0.15151370533638547,True,5,134780
12,10,2016-02-16T13:56:00,2,-0.661328971385956,-13.8614549636841,-13.200125992298144,82.7,33.5,3.266,3.264,0.15151370533638547,True,5,134780
12,10,2016-02-16T13:56:00,3,-0.661328971385956,-13.8614549636841,-13.200125992298144,82.7,33.5,3.278,3.276,0.15151370533638547,True,5,134780
12,10,2016-02-16T13:56:00,4,-0.661328971385956,-13.8614549636841,-13.200125992298144,82.7,33.5,3.267,3.265,0.15151370533635183,True,5,134780
12,10,2016-02-16T13:56:00,5,-0.661328971385956,-13.8614549636841,-13.200125992298144,82.7,33.5,3.265,3.263,0.15151370533638547,True,5,134780
12,10,2016-02-16T13:56:00,6,-0.661328971385956,-13.8614549636841,-13.200125992298144,82.7,33.5,3.276,3.274,0.15151370533635183,True,5,134780
12,10,2016-02-16T13:56:00,7,-0.661328971385956,-13.8614549636841,-13.200125992298144,82.7,33.5,3.276,3.274,0.15151370533635183,True,5,134780
12,10,2016-02-16T13:56:00,8,-0.661328971385956,-13.8614549636841,-13.200125992298144,82.7,33.5,3.249,3.231,1.3636233480273345,True,5,134780
12,10,2016-02-16T16:56:00,1,-13.4911108016968,-47.6950454711914,-34.2039346694946,93.4,41.0,3.289,3.28,0.2631276222155562,True,5,134781
12,10,2016-02-16T16:56:00,2,-13.4911108016968,-47.6950454711914,-34.2039346694946,93.4,41.0,3.288,3.276,0.35083682962072865,True,5,134781
12,10,2016-02-16T16:56:00,3,-13.4911108016968,-47.6950454711914,-34.2039346694946,93.4,41.0,3.295,3.286,0.26312762221554326,True,5,134781
12,10,2016-02-16T16:56:00,4,-13.4911108016968,-47.6950454711914,-34.2039346694946,93.4,41.0,3.289,3.279,0.292364024683947,True,5,134781
12,10,2016-02-16T16:56:00,5,-13.4911108016968,-47.6950454711914,-34.2039346694946,93.4,41.0,3.288,3.278,0.292364024683934,True,5,134781
12,10,2016-02-16T16:56:00,6,-13.4911108016968,-47.6950454711914,-34.2039346694946,93.4,41.0,3.294,3.285,0.26312762221554326,True,5,134781
12,10,2016-02-16T16:56:00,7,-13.4911108016968,-47.6950454711914,-34.2039346694946,93.4,41.0,3.293,3.286,0.2046548172787616,True,5,134781
12,10,2016-02-16T16:56:00,8,-13.4911108016968,-47.6950454711914,-34.2039346694946,93.4,41.0,3.257,3.167,2.631276222155471,True,5,134781
12,10,2016-02-16T18:13:53,1,-1.29620480537415,-40.4997863769531,-39.203581571578944,79.5,47.0,3.273,3.258,0.38261810270096686,True,5,134782
12,10,2016-02-16T18:13:53,2,-1.29620480537415,-40.4997863769531,-39.203581571578944,79.5,47.0,3.269,3.252,0.43363384972776775,True,5,134782
12,10,2016-02-16T18:13:53,3,-1.29620480537415,-40.4997863769531,-39.203581571578944,79.5,47.0,3.282,3.265,0.4336338497277564,True,5,134782
12,10,2016-02-16T18:13:53,4,-1.29620480537415,-40.4997863769531,-39.203581571578944,79.5,47.0,3.27,3.256,0.35711022918757207,True,5,134782
12,10,2016-02-16T18:13:53,5,-1.29620480537415,-40.4997863769531,-39.203581571578944,79.5,47.0,3.268,3.253,0.38261810270095553,True,5,134782
12,10,2016-02-16T18:13:53,6,-1.29620480537415,-40.4997863769531,-39.203581571578944,79.5,47.0,3.281,3.266,0.38261810270096686,True,5,134782
12,10,2016-02-16T18:13:53,7,-1.29620480537415,-40.4997863769531,-39.203581571578944,79.5,47.0,3.282,3.267,0.38261810270096686,True,5,134782
12,10,2016-02-16T18:13:53,8,-1.29620480537415,-40.4997863769531,-39.203581571578944,79.5,47.0,3.244,3.121,3.1374684421479078,True,5,134782
12,10,2016-02-16T22:34:23,1,-7.24816560745239,-48.9647941589355,-41.716628551483105,88.6,38.5,3.296,3.279,0.4075113591459088,True,5,134783
12,10,2016-02-16T22:34:23,2,-7.24816560745239,-48.9647941589355,-41.716628551483105,88.6,38.5,3.291,3.274,0.4075113591459088,True,5,134783
12,10,2016-02-16T22:34:23,3,-7.24816560745239,-48.9647941589355,-41.716628551483105,88.6,38.5,3.304,3.287,0.4075113591459088,True,5,134783
12,10,2016-02-16T22:34:23,4,-7.24816560745239,-48.9647941589355,-41.716628551483105,88.6,38.5,3.294,3.279,0.3595688463052187,True,5,134783
12,10,2016-02-16T22:34:23,5,-7.24816560745239,-48.9647941589355,-41.716628551483105,88.6,38.5,3.292,3.276,0.3835401027255637,True,5,134783
12,10,2016-02-16T22:34:23,6,-7.24816560745239,-48.9647941589355,-41.716628551483105,88.6,38.5,3.303,3.288,0.3595688463052187,True,5,134783
12,10,2016-02-16T22:34:23,7,-7.24816560745239,-48.9647941589355,-41.716628551483105,88.6,38.5,3.301,3.286,0.3595688463052187,True,5,134783
12,10,2016-02-16T22:34:23,8,-7.24816560745239,-48.9647941589355,-41.716628551483105,88.6,38.5,3.256,3.162,2.2532981035126816,True,5,134783
12,10,2016-02-17T01:36:00,1,-0.661328971385956,-15.9512548446655,-15.289925873279545,93.3,36.75,3.279,3.277,0.1308050815010785,True,5,134784
12,10,2016-02-17T01:36:00,2,-0.661328971385956,-15.9512548446655,-15.289925873279545,93.3,36.75,3.278,3.276,0.13080508150110753,True,5,134784
12,10,2016-02-17T01:36:00,3,-0.661328971385956,-15.9512548446655,-15.289925873279545,93.3,36.75,3.29,3.288,0.13080508150110753,True,5,134784
12,10,2016-02-17T01:36:00,4,-0.661328971385956,-15.9512548446655,-15.289925873279545,93.3,36.75,3.281,3.28,0.0654025407505683,True,5,134784
12,10,2016-02-17T01:36:00,5,-0.661328971385956,-15.9512548446655,-15.289925873279545,93.3,36.75,3.28,3.278,0.1308050815010785,True,5,134784
12,10,2016-02-17T01:36:00,6,-0.661328971385956,-15.9512548446655,-15.289925873279545,93.3,36.75,3.29,3.289,0.06540254075053925,True,5,134784
12,10,2016-02-17T01:36:00,7,-0.661328971385956,-15.9512548446655,-15.289925873279545,93.3,36.75,3.29,3.287,0.1962076222516468,True,5,134784
12,10,2016-02-17T01:36:00,8,-0.661328971385956,-15.9512548446655,-15.289925873279545,93.3,36.75,3.259,3.215,2.8777117930240466,True,5,134784
12,10,2016-02-17T03:32:06,1,-0.581969499588013,-36.3730926513672,-35.79112315177919,73.8,39.75,3.277,3.264,0.36321855407753834,True,5,134785
12,10,2016-02-17T03:32:06,2,-0.581969499588013,-36.3730926513672,-35.79112315177919,73.8,39.75,3.276,3.262,0.3911584428527174,True,5,134785
12,10,2016-02-17T03:32:06,3,-0.581969499588013,-36.3730926513672,-35.79112315177919,73.8,39.75,3.285,3.272,0.36321855407753834,True,5,134785
12,10,2016-02-17T03:32:06,4,-0.581969499588013,-36.3730926513672,-35.79112315177919,73.8,39.75,3.277,3.265,0.33527866530233447,True,5,134785
12,10,2016-02-17T03:32:06,5,-0.581969499588013,-36.3730926513672,-35.79112315177919,73.8,39.75,3.275,3.263,0.33527866530233447,True,5,134785
12,10,2016-02-17T03:32:06,6,-0.581969499588013,-36.3730926513672,-35.79112315177919,73.8,39.75,3.286,3.273,0.36321855407752596,True,5,134785
12,10,2016-02-17T03:32:06,7,-0.581969499588013,-36.3730926513672,-35.79112315177919,73.8,39.75,3.284,3.273,0.30733877652713065,True,5,134785
12,10,2016-02-17T03:32:06,8,-0.581969499588013,-36.3730926513672,-35.79112315177919,73.8,39.75,3.252,3.182,1.9557922142636117,True,5,134785
12,10,2016-02-17T09:38:53,1,-2.301424741745,-29.8127098083496,-27.5112850666046,90.7,31.75,3.281,3.271,0.36348720082650854,True,5,134787
12,10,2016-02-17T09:38:53,2,-2.301424741745,-29.8127098083496,-27.5112850666046,90.7,31.75,3.279,3.269,0.3634872008264924,True,5,134787
12,10,2016-02-17T09:38:53,3,-2.301424741745,-29.8127098083496,-27.5112850666046,90.7,31.75,3.29,3.279,0.3998359209091545,True,5,134787
12,10,2016-02-17T09:38:53,4,-2.301424741745,-29.8127098083496,-27.5112850666046,90.7,31.75,3.282,3.273,0.3271384807438463,True,5,134787
12,10,2016-02-17T09:38:53,5,-2.301424741745,-29.8127098083496,-27.5112850666046,90.7,31.75,3.282,3.272,0.36348720082650854,True,5,134787
12,10,2016-02-17T09:38:53,6,-2.301424741745,-29.8127098083496,-27.5112850666046,90.7,31.75,3.287,3.278,0.3271384807438463,True,5,134787
12,10,2016-02-17T09:38:53,7,-2.301424741745,-29.8127098083496,-27.5112850666046,90.7,31.75,3.287,3.277,0.3634872008264924,True,5,134787
12,10,2016-02-17T09:38:53,8,-2.301424741745,-29.8127098083496,-27.5112850666046,90.7,31.75,3.248,3.166,2.9805950467773115,True,5,134787
12,10,2016-02-17T12:08:38,1,-0.76714164018631,-12.7239694595337,-11.95682781934739,92.9,29.25,3.324,3.319,0.4181711132370221,True,5,134788
12,10,2016-02-17T12:08:38,2,-0.76714164018631,-12.7239694595337,-11.95682781934739,92.9,29.25,3.325,3.319,0.5018053358844562,True,5,134788
12,10,2016-02-17T12:08:38,3,-0.76714164018631,-12.7239694595337,-11.95682781934739,92.9,29.25,3.327,3.323,0.33453689058962505,True,5,134788
12,10,2016-02-17T12:08:38,4,-0.76714164018631,-12.7239694595337,-11.95682781934739,92.9,29.25,3.322,3.318,0.33453689058962505,True,5,134788
12,10,2016-02-17T12:08:38,5,-0.76714164018631,-12.7239694595337,-11.95682781934739,92.9,29.25,3.322,3.318,0.33453689058962505,True,5,134788
12,10,2016-02-17T12:08:38,6,-0.76714164018631,-12.7239694595337,-11.95682781934739,92.9,29.25,3.325,3.32,0.41817111323705924,True,5,134788
12,10,2016-02-17T12:08:38,7,-0.76714164018631,-12.7239694595337,-11.95682781934739,92.9,29.25,3.324,3.319,0.4181711132370221,True,5,134788
12,10,2016-02-17T12:08:38,8,-0.76714164018631,-12.7239694595337,-11.95682781934739,92.9,29.25,3.299,3.268,2.5926609020696034,True,5,134788
12,10,2016-02-17T15:45:50,1,-8.06821346282959,-48.8589820861816,-40.79076862335201,88.3,37.5,3.269,3.255,0.3432149104438664,True,5,134789
12,10,2016-02-17T15:45:50,2,-8.06821346282959,-48.8589820861816,-40.79076862335201,88.3,37.5,3.265,3.25,0.36773026118985375,True,5,134789
12,10,2016-02-17T15:45:50,3,-8.06821346282959,-48.8589820861816,-40.79076862335201,88.3,37.5,3.279,3.266,0.3186995596978682,True,5,134789
12,10,2016-02-17T15:45:50,4,-8.06821346282959,-48.8589820861816,-40.79076862335201,88.3,37.5,3.269,3.256,0.31869955969787905,True,5,134789
12,10,2016-02-17T15:45:50,5,-8.06821346282959,-48.8589820861816,-40.79076862335201,88.3,37.5,3.267,3.254,0.3186995596978682,True,5,134789
12,10,2016-02-17T15:45:50,6,-8.06821346282959,-48.8589820861816,-40.79076862335201,88.3,37.5,3.28,3.267,0.3186995596978682,True,5,134789
12,10,2016-02-17T15:45:50,7,-8.06821346282959,-48.8589820861816,-40.79076862335201,88.3,37.5,3.279,3.267,0.2941842089518808,True,5,134789
12,10,2016-02-17T15:45:50,8,-8.06821346282959,-48.8589820861816,-40.79076862335201,88.3,37.5,3.234,3.126,2.6476578805669275,True,5,134789
12,10,2016-02-17T21:58:12,1,-0.608422636985779,-19.2049922943115,-18.59656965732572,92.2,32.75,3.289,3.282,0.3764135068449367,True,5,134791
12,10,2016-02-17T21:58:12,2,-0.608422636985779,-19.2049922943115,-18.59656965732572,92.2,32.75,3.285,3.278,0.3764135068449367,True,5,134791
12,10,2016-02-17T21:58:12,3,-0.608422636985779,-19.2049922943115,-18.59656965732572,92.2,32.75,3.299,3.292,0.3764135068449367,True,5,134791
12,10,2016-02-17T21:58:12,4,-0.608422636985779,-19.2049922943115,-18.59656965732572,92.2,32.75,3.288,3.282,0.3226401487242144,True,5,134791
12,10,2016-02-17T21:58:12,5,-0.608422636985779,-19.2049922943115,-18.59656965732572,92.2,32.75,3.286,3.28,0.3226401487242383,True,5,134791
12,10,2016-02-17T21:58:12,6,-0.608422636985779,-19.2049922943115,-18.59656965732572,92.2,32.75,3.298,3.292,0.3226401487242383,True,5,134791
12,10,2016-02-17T21:58:12,7,-0.608422636985779,-19.2049922943115,-18.59656965732572,92.2,32.75,3.296,3.29,0.3226401487242144,True,5,134791
12,10,2016-02-17T21:58:12,8,-0.608422636985779,-19.2049922943115,-18.59656965732572,92.2,32.75,3.268,3.225,2.312254399190271,True,5,134791
12,10,2016-02-18T02:45:19,1,-0.581969499588013,-29.1778335571289,-28.595864057540886,89.7,35.5,3.295,3.284,0.38467101318798447,True,5,134792
12,10,2016-02-18T02:45:19,2,-0.581969499588013,-29.1778335571289,-28.595864057540886,89.7,35.5,3.29,3.279,0.38467101318798447,True,5,134792
12,10,2016-02-18T02:45:19,3,-0.581969499588013,-29.1778335571289,-28.595864057540886,89.7,35.5,3.304,3.293,0.38467101318796887,True,5,134792
12,10,2016-02-18T02:45:19,4,-0.581969499588013,-29.1778335571289,-28.595864057540886,89.7,35.5,3.292,3.283,0.31473082897198024,True,5,134792
12,10,2016-02-18T02:45:19,5,-0.581969499588013,-29.1778335571289,-28.595864057540886,89.7,35.5,3.29,3.28,0.3497009210799901,True,5,134792
12,10,2016-02-18T02:45:19,6,-0.581969499588013,-29.1778335571289,-28.595864057540886,89.7,35.5,3.303,3.293,0.3497009210799745,True,5,134792
12,10,2016-02-18T02:45:19,7,-0.581969499588013,-29.1778335571289,-28.595864057540886,89.7,35.5,3.301,3.291,0.3497009210799901,True,5,134792
12,10,2016-02-18T02:45:19,8,-0.581969499588013,-29.1778335571289,-28.595864057540886,89.7,35.5,3.271,3.199,2.5178466317758725,True,5,134792
12,10,2016-02-18T03:05:35,1,-0.872954249382019,-39.4681129455566,-38.59515869617458,82.8,41.25,3.263,3.25,0.33682981076298607,True,5,134793
12,10,2016-02-18T03:05:35,2,-0.872954249382019,-39.4681129455566,-38.59515869617458,82.8,41.25,3.26,3.246,0.3627397962062901,True,5,134793
12,10,2016-02-18T03:05:35,3,-0.872954249382019,-39.4681129455566,-38.59515869617458,82.8,41.25,3.272,3.26,0.3109198253196821,True,5,134793
12,10,2016-02-18T03:05:35,4,-0.872954249382019,-39.4681129455566,-38.59515869617458,82.8,41.25,3.262,3.252,0.2590998544330742,True,5,134793
12,10,2016-02-18T03:05:35,5,-0.872954249382019,-39.4681129455566,-38.59515869617458,82.8,41.25,3.261,3.249,0.3109198253196821,True,5,134793
12,10,2016-02-18T03:05:35,6,-0.872954249382019,-39.4681129455566,-38.59515869617458,82.8,41.25,3.272,3.262,0.2590998544330627,True,5,134793
12,10,2016-02-18T03:05:35,7,-0.872954249382019,-39.4681129455566,-38.59515869617458,82.8,41.25,3.269,3.261,0.20727988354645474,True,5,134793
12,10,2016-02-18T03:05:35,8,-0.872954249382019,-39.4681129455566,-38.59515869617458,82.8,41.25,3.257,3.145,2.9019183696503665,True,5,134793
12,10,2016-02-18T07:21:56,1,-0.846501052379608,-31.7437915802002,-30.89729052782059,93.6,24.25,3.323,3.309,0.4531141650557963,True,5,134794
12,10,2016-02-18T07:21:56,2,-0.846501052379608,-31.7437915802002,-30.89729052782059,93.6,24.25,3.326,3.311,0.485479462559793,True,5,134794
12,10,2016-02-18T07:21:56,3,-0.846501052379608,-31.7437915802002,-30.89729052782059,93.6,24.25,3.327,3.314,0.4207488675518139,True,5,134794
12,10,2016-02-18T07:21:56,4,-0.846501052379608,-31.7437915802002,-30.89729052782059,93.6,24.25,3.324,3.312,0.38838357004783153,True,5,134794
12,10,2016-02-18T07:21:56,5,-0.846501052379608,-31.7437915802002,-30.89729052782059,93.6,24.25,3.324,3.311,0.4207488675518139,True,5,134794
12,10,2016-02-18T07:21:56,6,-0.846501052379608,-31.7437915802002,-30.89729052782059,93.6,24.25,3.325,3.313,0.38838357004783153,True,5,134794
12,10,2016-02-18T07:21:56,7,-0.846501052379608,-31.7437915802002,-30.89729052782059,93.6,24.25,3.322,3.31,0.38838357004783153,True,5,134794
12,10,2016-02-18T07:21:56,8,-0.846501052379608,-31.7437915802002,-30.89729052782059,93.6,24.25,3.295,3.199,3.1070685603826522,True,5,134794
12,10,2016-02-18T09:12:22,1,-5.23772573471069,-46.5575561523438,-41.31983041763311,90.7,31.75,3.28,3.263,0.4114247282279553,True,5,134795
12,10,2016-02-18T09:12:22,2,-5.23772573471069,-46.5575561523438,-41.31983041763311,90.7,31.75,3.276,3.257,0.4598276374312391,True,5,134795
12,10,2016-02-18T09:12:22,3,-5.23772573471069,-46.5575561523438,-41.31983041763311,90.7,31.75,3.29,3.274,0.3872232736263134,True,5,134795
12,10,2016-02-18T09:12:22,4,-5.23772573471069,-46.5575561523438,-41.31983041763311,90.7,31.75,3.279,3.264,0.36302181902467145,True,5,134795
12,10,2016-02-18T09:12:22,5,-5.23772573471069,-46.5575561523438,-41.31983041763311,90.7,31.75,3.278,3.262,0.3872232736263134,True,5,134795
12,10,2016-02-18T09:12:22,6,-5.23772573471069,-46.5575561523438,-41.31983041763311,90.7,31.75,3.29,3.273,0.4114247282279553,True,5,134795
12,10,2016-02-18T09:12:22,7,-5.23772573471069,-46.5575561523438,-41.31983041763311,90.7,31.75,3.288,3.272,0.3872232736263134,True,5,134795
12,10,2016-02-18T09:12:22,8,-5.23772573471069,-46.5575561523438,-41.31983041763311,90.7,31.75,3.245,3.127,2.8557716429940663,True,5,134795
12,10,2016-02-18T13:41:20,1,-30.9501953125,-45.3407135009766,-14.390518188476598,91.9,28.75,3.357,3.341,1.1118432144307513,True,5,134796
12,10,2016-02-18T13:41:20,2,-30.9501953125,-45.3407135009766,-14.390518188476598,91.9,28.75,3.356,3.342,0.972862812626892,True,5,134796
12,10,2016-02-18T13:41:20,3,-30.9501953125,-45.3407135009766,-14.390518188476598,91.9,28.75,3.357,3.343,0.9728628126269229,True,5,134796
12,10,2016-02-18T13:41:20,4,-30.9501953125,-45.3407135009766,-14.390518188476598,91.9,28.75,3.356,3.343,0.9033726117249778,True,5,134796
12,10,2016-02-18T13:41:20,5,-30.9501953125,-45.3407135009766,-14.390518188476598,91.9,28.75,3.355,3.34,1.042353013528837,True,5,134796
12,10,2016-02-18T13:41:20,6,-30.9501953125,-45.3407135009766,-14.390518188476598,91.9,28.75,3.356,3.342,0.972862812626892,True,5,134796
12,10,2016-02-18T13:41:20,7,-30.9501953125,-45.3407135009766,-14.390518188476598,91.9,28.75,3.351,3.337,0.972862812626892,True,5,134796
12,10,2016-02-18T13:41:20,8,-30.9501953125,-45.3407135009766,-14.390518188476598,91.9,28.75,3.212,3.151,4.238902255017263,True,5,134796
12,10,2016-02-18T15:14:19,1,-1.26975154876709,-96.319938659668,-95.05018711090091,92.3,42.0,3.294,3.259,0.36822652394322475,True,5,134797
12,10,2016-02-18T15:14:19,2,-1.26975154876709,-96.319938659668,-95.05018711090091,92.3,42.0,3.291,3.252,0.4103095552510217,True,5,134797
12,10,2016-02-18T15:14:19,3,-1.26975154876709,-96.319938659668,-95.05018711090091,92.3,42.0,3.302,3.265,0.38926803959712086,True,5,134797
12,10,2016-02-18T15:14:19,4,-1.26975154876709,-96.319938659668,-95.05018711090091,92.3,42.0,3.292,3.259,0.3471850082893239,True,5,134797
12,10,2016-02-18T15:14:19,5,-1.26975154876709,-96.319938659668,-95.05018711090091,92.3,42.0,3.29,3.257,0.3471850082893239,True,5,134797
12,10,2016-02-18T15:14:19,6,-1.26975154876709,-96.319938659668,-95.05018711090091,92.3,42.0,3.299,3.265,0.357705766116272,True,5,134797
12,10,2016-02-18T15:14:19,7,-1.26975154876709,-96.319938659668,-95.05018711090091,92.3,42.0,3.3,3.268,0.3366642504623758,True,5,134797
12,10,2016-02-18T15:14:19,8,-1.26975154876709,-96.319938659668,-95.05018711090091,92.3,42.0,3.267,2.985,2.9668537071996846,True,5,134797
12,10,2016-02-18T20:25:55,1,-1.95753371715546,-44.7322883605957,-42.77475464344025,93.2,31.0,3.283,3.265,0.4208089596315241,True,5,134798
12,10,2016-02-18T20:25:55,2,-1.95753371715546,-44.7322883605957,-42.77475464344025,93.2,31.0,3.279,3.26,0.44418723516661685,True,5,134798
12,10,2016-02-18T20:25:55,3,-1.95753371715546,-44.7322883605957,-42.77475464344025,93.2,31.0,3.291,3.273,0.4208089596315241,True,5,134798
12,10,2016-02-18T20:25:55,4,-1.95753371715546,-44.7322883605957,-42.77475464344025,93.2,31.0,3.28,3.265,0.3506741330262666,True,5,134798
12,10,2016-02-18T20:25:55,5,-1.95753371715546,-44.7322883605957,-42.77475464344025,93.2,31.0,3.278,3.262,0.37405240856135935,True,5,134798
12,10,2016-02-18T20:25:55,6,-1.95753371715546,-44.7322883605957,-42.77475464344025,93.2,31.0,3.289,3.273,0.37405240856135935,True,5,134798
12,10,2016-02-18T20:25:55,7,-1.95753371715546,-44.7322883605957,-42.77475464344025,93.2,31.0,3.287,3.27,0.3974306840964417,True,5,134798
12,10,2016-02-18T20:25:55,8,-1.95753371715546,-44.7322883605957,-42.77475464344025,93.2,31.0,3.26,3.18,1.8702620428067864,True,5,134798
12,10,2016-02-18T21:06:36,1,-16.5067710876465,-39.2829399108887,-22.7761688232422,93.7,29.25,3.307,3.296,0.48296094419422486,True,5,134799
12,10,2016-02-18T21:06:36,2,-16.5067710876465,-39.2829399108887,-22.7761688232422,93.7,29.25,3.31,3.298,0.5268664845755127,True,5,134799
12,10,2016-02-18T21:06:36,3,-16.5067710876465,-39.2829399108887,-22.7761688232422,93.7,29.25,3.311,3.301,0.4390554038129175,True,5,134799
12,10,2016-02-18T21:06:36,4,-16.5067710876465,-39.2829399108887,-22.7761688232422,93.7,29.25,3.308,3.298,0.4390554038129175,True,5,134799
12,10,2016-02-18T21:06:36,5,-16.5067710876465,-39.2829399108887,-22.7761688232422,93.7,29.25,3.309,3.298,0.48296094419422486,True,5,134799
12,10,2016-02-18T21:06:36,6,-16.5067710876465,-39.2829399108887,-22.7761688232422,93.7,29.25,3.31,3.299,0.48296094419422486,True,5,134799
12,10,2016-02-18T21:06:36,7,-16.5067710876465,-39.2829399108887,-22.7761688232422,93.7,29.25,3.308,3.297,0.4829609441942053,True,5,134799
12,10,2016-02-18T21:06:36,8,-16.5067710876465,-39.2829399108887,-22.7761688232422,93.7,29.25,3.25,3.187,2.7660490440214467,True,5,134799
12,10,2016-02-19T01:30:35,1,-0.661328971385956,-46.7162780761719,-46.05494910478595,89.6,32.25,3.271,3.254,0.3691242815472636,True,5,134800
12,10,2016-02-19T01:30:35,2,-0.661328971385956,-46.7162780761719,-46.05494910478595,89.6,32.25,3.268,3.249,0.412550667611643,True,5,134800
12,10,2016-02-19T01:30:35,3,-0.661328971385956,-46.7162780761719,-46.05494910478595,89.6,32.25,3.282,3.265,0.3691242815472636,True,5,134800
12,10,2016-02-19T01:30:35,4,-0.661328971385956,-46.7162780761719,-46.05494910478595,89.6,32.25,3.271,3.254,0.3691242815472636,True,5,134800
12,10,2016-02-19T01:30:35,5,-0.661328971385956,-46.7162780761719,-46.05494910478595,89.6,32.25,3.268,3.252,0.3474110885150739,True,5,134800
12,10,2016-02-19T01:30:35,6,-0.661328971385956,-46.7162780761719,-46.05494910478595,89.6,32.25,3.28,3.264,0.3474110885150739,True,5,134800
12,10,2016-02-19T01:30:35,7,-0.661328971385956,-46.7162780761719,-46.05494910478595,89.6,32.25,3.278,3.262,0.3474110885150739,True,5,134800
12,10,2016-02-19T01:30:35,8,-0.661328971385956,-46.7162780761719,-46.05494910478595,89.6,32.25,3.252,3.16,1.9976137589616654,True,5,134800
12,10,2016-02-19T03:03:23,1,-34.0981178283691,-60.8422660827637,-26.744148254394602,93.1,30.0,3.354,3.335,0.710435786523059,True,5,134801
12,10,2016-02-19T03:03:23,2,-34.0981178283691,-60.8422660827637,-26.744148254394602,93.1,30.0,3.354,3.336,0.6730444293376394,True,5,134801
12,10,2016-02-19T03:03:23,3,-34.0981178283691,-60.8422660827637,-26.744148254394602,93.1,30.0,3.353,3.335,0.6730444293376394,True,5,134801
12,10,2016-02-19T03:03:23,4,-34.0981178283691,-60.8422660827637,-26.744148254394602,93.1,30.0,3.353,3.336,0.6356530721522196,True,5,134801
12,10,2016-02-19T03:03:23,5,-34.0981178283691,-60.8422660827637,-26.744148254394602,93.1,30.0,3.352,3.335,0.635653072152203,True,5,134801
12,10,2016-02-19T03:03:23,6,-34.0981178283691,-60.8422660827637,-26.744148254394602,93.1,30.0,3.351,3.334,0.635653072152203,True,5,134801
12,10,2016-02-19T03:03:23,7,-34.0981178283691,-60.8422660827637,-26.744148254394602,93.1,30.0,3.348,3.33,0.6730444293376227,True,5,134801
12,10,2016-02-19T03:03:23,8,-34.0981178283691,-60.8422660827637,-26.744148254394602,93.1,30.0,3.267,3.191,2.84174314609222,True,5,134801
12,10,2016-02-19T07:50:34,1,-43.4096336364746,-62.9585151672363,-19.548881530761697,93.9,25.5,3.344,3.325,0.9719226120482491,True,5,134802
12,10,2016-02-19T07:50:34,2,-43.4096336364746,-62.9585151672363,-19.548881530761697,93.9,25.5,3.345,3.326,0.9719226120482718,True,5,134802
12,10,2016-02-19T07:50:34,3,-43.4096336364746,-62.9585151672363,-19.548881530761697,93.9,25.5,3.345,3.328,0.8696149686747816,True,5,134802
12,10,2016-02-19T07:50:34,4,-43.4096336364746,-62.9585151672363,-19.548881530761697,93.9,25.5,3.346,3.328,0.9207687903615266,True,5,134802
12,10,2016-02-19T07:50:34,5,-43.4096336364746,-62.9585151672363,-19.548881530761697,93.9,25.5,3.345,3.327,0.9207687903615266,True,5,134802
12,10,2016-02-19T07:50:34,6,-43.4096336364746,-62.9585151672363,-19.548881530761697,93.9,25.5,3.344,3.327,0.8696149686747587,True,5,134802
12,10,2016-02-19T07:50:34,7,-43.4096336364746,-62.9585151672363,-19.548881530761697,93.9,25.5,3.339,3.323,0.8184611469880136,True,5,134802
12,10,2016-02-19T07:50:34,8,-43.4096336364746,-62.9585151672363,-19.548881530761697,93.9,25.5,3.228,3.164,3.2738445879520546,True,5,134802
12,10,2016-02-19T11:07:47,1,-32.563835144043,-50.366813659668,-17.802978515625,91.0,30.75,3.34,3.327,0.7302148900865264,True,5,134803
12,10,2016-02-19T11:07:47,2,-32.563835144043,-50.366813659668,-17.802978515625,91.0,30.75,3.34,3.326,0.7863852662470227,True,5,134803
12,10,2016-02-19T11:07:47,3,-32.563835144043,-50.366813659668,-17.802978515625,91.0,30.75,3.341,3.328,0.7302148900865513,True,5,134803
12,10,2016-02-19T11:07:47,4,-32.563835144043,-50.366813659668,-17.802978515625,91.0,30.75,3.34,3.326,0.7863852662470227,True,5,134803
12,10,2016-02-19T11:07:47,5,-32.563835144043,-50.366813659668,-17.802978515625,91.0,30.75,3.339,3.325,0.7863852662470227,True,5,134803
12,10,2016-02-19T11:07:47,6,-32.563835144043,-50.366813659668,-17.802978515625,91.0,30.75,3.34,3.327,0.7302148900865264,True,5,134803
12,10,2016-02-19T11:07:47,7,-32.563835144043,-50.366813659668,-17.802978515625,91.0,30.75,3.335,3.324,0.6178741377655338,True,5,134803
12,10,2016-02-19T11:07:47,8,-32.563835144043,-50.366813659668,-17.802978515625,91.0,30.75,3.238,3.171,3.7634152027536745,True,5,134803
12,10,2016-02-19T14:54:33,1,-5.39644432067871,-50.0229225158691,-44.62647819519039,92.9,33.75,3.362,3.336,0.5826137542442771,True,5,134804
12,10,2016-02-19T14:54:33,2,-5.39644432067871,-50.0229225158691,-44.62647819519039,92.9,33.75,3.362,3.336,0.5826137542442771,True,5,134804
12,10,2016-02-19T14:54:33,3,-5.39644432067871,-50.0229225158691,-44.62647819519039,92.9,33.75,3.362,3.337,0.5602055329271823,True,5,134804
12,10,2016-02-19T14:54:33,4,-5.39644432067871,-50.0229225158691,-44.62647819519039,92.9,33.75,3.36,3.336,0.5377973116100975,True,5,134804
12,10,2016-02-19T14:54:33,5,-5.39644432067871,-50.0229225158691,-44.62647819519039,92.9,33.75,3.359,3.335,0.5377973116100975,True,5,134804
12,10,2016-02-19T14:54:33,6,-5.39644432067871,-50.0229225158691,-44.62647819519039,92.9,33.75,3.358,3.336,0.49298086897592763,True,5,134804
12,10,2016-02-19T14:54:33,7,-5.39644432067871,-50.0229225158691,-44.62647819519039,92.9,33.75,3.356,3.331,0.5602055329271823,True,5,134804
12,10,2016-02-19T14:54:33,8,-5.39644432067871,-50.0229225158691,-44.62647819519039,92.9,33.75,3.319,3.214,2.3528632382941734,True,5,134804
12,10,2016-02-19T15:11:11,1,-24.6278915405273,-41.1611137390137,-16.5332221984864,89.0,31.75,3.34,3.328,0.725811330419221,True,6,134805
12,10,2016-02-19T15:11:11,2,-24.6278915405273,-41.1611137390137,-16.5332221984864,89.0,31.75,3.34,3.328,0.725811330419221,True,6,134805
12,10,2016-02-19T15:11:11,3,-24.6278915405273,-41.1611137390137,-16.5332221984864,89.0,31.75,3.341,3.33,0.6653270528842926,True,6,134805
12,10,2016-02-19T15:11:11,4,-24.6278915405273,-41.1611137390137,-16.5332221984864,89.0,31.75,3.339,3.328,0.6653270528842926,True,6,134805
12,10,2016-02-19T15:11:11,5,-24.6278915405273,-41.1611137390137,-16.5332221984864,89.0,31.75,3.337,3.326,0.6653270528842926,True,6,134805
12,10,2016-02-19T15:11:11,6,-24.6278915405273,-41.1611137390137,-16.5332221984864,89.0,31.75,3.339,3.328,0.6653270528842926,True,6,134805
12,10,2016-02-19T15:11:11,7,-24.6278915405273,-41.1611137390137,-16.5332221984864,89.0,31.75,3.335,3.326,0.544358497814409,True,6,134805
12,10,2016-02-19T15:11:11,8,-24.6278915405273,-41.1611137390137,-16.5332221984864,89.0,31.75,3.274,3.231,2.6008239340022152,True,6,134805
12,10,2016-02-19T19:07:47,1,-0.846501052379608,-31.4528045654297,-30.606303513050094,91.8,25.5,3.318,3.305,0.42474910419864603,True,5,134806
12,10,2016-02-19T19:07:47,2,-0.846501052379608,-31.4528045654297,-30.606303513050094,91.8,25.5,3.32,3.306,0.45742211221392315,True,5,134806
12,10,2016-02-19T19:07:47,3,-0.846501052379608,-31.4528045654297,-30.606303513050094,91.8,25.5,3.322,3.309,0.42474910419864603,True,5,134806
12,10,2016-02-19T19:07:47,4,-0.846501052379608,-31.4528045654297,-30.606303513050094,91.8,25.5,3.318,3.306,0.3920760961833689,True,5,134806
12,10,2016-02-19T19:07:47,5,-0.846501052379608,-31.4528045654297,-30.606303513050094,91.8,25.5,3.318,3.306,0.3920760961833689,True,5,134806
12,10,2016-02-19T19:07:47,6,-0.846501052379608,-31.4528045654297,-30.606303513050094,91.8,25.5,3.32,3.308,0.3920760961833689,True,5,134806
12,10,2016-02-19T19:07:47,7,-0.846501052379608,-31.4528045654297,-30.606303513050094,91.8,25.5,3.317,3.305,0.3920760961833689,True,5,134806
12,10,2016-02-19T19:07:47,8,-0.846501052379608,-31.4528045654297,-30.606303513050094,91.8,25.5,3.311,3.27,1.339593328626507,True,5,134806
12,10,2016-02-19T21:29:29,1,-0.872954249382019,-70.3918533325195,-69.51889908313748,93.7,25.25,3.321,3.287,0.48907563911994256,True,6,134807
12,10,2016-02-19T21:29:29,2,-0.872954249382019,-70.3918533325195,-69.51889908313748,93.7,25.25,3.321,3.286,0.5034602167411156,True,6,134807
12,10,2016-02-19T21:29:29,3,-0.872954249382019,-70.3918533325195,-69.51889908313748,93.7,25.25,3.325,3.291,0.48907563911994256,True,6,134807
12,10,2016-02-19T21:29:29,4,-0.872954249382019,-70.3918533325195,-69.51889908313748,93.7,25.25,3.319,3.289,0.4315373286352374,True,6,134807
12,10,2016-02-19T21:29:29,5,-0.872954249382019,-70.3918533325195,-69.51889908313748,93.7,25.25,3.318,3.287,0.44592190625641687,True,6,134807
12,10,2016-02-19T21:29:29,6,-0.872954249382019,-70.3918533325195,-69.51889908313748,93.7,25.25,3.321,3.291,0.4315373286352438,True,6,134807
12,10,2016-02-19T21:29:29,7,-0.872954249382019,-70.3918533325195,-69.51889908313748,93.7,25.25,3.319,3.288,0.44592190625641687,True,6,134807
12,10,2016-02-19T21:29:29,8,-0.872954249382019,-70.3918533325195,-69.51889908313748,93.7,25.25,3.317,3.244,1.0500741663457505,True,6,134807
12,10,2016-02-20T07:58:32,1,-17.0887413024902,-30.3682270050049,-13.279485702514702,89.1,21.75,3.256,3.252,0.30121648455425754,True,5,134810
12,10,2016-02-20T07:58:32,2,-17.0887413024902,-30.3682270050049,-13.279485702514702,89.1,21.75,3.251,3.245,0.4518247268313696,True,5,134810
12,10,2016-02-20T07:58:32,3,-17.0887413024902,-30.3682270050049,-13.279485702514702,89.1,21.75,3.263,3.26,0.2259123634157015,True,5,134810
12,10,2016-02-20T07:58:32,4,-17.0887413024902,-30.3682270050049,-13.279485702514702,89.1,21.75,3.254,3.25,0.30121648455425754,True,5,134810
12,10,2016-02-20T07:58:32,5,-17.0887413024902,-30.3682270050049,-13.279485702514702,89.1,21.75,3.252,3.246,0.4518247268313696,True,5,134810
12,10,2016-02-20T07:58:32,6,-17.0887413024902,-30.3682270050049,-13.279485702514702,89.1,21.75,3.261,3.257,0.30121648455425754,True,5,134810
12,10,2016-02-20T07:58:32,7,-17.0887413024902,-30.3682270050049,-13.279485702514702,89.1,21.75,3.257,3.253,0.30121648455425754,True,5,134810
12,10,2016-02-20T07:58:32,8,-17.0887413024902,-30.3682270050049,-13.279485702514702,89.1,21.75,3.237,3.227,0.7530412113856606,True,5,134810
12,10,2016-02-20T09:01:06,1,-5.26417827606201,-101.831436157227,-96.56725788116499,86.1,22.0,3.323,3.274,0.5074183638961665,True,5,134811
12,10,2016-02-20T09:01:06,2,-5.26417827606201,-101.831436157227,-96.56725788116499,86.1,22.0,3.323,3.27,0.5488402711529965,True,5,134811
12,10,2016-02-20T09:01:06,3,-5.26417827606201,-101.831436157227,-96.56725788116499,86.1,22.0,3.325,3.275,0.5177738407103776,True,5,134811
12,10,2016-02-20T09:01:06,4,-5.26417827606201,-101.831436157227,-96.56725788116499,86.1,22.0,3.321,3.274,0.4867074102677538,True,5,134811
12,10,2016-02-20T09:01:06,5,-5.26417827606201,-101.831436157227,-96.56725788116499,86.1,22.0,3.32,3.272,0.4970628870819601,True,5,134811
12,10,2016-02-20T09:01:06,6,-5.26417827606201,-101.831436157227,-96.56725788116499,86.1,22.0,3.322,3.273,0.5074183638961665,True,5,134811
12,10,2016-02-20T09:01:06,7,-5.26417827606201,-101.831436157227,-96.56725788116499,86.1,22.0,3.32,3.271,0.5074183638961665,True,5,134811
12,10,2016-02-20T09:01:06,8,-5.26417827606201,-101.831436157227,-96.56725788116499,86.1,22.0,3.314,3.231,0.8595045755792239,True,5,134811
12,10,2016-02-20T12:00:00,1,-0.555516362190247,-149.597732543945,-149.04221618175475,92.4,26.5,3.318,3.235,0.5568891964058219,True,1,134812
12,10,2016-02-20T12:00:00,2,-0.555516362190247,-149.597732543945,-149.04221618175475,92.4,26.5,3.316,3.228,0.590436738357976,True,1,134812
12,10,2016-02-20T12:00:00,3,-0.555516362190247,-149.597732543945,-149.04221618175475,92.4,26.5,3.321,3.239,0.550179688015391,True,1,134812
12,10,2016-02-20T12:00:00,4,-0.555516362190247,-149.597732543945,-149.04221618175475,92.4,26.5,3.315,3.236,0.5300511628440926,True,1,134812
12,10,2016-02-20T12:00:00,5,-0.555516362190247,-149.597732543945,-149.04221618175475,92.4,26.5,3.313,3.231,0.550179688015391,True,1,134812
12,10,2016-02-20T12:00:00,6,-0.555516362190247,-149.597732543945,-149.04221618175475,92.4,26.5,3.318,3.237,0.5434701796249573,True,1,134812
12,10,2016-02-20T12:00:00,7,-0.555516362190247,-149.597732543945,-149.04221618175475,92.4,26.5,3.315,3.235,0.5367606712345263,True,1,134812
12,10,2016-02-20T12:00:00,8,-0.555516362190247,-149.597732543945,-149.04221618175475,92.4,26.5,3.309,3.182,0.8521075655848114,True,1,134812
12,10,2016-02-20T16:53:53,1,-0.740688443183899,-23.7549362182617,-23.014247775077802,88.8,33.75,3.284,3.281,0.13035403239415796,True,6,134813
12,10,2016-02-20T16:53:53,2,-0.740688443183899,-23.7549362182617,-23.014247775077802,88.8,33.75,3.28,3.276,0.17380537652556324,True,6,134813
12,10,2016-02-20T16:53:53,3,-0.740688443183899,-23.7549362182617,-23.014247775077802,88.8,33.75,3.292,3.289,0.13035403239415796,True,6,134813
12,10,2016-02-20T16:53:53,4,-0.740688443183899,-23.7549362182617,-23.014247775077802,88.8,33.75,3.281,3.278,0.13035403239417725,True,6,134813
12,10,2016-02-20T16:53:53,5,-0.740688443183899,-23.7549362182617,-23.014247775077802,88.8,33.75,3.278,3.274,0.17380537652556324,True,6,134813
12,10,2016-02-20T16:53:53,6,-0.740688443183899,-23.7549362182617,-23.014247775077802,88.8,33.75,3.288,3.285,0.13035403239415796,True,6,134813
12,10,2016-02-20T16:53:53,7,-0.740688443183899,-23.7549362182617,-23.014247775077802,88.8,33.75,3.286,3.283,0.13035403239417725,True,6,134813
12,10,2016-02-20T16:53:53,8,-0.740688443183899,-23.7549362182617,-23.014247775077802,88.8,33.75,3.273,3.263,0.4345134413139177,True,6,134813
12,10,2016-02-20T20:43:58,1,-10.3167314529419,-31.9818687438965,-21.665137290954597,92.4,30.0,3.301,3.293,0.3692568338046066,True,5,134814
12,10,2016-02-20T20:43:58,2,-10.3167314529419,-31.9818687438965,-21.665137290954597,92.4,30.0,3.301,3.292,0.4154139380301978,True,5,134814
12,10,2016-02-20T20:43:58,3,-10.3167314529419,-31.9818687438965,-21.665137290954597,92.4,30.0,3.304,3.297,0.32309972957901545,True,5,134814
12,10,2016-02-20T20:43:58,4,-10.3167314529419,-31.9818687438965,-21.665137290954597,92.4,30.0,3.3,3.293,0.32309972957901545,True,5,134814
12,10,2016-02-20T20:43:58,5,-10.3167314529419,-31.9818687438965,-21.665137290954597,92.4,30.0,3.299,3.292,0.32309972957903593,True,5,134814
12,10,2016-02-20T20:43:58,6,-10.3167314529419,-31.9818687438965,-21.665137290954597,92.4,30.0,3.302,3.294,0.3692568338046066,True,5,134814
12,10,2016-02-20T20:43:58,7,-10.3167314529419,-31.9818687438965,-21.665137290954597,92.4,30.0,3.3,3.292,0.3692568338046066,True,5,134814
12,10,2016-02-20T20:43:58,8,-10.3167314529419,-31.9818687438965,-21.665137290954597,92.4,30.0,3.288,3.27,0.8308278760603547,True,5,134814
12,10,2016-02-20T21:05:10,1,-0.793594777584076,-67.6407241821289,-66.84712940454483,90.6,29.25,3.329,3.303,0.3889471430052544,True,5,134815
12,10,2016-02-20T21:05:10,2,-0.793594777584076,-67.6407241821289,-66.84712940454483,90.6,29.25,3.33,3.302,0.418866154005655,True,5,134815
12,10,2016-02-20T21:05:10,3,-0.793594777584076,-67.6407241821289,-66.84712940454483,90.6,29.25,3.331,3.304,0.4039066485054547,True,5,134815
12,10,2016-02-20T21:05:10,4,-0.793594777584076,-67.6407241821289,-66.84712940454483,90.6,29.25,3.327,3.303,0.3590281320048472,True,5,134815
12,10,2016-02-20T21:05:10,5,-0.793594777584076,-67.6407241821289,-66.84712940454483,90.6,29.25,3.326,3.301,0.37398763750504743,True,5,134815
12,10,2016-02-20T21:05:10,6,-0.793594777584076,-67.6407241821289,-66.84712940454483,90.6,29.25,3.328,3.302,0.3889471430052478,True,5,134815
12,10,2016-02-20T21:05:10,7,-0.793594777584076,-67.6407241821289,-66.84712940454483,90.6,29.25,3.326,3.299,0.4039066485054547,True,5,134815
12,10,2016-02-20T21:05:10,8,-0.793594777584076,-67.6407241821289,-66.84712940454483,90.6,29.25,3.324,3.261,0.9424488465127188,True,5,134815
12,10,2016-02-21T00:08:38,1,-0.714235246181488,-51.0281410217285,-50.31390577554701,91.0,31.0,3.334,3.315,0.37762920026046337,True,5,134816
12,10,2016-02-21T00:08:38,2,-0.714235246181488,-51.0281410217285,-50.31390577554701,91.0,31.0,3.335,3.315,0.3975044213268012,True,5,134816
12,10,2016-02-21T00:08:38,3,-0.714235246181488,-51.0281410217285,-50.31390577554701,91.0,31.0,3.336,3.317,0.37762920026045455,True,5,134816
12,10,2016-02-21T00:08:38,4,-0.714235246181488,-51.0281410217285,-50.31390577554701,91.0,31.0,3.332,3.314,0.35775397919411667,True,5,134816
12,10,2016-02-21T00:08:38,5,-0.714235246181488,-51.0281410217285,-50.31390577554701,91.0,31.0,3.332,3.313,0.37762920026045455,True,5,134816
12,10,2016-02-21T00:08:38,6,-0.714235246181488,-51.0281410217285,-50.31390577554701,91.0,31.0,3.334,3.314,0.3975044213268012,True,5,134816
12,10,2016-02-21T00:08:38,7,-0.714235246181488,-51.0281410217285,-50.31390577554701,91.0,31.0,3.329,3.312,0.33787875812778767,True,5,134816
12,10,2016-02-21T00:08:38,8,-0.714235246181488,-51.0281410217285,-50.31390577554701,91.0,31.0,3.33,3.297,0.6558822951892198,True,5,134816
12,10,2016-02-21T07:35:19,1,-0.740688443183899,-20.9509029388428,-20.2102144956589,93.8,24.0,3.323,3.315,0.3958394405818101,True,5,134818
12,10,2016-02-21T07:35:19,2,-0.740688443183899,-20.9509029388428,-20.2102144956589,93.8,24.0,3.324,3.315,0.44531937065453087,True,5,134818
12,10,2016-02-21T07:35:19,3,-0.740688443183899,-20.9509029388428,-20.2102144956589,93.8,24.0,3.327,3.318,0.44531937065453087,True,5,134818
12,10,2016-02-21T07:35:19,4,-0.740688443183899,-20.9509029388428,-20.2102144956589,93.8,24.0,3.322,3.315,0.3463595105090893,True,5,134818
12,10,2016-02-21T07:35:19,5,-0.740688443183899,-20.9509029388428,-20.2102144956589,93.8,24.0,3.321,3.314,0.3463595105090893,True,5,134818
12,10,2016-02-21T07:35:19,6,-0.740688443183899,-20.9509029388428,-20.2102144956589,93.8,24.0,3.324,3.316,0.3958394405818101,True,5,134818
12,10,2016-02-21T07:35:19,7,-0.740688443183899,-20.9509029388428,-20.2102144956589,93.8,24.0,3.32,3.312,0.3958394405818101,True,5,134818
12,10,2016-02-21T07:35:19,8,-0.740688443183899,-20.9509029388428,-20.2102144956589,93.8,24.0,3.318,3.303,0.7421989510908993,True,5,134818
12,10,2016-02-21T09:10:30,1,-0.714235246181488,-66.4767913818359,-65.7625561356544,88.9,28.25,3.344,3.314,0.4561866472786744,True,5,134819
12,10,2016-02-21T09:10:30,2,-0.714235246181488,-66.4767913818359,-65.7625561356544,88.9,28.25,3.345,3.313,0.4865990904305897,True,5,134819
12,10,2016-02-21T09:10:30,3,-0.714235246181488,-66.4767913818359,-65.7625561356544,88.9,28.25,3.344,3.313,0.47139286885462867,True,5,134819
12,10,2016-02-21T09:10:30,4,-0.714235246181488,-66.4767913818359,-65.7625561356544,88.9,28.25,3.342,3.313,0.44098042570272017,True,5,134819
12,10,2016-02-21T09:10:30,5,-0.714235246181488,-66.4767913818359,-65.7625561356544,88.9,28.25,3.341,3.313,0.425774204126766,True,5,134819
12,10,2016-02-21T09:10:30,6,-0.714235246181488,-66.4767913818359,-65.7625561356544,88.9,28.25,3.341,3.312,0.440980425702727,True,5,134819
12,10,2016-02-21T09:10:30,7,-0.714235246181488,-66.4767913818359,-65.7625561356544,88.9,28.25,3.338,3.31,0.425774204126766,True,5,134819
12,10,2016-02-21T09:10:30,8,-0.714235246181488,-66.4767913818359,-65.7625561356544,88.9,28.25,3.341,3.285,0.851548408253532,True,5,134819
12,10,2016-02-21T12:09:54,1,-0.714235246181488,-20.289571762085,-19.575336515903512,88.3,32.5,3.345,3.339,0.3065081407477042,True,5,134820
12,10,2016-02-21T12:09:54,2,-0.714235246181488,-20.289571762085,-19.575336515903512,88.3,32.5,3.348,3.339,0.4597622111215336,True,5,134820
12,10,2016-02-21T12:09:54,3,-0.714235246181488,-20.289571762085,-19.575336515903512,88.3,32.5,3.347,3.339,0.4086775209969238,True,5,134820
12,10,2016-02-21T12:09:54,4,-0.714235246181488,-20.289571762085,-19.575336515903512,88.3,32.5,3.344,3.337,0.3575928308722913,True,5,134820
12,10,2016-02-21T12:09:54,5,-0.714235246181488,-20.289571762085,-19.575336515903512,88.3,32.5,3.344,3.337,0.3575928308722913,True,5,134820
12,10,2016-02-21T12:09:54,6,-0.714235246181488,-20.289571762085,-19.575336515903512,88.3,32.5,3.343,3.336,0.357592830872314,True,5,134820
12,10,2016-02-21T12:09:54,7,-0.714235246181488,-20.289571762085,-19.575336515903512,88.3,32.5,3.34,3.333,0.3575928308722913,True,5,134820
12,10,2016-02-21T12:09:54,8,-0.714235246181488,-20.289571762085,-19.575336515903512,88.3,32.5,3.343,3.329,0.7151856617446053,True,5,134820
12,10,2016-02-21T15:07:27,1,-0.714235246181488,-32.1405868530273,-31.426351606845813,85.5,33.5,3.329,3.318,0.3500247224881146,True,5,134821
12,10,2016-02-21T15:07:27,2,-0.714235246181488,-32.1405868530273,-31.426351606845813,85.5,33.5,3.329,3.317,0.38184515180521206,True,5,134821
12,10,2016-02-21T15:07:27,3,-0.714235246181488,-32.1405868530273,-31.426351606845813,85.5,33.5,3.33,3.319,0.3500247224881146,True,5,134821
12,10,2016-02-21T15:07:27,4,-0.714235246181488,-32.1405868530273,-31.426351606845813,85.5,33.5,3.326,3.315,0.3500247224881146,True,5,134821
12,10,2016-02-21T15:07:27,5,-0.714235246181488,-32.1405868530273,-31.426351606845813,85.5,33.5,3.325,3.314,0.3500247224881146,True,5,134821
12,10,2016-02-21T15:07:27,6,-0.714235246181488,-32.1405868530273,-31.426351606845813,85.5,33.5,3.327,3.316,0.3500247224881146,True,5,134821
12,10,2016-02-21T15:07:27,7,-0.714235246181488,-32.1405868530273,-31.426351606845813,85.5,33.5,3.326,3.315,0.3500247224881146,True,5,134821
12,10,2016-02-21T15:07:27,8,-0.714235246181488,-32.1405868530273,-31.426351606845813,85.5,33.5,3.324,3.3,0.7636903036104241,True,5,134821
12,10,2016-02-21T20:28:28,1,-5.92550754547119,-22.9877948760986,-17.062287330627413,91.1,30.25,3.277,3.274,0.17582636734847426,True,6,134822
12,10,2016-02-21T20:28:28,2,-5.92550754547119,-22.9877948760986,-17.062287330627413,91.1,30.25,3.274,3.269,0.29304394558077307,True,6,134822
12,10,2016-02-21T20:28:28,3,-5.92550754547119,-22.9877948760986,-17.062287330627413,91.1,30.25,3.285,3.283,0.11721757823232484,True,6,134822
12,10,2016-02-21T20:28:28,4,-5.92550754547119,-22.9877948760986,-17.062287330627413,91.1,30.25,3.276,3.273,0.17582636734844823,True,6,134822
12,10,2016-02-21T20:28:28,5,-5.92550754547119,-22.9877948760986,-17.062287330627413,91.1,30.25,3.274,3.271,0.17582636734847426,True,6,134822
12,10,2016-02-21T20:28:28,6,-5.92550754547119,-22.9877948760986,-17.062287330627413,91.1,30.25,3.283,3.28,0.17582636734847426,True,6,134822
12,10,2016-02-21T20:28:28,7,-5.92550754547119,-22.9877948760986,-17.062287330627413,91.1,30.25,3.279,3.277,0.11721757823229882,True,6,134822
12,10,2016-02-21T20:28:28,8,-5.92550754547119,-22.9877948760986,-17.062287330627413,91.1,30.25,3.265,3.25,0.8791318367423452,True,6,134822
12,10,2016-02-21T21:03:43,1,-0.740688443183899,-28.7016754150391,-27.960986971855203,90.8,29.75,3.34,3.328,0.4291693999242193,True,5,134823
12,10,2016-02-21T21:03:43,2,-0.740688443183899,-28.7016754150391,-27.960986971855203,90.8,29.75,3.342,3.328,0.5006976332449304,True,5,134823
12,10,2016-02-21T21:03:43,3,-0.740688443183899,-28.7016754150391,-27.960986971855203,90.8,29.75,3.342,3.329,0.4649335165845669,True,5,134823
12,10,2016-02-21T21:03:43,4,-0.740688443183899,-28.7016754150391,-27.960986971855203,90.8,29.75,3.339,3.327,0.4291693999242193,True,5,134823
12,10,2016-02-21T21:03:43,5,-0.740688443183899,-28.7016754150391,-27.960986971855203,90.8,29.75,3.338,3.326,0.4291693999242193,True,5,134823
12,10,2016-02-21T21:03:43,6,-0.740688443183899,-28.7016754150391,-27.960986971855203,90.8,29.75,3.339,3.327,0.4291693999242193,True,5,134823
12,10,2016-02-21T21:03:43,7,-0.740688443183899,-28.7016754150391,-27.960986971855203,90.8,29.75,3.335,3.324,0.39340528326387164,True,5,134823
12,10,2016-02-21T21:03:43,8,-0.740688443183899,-28.7016754150391,-27.960986971855203,90.8,29.75,3.337,3.31,0.9656311498294974,True,5,134823
12,10,2016-02-22T00:51:00,1,-11.8510150909424,-43.8064308166504,-31.955415725707997,91.1,30.5,3.281,3.272,0.2816424006889035,True,5,134824
12,10,2016-02-22T00:51:00,2,-11.8510150909424,-43.8064308166504,-31.955415725707997,91.1,30.5,3.277,3.267,0.31293600076544376,True,5,134824
12,10,2016-02-22T00:51:00,3,-11.8510150909424,-43.8064308166504,-31.955415725707997,91.1,30.5,3.288,3.28,0.25034880061234943,True,5,134824
12,10,2016-02-22T00:51:00,4,-11.8510150909424,-43.8064308166504,-31.955415725707997,91.1,30.5,3.279,3.27,0.2816424006888896,True,5,134824
12,10,2016-02-22T00:51:00,5,-11.8510150909424,-43.8064308166504,-31.955415725707997,91.1,30.5,3.276,3.267,0.2816424006888896,True,5,134824
12,10,2016-02-22T00:51:00,6,-11.8510150909424,-43.8064308166504,-31.955415725707997,91.1,30.5,3.285,3.277,0.25034880061234943,True,5,134824
12,10,2016-02-22T00:51:00,7,-11.8510150909424,-43.8064308166504,-31.955415725707997,91.1,30.5,3.282,3.274,0.25034880061234943,True,5,134824
12,10,2016-02-22T00:51:00,8,-11.8510150909424,-43.8064308166504,-31.955415725707997,91.1,30.5,3.268,3.246,0.688459201683954,True,5,134824
12,10,2016-02-22T04:35:14,1,-0.740688443183899,-28.01389503479,-27.2732065916061,88.3,30.25,3.336,3.325,0.40332624486426016,True,5,134825
12,10,2016-02-22T04:35:14,2,-0.740688443183899,-28.01389503479,-27.2732065916061,88.3,30.25,3.336,3.324,0.4399922671246608,True,5,134825
12,10,2016-02-22T04:35:14,3,-0.740688443183899,-28.01389503479,-27.2732065916061,88.3,30.25,3.336,3.325,0.40332624486426016,True,5,134825
12,10,2016-02-22T04:35:14,4,-0.740688443183899,-28.01389503479,-27.2732065916061,88.3,30.25,3.333,3.322,0.40332624486427643,True,5,134825
12,10,2016-02-22T04:35:14,5,-0.740688443183899,-28.01389503479,-27.2732065916061,88.3,30.25,3.332,3.322,0.3666602226038759,True,5,134825
12,10,2016-02-22T04:35:14,6,-0.740688443183899,-28.01389503479,-27.2732065916061,88.3,30.25,3.333,3.322,0.40332624486427643,True,5,134825
12,10,2016-02-22T04:35:14,7,-0.740688443183899,-28.01389503479,-27.2732065916061,88.3,30.25,3.329,3.32,0.3299942003435078,True,5,134825
12,10,2016-02-22T04:35:14,8,-0.740688443183899,-28.01389503479,-27.2732065916061,88.3,30.25,3.331,3.307,0.8799845342493215,True,5,134825
12,10,2016-02-22T08:09:19,1,-0.581969499588013,-19.6546955108643,-19.072726011276288,90.7,28.75,3.297,3.291,0.3145853401581333,True,5,134826
12,10,2016-02-22T08:09:19,2,-0.581969499588013,-19.6546955108643,-19.072726011276288,90.7,28.75,3.292,3.286,0.31458534015811,True,5,134826
12,10,2016-02-22T08:09:19,3,-0.581969499588013,-19.6546955108643,-19.072726011276288,90.7,28.75,3.303,3.297,0.31458534015811,True,5,134826
12,10,2016-02-22T08:09:19,4,-0.581969499588013,-19.6546955108643,-19.072726011276288,90.7,28.75,3.293,3.288,0.26215445013178545,True,5,134826
12,10,2016-02-22T08:09:19,5,-0.581969499588013,-19.6546955108643,-19.072726011276288,90.7,28.75,3.29,3.285,0.26215445013176225,True,5,134826
12,10,2016-02-22T08:09:19,6,-0.581969499588013,-19.6546955108643,-19.072726011276288,90.7,28.75,3.299,3.293,0.31458534015811,True,5,134826
12,10,2016-02-22T08:09:19,7,-0.581969499588013,-19.6546955108643,-19.072726011276288,90.7,28.75,3.297,3.291,0.3145853401581333,True,5,134826
12,10,2016-02-22T08:09:19,8,-0.581969499588013,-19.6546955108643,-19.072726011276288,90.7,28.75,3.285,3.269,0.8388942404216577,True,5,134826
12,10,2016-02-22T09:05:10,1,-6.08422660827637,-98.4195556640625,-92.33532905578613,85.6,27.0,3.326,3.286,0.43320363298682,True,5,134827
12,10,2016-02-22T09:05:10,2,-6.08422660827637,-98.4195556640625,-92.33532905578613,85.6,27.0,3.326,3.283,0.4656939054608327,True,5,134827
12,10,2016-02-22T09:05:10,3,-6.08422660827637,-98.4195556640625,-92.33532905578613,85.6,27.0,3.328,3.287,0.44403372381148937,True,5,134827
12,10,2016-02-22T09:05:10,4,-6.08422660827637,-98.4195556640625,-92.33532905578613,85.6,27.0,3.324,3.286,0.4115434513374766,True,5,134827
12,10,2016-02-22T09:05:10,5,-6.08422660827637,-98.4195556640625,-92.33532905578613,85.6,27.0,3.323,3.285,0.4115434513374766,True,5,134827
12,10,2016-02-22T09:05:10,6,-6.08422660827637,-98.4195556640625,-92.33532905578613,85.6,27.0,3.324,3.285,0.42237354216214595,True,5,134827
12,10,2016-02-22T09:05:10,7,-6.08422660827637,-98.4195556640625,-92.33532905578613,85.6,27.0,3.323,3.283,0.43320363298682,True,5,134827
12,10,2016-02-22T09:05:10,8,-6.08422660827637,-98.4195556640625,-92.33532905578613,85.6,27.0,3.317,3.227,0.9747081742203475,True,5,134827
12,10,2016-02-22T12:12:17,1,-0.846501052379608,-35.4736862182617,-34.62718516588209,88.3,32.25,3.283,3.274,0.259911394959921,True,5,134828
12,10,2016-02-22T12:12:17,2,-0.846501052379608,-35.4736862182617,-34.62718516588209,88.3,32.25,3.278,3.267,0.31766948272879947,True,5,134828
12,10,2016-02-22T12:12:17,3,-0.846501052379608,-35.4736862182617,-34.62718516588209,88.3,32.25,3.291,3.281,0.2887904388443538,True,5,134828
12,10,2016-02-22T12:12:17,4,-0.846501052379608,-35.4736862182617,-34.62718516588209,88.3,32.25,3.279,3.27,0.259911394959921,True,5,134828
12,10,2016-02-22T12:12:17,5,-0.846501052379608,-35.4736862182617,-34.62718516588209,88.3,32.25,3.276,3.267,0.259911394959921,True,5,134828
12,10,2016-02-22T12:12:17,6,-0.846501052379608,-35.4736862182617,-34.62718516588209,88.3,32.25,3.287,3.278,0.259911394959921,True,5,134828
12,10,2016-02-22T12:12:17,7,-0.846501052379608,-35.4736862182617,-34.62718516588209,88.3,32.25,3.285,3.276,0.2599113949599338,True,5,134828
12,10,2016-02-22T12:12:17,8,-0.846501052379608,-35.4736862182617,-34.62718516588209,88.3,32.25,3.273,3.247,0.7508551409953429,True,5,134828
12,10,2016-02-22T17:12:06,1,-0.608422636985779,-18.173318862915,-17.56489622592922,87.8,36.75,3.288,3.284,0.22772693607464764,True,5,134829
12,10,2016-02-22T17:12:06,2,-0.608422636985779,-18.173318862915,-17.56489622592922,87.8,36.75,3.283,3.278,0.28465867009330326,True,5,134829
12,10,2016-02-22T17:12:06,3,-0.608422636985779,-18.173318862915,-17.56489622592922,87.8,36.75,3.296,3.291,0.28465867009330326,True,5,134829
12,10,2016-02-22T17:12:06,4,-0.608422636985779,-18.173318862915,-17.56489622592922,87.8,36.75,3.284,3.28,0.22772693607464764,True,5,134829
12,10,2016-02-22T17:12:06,5,-0.608422636985779,-18.173318862915,-17.56489622592922,87.8,36.75,3.281,3.277,0.22772693607464764,True,5,134829
12,10,2016-02-22T17:12:06,6,-0.608422636985779,-18.173318862915,-17.56489622592922,87.8,36.75,3.293,3.288,0.2846586700933285,True,5,134829
12,10,2016-02-22T17:12:06,7,-0.608422636985779,-18.173318862915,-17.56489622592922,87.8,36.75,3.291,3.286,0.28465867009330326,True,5,134829
12,10,2016-02-22T17:12:06,8,-0.608422636985779,-18.173318862915,-17.56489622592922,87.8,36.75,3.28,3.261,1.0817029463545573,True,5,134829
12,10,2016-02-22T21:03:18,1,-16.8242092132568,-43.3567276000977,-26.5325183868409,87.4,33.75,3.266,3.261,0.18844799905913567,True,5,134831
12,10,2016-02-22T21:03:18,2,-16.8242092132568,-43.3567276000977,-26.5325183868409,87.4,33.75,3.261,3.255,0.2261375988709762,True,5,134831
12,10,2016-02-22T21:03:18,3,-16.8242092132568,-43.3567276000977,-26.5325183868409,87.4,33.75,3.273,3.269,0.15075839924731188,True,5,134831
12,10,2016-02-22T21:03:18,4,-16.8242092132568,-43.3567276000977,-26.5325183868409,87.4,33.75,3.264,3.259,0.18844799905913567,True,5,134831
12,10,2016-02-22T21:03:18,5,-16.8242092132568,-43.3567276000977,-26.5325183868409,87.4,33.75,3.262,3.257,0.18844799905913567,True,5,134831
12,10,2016-02-22T21:03:18,6,-16.8242092132568,-43.3567276000977,-26.5325183868409,87.4,33.75,3.271,3.267,0.15075839924731188,True,5,134831
12,10,2016-02-22T21:03:18,7,-16.8242092132568,-43.3567276000977,-26.5325183868409,87.4,33.75,3.267,3.264,0.1130687994354881,True,5,134831
12,10,2016-02-22T21:03:18,8,-16.8242092132568,-43.3567276000977,-26.5325183868409,87.4,33.75,3.247,3.224,0.8668607956720308,True,5,134831
12,10,2016-02-23T00:08:23,1,-0.714235246181488,-24.8659687042236,-24.151733458042113,93.7,31.5,3.325,3.317,0.3312391640085836,True,5,134832
12,10,2016-02-23T00:08:23,2,-0.714235246181488,-24.8659687042236,-24.151733458042113,93.7,31.5,3.325,3.316,0.37264405950967033,True,5,134832
12,10,2016-02-23T00:08:23,3,-0.714235246181488,-24.8659687042236,-24.151733458042113,93.7,31.5,3.329,3.32,0.37264405950967033,True,5,134832
12,10,2016-02-23T00:08:23,4,-0.714235246181488,-24.8659687042236,-24.151733458042113,93.7,31.5,3.322,3.315,0.28983426850751526,True,5,134832
12,10,2016-02-23T00:08:23,5,-0.714235246181488,-24.8659687042236,-24.151733458042113,93.7,31.5,3.322,3.315,0.28983426850751526,True,5,134832
12,10,2016-02-23T00:08:23,6,-0.714235246181488,-24.8659687042236,-24.151733458042113,93.7,31.5,3.325,3.317,0.3312391640085836,True,5,134832
12,10,2016-02-23T00:08:23,7,-0.714235246181488,-24.8659687042236,-24.151733458042113,93.7,31.5,3.323,3.315,0.3312391640085836,True,5,134832
12,10,2016-02-23T00:08:23,8,-0.714235246181488,-24.8659687042236,-24.151733458042113,93.7,31.5,3.319,3.299,0.8280979100214589,True,5,134832
12,10,2016-02-23T07:51:00,1,-8.12111949920654,-94.745231628418,-86.62411212921145,93.9,22.5,3.32,3.277,0.4963975842645227,True,5,134834
12,10,2016-02-23T07:51:00,2,-8.12111949920654,-94.745231628418,-86.62411212921145,93.9,22.5,3.321,3.275,0.5310299738643798,True,5,134834
12,10,2016-02-23T07:51:00,3,-8.12111949920654,-94.745231628418,-86.62411212921145,93.9,22.5,3.324,3.282,0.4848534543979071,True,5,134834
12,10,2016-02-23T07:51:00,4,-8.12111949920654,-94.745231628418,-86.62411212921145,93.9,22.5,3.32,3.281,0.4502210647980551,True,5,134834
12,10,2016-02-23T07:51:00,5,-8.12111949920654,-94.745231628418,-86.62411212921145,93.9,22.5,3.318,3.279,0.45022106479806023,True,5,134834
12,10,2016-02-23T07:51:00,6,-8.12111949920654,-94.745231628418,-86.62411212921145,93.9,22.5,3.321,3.281,0.46176519466467586,True,5,134834
12,10,2016-02-23T07:51:00,7,-8.12111949920654,-94.745231628418,-86.62411212921145,93.9,22.5,3.318,3.277,0.4733093245312915,True,5,134834
12,10,2016-02-23T07:51:00,8,-8.12111949920654,-94.745231628418,-86.62411212921145,93.9,22.5,3.311,3.218,1.0736040775953701,True,5,134834
12,10,2016-02-23T09:18:12,1,-1.98398697376251,-31.9289627075195,-29.94497573375699,92.6,28.5,3.305,3.293,0.4007350049869101,True,5,134835
12,10,2016-02-23T09:18:12,2,-1.98398697376251,-31.9289627075195,-29.94497573375699,92.6,28.5,3.301,3.289,0.4007350049869101,True,5,134835
12,10,2016-02-23T09:18:12,3,-1.98398697376251,-31.9289627075195,-29.94497573375699,92.6,28.5,3.311,3.299,0.4007350049869101,True,5,134835
12,10,2016-02-23T09:18:12,4,-1.98398697376251,-31.9289627075195,-29.94497573375699,92.6,28.5,3.303,3.292,0.3673404212380047,True,5,134835
12,10,2016-02-23T09:18:12,5,-1.98398697376251,-31.9289627075195,-29.94497573375699,92.6,28.5,3.299,3.288,0.3673404212380047,True,5,134835
12,10,2016-02-23T09:18:12,6,-1.98398697376251,-31.9289627075195,-29.94497573375699,92.6,28.5,3.309,3.296,0.43412958873583046,True,5,134835
12,10,2016-02-23T09:18:12,7,-1.98398697376251,-31.9289627075195,-29.94497573375699,92.6,28.5,3.305,3.293,0.4007350049869101,True,5,134835
12,10,2016-02-23T09:18:12,8,-1.98398697376251,-31.9289627075195,-29.94497573375699,92.6,28.5,3.295,3.266,0.9684429287183625,True,5,134835
12,10,2016-02-23T12:01:06,1,-0.76714164018631,-65.1276702880859,-64.36052864789959,92.7,26.75,3.322,3.294,0.43504925438355313,True,5,134836
12,10,2016-02-23T12:01:06,2,-0.76714164018631,-65.1276702880859,-64.36052864789959,92.7,26.75,3.322,3.293,0.45058672775439257,True,5,134836
12,10,2016-02-23T12:01:06,3,-0.76714164018631,-65.1276702880859,-64.36052864789959,92.7,26.75,3.326,3.297,0.45058672775439257,True,5,134836
12,10,2016-02-23T12:01:06,4,-0.76714164018631,-65.1276702880859,-64.36052864789959,92.7,26.75,3.32,3.295,0.3884368342710278,True,5,134836
12,10,2016-02-23T12:01:06,5,-0.76714164018631,-65.1276702880859,-64.36052864789959,92.7,26.75,3.319,3.293,0.4039743076418673,True,5,134836
12,10,2016-02-23T12:01:06,6,-0.76714164018631,-65.1276702880859,-64.36052864789959,92.7,26.75,3.323,3.295,0.43504925438355313,True,5,134836
12,10,2016-02-23T12:01:06,7,-0.76714164018631,-65.1276702880859,-64.36052864789959,92.7,26.75,3.32,3.293,0.4195117810127068,True,5,134836
12,10,2016-02-23T12:01:06,8,-0.76714164018631,-65.1276702880859,-64.36052864789959,92.7,26.75,3.317,3.255,0.9633233489921568,True,5,134836
12,10,2016-02-23T16:21:56,1,-14.2053461074829,-42.536678314209,-28.3313322067261,93.4,30.75,3.28,3.273,0.24707627403196428,True,5,134837
12,10,2016-02-23T16:21:56,2,-14.2053461074829,-42.536678314209,-28.3313322067261,93.4,30.75,3.276,3.267,0.31766949518396526,True,5,134837
12,10,2016-02-23T16:21:56,3,-14.2053461074829,-42.536678314209,-28.3313322067261,93.4,30.75,3.286,3.279,0.24707627403198,True,5,134837
12,10,2016-02-23T16:21:56,4,-14.2053461074829,-42.536678314209,-28.3313322067261,93.4,30.75,3.277,3.271,0.2117796634559873,True,5,134837
12,10,2016-02-23T16:21:56,5,-14.2053461074829,-42.536678314209,-28.3313322067261,93.4,30.75,3.275,3.268,0.24707627403198,True,5,134837
12,10,2016-02-23T16:21:56,6,-14.2053461074829,-42.536678314209,-28.3313322067261,93.4,30.75,3.282,3.277,0.17648305287997898,True,5,134837
12,10,2016-02-23T16:21:56,7,-14.2053461074829,-42.536678314209,-28.3313322067261,93.4,30.75,3.28,3.275,0.17648305287997898,True,5,134837
12,10,2016-02-23T16:21:56,8,-14.2053461074829,-42.536678314209,-28.3313322067261,93.4,30.75,3.266,3.244,0.7765254326719169,True,5,134837
12,10,2016-02-23T18:02:22,1,-0.820047914981842,-61.3448715209961,-60.52482360601426,92.4,24.0,3.329,3.295,0.561752979592686,True,5,134838
12,10,2016-02-23T18:02:22,2,-0.820047914981842,-61.3448715209961,-60.52482360601426,92.4,24.0,3.329,3.294,0.5782751260512925,True,5,134838
12,10,2016-02-23T18:02:22,3,-0.820047914981842,-61.3448715209961,-60.52482360601426,92.4,24.0,3.331,3.297,0.5617529795926788,True,5,134838
12,10,2016-02-23T18:02:22,4,-0.820047914981842,-61.3448715209961,-60.52482360601426,92.4,24.0,3.327,3.296,0.5121865402168593,True,5,134838
12,10,2016-02-23T18:02:22,5,-0.820047914981842,-61.3448715209961,-60.52482360601426,92.4,24.0,3.326,3.294,0.5287086866754658,True,5,134838
12,10,2016-02-23T18:02:22,6,-0.820047914981842,-61.3448715209961,-60.52482360601426,92.4,24.0,3.328,3.296,0.5287086866754658,True,5,134838
12,10,2016-02-23T18:02:22,7,-0.820047914981842,-61.3448715209961,-60.52482360601426,92.4,24.0,3.326,3.293,0.5452308331340722,True,5,134838
12,10,2016-02-23T18:02:22,8,-0.820047914981842,-61.3448715209961,-60.52482360601426,92.4,24.0,3.324,3.254,1.156550252102578,True,5,134838
12,10,2016-02-23T21:01:21,1,-43.2244606018066,-58.14404296875,-14.919582366943402,86.0,23.25,3.263,3.256,0.469182033909319,True,5,134839
12,10,2016-02-23T21:01:21,2,-43.2244606018066,-58.14404296875,-14.919582366943402,86.0,23.25,3.259,3.251,0.536208038753499,True,5,134839
12,10,2016-02-23T21:01:21,3,-43.2244606018066,-58.14404296875,-14.919582366943402,86.0,23.25,3.271,3.264,0.469182033909319,True,5,134839
12,10,2016-02-23T21:01:21,4,-43.2244606018066,-58.14404296875,-14.919582366943402,86.0,23.25,3.263,3.256,0.469182033909319,True,5,134839
12,10,2016-02-23T21:01:21,5,-43.2244606018066,-58.14404296875,-14.919582366943402,86.0,23.25,3.259,3.252,0.469182033909319,True,5,134839
12,10,2016-02-23T21:01:21,6,-43.2244606018066,-58.14404296875,-14.919582366943402,86.0,23.25,3.267,3.26,0.469182033909319,True,5,134839
12,10,2016-02-23T21:01:21,7,-43.2244606018066,-58.14404296875,-14.919582366943402,86.0,23.25,3.263,3.257,0.40215602906510933,True,5,134839
12,10,2016-02-23T21:01:21,8,-43.2244606018066,-58.14404296875,-14.919582366943402,86.0,23.25,3.233,3.219,0.938364067818638,True,5,134839
12,10,2016-02-24T01:33:43,1,-0.714235246181488,-42.7483024597168,-42.03406721353531,90.4,24.75,3.318,3.299,0.45201431266403774,True,5,134840
12,10,2016-02-24T01:33:43,2,-0.714235246181488,-42.7483024597168,-42.03406721353531,90.4,24.75,3.317,3.297,0.4758045396463528,True,5,134840
12,10,2016-02-24T01:33:43,3,-0.714235246181488,-42.7483024597168,-42.03406721353531,90.4,24.75,3.321,3.303,0.42822408568172277,True,5,134840
12,10,2016-02-24T01:33:43,4,-0.714235246181488,-42.7483024597168,-42.03406721353531,90.4,24.75,3.316,3.299,0.40443385869939724,True,5,134840
12,10,2016-02-24T01:33:43,5,-0.714235246181488,-42.7483024597168,-42.03406721353531,90.4,24.75,3.313,3.296,0.4044338586994078,True,5,134840
12,10,2016-02-24T01:33:43,6,-0.714235246181488,-42.7483024597168,-42.03406721353531,90.4,24.75,3.318,3.301,0.40443385869939724,True,5,134840
12,10,2016-02-24T01:33:43,7,-0.714235246181488,-42.7483024597168,-42.03406721353531,90.4,24.75,3.316,3.298,0.4282240856817122,True,5,134840
12,10,2016-02-24T01:33:43,8,-0.714235246181488,-42.7483024597168,-42.03406721353531,90.4,24.75,3.31,3.275,0.83265794438112,True,5,134840
12,10,2016-02-24T05:53:12,1,-0.687782108783722,-29.3365535736084,-28.648771464824677,93.2,24.75,3.333,3.318,0.5235826610721271,True,5,134841
12,10,2016-02-24T05:53:12,2,-0.687782108783722,-29.3365535736084,-28.648771464824677,93.2,24.75,3.333,3.318,0.5235826610721271,True,5,134841
12,10,2016-02-24T05:53:12,3,-0.687782108783722,-29.3365535736084,-28.648771464824677,93.2,24.75,3.334,3.32,0.48867715033398934,True,5,134841
12,10,2016-02-24T05:53:12,4,-0.687782108783722,-29.3365535736084,-28.648771464824677,93.2,24.75,3.331,3.318,0.4537716395958363,True,5,134841
12,10,2016-02-24T05:53:12,5,-0.687782108783722,-29.3365535736084,-28.648771464824677,93.2,24.75,3.33,3.317,0.4537716395958363,True,5,134841
12,10,2016-02-24T05:53:12,6,-0.687782108783722,-29.3365535736084,-28.648771464824677,93.2,24.75,3.332,3.318,0.48867715033397385,True,5,134841
12,10,2016-02-24T05:53:12,7,-0.687782108783722,-29.3365535736084,-28.648771464824677,93.2,24.75,3.326,3.315,0.3839606181195609,True,5,134841
12,10,2016-02-24T05:53:12,8,-0.687782108783722,-29.3365535736084,-28.648771464824677,93.2,24.75,3.327,3.298,1.012259811406101,True,5,134841
12,10,2016-02-24T07:46:35,1,-0.846501052379608,-19.2314472198486,-18.384946167468993,91.9,25.75,3.279,3.276,0.16317698037693606,True,5,134842
12,10,2016-02-24T07:46:35,2,-0.846501052379608,-19.2314472198486,-18.384946167468993,91.9,25.75,3.276,3.272,0.21756930716924003,True,5,134842
12,10,2016-02-24T07:46:35,3,-0.846501052379608,-19.2314472198486,-18.384946167468993,91.9,25.75,3.288,3.286,0.10878465358460794,True,5,134842
12,10,2016-02-24T07:46:35,4,-0.846501052379608,-19.2314472198486,-18.384946167468993,91.9,25.75,3.279,3.275,0.21756930716924003,True,5,134842
12,10,2016-02-24T07:46:35,5,-0.846501052379608,-19.2314472198486,-18.384946167468993,91.9,25.75,3.276,3.273,0.16317698037691192,True,5,134842
12,10,2016-02-24T07:46:35,6,-0.846501052379608,-19.2314472198486,-18.384946167468993,91.9,25.75,3.286,3.283,0.16317698037693606,True,5,134842
12,10,2016-02-24T07:46:35,7,-0.846501052379608,-19.2314472198486,-18.384946167468993,91.9,25.75,3.282,3.279,0.16317698037693606,True,5,134842
12,10,2016-02-24T07:46:35,8,-0.846501052379608,-19.2314472198486,-18.384946167468993,91.9,25.75,3.269,3.255,0.7614925750923522,True,5,134842
12,10,2016-02-24T09:39:33,1,-0.581969499588013,-31.5321636199951,-30.950194120407087,93.5,23.75,3.325,3.31,0.4846496258357823,True,5,134843
12,10,2016-02-24T09:39:33,2,-0.581969499588013,-31.5321636199951,-30.950194120407087,93.5,23.75,3.326,3.31,0.5169596008914974,True,5,134843
12,10,2016-02-24T09:39:33,3,-0.581969499588013,-31.5321636199951,-30.950194120407087,93.5,23.75,3.328,3.313,0.4846496258357679,True,5,134843
12,10,2016-02-24T09:39:33,4,-0.581969499588013,-31.5321636199951,-30.950194120407087,93.5,23.75,3.324,3.31,0.45233965078005295,True,5,134843
12,10,2016-02-24T09:39:33,5,-0.581969499588013,-31.5321636199951,-30.950194120407087,93.5,23.75,3.323,3.309,0.45233965078005295,True,5,134843
12,10,2016-02-24T09:39:33,6,-0.581969499588013,-31.5321636199951,-30.950194120407087,93.5,23.75,3.325,3.311,0.4523396507800673,True,5,134843
12,10,2016-02-24T09:39:33,7,-0.581969499588013,-31.5321636199951,-30.950194120407087,93.5,23.75,3.322,3.308,0.4523396507800673,True,5,134843
12,10,2016-02-24T09:39:33,8,-0.581969499588013,-31.5321636199951,-30.950194120407087,93.5,23.75,3.32,3.291,0.9369892766158353,True,5,134843
12,10,2016-02-24T12:03:53,1,-0.952313721179962,-82.6925735473633,-81.74025982618333,92.3,24.75,3.316,3.274,0.5138226877344256,True,5,134844
12,10,2016-02-24T12:03:53,2,-0.952313721179962,-82.6925735473633,-81.74025982618333,92.3,24.75,3.315,3.272,0.526056561251916,True,5,134844
12,10,2016-02-24T12:03:53,3,-0.952313721179962,-82.6925735473633,-81.74025982618333,92.3,24.75,3.321,3.28,0.501588814216946,True,5,134844
12,10,2016-02-24T12:03:53,4,-0.952313721179962,-82.6925735473633,-81.74025982618333,92.3,24.75,3.315,3.277,0.46488719366448006,True,5,134844
12,10,2016-02-24T12:03:53,5,-0.952313721179962,-82.6925735473633,-81.74025982618333,92.3,24.75,3.312,3.274,0.46488719366448006,True,5,134844
12,10,2016-02-24T12:03:53,6,-0.952313721179962,-82.6925735473633,-81.74025982618333,92.3,24.75,3.318,3.279,0.47712106718197056,True,5,134844
12,10,2016-02-24T12:03:53,7,-0.952313721179962,-82.6925735473633,-81.74025982618333,92.3,24.75,3.315,3.275,0.4893549406994556,True,5,134844
12,10,2016-02-24T12:03:53,8,-0.952313721179962,-82.6925735473633,-81.74025982618333,92.3,24.75,3.308,3.217,1.1132824900912575,True,5,134844
12,10,2016-02-24T15:28:28,1,-9.28505897521973,-97.107292175293,-87.82223320007327,93.2,22.5,3.321,3.278,0.48962544486928705,True,6,134845
12,10,2016-02-24T15:28:28,2,-9.28505897521973,-97.107292175293,-87.82223320007327,93.2,22.5,3.323,3.278,0.5123987213748328,True,6,134845
12,10,2016-02-24T15:28:28,3,-9.28505897521973,-97.107292175293,-87.82223320007327,93.2,22.5,3.325,3.283,0.4782388066165143,True,6,134845
12,10,2016-02-24T15:28:28,4,-9.28505897521973,-97.107292175293,-87.82223320007327,93.2,22.5,3.321,3.283,0.4326922536054179,True,6,134845
12,10,2016-02-24T15:28:28,5,-9.28505897521973,-97.107292175293,-87.82223320007327,93.2,22.5,3.319,3.279,0.4554655301109635,True,6,134845
12,10,2016-02-24T15:28:28,6,-9.28505897521973,-97.107292175293,-87.82223320007327,93.2,22.5,3.322,3.283,0.44407889185819077,True,6,134845
12,10,2016-02-24T15:28:28,7,-9.28505897521973,-97.107292175293,-87.82223320007327,93.2,22.5,3.318,3.278,0.4554655301109635,True,6,134845
12,10,2016-02-24T15:28:28,8,-9.28505897521973,-97.107292175293,-87.82223320007327,93.2,22.5,3.312,3.219,1.0589573575079891,True,6,134845
12,20,2015-12-17T11:18:33,1,-2.16915893554688,-29.3630065917969,-27.19384765625002,93.3,13.0,3.307,3.285,0.8090065178747696,True,5,134291
12,20,2015-12-17T11:18:33,2,-2.16915893554688,-29.3630065917969,-27.19384765625002,93.3,13.0,3.307,3.284,0.8457795414145446,True,5,134291
12,20,2015-12-17T11:18:33,3,-2.16915893554688,-29.3630065917969,-27.19384765625002,93.3,13.0,3.308,3.287,0.7722334943350112,True,5,134291
12,20,2015-12-17T11:18:33,4,-2.16915893554688,-29.3630065917969,-27.19384765625002,93.3,13.0,3.306,3.285,0.7722334943350112,True,5,134291
12,20,2015-12-17T11:18:33,5,-2.16915893554688,-29.3630065917969,-27.19384765625002,93.3,13.0,3.304,3.281,0.8457795414145283,True,5,134291
12,20,2015-12-17T11:18:33,6,-2.16915893554688,-29.3630065917969,-27.19384765625002,93.3,13.0,3.307,3.284,0.8457795414145446,True,5,134291
12,20,2015-12-17T11:18:33,7,-2.16915893554688,-29.3630065917969,-27.19384765625002,93.3,13.0,3.304,3.282,0.8090065178747696,True,5,134291
12,20,2015-12-17T11:18:33,8,-2.16915893554688,-29.3630065917969,-27.19384765625002,93.3,13.0,3.303,3.276,0.992871635573595,True,5,134291
12,20,2016-01-04T16:05:10,1,-13.4646577835083,-49.0177001953125,-35.5530424118042,73.7,10.75,3.267,3.24,0.7594286780654036,True,5,134437
12,20,2016-01-04T16:05:10,2,-13.4646577835083,-49.0177001953125,-35.5530424118042,73.7,10.75,3.259,3.228,0.8719366303713907,True,5,134437
12,20,2016-01-04T16:05:10,3,-13.4646577835083,-49.0177001953125,-35.5530424118042,73.7,10.75,3.268,3.24,0.7875556661418972,True,5,134437
12,20,2016-01-04T16:05:10,4,-13.4646577835083,-49.0177001953125,-35.5530424118042,73.7,10.75,3.261,3.233,0.7875556661419097,True,5,134437
12,20,2016-01-04T16:05:10,5,-13.4646577835083,-49.0177001953125,-35.5530424118042,73.7,10.75,3.257,3.227,0.8438096422949095,True,5,134437
12,20,2016-01-04T16:05:10,6,-13.4646577835083,-49.0177001953125,-35.5530424118042,73.7,10.75,3.266,3.234,0.9000636184478968,True,5,134437
12,20,2016-01-04T16:05:10,7,-13.4646577835083,-49.0177001953125,-35.5530424118042,73.7,10.75,3.263,3.234,0.8156826542184034,True,5,134437
12,20,2016-01-04T16:05:10,8,-13.4646577835083,-49.0177001953125,-35.5530424118042,73.7,10.75,3.253,3.218,0.9844445826773902,True,5,134437
12,20,2016-01-04T18:09:44,1,-0.793594777584076,-28.0932540893555,-27.299659311771425,69.9,20.5,3.338,3.323,0.5494574063615596,True,5,134438
12,20,2016-01-04T18:09:44,2,-0.793594777584076,-28.0932540893555,-27.299659311771425,69.9,20.5,3.34,3.323,0.6227183938764255,True,5,134438
12,20,2016-01-04T18:09:44,3,-0.793594777584076,-28.0932540893555,-27.299659311771425,69.9,20.5,3.34,3.324,0.5860879001189925,True,5,134438
12,20,2016-01-04T18:09:44,4,-0.793594777584076,-28.0932540893555,-27.299659311771425,69.9,20.5,3.339,3.323,0.5860879001189925,True,5,134438
12,20,2016-01-04T18:09:44,5,-0.793594777584076,-28.0932540893555,-27.299659311771425,69.9,20.5,3.338,3.322,0.5860879001189925,True,5,134438
12,20,2016-01-04T18:09:44,6,-0.793594777584076,-28.0932540893555,-27.299659311771425,69.9,20.5,3.339,3.323,0.5860879001189925,True,5,134438
12,20,2016-01-04T18:09:44,7,-0.793594777584076,-28.0932540893555,-27.299659311771425,69.9,20.5,3.334,3.32,0.5128269126041266,True,5,134438
12,20,2016-01-04T18:09:44,8,-0.793594777584076,-28.0932540893555,-27.299659311771425,69.9,20.5,3.338,3.317,0.7692403689061735,True,5,134438
12,20,2016-01-05T09:23:02,1,-0.793594777584076,-47.1659812927246,-46.372386515140526,93.8,11.0,3.313,3.274,0.8410177463535695,True,5,134443
12,20,2016-01-05T09:23:02,2,-0.793594777584076,-47.1659812927246,-46.372386515140526,93.8,11.0,3.315,3.273,0.9057114191499906,True,5,134443
12,20,2016-01-05T09:23:02,3,-0.793594777584076,-47.1659812927246,-46.372386515140526,93.8,11.0,3.316,3.278,0.8194531887547529,True,5,134443
12,20,2016-01-05T09:23:02,4,-0.793594777584076,-47.1659812927246,-46.372386515140526,93.8,11.0,3.314,3.278,0.776324073557139,True,5,134443
12,20,2016-01-05T09:23:02,5,-0.793594777584076,-47.1659812927246,-46.372386515140526,93.8,11.0,3.313,3.273,0.8625823039523766,True,5,134443
12,20,2016-01-05T09:23:02,6,-0.793594777584076,-47.1659812927246,-46.372386515140526,93.8,11.0,3.315,3.275,0.8625823039523766,True,5,134443
12,20,2016-01-05T09:23:02,7,-0.793594777584076,-47.1659812927246,-46.372386515140526,93.8,11.0,3.312,3.272,0.8625823039523766,True,5,134443
12,20,2016-01-05T09:23:02,8,-0.793594777584076,-47.1659812927246,-46.372386515140526,93.8,11.0,3.311,3.253,1.2507443407309413,True,5,134443
12,20,2016-01-05T16:11:00,1,-0.793594777584076,-43.8064308166504,-43.01283603906632,93.8,18.25,3.321,3.297,0.557972972956307,True,5,134445
12,20,2016-01-05T16:11:00,2,-0.793594777584076,-43.8064308166504,-43.01283603906632,93.8,18.25,3.324,3.297,0.6277195945758377,True,5,134445
12,20,2016-01-05T16:11:00,3,-0.793594777584076,-43.8064308166504,-43.01283603906632,93.8,18.25,3.326,3.301,0.581221846829484,True,5,134445
12,20,2016-01-05T16:11:00,4,-0.793594777584076,-43.8064308166504,-43.01283603906632,93.8,18.25,3.323,3.299,0.557972972956307,True,5,134445
12,20,2016-01-05T16:11:00,5,-0.793594777584076,-43.8064308166504,-43.01283603906632,93.8,18.25,3.322,3.298,0.557972972956307,True,5,134445
12,20,2016-01-05T16:11:00,6,-0.793594777584076,-43.8064308166504,-43.01283603906632,93.8,18.25,3.325,3.3,0.5812218468294943,True,5,134445
12,20,2016-01-05T16:11:00,7,-0.793594777584076,-43.8064308166504,-43.01283603906632,93.8,18.25,3.322,3.297,0.581221846829484,True,5,134445
12,20,2016-01-05T16:11:00,8,-0.793594777584076,-43.8064308166504,-43.01283603906632,93.8,18.25,3.32,3.273,1.092697072039427,True,5,134445
12,20,2016-01-06T08:57:46,1,-1.05812633037567,-92.9080657958984,-91.84993946552272,93.7,10.75,3.317,3.239,0.8492112292494083,True,5,134450
12,20,2016-01-06T08:57:46,2,-1.05812633037567,-92.9080657958984,-91.84993946552272,93.7,10.75,3.319,3.236,0.9036478465089794,True,5,134450
12,20,2016-01-06T08:57:46,3,-1.05812633037567,-92.9080657958984,-91.84993946552272,93.7,10.75,3.321,3.245,0.8274365823455749,True,5,134450
12,20,2016-01-06T08:57:46,4,-1.05812633037567,-92.9080657958984,-91.84993946552272,93.7,10.75,3.319,3.248,0.772999965085994,True,5,134450
12,20,2016-01-06T08:57:46,5,-1.05812633037567,-92.9080657958984,-91.84993946552272,93.7,10.75,3.318,3.241,0.8383239057974892,True,5,134450
12,20,2016-01-06T08:57:46,6,-1.05812633037567,-92.9080657958984,-91.84993946552272,93.7,10.75,3.319,3.241,0.8492112292494034,True,5,134450
12,20,2016-01-06T08:57:46,7,-1.05812633037567,-92.9080657958984,-91.84993946552272,93.7,10.75,3.315,3.237,0.8492112292494034,True,5,134450
12,20,2016-01-06T08:57:46,8,-1.05812633037567,-92.9080657958984,-91.84993946552272,93.7,10.75,3.316,3.183,1.448014019104755,True,5,134450
12,20,2016-01-06T09:02:02,1,-17.1151943206787,-43.5948028564453,-26.479608535766598,86.7,14.25,3.245,3.224,0.7930630836794561,True,6,134451
12,20,2016-01-06T09:02:02,2,-17.1151943206787,-43.5948028564453,-26.479608535766598,86.7,14.25,3.238,3.215,0.8685929011727466,True,6,134451
12,20,2016-01-06T09:02:02,3,-17.1151943206787,-43.5948028564453,-26.479608535766598,86.7,14.25,3.253,3.232,0.7930630836794561,True,6,134451
12,20,2016-01-06T09:02:02,4,-17.1151943206787,-43.5948028564453,-26.479608535766598,86.7,14.25,3.242,3.222,0.7552981749328194,True,6,134451
12,20,2016-01-06T09:02:02,5,-17.1151943206787,-43.5948028564453,-26.479608535766598,86.7,14.25,3.239,3.217,0.830827992426093,True,6,134451
12,20,2016-01-06T09:02:02,6,-17.1151943206787,-43.5948028564453,-26.479608535766598,86.7,14.25,3.249,3.226,0.8685929011727466,True,6,134451
12,20,2016-01-06T09:02:02,7,-17.1151943206787,-43.5948028564453,-26.479608535766598,86.7,14.25,3.245,3.223,0.8308279924261097,True,6,134451
12,20,2016-01-06T09:02:02,8,-17.1151943206787,-43.5948028564453,-26.479608535766598,86.7,14.25,3.225,3.188,1.3973016236257116,True,6,134451
12,20,2016-01-06T15:40:40,1,-0.634875774383545,-25.130500793457,-24.495625019073454,93.1,20.5,3.307,3.295,0.48988339716403406,True,6,134453
12,20,2016-01-06T15:40:40,2,-0.634875774383545,-25.130500793457,-24.495625019073454,93.1,20.5,3.305,3.291,0.5715306300247155,True,6,134453
12,20,2016-01-06T15:40:40,3,-0.634875774383545,-25.130500793457,-24.495625019073454,93.1,20.5,3.313,3.301,0.48988339716403406,True,6,134453
12,20,2016-01-06T15:40:40,4,-0.634875774383545,-25.130500793457,-24.495625019073454,93.1,20.5,3.306,3.294,0.48988339716403406,True,6,134453
12,20,2016-01-06T15:40:40,5,-0.634875774383545,-25.130500793457,-24.495625019073454,93.1,20.5,3.305,3.293,0.48988339716403406,True,6,134453
12,20,2016-01-06T15:40:40,6,-0.634875774383545,-25.130500793457,-24.495625019073454,93.1,20.5,3.311,3.297,0.5715306300246974,True,6,134453
12,20,2016-01-06T15:40:40,7,-0.634875774383545,-25.130500793457,-24.495625019073454,93.1,20.5,3.309,3.296,0.5307070135943838,True,6,134453
12,20,2016-01-06T15:40:40,8,-0.634875774383545,-25.130500793457,-24.495625019073454,93.1,20.5,3.302,3.275,1.1022376436190813,True,6,134453
12,20,2016-01-07T09:04:14,1,-0.793594777584076,-58.9376373291016,-58.14404255151752,93.9,13.5,3.318,3.275,0.739542661862576,True,5,134459
12,20,2016-01-07T09:04:14,2,-0.793594777584076,-58.9376373291016,-58.14404255151752,93.9,13.5,3.321,3.274,0.8083373280823503,True,5,134459
12,20,2016-01-07T09:04:14,3,-0.793594777584076,-58.9376373291016,-58.14404255151752,93.9,13.5,3.322,3.279,0.739542661862576,True,5,134459
12,20,2016-01-07T09:04:14,4,-0.793594777584076,-58.9376373291016,-58.14404255151752,93.9,13.5,3.32,3.279,0.7051453287526849,True,5,134459
12,20,2016-01-07T09:04:14,5,-0.793594777584076,-58.9376373291016,-58.14404255151752,93.9,13.5,3.319,3.275,0.7567413284175176,True,5,134459
12,20,2016-01-07T09:04:14,6,-0.793594777584076,-58.9376373291016,-58.14404255151752,93.9,13.5,3.32,3.276,0.7567413284175176,True,5,134459
12,20,2016-01-07T09:04:14,7,-0.793594777584076,-58.9376373291016,-58.14404255151752,93.9,13.5,3.316,3.273,0.7395426618625682,True,5,134459
12,20,2016-01-07T09:04:14,8,-0.793594777584076,-58.9376373291016,-58.14404255151752,93.9,13.5,3.317,3.231,1.479085323725152,True,5,134459
12,20,2016-01-07T12:00:30,1,-0.608422636985779,-50.7900657653809,-50.18164312839512,76.0,26.0,3.273,3.264,0.1793484517231306,True,1,134460
12,20,2016-01-07T12:00:30,2,-0.608422636985779,-50.7900657653809,-50.18164312839512,76.0,26.0,3.27,3.259,0.21920366321715373,True,1,134460
12,20,2016-01-07T12:00:30,3,-0.608422636985779,-50.7900657653809,-50.18164312839512,76.0,26.0,3.279,3.27,0.17934845172312175,True,1,134460
12,20,2016-01-07T12:00:30,4,-0.608422636985779,-50.7900657653809,-50.18164312839512,76.0,26.0,3.269,3.261,0.1594208459761102,True,1,134460
12,20,2016-01-07T12:00:30,5,-0.608422636985779,-50.7900657653809,-50.18164312839512,76.0,26.0,3.266,3.258,0.1594208459761102,True,1,134460
12,20,2016-01-07T12:00:30,6,-0.608422636985779,-50.7900657653809,-50.18164312839512,76.0,26.0,3.277,3.267,0.19927605747014215,True,1,134460
12,20,2016-01-07T12:00:30,7,-0.608422636985779,-50.7900657653809,-50.18164312839512,76.0,26.0,3.275,3.266,0.17934845172312175,True,1,134460
12,20,2016-01-07T12:00:30,8,-0.608422636985779,-50.7900657653809,-50.18164312839512,76.0,26.0,3.272,3.234,0.7572490183865189,True,1,134460
12,20,2016-01-07T16:24:34,1,-0.634875774383545,-29.0455684661865,-28.410692691802954,91.5,20.75,3.305,3.291,0.4927722161466169,True,5,134461
12,20,2016-01-07T16:24:34,2,-0.634875774383545,-29.0455684661865,-28.410692691802954,91.5,20.75,3.302,3.286,0.5631682470246961,True,5,134461
12,20,2016-01-07T16:24:34,3,-0.634875774383545,-29.0455684661865,-28.410692691802954,91.5,20.75,3.31,3.296,0.4927722161466169,True,5,134461
12,20,2016-01-07T16:24:34,4,-0.634875774383545,-29.0455684661865,-28.410692691802954,91.5,20.75,3.304,3.29,0.4927722161466013,True,5,134461
12,20,2016-01-07T16:24:34,5,-0.634875774383545,-29.0455684661865,-28.410692691802954,91.5,20.75,3.302,3.288,0.4927722161466169,True,5,134461
12,20,2016-01-07T16:24:34,6,-0.634875774383545,-29.0455684661865,-28.410692691802954,91.5,20.75,3.308,3.294,0.4927722161466013,True,5,134461
12,20,2016-01-07T16:24:34,7,-0.634875774383545,-29.0455684661865,-28.410692691802954,91.5,20.75,3.306,3.293,0.45757420070756166,True,5,134461
12,20,2016-01-07T16:24:34,8,-0.634875774383545,-29.0455684661865,-28.410692691802954,91.5,20.75,3.299,3.267,1.1263364940493923,True,5,134461
12,20,2016-01-07T18:01:16,1,-11.7716550827026,-48.1712036132813,-36.3995485305787,87.2,27.25,3.283,3.267,0.43956589149886466,True,5,134462
12,20,2016-01-07T18:01:16,2,-11.7716550827026,-48.1712036132813,-36.3995485305787,87.2,27.25,3.279,3.262,0.46703875971754066,True,5,134462
12,20,2016-01-07T18:01:16,3,-11.7716550827026,-48.1712036132813,-36.3995485305787,87.2,27.25,3.29,3.274,0.43956589149886466,True,5,134462
12,20,2016-01-07T18:01:16,4,-11.7716550827026,-48.1712036132813,-36.3995485305787,87.2,27.25,3.28,3.265,0.41209302328017644,True,5,134462
12,20,2016-01-07T18:01:16,5,-11.7716550827026,-48.1712036132813,-36.3995485305787,87.2,27.25,3.278,3.262,0.43956589149886466,True,5,134462
12,20,2016-01-07T18:01:16,6,-11.7716550827026,-48.1712036132813,-36.3995485305787,87.2,27.25,3.286,3.27,0.43956589149886466,True,5,134462
12,20,2016-01-07T18:01:16,7,-11.7716550827026,-48.1712036132813,-36.3995485305787,87.2,27.25,3.284,3.268,0.43956589149886466,True,5,134462
12,20,2016-01-07T18:01:16,8,-11.7716550827026,-48.1712036132813,-36.3995485305787,87.2,27.25,3.27,3.231,1.0714418605284857,True,5,134462
12,20,2016-01-08T08:44:59,1,-0.661328971385956,-29.3630065917969,-28.701677620410944,89.6,11.5,3.29,3.267,0.8013468865542509,True,5,134466
12,20,2016-01-08T08:44:59,2,-0.661328971385956,-29.3630065917969,-28.701677620410944,89.6,11.5,3.287,3.263,0.8361880555348665,True,5,134466
12,20,2016-01-08T08:44:59,3,-0.661328971385956,-29.3630065917969,-28.701677620410944,89.6,11.5,3.296,3.274,0.7665057175736198,True,5,134466
12,20,2016-01-08T08:44:59,4,-0.661328971385956,-29.3630065917969,-28.701677620410944,89.6,11.5,3.289,3.268,0.7316645485930198,True,5,134466
12,20,2016-01-08T08:44:59,5,-0.661328971385956,-29.3630065917969,-28.701677620410944,89.6,11.5,3.286,3.264,0.7665057175736354,True,5,134466
12,20,2016-01-08T08:44:59,6,-0.661328971385956,-29.3630065917969,-28.701677620410944,89.6,11.5,3.293,3.269,0.8361880555348665,True,5,134466
12,20,2016-01-08T08:44:59,7,-0.661328971385956,-29.3630065917969,-28.701677620410944,89.6,11.5,3.289,3.265,0.8361880555348665,True,5,134466
12,20,2016-01-08T08:44:59,8,-0.661328971385956,-29.3630065917969,-28.701677620410944,89.6,11.5,3.282,3.238,1.5330114351472552,True,5,134466
12,20,2016-01-08T09:02:42,1,-0.661328971385956,-31.4528045654297,-30.791475594043746,89.6,15.0,3.277,3.255,0.7144834593200168,True,5,134467
12,20,2016-01-08T09:02:42,2,-0.661328971385956,-31.4528045654297,-30.791475594043746,89.6,15.0,3.272,3.249,0.7469599801981809,True,5,134467
12,20,2016-01-08T09:02:42,3,-0.661328971385956,-31.4528045654297,-30.791475594043746,89.6,15.0,3.284,3.263,0.6820069384418236,True,5,134467
12,20,2016-01-08T09:02:42,4,-0.661328971385956,-31.4528045654297,-30.791475594043746,89.6,15.0,3.273,3.254,0.6170538966854663,True,5,134467
12,20,2016-01-08T09:02:42,5,-0.661328971385956,-31.4528045654297,-30.791475594043746,89.6,15.0,3.272,3.25,0.7144834593200023,True,5,134467
12,20,2016-01-08T09:02:42,6,-0.661328971385956,-31.4528045654297,-30.791475594043746,89.6,15.0,3.279,3.258,0.6820069384418236,True,5,134467
12,20,2016-01-08T09:02:42,7,-0.661328971385956,-31.4528045654297,-30.791475594043746,89.6,15.0,3.276,3.254,0.7144834593200023,True,5,134467
12,20,2016-01-08T09:02:42,8,-0.661328971385956,-31.4528045654297,-30.791475594043746,89.6,15.0,3.268,3.227,1.3315373560054686,True,5,134467
12,20,2016-01-08T13:15:35,1,-3.94152045249939,-43.1450996398926,-39.20357918739321,91.2,26.0,3.274,3.258,0.4081260010347518,True,5,134468
12,20,2016-01-08T13:15:35,2,-3.94152045249939,-43.1450996398926,-39.20357918739321,91.2,26.0,3.269,3.252,0.43363387609943227,True,5,134468
12,20,2016-01-08T13:15:35,3,-3.94152045249939,-43.1450996398926,-39.20357918739321,91.2,26.0,3.281,3.265,0.4081260010347518,True,5,134468
12,20,2016-01-08T13:15:35,4,-3.94152045249939,-43.1450996398926,-39.20357918739321,91.2,26.0,3.27,3.255,0.3826181259700826,True,5,134468
12,20,2016-01-08T13:15:35,5,-3.94152045249939,-43.1450996398926,-39.20357918739321,91.2,26.0,3.268,3.252,0.4081260010347518,True,5,134468
12,20,2016-01-08T13:15:35,6,-3.94152045249939,-43.1450996398926,-39.20357918739321,91.2,26.0,3.277,3.261,0.4081260010347518,True,5,134468
12,20,2016-01-08T13:15:35,7,-3.94152045249939,-43.1450996398926,-39.20357918739321,91.2,26.0,3.276,3.26,0.4081260010347518,True,5,134468
12,20,2016-01-08T13:15:35,8,-3.94152045249939,-43.1450996398926,-39.20357918739321,91.2,26.0,3.263,3.221,1.071330752716218,True,5,134468
12,20,2016-01-08T15:03:28,1,-53.2502059936523,-83.0629196166992,-29.812713623046903,91.4,28.75,3.342,3.32,0.73794020491288,True,5,134469
12,20,2016-01-08T15:03:28,2,-53.2502059936523,-83.0629196166992,-29.812713623046903,91.4,28.75,3.341,3.319,0.73794020491288,True,5,134469
12,20,2016-01-08T15:03:28,3,-53.2502059936523,-83.0629196166992,-29.812713623046903,91.4,28.75,3.342,3.32,0.73794020491288,True,5,134469
12,20,2016-01-08T15:03:28,4,-53.2502059936523,-83.0629196166992,-29.812713623046903,91.4,28.75,3.34,3.32,0.6708547317389751,True,5,134469
12,20,2016-01-08T15:03:28,5,-53.2502059936523,-83.0629196166992,-29.812713623046903,91.4,28.75,3.34,3.319,0.7043974683259201,True,5,134469
12,20,2016-01-08T15:03:28,6,-53.2502059936523,-83.0629196166992,-29.812713623046903,91.4,28.75,3.34,3.319,0.7043974683259201,True,5,134469
12,20,2016-01-08T15:03:28,7,-53.2502059936523,-83.0629196166992,-29.812713623046903,91.4,28.75,3.336,3.317,0.6373119951520152,True,5,134469
12,20,2016-01-08T15:03:28,8,-53.2502059936523,-83.0629196166992,-29.812713623046903,91.4,28.75,3.31,3.27,1.3417094634779503,True,5,134469
12,20,2016-01-18T12:50:14,1,-4.07378625869751,-38.3570785522461,-34.28329229354859,43.3,12.75,3.181,3.159,0.6417119981251097,True,5,134548
12,20,2016-01-18T12:50:14,2,-4.07378625869751,-38.3570785522461,-34.28329229354859,43.3,12.75,3.172,3.144,0.8167243612501314,True,5,134548
12,20,2016-01-18T12:50:14,3,-4.07378625869751,-38.3570785522461,-34.28329229354859,43.3,12.75,3.184,3.16,0.7000494525001126,True,5,134548
12,20,2016-01-18T12:50:14,4,-4.07378625869751,-38.3570785522461,-34.28329229354859,43.3,12.75,3.17,3.146,0.7000494525001126,True,5,134548
12,20,2016-01-18T12:50:14,5,-4.07378625869751,-38.3570785522461,-34.28329229354859,43.3,12.75,3.169,3.142,0.7875556340626299,True,5,134548
12,20,2016-01-18T12:50:14,6,-4.07378625869751,-38.3570785522461,-34.28329229354859,43.3,12.75,3.18,3.154,0.7583869068751284,True,5,134548
12,20,2016-01-18T12:50:14,7,-4.07378625869751,-38.3570785522461,-34.28329229354859,43.3,12.75,3.18,3.156,0.7000494525001126,True,5,134548
12,20,2016-01-18T12:50:14,8,-4.07378625869751,-38.3570785522461,-34.28329229354859,43.3,12.75,3.169,3.12,1.4292676321877267,True,5,134548
12,20,2016-01-18T16:17:37,1,-11.4542179107666,-50.7636108398438,-39.3093929290772,59.8,27.75,3.258,3.244,0.35614897501110926,True,5,134549
12,20,2016-01-18T16:17:37,2,-11.4542179107666,-50.7636108398438,-39.3093929290772,59.8,27.75,3.262,3.246,0.40702740001270277,True,5,134549
12,20,2016-01-18T16:17:37,3,-11.4542179107666,-50.7636108398438,-39.3093929290772,59.8,27.75,3.262,3.247,0.3815881875119117,True,5,134549
12,20,2016-01-18T16:17:37,4,-11.4542179107666,-50.7636108398438,-39.3093929290772,59.8,27.75,3.259,3.245,0.35614897501110926,True,5,134549
12,20,2016-01-18T16:17:37,5,-11.4542179107666,-50.7636108398438,-39.3093929290772,59.8,27.75,3.26,3.245,0.3815881875119004,True,5,134549
12,20,2016-01-18T16:17:37,6,-11.4542179107666,-50.7636108398438,-39.3093929290772,59.8,27.75,3.262,3.246,0.40702740001270277,True,5,134549
12,20,2016-01-18T16:17:37,7,-11.4542179107666,-50.7636108398438,-39.3093929290772,59.8,27.75,3.26,3.246,0.35614897501110926,True,5,134549
12,20,2016-01-18T16:17:37,8,-11.4542179107666,-50.7636108398438,-39.3093929290772,59.8,27.75,3.25,3.2,1.2719606250396904,True,5,134549
12,20,2016-01-18T18:07:12,1,-0.740688443183899,-26.2150802612305,-25.474391818046602,62.4,31.25,3.326,3.315,0.43180618711405255,True,5,134550
12,20,2016-01-18T18:07:12,2,-0.740688443183899,-26.2150802612305,-25.474391818046602,62.4,31.25,3.326,3.315,0.43180618711405255,True,5,134550
12,20,2016-01-18T18:07:12,3,-0.740688443183899,-26.2150802612305,-25.474391818046602,62.4,31.25,3.324,3.313,0.4318061871140351,True,5,134550
12,20,2016-01-18T18:07:12,4,-0.740688443183899,-26.2150802612305,-25.474391818046602,62.4,31.25,3.323,3.313,0.39255107919458054,True,5,134550
12,20,2016-01-18T18:07:12,5,-0.740688443183899,-26.2150802612305,-25.474391818046602,62.4,31.25,3.324,3.313,0.4318061871140351,True,5,134550
12,20,2016-01-18T18:07:12,6,-0.740688443183899,-26.2150802612305,-25.474391818046602,62.4,31.25,3.324,3.314,0.39255107919458054,True,5,134550
12,20,2016-01-18T18:07:12,7,-0.740688443183899,-26.2150802612305,-25.474391818046602,62.4,31.25,3.326,3.316,0.39255107919459803,True,5,134550
12,20,2016-01-18T18:07:12,8,-0.740688443183899,-26.2150802612305,-25.474391818046602,62.4,31.25,3.322,3.286,1.4131838851005214,True,5,134550
12,20,2016-01-18T21:06:06,1,-8.09466648101807,-46.9543571472168,-38.85969066619873,88.7,25.0,3.332,3.312,0.514672136013594,True,6,134551
12,20,2016-01-18T21:06:06,2,-8.09466648101807,-46.9543571472168,-38.85969066619873,88.7,25.0,3.333,3.313,0.514672136013594,True,6,134551
12,20,2016-01-18T21:06:06,3,-8.09466648101807,-46.9543571472168,-38.85969066619873,88.7,25.0,3.333,3.315,0.4632049224122402,True,6,134551
12,20,2016-01-18T21:06:06,4,-8.09466648101807,-46.9543571472168,-38.85969066619873,88.7,25.0,3.331,3.315,0.41173770881087507,True,6,134551
12,20,2016-01-18T21:06:06,5,-8.09466648101807,-46.9543571472168,-38.85969066619873,88.7,25.0,3.331,3.313,0.46320492241222877,True,6,134551
12,20,2016-01-18T21:06:06,6,-8.09466648101807,-46.9543571472168,-38.85969066619873,88.7,25.0,3.33,3.313,0.43747131561155195,True,6,134551
12,20,2016-01-18T21:06:06,7,-8.09466648101807,-46.9543571472168,-38.85969066619873,88.7,25.0,3.327,3.311,0.41173770881087507,True,6,134551
12,20,2016-01-18T21:06:06,8,-8.09466648101807,-46.9543571472168,-38.85969066619873,88.7,25.0,3.321,3.269,1.3381475536353442,True,6,134551
12,20,2016-01-19T08:41:46,1,-0.687782108783722,-25.2098598480225,-24.522077739238778,88.0,17.75,3.251,3.238,0.530134523601076,True,5,134554
12,20,2016-01-19T08:41:46,2,-0.687782108783722,-25.2098598480225,-24.522077739238778,88.0,17.75,3.247,3.231,0.6524732598167144,True,5,134554
12,20,2016-01-19T08:41:46,3,-0.687782108783722,-25.2098598480225,-24.522077739238778,88.0,17.75,3.26,3.247,0.530134523601076,True,5,134554
12,20,2016-01-19T08:41:46,4,-0.687782108783722,-25.2098598480225,-24.522077739238778,88.0,17.75,3.25,3.237,0.530134523601076,True,5,134554
12,20,2016-01-19T08:41:46,5,-0.687782108783722,-25.2098598480225,-24.522077739238778,88.0,17.75,3.247,3.234,0.530134523601076,True,5,134554
12,20,2016-01-19T08:41:46,6,-0.687782108783722,-25.2098598480225,-24.522077739238778,88.0,17.75,3.258,3.244,0.5709141023396161,True,5,134554
12,20,2016-01-19T08:41:46,7,-0.687782108783722,-25.2098598480225,-24.522077739238778,88.0,17.75,3.253,3.24,0.530134523601076,True,5,134554
12,20,2016-01-19T08:41:46,8,-0.687782108783722,-25.2098598480225,-24.522077739238778,88.0,17.75,3.242,3.2,1.7127423070188665,True,5,134554
12,20,2016-01-19T09:08:08,1,-0.793594777584076,-39.4152030944824,-38.621608316898325,93.8,16.5,3.343,3.317,0.6731982724972092,True,6,134555
12,20,2016-01-19T09:08:08,2,-0.793594777584076,-39.4152030944824,-38.621608316898325,93.8,16.5,3.348,3.32,0.7249827549970008,True,6,134555
12,20,2016-01-19T09:08:08,3,-0.793594777584076,-39.4152030944824,-38.621608316898325,93.8,16.5,3.346,3.32,0.6731982724972208,True,6,134555
12,20,2016-01-19T09:08:08,4,-0.793594777584076,-39.4152030944824,-38.621608316898325,93.8,16.5,3.345,3.321,0.6214137899974292,True,6,134555
12,20,2016-01-19T09:08:08,5,-0.793594777584076,-39.4152030944824,-38.621608316898325,93.8,16.5,3.345,3.32,0.6473060312473308,True,6,134555
12,20,2016-01-19T09:08:08,6,-0.793594777584076,-39.4152030944824,-38.621608316898325,93.8,16.5,3.345,3.318,0.6990905137471108,True,6,134555
12,20,2016-01-19T09:08:08,7,-0.793594777584076,-39.4152030944824,-38.621608316898325,93.8,16.5,3.34,3.315,0.6473060312473192,True,6,134555
12,20,2016-01-19T09:08:08,8,-0.793594777584076,-39.4152030944824,-38.621608316898325,93.8,16.5,3.345,3.277,1.760672404992716,True,6,134555
12,20,2016-01-19T12:41:46,1,-0.634875774383545,-32.1141319274902,-31.479256153106654,92.2,22.5,3.313,3.297,0.5082712222353765,True,5,134556
12,20,2016-01-19T12:41:46,2,-0.634875774383545,-32.1141319274902,-31.479256153106654,92.2,22.5,3.315,3.298,0.540038173625084,True,5,134556
12,20,2016-01-19T12:41:46,3,-0.634875774383545,-32.1141319274902,-31.479256153106654,92.2,22.5,3.319,3.302,0.540038173625084,True,5,134556
12,20,2016-01-19T12:41:46,4,-0.634875774383545,-32.1141319274902,-31.479256153106654,92.2,22.5,3.315,3.3,0.476504270845669,True,5,134556
12,20,2016-01-19T12:41:46,5,-0.634875774383545,-32.1141319274902,-31.479256153106654,92.2,22.5,3.313,3.298,0.476504270845669,True,5,134556
12,20,2016-01-19T12:41:46,6,-0.634875774383545,-32.1141319274902,-31.479256153106654,92.2,22.5,3.317,3.302,0.476504270845669,True,5,134556
12,20,2016-01-19T12:41:46,7,-0.634875774383545,-32.1141319274902,-31.479256153106654,92.2,22.5,3.315,3.299,0.5082712222353765,True,5,134556
12,20,2016-01-19T12:41:46,8,-0.634875774383545,-32.1141319274902,-31.479256153106654,92.2,22.5,3.311,3.264,1.4930467153164217,True,5,134556
12,20,2016-01-19T15:28:28,1,-28.7016754150391,-50.181640625,-21.4799652099609,93.4,29.75,3.266,3.259,0.3258850715807496,True,6,134557
12,20,2016-01-19T15:28:28,2,-28.7016754150391,-50.181640625,-21.4799652099609,93.4,29.75,3.262,3.254,0.37244008180656496,True,6,134557
12,20,2016-01-19T15:28:28,3,-28.7016754150391,-50.181640625,-21.4799652099609,93.4,29.75,3.273,3.267,0.2793300613549341,True,6,134557
12,20,2016-01-19T15:28:28,4,-28.7016754150391,-50.181640625,-21.4799652099609,93.4,29.75,3.266,3.258,0.37244008180656496,True,6,134557
12,20,2016-01-19T15:28:28,5,-28.7016754150391,-50.181640625,-21.4799652099609,93.4,29.75,3.263,3.256,0.3258850715807496,True,6,134557
12,20,2016-01-19T15:28:28,6,-28.7016754150391,-50.181640625,-21.4799652099609,93.4,29.75,3.271,3.264,0.3258850715807496,True,6,134557
12,20,2016-01-19T15:28:28,7,-28.7016754150391,-50.181640625,-21.4799652099609,93.4,29.75,3.269,3.263,0.2793300613549341,True,6,134557
12,20,2016-01-19T15:28:28,8,-28.7016754150391,-50.181640625,-21.4799652099609,93.4,29.75,3.233,3.201,1.4897603272262598,True,6,134557
12,20,2016-01-19T18:58:22,1,-9.60249614715576,-47.3776054382324,-37.77510929107664,85.8,40.0,3.288,3.275,0.34414195601204534,True,5,134558
12,20,2016-01-19T18:58:22,2,-9.60249614715576,-47.3776054382324,-37.77510929107664,85.8,40.0,3.284,3.269,0.3970868723215853,True,5,134558
12,20,2016-01-19T18:58:22,3,-9.60249614715576,-47.3776054382324,-37.77510929107664,85.8,40.0,3.296,3.283,0.34414195601204534,True,5,134558
12,20,2016-01-19T18:58:22,4,-9.60249614715576,-47.3776054382324,-37.77510929107664,85.8,40.0,3.286,3.273,0.34414195601204534,True,5,134558
12,20,2016-01-19T18:58:22,5,-9.60249614715576,-47.3776054382324,-37.77510929107664,85.8,40.0,3.282,3.27,0.3176694978572753,True,5,134558
12,20,2016-01-19T18:58:22,6,-9.60249614715576,-47.3776054382324,-37.77510929107664,85.8,40.0,3.294,3.281,0.34414195601204534,True,5,134558
12,20,2016-01-19T18:58:22,7,-9.60249614715576,-47.3776054382324,-37.77510929107664,85.8,40.0,3.293,3.281,0.3176694978572753,True,5,134558
12,20,2016-01-19T18:58:22,8,-9.60249614715576,-47.3776054382324,-37.77510929107664,85.8,40.0,3.273,3.221,1.376567824048193,True,5,134558
12,20,2016-01-21T09:05:25,1,-0.661328971385956,-31.5321636199951,-30.870834648609144,90.6,14.75,3.265,3.243,0.7126467505792374,True,5,134571
12,20,2016-01-21T09:05:25,2,-0.661328971385956,-31.5321636199951,-30.870834648609144,90.6,14.75,3.259,3.235,0.7774328188137057,True,5,134571
12,20,2016-01-21T09:05:25,3,-0.661328971385956,-31.5321636199951,-30.870834648609144,90.6,14.75,3.27,3.248,0.7126467505792231,True,5,134571
12,20,2016-01-21T09:05:25,4,-0.661328971385956,-31.5321636199951,-30.870834648609144,90.6,14.75,3.26,3.239,0.680253716461989,True,5,134571
12,20,2016-01-21T09:05:25,5,-0.661328971385956,-31.5321636199951,-30.870834648609144,90.6,14.75,3.257,3.234,0.7450397846964716,True,5,134571
12,20,2016-01-21T09:05:25,6,-0.661328971385956,-31.5321636199951,-30.870834648609144,90.6,14.75,3.267,3.243,0.7774328188137057,True,5,134571
12,20,2016-01-21T09:05:25,7,-0.661328971385956,-31.5321636199951,-30.870834648609144,90.6,14.75,3.265,3.242,0.7450397846964716,True,5,134571
12,20,2016-01-21T09:05:25,8,-0.661328971385956,-31.5321636199951,-30.870834648609144,90.6,14.75,3.257,3.198,1.9111890129170304,True,5,134571
12,20,2016-01-21T13:30:24,1,-0.608422636985779,-30.1036930084229,-29.495270371437122,93.1,28.25,3.289,3.276,0.44074862973927487,True,5,134572
12,20,2016-01-21T13:30:24,2,-0.608422636985779,-30.1036930084229,-29.495270371437122,93.1,28.25,3.285,3.271,0.4746523704884452,True,5,134572
12,20,2016-01-21T13:30:24,3,-0.608422636985779,-30.1036930084229,-29.495270371437122,93.1,28.25,3.297,3.283,0.4746523704884452,True,5,134572
12,20,2016-01-21T13:30:24,4,-0.608422636985779,-30.1036930084229,-29.495270371437122,93.1,28.25,3.286,3.273,0.44074862973925977,True,5,134572
12,20,2016-01-21T13:30:24,5,-0.608422636985779,-30.1036930084229,-29.495270371437122,93.1,28.25,3.284,3.271,0.44074862973925977,True,5,134572
12,20,2016-01-21T13:30:24,6,-0.608422636985779,-30.1036930084229,-29.495270371437122,93.1,28.25,3.293,3.279,0.4746523704884452,True,5,134572
12,20,2016-01-21T13:30:24,7,-0.608422636985779,-30.1036930084229,-29.495270371437122,93.1,28.25,3.291,3.279,0.40684488899008947,True,5,134572
12,20,2016-01-21T13:30:24,8,-0.608422636985779,-30.1036930084229,-29.495270371437122,93.1,28.25,3.283,3.232,1.729090778207869,True,5,134572
12,20,2016-01-21T22:31:25,1,-0.76714164018631,-39.3093910217285,-38.54224938154219,91.5,24.5,3.326,3.307,0.4929655197835753,True,5,134575
12,20,2016-01-21T22:31:25,2,-0.76714164018631,-39.3093910217285,-38.54224938154219,91.5,24.5,3.327,3.307,0.518911073456392,True,5,134575
12,20,2016-01-21T22:31:25,3,-0.76714164018631,-39.3093910217285,-38.54224938154219,91.5,24.5,3.329,3.309,0.518911073456392,True,5,134575
12,20,2016-01-21T22:31:25,4,-0.76714164018631,-39.3093910217285,-38.54224938154219,91.5,24.5,3.325,3.308,0.4410744124379418,True,5,134575
12,20,2016-01-21T22:31:25,5,-0.76714164018631,-39.3093910217285,-38.54224938154219,91.5,24.5,3.325,3.306,0.4929655197835753,True,5,134575
12,20,2016-01-21T22:31:25,6,-0.76714164018631,-39.3093910217285,-38.54224938154219,91.5,24.5,3.327,3.308,0.4929655197835753,True,5,134575
12,20,2016-01-21T22:31:25,7,-0.76714164018631,-39.3093910217285,-38.54224938154219,91.5,24.5,3.324,3.306,0.46701996611074703,True,5,134575
12,20,2016-01-21T22:31:25,8,-0.76714164018631,-39.3093910217285,-38.54224938154219,91.5,24.5,3.323,3.247,1.9718620791342893,True,5,134575
12,20,2016-01-22T01:32:21,1,-18.543664932251,-47.4569664001465,-28.913301467895497,93.7,33.5,3.284,3.272,0.41503389065840396,True,5,134576
12,20,2016-01-22T01:32:21,2,-18.543664932251,-47.4569664001465,-28.913301467895497,93.7,33.5,3.281,3.269,0.41503389065840396,True,5,134576
12,20,2016-01-22T01:32:21,3,-18.543664932251,-47.4569664001465,-28.913301467895497,93.7,33.5,3.293,3.281,0.41503389065840396,True,5,134576
12,20,2016-01-22T01:32:21,4,-18.543664932251,-47.4569664001465,-28.913301467895497,93.7,33.5,3.283,3.273,0.34586157554866226,True,5,134576
12,20,2016-01-22T01:32:21,5,-18.543664932251,-47.4569664001465,-28.913301467895497,93.7,33.5,3.28,3.27,0.34586157554866226,True,5,134576
12,20,2016-01-22T01:32:21,6,-18.543664932251,-47.4569664001465,-28.913301467895497,93.7,33.5,3.289,3.279,0.34586157554867764,True,5,134576
12,20,2016-01-22T01:32:21,7,-18.543664932251,-47.4569664001465,-28.913301467895497,93.7,33.5,3.288,3.277,0.3804477331035254,True,5,134576
12,20,2016-01-22T01:32:21,8,-18.543664932251,-47.4569664001465,-28.913301467895497,93.7,33.5,3.255,3.205,1.7293078777433422,True,5,134576
12,20,2016-01-22T03:05:15,1,-0.608422636985779,-32.4844779968262,-31.87605535984042,74.4,37.25,3.28,3.269,0.34508661362968424,True,5,134577
12,20,2016-01-22T03:05:15,2,-0.608422636985779,-32.4844779968262,-31.87605535984042,74.4,37.25,3.278,3.266,0.37645812395966693,True,5,134577
12,20,2016-01-22T03:05:15,3,-0.608422636985779,-32.4844779968262,-31.87605535984042,74.4,37.25,3.287,3.276,0.34508661362969817,True,5,134577
12,20,2016-01-22T03:05:15,4,-0.608422636985779,-32.4844779968262,-31.87605535984042,74.4,37.25,3.278,3.268,0.3137151032997294,True,5,134577
12,20,2016-01-22T03:05:15,5,-0.608422636985779,-32.4844779968262,-31.87605535984042,74.4,37.25,3.276,3.266,0.31371510329971547,True,5,134577
12,20,2016-01-22T03:05:15,6,-0.608422636985779,-32.4844779968262,-31.87605535984042,74.4,37.25,3.285,3.275,0.3137151032997294,True,5,134577
12,20,2016-01-22T03:05:15,7,-0.608422636985779,-32.4844779968262,-31.87605535984042,74.4,37.25,3.284,3.274,0.31371510329971547,True,5,134577
12,20,2016-01-22T03:05:15,8,-0.608422636985779,-32.4844779968262,-31.87605535984042,74.4,37.25,3.277,3.228,1.5372040061686365,True,5,134577
12,20,2016-01-22T09:23:17,1,-19.8927745819092,-48.4621849060059,-28.5694103240967,85.5,33.5,3.269,3.256,0.45503214285930055,True,5,134579
12,20,2016-01-22T09:23:17,2,-19.8927745819092,-48.4621849060059,-28.5694103240967,85.5,33.5,3.264,3.25,0.4900346153869187,True,5,134579
12,20,2016-01-22T09:23:17,3,-19.8927745819092,-48.4621849060059,-28.5694103240967,85.5,33.5,3.279,3.266,0.45503214285928495,True,5,134579
12,20,2016-01-22T09:23:17,4,-19.8927745819092,-48.4621849060059,-28.5694103240967,85.5,33.5,3.268,3.256,0.42002967033165123,True,5,134579
12,20,2016-01-22T09:23:17,5,-19.8927745819092,-48.4621849060059,-28.5694103240967,85.5,33.5,3.266,3.253,0.45503214285928495,True,5,134579
12,20,2016-01-22T09:23:17,6,-19.8927745819092,-48.4621849060059,-28.5694103240967,85.5,33.5,3.276,3.263,0.45503214285928495,True,5,134579
12,20,2016-01-22T09:23:17,7,-19.8927745819092,-48.4621849060059,-28.5694103240967,85.5,33.5,3.274,3.261,0.45503214285928495,True,5,134579
12,20,2016-01-22T09:23:17,8,-19.8927745819092,-48.4621849060059,-28.5694103240967,85.5,33.5,3.237,3.186,1.7851260989095217,True,5,134579
12,20,2016-01-23T22:10:25,1,-0.714235246181488,-41.4520988464355,-40.73786360025401,93.4,19.75,3.295,3.267,0.6873212663961455,True,5,134591
12,20,2016-01-23T22:10:25,2,-0.714235246181488,-41.4520988464355,-40.73786360025401,93.4,19.75,3.296,3.264,0.7855100187384519,True,5,134591
12,20,2016-01-23T22:10:25,3,-0.714235246181488,-41.4520988464355,-40.73786360025401,93.4,19.75,3.298,3.267,0.7609628306528781,True,5,134591
12,20,2016-01-23T22:10:25,4,-0.714235246181488,-41.4520988464355,-40.73786360025401,93.4,19.75,3.294,3.265,0.7118684544817194,True,5,134591
12,20,2016-01-23T22:10:25,5,-0.714235246181488,-41.4520988464355,-40.73786360025401,93.4,19.75,3.295,3.264,0.7609628306528781,True,5,134591
12,20,2016-01-23T22:10:25,6,-0.714235246181488,-41.4520988464355,-40.73786360025401,93.4,19.75,3.297,3.266,0.7609628306528781,True,5,134591
12,20,2016-01-23T22:10:25,7,-0.714235246181488,-41.4520988464355,-40.73786360025401,93.4,19.75,3.294,3.264,0.7364156425673042,True,5,134591
12,20,2016-01-23T22:10:25,8,-0.714235246181488,-41.4520988464355,-40.73786360025401,93.4,19.75,3.295,3.18,2.8229266298413034,True,5,134591
12,20,2016-01-24T01:32:32,1,-0.608422636985779,-33.9658546447754,-33.35743200778962,93.4,32.75,3.287,3.277,0.29978326861805754,True,6,134592
12,20,2016-01-24T01:32:32,2,-0.608422636985779,-33.9658546447754,-33.35743200778962,93.4,32.75,3.283,3.271,0.35973992234167707,True,6,134592
12,20,2016-01-24T01:32:32,3,-0.608422636985779,-33.9658546447754,-33.35743200778962,93.4,32.75,3.293,3.282,0.329761595479874,True,6,134592
12,20,2016-01-24T01:32:32,4,-0.608422636985779,-33.9658546447754,-33.35743200778962,93.4,32.75,3.283,3.272,0.329761595479874,True,6,134592
12,20,2016-01-24T01:32:32,5,-0.608422636985779,-33.9658546447754,-33.35743200778962,93.4,32.75,3.28,3.269,0.32976159547986067,True,6,134592
12,20,2016-01-24T01:32:32,6,-0.608422636985779,-33.9658546447754,-33.35743200778962,93.4,32.75,3.29,3.279,0.329761595479874,True,6,134592
12,20,2016-01-24T01:32:32,7,-0.608422636985779,-33.9658546447754,-33.35743200778962,93.4,32.75,3.29,3.279,0.329761595479874,True,6,134592
12,20,2016-01-24T01:32:32,8,-0.608422636985779,-33.9658546447754,-33.35743200778962,93.4,32.75,3.28,3.22,1.798699611708372,True,6,134592
12,20,2016-01-24T03:16:46,1,-6.95718097686768,-42.721851348877,-35.76467037200932,68.2,42.25,3.248,3.238,0.27960554077485866,True,5,134593
12,20,2016-01-24T03:16:46,2,-6.95718097686768,-42.721851348877,-35.76467037200932,68.2,42.25,3.243,3.232,0.3075660948523284,True,5,134593
12,20,2016-01-24T03:16:46,3,-6.95718097686768,-42.721851348877,-35.76467037200932,68.2,42.25,3.253,3.242,0.30756609485234077,True,5,134593
12,20,2016-01-24T03:16:46,4,-6.95718097686768,-42.721851348877,-35.76467037200932,68.2,42.25,3.244,3.234,0.27960554077485866,True,5,134593
12,20,2016-01-24T03:16:46,5,-6.95718097686768,-42.721851348877,-35.76467037200932,68.2,42.25,3.242,3.232,0.27960554077484623,True,5,134593
12,20,2016-01-24T03:16:46,6,-6.95718097686768,-42.721851348877,-35.76467037200932,68.2,42.25,3.25,3.24,0.27960554077484623,True,5,134593
12,20,2016-01-24T03:16:46,7,-6.95718097686768,-42.721851348877,-35.76467037200932,68.2,42.25,3.251,3.243,0.22368443261988197,True,5,134593
12,20,2016-01-24T03:16:46,8,-6.95718097686768,-42.721851348877,-35.76467037200932,68.2,42.25,3.232,3.171,1.7055937987266092,True,5,134593
12,20,2016-01-24T09:01:01,1,-14.4698781967163,-35.0239791870117,-20.554100990295396,89.6,33.0,3.288,3.28,0.3892167311903937,True,6,134595
12,20,2016-01-24T09:01:01,2,-14.4698781967163,-35.0239791870117,-20.554100990295396,89.6,33.0,3.282,3.273,0.43786882258918747,True,6,134595
12,20,2016-01-24T09:01:01,3,-14.4698781967163,-35.0239791870117,-20.554100990295396,89.6,33.0,3.295,3.287,0.3892167311903937,True,6,134595
12,20,2016-01-24T09:01:01,4,-14.4698781967163,-35.0239791870117,-20.554100990295396,89.6,33.0,3.284,3.276,0.3892167311903937,True,6,134595
12,20,2016-01-24T09:01:01,5,-14.4698781967163,-35.0239791870117,-20.554100990295396,89.6,33.0,3.282,3.274,0.3892167311903937,True,6,134595
12,20,2016-01-24T09:01:01,6,-14.4698781967163,-35.0239791870117,-20.554100990295396,89.6,33.0,3.293,3.285,0.3892167311903937,True,6,134595
12,20,2016-01-24T09:01:01,7,-14.4698781967163,-35.0239791870117,-20.554100990295396,89.6,33.0,3.291,3.282,0.43786882258918747,True,6,134595
12,20,2016-01-24T09:01:01,8,-14.4698781967163,-35.0239791870117,-20.554100990295396,89.6,33.0,3.258,3.217,1.994735747350762,True,6,134595
12,20,2016-01-24T12:06:26,1,-16.3480529785156,-45.5787925720215,-29.2307395935059,89.6,41.75,3.285,3.277,0.27368448801676376,True,5,134596
12,20,2016-01-24T12:06:26,2,-16.3480529785156,-45.5787925720215,-29.2307395935059,89.6,41.75,3.28,3.271,0.3078950490188554,True,5,134596
12,20,2016-01-24T12:06:26,3,-16.3480529785156,-45.5787925720215,-29.2307395935059,89.6,41.75,3.291,3.282,0.3078950490188554,True,5,134596
12,20,2016-01-24T12:06:26,4,-16.3480529785156,-45.5787925720215,-29.2307395935059,89.6,41.75,3.282,3.274,0.27368448801676376,True,5,134596
12,20,2016-01-24T12:06:26,5,-16.3480529785156,-45.5787925720215,-29.2307395935059,89.6,41.75,3.28,3.271,0.3078950490188554,True,5,134596
12,20,2016-01-24T12:06:26,6,-16.3480529785156,-45.5787925720215,-29.2307395935059,89.6,41.75,3.288,3.28,0.27368448801676376,True,5,134596
12,20,2016-01-24T12:06:26,7,-16.3480529785156,-45.5787925720215,-29.2307395935059,89.6,41.75,3.289,3.28,0.30789504901887066,True,5,134596
12,20,2016-01-24T12:06:26,8,-16.3480529785156,-45.5787925720215,-29.2307395935059,89.6,41.75,3.252,3.195,1.950001977119438,True,5,134596
12,20,2016-01-24T15:50:19,1,-12.1684532165527,-47.1395263671875,-34.9710731506348,89.3,42.5,3.295,3.285,0.28595061858484216,True,5,134597
12,20,2016-01-24T15:50:19,2,-12.1684532165527,-47.1395263671875,-34.9710731506348,89.3,42.5,3.29,3.277,0.37173580416029994,True,5,134597
12,20,2016-01-24T15:50:19,3,-12.1684532165527,-47.1395263671875,-34.9710731506348,89.3,42.5,3.303,3.292,0.31454568044333653,True,5,134597
12,20,2016-01-24T15:50:19,4,-12.1684532165527,-47.1395263671875,-34.9710731506348,89.3,42.5,3.291,3.281,0.28595061858484216,True,5,134597
12,20,2016-01-24T15:50:19,5,-12.1684532165527,-47.1395263671875,-34.9710731506348,89.3,42.5,3.288,3.278,0.28595061858484216,True,5,134597
12,20,2016-01-24T15:50:19,6,-12.1684532165527,-47.1395263671875,-34.9710731506348,89.3,42.5,3.301,3.289,0.34314074230181824,True,5,134597
12,20,2016-01-24T15:50:19,7,-12.1684532165527,-47.1395263671875,-34.9710731506348,89.3,42.5,3.3,3.289,0.31454568044332387,True,5,134597
12,20,2016-01-24T15:50:19,8,-12.1684532165527,-47.1395263671875,-34.9710731506348,89.3,42.5,3.269,3.2,1.9730592682354517,True,5,134597
12,20,2016-01-24T22:07:27,1,-0.820047914981842,-21.9296684265137,-21.10962051153186,88.6,36.0,3.282,3.279,0.1421152975422396,True,5,134599
12,20,2016-01-24T22:07:27,2,-0.820047914981842,-21.9296684265137,-21.10962051153186,88.6,36.0,3.277,3.273,0.18948706338964574,True,5,134599
12,20,2016-01-24T22:07:27,3,-0.820047914981842,-21.9296684265137,-21.10962051153186,88.6,36.0,3.289,3.286,0.1421152975422396,True,5,134599
12,20,2016-01-24T22:07:27,4,-0.820047914981842,-21.9296684265137,-21.10962051153186,88.6,36.0,3.28,3.276,0.18948706338964574,True,5,134599
12,20,2016-01-24T22:07:27,5,-0.820047914981842,-21.9296684265137,-21.10962051153186,88.6,36.0,3.278,3.274,0.18948706338964574,True,5,134599
12,20,2016-01-24T22:07:27,6,-0.820047914981842,-21.9296684265137,-21.10962051153186,88.6,36.0,3.288,3.285,0.14211529754221855,True,5,134599
12,20,2016-01-24T22:07:27,7,-0.820047914981842,-21.9296684265137,-21.10962051153186,88.6,36.0,3.286,3.283,0.1421152975422396,True,5,134599
12,20,2016-01-24T22:07:27,8,-0.820047914981842,-21.9296684265137,-21.10962051153186,88.6,36.0,3.273,3.229,2.0843576972861033,True,5,134599
12,20,2016-01-25T00:01:11,1,-0.76714164018631,-34.0452117919922,-33.27807015180589,80.5,38.5,3.337,3.325,0.36059783350594354,True,5,134600
12,20,2016-01-25T00:01:11,2,-0.76714164018631,-34.0452117919922,-33.27807015180589,80.5,38.5,3.338,3.324,0.4206974724236075,True,5,134600
12,20,2016-01-25T00:01:11,3,-0.76714164018631,-34.0452117919922,-33.27807015180589,80.5,38.5,3.339,3.326,0.39064765296476883,True,5,134600
12,20,2016-01-25T00:01:11,4,-0.76714164018631,-34.0452117919922,-33.27807015180589,80.5,38.5,3.335,3.323,0.36059783350594354,True,5,134600
12,20,2016-01-25T00:01:11,5,-0.76714164018631,-34.0452117919922,-33.27807015180589,80.5,38.5,3.335,3.323,0.36059783350594354,True,5,134600
12,20,2016-01-25T00:01:11,6,-0.76714164018631,-34.0452117919922,-33.27807015180589,80.5,38.5,3.335,3.323,0.36059783350594354,True,5,134600
12,20,2016-01-25T00:01:11,7,-0.76714164018631,-34.0452117919922,-33.27807015180589,80.5,38.5,3.333,3.323,0.30049819458829297,True,5,134600
12,20,2016-01-25T00:01:11,8,-0.76714164018631,-34.0452117919922,-33.27807015180589,80.5,38.5,3.328,3.254,2.223686639953312,True,5,134600
12,20,2016-01-25T03:55:14,1,-12.6446104049683,-51.7159233093262,-39.071312904357896,58.2,43.75,3.268,3.253,0.38391338516619505,True,5,134601
12,20,2016-01-25T03:55:14,2,-12.6446104049683,-51.7159233093262,-39.071312904357896,58.2,43.75,3.266,3.251,0.38391338516620643,True,5,134601
12,20,2016-01-25T03:55:14,3,-12.6446104049683,-51.7159233093262,-39.071312904357896,58.2,43.75,3.271,3.256,0.38391338516620643,True,5,134601
12,20,2016-01-25T03:55:14,4,-12.6446104049683,-51.7159233093262,-39.071312904357896,58.2,43.75,3.266,3.253,0.33272493381070695,True,5,134601
12,20,2016-01-25T03:55:14,5,-12.6446104049683,-51.7159233093262,-39.071312904357896,58.2,43.75,3.265,3.251,0.3583191594884624,True,5,134601
12,20,2016-01-25T03:55:14,6,-12.6446104049683,-51.7159233093262,-39.071312904357896,58.2,43.75,3.269,3.256,0.3327249338107183,True,5,134601
12,20,2016-01-25T03:55:14,7,-12.6446104049683,-51.7159233093262,-39.071312904357896,58.2,43.75,3.27,3.257,0.33272493381070695,True,5,134601
12,20,2016-01-25T03:55:14,8,-12.6446104049683,-51.7159233093262,-39.071312904357896,58.2,43.75,3.245,3.161,2.1499149569307403,True,5,134601
12,20,2016-01-25T09:04:49,1,-0.608422636985779,-36.2937316894531,-35.68530905246732,93.6,37.75,3.305,3.292,0.3642955699469138,True,5,134603
12,20,2016-01-25T09:04:49,2,-0.608422636985779,-36.2937316894531,-35.68530905246732,93.6,37.75,3.303,3.29,0.3642955699469014,True,5,134603
12,20,2016-01-25T09:04:49,3,-0.608422636985779,-36.2937316894531,-35.68530905246732,93.6,37.75,3.312,3.299,0.3642955699469014,True,5,134603
12,20,2016-01-25T09:04:49,4,-0.608422636985779,-36.2937316894531,-35.68530905246732,93.6,37.75,3.304,3.293,0.3082500976473714,True,5,134603
12,20,2016-01-25T09:04:49,5,-0.608422636985779,-36.2937316894531,-35.68530905246732,93.6,37.75,3.303,3.291,0.33627283379714257,True,5,134603
12,20,2016-01-25T09:04:49,6,-0.608422636985779,-36.2937316894531,-35.68530905246732,93.6,37.75,3.309,3.297,0.33627283379714257,True,5,134603
12,20,2016-01-25T09:04:49,7,-0.608422636985779,-36.2937316894531,-35.68530905246732,93.6,37.75,3.307,3.295,0.33627283379714257,True,5,134603
12,20,2016-01-25T09:04:49,8,-0.608422636985779,-36.2937316894531,-35.68530905246732,93.6,37.75,3.299,3.226,2.0456597389326143,True,5,134603
12,20,2016-01-25T13:07:12,1,-0.608422636985779,-32.2728538513184,-31.664431214332623,93.2,39.5,3.296,3.287,0.28423059107172993,True,5,134604
12,20,2016-01-25T13:07:12,2,-0.608422636985779,-32.2728538513184,-31.664431214332623,93.2,39.5,3.292,3.282,0.3158117678574746,True,5,134604
12,20,2016-01-25T13:07:12,3,-0.608422636985779,-32.2728538513184,-31.664431214332623,93.2,39.5,3.304,3.294,0.3158117678574746,True,5,134604
12,20,2016-01-25T13:07:12,4,-0.608422636985779,-32.2728538513184,-31.664431214332623,93.2,39.5,3.293,3.285,0.25264941428598525,True,5,134604
12,20,2016-01-25T13:07:12,5,-0.608422636985779,-32.2728538513184,-31.664431214332623,93.2,39.5,3.291,3.283,0.25264941428598525,True,5,134604
12,20,2016-01-25T13:07:12,6,-0.608422636985779,-32.2728538513184,-31.664431214332623,93.2,39.5,3.301,3.292,0.284230591071744,True,5,134604
12,20,2016-01-25T13:07:12,7,-0.608422636985779,-32.2728538513184,-31.664431214332623,93.2,39.5,3.301,3.291,0.3158117678574886,True,5,134604
12,20,2016-01-25T13:07:12,8,-0.608422636985779,-32.2728538513184,-31.664431214332623,93.2,39.5,3.29,3.225,2.0527764910736273,True,5,134604
12,20,2016-01-25T16:19:29,1,-13.9937210083008,-45.0761795043945,-31.0824584960937,83.0,44.25,3.298,3.29,0.257379898086421,True,5,134605
12,20,2016-01-25T16:19:29,2,-13.9937210083008,-45.0761795043945,-31.0824584960937,83.0,44.25,3.294,3.285,0.28955238534722005,True,5,134605
12,20,2016-01-25T16:19:29,3,-13.9937210083008,-45.0761795043945,-31.0824584960937,83.0,44.25,3.303,3.295,0.257379898086421,True,5,134605
12,20,2016-01-25T16:19:29,4,-13.9937210083008,-45.0761795043945,-31.0824584960937,83.0,44.25,3.295,3.288,0.22520741082562196,True,5,134605
12,20,2016-01-25T16:19:29,5,-13.9937210083008,-45.0761795043945,-31.0824584960937,83.0,44.25,3.295,3.287,0.257379898086421,True,5,134605
12,20,2016-01-25T16:19:29,6,-13.9937210083008,-45.0761795043945,-31.0824584960937,83.0,44.25,3.3,3.292,0.257379898086421,True,5,134605
12,20,2016-01-25T16:19:29,7,-13.9937210083008,-45.0761795043945,-31.0824584960937,83.0,44.25,3.301,3.293,0.257379898086421,True,5,134605
12,20,2016-01-25T16:19:29,8,-13.9937210083008,-45.0761795043945,-31.0824584960937,83.0,44.25,3.27,3.212,1.8660042611265453,True,5,134605
12,20,2016-01-25T18:09:24,1,-35.0239791870117,-169.544097900391,-134.5201187133793,89.5,46.0,3.271,3.234,0.2750517941396964,True,5,134606
12,20,2016-01-25T18:09:24,2,-35.0239791870117,-169.544097900391,-134.5201187133793,89.5,46.0,3.267,3.227,0.29735329096183477,True,5,134606
12,20,2016-01-25T18:09:24,3,-35.0239791870117,-169.544097900391,-134.5201187133793,89.5,46.0,3.276,3.238,0.2824856264137414,True,5,134606
12,20,2016-01-25T18:09:24,4,-35.0239791870117,-169.544097900391,-134.5201187133793,89.5,46.0,3.27,3.235,0.26018412959160625,True,5,134606
12,20,2016-01-25T18:09:24,5,-35.0239791870117,-169.544097900391,-134.5201187133793,89.5,46.0,3.269,3.233,0.2676179618656513,True,5,134606
12,20,2016-01-25T18:09:24,6,-35.0239791870117,-169.544097900391,-134.5201187133793,89.5,46.0,3.276,3.241,0.260184129591603,True,5,134606
12,20,2016-01-25T18:09:24,7,-35.0239791870117,-169.544097900391,-134.5201187133793,89.5,46.0,3.276,3.242,0.25275029731755794,True,5,134606
12,20,2016-01-25T18:09:24,8,-35.0239791870117,-169.544097900391,-134.5201187133793,89.5,46.0,3.192,2.98,1.5759724420977244,True,5,134606
12,20,2016-01-25T22:02:07,1,-1.19039213657379,-28.1197071075439,-26.929314970970108,92.4,38.75,3.295,3.289,0.22280551905860968,True,5,134607
12,20,2016-01-25T22:02:07,2,-1.19039213657379,-28.1197071075439,-26.929314970970108,92.4,38.75,3.295,3.289,0.22280551905860968,True,5,134607
12,20,2016-01-25T22:02:07,3,-1.19039213657379,-28.1197071075439,-26.929314970970108,92.4,38.75,3.3,3.295,0.18567126588217747,True,5,134607
12,20,2016-01-25T22:02:07,4,-1.19039213657379,-28.1197071075439,-26.929314970970108,92.4,38.75,3.295,3.291,0.14853701270574526,True,5,134607
12,20,2016-01-25T22:02:07,5,-1.19039213657379,-28.1197071075439,-26.929314970970108,92.4,38.75,3.296,3.291,0.18567126588217747,True,5,134607
12,20,2016-01-25T22:02:07,6,-1.19039213657379,-28.1197071075439,-26.929314970970108,92.4,38.75,3.297,3.293,0.14853701270574526,True,5,134607
12,20,2016-01-25T22:02:07,7,-1.19039213657379,-28.1197071075439,-26.929314970970108,92.4,38.75,3.296,3.292,0.14853701270574526,True,5,134607
12,20,2016-01-25T22:02:07,8,-1.19039213657379,-28.1197071075439,-26.929314970970108,92.4,38.75,3.295,3.241,2.0052496715275527,True,5,134607
12,20,2016-01-26T01:33:22,1,-0.740688443183899,-22.4058265686035,-21.665138125419602,90.5,38.5,3.336,3.327,0.4154139220298919,True,5,134608
12,20,2016-01-26T01:33:22,2,-0.740688443183899,-22.4058265686035,-21.665138125419602,90.5,38.5,3.337,3.328,0.4154139220299124,True,5,134608
12,20,2016-01-26T01:33:22,3,-0.740688443183899,-22.4058265686035,-21.665138125419602,90.5,38.5,3.338,3.329,0.4154139220298919,True,5,134608
12,20,2016-01-26T01:33:22,4,-0.740688443183899,-22.4058265686035,-21.665138125419602,90.5,38.5,3.334,3.326,0.3692568195821307,True,5,134608
12,20,2016-01-26T01:33:22,5,-0.740688443183899,-22.4058265686035,-21.665138125419602,90.5,38.5,3.333,3.325,0.3692568195821307,True,5,134608
12,20,2016-01-26T01:33:22,6,-0.740688443183899,-22.4058265686035,-21.665138125419602,90.5,38.5,3.336,3.328,0.3692568195821307,True,5,134608
12,20,2016-01-26T01:33:22,7,-0.740688443183899,-22.4058265686035,-21.665138125419602,90.5,38.5,3.332,3.326,0.27694261468658776,True,5,134608
12,20,2016-01-26T01:33:22,8,-0.740688443183899,-22.4058265686035,-21.665138125419602,90.5,38.5,3.33,3.285,2.07706961014948,True,5,134608
12,20,2016-01-26T08:48:17,1,-0.661328971385956,-27.4583797454834,-26.797050774097443,88.4,35.0,3.275,3.266,0.3358578552494842,True,5,134610
12,20,2016-01-26T08:48:17,2,-0.661328971385956,-27.4583797454834,-26.797050774097443,88.4,35.0,3.272,3.261,0.41049293419380667,True,5,134610
12,20,2016-01-26T08:48:17,3,-0.661328971385956,-27.4583797454834,-26.797050774097443,88.4,35.0,3.284,3.277,0.2612227763051451,True,5,134610
12,20,2016-01-26T08:48:17,4,-0.661328971385956,-27.4583797454834,-26.797050774097443,88.4,35.0,3.275,3.267,0.29854031577732293,True,5,134610
12,20,2016-01-26T08:48:17,5,-0.661328971385956,-27.4583797454834,-26.797050774097443,88.4,35.0,3.273,3.264,0.33585785524950074,True,5,134610
12,20,2016-01-26T08:48:17,6,-0.661328971385956,-27.4583797454834,-26.797050774097443,88.4,35.0,3.283,3.276,0.2612227763051617,True,5,134610
12,20,2016-01-26T08:48:17,7,-0.661328971385956,-27.4583797454834,-26.797050774097443,88.4,35.0,3.279,3.272,0.2612227763051617,True,5,134610
12,20,2016-01-26T08:48:17,8,-0.661328971385956,-27.4583797454834,-26.797050774097443,88.4,35.0,3.269,3.217,1.9405120525525992,True,5,134610
12,20,2016-01-26T09:03:33,1,-0.608422636985779,-33.2251663208008,-32.616743683815024,87.3,36.25,3.281,3.27,0.33725009788326926,True,5,134611
12,20,2016-01-26T09:03:33,2,-0.608422636985779,-33.2251663208008,-32.616743683815024,87.3,36.25,3.277,3.264,0.3985682974984153,True,5,134611
12,20,2016-01-26T09:03:33,3,-0.608422636985779,-33.2251663208008,-32.616743683815024,87.3,36.25,3.291,3.28,0.33725009788326926,True,5,134611
12,20,2016-01-26T09:03:33,4,-0.608422636985779,-33.2251663208008,-32.616743683815024,87.3,36.25,3.28,3.27,0.3065909980756894,True,5,134611
12,20,2016-01-26T09:03:33,5,-0.608422636985779,-33.2251663208008,-32.616743683815024,87.3,36.25,3.277,3.267,0.306590998075703,True,5,134611
12,20,2016-01-26T09:03:33,6,-0.608422636985779,-33.2251663208008,-32.616743683815024,87.3,36.25,3.288,3.278,0.3065909980756894,True,5,134611
12,20,2016-01-26T09:03:33,7,-0.608422636985779,-33.2251663208008,-32.616743683815024,87.3,36.25,3.285,3.275,0.306590998075703,True,5,134611
12,20,2016-01-26T09:03:33,8,-0.608422636985779,-33.2251663208008,-32.616743683815024,87.3,36.25,3.271,3.212,1.8088868886465974,True,5,134611
12,20,2016-01-26T12:11:36,1,-13.4382047653198,-48.9912490844727,-35.5530443191529,93.2,38.5,3.291,3.278,0.3656508253780289,True,5,134612
12,20,2016-01-26T12:11:36,2,-13.4382047653198,-48.9912490844727,-35.5530443191529,93.2,38.5,3.288,3.274,0.3937778119455667,True,5,134612
12,20,2016-01-26T12:11:36,3,-13.4382047653198,-48.9912490844727,-35.5530443191529,93.2,38.5,3.299,3.286,0.3656508253780289,True,5,134612
12,20,2016-01-26T12:11:36,4,-13.4382047653198,-48.9912490844727,-35.5530443191529,93.2,38.5,3.29,3.278,0.33752383881049114,True,5,134612
12,20,2016-01-26T12:11:36,5,-13.4382047653198,-48.9912490844727,-35.5530443191529,93.2,38.5,3.287,3.276,0.30939685224295327,True,5,134612
12,20,2016-01-26T12:11:36,6,-13.4382047653198,-48.9912490844727,-35.5530443191529,93.2,38.5,3.297,3.284,0.3656508253780414,True,5,134612
12,20,2016-01-26T12:11:36,7,-13.4382047653198,-48.9912490844727,-35.5530443191529,93.2,38.5,3.296,3.284,0.33752383881049114,True,5,134612
12,20,2016-01-26T12:11:36,8,-13.4382047653198,-48.9912490844727,-35.5530443191529,93.2,38.5,3.266,3.193,2.0532700194304843,True,5,134612
12,20,2016-01-26T16:24:24,1,-0.634875774383545,-36.9815139770508,-36.34663820266726,89.4,41.5,3.285,3.276,0.24761574783936652,True,6,134613
12,20,2016-01-26T16:24:24,2,-0.634875774383545,-36.9815139770508,-36.34663820266726,89.4,41.5,3.281,3.271,0.2751286087104032,True,6,134613
12,20,2016-01-26T16:24:24,3,-0.634875774383545,-36.9815139770508,-36.34663820266726,89.4,41.5,3.294,3.285,0.24761574783935428,True,6,134613
12,20,2016-01-26T16:24:24,4,-0.634875774383545,-36.9815139770508,-36.34663820266726,89.4,41.5,3.283,3.274,0.24761574783935428,True,6,134613
12,20,2016-01-26T16:24:24,5,-0.634875774383545,-36.9815139770508,-36.34663820266726,89.4,41.5,3.281,3.272,0.24761574783936652,True,6,134613
12,20,2016-01-26T16:24:24,6,-0.634875774383545,-36.9815139770508,-36.34663820266726,89.4,41.5,3.293,3.284,0.24761574783936652,True,6,134613
12,20,2016-01-26T16:24:24,7,-0.634875774383545,-36.9815139770508,-36.34663820266726,89.4,41.5,3.291,3.283,0.22010288696831762,True,6,134613
12,20,2016-01-26T16:24:24,8,-0.634875774383545,-36.9815139770508,-36.34663820266726,89.4,41.5,3.279,3.211,1.8708745392306998,True,6,134613
12,20,2016-01-29T22:07:32,1,-6.16358613967896,-45.1819915771484,-39.01840543746944,74.3,26.5,3.246,3.227,0.4869496789265098,True,5,134639
12,20,2016-01-29T22:07:32,2,-6.16358613967896,-45.1819915771484,-39.01840543746944,74.3,26.5,3.235,3.213,0.5638364703359497,True,5,134639
12,20,2016-01-29T22:07:32,3,-6.16358613967896,-45.1819915771484,-39.01840543746944,74.3,26.5,3.248,3.228,0.512578609396323,True,5,134639
12,20,2016-01-29T22:07:32,4,-6.16358613967896,-45.1819915771484,-39.01840543746944,74.3,26.5,3.236,3.216,0.512578609396323,True,5,134639
12,20,2016-01-29T22:07:32,5,-6.16358613967896,-45.1819915771484,-39.01840543746944,74.3,26.5,3.233,3.211,0.5638364703359611,True,5,134639
12,20,2016-01-29T22:07:32,6,-6.16358613967896,-45.1819915771484,-39.01840543746944,74.3,26.5,3.243,3.223,0.512578609396323,True,5,134639
12,20,2016-01-29T22:07:32,7,-6.16358613967896,-45.1819915771484,-39.01840543746944,74.3,26.5,3.244,3.224,0.512578609396323,True,5,134639
12,20,2016-01-29T22:07:32,8,-6.16358613967896,-45.1819915771484,-39.01840543746944,74.3,26.5,3.221,3.151,1.7940251328871364,True,5,134639
12,20,2016-01-30T01:44:03,1,-0.608422636985779,-31.3998985290527,-30.79147589206692,84.3,34.25,3.311,3.299,0.3897182467661992,True,5,134640
12,20,2016-01-30T01:44:03,2,-0.608422636985779,-31.3998985290527,-30.79147589206692,84.3,34.25,3.309,3.296,0.42219476733006,True,5,134640
12,20,2016-01-30T01:44:03,3,-0.608422636985779,-31.3998985290527,-30.79147589206692,84.3,34.25,3.315,3.303,0.3897182467661992,True,5,134640
12,20,2016-01-30T01:44:03,4,-0.608422636985779,-31.3998985290527,-30.79147589206692,84.3,34.25,3.308,3.297,0.3572417262023385,True,5,134640
12,20,2016-01-30T01:44:03,5,-0.608422636985779,-31.3998985290527,-30.79147589206692,84.3,34.25,3.307,3.295,0.3897182467661992,True,5,134640
12,20,2016-01-30T01:44:03,6,-0.608422636985779,-31.3998985290527,-30.79147589206692,84.3,34.25,3.312,3.3,0.3897182467661992,True,5,134640
12,20,2016-01-30T01:44:03,7,-0.608422636985779,-31.3998985290527,-30.79147589206692,84.3,34.25,3.312,3.3,0.3897182467661992,True,5,134640
12,20,2016-01-30T01:44:03,8,-0.608422636985779,-31.3998985290527,-30.79147589206692,84.3,34.25,3.307,3.242,2.110973836650242,True,5,134640
12,20,2016-01-30T03:01:31,1,-12.8562345504761,-48.9118881225586,-36.0556535720825,70.2,43.5,3.262,3.252,0.27734901490575453,True,5,134641
12,20,2016-01-30T03:01:31,2,-12.8562345504761,-48.9118881225586,-36.0556535720825,70.2,43.5,3.258,3.246,0.33281881788689804,True,5,134641
12,20,2016-01-30T03:01:31,3,-12.8562345504761,-48.9118881225586,-36.0556535720825,70.2,43.5,3.268,3.257,0.305083916396314,True,5,134641
12,20,2016-01-30T03:01:31,4,-12.8562345504761,-48.9118881225586,-36.0556535720825,70.2,43.5,3.259,3.249,0.27734901490574226,True,5,134641
12,20,2016-01-30T03:01:31,5,-12.8562345504761,-48.9118881225586,-36.0556535720825,70.2,43.5,3.257,3.247,0.27734901490575453,True,5,134641
12,20,2016-01-30T03:01:31,6,-12.8562345504761,-48.9118881225586,-36.0556535720825,70.2,43.5,3.266,3.257,0.24961411341517048,True,5,134641
12,20,2016-01-30T03:01:31,7,-12.8562345504761,-48.9118881225586,-36.0556535720825,70.2,43.5,3.267,3.259,0.22187921192459872,True,5,134641
12,20,2016-01-30T03:01:31,8,-12.8562345504761,-48.9118881225586,-36.0556535720825,70.2,43.5,3.23,3.157,2.0246478088119604,True,5,134641
12,20,2016-01-30T09:08:33,1,-0.740688443183899,-32.4315719604492,-31.6908835172653,93.1,30.25,3.345,3.33,0.47332224082134144,True,5,134643
12,20,2016-01-30T09:08:33,2,-0.740688443183899,-32.4315719604492,-31.6908835172653,93.1,30.25,3.348,3.334,0.44176742476657505,True,5,134643
12,20,2016-01-30T09:08:33,3,-0.740688443183899,-32.4315719604492,-31.6908835172653,93.1,30.25,3.348,3.334,0.44176742476657505,True,5,134643
12,20,2016-01-30T09:08:33,4,-0.740688443183899,-32.4315719604492,-31.6908835172653,93.1,30.25,3.345,3.333,0.37865779265707034,True,5,134643
12,20,2016-01-30T09:08:33,5,-0.740688443183899,-32.4315719604492,-31.6908835172653,93.1,30.25,3.345,3.332,0.41021260871183673,True,5,134643
12,20,2016-01-30T09:08:33,6,-0.740688443183899,-32.4315719604492,-31.6908835172653,93.1,30.25,3.346,3.333,0.4102126087118227,True,5,134643
12,20,2016-01-30T09:08:33,7,-0.740688443183899,-32.4315719604492,-31.6908835172653,93.1,30.25,3.341,3.328,0.41021260871183673,True,5,134643
12,20,2016-01-30T09:08:33,8,-0.740688443183899,-32.4315719604492,-31.6908835172653,93.1,30.25,3.343,3.266,2.4297208362161977,True,5,134643
12,20,2016-01-30T12:16:21,1,-0.687782108783722,-33.013542175293,-32.325760066509275,86.9,40.25,3.291,3.281,0.3093508081302679,True,5,134644
12,20,2016-01-30T12:16:21,2,-0.687782108783722,-33.013542175293,-32.325760066509275,86.9,40.25,3.287,3.277,0.3093508081302679,True,5,134644
12,20,2016-01-30T12:16:21,3,-0.687782108783722,-33.013542175293,-32.325760066509275,86.9,40.25,3.298,3.289,0.2784157273172439,True,5,134644
12,20,2016-01-30T12:16:21,4,-0.687782108783722,-33.013542175293,-32.325760066509275,86.9,40.25,3.288,3.28,0.2474806465042198,True,5,134644
12,20,2016-01-30T12:16:21,5,-0.687782108783722,-33.013542175293,-32.325760066509275,86.9,40.25,3.287,3.278,0.2784157273172439,True,5,134644
12,20,2016-01-30T12:16:21,6,-0.687782108783722,-33.013542175293,-32.325760066509275,86.9,40.25,3.295,3.287,0.2474806465042198,True,5,134644
12,20,2016-01-30T12:16:21,7,-0.687782108783722,-33.013542175293,-32.325760066509275,86.9,40.25,3.295,3.287,0.2474806465042198,True,5,134644
12,20,2016-01-30T12:16:21,8,-0.687782108783722,-33.013542175293,-32.325760066509275,86.9,40.25,3.284,3.21,2.2891959801640263,True,5,134644
12,20,2016-01-30T16:23:17,1,-1.87817418575287,-41.0023956298828,-39.12422144412993,86.0,43.25,3.275,3.264,0.28115575451663144,True,5,134645
12,20,2016-01-30T16:23:17,2,-1.87817418575287,-41.0023956298828,-39.12422144412993,86.0,43.25,3.272,3.259,0.3322749826105582,True,5,134645
12,20,2016-01-30T16:23:17,3,-1.87817418575287,-41.0023956298828,-39.12422144412993,86.0,43.25,3.284,3.274,0.2555961404696567,True,5,134645
12,20,2016-01-30T16:23:17,4,-1.87817418575287,-41.0023956298828,-39.12422144412993,86.0,43.25,3.274,3.263,0.28115575451663144,True,5,134645
12,20,2016-01-30T16:23:17,5,-1.87817418575287,-41.0023956298828,-39.12422144412993,86.0,43.25,3.271,3.261,0.2555961404696567,True,5,134645
12,20,2016-01-30T16:23:17,6,-1.87817418575287,-41.0023956298828,-39.12422144412993,86.0,43.25,3.284,3.273,0.28115575451662006,True,5,134645
12,20,2016-01-30T16:23:17,7,-1.87817418575287,-41.0023956298828,-39.12422144412993,86.0,43.25,3.282,3.273,0.23003652642269326,True,5,134645
12,20,2016-01-30T16:23:17,8,-1.87817418575287,-41.0023956298828,-39.12422144412993,86.0,43.25,3.266,3.187,2.0192095097103353,True,5,134645
12,20,2016-01-31T12:37:16,1,-0.661328971385956,-26.6118774414063,-25.950548470020344,92.6,13.25,3.317,3.299,0.693626958243096,True,5,134652
12,20,2016-01-31T12:37:16,2,-0.661328971385956,-26.6118774414063,-25.950548470020344,92.6,13.25,3.319,3.3,0.7321617892565966,True,5,134652
12,20,2016-01-31T12:37:16,3,-0.661328971385956,-26.6118774414063,-25.950548470020344,92.6,13.25,3.32,3.302,0.6936269582430787,True,5,134652
12,20,2016-01-31T12:37:16,4,-0.661328971385956,-26.6118774414063,-25.950548470020344,92.6,13.25,3.318,3.301,0.6550921272295782,True,5,134652
12,20,2016-01-31T12:37:16,5,-0.661328971385956,-26.6118774414063,-25.950548470020344,92.6,13.25,3.317,3.299,0.693626958243096,True,5,134652
12,20,2016-01-31T12:37:16,6,-0.661328971385956,-26.6118774414063,-25.950548470020344,92.6,13.25,3.319,3.3,0.7321617892565966,True,5,134652
12,20,2016-01-31T12:37:16,7,-0.661328971385956,-26.6118774414063,-25.950548470020344,92.6,13.25,3.314,3.296,0.693626958243096,True,5,134652
12,20,2016-01-31T12:37:16,8,-0.661328971385956,-26.6118774414063,-25.950548470020344,92.6,13.25,3.314,3.251,2.42769435385081,True,5,134652
12,20,2016-02-01T22:00:34,1,-0.634875774383545,-37.2195930480957,-36.58471727371216,92.3,23.0,3.302,3.274,0.7653469012898275,True,4,134663
12,20,2016-02-01T22:00:34,2,-0.634875774383545,-37.2195930480957,-36.58471727371216,92.3,23.0,3.301,3.267,0.9293498087090822,True,4,134663
12,20,2016-02-01T22:00:34,3,-0.634875774383545,-37.2195930480957,-36.58471727371216,92.3,23.0,3.305,3.275,0.8200145370962497,True,4,134663
12,20,2016-02-01T22:00:34,4,-0.634875774383545,-37.2195930480957,-36.58471727371216,92.3,23.0,3.299,3.267,0.8746821729026599,True,4,134663
12,20,2016-02-01T22:00:34,5,-0.634875774383545,-37.2195930480957,-36.58471727371216,92.3,23.0,3.298,3.266,0.8746821729026599,True,4,134663
12,20,2016-02-01T22:00:34,6,-0.634875774383545,-37.2195930480957,-36.58471727371216,92.3,23.0,3.302,3.27,0.8746821729026599,True,4,134663
12,20,2016-02-01T22:00:34,7,-0.634875774383545,-37.2195930480957,-36.58471727371216,92.3,23.0,3.301,3.271,0.8200145370962497,True,4,134663
12,20,2016-02-01T22:00:34,8,-0.634875774383545,-37.2195930480957,-36.58471727371216,92.3,23.0,3.301,3.209,2.5147112470951476,True,4,134663
12,20,2016-02-02T02:21:26,1,-0.76714164018631,-24.4691715240479,-23.70202988386159,90.5,27.75,3.321,3.312,0.3797143132507957,True,5,134664
12,20,2016-02-02T02:21:26,2,-0.76714164018631,-24.4691715240479,-23.70202988386159,90.5,27.75,3.32,3.31,0.4219047925008591,True,5,134664
12,20,2016-02-02T02:21:26,3,-0.76714164018631,-24.4691715240479,-23.70202988386159,90.5,27.75,3.324,3.314,0.4219047925008591,True,5,134664
12,20,2016-02-02T02:21:26,4,-0.76714164018631,-24.4691715240479,-23.70202988386159,90.5,27.75,3.318,3.309,0.3797143132507769,True,5,134664
12,20,2016-02-02T02:21:26,5,-0.76714164018631,-24.4691715240479,-23.70202988386159,90.5,27.75,3.317,3.308,0.3797143132507957,True,5,134664
12,20,2016-02-02T02:21:26,6,-0.76714164018631,-24.4691715240479,-23.70202988386159,90.5,27.75,3.321,3.311,0.42190479250087787,True,5,134664
12,20,2016-02-02T02:21:26,7,-0.76714164018631,-24.4691715240479,-23.70202988386159,90.5,27.75,3.32,3.311,0.3797143132507769,True,5,134664
12,20,2016-02-02T02:21:26,8,-0.76714164018631,-24.4691715240479,-23.70202988386159,90.5,27.75,3.315,3.258,2.4048573172549457,True,5,134664
12,20,2016-02-03T01:36:51,1,-43.9386978149414,-133.588134765625,-89.6494369506836,92.5,31.25,3.263,3.228,0.39040959085167815,True,5,134672
12,20,2016-02-03T01:36:51,2,-43.9386978149414,-133.588134765625,-89.6494369506836,92.5,31.25,3.259,3.221,0.42387327006753783,True,5,134672
12,20,2016-02-03T01:36:51,3,-43.9386978149414,-133.588134765625,-89.6494369506836,92.5,31.25,3.267,3.233,0.37925503111305986,True,5,134672
12,20,2016-02-03T01:36:51,4,-43.9386978149414,-133.588134765625,-89.6494369506836,92.5,31.25,3.262,3.228,0.37925503111305986,True,5,134672
12,20,2016-02-03T01:36:51,5,-43.9386978149414,-133.588134765625,-89.6494369506836,92.5,31.25,3.259,3.225,0.37925503111305986,True,5,134672
12,20,2016-02-03T01:36:51,6,-43.9386978149414,-133.588134765625,-89.6494369506836,92.5,31.25,3.267,3.234,0.36810047137444163,True,5,134672
12,20,2016-02-03T01:36:51,7,-43.9386978149414,-133.588134765625,-89.6494369506836,92.5,31.25,3.266,3.235,0.34579135189720517,True,5,134672
12,20,2016-02-03T01:36:51,8,-43.9386978149414,-133.588134765625,-89.6494369506836,92.5,31.25,3.156,2.963,2.152830029553559,True,5,134672
12,20,2016-02-03T09:16:51,1,-0.634875774383545,-42.4308662414551,-41.795990467071555,85.7,32.5,3.289,3.27,0.45458905956467377,True,5,134675
12,20,2016-02-03T09:16:51,2,-0.634875774383545,-42.4308662414551,-41.795990467071555,85.7,32.5,3.284,3.264,0.4785147995417591,True,5,134675
12,20,2016-02-03T09:16:51,3,-0.634875774383545,-42.4308662414551,-41.795990467071555,85.7,32.5,3.297,3.279,0.43066331958758847,True,5,134675
12,20,2016-02-03T09:16:51,4,-0.634875774383545,-42.4308662414551,-41.795990467071555,85.7,32.5,3.286,3.269,0.4067375796104925,True,5,134675
12,20,2016-02-03T09:16:51,5,-0.634875774383545,-42.4308662414551,-41.795990467071555,85.7,32.5,3.283,3.266,0.4067375796104925,True,5,134675
12,20,2016-02-03T09:16:51,6,-0.634875774383545,-42.4308662414551,-41.795990467071555,85.7,32.5,3.295,3.278,0.4067375796104925,True,5,134675
12,20,2016-02-03T09:16:51,7,-0.634875774383545,-42.4308662414551,-41.795990467071555,85.7,32.5,3.292,3.275,0.4067375796104925,True,5,134675
12,20,2016-02-03T09:16:51,8,-0.634875774383545,-42.4308662414551,-41.795990467071555,85.7,32.5,3.275,3.186,2.1293908579608254,True,5,134675
12,20,2016-02-03T12:10:30,1,-0.76714164018631,-62.7733459472656,-62.00620430707929,90.6,24.75,3.333,3.302,0.4999499702719402,True,5,134676
12,20,2016-02-03T12:10:30,2,-0.76714164018631,-62.7733459472656,-62.00620430707929,90.6,24.75,3.335,3.303,0.5160773886678074,True,5,134676
12,20,2016-02-03T12:10:30,3,-0.76714164018631,-62.7733459472656,-62.00620430707929,90.6,24.75,3.335,3.306,0.46769513348019864,True,5,134676
12,20,2016-02-03T12:10:30,4,-0.76714164018631,-62.7733459472656,-62.00620430707929,90.6,24.75,3.333,3.306,0.43544029668846423,True,5,134676
12,20,2016-02-03T12:10:30,5,-0.76714164018631,-62.7733459472656,-62.00620430707929,90.6,24.75,3.332,3.304,0.4515677150843314,True,5,134676
12,20,2016-02-03T12:10:30,6,-0.76714164018631,-62.7733459472656,-62.00620430707929,90.6,24.75,3.333,3.306,0.43544029668846423,True,5,134676
12,20,2016-02-03T12:10:30,7,-0.76714164018631,-62.7733459472656,-62.00620430707929,90.6,24.75,3.33,3.305,0.4031854598967227,True,5,134676
12,20,2016-02-03T12:10:30,8,-0.76714164018631,-62.7733459472656,-62.00620430707929,90.6,24.75,3.327,3.142,2.9835724032357596,True,5,134676
12,20,2016-02-03T16:22:57,1,-0.952313721179962,-120.465538024902,-119.51322430372204,90.4,42.0,3.278,3.243,0.29285462093344367,True,5,134677
12,20,2016-02-03T16:22:57,2,-0.952313721179962,-120.465538024902,-119.51322430372204,90.4,42.0,3.279,3.24,0.3263237204686905,True,5,134677
12,20,2016-02-03T16:22:57,3,-0.952313721179962,-120.465538024902,-119.51322430372204,90.4,42.0,3.284,3.248,0.3012218958172517,True,5,134677
12,20,2016-02-03T16:22:57,4,-0.952313721179962,-120.465538024902,-119.51322430372204,90.4,42.0,3.278,3.246,0.26775279628200477,True,5,134677
12,20,2016-02-03T16:22:57,5,-0.952313721179962,-120.465538024902,-119.51322430372204,90.4,42.0,3.279,3.246,0.2761200711658165,True,5,134677
12,20,2016-02-03T16:22:57,6,-0.952313721179962,-120.465538024902,-119.51322430372204,90.4,42.0,3.283,3.25,0.2761200711658165,True,5,134677
12,20,2016-02-03T16:22:57,7,-0.952313721179962,-120.465538024902,-119.51322430372204,90.4,42.0,3.282,3.252,0.2510182465143813,True,5,134677
12,20,2016-02-03T16:22:57,8,-0.952313721179962,-120.465538024902,-119.51322430372204,90.4,42.0,3.282,3.024,2.1587569200236616,True,5,134677
12,20,2016-02-03T23:18:02,1,-0.740688443183899,-35.5794982910156,-34.8388098478317,79.9,39.25,3.275,3.264,0.3157398329060526,True,5,134679
12,20,2016-02-03T23:18:02,2,-0.740688443183899,-35.5794982910156,-34.8388098478317,79.9,39.25,3.272,3.259,0.3731470752526007,True,5,134679
12,20,2016-02-03T23:18:02,3,-0.740688443183899,-35.5794982910156,-34.8388098478317,79.9,39.25,3.283,3.272,0.3157398329060526,True,5,134679
12,20,2016-02-03T23:18:02,4,-0.740688443183899,-35.5794982910156,-34.8388098478317,79.9,39.25,3.274,3.263,0.3157398329060526,True,5,134679
12,20,2016-02-03T23:18:02,5,-0.740688443183899,-35.5794982910156,-34.8388098478317,79.9,39.25,3.272,3.261,0.31573983290603985,True,5,134679
12,20,2016-02-03T23:18:02,6,-0.740688443183899,-35.5794982910156,-34.8388098478317,79.9,39.25,3.281,3.271,0.28703621173277855,True,5,134679
12,20,2016-02-03T23:18:02,7,-0.740688443183899,-35.5794982910156,-34.8388098478317,79.9,39.25,3.28,3.271,0.2583325905594918,True,5,134679
12,20,2016-02-03T23:18:02,8,-0.740688443183899,-35.5794982910156,-34.8388098478317,79.9,39.25,3.261,3.157,2.985176602020831,True,5,134679
12,20,2016-02-04T02:13:13,1,-7.80368185043335,-44.3354949951172,-36.53181314468385,90.2,36.0,3.28,3.268,0.328480821701188,True,6,134680
12,20,2016-02-04T02:13:13,2,-7.80368185043335,-44.3354949951172,-36.53181314468385,90.2,36.0,3.278,3.265,0.35585422350961726,True,6,134680
12,20,2016-02-04T02:13:13,3,-7.80368185043335,-44.3354949951172,-36.53181314468385,90.2,36.0,3.29,3.278,0.328480821701188,True,6,134680
12,20,2016-02-04T02:13:13,4,-7.80368185043335,-44.3354949951172,-36.53181314468385,90.2,36.0,3.281,3.27,0.30110741989275863,True,6,134680
12,20,2016-02-04T02:13:13,5,-7.80368185043335,-44.3354949951172,-36.53181314468385,90.2,36.0,3.278,3.267,0.30110741989275863,True,6,134680
12,20,2016-02-04T02:13:13,6,-7.80368185043335,-44.3354949951172,-36.53181314468385,90.2,36.0,3.29,3.279,0.30110741989275863,True,6,134680
12,20,2016-02-04T02:13:13,7,-7.80368185043335,-44.3354949951172,-36.53181314468385,90.2,36.0,3.289,3.278,0.30110741989275863,True,6,134680
12,20,2016-02-04T02:13:13,8,-7.80368185043335,-44.3354949951172,-36.53181314468385,90.2,36.0,3.261,3.179,2.244618948291457,True,6,134680
12,20,2016-02-04T06:47:16,1,-1.90462744235992,-37.6692962646484,-35.764668822288485,85.9,27.25,3.333,3.315,0.5032899952028261,True,5,134682
12,20,2016-02-04T06:47:16,2,-1.90462744235992,-37.6692962646484,-35.764668822288485,85.9,27.25,3.333,3.315,0.5032899952028261,True,5,134682
12,20,2016-02-04T06:47:16,3,-1.90462744235992,-37.6692962646484,-35.764668822288485,85.9,27.25,3.334,3.317,0.4753294399137713,True,5,134682
12,20,2016-02-04T06:47:16,4,-1.90462744235992,-37.6692962646484,-35.764668822288485,85.9,27.25,3.331,3.316,0.4194083293356864,True,5,134682
12,20,2016-02-04T06:47:16,5,-1.90462744235992,-37.6692962646484,-35.764668822288485,85.9,27.25,3.331,3.315,0.44736888462472885,True,5,134682
12,20,2016-02-04T06:47:16,6,-1.90462744235992,-37.6692962646484,-35.764668822288485,85.9,27.25,3.332,3.316,0.44736888462472885,True,5,134682
12,20,2016-02-04T06:47:16,7,-1.90462744235992,-37.6692962646484,-35.764668822288485,85.9,27.25,3.328,3.314,0.39144777404663156,True,5,134682
12,20,2016-02-04T06:47:16,8,-1.90462744235992,-37.6692962646484,-35.764668822288485,85.9,27.25,3.309,3.21,2.7680949736155127,True,5,134682
12,20,2016-02-04T09:05:45,1,-0.608422636985779,-21.109619140625,-20.50119650363922,93.9,36.25,3.298,3.292,0.29266584508543936,True,5,134683
12,20,2016-02-04T09:05:45,2,-0.608422636985779,-21.109619140625,-20.50119650363922,93.9,36.25,3.296,3.289,0.34144348593298374,True,5,134683
12,20,2016-02-04T09:05:45,3,-0.608422636985779,-21.109619140625,-20.50119650363922,93.9,36.25,3.306,3.299,0.34144348593300533,True,5,134683
12,20,2016-02-04T09:05:45,4,-0.608422636985779,-21.109619140625,-20.50119650363922,93.9,36.25,3.297,3.292,0.24388820423787336,True,5,134683
12,20,2016-02-04T09:05:45,5,-0.608422636985779,-21.109619140625,-20.50119650363922,93.9,36.25,3.297,3.291,0.29266584508543936,True,5,134683
12,20,2016-02-04T09:05:45,6,-0.608422636985779,-21.109619140625,-20.50119650363922,93.9,36.25,3.304,3.297,0.34144348593298374,True,5,134683
12,20,2016-02-04T09:05:45,7,-0.608422636985779,-21.109619140625,-20.50119650363922,93.9,36.25,3.302,3.295,0.34144348593300533,True,5,134683
12,20,2016-02-04T09:05:45,8,-0.608422636985779,-21.109619140625,-20.50119650363922,93.9,36.25,3.293,3.247,2.2437714789882963,True,5,134683
12,20,2016-02-04T13:04:04,1,-0.634875774383545,-36.452449798584,-35.817574024200454,85.8,40.75,3.289,3.277,0.3350310658084243,True,6,134684
12,20,2016-02-04T13:04:04,2,-0.634875774383545,-36.452449798584,-35.817574024200454,85.8,40.75,3.282,3.269,0.3629503212924566,True,6,134684
12,20,2016-02-04T13:04:04,3,-0.634875774383545,-36.452449798584,-35.817574024200454,85.8,40.75,3.297,3.284,0.36295032129246896,True,6,134684
12,20,2016-02-04T13:04:04,4,-0.634875774383545,-36.452449798584,-35.817574024200454,85.8,40.75,3.283,3.272,0.30711181032439205,True,6,134684
12,20,2016-02-04T13:04:04,5,-0.634875774383545,-36.452449798584,-35.817574024200454,85.8,40.75,3.281,3.27,0.30711181032439205,True,6,134684
12,20,2016-02-04T13:04:04,6,-0.634875774383545,-36.452449798584,-35.817574024200454,85.8,40.75,3.295,3.283,0.3350310658084243,True,6,134684
12,20,2016-02-04T13:04:04,7,-0.634875774383545,-36.452449798584,-35.817574024200454,85.8,40.75,3.294,3.282,0.3350310658084243,True,6,134684
12,20,2016-02-04T13:04:04,8,-0.634875774383545,-36.452449798584,-35.817574024200454,85.8,40.75,3.274,3.186,2.456894482595111,True,6,134684
12,20,2016-02-04T16:37:47,1,-12.53879737854,-50.7900657653809,-38.251268386840906,92.2,45.5,3.306,3.294,0.3137150872656609,True,5,134685
12,20,2016-02-04T16:37:47,2,-12.53879737854,-50.7900657653809,-38.251268386840906,92.2,45.5,3.304,3.291,0.3398580112044631,True,5,134685
12,20,2016-02-04T16:37:47,3,-12.53879737854,-50.7900657653809,-38.251268386840906,92.2,45.5,3.312,3.299,0.3398580112044631,True,5,134685
12,20,2016-02-04T16:37:47,4,-12.53879737854,-50.7900657653809,-38.251268386840906,92.2,45.5,3.304,3.293,0.2875721633268471,True,5,134685
12,20,2016-02-04T16:37:47,5,-12.53879737854,-50.7900657653809,-38.251268386840906,92.2,45.5,3.304,3.292,0.3137150872656609,True,5,134685
12,20,2016-02-04T16:37:47,6,-12.53879737854,-50.7900657653809,-38.251268386840906,92.2,45.5,3.309,3.297,0.3137150872656609,True,5,134685
12,20,2016-02-04T16:37:47,7,-12.53879737854,-50.7900657653809,-38.251268386840906,92.2,45.5,3.309,3.298,0.2875721633268587,True,5,134685
12,20,2016-02-04T16:37:47,8,-12.53879737854,-50.7900657653809,-38.251268386840906,92.2,45.5,3.272,3.184,2.300577306614835,True,5,134685
12,20,2016-02-04T23:03:33,1,-0.793594777584076,-48.1976547241211,-47.404059946537025,90.2,30.0,3.33,3.311,0.4008095513639253,True,5,134687
12,20,2016-02-04T23:03:33,2,-0.793594777584076,-48.1976547241211,-47.404059946537025,90.2,30.0,3.33,3.311,0.4008095513639253,True,5,134687
12,20,2016-02-04T23:03:33,3,-0.793594777584076,-48.1976547241211,-47.404059946537025,90.2,30.0,3.332,3.313,0.400809551363916,True,5,134687
12,20,2016-02-04T23:03:33,4,-0.793594777584076,-48.1976547241211,-47.404059946537025,90.2,30.0,3.328,3.311,0.3586190722729814,True,5,134687
12,20,2016-02-04T23:03:33,5,-0.793594777584076,-48.1976547241211,-47.404059946537025,90.2,30.0,3.327,3.311,0.33752383272751413,True,5,134687
12,20,2016-02-04T23:03:33,6,-0.793594777584076,-48.1976547241211,-47.404059946537025,90.2,30.0,3.329,3.312,0.3586190722729908,True,5,134687
12,20,2016-02-04T23:03:33,7,-0.793594777584076,-48.1976547241211,-47.404059946537025,90.2,30.0,3.327,3.31,0.3586190722729814,True,5,134687
12,20,2016-02-04T23:03:33,8,-0.793594777584076,-48.1976547241211,-47.404059946537025,90.2,30.0,3.315,3.261,1.1391429354553555,True,5,134687
12,20,2016-02-05T02:40:45,1,-0.740688443183899,-23.9930152893066,-23.252326846122703,92.3,31.5,3.318,3.31,0.3440515890277019,True,5,134688
12,20,2016-02-05T02:40:45,2,-0.740688443183899,-23.9930152893066,-23.252326846122703,92.3,31.5,3.318,3.308,0.4300644862846369,True,5,134688
12,20,2016-02-05T02:40:45,3,-0.740688443183899,-23.9930152893066,-23.252326846122703,92.3,31.5,3.322,3.314,0.3440515890277019,True,5,134688
12,20,2016-02-05T02:40:45,4,-0.740688443183899,-23.9930152893066,-23.252326846122703,92.3,31.5,3.316,3.308,0.3440515890277019,True,5,134688
12,20,2016-02-05T02:40:45,5,-0.740688443183899,-23.9930152893066,-23.252326846122703,92.3,31.5,3.315,3.308,0.3010451403992439,True,5,134688
12,20,2016-02-05T02:40:45,6,-0.740688443183899,-23.9930152893066,-23.252326846122703,92.3,31.5,3.32,3.311,0.3870580376561598,True,5,134688
12,20,2016-02-05T02:40:45,7,-0.740688443183899,-23.9930152893066,-23.252326846122703,92.3,31.5,3.318,3.31,0.3440515890277019,True,5,134688
12,20,2016-02-05T02:40:45,8,-0.740688443183899,-23.9930152893066,-23.252326846122703,92.3,31.5,3.312,3.281,1.3331999074823304,True,5,134688
12,20,2016-02-05T03:08:58,1,-0.76714164018631,-49.3615951538086,-48.59445351362229,85.1,32.75,3.333,3.313,0.41156960422229044,True,5,134689
12,20,2016-02-05T03:08:58,2,-0.76714164018631,-49.3615951538086,-48.59445351362229,85.1,32.75,3.333,3.312,0.43214808443341185,True,5,134689
12,20,2016-02-05T03:08:58,3,-0.76714164018631,-49.3615951538086,-48.59445351362229,85.1,32.75,3.335,3.315,0.41156960422229044,True,5,134689
12,20,2016-02-05T03:08:58,4,-0.76714164018631,-49.3615951538086,-48.59445351362229,85.1,32.75,3.331,3.312,0.3909911240111782,True,5,134689
12,20,2016-02-05T03:08:58,5,-0.76714164018631,-49.3615951538086,-48.59445351362229,85.1,32.75,3.33,3.311,0.3909911240111782,True,5,134689
12,20,2016-02-05T03:08:58,6,-0.76714164018631,-49.3615951538086,-48.59445351362229,85.1,32.75,3.332,3.313,0.39099112401116903,True,5,134689
12,20,2016-02-05T03:08:58,7,-0.76714164018631,-49.3615951538086,-48.59445351362229,85.1,32.75,3.329,3.312,0.34983416358895375,True,5,134689
12,20,2016-02-05T03:08:58,8,-0.76714164018631,-49.3615951538086,-48.59445351362229,85.1,32.75,3.318,3.253,1.3376012137224418,True,5,134689
12,20,2016-02-05T06:55:29,1,-0.740688443183899,-41.9547119140625,-41.2140234708786,93.4,28.0,3.332,3.314,0.4367445467370689,True,5,134690
12,20,2016-02-05T06:55:29,2,-0.740688443183899,-41.9547119140625,-41.2140234708786,93.4,28.0,3.333,3.315,0.4367445467370797,True,5,134690
12,20,2016-02-05T06:55:29,3,-0.740688443183899,-41.9547119140625,-41.2140234708786,93.4,28.0,3.335,3.317,0.4367445467370689,True,5,134690
12,20,2016-02-05T06:55:29,4,-0.740688443183899,-41.9547119140625,-41.2140234708786,93.4,28.0,3.331,3.315,0.3882173748773994,True,5,134690
12,20,2016-02-05T06:55:29,5,-0.740688443183899,-41.9547119140625,-41.2140234708786,93.4,28.0,3.331,3.315,0.3882173748773994,True,5,134690
12,20,2016-02-05T06:55:29,6,-0.740688443183899,-41.9547119140625,-41.2140234708786,93.4,28.0,3.332,3.316,0.3882173748773994,True,5,134690
12,20,2016-02-05T06:55:29,7,-0.740688443183899,-41.9547119140625,-41.2140234708786,93.4,28.0,3.327,3.313,0.3396902030177191,True,5,134690
12,20,2016-02-05T06:55:29,8,-0.740688443183899,-41.9547119140625,-41.2140234708786,93.4,28.0,3.331,3.269,1.5043423276499173,True,5,134690
12,20,2016-02-05T09:11:46,1,-3.3330979347229,-42.0605201721191,-38.7274222373962,89.8,34.75,3.289,3.276,0.33567945525295534,True,5,134691
12,20,2016-02-05T09:11:46,2,-3.3330979347229,-42.0605201721191,-38.7274222373962,89.8,34.75,3.284,3.271,0.33567945525294385,True,5,134691
12,20,2016-02-05T09:11:46,3,-3.3330979347229,-42.0605201721191,-38.7274222373962,89.8,34.75,3.297,3.284,0.33567945525295534,True,5,134691
12,20,2016-02-05T09:11:46,4,-3.3330979347229,-42.0605201721191,-38.7274222373962,89.8,34.75,3.287,3.275,0.30985795869502775,True,5,134691
12,20,2016-02-05T09:11:46,5,-3.3330979347229,-42.0605201721191,-38.7274222373962,89.8,34.75,3.284,3.272,0.30985795869502775,True,5,134691
12,20,2016-02-05T09:11:46,6,-3.3330979347229,-42.0605201721191,-38.7274222373962,89.8,34.75,3.294,3.281,0.33567945525294385,True,5,134691
12,20,2016-02-05T09:11:46,7,-3.3330979347229,-42.0605201721191,-38.7274222373962,89.8,34.75,3.292,3.279,0.33567945525294385,True,5,134691
12,20,2016-02-05T09:11:46,8,-3.3330979347229,-42.0605201721191,-38.7274222373962,89.8,34.75,3.277,3.242,0.9037523795271671,True,5,134691
12,20,2016-02-05T12:05:40,1,-0.76714164018631,-31.4792575836182,-30.71211594343189,90.2,30.5,3.323,3.311,0.390725276698701,True,5,134692
12,20,2016-02-05T12:05:40,2,-0.76714164018631,-31.4792575836182,-30.71211594343189,90.2,30.5,3.323,3.311,0.390725276698701,True,5,134692
12,20,2016-02-05T12:05:40,3,-0.76714164018631,-31.4792575836182,-30.71211594343189,90.2,30.5,3.326,3.315,0.35816483697381285,True,5,134692
12,20,2016-02-05T12:05:40,4,-0.76714164018631,-31.4792575836182,-30.71211594343189,90.2,30.5,3.322,3.311,0.35816483697381285,True,5,134692
12,20,2016-02-05T12:05:40,5,-0.76714164018631,-31.4792575836182,-30.71211594343189,90.2,30.5,3.321,3.311,0.3256043972489247,True,5,134692
12,20,2016-02-05T12:05:40,6,-0.76714164018631,-31.4792575836182,-30.71211594343189,90.2,30.5,3.324,3.313,0.35816483697379836,True,5,134692
12,20,2016-02-05T12:05:40,7,-0.76714164018631,-31.4792575836182,-30.71211594343189,90.2,30.5,3.322,3.311,0.35816483697381285,True,5,134692
12,20,2016-02-05T12:05:40,8,-0.76714164018631,-31.4792575836182,-30.71211594343189,90.2,30.5,3.319,3.275,1.432659347895237,True,5,134692
12,20,2016-02-05T15:24:18,1,-9.76121520996094,-47.1924362182617,-37.43122100830076,88.9,40.5,3.297,3.285,0.32058799250334064,True,5,134693
12,20,2016-02-05T15:24:18,2,-9.76121520996094,-47.1924362182617,-37.43122100830076,88.9,40.5,3.291,3.278,0.3473036585452827,True,5,134693
12,20,2016-02-05T15:24:18,3,-9.76121520996094,-47.1924362182617,-37.43122100830076,88.9,40.5,3.304,3.292,0.32058799250334064,True,5,134693
12,20,2016-02-05T15:24:18,4,-9.76121520996094,-47.1924362182617,-37.43122100830076,88.9,40.5,3.293,3.281,0.32058799250334064,True,5,134693
12,20,2016-02-05T15:24:18,5,-9.76121520996094,-47.1924362182617,-37.43122100830076,88.9,40.5,3.29,3.279,0.29387232646139855,True,5,134693
12,20,2016-02-05T15:24:18,6,-9.76121520996094,-47.1924362182617,-37.43122100830076,88.9,40.5,3.301,3.289,0.32058799250334064,True,5,134693
12,20,2016-02-05T15:24:18,7,-9.76121520996094,-47.1924362182617,-37.43122100830076,88.9,40.5,3.301,3.289,0.32058799250334064,True,5,134693
12,20,2016-02-05T15:24:18,8,-9.76121520996094,-47.1924362182617,-37.43122100830076,88.9,40.5,3.28,3.239,1.0953423077197442,True,5,134693
12,20,2016-02-05T22:09:09,1,-0.740688443183899,-23.6226711273193,-22.8819826841354,91.9,29.0,3.324,3.315,0.39332255968534585,True,6,134695
12,20,2016-02-05T22:09:09,2,-0.740688443183899,-23.6226711273193,-22.8819826841354,91.9,29.0,3.324,3.315,0.39332255968534585,True,6,134695
12,20,2016-02-05T22:09:09,3,-0.740688443183899,-23.6226711273193,-22.8819826841354,91.9,29.0,3.327,3.318,0.39332255968534585,True,6,134695
12,20,2016-02-05T22:09:09,4,-0.740688443183899,-23.6226711273193,-22.8819826841354,91.9,29.0,3.322,3.315,0.3059175464219443,True,6,134695
12,20,2016-02-05T22:09:09,5,-0.740688443183899,-23.6226711273193,-22.8819826841354,91.9,29.0,3.321,3.313,0.3496200530536451,True,6,134695
12,20,2016-02-05T22:09:09,6,-0.740688443183899,-23.6226711273193,-22.8819826841354,91.9,29.0,3.325,3.317,0.3496200530536451,True,6,134695
12,20,2016-02-05T22:09:09,7,-0.740688443183899,-23.6226711273193,-22.8819826841354,91.9,29.0,3.323,3.314,0.39332255968534585,True,6,134695
12,20,2016-02-05T22:09:09,8,-0.740688443183899,-23.6226711273193,-22.8819826841354,91.9,29.0,3.319,3.277,1.8355052785316268,True,6,134695
12,20,2016-02-06T00:01:16,1,-5.55516338348389,-32.510929107666,-26.95576572418211,81.2,38.25,3.274,3.269,0.18548907314157193,True,5,134696
12,20,2016-02-06T00:01:16,2,-5.55516338348389,-32.510929107666,-26.95576572418211,81.2,38.25,3.271,3.265,0.22258688776988303,True,5,134696
12,20,2016-02-06T00:01:16,3,-5.55516338348389,-32.510929107666,-26.95576572418211,81.2,38.25,3.281,3.278,0.11129344388494974,True,5,134696
12,20,2016-02-06T00:01:16,4,-5.55516338348389,-32.510929107666,-26.95576572418211,81.2,38.25,3.272,3.268,0.14839125851326085,True,5,134696
12,20,2016-02-06T00:01:16,5,-5.55516338348389,-32.510929107666,-26.95576572418211,81.2,38.25,3.27,3.266,0.14839125851326085,True,5,134696
12,20,2016-02-06T00:01:16,6,-5.55516338348389,-32.510929107666,-26.95576572418211,81.2,38.25,3.278,3.275,0.11129344388494974,True,5,134696
12,20,2016-02-06T00:01:16,7,-5.55516338348389,-32.510929107666,-26.95576572418211,81.2,38.25,3.276,3.275,0.03709781462831109,True,5,134696
12,20,2016-02-06T00:01:16,8,-5.55516338348389,-32.510929107666,-26.95576572418211,81.2,38.25,3.27,3.224,1.7064994729024914,True,5,134696
12,20,2016-02-06T03:24:34,1,-13.0678606033325,-50.0758285522461,-37.0079679489136,80.6,38.5,3.273,3.259,0.37829691214946093,True,5,134697
12,20,2016-02-06T03:24:34,2,-13.0678606033325,-50.0758285522461,-37.0079679489136,80.6,38.5,3.268,3.254,0.37829691214944894,True,5,134697
12,20,2016-02-06T03:24:34,3,-13.0678606033325,-50.0758285522461,-37.0079679489136,80.6,38.5,3.281,3.268,0.35127570413878856,True,5,134697
12,20,2016-02-06T03:24:34,4,-13.0678606033325,-50.0758285522461,-37.0079679489136,80.6,38.5,3.27,3.258,0.3242544961281042,True,5,134697
12,20,2016-02-06T03:24:34,5,-13.0678606033325,-50.0758285522461,-37.0079679489136,80.6,38.5,3.268,3.255,0.35127570413877657,True,5,134697
12,20,2016-02-06T03:24:34,6,-13.0678606033325,-50.0758285522461,-37.0079679489136,80.6,38.5,3.28,3.268,0.3242544961281042,True,5,134697
12,20,2016-02-06T03:24:34,7,-13.0678606033325,-50.0758285522461,-37.0079679489136,80.6,38.5,3.278,3.265,0.35127570413877657,True,5,134697
12,20,2016-02-06T03:24:34,8,-13.0678606033325,-50.0758285522461,-37.0079679489136,80.6,38.5,3.253,3.191,1.6753148966618778,True,5,134697
12,20,2016-02-06T08:57:31,1,-0.608422636985779,-29.019115447998,-28.410692811012222,89.3,33.75,3.296,3.284,0.4223761834962613,True,5,134698
12,20,2016-02-06T08:57:31,2,-0.608422636985779,-29.019115447998,-28.410692811012222,89.3,33.75,3.291,3.279,0.4223761834962613,True,5,134698
12,20,2016-02-06T08:57:31,3,-0.608422636985779,-29.019115447998,-28.410692811012222,89.3,33.75,3.305,3.293,0.4223761834962613,True,5,134698
12,20,2016-02-06T08:57:31,4,-0.608422636985779,-29.019115447998,-28.410692811012222,89.3,33.75,3.293,3.283,0.35198015291355894,True,5,134698
12,20,2016-02-06T08:57:31,5,-0.608422636985779,-29.019115447998,-28.410692811012222,89.3,33.75,3.291,3.28,0.38717816820491013,True,5,134698
12,20,2016-02-06T08:57:31,6,-0.608422636985779,-29.019115447998,-28.410692811012222,89.3,33.75,3.303,3.292,0.38717816820491013,True,5,134698
12,20,2016-02-06T08:57:31,7,-0.608422636985779,-29.019115447998,-28.410692811012222,89.3,33.75,3.3,3.289,0.3871781682048945,True,5,134698
12,20,2016-02-06T08:57:31,8,-0.608422636985779,-29.019115447998,-28.410692811012222,89.3,33.75,3.287,3.228,2.0766829021899396,True,5,134698
12,20,2016-02-06T09:14:49,1,-3.20083212852478,-127.026847839355,-123.82601571083022,90.0,32.0,3.27,3.228,0.33918558841529745,True,5,134699
12,20,2016-02-06T09:14:49,2,-3.20083212852478,-127.026847839355,-123.82601571083022,90.0,32.0,3.27,3.224,0.37148897778818313,True,5,134699
12,20,2016-02-06T09:14:49,3,-3.20083212852478,-127.026847839355,-123.82601571083022,90.0,32.0,3.276,3.235,0.3311097410720769,True,5,134699
12,20,2016-02-06T09:14:49,4,-3.20083212852478,-127.026847839355,-123.82601571083022,90.0,32.0,3.27,3.232,0.3068821990424118,True,5,134699
12,20,2016-02-06T09:14:49,5,-3.20083212852478,-127.026847839355,-123.82601571083022,90.0,32.0,3.27,3.231,0.3149580463856359,True,5,134699
12,20,2016-02-06T09:14:49,6,-3.20083212852478,-127.026847839355,-123.82601571083022,90.0,32.0,3.275,3.237,0.3068821990424118,True,5,134699
12,20,2016-02-06T09:14:49,7,-3.20083212852478,-127.026847839355,-123.82601571083022,90.0,32.0,3.272,3.235,0.2988063516991913,True,5,134699
12,20,2016-02-06T09:14:49,8,-3.20083212852478,-127.026847839355,-123.82601571083022,90.0,32.0,3.272,3.038,1.8897482783138084,True,5,134699
12,20,2016-02-06T14:27:57,1,-8.91471481323242,-45.6846046447754,-36.769889831542976,65.3,46.25,3.246,3.238,0.21756932198195555,True,5,134700
12,20,2016-02-06T14:27:57,2,-8.91471481323242,-45.6846046447754,-36.769889831542976,65.3,46.25,3.24,3.23,0.27196165247745047,True,5,134700
12,20,2016-02-06T14:27:57,3,-8.91471481323242,-45.6846046447754,-36.769889831542976,65.3,46.25,3.254,3.245,0.244765487229697,True,5,134700
12,20,2016-02-06T14:27:57,4,-8.91471481323242,-45.6846046447754,-36.769889831542976,65.3,46.25,3.243,3.234,0.244765487229697,True,5,134700
12,20,2016-02-06T14:27:57,5,-8.91471481323242,-45.6846046447754,-36.769889831542976,65.3,46.25,3.24,3.231,0.24476548722970903,True,5,134700
12,20,2016-02-06T14:27:57,6,-8.91471481323242,-45.6846046447754,-36.769889831542976,65.3,46.25,3.253,3.243,0.27196165247745047,True,5,134700
12,20,2016-02-06T14:27:57,7,-8.91471481323242,-45.6846046447754,-36.769889831542976,65.3,46.25,3.253,3.244,0.244765487229697,True,5,134700
12,20,2016-02-06T14:27:57,8,-8.91471481323242,-45.6846046447754,-36.769889831542976,65.3,46.25,3.235,3.181,1.4685929233781938,True,5,134700
12,20,2016-02-06T16:43:43,1,-23.5433101654053,-47.7479515075684,-24.204641342163104,93.3,41.75,3.294,3.288,0.2478863419285032,True,6,134701
12,20,2016-02-06T16:43:43,2,-23.5433101654053,-47.7479515075684,-24.204641342163104,93.3,41.75,3.292,3.286,0.24788634192848483,True,6,134701
12,20,2016-02-06T16:43:43,3,-23.5433101654053,-47.7479515075684,-24.204641342163104,93.3,41.75,3.3,3.294,0.24788634192848483,True,6,134701
12,20,2016-02-06T16:43:43,4,-23.5433101654053,-47.7479515075684,-24.204641342163104,93.3,41.75,3.293,3.288,0.2065719516070921,True,6,134701
12,20,2016-02-06T16:43:43,5,-23.5433101654053,-47.7479515075684,-24.204641342163104,93.3,41.75,3.293,3.287,0.2478863419285032,True,6,134701
12,20,2016-02-06T16:43:43,6,-23.5433101654053,-47.7479515075684,-24.204641342163104,93.3,41.75,3.298,3.292,0.2478863419285032,True,6,134701
12,20,2016-02-06T16:43:43,7,-23.5433101654053,-47.7479515075684,-24.204641342163104,93.3,41.75,3.298,3.292,0.2478863419285032,True,6,134701
12,20,2016-02-06T16:43:43,8,-23.5433101654053,-47.7479515075684,-24.204641342163104,93.3,41.75,3.261,3.223,1.5699468322138046,True,6,134701
12,20,2016-02-06T18:10:35,1,-0.608422636985779,-30.5269451141357,-29.91852247714992,79.0,44.75,3.291,3.283,0.26739288365961106,True,5,134702
12,20,2016-02-06T18:10:35,2,-0.608422636985779,-30.5269451141357,-29.91852247714992,79.0,44.75,3.287,3.278,0.3008169941170587,True,5,134702
12,20,2016-02-06T18:10:35,3,-0.608422636985779,-30.5269451141357,-29.91852247714992,79.0,44.75,3.3,3.291,0.3008169941170587,True,5,134702
12,20,2016-02-06T18:10:35,4,-0.608422636985779,-30.5269451141357,-29.91852247714992,79.0,44.75,3.288,3.28,0.26739288365961106,True,5,134702
12,20,2016-02-06T18:10:35,5,-0.608422636985779,-30.5269451141357,-29.91852247714992,79.0,44.75,3.286,3.278,0.26739288365961106,True,5,134702
12,20,2016-02-06T18:10:35,6,-0.608422636985779,-30.5269451141357,-29.91852247714992,79.0,44.75,3.298,3.29,0.26739288365961106,True,5,134702
12,20,2016-02-06T18:10:35,7,-0.608422636985779,-30.5269451141357,-29.91852247714992,79.0,44.75,3.298,3.29,0.26739288365961106,True,5,134702
12,20,2016-02-06T18:10:35,8,-0.608422636985779,-30.5269451141357,-29.91852247714992,79.0,44.75,3.285,3.235,1.6712055228725764,True,5,134702
12,20,2016-02-06T22:09:39,1,-10.7664356231689,-51.6101112365723,-40.843675613403406,87.4,36.0,3.282,3.266,0.39173751528741935,True,5,134703
12,20,2016-02-06T22:09:39,2,-10.7664356231689,-51.6101112365723,-40.843675613403406,87.4,36.0,3.278,3.262,0.39173751528741935,True,5,134703
12,20,2016-02-06T22:09:39,3,-10.7664356231689,-51.6101112365723,-40.843675613403406,87.4,36.0,3.293,3.277,0.39173751528741935,True,5,134703
12,20,2016-02-06T22:09:39,4,-10.7664356231689,-51.6101112365723,-40.843675613403406,87.4,36.0,3.281,3.268,0.3182867311710364,True,5,134703
12,20,2016-02-06T22:09:39,5,-10.7664356231689,-51.6101112365723,-40.843675613403406,87.4,36.0,3.279,3.265,0.3427703258764865,True,5,134703
12,20,2016-02-06T22:09:39,6,-10.7664356231689,-51.6101112365723,-40.843675613403406,87.4,36.0,3.292,3.278,0.3427703258764865,True,5,134703
12,20,2016-02-06T22:09:39,7,-10.7664356231689,-51.6101112365723,-40.843675613403406,87.4,36.0,3.288,3.274,0.3427703258764865,True,5,134703
12,20,2016-02-06T22:09:39,8,-10.7664356231689,-51.6101112365723,-40.843675613403406,87.4,36.0,3.26,3.189,1.7383352240879153,True,5,134703
12,20,2016-02-07T01:55:19,1,-14.4963312149048,-56.5568504333496,-42.0605192184448,91.8,36.0,3.284,3.271,0.3090784479498058,True,5,134704
12,20,2016-02-07T01:55:19,2,-14.4963312149048,-56.5568504333496,-42.0605192184448,91.8,36.0,3.282,3.267,0.35662897840362784,True,5,134704
12,20,2016-02-07T01:55:19,3,-14.4963312149048,-56.5568504333496,-42.0605192184448,91.8,36.0,3.293,3.28,0.3090784479498164,True,5,134704
12,20,2016-02-07T01:55:19,4,-14.4963312149048,-56.5568504333496,-42.0605192184448,91.8,36.0,3.285,3.272,0.3090784479498164,True,5,134704
12,20,2016-02-07T01:55:19,5,-14.4963312149048,-56.5568504333496,-42.0605192184448,91.8,36.0,3.282,3.269,0.3090784479498058,True,5,134704
12,20,2016-02-07T01:55:19,6,-14.4963312149048,-56.5568504333496,-42.0605192184448,91.8,36.0,3.292,3.279,0.3090784479498058,True,5,134704
12,20,2016-02-07T01:55:19,7,-14.4963312149048,-56.5568504333496,-42.0605192184448,91.8,36.0,3.29,3.278,0.2853031827229002,True,5,134704
12,20,2016-02-07T01:55:19,8,-14.4963312149048,-56.5568504333496,-42.0605192184448,91.8,36.0,3.259,3.181,1.8544706876988455,True,5,134704
12,20,2016-02-07T03:05:35,1,-10.1580123901367,-51.1075019836426,-40.9494895935059,81.3,42.0,3.273,3.26,0.3174642743791852,True,5,134705
12,20,2016-02-07T03:05:35,2,-10.1580123901367,-51.1075019836426,-40.9494895935059,81.3,42.0,3.27,3.256,0.3418846031775807,True,5,134705
12,20,2016-02-07T03:05:35,3,-10.1580123901367,-51.1075019836426,-40.9494895935059,81.3,42.0,3.283,3.27,0.31746427437917435,True,5,134705
12,20,2016-02-07T03:05:35,4,-10.1580123901367,-51.1075019836426,-40.9494895935059,81.3,42.0,3.272,3.26,0.2930439455807788,True,5,134705
12,20,2016-02-07T03:05:35,5,-10.1580123901367,-51.1075019836426,-40.9494895935059,81.3,42.0,3.27,3.258,0.2930439455807788,True,5,134705
12,20,2016-02-07T03:05:35,6,-10.1580123901367,-51.1075019836426,-40.9494895935059,81.3,42.0,3.282,3.269,0.31746427437917435,True,5,134705
12,20,2016-02-07T03:05:35,7,-10.1580123901367,-51.1075019836426,-40.9494895935059,81.3,42.0,3.281,3.268,0.3174642743791852,True,5,134705
12,20,2016-02-07T03:05:35,8,-10.1580123901367,-51.1075019836426,-40.9494895935059,81.3,42.0,3.255,3.178,1.8803653174766612,True,5,134705
12,20,2016-02-07T08:54:03,1,-0.661328971385956,-40.9494895935059,-40.288160622119946,87.3,30.75,3.261,3.245,0.3971390044353457,True,5,134706
12,20,2016-02-07T08:54:03,2,-0.661328971385956,-40.9494895935059,-40.288160622119946,87.3,30.75,3.258,3.241,0.42196019221255204,True,5,134706
12,20,2016-02-07T08:54:03,3,-0.661328971385956,-40.9494895935059,-40.288160622119946,87.3,30.75,3.272,3.257,0.3723178166581283,True,5,134706
12,20,2016-02-07T08:54:03,4,-0.661328971385956,-40.9494895935059,-40.288160622119946,87.3,30.75,3.262,3.249,0.32267544110371565,True,5,134706
12,20,2016-02-07T08:54:03,5,-0.661328971385956,-40.9494895935059,-40.288160622119946,87.3,30.75,3.26,3.247,0.32267544110371565,True,5,134706
12,20,2016-02-07T08:54:03,6,-0.661328971385956,-40.9494895935059,-40.288160622119946,87.3,30.75,3.271,3.258,0.32267544110371565,True,5,134706
12,20,2016-02-07T08:54:03,7,-0.661328971385956,-40.9494895935059,-40.288160622119946,87.3,30.75,3.267,3.254,0.32267544110371565,True,5,134706
12,20,2016-02-07T08:54:03,8,-0.661328971385956,-40.9494895935059,-40.288160622119946,87.3,30.75,3.256,3.169,2.1594433366171844,True,5,134706
12,20,2016-02-07T09:12:01,1,-5.44935035705566,-48.5150909423828,-43.06574058532714,86.0,33.0,3.267,3.251,0.37152501692845263,True,5,134707
12,20,2016-02-07T09:12:01,2,-5.44935035705566,-48.5150909423828,-43.06574058532714,86.0,33.0,3.264,3.246,0.417965644044504,True,5,134707
12,20,2016-02-07T09:12:01,3,-5.44935035705566,-48.5150909423828,-43.06574058532714,86.0,33.0,3.277,3.262,0.34830470337042685,True,5,134707
12,20,2016-02-07T09:12:01,4,-5.44935035705566,-48.5150909423828,-43.06574058532714,86.0,33.0,3.268,3.252,0.37152501692845263,True,5,134707
12,20,2016-02-07T09:12:01,5,-5.44935035705566,-48.5150909423828,-43.06574058532714,86.0,33.0,3.265,3.25,0.34830470337042685,True,5,134707
12,20,2016-02-07T09:12:01,6,-5.44935035705566,-48.5150909423828,-43.06574058532714,86.0,33.0,3.276,3.261,0.3483047033704166,True,5,134707
12,20,2016-02-07T09:12:01,7,-5.44935035705566,-48.5150909423828,-43.06574058532714,86.0,33.0,3.273,3.258,0.34830470337042685,True,5,134707
12,20,2016-02-07T09:12:01,8,-5.44935035705566,-48.5150909423828,-43.06574058532714,86.0,33.0,3.255,3.17,1.9737266524324018,True,5,134707
12,20,2016-02-07T12:27:42,1,-0.608422636985779,-38.9919548034668,-38.38353216648102,88.6,36.5,3.287,3.272,0.3907925913368414,True,5,134708
12,20,2016-02-07T12:27:42,2,-0.608422636985779,-38.9919548034668,-38.38353216648102,88.6,36.5,3.283,3.266,0.4428982701817475,True,5,134708
12,20,2016-02-07T12:27:42,3,-0.608422636985779,-38.9919548034668,-38.38353216648102,88.6,36.5,3.295,3.28,0.3907925913368414,True,5,134708
12,20,2016-02-07T12:27:42,4,-0.608422636985779,-38.9919548034668,-38.38353216648102,88.6,36.5,3.285,3.271,0.36473975191438845,True,5,134708
12,20,2016-02-07T12:27:42,5,-0.608422636985779,-38.9919548034668,-38.38353216648102,88.6,36.5,3.282,3.268,0.36473975191438845,True,5,134708
12,20,2016-02-07T12:27:42,6,-0.608422636985779,-38.9919548034668,-38.38353216648102,88.6,36.5,3.293,3.278,0.3907925913368414,True,5,134708
12,20,2016-02-07T12:27:42,7,-0.608422636985779,-38.9919548034668,-38.38353216648102,88.6,36.5,3.291,3.277,0.36473975191437685,True,5,134708
12,20,2016-02-07T12:27:42,8,-0.608422636985779,-38.9919548034668,-38.38353216648102,88.6,36.5,3.28,3.196,2.1884385114862845,True,5,134708
12,20,2016-02-07T16:04:34,1,-0.740688443183899,-32.6961059570313,-31.9554175138474,88.2,36.25,3.337,3.324,0.4068167782307019,True,5,134709
12,20,2016-02-07T16:04:34,2,-0.740688443183899,-32.6961059570313,-31.9554175138474,88.2,36.25,3.338,3.323,0.4694039748815705,True,5,134709
12,20,2016-02-07T16:04:34,3,-0.740688443183899,-32.6961059570313,-31.9554175138474,88.2,36.25,3.339,3.325,0.4381103765561223,True,5,134709
12,20,2016-02-07T16:04:34,4,-0.740688443183899,-32.6961059570313,-31.9554175138474,88.2,36.25,3.335,3.322,0.40681677823068796,True,5,134709
12,20,2016-02-07T16:04:34,5,-0.740688443183899,-32.6961059570313,-31.9554175138474,88.2,36.25,3.334,3.322,0.37552317990525363,True,5,134709
12,20,2016-02-07T16:04:34,6,-0.740688443183899,-32.6961059570313,-31.9554175138474,88.2,36.25,3.336,3.323,0.40681677823068796,True,5,134709
12,20,2016-02-07T16:04:34,7,-0.740688443183899,-32.6961059570313,-31.9554175138474,88.2,36.25,3.333,3.323,0.312935983254385,True,5,134709
12,20,2016-02-07T16:04:34,8,-0.740688443183899,-32.6961059570313,-31.9554175138474,88.2,36.25,3.33,3.265,2.034083891153454,True,5,134709
12,20,2016-02-07T21:59:33,1,-19.0727272033691,-50.8429718017578,-31.770244598388697,91.7,33.0,3.286,3.273,0.40918791039648544,True,5,134711
12,20,2016-02-07T21:59:33,2,-19.0727272033691,-50.8429718017578,-31.770244598388697,91.7,33.0,3.282,3.269,0.40918791039648544,True,5,134711
12,20,2016-02-07T21:59:33,3,-19.0727272033691,-50.8429718017578,-31.770244598388697,91.7,33.0,3.296,3.283,0.40918791039648544,True,5,134711
12,20,2016-02-07T21:59:33,4,-19.0727272033691,-50.8429718017578,-31.770244598388697,91.7,33.0,3.286,3.276,0.3147599310742293,True,5,134711
12,20,2016-02-07T21:59:33,5,-19.0727272033691,-50.8429718017578,-31.770244598388697,91.7,33.0,3.283,3.272,0.346235924181648,True,5,134711
12,20,2016-02-07T21:59:33,6,-19.0727272033691,-50.8429718017578,-31.770244598388697,91.7,33.0,3.295,3.283,0.3777119172890667,True,5,134711
12,20,2016-02-07T21:59:33,7,-19.0727272033691,-50.8429718017578,-31.770244598388697,91.7,33.0,3.292,3.279,0.40918791039648544,True,5,134711
12,20,2016-02-07T21:59:33,8,-19.0727272033691,-50.8429718017578,-31.770244598388697,91.7,33.0,3.245,3.189,1.7626556140156446,True,5,134711
12,20,2016-02-08T03:30:24,1,-2.22206544876099,-37.034423828125,-34.812358379364014,78.9,37.5,3.292,3.279,0.3734306035326239,True,5,134713
12,20,2016-02-08T03:30:24,2,-2.22206544876099,-37.034423828125,-34.812358379364014,78.9,37.5,3.286,3.273,0.3734306035326239,True,5,134713
12,20,2016-02-08T03:30:24,3,-2.22206544876099,-37.034423828125,-34.812358379364014,78.9,37.5,3.299,3.286,0.3734306035326239,True,5,134713
12,20,2016-02-08T03:30:24,4,-2.22206544876099,-37.034423828125,-34.812358379364014,78.9,37.5,3.288,3.276,0.3447051724916558,True,5,134713
12,20,2016-02-08T03:30:24,5,-2.22206544876099,-37.034423828125,-34.812358379364014,78.9,37.5,3.285,3.273,0.3447051724916558,True,5,134713
12,20,2016-02-08T03:30:24,6,-2.22206544876099,-37.034423828125,-34.812358379364014,78.9,37.5,3.297,3.285,0.3447051724916558,True,5,134713
12,20,2016-02-08T03:30:24,7,-2.22206544876099,-37.034423828125,-34.812358379364014,78.9,37.5,3.297,3.284,0.37343060353263663,True,5,134713
12,20,2016-02-08T03:30:24,8,-2.22206544876099,-37.034423828125,-34.812358379364014,78.9,37.5,3.283,3.216,1.9246038797450684,True,5,134713
12,20,2016-02-08T08:55:29,1,-0.581969499588013,-30.8443832397461,-30.262413740158088,90.3,34.75,3.295,3.285,0.3304429080199188,True,5,134714
12,20,2016-02-08T08:55:29,2,-0.581969499588013,-30.8443832397461,-30.262413740158088,90.3,34.75,3.291,3.28,0.36348719882192243,True,5,134714
12,20,2016-02-08T08:55:29,3,-0.581969499588013,-30.8443832397461,-30.262413740158088,90.3,34.75,3.303,3.293,0.3304429080199188,True,5,134714
12,20,2016-02-08T08:55:29,4,-0.581969499588013,-30.8443832397461,-30.262413740158088,90.3,34.75,3.293,3.283,0.33044290801993353,True,5,134714
12,20,2016-02-08T08:55:29,5,-0.581969499588013,-30.8443832397461,-30.262413740158088,90.3,34.75,3.29,3.281,0.2973986172179299,True,5,134714
12,20,2016-02-08T08:55:29,6,-0.581969499588013,-30.8443832397461,-30.262413740158088,90.3,34.75,3.301,3.292,0.2973986172179445,True,5,134714
12,20,2016-02-08T08:55:29,7,-0.581969499588013,-30.8443832397461,-30.262413740158088,90.3,34.75,3.299,3.289,0.3304429080199188,True,5,134714
12,20,2016-02-08T08:55:29,8,-0.581969499588013,-30.8443832397461,-30.262413740158088,90.3,34.75,3.287,3.228,1.9496131573175532,True,5,134714
12,20,2016-02-08T09:13:02,1,-0.820047914981842,-28.6223163604736,-27.80226844549176,87.4,32.0,3.275,3.27,0.17984144026962168,True,5,134715
12,20,2016-02-08T09:13:02,2,-0.820047914981842,-28.6223163604736,-27.80226844549176,87.4,32.0,3.272,3.264,0.28774630443140103,True,5,134715
12,20,2016-02-08T09:13:02,3,-0.820047914981842,-28.6223163604736,-27.80226844549176,87.4,32.0,3.283,3.277,0.2158097283235428,True,5,134715
12,20,2016-02-08T09:13:02,4,-0.820047914981842,-28.6223163604736,-27.80226844549176,87.4,32.0,3.274,3.268,0.2158097283235588,True,5,134715
12,20,2016-02-08T09:13:02,5,-0.820047914981842,-28.6223163604736,-27.80226844549176,87.4,32.0,3.272,3.266,0.2158097283235428,True,5,134715
12,20,2016-02-08T09:13:02,6,-0.820047914981842,-28.6223163604736,-27.80226844549176,87.4,32.0,3.281,3.276,0.17984144026963764,True,5,134715
12,20,2016-02-08T09:13:02,7,-0.820047914981842,-28.6223163604736,-27.80226844549176,87.4,32.0,3.279,3.275,0.14387315221570052,True,5,134715
12,20,2016-02-08T09:13:02,8,-0.820047914981842,-28.6223163604736,-27.80226844549176,87.4,32.0,3.273,3.218,1.9782558429658863,True,5,134715
12,20,2016-02-08T13:37:52,1,-13.8085489273071,-51.6101112365723,-37.8015623092652,93.1,34.25,3.277,3.265,0.317447197071503,True,5,134716
12,20,2016-02-08T13:37:52,2,-13.8085489273071,-51.6101112365723,-37.8015623092652,93.1,34.25,3.274,3.261,0.343901130160792,True,5,134716
12,20,2016-02-08T13:37:52,3,-13.8085489273071,-51.6101112365723,-37.8015623092652,93.1,34.25,3.285,3.274,0.29099326398221403,True,5,134716
12,20,2016-02-08T13:37:52,4,-13.8085489273071,-51.6101112365723,-37.8015623092652,93.1,34.25,3.277,3.266,0.29099326398221403,True,5,134716
12,20,2016-02-08T13:37:52,5,-13.8085489273071,-51.6101112365723,-37.8015623092652,93.1,34.25,3.276,3.264,0.317447197071503,True,5,134716
12,20,2016-02-08T13:37:52,6,-13.8085489273071,-51.6101112365723,-37.8015623092652,93.1,34.25,3.284,3.273,0.29099326398220227,True,5,134716
12,20,2016-02-08T13:37:52,7,-13.8085489273071,-51.6101112365723,-37.8015623092652,93.1,34.25,3.283,3.273,0.2645393308929133,True,5,134716
12,20,2016-02-08T13:37:52,8,-13.8085489273071,-51.6101112365723,-37.8015623092652,93.1,34.25,3.251,3.17,2.1427685802326426,True,5,134716
12,20,2016-02-08T15:04:39,1,-0.740688443183899,-33.9129486083984,-33.1722601652145,73.5,37.75,3.322,3.309,0.3918937068277343,True,5,134717
12,20,2016-02-08T15:04:39,2,-0.740688443183899,-33.9129486083984,-33.1722601652145,73.5,37.75,3.319,3.304,0.4521850463397006,True,5,134717
12,20,2016-02-08T15:04:39,3,-0.740688443183899,-33.9129486083984,-33.1722601652145,73.5,37.75,3.324,3.311,0.3918937068277343,True,5,134717
12,20,2016-02-08T15:04:39,4,-0.740688443183899,-33.9129486083984,-33.1722601652145,73.5,37.75,3.318,3.305,0.3918937068277343,True,5,134717
12,20,2016-02-08T15:04:39,5,-0.740688443183899,-33.9129486083984,-33.1722601652145,73.5,37.75,3.315,3.303,0.3617480370717578,True,5,134717
12,20,2016-02-08T15:04:39,6,-0.740688443183899,-33.9129486083984,-33.1722601652145,73.5,37.75,3.326,3.312,0.42203937658372415,True,5,134717
12,20,2016-02-08T15:04:39,7,-0.740688443183899,-33.9129486083984,-33.1722601652145,73.5,37.75,3.324,3.312,0.3617480370717578,True,5,134717
12,20,2016-02-08T15:04:39,8,-0.740688443183899,-33.9129486083984,-33.1722601652145,73.5,37.75,3.311,3.242,2.080051213162604,True,5,134717
12,20,2016-02-08T18:27:52,1,-1.32265794277191,-28.3842391967773,-27.06158125400539,88.6,43.25,3.279,3.275,0.1478110226618026,True,5,134718
12,20,2016-02-08T18:27:52,2,-1.32265794277191,-28.3842391967773,-27.06158125400539,88.6,43.25,3.275,3.27,0.18476377832724916,True,5,134718
12,20,2016-02-08T18:27:52,3,-1.32265794277191,-28.3842391967773,-27.06158125400539,88.6,43.25,3.287,3.285,0.07390551133089311,True,5,134718
12,20,2016-02-08T18:27:52,4,-1.32265794277191,-28.3842391967773,-27.06158125400539,88.6,43.25,3.278,3.273,0.18476377832724916,True,5,134718
12,20,2016-02-08T18:27:52,5,-1.32265794277191,-28.3842391967773,-27.06158125400539,88.6,43.25,3.276,3.272,0.1478110226618026,True,5,134718
12,20,2016-02-08T18:27:52,6,-1.32265794277191,-28.3842391967773,-27.06158125400539,88.6,43.25,3.286,3.283,0.11085826699635606,True,5,134718
12,20,2016-02-08T18:27:52,7,-1.32265794277191,-28.3842391967773,-27.06158125400539,88.6,43.25,3.284,3.284,-0.0,False,5,134718
12,20,2016-02-08T18:27:52,8,-1.32265794277191,-28.3842391967773,-27.06158125400539,88.6,43.25,3.281,3.226,2.0324015615997904,True,5,134718
12,20,2016-02-08T22:07:47,1,-1.61364257335663,-41.9018058776855,-40.28816330432887,93.7,34.25,3.288,3.277,0.2730330473719499,True,5,134719
12,20,2016-02-08T22:07:47,2,-1.61364257335663,-41.9018058776855,-40.28816330432887,93.7,34.25,3.289,3.277,0.29785423349668166,True,5,134719
12,20,2016-02-08T22:07:47,3,-1.61364257335663,-41.9018058776855,-40.28816330432887,93.7,34.25,3.294,3.284,0.24821186124724015,True,5,134719
12,20,2016-02-08T22:07:47,4,-1.61364257335663,-41.9018058776855,-40.28816330432887,93.7,34.25,3.289,3.28,0.22339067512251948,True,5,134719
12,20,2016-02-08T22:07:47,5,-1.61364257335663,-41.9018058776855,-40.28816330432887,93.7,34.25,3.29,3.28,0.24821186124724015,True,5,134719
12,20,2016-02-08T22:07:47,6,-1.61364257335663,-41.9018058776855,-40.28816330432887,93.7,34.25,3.292,3.283,0.22339067512250846,True,5,134719
12,20,2016-02-08T22:07:47,7,-1.61364257335663,-41.9018058776855,-40.28816330432887,93.7,34.25,3.29,3.282,0.19856948899778773,True,5,134719
12,20,2016-02-08T22:07:47,8,-1.61364257335663,-41.9018058776855,-40.28816330432887,93.7,34.25,3.291,3.203,2.1842643789756653,True,5,134719
12,20,2016-02-09T01:31:20,1,-0.608422636985779,-28.8603973388672,-28.251974701881423,93.6,38.5,3.304,3.295,0.31856180302329623,True,5,134720
12,20,2016-02-09T01:31:20,2,-0.608422636985779,-28.8603973388672,-28.251974701881423,93.6,38.5,3.302,3.293,0.31856180302329623,True,5,134720
12,20,2016-02-09T01:31:20,3,-0.608422636985779,-28.8603973388672,-28.251974701881423,93.6,38.5,3.312,3.302,0.35395755891477004,True,5,134720
12,20,2016-02-09T01:31:20,4,-0.608422636985779,-28.8603973388672,-28.251974701881423,93.6,38.5,3.304,3.296,0.2831660471318223,True,5,134720
12,20,2016-02-09T01:31:20,5,-0.608422636985779,-28.8603973388672,-28.251974701881423,93.6,38.5,3.302,3.293,0.31856180302329623,True,5,134720
12,20,2016-02-09T01:31:20,6,-0.608422636985779,-28.8603973388672,-28.251974701881423,93.6,38.5,3.31,3.302,0.2831660471318223,True,5,134720
12,20,2016-02-09T01:31:20,7,-0.608422636985779,-28.8603973388672,-28.251974701881423,93.6,38.5,3.308,3.299,0.31856180302329623,True,5,134720
12,20,2016-02-09T01:31:20,8,-0.608422636985779,-28.8603973388672,-28.251974701881423,93.6,38.5,3.299,3.241,2.052953841705704,True,5,134720
12,20,2016-02-09T03:33:58,1,-1.03167319297791,-35.4736862182617,-34.442013025283785,79.8,40.75,3.273,3.265,0.23227446067473553,True,5,134721
12,20,2016-02-09T03:33:58,2,-1.03167319297791,-35.4736862182617,-34.442013025283785,79.8,40.75,3.27,3.26,0.2903430758434259,True,5,134721
12,20,2016-02-09T03:33:58,3,-1.03167319297791,-35.4736862182617,-34.442013025283785,79.8,40.75,3.281,3.275,0.17420584550605808,True,5,134721
12,20,2016-02-09T03:33:58,4,-1.03167319297791,-35.4736862182617,-34.442013025283785,79.8,40.75,3.272,3.264,0.23227446067473553,True,5,134721
12,20,2016-02-09T03:33:58,5,-1.03167319297791,-35.4736862182617,-34.442013025283785,79.8,40.75,3.27,3.263,0.2032401530903968,True,5,134721
12,20,2016-02-09T03:33:58,6,-1.03167319297791,-35.4736862182617,-34.442013025283785,79.8,40.75,3.28,3.274,0.1742058455060452,True,5,134721
12,20,2016-02-09T03:33:58,7,-1.03167319297791,-35.4736862182617,-34.442013025283785,79.8,40.75,3.278,3.274,0.11613723033736777,True,5,134721
12,20,2016-02-09T03:33:58,8,-1.03167319297791,-35.4736862182617,-34.442013025283785,79.8,40.75,3.275,3.199,2.2066073764099876,True,5,134721
12,20,2016-02-09T09:11:31,1,-0.76714164018631,-40.923038482666,-40.15589684247969,87.0,32.5,3.263,3.248,0.3735441411965089,True,5,134723
12,20,2016-02-09T09:11:31,2,-0.76714164018631,-40.923038482666,-40.15589684247969,87.0,32.5,3.259,3.242,0.42335002668938343,True,5,134723
12,20,2016-02-09T09:11:31,3,-0.76714164018631,-40.923038482666,-40.15589684247969,87.0,32.5,3.272,3.258,0.3486411984500772,True,5,134723
12,20,2016-02-09T09:11:31,4,-0.76714164018631,-40.923038482666,-40.15589684247969,87.0,32.5,3.262,3.249,0.3237382557036455,True,5,134723
12,20,2016-02-09T09:11:31,5,-0.76714164018631,-40.923038482666,-40.15589684247969,87.0,32.5,3.26,3.247,0.3237382557036455,True,5,134723
12,20,2016-02-09T09:11:31,6,-0.76714164018631,-40.923038482666,-40.15589684247969,87.0,32.5,3.271,3.258,0.3237382557036455,True,5,134723
12,20,2016-02-09T09:11:31,7,-0.76714164018631,-40.923038482666,-40.15589684247969,87.0,32.5,3.267,3.255,0.2988353129572138,True,5,134723
12,20,2016-02-09T09:11:31,8,-0.76714164018631,-40.923038482666,-40.15589684247969,87.0,32.5,3.256,3.163,2.315973675418404,True,5,134723
12,20,2016-02-09T12:27:27,1,-7.77722835540771,-48.0918388366699,-40.31461048126219,88.8,34.5,3.304,3.289,0.37207354408078736,True,6,134724
12,20,2016-02-09T12:27:27,2,-7.77722835540771,-48.0918388366699,-40.31461048126219,88.8,34.5,3.303,3.287,0.3968784470195153,True,6,134724
12,20,2016-02-09T12:27:27,3,-7.77722835540771,-48.0918388366699,-40.31461048126219,88.8,34.5,3.31,3.295,0.37207354408079835,True,6,134724
12,20,2016-02-09T12:27:27,4,-7.77722835540771,-48.0918388366699,-40.31461048126219,88.8,34.5,3.304,3.29,0.3472686411420704,True,6,134724
12,20,2016-02-09T12:27:27,5,-7.77722835540771,-48.0918388366699,-40.31461048126219,88.8,34.5,3.303,3.289,0.3472686411420704,True,6,134724
12,20,2016-02-09T12:27:27,6,-7.77722835540771,-48.0918388366699,-40.31461048126219,88.8,34.5,3.307,3.293,0.3472686411420704,True,6,134724
12,20,2016-02-09T12:27:27,7,-7.77722835540771,-48.0918388366699,-40.31461048126219,88.8,34.5,3.307,3.293,0.3472686411420704,True,6,134724
12,20,2016-02-09T12:27:27,8,-7.77722835540771,-48.0918388366699,-40.31461048126219,88.8,34.5,3.287,3.193,2.331660876239647,True,6,134724
12,20,2016-02-09T16:19:39,1,-0.608422636985779,-26.7441425323486,-26.135719895362822,84.8,41.5,3.275,3.268,0.2678326836997555,True,5,134725
12,20,2016-02-09T16:19:39,2,-0.608422636985779,-26.7441425323486,-26.135719895362822,84.8,41.5,3.272,3.263,0.34435630761396163,True,5,134725
12,20,2016-02-09T16:19:39,3,-0.608422636985779,-26.7441425323486,-26.135719895362822,84.8,41.5,3.286,3.278,0.3060944956568586,True,5,134725
12,20,2016-02-09T16:19:39,4,-0.608422636985779,-26.7441425323486,-26.135719895362822,84.8,41.5,3.274,3.267,0.2678326836997555,True,5,134725
12,20,2016-02-09T16:19:39,5,-0.608422636985779,-26.7441425323486,-26.135719895362822,84.8,41.5,3.272,3.264,0.3060944956568586,True,5,134725
12,20,2016-02-09T16:19:39,6,-0.608422636985779,-26.7441425323486,-26.135719895362822,84.8,41.5,3.284,3.277,0.2678326836997385,True,5,134725
12,20,2016-02-09T16:19:39,7,-0.608422636985779,-26.7441425323486,-26.135719895362822,84.8,41.5,3.283,3.277,0.2295708717426354,True,5,134725
12,20,2016-02-09T16:19:39,8,-0.608422636985779,-26.7441425323486,-26.135719895362822,84.8,41.5,3.268,3.209,2.257446905469319,True,5,134725
12,20,2016-02-09T22:04:04,1,-0.740688443183899,-36.4259986877441,-35.6853102445602,88.6,30.75,3.272,3.259,0.3642955577773517,True,6,134727
12,20,2016-02-09T22:04:04,2,-0.740688443183899,-36.4259986877441,-35.6853102445602,88.6,30.75,3.27,3.256,0.3923182929910037,True,6,134727
12,20,2016-02-09T22:04:04,3,-0.740688443183899,-36.4259986877441,-35.6853102445602,88.6,30.75,3.283,3.27,0.3642955577773517,True,6,134727
12,20,2016-02-09T22:04:04,4,-0.740688443183899,-36.4259986877441,-35.6853102445602,88.6,30.75,3.273,3.261,0.3362728225637121,True,6,134727
12,20,2016-02-09T22:04:04,5,-0.740688443183899,-36.4259986877441,-35.6853102445602,88.6,30.75,3.271,3.259,0.3362728225637121,True,6,134727
12,20,2016-02-09T22:04:04,6,-0.740688443183899,-36.4259986877441,-35.6853102445602,88.6,30.75,3.282,3.27,0.3362728225637121,True,6,134727
12,20,2016-02-09T22:04:04,7,-0.740688443183899,-36.4259986877441,-35.6853102445602,88.6,30.75,3.28,3.268,0.3362728225637121,True,6,134727
12,20,2016-02-09T22:04:04,8,-0.740688443183899,-36.4259986877441,-35.6853102445602,88.6,30.75,3.267,3.179,2.4660006988005554,True,6,134727
12,20,2016-02-10T00:01:46,1,-0.687782108783722,-42.1134262084961,-41.42564409971238,76.5,40.0,3.258,3.245,0.3138152775297502,True,5,134728
12,20,2016-02-10T00:01:46,2,-0.687782108783722,-42.1134262084961,-41.42564409971238,76.5,40.0,3.257,3.243,0.3379549142628162,True,5,134728
12,20,2016-02-10T00:01:46,3,-0.687782108783722,-42.1134262084961,-41.42564409971238,76.5,40.0,3.268,3.256,0.289675640796695,True,5,134728
12,20,2016-02-10T00:01:46,4,-0.687782108783722,-42.1134262084961,-41.42564409971238,76.5,40.0,3.259,3.248,0.26553600406362904,True,5,134728
12,20,2016-02-10T00:01:46,5,-0.687782108783722,-42.1134262084961,-41.42564409971238,76.5,40.0,3.258,3.245,0.3138152775297502,True,5,134728
12,20,2016-02-10T00:01:46,6,-0.687782108783722,-42.1134262084961,-41.42564409971238,76.5,40.0,3.267,3.256,0.26553600406363975,True,5,134728
12,20,2016-02-10T00:01:46,7,-0.687782108783722,-42.1134262084961,-41.42564409971238,76.5,40.0,3.267,3.255,0.289675640796695,True,5,134728
12,20,2016-02-10T00:01:46,8,-0.687782108783722,-42.1134262084961,-41.42564409971238,76.5,40.0,3.258,3.165,2.2449862161743837,True,5,134728
12,20,2016-02-10T03:50:19,1,-0.634875774383545,-36.6111717224121,-35.97629594802856,60.3,37.25,3.246,3.234,0.33355295990824735,True,5,134729
12,20,2016-02-10T03:50:19,2,-0.634875774383545,-36.6111717224121,-35.97629594802856,60.3,37.25,3.242,3.229,0.3613490399005982,True,5,134729
12,20,2016-02-10T03:50:19,3,-0.634875774383545,-36.6111717224121,-35.97629594802856,60.3,37.25,3.253,3.241,0.33355295990824735,True,5,134729
12,20,2016-02-10T03:50:19,4,-0.634875774383545,-36.6111717224121,-35.97629594802856,60.3,37.25,3.245,3.233,0.33355295990824735,True,5,134729
12,20,2016-02-10T03:50:19,5,-0.634875774383545,-36.6111717224121,-35.97629594802856,60.3,37.25,3.241,3.229,0.33355295990824735,True,5,134729
12,20,2016-02-10T03:50:19,6,-0.634875774383545,-36.6111717224121,-35.97629594802856,60.3,37.25,3.253,3.241,0.33355295990824735,True,5,134729
12,20,2016-02-10T03:50:19,7,-0.634875774383545,-36.6111717224121,-35.97629594802856,60.3,37.25,3.253,3.242,0.30575687991589645,True,5,134729
12,20,2016-02-10T03:50:19,8,-0.634875774383545,-36.6111717224121,-35.97629594802856,60.3,37.25,3.243,3.159,2.3348707193577316,True,5,134729
12,20,2016-02-10T09:14:24,1,-15.6602697372437,-53.673454284668,-38.013184547424295,90.7,30.5,3.27,3.257,0.3419866068779749,True,5,134731
12,20,2016-02-10T09:14:24,2,-15.6602697372437,-53.673454284668,-38.013184547424295,90.7,30.5,3.267,3.252,0.3945999310130542,True,5,134731
12,20,2016-02-10T09:14:24,3,-15.6602697372437,-53.673454284668,-38.013184547424295,90.7,30.5,3.28,3.268,0.315679944810441,True,5,134731
12,20,2016-02-10T09:14:24,4,-15.6602697372437,-53.673454284668,-38.013184547424295,90.7,30.5,3.272,3.259,0.3419866068779749,True,5,134731
12,20,2016-02-10T09:14:24,5,-15.6602697372437,-53.673454284668,-38.013184547424295,90.7,30.5,3.269,3.257,0.315679944810441,True,5,134731
12,20,2016-02-10T09:14:24,6,-15.6602697372437,-53.673454284668,-38.013184547424295,90.7,30.5,3.281,3.267,0.3682932689455204,True,5,134731
12,20,2016-02-10T09:14:24,7,-15.6602697372437,-53.673454284668,-38.013184547424295,90.7,30.5,3.277,3.265,0.315679944810441,True,5,134731
12,20,2016-02-10T09:14:24,8,-15.6602697372437,-53.673454284668,-38.013184547424295,90.7,30.5,3.231,3.155,1.9993063171327934,True,5,134731
12,20,2016-02-10T13:15:09,1,-0.740688443183899,-25.1040477752686,-24.363359332084702,92.6,31.25,3.318,3.308,0.41045242832465173,True,5,134732
12,20,2016-02-10T13:15:09,2,-0.740688443183899,-25.1040477752686,-24.363359332084702,92.6,31.25,3.317,3.306,0.4514976711571114,True,5,134732
12,20,2016-02-10T13:15:09,3,-0.740688443183899,-25.1040477752686,-24.363359332084702,92.6,31.25,3.323,3.313,0.4104524283246335,True,5,134732
12,20,2016-02-10T13:15:09,4,-0.740688443183899,-25.1040477752686,-24.363359332084702,92.6,31.25,3.316,3.307,0.3694071854921738,True,5,134732
12,20,2016-02-10T13:15:09,5,-0.740688443183899,-25.1040477752686,-24.363359332084702,92.6,31.25,3.315,3.306,0.3694071854921738,True,5,134732
12,20,2016-02-10T13:15:09,6,-0.740688443183899,-25.1040477752686,-24.363359332084702,92.6,31.25,3.32,3.31,0.4104524283246335,True,5,134732
12,20,2016-02-10T13:15:09,7,-0.740688443183899,-25.1040477752686,-24.363359332084702,92.6,31.25,3.319,3.309,0.4104524283246335,True,5,134732
12,20,2016-02-10T13:15:09,8,-0.740688443183899,-25.1040477752686,-24.363359332084702,92.6,31.25,3.313,3.245,2.7910765126075696,True,5,134732
12,20,2016-02-10T16:05:55,1,-0.687782108783722,-26.1621742248535,-25.47439211606978,87.5,41.5,3.297,3.291,0.23553064476130528,True,5,134733
12,20,2016-02-10T16:05:55,2,-0.687782108783722,-26.1621742248535,-25.47439211606978,87.5,41.5,3.295,3.289,0.23553064476128785,True,5,134733
12,20,2016-02-10T16:05:55,3,-0.687782108783722,-26.1621742248535,-25.47439211606978,87.5,41.5,3.303,3.297,0.23553064476128785,True,5,134733
12,20,2016-02-10T16:05:55,4,-0.687782108783722,-26.1621742248535,-25.47439211606978,87.5,41.5,3.296,3.291,0.1962755373010761,True,5,134733
12,20,2016-02-10T16:05:55,5,-0.687782108783722,-26.1621742248535,-25.47439211606978,87.5,41.5,3.296,3.29,0.23553064476128785,True,5,134733
12,20,2016-02-10T16:05:55,6,-0.687782108783722,-26.1621742248535,-25.47439211606978,87.5,41.5,3.301,3.296,0.19627553730109354,True,5,134733
12,20,2016-02-10T16:05:55,7,-0.687782108783722,-26.1621742248535,-25.47439211606978,87.5,41.5,3.301,3.296,0.19627553730109354,True,5,134733
12,20,2016-02-10T16:05:55,8,-0.687782108783722,-26.1621742248535,-25.47439211606978,87.5,41.5,3.293,3.252,1.609459405868873,True,5,134733
12,20,2016-02-10T18:11:11,1,-5.39644432067871,-45.0497283935547,-39.65328407287599,85.0,42.75,3.276,3.266,0.2521859218929128,True,6,134734
12,20,2016-02-10T18:11:11,2,-5.39644432067871,-45.0497283935547,-39.65328407287599,85.0,42.75,3.272,3.26,0.302623106271502,True,6,134734
12,20,2016-02-10T18:11:11,3,-5.39644432067871,-45.0497283935547,-39.65328407287599,85.0,42.75,3.285,3.275,0.25218592189292394,True,6,134734
12,20,2016-02-10T18:11:11,4,-5.39644432067871,-45.0497283935547,-39.65328407287599,85.0,42.75,3.275,3.265,0.2521859218929128,True,6,134734
12,20,2016-02-10T18:11:11,5,-5.39644432067871,-45.0497283935547,-39.65328407287599,85.0,42.75,3.273,3.263,0.25218592189292394,True,6,134734
12,20,2016-02-10T18:11:11,6,-5.39644432067871,-45.0497283935547,-39.65328407287599,85.0,42.75,3.284,3.275,0.22696732970362374,True,6,134734
12,20,2016-02-10T18:11:11,7,-5.39644432067871,-45.0497283935547,-39.65328407287599,85.0,42.75,3.285,3.276,0.22696732970363492,True,6,134734
12,20,2016-02-10T18:11:11,8,-5.39644432067871,-45.0497283935547,-39.65328407287599,85.0,42.75,3.254,3.154,2.5218592189291837,True,6,134734
12,20,2016-02-10T21:57:46,1,-4.12669277191162,-42.8012084960938,-38.67451572418218,89.0,37.25,3.27,3.257,0.3361386628009238,True,5,134735
12,20,2016-02-10T21:57:46,2,-4.12669277191162,-42.8012084960938,-38.67451572418218,89.0,37.25,3.267,3.253,0.3619954830163769,True,5,134735
12,20,2016-02-10T21:57:46,3,-4.12669277191162,-42.8012084960938,-38.67451572418218,89.0,37.25,3.282,3.269,0.3361386628009238,True,5,134735
12,20,2016-02-10T21:57:46,4,-4.12669277191162,-42.8012084960938,-38.67451572418218,89.0,37.25,3.271,3.259,0.3102818425854708,True,5,134735
12,20,2016-02-10T21:57:46,5,-4.12669277191162,-42.8012084960938,-38.67451572418218,89.0,37.25,3.269,3.257,0.3102818425854708,True,5,134735
12,20,2016-02-10T21:57:46,6,-4.12669277191162,-42.8012084960938,-38.67451572418218,89.0,37.25,3.282,3.27,0.3102818425854708,True,5,134735
12,20,2016-02-10T21:57:46,7,-4.12669277191162,-42.8012084960938,-38.67451572418218,89.0,37.25,3.28,3.267,0.3361386628009238,True,5,134735
12,20,2016-02-10T21:57:46,8,-4.12669277191162,-42.8012084960938,-38.67451572418218,89.0,37.25,3.242,3.161,2.0944024374519254,True,5,134735
12,20,2016-02-11T01:43:48,1,-18.6759300231934,-40.4204292297363,-21.7444992065429,85.9,38.0,3.27,3.265,0.22994321241923096,True,5,134736
12,20,2016-02-11T01:43:48,2,-18.6759300231934,-40.4204292297363,-21.7444992065429,85.9,38.0,3.266,3.26,0.2759318549030935,True,5,134736
12,20,2016-02-11T01:43:48,3,-18.6759300231934,-40.4204292297363,-21.7444992065429,85.9,38.0,3.278,3.274,0.18395456993538886,True,5,134736
12,20,2016-02-11T01:43:48,4,-18.6759300231934,-40.4204292297363,-21.7444992065429,85.9,38.0,3.269,3.264,0.2299432124192514,True,5,134736
12,20,2016-02-11T01:43:48,5,-18.6759300231934,-40.4204292297363,-21.7444992065429,85.9,38.0,3.267,3.262,0.22994321241923096,True,5,134736
12,20,2016-02-11T01:43:48,6,-18.6759300231934,-40.4204292297363,-21.7444992065429,85.9,38.0,3.277,3.274,0.13796592745154676,True,5,134736
12,20,2016-02-11T01:43:48,7,-18.6759300231934,-40.4204292297363,-21.7444992065429,85.9,38.0,3.276,3.274,0.09197728496768422,True,5,134736
12,20,2016-02-11T01:43:48,8,-18.6759300231934,-40.4204292297363,-21.7444992065429,85.9,38.0,3.219,3.155,2.943273118966222,True,5,134736
12,20,2016-02-11T03:13:53,1,-5.26417827606201,-48.5150909423828,-43.25091266632079,74.0,41.0,3.279,3.263,0.36993439013505747,True,5,134737
12,20,2016-02-11T03:13:53,2,-5.26417827606201,-48.5150909423828,-43.25091266632079,74.0,41.0,3.276,3.259,0.39305528951849605,True,5,134737
12,20,2016-02-11T03:13:53,3,-5.26417827606201,-48.5150909423828,-43.25091266632079,74.0,41.0,3.286,3.271,0.346813490751619,True,5,134737
12,20,2016-02-11T03:13:53,4,-5.26417827606201,-48.5150909423828,-43.25091266632079,74.0,41.0,3.277,3.262,0.346813490751619,True,5,134737
12,20,2016-02-11T03:13:53,5,-5.26417827606201,-48.5150909423828,-43.25091266632079,74.0,41.0,3.276,3.261,0.34681349075160867,True,5,134737
12,20,2016-02-11T03:13:53,6,-5.26417827606201,-48.5150909423828,-43.25091266632079,74.0,41.0,3.286,3.271,0.346813490751619,True,5,134737
12,20,2016-02-11T03:13:53,7,-5.26417827606201,-48.5150909423828,-43.25091266632079,74.0,41.0,3.285,3.271,0.32369259136818046,True,5,134737
12,20,2016-02-11T03:13:53,8,-5.26417827606201,-48.5150909423828,-43.25091266632079,74.0,41.0,3.251,3.121,3.005716919847337,True,5,134737
12,20,2016-02-11T08:54:43,1,-19.7076015472412,-52.0862693786621,-32.3786678314209,87.7,31.25,3.249,3.234,0.46326797872282527,True,5,134738
12,20,2016-02-11T08:54:43,2,-19.7076015472412,-52.0862693786621,-32.3786678314209,87.7,31.25,3.246,3.23,0.4941525106376767,True,5,134738
12,20,2016-02-11T08:54:43,3,-19.7076015472412,-52.0862693786621,-32.3786678314209,87.7,31.25,3.262,3.248,0.4323834468079602,True,5,134738
12,20,2016-02-11T08:54:43,4,-19.7076015472412,-52.0862693786621,-32.3786678314209,87.7,31.25,3.253,3.24,0.40149891489310885,True,5,134738
12,20,2016-02-11T08:54:43,5,-19.7076015472412,-52.0862693786621,-32.3786678314209,87.7,31.25,3.251,3.238,0.40149891489310885,True,5,134738
12,20,2016-02-11T08:54:43,6,-19.7076015472412,-52.0862693786621,-32.3786678314209,87.7,31.25,3.262,3.249,0.40149891489310885,True,5,134738
12,20,2016-02-11T08:54:43,7,-19.7076015472412,-52.0862693786621,-32.3786678314209,87.7,31.25,3.258,3.245,0.40149891489310885,True,5,134738
12,20,2016-02-11T08:54:43,8,-19.7076015472412,-52.0862693786621,-32.3786678314209,87.7,31.25,3.19,3.101,2.7487233404220732,True,5,134738
12,20,2016-02-11T09:11:36,1,-0.661328971385956,-40.923038482666,-40.261709511280046,84.2,33.0,3.264,3.25,0.3477249269824829,True,5,134739
12,20,2016-02-11T09:11:36,2,-0.661328971385956,-40.923038482666,-40.261709511280046,84.2,33.0,3.261,3.244,0.422237411335876,True,5,134739
12,20,2016-02-11T09:11:36,3,-0.661328971385956,-40.923038482666,-40.261709511280046,84.2,33.0,3.275,3.261,0.3477249269824829,True,5,134739
12,20,2016-02-11T09:11:36,4,-0.661328971385956,-40.923038482666,-40.261709511280046,84.2,33.0,3.265,3.251,0.3477249269824939,True,5,134739
12,20,2016-02-11T09:11:36,5,-0.661328971385956,-40.923038482666,-40.261709511280046,84.2,33.0,3.263,3.249,0.3477249269824829,True,5,134739
12,20,2016-02-11T09:11:36,6,-0.661328971385956,-40.923038482666,-40.261709511280046,84.2,33.0,3.274,3.26,0.3477249269824939,True,5,134739
12,20,2016-02-11T09:11:36,7,-0.661328971385956,-40.923038482666,-40.261709511280046,84.2,33.0,3.271,3.258,0.3228874321980222,True,5,134739
12,20,2016-02-11T09:11:36,8,-0.661328971385956,-40.923038482666,-40.261709511280046,84.2,33.0,3.244,3.144,2.4837494784463456,True,5,134739
12,20,2016-02-11T12:20:50,1,-5.18481922149658,-48.2241096496582,-43.03929042816162,85.5,39.25,3.272,3.258,0.32528417315261454,True,5,134740
12,20,2016-02-11T12:20:50,2,-5.18481922149658,-48.2241096496582,-43.03929042816162,85.5,39.25,3.268,3.253,0.3485187569492277,True,5,134740
12,20,2016-02-11T12:20:50,3,-5.18481922149658,-48.2241096496582,-43.03929042816162,85.5,39.25,3.279,3.267,0.2788150055593883,True,5,134740
12,20,2016-02-11T12:20:50,4,-5.18481922149658,-48.2241096496582,-43.03929042816162,85.5,39.25,3.271,3.259,0.2788150055593883,True,5,134740
12,20,2016-02-11T12:20:50,5,-5.18481922149658,-48.2241096496582,-43.03929042816162,85.5,39.25,3.27,3.257,0.3020495893560014,True,5,134740
12,20,2016-02-11T12:20:50,6,-5.18481922149658,-48.2241096496582,-43.03929042816162,85.5,39.25,3.277,3.266,0.2555804217627752,True,5,134740
12,20,2016-02-11T12:20:50,7,-5.18481922149658,-48.2241096496582,-43.03929042816162,85.5,39.25,3.277,3.267,0.23234583796616207,True,5,134740
12,20,2016-02-11T12:20:50,8,-5.18481922149658,-48.2241096496582,-43.03929042816162,85.5,39.25,3.246,3.107,3.2296071477295736,True,5,134740
12,20,2016-02-11T15:38:38,1,-0.952313721179962,-29.6010837554932,-28.648770034313237,88.1,42.5,3.276,3.27,0.20943307488640722,True,6,134741
12,20,2016-02-11T15:38:38,2,-0.952313721179962,-29.6010837554932,-28.648770034313237,88.1,42.5,3.273,3.265,0.2792440998485533,True,6,134741
12,20,2016-02-11T15:38:38,3,-0.952313721179962,-29.6010837554932,-28.648770034313237,88.1,42.5,3.285,3.28,0.1745275624053574,True,6,134741
12,20,2016-02-11T15:38:38,4,-0.952313721179962,-29.6010837554932,-28.648770034313237,88.1,42.5,3.274,3.269,0.17452756240534192,True,6,134741
12,20,2016-02-11T15:38:38,5,-0.952313721179962,-29.6010837554932,-28.648770034313237,88.1,42.5,3.273,3.267,0.2094330748864227,True,6,134741
12,20,2016-02-11T15:38:38,6,-0.952313721179962,-29.6010837554932,-28.648770034313237,88.1,42.5,3.283,3.28,0.10471653744321135,True,6,134741
12,20,2016-02-11T15:38:38,7,-0.952313721179962,-29.6010837554932,-28.648770034313237,88.1,42.5,3.282,3.28,0.06981102496214608,True,6,134741
12,20,2016-02-11T15:38:38,8,-0.952313721179962,-29.6010837554932,-28.648770034313237,88.1,42.5,3.262,3.181,2.8273465109665983,True,6,134741
12,20,2016-02-11T22:24:34,1,-0.661328971385956,-21.9561214447021,-21.294792473316143,93.6,35.5,3.285,3.281,0.1878393511001472,True,5,134743
12,20,2016-02-11T22:24:34,2,-0.661328971385956,-21.9561214447021,-21.294792473316143,93.6,35.5,3.285,3.28,0.23479918887519968,True,5,134743
12,20,2016-02-11T22:24:34,3,-0.661328971385956,-21.9561214447021,-21.294792473316143,93.6,35.5,3.293,3.289,0.1878393511001472,True,5,134743
12,20,2016-02-11T22:24:34,4,-0.661328971385956,-21.9561214447021,-21.294792473316143,93.6,35.5,3.287,3.283,0.1878393511001472,True,5,134743
12,20,2016-02-11T22:24:34,5,-0.661328971385956,-21.9561214447021,-21.294792473316143,93.6,35.5,3.286,3.282,0.1878393511001472,True,5,134743
12,20,2016-02-11T22:24:34,6,-0.661328971385956,-21.9561214447021,-21.294792473316143,93.6,35.5,3.292,3.288,0.1878393511001472,True,5,134743
12,20,2016-02-11T22:24:34,7,-0.661328971385956,-21.9561214447021,-21.294792473316143,93.6,35.5,3.29,3.287,0.14087951332511564,True,5,134743
12,20,2016-02-11T22:24:34,8,-0.661328971385956,-21.9561214447021,-21.294792473316143,93.6,35.5,3.264,3.206,2.7236705909521244,True,5,134743
12,20,2016-02-12T00:03:23,1,-0.661328971385956,-26.135721206665,-25.474392235279044,84.8,41.0,3.285,3.277,0.31404085821215183,True,5,134744
12,20,2016-02-12T00:03:23,2,-0.661328971385956,-26.135721206665,-25.474392235279044,84.8,41.0,3.282,3.273,0.35329596548866643,True,5,134744
12,20,2016-02-12T00:03:23,3,-0.661328971385956,-26.135721206665,-25.474392235279044,84.8,41.0,3.294,3.285,0.35329596548866643,True,5,134744
12,20,2016-02-12T00:03:23,4,-0.661328971385956,-26.135721206665,-25.474392235279044,84.8,41.0,3.284,3.277,0.2747857509356198,True,5,134744
12,20,2016-02-12T00:03:23,5,-0.661328971385956,-26.135721206665,-25.474392235279044,84.8,41.0,3.282,3.275,0.2747857509356372,True,5,134744
12,20,2016-02-12T00:03:23,6,-0.661328971385956,-26.135721206665,-25.474392235279044,84.8,41.0,3.292,3.284,0.31404085821215183,True,5,134744
12,20,2016-02-12T00:03:23,7,-0.661328971385956,-26.135721206665,-25.474392235279044,84.8,41.0,3.292,3.285,0.2747857509356198,True,5,134744
12,20,2016-02-12T00:03:23,8,-0.661328971385956,-26.135721206665,-25.474392235279044,84.8,41.0,3.252,3.174,3.0618983675684714,True,5,134744
12,20,2016-02-12T03:10:15,1,-14.0730800628662,-50.8165168762207,-36.743436813354506,63.3,42.0,3.235,3.225,0.27215744816677734,True,5,134745
12,20,2016-02-12T03:10:15,2,-14.0730800628662,-50.8165168762207,-36.743436813354506,63.3,42.0,3.228,3.215,0.3538046826168274,True,5,134745
12,20,2016-02-12T03:10:15,3,-14.0730800628662,-50.8165168762207,-36.743436813354506,63.3,42.0,3.244,3.234,0.2721574481667894,True,5,134745
12,20,2016-02-12T03:10:15,4,-14.0730800628662,-50.8165168762207,-36.743436813354506,63.3,42.0,3.234,3.224,0.27215744816677734,True,5,134745
12,20,2016-02-12T03:10:15,5,-14.0730800628662,-50.8165168762207,-36.743436813354506,63.3,42.0,3.229,3.219,0.2721574481667894,True,5,134745
12,20,2016-02-12T03:10:15,6,-14.0730800628662,-50.8165168762207,-36.743436813354506,63.3,42.0,3.244,3.235,0.2449417033501141,True,5,134745
12,20,2016-02-12T03:10:15,7,-14.0730800628662,-50.8165168762207,-36.743436813354506,63.3,42.0,3.243,3.236,0.1905102137167393,True,5,134745
12,20,2016-02-12T03:10:15,8,-14.0730800628662,-50.8165168762207,-36.743436813354506,63.3,42.0,3.18,3.074,2.8848689505679097,True,5,134745
12,20,2016-02-12T09:00:04,1,-0.581969499588013,-34.521369934082,-33.93940043449399,93.3,35.25,3.308,3.278,0.883928402268108,True,4,134747
12,20,2016-02-12T09:00:04,2,-0.581969499588013,-34.521369934082,-33.93940043449399,93.3,35.25,3.306,3.274,0.9428569624193223,True,4,134747
12,20,2016-02-12T09:00:04,3,-0.581969499588013,-34.521369934082,-33.93940043449399,93.3,35.25,3.315,3.286,0.8544641221925076,True,4,134747
12,20,2016-02-12T09:00:04,4,-0.581969499588013,-34.521369934082,-33.93940043449399,93.3,35.25,3.307,3.279,0.8249998421169069,True,4,134747
12,20,2016-02-12T09:00:04,5,-0.581969499588013,-34.521369934082,-33.93940043449399,93.3,35.25,3.307,3.278,0.8544641221925076,True,4,134747
12,20,2016-02-12T09:00:04,6,-0.581969499588013,-34.521369934082,-33.93940043449399,93.3,35.25,3.312,3.286,0.7660712819656927,True,4,134747
12,20,2016-02-12T09:00:04,7,-0.581969499588013,-34.521369934082,-33.93940043449399,93.3,35.25,3.311,3.284,0.7955355620413064,True,4,134747
12,20,2016-02-12T09:00:04,8,-0.581969499588013,-34.521369934082,-33.93940043449399,93.3,35.25,3.279,3.173,3.1232136880139985,True,4,134747
12,20,2016-02-12T13:16:00,1,-0.714235246181488,-58.8053741455078,-58.09113889932631,89.2,35.75,3.339,3.315,0.41314390550326,True,5,134748
12,20,2016-02-12T13:16:00,2,-0.714235246181488,-58.8053741455078,-58.09113889932631,89.2,35.75,3.34,3.314,0.44757256429519454,True,5,134748
12,20,2016-02-12T13:16:00,3,-0.714235246181488,-58.8053741455078,-58.09113889932631,89.2,35.75,3.341,3.316,0.4303582348992349,True,5,134748
12,20,2016-02-12T13:16:00,4,-0.714235246181488,-58.8053741455078,-58.09113889932631,89.2,35.75,3.337,3.314,0.3959295761072928,True,5,134748
12,20,2016-02-12T13:16:00,5,-0.714235246181488,-58.8053741455078,-58.09113889932631,89.2,35.75,3.337,3.314,0.3959295761072928,True,5,134748
12,20,2016-02-12T13:16:00,6,-0.714235246181488,-58.8053741455078,-58.09113889932631,89.2,35.75,3.338,3.315,0.3959295761072928,True,5,134748
12,20,2016-02-12T13:16:00,7,-0.714235246181488,-58.8053741455078,-58.09113889932631,89.2,35.75,3.335,3.314,0.36150091731535056,True,5,134748
12,20,2016-02-12T13:16:00,8,-0.714235246181488,-58.8053741455078,-58.09113889932631,89.2,35.75,3.302,3.131,2.9436503267107295,True,5,134748
12,20,2016-02-12T16:57:31,1,-1.58718955516815,-124.139869689941,-122.55268013477284,92.3,40.5,3.289,3.254,0.2855914694114414,True,5,134749
12,20,2016-02-12T16:57:31,2,-1.58718955516815,-124.139869689941,-122.55268013477284,92.3,40.5,3.29,3.252,0.31007073821813724,True,5,134749
12,20,2016-02-12T16:57:31,3,-1.58718955516815,-124.139869689941,-122.55268013477284,92.3,40.5,3.294,3.258,0.2937512256803388,True,5,134749
12,20,2016-02-12T16:57:31,4,-1.58718955516815,-124.139869689941,-122.55268013477284,92.3,40.5,3.289,3.257,0.2611122006047456,True,5,134749
12,20,2016-02-12T16:57:31,5,-1.58718955516815,-124.139869689941,-122.55268013477284,92.3,40.5,3.29,3.258,0.2611122006047456,True,5,134749
12,20,2016-02-12T16:57:31,6,-1.58718955516815,-124.139869689941,-122.55268013477284,92.3,40.5,3.292,3.26,0.2611122006047456,True,5,134749
12,20,2016-02-12T16:57:31,7,-1.58718955516815,-124.139869689941,-122.55268013477284,92.3,40.5,3.291,3.262,0.23663293179804978,True,5,134749
12,20,2016-02-12T16:57:31,8,-1.58718955516815,-124.139869689941,-122.55268013477284,92.3,40.5,3.271,3.008,2.1460158987202504,True,5,134749
12,20,2016-02-12T18:01:36,1,-12.0097332000732,-53.9908981323242,-41.981164932251,87.2,42.0,3.296,3.282,0.33348288506507434,True,5,134750
12,20,2016-02-12T18:01:36,2,-12.0097332000732,-53.9908981323242,-41.981164932251,87.2,42.0,3.294,3.279,0.3573030911411594,True,5,134750
12,20,2016-02-12T18:01:36,3,-12.0097332000732,-53.9908981323242,-41.981164932251,87.2,42.0,3.303,3.288,0.3573030911411594,True,5,134750
12,20,2016-02-12T18:01:36,4,-12.0097332000732,-53.9908981323242,-41.981164932251,87.2,42.0,3.295,3.282,0.3096626789889999,True,5,134750
12,20,2016-02-12T18:01:36,5,-12.0097332000732,-53.9908981323242,-41.981164932251,87.2,42.0,3.294,3.281,0.3096626789889999,True,5,134750
12,20,2016-02-12T18:01:36,6,-12.0097332000732,-53.9908981323242,-41.981164932251,87.2,42.0,3.3,3.287,0.3096626789889999,True,5,134750
12,20,2016-02-12T18:01:36,7,-12.0097332000732,-53.9908981323242,-41.981164932251,87.2,42.0,3.302,3.288,0.33348288506508494,True,5,134750
12,20,2016-02-12T18:01:36,8,-12.0097332000732,-53.9908981323242,-41.981164932251,87.2,42.0,3.225,3.074,3.5968511174876476,True,5,134750
12,20,2016-02-12T22:14:39,1,-0.634875774383545,-35.7646713256836,-35.129795551300056,92.9,36.5,3.295,3.284,0.3131245094762028,True,5,134751
12,20,2016-02-12T22:14:39,2,-0.634875774383545,-35.7646713256836,-35.129795551300056,92.9,36.5,3.296,3.284,0.34159037397403597,True,5,134751
12,20,2016-02-12T22:14:39,3,-0.634875774383545,-35.7646713256836,-35.129795551300056,92.9,36.5,3.301,3.29,0.3131245094762028,True,5,134751
12,20,2016-02-12T22:14:39,4,-0.634875774383545,-35.7646713256836,-35.129795551300056,92.9,36.5,3.296,3.286,0.28465864497835697,True,5,134751
12,20,2016-02-12T22:14:39,5,-0.634875774383545,-35.7646713256836,-35.129795551300056,92.9,36.5,3.296,3.286,0.28465864497835697,True,5,134751
12,20,2016-02-12T22:14:39,6,-0.634875774383545,-35.7646713256836,-35.129795551300056,92.9,36.5,3.3,3.29,0.28465864497835697,True,5,134751
12,20,2016-02-12T22:14:39,7,-0.634875774383545,-35.7646713256836,-35.129795551300056,92.9,36.5,3.299,3.289,0.28465864497835697,True,5,134751
12,20,2016-02-12T22:14:39,8,-0.634875774383545,-35.7646713256836,-35.129795551300056,92.9,36.5,3.26,3.177,2.362666753320406,True,5,134751
12,20,2016-02-13T01:44:18,1,-1.26975154876709,-70.9209136962891,-69.65116214752202,86.3,47.5,3.285,3.26,0.35893155590211184,True,5,134752
12,20,2016-02-13T01:44:18,2,-1.26975154876709,-70.9209136962891,-69.65116214752202,86.3,47.5,3.281,3.255,0.37328881813819453,True,5,134752
12,20,2016-02-13T01:44:18,3,-1.26975154876709,-70.9209136962891,-69.65116214752202,86.3,47.5,3.294,3.268,0.37328881813819453,True,5,134752
12,20,2016-02-13T01:44:18,4,-1.26975154876709,-70.9209136962891,-69.65116214752202,86.3,47.5,3.283,3.26,0.3302170314299401,True,5,134752
12,20,2016-02-13T01:44:18,5,-1.26975154876709,-70.9209136962891,-69.65116214752202,86.3,47.5,3.28,3.258,0.315859769193851,True,5,134752
12,20,2016-02-13T01:44:18,6,-1.26975154876709,-70.9209136962891,-69.65116214752202,86.3,47.5,3.292,3.269,0.33021703142993375,True,5,134752
12,20,2016-02-13T01:44:18,7,-1.26975154876709,-70.9209136962891,-69.65116214752202,86.3,47.5,3.292,3.27,0.315859769193851,True,5,134752
12,20,2016-02-13T01:44:18,8,-1.26975154876709,-70.9209136962891,-69.65116214752202,86.3,47.5,3.241,3.049,2.7565943493281826,True,5,134752
12,20,2016-02-13T03:05:20,1,-1.29620480537415,-124.664772033691,-123.36856722831685,71.8,46.75,3.265,3.221,0.3566548675123196,True,5,134753
12,20,2016-02-13T03:05:20,2,-1.29620480537415,-124.664772033691,-123.36856722831685,71.8,46.75,3.264,3.216,0.38907803728616325,True,5,134753
12,20,2016-02-13T03:05:20,3,-1.29620480537415,-124.664772033691,-123.36856722831685,71.8,46.75,3.274,3.228,0.3728664523992414,True,5,134753
12,20,2016-02-13T03:05:20,4,-1.29620480537415,-124.664772033691,-123.36856722831685,71.8,46.75,3.264,3.223,0.33233749018193326,True,5,134753
12,20,2016-02-13T03:05:20,5,-1.29620480537415,-124.664772033691,-123.36856722831685,71.8,46.75,3.263,3.222,0.33233749018193326,True,5,134753
12,20,2016-02-13T03:05:20,6,-1.29620480537415,-124.664772033691,-123.36856722831685,71.8,46.75,3.274,3.232,0.3404432826253942,True,5,134753
12,20,2016-02-13T03:05:20,7,-1.29620480537415,-124.664772033691,-123.36856722831685,71.8,46.75,3.275,3.235,0.3242316977384724,True,5,134753
12,20,2016-02-13T03:05:20,8,-1.29620480537415,-124.664772033691,-123.36856722831685,71.8,46.75,3.223,2.953,2.1885639597346866,True,5,134753
12,20,2016-02-13T12:16:36,1,-13.3852977752686,-53.4089241027832,-40.023626327514606,90.4,41.75,3.284,3.272,0.29982290714498555,True,5,134756
12,20,2016-02-13T12:16:36,2,-13.3852977752686,-53.4089241027832,-40.023626327514606,90.4,41.75,3.28,3.267,0.3248081494070649,True,5,134756
12,20,2016-02-13T12:16:36,3,-13.3852977752686,-53.4089241027832,-40.023626327514606,90.4,41.75,3.292,3.28,0.29982290714498555,True,5,134756
12,20,2016-02-13T12:16:36,4,-13.3852977752686,-53.4089241027832,-40.023626327514606,90.4,41.75,3.284,3.272,0.29982290714498555,True,5,134756
12,20,2016-02-13T12:16:36,5,-13.3852977752686,-53.4089241027832,-40.023626327514606,90.4,41.75,3.281,3.27,0.27483766488290623,True,5,134756
12,20,2016-02-13T12:16:36,6,-13.3852977752686,-53.4089241027832,-40.023626327514606,90.4,41.75,3.291,3.279,0.29982290714498555,True,5,134756
12,20,2016-02-13T12:16:36,7,-13.3852977752686,-53.4089241027832,-40.023626327514606,90.4,41.75,3.291,3.28,0.27483766488290623,True,5,134756
12,20,2016-02-13T12:16:36,8,-13.3852977752686,-53.4089241027832,-40.023626327514606,90.4,41.75,3.222,3.127,2.373598014897805,True,5,134756
12,20,2016-02-13T15:58:02,1,-4.2854118347168,-36.3466377258301,-32.061225891113295,92.9,37.25,3.351,3.335,0.4990451723318191,True,5,134757
12,20,2016-02-13T15:58:02,2,-4.2854118347168,-36.3466377258301,-32.061225891113295,92.9,37.25,3.352,3.335,0.5302354956025543,True,5,134757
12,20,2016-02-13T15:58:02,3,-4.2854118347168,-36.3466377258301,-32.061225891113295,92.9,37.25,3.352,3.336,0.4990451723318191,True,5,134757
12,20,2016-02-13T15:58:02,4,-4.2854118347168,-36.3466377258301,-32.061225891113295,92.9,37.25,3.348,3.333,0.46785484906107,True,5,134757
12,20,2016-02-13T15:58:02,5,-4.2854118347168,-36.3466377258301,-32.061225891113295,92.9,37.25,3.348,3.333,0.46785484906107,True,5,134757
12,20,2016-02-13T15:58:02,6,-4.2854118347168,-36.3466377258301,-32.061225891113295,92.9,37.25,3.349,3.334,0.4678548490610838,True,5,134757
12,20,2016-02-13T15:58:02,7,-4.2854118347168,-36.3466377258301,-32.061225891113295,92.9,37.25,3.345,3.331,0.4366645257903486,True,5,134757
12,20,2016-02-13T15:58:02,8,-4.2854118347168,-36.3466377258301,-32.061225891113295,92.9,37.25,3.298,3.177,3.774029115759378,True,5,134757
12,20,2016-02-13T23:41:35,1,-17.5913505554199,-60.022216796875,-42.4308662414551,80.5,36.0,3.271,3.252,0.44778722856798675,True,5,134759
12,20,2016-02-13T23:41:35,2,-17.5913505554199,-60.022216796875,-42.4308662414551,80.5,36.0,3.265,3.246,0.44778722856798675,True,5,134759
12,20,2016-02-13T23:41:35,3,-17.5913505554199,-60.022216796875,-42.4308662414551,80.5,36.0,3.278,3.26,0.4242194796959902,True,5,134759
12,20,2016-02-13T23:41:35,4,-17.5913505554199,-60.022216796875,-42.4308662414551,80.5,36.0,3.269,3.253,0.3770839819519866,True,5,134759
12,20,2016-02-13T23:41:35,5,-17.5913505554199,-60.022216796875,-42.4308662414551,80.5,36.0,3.267,3.251,0.3770839819519866,True,5,134759
12,20,2016-02-13T23:41:35,6,-17.5913505554199,-60.022216796875,-42.4308662414551,80.5,36.0,3.277,3.261,0.3770839819519866,True,5,134759
12,20,2016-02-13T23:41:35,7,-17.5913505554199,-60.022216796875,-42.4308662414551,80.5,36.0,3.278,3.262,0.3770839819519866,True,5,134759
12,20,2016-02-13T23:41:35,8,-17.5913505554199,-60.022216796875,-42.4308662414551,80.5,36.0,3.182,3.023,3.7472720706478593,True,5,134759
12,20,2016-02-14T03:13:02,1,-10.2902784347534,-37.5899391174316,-27.299660682678198,90.7,33.25,3.297,3.284,0.47619639493354304,True,5,134761
12,20,2016-02-14T03:13:02,2,-10.2902784347534,-37.5899391174316,-27.299660682678198,90.7,33.25,3.296,3.283,0.4761963949335268,True,5,134761
12,20,2016-02-14T03:13:02,3,-10.2902784347534,-37.5899391174316,-27.299660682678198,90.7,33.25,3.302,3.29,0.4395659030155669,True,5,134761
12,20,2016-02-14T03:13:02,4,-10.2902784347534,-37.5899391174316,-27.299660682678198,90.7,33.25,3.297,3.286,0.4029354110976071,True,5,134761
12,20,2016-02-14T03:13:02,5,-10.2902784347534,-37.5899391174316,-27.299660682678198,90.7,33.25,3.297,3.285,0.4395659030155669,True,5,134761
12,20,2016-02-14T03:13:02,6,-10.2902784347534,-37.5899391174316,-27.299660682678198,90.7,33.25,3.3,3.289,0.40293541109759085,True,5,134761
12,20,2016-02-14T03:13:02,7,-10.2902784347534,-37.5899391174316,-27.299660682678198,90.7,33.25,3.301,3.289,0.4395659030155669,True,5,134761
12,20,2016-02-14T03:13:02,8,-10.2902784347534,-37.5899391174316,-27.299660682678198,90.7,33.25,3.22,3.126,3.4432662402886156,True,5,134761
12,20,2016-02-14T10:04:59,1,-20.0779476165771,-51.7688331604004,-31.6908855438233,90.1,29.75,3.362,3.337,0.788870350922476,True,5,134763
12,20,2016-02-14T10:04:59,2,-20.0779476165771,-51.7688331604004,-31.6908855438233,90.1,29.75,3.361,3.337,0.7573155368855804,True,5,134763
12,20,2016-02-14T10:04:59,3,-20.0779476165771,-51.7688331604004,-31.6908855438233,90.1,29.75,3.361,3.339,0.6942059088117891,True,5,134763
12,20,2016-02-14T10:04:59,4,-20.0779476165771,-51.7688331604004,-31.6908855438233,90.1,29.75,3.36,3.338,0.694205908811775,True,5,134763
12,20,2016-02-14T10:04:59,5,-20.0779476165771,-51.7688331604004,-31.6908855438233,90.1,29.75,3.359,3.337,0.694205908811775,True,5,134763
12,20,2016-02-14T10:04:59,6,-20.0779476165771,-51.7688331604004,-31.6908855438233,90.1,29.75,3.359,3.337,0.694205908811775,True,5,134763
12,20,2016-02-14T10:04:59,7,-20.0779476165771,-51.7688331604004,-31.6908855438233,90.1,29.75,3.356,3.334,0.694205908811775,True,5,134763
12,20,2016-02-14T10:04:59,8,-20.0779476165771,-51.7688331604004,-31.6908855438233,90.1,29.75,3.243,3.13,3.565693986169604,True,5,134763
12,20,2016-02-14T13:20:45,1,-17.1416473388672,-38.4893455505371,-21.3476982116699,87.4,32.5,3.354,3.339,0.7026518667853495,True,5,134764
12,20,2016-02-14T13:20:45,2,-17.1416473388672,-38.4893455505371,-21.3476982116699,87.4,32.5,3.355,3.339,0.749495324571034,True,5,134764
12,20,2016-02-14T13:20:45,3,-17.1416473388672,-38.4893455505371,-21.3476982116699,87.4,32.5,3.354,3.34,0.6558084089996651,True,5,134764
12,20,2016-02-14T13:20:45,4,-17.1416473388672,-38.4893455505371,-21.3476982116699,87.4,32.5,3.354,3.339,0.7026518667853495,True,5,134764
12,20,2016-02-14T13:20:45,5,-17.1416473388672,-38.4893455505371,-21.3476982116699,87.4,32.5,3.353,3.339,0.6558084089996651,True,5,134764
12,20,2016-02-14T13:20:45,6,-17.1416473388672,-38.4893455505371,-21.3476982116699,87.4,32.5,3.352,3.338,0.6558084089996444,True,5,134764
12,20,2016-02-14T13:20:45,7,-17.1416473388672,-38.4893455505371,-21.3476982116699,87.4,32.5,3.349,3.335,0.6558084089996651,True,5,134764
12,20,2016-02-14T13:20:45,8,-17.1416473388672,-38.4893455505371,-21.3476982116699,87.4,32.5,3.257,3.195,2.9042943827127674,True,5,134764
12,20,2016-02-14T22:22:27,1,-1.42847049236298,-123.877418518066,-122.44894802570302,91.2,41.0,3.275,3.224,0.41650010736959864,True,5,134767
12,20,2016-02-14T22:22:27,2,-1.42847049236298,-123.877418518066,-122.44894802570302,91.2,41.0,3.273,3.219,0.44100011368546205,True,5,134767
12,20,2016-02-14T22:22:27,3,-1.42847049236298,-123.877418518066,-122.44894802570302,91.2,41.0,3.285,3.234,0.4165001073696023,True,5,134767
12,20,2016-02-14T22:22:27,4,-1.42847049236298,-123.877418518066,-122.44894802570302,91.2,41.0,3.276,3.231,0.3675000947378827,True,5,134767
12,20,2016-02-14T22:22:27,5,-1.42847049236298,-123.877418518066,-122.44894802570302,91.2,41.0,3.274,3.228,0.3756667635098347,True,5,134767
12,20,2016-02-14T22:22:27,6,-1.42847049236298,-123.877418518066,-122.44894802570302,91.2,41.0,3.285,3.239,0.37566676350983835,True,5,134767
12,20,2016-02-14T22:22:27,7,-1.42847049236298,-123.877418518066,-122.44894802570302,91.2,41.0,3.283,3.237,0.3756667635098347,True,5,134767
12,20,2016-02-14T22:22:27,8,-1.42847049236298,-123.877418518066,-122.44894802570302,91.2,41.0,3.235,2.946,2.3601672750944034,True,5,134767
12,20,2016-02-15T23:36:51,1,-0.793594777584076,-49.0970649719238,-48.303470194339724,93.2,25.5,3.282,3.257,0.5175611586376139,True,5,134775
12,20,2016-02-15T23:36:51,2,-0.793594777584076,-49.0970649719238,-48.303470194339724,93.2,25.5,3.277,3.25,0.5589660513286276,True,5,134775
12,20,2016-02-15T23:36:51,3,-0.793594777584076,-49.0970649719238,-48.303470194339724,93.2,25.5,3.289,3.262,0.5589660513286276,True,5,134775
12,20,2016-02-15T23:36:51,4,-0.793594777584076,-49.0970649719238,-48.303470194339724,93.2,25.5,3.277,3.254,0.47615626594660915,True,5,134775
12,20,2016-02-15T23:36:51,5,-0.793594777584076,-49.0970649719238,-48.303470194339724,93.2,25.5,3.275,3.25,0.5175611586376139,True,5,134775
12,20,2016-02-15T23:36:51,6,-0.793594777584076,-49.0970649719238,-48.303470194339724,93.2,25.5,3.285,3.26,0.517561158637623,True,5,134775
12,20,2016-02-15T23:36:51,7,-0.793594777584076,-49.0970649719238,-48.303470194339724,93.2,25.5,3.284,3.259,0.5175611586376139,True,5,134775
12,20,2016-02-15T23:36:51,8,-0.793594777584076,-49.0970649719238,-48.303470194339724,93.2,25.5,3.257,3.128,2.6706155785700965,True,5,134775
12,20,2016-02-16T09:16:36,1,-0.76714164018631,-20.9509029388428,-20.18376129865649,91.1,15.5,3.327,3.314,0.6440821315532121,True,5,134779
12,20,2016-02-16T09:16:36,2,-0.76714164018631,-20.9509029388428,-20.18376129865649,91.1,15.5,3.329,3.315,0.6936269109034762,True,5,134779
12,20,2016-02-16T09:16:36,3,-0.76714164018631,-20.9509029388428,-20.18376129865649,91.1,15.5,3.329,3.317,0.5945373522029701,True,5,134779
12,20,2016-02-16T09:16:36,4,-0.76714164018631,-20.9509029388428,-20.18376129865649,91.1,15.5,3.327,3.315,0.5945373522029701,True,5,134779
12,20,2016-02-16T09:16:36,5,-0.76714164018631,-20.9509029388428,-20.18376129865649,91.1,15.5,3.326,3.315,0.5449925728527282,True,5,134779
12,20,2016-02-16T09:16:36,6,-0.76714164018631,-20.9509029388428,-20.18376129865649,91.1,15.5,3.328,3.316,0.5945373522029701,True,5,134779
12,20,2016-02-16T09:16:36,7,-0.76714164018631,-20.9509029388428,-20.18376129865649,91.1,15.5,3.325,3.314,0.5449925728527282,True,5,134779
12,20,2016-02-16T09:16:36,8,-0.76714164018631,-20.9509029388428,-20.18376129865649,91.1,15.5,3.299,3.245,2.6754180849133546,True,5,134779
12,20,2016-02-16T13:56:05,1,-13.8614549636841,-48.620906829834,-34.7594518661499,82.7,33.5,3.268,3.254,0.4027681464572671,True,5,134780
12,20,2016-02-16T13:56:05,2,-13.8614549636841,-48.620906829834,-34.7594518661499,82.7,33.5,3.264,3.248,0.4603064530940141,True,5,134780
12,20,2016-02-16T13:56:05,3,-13.8614549636841,-48.620906829834,-34.7594518661499,82.7,33.5,3.276,3.261,0.4315372997756406,True,5,134780
12,20,2016-02-16T13:56:05,4,-13.8614549636841,-48.620906829834,-34.7594518661499,82.7,33.5,3.265,3.251,0.4027681464572799,True,5,134780
12,20,2016-02-16T13:56:05,5,-13.8614549636841,-48.620906829834,-34.7594518661499,82.7,33.5,3.263,3.248,0.4315372997756406,True,5,134780
12,20,2016-02-16T13:56:05,6,-13.8614549636841,-48.620906829834,-34.7594518661499,82.7,33.5,3.274,3.26,0.4027681464572799,True,5,134780
12,20,2016-02-16T13:56:05,7,-13.8614549636841,-48.620906829834,-34.7594518661499,82.7,33.5,3.274,3.26,0.4027681464572799,True,5,134780
12,20,2016-02-16T13:56:05,8,-13.8614549636841,-48.620906829834,-34.7594518661499,82.7,33.5,3.231,3.174,1.6398417391474676,True,5,134780
12,20,2016-02-16T16:56:00,1,-13.4911108016968,-47.6950454711914,-34.2039346694946,93.4,41.0,3.289,3.28,0.2631276222155562,True,5,134781
12,20,2016-02-16T16:56:00,2,-13.4911108016968,-47.6950454711914,-34.2039346694946,93.4,41.0,3.288,3.276,0.35083682962072865,True,5,134781
12,20,2016-02-16T16:56:00,3,-13.4911108016968,-47.6950454711914,-34.2039346694946,93.4,41.0,3.295,3.286,0.26312762221554326,True,5,134781
12,20,2016-02-16T16:56:00,4,-13.4911108016968,-47.6950454711914,-34.2039346694946,93.4,41.0,3.289,3.279,0.292364024683947,True,5,134781
12,20,2016-02-16T16:56:00,5,-13.4911108016968,-47.6950454711914,-34.2039346694946,93.4,41.0,3.288,3.278,0.292364024683934,True,5,134781
12,20,2016-02-16T16:56:00,6,-13.4911108016968,-47.6950454711914,-34.2039346694946,93.4,41.0,3.294,3.285,0.26312762221554326,True,5,134781
12,20,2016-02-16T16:56:00,7,-13.4911108016968,-47.6950454711914,-34.2039346694946,93.4,41.0,3.293,3.286,0.2046548172787616,True,5,134781
12,20,2016-02-16T16:56:00,8,-13.4911108016968,-47.6950454711914,-34.2039346694946,93.4,41.0,3.257,3.167,2.631276222155471,True,5,134781
12,20,2016-02-16T18:13:53,1,-1.29620480537415,-40.4997863769531,-39.203581571578944,79.5,47.0,3.273,3.258,0.38261810270096686,True,5,134782
12,20,2016-02-16T18:13:53,2,-1.29620480537415,-40.4997863769531,-39.203581571578944,79.5,47.0,3.269,3.252,0.43363384972776775,True,5,134782
12,20,2016-02-16T18:13:53,3,-1.29620480537415,-40.4997863769531,-39.203581571578944,79.5,47.0,3.282,3.265,0.4336338497277564,True,5,134782
12,20,2016-02-16T18:13:53,4,-1.29620480537415,-40.4997863769531,-39.203581571578944,79.5,47.0,3.27,3.256,0.35711022918757207,True,5,134782
12,20,2016-02-16T18:13:53,5,-1.29620480537415,-40.4997863769531,-39.203581571578944,79.5,47.0,3.268,3.253,0.38261810270095553,True,5,134782
12,20,2016-02-16T18:13:53,6,-1.29620480537415,-40.4997863769531,-39.203581571578944,79.5,47.0,3.281,3.266,0.38261810270096686,True,5,134782
12,20,2016-02-16T18:13:53,7,-1.29620480537415,-40.4997863769531,-39.203581571578944,79.5,47.0,3.282,3.267,0.38261810270096686,True,5,134782
12,20,2016-02-16T18:13:53,8,-1.29620480537415,-40.4997863769531,-39.203581571578944,79.5,47.0,3.244,3.121,3.1374684421479078,True,5,134782
12,20,2016-02-16T22:34:23,1,-7.24816560745239,-48.9647941589355,-41.716628551483105,88.6,38.5,3.296,3.279,0.4075113591459088,True,5,134783
12,20,2016-02-16T22:34:23,2,-7.24816560745239,-48.9647941589355,-41.716628551483105,88.6,38.5,3.291,3.274,0.4075113591459088,True,5,134783
12,20,2016-02-16T22:34:23,3,-7.24816560745239,-48.9647941589355,-41.716628551483105,88.6,38.5,3.304,3.287,0.4075113591459088,True,5,134783
12,20,2016-02-16T22:34:23,4,-7.24816560745239,-48.9647941589355,-41.716628551483105,88.6,38.5,3.294,3.279,0.3595688463052187,True,5,134783
12,20,2016-02-16T22:34:23,5,-7.24816560745239,-48.9647941589355,-41.716628551483105,88.6,38.5,3.292,3.276,0.3835401027255637,True,5,134783
12,20,2016-02-16T22:34:23,6,-7.24816560745239,-48.9647941589355,-41.716628551483105,88.6,38.5,3.303,3.288,0.3595688463052187,True,5,134783
12,20,2016-02-16T22:34:23,7,-7.24816560745239,-48.9647941589355,-41.716628551483105,88.6,38.5,3.301,3.286,0.3595688463052187,True,5,134783
12,20,2016-02-16T22:34:23,8,-7.24816560745239,-48.9647941589355,-41.716628551483105,88.6,38.5,3.256,3.162,2.2532981035126816,True,5,134783
12,20,2016-02-17T01:36:05,1,-15.9512548446655,-57.5356178283691,-41.5843629837036,93.3,36.75,3.277,3.261,0.3847600119850392,True,5,134784
12,20,2016-02-17T01:36:05,2,-15.9512548446655,-57.5356178283691,-41.5843629837036,93.3,36.75,3.276,3.259,0.4088075127341014,True,5,134784
12,20,2016-02-17T01:36:05,3,-15.9512548446655,-57.5356178283691,-41.5843629837036,93.3,36.75,3.288,3.273,0.36071251123596615,True,5,134784
12,20,2016-02-17T01:36:05,4,-15.9512548446655,-57.5356178283691,-41.5843629837036,93.3,36.75,3.28,3.265,0.36071251123596615,True,5,134784
12,20,2016-02-17T01:36:05,5,-15.9512548446655,-57.5356178283691,-41.5843629837036,93.3,36.75,3.278,3.264,0.33666501048691455,True,5,134784
12,20,2016-02-17T01:36:05,6,-15.9512548446655,-57.5356178283691,-41.5843629837036,93.3,36.75,3.289,3.274,0.36071251123597686,True,5,134784
12,20,2016-02-17T01:36:05,7,-15.9512548446655,-57.5356178283691,-41.5843629837036,93.3,36.75,3.287,3.274,0.31261750973784164,True,5,134784
12,20,2016-02-17T01:36:05,8,-15.9512548446655,-57.5356178283691,-41.5843629837036,93.3,36.75,3.215,3.099,2.789510086891523,True,5,134784
12,20,2016-02-17T03:32:06,1,-0.581969499588013,-36.3730926513672,-35.79112315177919,73.8,39.75,3.277,3.264,0.36321855407753834,True,5,134785
12,20,2016-02-17T03:32:06,2,-0.581969499588013,-36.3730926513672,-35.79112315177919,73.8,39.75,3.276,3.262,0.3911584428527174,True,5,134785
12,20,2016-02-17T03:32:06,3,-0.581969499588013,-36.3730926513672,-35.79112315177919,73.8,39.75,3.285,3.272,0.36321855407753834,True,5,134785
12,20,2016-02-17T03:32:06,4,-0.581969499588013,-36.3730926513672,-35.79112315177919,73.8,39.75,3.277,3.265,0.33527866530233447,True,5,134785
12,20,2016-02-17T03:32:06,5,-0.581969499588013,-36.3730926513672,-35.79112315177919,73.8,39.75,3.275,3.263,0.33527866530233447,True,5,134785
12,20,2016-02-17T03:32:06,6,-0.581969499588013,-36.3730926513672,-35.79112315177919,73.8,39.75,3.286,3.273,0.36321855407752596,True,5,134785
12,20,2016-02-17T03:32:06,7,-0.581969499588013,-36.3730926513672,-35.79112315177919,73.8,39.75,3.284,3.273,0.30733877652713065,True,5,134785
12,20,2016-02-17T03:32:06,8,-0.581969499588013,-36.3730926513672,-35.79112315177919,73.8,39.75,3.252,3.182,1.9557922142636117,True,5,134785
12,20,2016-02-17T09:38:53,1,-2.301424741745,-29.8127098083496,-27.5112850666046,90.7,31.75,3.281,3.271,0.36348720082650854,True,5,134787
12,20,2016-02-17T09:38:53,2,-2.301424741745,-29.8127098083496,-27.5112850666046,90.7,31.75,3.279,3.269,0.3634872008264924,True,5,134787
12,20,2016-02-17T09:38:53,3,-2.301424741745,-29.8127098083496,-27.5112850666046,90.7,31.75,3.29,3.279,0.3998359209091545,True,5,134787
12,20,2016-02-17T09:38:53,4,-2.301424741745,-29.8127098083496,-27.5112850666046,90.7,31.75,3.282,3.273,0.3271384807438463,True,5,134787
12,20,2016-02-17T09:38:53,5,-2.301424741745,-29.8127098083496,-27.5112850666046,90.7,31.75,3.282,3.272,0.36348720082650854,True,5,134787
12,20,2016-02-17T09:38:53,6,-2.301424741745,-29.8127098083496,-27.5112850666046,90.7,31.75,3.287,3.278,0.3271384807438463,True,5,134787
12,20,2016-02-17T09:38:53,7,-2.301424741745,-29.8127098083496,-27.5112850666046,90.7,31.75,3.287,3.277,0.3634872008264924,True,5,134787
12,20,2016-02-17T09:38:53,8,-2.301424741745,-29.8127098083496,-27.5112850666046,90.7,31.75,3.248,3.166,2.9805950467773115,True,5,134787
12,20,2016-02-17T12:36:10,1,-3.3330979347229,-42.7483024597168,-39.4152045249939,82.4,38.75,3.289,3.273,0.40593471968042494,True,5,134788
12,20,2016-02-17T12:36:10,2,-3.3330979347229,-42.7483024597168,-39.4152045249939,82.4,38.75,3.284,3.267,0.43130563966044866,True,5,134788
12,20,2016-02-17T12:36:10,3,-3.3330979347229,-42.7483024597168,-39.4152045249939,82.4,38.75,3.296,3.28,0.40593471968042494,True,5,134788
12,20,2016-02-17T12:36:10,4,-3.3330979347229,-42.7483024597168,-39.4152045249939,82.4,38.75,3.286,3.272,0.35519287972037744,True,5,134788
12,20,2016-02-17T12:36:10,5,-3.3330979347229,-42.7483024597168,-39.4152045249939,82.4,38.75,3.282,3.267,0.3805637997004012,True,5,134788
12,20,2016-02-17T12:36:10,6,-3.3330979347229,-42.7483024597168,-39.4152045249939,82.4,38.75,3.294,3.279,0.3805637997004012,True,5,134788
12,20,2016-02-17T12:36:10,7,-3.3330979347229,-42.7483024597168,-39.4152045249939,82.4,38.75,3.294,3.279,0.3805637997004012,True,5,134788
12,20,2016-02-17T12:36:10,8,-3.3330979347229,-42.7483024597168,-39.4152045249939,82.4,38.75,3.246,3.152,2.384866478122491,True,5,134788
12,20,2016-02-17T15:45:50,1,-8.06821346282959,-48.8589820861816,-40.79076862335201,88.3,37.5,3.269,3.255,0.3432149104438664,True,5,134789
12,20,2016-02-17T15:45:50,2,-8.06821346282959,-48.8589820861816,-40.79076862335201,88.3,37.5,3.265,3.25,0.36773026118985375,True,5,134789
12,20,2016-02-17T15:45:50,3,-8.06821346282959,-48.8589820861816,-40.79076862335201,88.3,37.5,3.279,3.266,0.3186995596978682,True,5,134789
12,20,2016-02-17T15:45:50,4,-8.06821346282959,-48.8589820861816,-40.79076862335201,88.3,37.5,3.269,3.256,0.31869955969787905,True,5,134789
12,20,2016-02-17T15:45:50,5,-8.06821346282959,-48.8589820861816,-40.79076862335201,88.3,37.5,3.267,3.254,0.3186995596978682,True,5,134789
12,20,2016-02-17T15:45:50,6,-8.06821346282959,-48.8589820861816,-40.79076862335201,88.3,37.5,3.28,3.267,0.3186995596978682,True,5,134789
12,20,2016-02-17T15:45:50,7,-8.06821346282959,-48.8589820861816,-40.79076862335201,88.3,37.5,3.279,3.267,0.2941842089518808,True,5,134789
12,20,2016-02-17T15:45:50,8,-8.06821346282959,-48.8589820861816,-40.79076862335201,88.3,37.5,3.234,3.126,2.6476578805669275,True,5,134789
12,20,2016-02-17T21:58:17,1,-19.2049922943115,-52.9592247009277,-33.7542324066162,92.2,32.75,3.282,3.266,0.474014630439762,True,5,134791
12,20,2016-02-17T21:58:17,2,-19.2049922943115,-52.9592247009277,-33.7542324066162,92.2,32.75,3.278,3.261,0.5036405448422437,True,5,134791
12,20,2016-02-17T21:58:17,3,-19.2049922943115,-52.9592247009277,-33.7542324066162,92.2,32.75,3.292,3.277,0.444388716037267,True,5,134791
12,20,2016-02-17T21:58:17,4,-19.2049922943115,-52.9592247009277,-33.7542324066162,92.2,32.75,3.282,3.268,0.4147628016347983,True,5,134791
12,20,2016-02-17T21:58:17,5,-19.2049922943115,-52.9592247009277,-33.7542324066162,92.2,32.75,3.28,3.266,0.4147628016347851,True,5,134791
12,20,2016-02-17T21:58:17,6,-19.2049922943115,-52.9592247009277,-33.7542324066162,92.2,32.75,3.292,3.277,0.444388716037267,True,5,134791
12,20,2016-02-17T21:58:17,7,-19.2049922943115,-52.9592247009277,-33.7542324066162,92.2,32.75,3.29,3.276,0.4147628016347983,True,5,134791
12,20,2016-02-17T21:58:17,8,-19.2049922943115,-52.9592247009277,-33.7542324066162,92.2,32.75,3.225,3.139,2.547828638613727,True,5,134791
12,20,2016-02-18T02:45:19,1,-0.581969499588013,-29.1778335571289,-28.595864057540886,89.7,35.5,3.295,3.284,0.38467101318798447,True,5,134792
12,20,2016-02-18T02:45:19,2,-0.581969499588013,-29.1778335571289,-28.595864057540886,89.7,35.5,3.29,3.279,0.38467101318798447,True,5,134792
12,20,2016-02-18T02:45:19,3,-0.581969499588013,-29.1778335571289,-28.595864057540886,89.7,35.5,3.304,3.293,0.38467101318796887,True,5,134792
12,20,2016-02-18T02:45:19,4,-0.581969499588013,-29.1778335571289,-28.595864057540886,89.7,35.5,3.292,3.283,0.31473082897198024,True,5,134792
12,20,2016-02-18T02:45:19,5,-0.581969499588013,-29.1778335571289,-28.595864057540886,89.7,35.5,3.29,3.28,0.3497009210799901,True,5,134792
12,20,2016-02-18T02:45:19,6,-0.581969499588013,-29.1778335571289,-28.595864057540886,89.7,35.5,3.303,3.293,0.3497009210799745,True,5,134792
12,20,2016-02-18T02:45:19,7,-0.581969499588013,-29.1778335571289,-28.595864057540886,89.7,35.5,3.301,3.291,0.3497009210799901,True,5,134792
12,20,2016-02-18T02:45:19,8,-0.581969499588013,-29.1778335571289,-28.595864057540886,89.7,35.5,3.271,3.199,2.5178466317758725,True,5,134792
12,20,2016-02-18T03:05:35,1,-0.872954249382019,-39.4681129455566,-38.59515869617458,82.8,41.25,3.263,3.25,0.33682981076298607,True,5,134793
12,20,2016-02-18T03:05:35,2,-0.872954249382019,-39.4681129455566,-38.59515869617458,82.8,41.25,3.26,3.246,0.3627397962062901,True,5,134793
12,20,2016-02-18T03:05:35,3,-0.872954249382019,-39.4681129455566,-38.59515869617458,82.8,41.25,3.272,3.26,0.3109198253196821,True,5,134793
12,20,2016-02-18T03:05:35,4,-0.872954249382019,-39.4681129455566,-38.59515869617458,82.8,41.25,3.262,3.252,0.2590998544330742,True,5,134793
12,20,2016-02-18T03:05:35,5,-0.872954249382019,-39.4681129455566,-38.59515869617458,82.8,41.25,3.261,3.249,0.3109198253196821,True,5,134793
12,20,2016-02-18T03:05:35,6,-0.872954249382019,-39.4681129455566,-38.59515869617458,82.8,41.25,3.272,3.262,0.2590998544330627,True,5,134793
12,20,2016-02-18T03:05:35,7,-0.872954249382019,-39.4681129455566,-38.59515869617458,82.8,41.25,3.269,3.261,0.20727988354645474,True,5,134793
12,20,2016-02-18T03:05:35,8,-0.872954249382019,-39.4681129455566,-38.59515869617458,82.8,41.25,3.257,3.145,2.9019183696503665,True,5,134793
12,20,2016-02-18T07:21:56,1,-0.846501052379608,-31.7437915802002,-30.89729052782059,93.6,24.25,3.323,3.309,0.4531141650557963,True,5,134794
12,20,2016-02-18T07:21:56,2,-0.846501052379608,-31.7437915802002,-30.89729052782059,93.6,24.25,3.326,3.311,0.485479462559793,True,5,134794
12,20,2016-02-18T07:21:56,3,-0.846501052379608,-31.7437915802002,-30.89729052782059,93.6,24.25,3.327,3.314,0.4207488675518139,True,5,134794
12,20,2016-02-18T07:21:56,4,-0.846501052379608,-31.7437915802002,-30.89729052782059,93.6,24.25,3.324,3.312,0.38838357004783153,True,5,134794
12,20,2016-02-18T07:21:56,5,-0.846501052379608,-31.7437915802002,-30.89729052782059,93.6,24.25,3.324,3.311,0.4207488675518139,True,5,134794
12,20,2016-02-18T07:21:56,6,-0.846501052379608,-31.7437915802002,-30.89729052782059,93.6,24.25,3.325,3.313,0.38838357004783153,True,5,134794
12,20,2016-02-18T07:21:56,7,-0.846501052379608,-31.7437915802002,-30.89729052782059,93.6,24.25,3.322,3.31,0.38838357004783153,True,5,134794
12,20,2016-02-18T07:21:56,8,-0.846501052379608,-31.7437915802002,-30.89729052782059,93.6,24.25,3.295,3.199,3.1070685603826522,True,5,134794
12,20,2016-02-18T09:12:22,1,-5.23772573471069,-46.5575561523438,-41.31983041763311,90.7,31.75,3.28,3.263,0.4114247282279553,True,5,134795
12,20,2016-02-18T09:12:22,2,-5.23772573471069,-46.5575561523438,-41.31983041763311,90.7,31.75,3.276,3.257,0.4598276374312391,True,5,134795
12,20,2016-02-18T09:12:22,3,-5.23772573471069,-46.5575561523438,-41.31983041763311,90.7,31.75,3.29,3.274,0.3872232736263134,True,5,134795
12,20,2016-02-18T09:12:22,4,-5.23772573471069,-46.5575561523438,-41.31983041763311,90.7,31.75,3.279,3.264,0.36302181902467145,True,5,134795
12,20,2016-02-18T09:12:22,5,-5.23772573471069,-46.5575561523438,-41.31983041763311,90.7,31.75,3.278,3.262,0.3872232736263134,True,5,134795
12,20,2016-02-18T09:12:22,6,-5.23772573471069,-46.5575561523438,-41.31983041763311,90.7,31.75,3.29,3.273,0.4114247282279553,True,5,134795
12,20,2016-02-18T09:12:22,7,-5.23772573471069,-46.5575561523438,-41.31983041763311,90.7,31.75,3.288,3.272,0.3872232736263134,True,5,134795
12,20,2016-02-18T09:12:22,8,-5.23772573471069,-46.5575561523438,-41.31983041763311,90.7,31.75,3.245,3.127,2.8557716429940663,True,5,134795
12,20,2016-02-18T13:46:15,1,-13.9672679901123,-51.3191261291504,-37.3518581390381,87.2,38.5,3.268,3.252,0.42835887683128937,True,5,134796
12,20,2016-02-18T13:46:15,2,-13.9672679901123,-51.3191261291504,-37.3518581390381,87.2,38.5,3.264,3.247,0.45513130663324197,True,5,134796
12,20,2016-02-18T13:46:15,3,-13.9672679901123,-51.3191261291504,-37.3518581390381,87.2,38.5,3.278,3.261,0.45513130663324197,True,5,134796
12,20,2016-02-18T13:46:15,4,-13.9672679901123,-51.3191261291504,-37.3518581390381,87.2,38.5,3.268,3.253,0.40158644702932483,True,5,134796
12,20,2016-02-18T13:46:15,5,-13.9672679901123,-51.3191261291504,-37.3518581390381,87.2,38.5,3.265,3.249,0.42835887683128937,True,5,134796
12,20,2016-02-18T13:46:15,6,-13.9672679901123,-51.3191261291504,-37.3518581390381,87.2,38.5,3.277,3.262,0.4015864470293367,True,5,134796
12,20,2016-02-18T13:46:15,7,-13.9672679901123,-51.3191261291504,-37.3518581390381,87.2,38.5,3.276,3.261,0.40158644702932483,True,5,134796
12,20,2016-02-18T13:46:15,8,-13.9672679901123,-51.3191261291504,-37.3518581390381,87.2,38.5,3.213,3.106,2.8646499888092505,True,5,134796
12,20,2016-02-18T15:14:19,1,-1.26975154876709,-96.319938659668,-95.05018711090091,92.3,42.0,3.294,3.259,0.36822652394322475,True,5,134797
12,20,2016-02-18T15:14:19,2,-1.26975154876709,-96.319938659668,-95.05018711090091,92.3,42.0,3.291,3.252,0.4103095552510217,True,5,134797
12,20,2016-02-18T15:14:19,3,-1.26975154876709,-96.319938659668,-95.05018711090091,92.3,42.0,3.302,3.265,0.38926803959712086,True,5,134797
12,20,2016-02-18T15:14:19,4,-1.26975154876709,-96.319938659668,-95.05018711090091,92.3,42.0,3.292,3.259,0.3471850082893239,True,5,134797
12,20,2016-02-18T15:14:19,5,-1.26975154876709,-96.319938659668,-95.05018711090091,92.3,42.0,3.29,3.257,0.3471850082893239,True,5,134797
12,20,2016-02-18T15:14:19,6,-1.26975154876709,-96.319938659668,-95.05018711090091,92.3,42.0,3.299,3.265,0.357705766116272,True,5,134797
12,20,2016-02-18T15:14:19,7,-1.26975154876709,-96.319938659668,-95.05018711090091,92.3,42.0,3.3,3.268,0.3366642504623758,True,5,134797
12,20,2016-02-18T15:14:19,8,-1.26975154876709,-96.319938659668,-95.05018711090091,92.3,42.0,3.267,2.985,2.9668537071996846,True,5,134797
12,20,2016-02-18T20:25:55,1,-1.95753371715546,-44.7322883605957,-42.77475464344025,93.2,31.0,3.283,3.265,0.4208089596315241,True,5,134798
12,20,2016-02-18T20:25:55,2,-1.95753371715546,-44.7322883605957,-42.77475464344025,93.2,31.0,3.279,3.26,0.44418723516661685,True,5,134798
12,20,2016-02-18T20:25:55,3,-1.95753371715546,-44.7322883605957,-42.77475464344025,93.2,31.0,3.291,3.273,0.4208089596315241,True,5,134798
12,20,2016-02-18T20:25:55,4,-1.95753371715546,-44.7322883605957,-42.77475464344025,93.2,31.0,3.28,3.265,0.3506741330262666,True,5,134798
12,20,2016-02-18T20:25:55,5,-1.95753371715546,-44.7322883605957,-42.77475464344025,93.2,31.0,3.278,3.262,0.37405240856135935,True,5,134798
12,20,2016-02-18T20:25:55,6,-1.95753371715546,-44.7322883605957,-42.77475464344025,93.2,31.0,3.289,3.273,0.37405240856135935,True,5,134798
12,20,2016-02-18T20:25:55,7,-1.95753371715546,-44.7322883605957,-42.77475464344025,93.2,31.0,3.287,3.27,0.3974306840964417,True,5,134798
12,20,2016-02-18T20:25:55,8,-1.95753371715546,-44.7322883605957,-42.77475464344025,93.2,31.0,3.26,3.18,1.8702620428067864,True,5,134798
12,20,2016-02-18T21:06:36,1,-16.5067710876465,-39.2829399108887,-22.7761688232422,93.7,29.25,3.307,3.296,0.48296094419422486,True,5,134799
12,20,2016-02-18T21:06:36,2,-16.5067710876465,-39.2829399108887,-22.7761688232422,93.7,29.25,3.31,3.298,0.5268664845755127,True,5,134799
12,20,2016-02-18T21:06:36,3,-16.5067710876465,-39.2829399108887,-22.7761688232422,93.7,29.25,3.311,3.301,0.4390554038129175,True,5,134799
12,20,2016-02-18T21:06:36,4,-16.5067710876465,-39.2829399108887,-22.7761688232422,93.7,29.25,3.308,3.298,0.4390554038129175,True,5,134799
12,20,2016-02-18T21:06:36,5,-16.5067710876465,-39.2829399108887,-22.7761688232422,93.7,29.25,3.309,3.298,0.48296094419422486,True,5,134799
12,20,2016-02-18T21:06:36,6,-16.5067710876465,-39.2829399108887,-22.7761688232422,93.7,29.25,3.31,3.299,0.48296094419422486,True,5,134799
12,20,2016-02-18T21:06:36,7,-16.5067710876465,-39.2829399108887,-22.7761688232422,93.7,29.25,3.308,3.297,0.4829609441942053,True,5,134799
12,20,2016-02-18T21:06:36,8,-16.5067710876465,-39.2829399108887,-22.7761688232422,93.7,29.25,3.25,3.187,2.7660490440214467,True,5,134799
12,20,2016-02-19T01:30:35,1,-0.661328971385956,-46.7162780761719,-46.05494910478595,89.6,32.25,3.271,3.254,0.3691242815472636,True,5,134800
12,20,2016-02-19T01:30:35,2,-0.661328971385956,-46.7162780761719,-46.05494910478595,89.6,32.25,3.268,3.249,0.412550667611643,True,5,134800
12,20,2016-02-19T01:30:35,3,-0.661328971385956,-46.7162780761719,-46.05494910478595,89.6,32.25,3.282,3.265,0.3691242815472636,True,5,134800
12,20,2016-02-19T01:30:35,4,-0.661328971385956,-46.7162780761719,-46.05494910478595,89.6,32.25,3.271,3.254,0.3691242815472636,True,5,134800
12,20,2016-02-19T01:30:35,5,-0.661328971385956,-46.7162780761719,-46.05494910478595,89.6,32.25,3.268,3.252,0.3474110885150739,True,5,134800
12,20,2016-02-19T01:30:35,6,-0.661328971385956,-46.7162780761719,-46.05494910478595,89.6,32.25,3.28,3.264,0.3474110885150739,True,5,134800
12,20,2016-02-19T01:30:35,7,-0.661328971385956,-46.7162780761719,-46.05494910478595,89.6,32.25,3.278,3.262,0.3474110885150739,True,5,134800
12,20,2016-02-19T01:30:35,8,-0.661328971385956,-46.7162780761719,-46.05494910478595,89.6,32.25,3.252,3.16,1.9976137589616654,True,5,134800
12,20,2016-02-19T03:03:23,1,-34.0981178283691,-60.8422660827637,-26.744148254394602,93.1,30.0,3.354,3.335,0.710435786523059,True,5,134801
12,20,2016-02-19T03:03:23,2,-34.0981178283691,-60.8422660827637,-26.744148254394602,93.1,30.0,3.354,3.336,0.6730444293376394,True,5,134801
12,20,2016-02-19T03:03:23,3,-34.0981178283691,-60.8422660827637,-26.744148254394602,93.1,30.0,3.353,3.335,0.6730444293376394,True,5,134801
12,20,2016-02-19T03:03:23,4,-34.0981178283691,-60.8422660827637,-26.744148254394602,93.1,30.0,3.353,3.336,0.6356530721522196,True,5,134801
12,20,2016-02-19T03:03:23,5,-34.0981178283691,-60.8422660827637,-26.744148254394602,93.1,30.0,3.352,3.335,0.635653072152203,True,5,134801
12,20,2016-02-19T03:03:23,6,-34.0981178283691,-60.8422660827637,-26.744148254394602,93.1,30.0,3.351,3.334,0.635653072152203,True,5,134801
12,20,2016-02-19T03:03:23,7,-34.0981178283691,-60.8422660827637,-26.744148254394602,93.1,30.0,3.348,3.33,0.6730444293376227,True,5,134801
12,20,2016-02-19T03:03:23,8,-34.0981178283691,-60.8422660827637,-26.744148254394602,93.1,30.0,3.267,3.191,2.84174314609222,True,5,134801
12,20,2016-02-19T08:40:45,1,-0.608422636985779,-30.7650241851807,-30.15660154819492,91.6,35.25,3.279,3.268,0.36476258713769244,True,5,134802
12,20,2016-02-19T08:40:45,2,-0.608422636985779,-30.7650241851807,-30.15660154819492,91.6,35.25,3.275,3.264,0.36476258713769244,True,5,134802
12,20,2016-02-19T08:40:45,3,-0.608422636985779,-30.7650241851807,-30.15660154819492,91.6,35.25,3.288,3.278,0.3316023519433461,True,5,134802
12,20,2016-02-19T08:40:45,4,-0.608422636985779,-30.7650241851807,-30.15660154819492,91.6,35.25,3.277,3.268,0.2984421167490291,True,5,134802
12,20,2016-02-19T08:40:45,5,-0.608422636985779,-30.7650241851807,-30.15660154819492,91.6,35.25,3.275,3.265,0.3316023519433461,True,5,134802
12,20,2016-02-19T08:40:45,6,-0.608422636985779,-30.7650241851807,-30.15660154819492,91.6,35.25,3.285,3.276,0.2984421167490291,True,5,134802
12,20,2016-02-19T08:40:45,7,-0.608422636985779,-30.7650241851807,-30.15660154819492,91.6,35.25,3.284,3.274,0.3316023519433461,True,5,134802
12,20,2016-02-19T08:40:45,8,-0.608422636985779,-30.7650241851807,-30.15660154819492,91.6,35.25,3.265,3.2,2.1554152876317936,True,5,134802
12,20,2016-02-19T11:19:39,1,-12.591703414917,-45.7375106811523,-33.1458072662353,93.2,31.5,3.363,3.342,0.6335642946126708,True,5,134803
12,20,2016-02-19T11:19:39,2,-12.591703414917,-45.7375106811523,-33.1458072662353,93.2,31.5,3.364,3.343,0.6335642946126708,True,5,134803
12,20,2016-02-19T11:19:39,3,-12.591703414917,-45.7375106811523,-33.1458072662353,93.2,31.5,3.363,3.344,0.573224837982899,True,5,134803
12,20,2016-02-19T11:19:39,4,-12.591703414917,-45.7375106811523,-33.1458072662353,93.2,31.5,3.362,3.343,0.573224837982899,True,5,134803
12,20,2016-02-19T11:19:39,5,-12.591703414917,-45.7375106811523,-33.1458072662353,93.2,31.5,3.362,3.342,0.603394566297785,True,5,134803
12,20,2016-02-19T11:19:39,6,-12.591703414917,-45.7375106811523,-33.1458072662353,93.2,31.5,3.36,3.342,0.5430551096679997,True,5,134803
12,20,2016-02-19T11:19:39,7,-12.591703414917,-45.7375106811523,-33.1458072662353,93.2,31.5,3.357,3.338,0.573224837982899,True,5,134803
12,20,2016-02-19T11:19:39,8,-12.591703414917,-45.7375106811523,-33.1458072662353,93.2,31.5,3.306,3.215,2.745445276654925,True,5,134803
12,20,2016-02-19T14:54:33,1,-5.39644432067871,-50.0229225158691,-44.62647819519039,92.9,33.75,3.362,3.336,0.5826137542442771,True,5,134804
12,20,2016-02-19T14:54:33,2,-5.39644432067871,-50.0229225158691,-44.62647819519039,92.9,33.75,3.362,3.336,0.5826137542442771,True,5,134804
12,20,2016-02-19T14:54:33,3,-5.39644432067871,-50.0229225158691,-44.62647819519039,92.9,33.75,3.362,3.337,0.5602055329271823,True,5,134804
12,20,2016-02-19T14:54:33,4,-5.39644432067871,-50.0229225158691,-44.62647819519039,92.9,33.75,3.36,3.336,0.5377973116100975,True,5,134804
12,20,2016-02-19T14:54:33,5,-5.39644432067871,-50.0229225158691,-44.62647819519039,92.9,33.75,3.359,3.335,0.5377973116100975,True,5,134804
12,20,2016-02-19T14:54:33,6,-5.39644432067871,-50.0229225158691,-44.62647819519039,92.9,33.75,3.358,3.336,0.49298086897592763,True,5,134804
12,20,2016-02-19T14:54:33,7,-5.39644432067871,-50.0229225158691,-44.62647819519039,92.9,33.75,3.356,3.331,0.5602055329271823,True,5,134804
12,20,2016-02-19T14:54:33,8,-5.39644432067871,-50.0229225158691,-44.62647819519039,92.9,33.75,3.319,3.214,2.3528632382941734,True,5,134804
12,20,2016-02-19T15:22:52,1,-19.5753364562988,-48.9118881225586,-29.3365516662598,90.6,33.25,3.354,3.337,0.579481876172643,True,5,134805
12,20,2016-02-19T15:22:52,2,-19.5753364562988,-48.9118881225586,-29.3365516662598,90.6,33.25,3.353,3.337,0.5453947069860204,True,5,134805
12,20,2016-02-19T15:22:52,3,-19.5753364562988,-48.9118881225586,-29.3365516662598,90.6,33.25,3.354,3.338,0.5453947069860204,True,5,134805
12,20,2016-02-19T15:22:52,4,-19.5753364562988,-48.9118881225586,-29.3365516662598,90.6,33.25,3.351,3.336,0.5113075377993979,True,5,134805
12,20,2016-02-19T15:22:52,5,-19.5753364562988,-48.9118881225586,-29.3365516662598,90.6,33.25,3.351,3.336,0.5113075377993979,True,5,134805
12,20,2016-02-19T15:22:52,6,-19.5753364562988,-48.9118881225586,-29.3365516662598,90.6,33.25,3.351,3.336,0.5113075377993979,True,5,134805
12,20,2016-02-19T15:22:52,7,-19.5753364562988,-48.9118881225586,-29.3365516662598,90.6,33.25,3.347,3.332,0.5113075377993979,True,5,134805
12,20,2016-02-19T15:22:52,8,-19.5753364562988,-48.9118881225586,-29.3365516662598,90.6,33.25,3.289,3.205,2.8633222116766075,True,5,134805
12,20,2016-02-19T19:07:47,1,-0.846501052379608,-31.4528045654297,-30.606303513050094,91.8,25.5,3.318,3.305,0.42474910419864603,True,5,134806
12,20,2016-02-19T19:07:47,2,-0.846501052379608,-31.4528045654297,-30.606303513050094,91.8,25.5,3.32,3.306,0.45742211221392315,True,5,134806
12,20,2016-02-19T19:07:47,3,-0.846501052379608,-31.4528045654297,-30.606303513050094,91.8,25.5,3.322,3.309,0.42474910419864603,True,5,134806
12,20,2016-02-19T19:07:47,4,-0.846501052379608,-31.4528045654297,-30.606303513050094,91.8,25.5,3.318,3.306,0.3920760961833689,True,5,134806
12,20,2016-02-19T19:07:47,5,-0.846501052379608,-31.4528045654297,-30.606303513050094,91.8,25.5,3.318,3.306,0.3920760961833689,True,5,134806
12,20,2016-02-19T19:07:47,6,-0.846501052379608,-31.4528045654297,-30.606303513050094,91.8,25.5,3.32,3.308,0.3920760961833689,True,5,134806
12,20,2016-02-19T19:07:47,7,-0.846501052379608,-31.4528045654297,-30.606303513050094,91.8,25.5,3.317,3.305,0.3920760961833689,True,5,134806
12,20,2016-02-19T19:07:47,8,-0.846501052379608,-31.4528045654297,-30.606303513050094,91.8,25.5,3.311,3.27,1.339593328626507,True,5,134806
12,20,2016-02-19T21:29:29,1,-0.872954249382019,-70.3918533325195,-69.51889908313748,93.7,25.25,3.321,3.287,0.48907563911994256,True,6,134807
12,20,2016-02-19T21:29:29,2,-0.872954249382019,-70.3918533325195,-69.51889908313748,93.7,25.25,3.321,3.286,0.5034602167411156,True,6,134807
12,20,2016-02-19T21:29:29,3,-0.872954249382019,-70.3918533325195,-69.51889908313748,93.7,25.25,3.325,3.291,0.48907563911994256,True,6,134807
12,20,2016-02-19T21:29:29,4,-0.872954249382019,-70.3918533325195,-69.51889908313748,93.7,25.25,3.319,3.289,0.4315373286352374,True,6,134807
12,20,2016-02-19T21:29:29,5,-0.872954249382019,-70.3918533325195,-69.51889908313748,93.7,25.25,3.318,3.287,0.44592190625641687,True,6,134807
12,20,2016-02-19T21:29:29,6,-0.872954249382019,-70.3918533325195,-69.51889908313748,93.7,25.25,3.321,3.291,0.4315373286352438,True,6,134807
12,20,2016-02-19T21:29:29,7,-0.872954249382019,-70.3918533325195,-69.51889908313748,93.7,25.25,3.319,3.288,0.44592190625641687,True,6,134807
12,20,2016-02-19T21:29:29,8,-0.872954249382019,-70.3918533325195,-69.51889908313748,93.7,25.25,3.317,3.244,1.0500741663457505,True,6,134807
12,20,2016-02-20T07:58:42,1,-0.608422636985779,-24.8395156860352,-24.23109304904942,89.1,21.75,3.271,3.26,0.45396218724980913,True,5,134810
12,20,2016-02-20T07:58:42,2,-0.608422636985779,-24.8395156860352,-24.23109304904942,89.1,21.75,3.265,3.253,0.49523147699978676,True,5,134810
12,20,2016-02-20T07:58:42,3,-0.608422636985779,-24.8395156860352,-24.23109304904942,89.1,21.75,3.278,3.267,0.45396218724980913,True,5,134810
12,20,2016-02-20T07:58:42,4,-0.608422636985779,-24.8395156860352,-24.23109304904942,89.1,21.75,3.267,3.256,0.45396218724980913,True,5,134810
12,20,2016-02-20T07:58:42,5,-0.608422636985779,-24.8395156860352,-24.23109304904942,89.1,21.75,3.263,3.253,0.41269289749981314,True,5,134810
12,20,2016-02-20T07:58:42,6,-0.608422636985779,-24.8395156860352,-24.23109304904942,89.1,21.75,3.275,3.264,0.45396218724980913,True,5,134810
12,20,2016-02-20T07:58:42,7,-0.608422636985779,-24.8395156860352,-24.23109304904942,89.1,21.75,3.27,3.26,0.41269289749983146,True,5,134810
12,20,2016-02-20T07:58:42,8,-0.608422636985779,-24.8395156860352,-24.23109304904942,89.1,21.75,3.256,3.234,0.9079243744996,True,5,134810
12,20,2016-02-20T09:01:06,1,-5.26417827606201,-101.831436157227,-96.56725788116499,86.1,22.0,3.323,3.274,0.5074183638961665,True,5,134811
12,20,2016-02-20T09:01:06,2,-5.26417827606201,-101.831436157227,-96.56725788116499,86.1,22.0,3.323,3.27,0.5488402711529965,True,5,134811
12,20,2016-02-20T09:01:06,3,-5.26417827606201,-101.831436157227,-96.56725788116499,86.1,22.0,3.325,3.275,0.5177738407103776,True,5,134811
12,20,2016-02-20T09:01:06,4,-5.26417827606201,-101.831436157227,-96.56725788116499,86.1,22.0,3.321,3.274,0.4867074102677538,True,5,134811
12,20,2016-02-20T09:01:06,5,-5.26417827606201,-101.831436157227,-96.56725788116499,86.1,22.0,3.32,3.272,0.4970628870819601,True,5,134811
12,20,2016-02-20T09:01:06,6,-5.26417827606201,-101.831436157227,-96.56725788116499,86.1,22.0,3.322,3.273,0.5074183638961665,True,5,134811
12,20,2016-02-20T09:01:06,7,-5.26417827606201,-101.831436157227,-96.56725788116499,86.1,22.0,3.32,3.271,0.5074183638961665,True,5,134811
12,20,2016-02-20T09:01:06,8,-5.26417827606201,-101.831436157227,-96.56725788116499,86.1,22.0,3.314,3.231,0.8595045755792239,True,5,134811
12,20,2016-02-20T12:00:00,1,-0.555516362190247,-149.597732543945,-149.04221618175475,92.4,26.5,3.318,3.235,0.5568891964058219,True,1,134812
12,20,2016-02-20T12:00:00,2,-0.555516362190247,-149.597732543945,-149.04221618175475,92.4,26.5,3.316,3.228,0.590436738357976,True,1,134812
12,20,2016-02-20T12:00:00,3,-0.555516362190247,-149.597732543945,-149.04221618175475,92.4,26.5,3.321,3.239,0.550179688015391,True,1,134812
12,20,2016-02-20T12:00:00,4,-0.555516362190247,-149.597732543945,-149.04221618175475,92.4,26.5,3.315,3.236,0.5300511628440926,True,1,134812
12,20,2016-02-20T12:00:00,5,-0.555516362190247,-149.597732543945,-149.04221618175475,92.4,26.5,3.313,3.231,0.550179688015391,True,1,134812
12,20,2016-02-20T12:00:00,6,-0.555516362190247,-149.597732543945,-149.04221618175475,92.4,26.5,3.318,3.237,0.5434701796249573,True,1,134812
12,20,2016-02-20T12:00:00,7,-0.555516362190247,-149.597732543945,-149.04221618175475,92.4,26.5,3.315,3.235,0.5367606712345263,True,1,134812
12,20,2016-02-20T12:00:00,8,-0.555516362190247,-149.597732543945,-149.04221618175475,92.4,26.5,3.309,3.182,0.8521075655848114,True,1,134812
12,20,2016-02-20T16:53:53,1,-0.740688443183899,-23.7549362182617,-23.014247775077802,88.8,33.75,3.284,3.281,0.13035403239415796,True,6,134813
12,20,2016-02-20T16:53:53,2,-0.740688443183899,-23.7549362182617,-23.014247775077802,88.8,33.75,3.28,3.276,0.17380537652556324,True,6,134813
12,20,2016-02-20T16:53:53,3,-0.740688443183899,-23.7549362182617,-23.014247775077802,88.8,33.75,3.292,3.289,0.13035403239415796,True,6,134813
12,20,2016-02-20T16:53:53,4,-0.740688443183899,-23.7549362182617,-23.014247775077802,88.8,33.75,3.281,3.278,0.13035403239417725,True,6,134813
12,20,2016-02-20T16:53:53,5,-0.740688443183899,-23.7549362182617,-23.014247775077802,88.8,33.75,3.278,3.274,0.17380537652556324,True,6,134813
12,20,2016-02-20T16:53:53,6,-0.740688443183899,-23.7549362182617,-23.014247775077802,88.8,33.75,3.288,3.285,0.13035403239415796,True,6,134813
12,20,2016-02-20T16:53:53,7,-0.740688443183899,-23.7549362182617,-23.014247775077802,88.8,33.75,3.286,3.283,0.13035403239417725,True,6,134813
12,20,2016-02-20T16:53:53,8,-0.740688443183899,-23.7549362182617,-23.014247775077802,88.8,33.75,3.273,3.263,0.4345134413139177,True,6,134813
12,20,2016-02-20T20:43:58,1,-10.3167314529419,-31.9818687438965,-21.665137290954597,92.4,30.0,3.301,3.293,0.3692568338046066,True,5,134814
12,20,2016-02-20T20:43:58,2,-10.3167314529419,-31.9818687438965,-21.665137290954597,92.4,30.0,3.301,3.292,0.4154139380301978,True,5,134814
12,20,2016-02-20T20:43:58,3,-10.3167314529419,-31.9818687438965,-21.665137290954597,92.4,30.0,3.304,3.297,0.32309972957901545,True,5,134814
12,20,2016-02-20T20:43:58,4,-10.3167314529419,-31.9818687438965,-21.665137290954597,92.4,30.0,3.3,3.293,0.32309972957901545,True,5,134814
12,20,2016-02-20T20:43:58,5,-10.3167314529419,-31.9818687438965,-21.665137290954597,92.4,30.0,3.299,3.292,0.32309972957903593,True,5,134814
12,20,2016-02-20T20:43:58,6,-10.3167314529419,-31.9818687438965,-21.665137290954597,92.4,30.0,3.302,3.294,0.3692568338046066,True,5,134814
12,20,2016-02-20T20:43:58,7,-10.3167314529419,-31.9818687438965,-21.665137290954597,92.4,30.0,3.3,3.292,0.3692568338046066,True,5,134814
12,20,2016-02-20T20:43:58,8,-10.3167314529419,-31.9818687438965,-21.665137290954597,92.4,30.0,3.288,3.27,0.8308278760603547,True,5,134814
12,20,2016-02-20T21:05:10,1,-0.793594777584076,-67.6407241821289,-66.84712940454483,90.6,29.25,3.329,3.303,0.3889471430052544,True,5,134815
12,20,2016-02-20T21:05:10,2,-0.793594777584076,-67.6407241821289,-66.84712940454483,90.6,29.25,3.33,3.302,0.418866154005655,True,5,134815
12,20,2016-02-20T21:05:10,3,-0.793594777584076,-67.6407241821289,-66.84712940454483,90.6,29.25,3.331,3.304,0.4039066485054547,True,5,134815
12,20,2016-02-20T21:05:10,4,-0.793594777584076,-67.6407241821289,-66.84712940454483,90.6,29.25,3.327,3.303,0.3590281320048472,True,5,134815
12,20,2016-02-20T21:05:10,5,-0.793594777584076,-67.6407241821289,-66.84712940454483,90.6,29.25,3.326,3.301,0.37398763750504743,True,5,134815
12,20,2016-02-20T21:05:10,6,-0.793594777584076,-67.6407241821289,-66.84712940454483,90.6,29.25,3.328,3.302,0.3889471430052478,True,5,134815
12,20,2016-02-20T21:05:10,7,-0.793594777584076,-67.6407241821289,-66.84712940454483,90.6,29.25,3.326,3.299,0.4039066485054547,True,5,134815
12,20,2016-02-20T21:05:10,8,-0.793594777584076,-67.6407241821289,-66.84712940454483,90.6,29.25,3.324,3.261,0.9424488465127188,True,5,134815
12,20,2016-02-21T00:08:38,1,-0.714235246181488,-51.0281410217285,-50.31390577554701,91.0,31.0,3.334,3.315,0.37762920026046337,True,5,134816
12,20,2016-02-21T00:08:38,2,-0.714235246181488,-51.0281410217285,-50.31390577554701,91.0,31.0,3.335,3.315,0.3975044213268012,True,5,134816
12,20,2016-02-21T00:08:38,3,-0.714235246181488,-51.0281410217285,-50.31390577554701,91.0,31.0,3.336,3.317,0.37762920026045455,True,5,134816
12,20,2016-02-21T00:08:38,4,-0.714235246181488,-51.0281410217285,-50.31390577554701,91.0,31.0,3.332,3.314,0.35775397919411667,True,5,134816
12,20,2016-02-21T00:08:38,5,-0.714235246181488,-51.0281410217285,-50.31390577554701,91.0,31.0,3.332,3.313,0.37762920026045455,True,5,134816
12,20,2016-02-21T00:08:38,6,-0.714235246181488,-51.0281410217285,-50.31390577554701,91.0,31.0,3.334,3.314,0.3975044213268012,True,5,134816
12,20,2016-02-21T00:08:38,7,-0.714235246181488,-51.0281410217285,-50.31390577554701,91.0,31.0,3.329,3.312,0.33787875812778767,True,5,134816
12,20,2016-02-21T00:08:38,8,-0.714235246181488,-51.0281410217285,-50.31390577554701,91.0,31.0,3.33,3.297,0.6558822951892198,True,5,134816
12,20,2016-02-21T07:35:19,1,-0.740688443183899,-20.9509029388428,-20.2102144956589,93.8,24.0,3.323,3.315,0.3958394405818101,True,5,134818
12,20,2016-02-21T07:35:19,2,-0.740688443183899,-20.9509029388428,-20.2102144956589,93.8,24.0,3.324,3.315,0.44531937065453087,True,5,134818
12,20,2016-02-21T07:35:19,3,-0.740688443183899,-20.9509029388428,-20.2102144956589,93.8,24.0,3.327,3.318,0.44531937065453087,True,5,134818
12,20,2016-02-21T07:35:19,4,-0.740688443183899,-20.9509029388428,-20.2102144956589,93.8,24.0,3.322,3.315,0.3463595105090893,True,5,134818
12,20,2016-02-21T07:35:19,5,-0.740688443183899,-20.9509029388428,-20.2102144956589,93.8,24.0,3.321,3.314,0.3463595105090893,True,5,134818
12,20,2016-02-21T07:35:19,6,-0.740688443183899,-20.9509029388428,-20.2102144956589,93.8,24.0,3.324,3.316,0.3958394405818101,True,5,134818
12,20,2016-02-21T07:35:19,7,-0.740688443183899,-20.9509029388428,-20.2102144956589,93.8,24.0,3.32,3.312,0.3958394405818101,True,5,134818
12,20,2016-02-21T07:35:19,8,-0.740688443183899,-20.9509029388428,-20.2102144956589,93.8,24.0,3.318,3.303,0.7421989510908993,True,5,134818
12,20,2016-02-21T09:10:30,1,-0.714235246181488,-66.4767913818359,-65.7625561356544,88.9,28.25,3.344,3.314,0.4561866472786744,True,5,134819
12,20,2016-02-21T09:10:30,2,-0.714235246181488,-66.4767913818359,-65.7625561356544,88.9,28.25,3.345,3.313,0.4865990904305897,True,5,134819
12,20,2016-02-21T09:10:30,3,-0.714235246181488,-66.4767913818359,-65.7625561356544,88.9,28.25,3.344,3.313,0.47139286885462867,True,5,134819
12,20,2016-02-21T09:10:30,4,-0.714235246181488,-66.4767913818359,-65.7625561356544,88.9,28.25,3.342,3.313,0.44098042570272017,True,5,134819
12,20,2016-02-21T09:10:30,5,-0.714235246181488,-66.4767913818359,-65.7625561356544,88.9,28.25,3.341,3.313,0.425774204126766,True,5,134819
12,20,2016-02-21T09:10:30,6,-0.714235246181488,-66.4767913818359,-65.7625561356544,88.9,28.25,3.341,3.312,0.440980425702727,True,5,134819
12,20,2016-02-21T09:10:30,7,-0.714235246181488,-66.4767913818359,-65.7625561356544,88.9,28.25,3.338,3.31,0.425774204126766,True,5,134819
12,20,2016-02-21T09:10:30,8,-0.714235246181488,-66.4767913818359,-65.7625561356544,88.9,28.25,3.341,3.285,0.851548408253532,True,5,134819
12,20,2016-02-21T12:09:59,1,-20.289571762085,-107.342933654785,-87.0533618927,88.3,32.5,3.339,3.304,0.40205224978146564,True,5,134820
12,20,2016-02-21T12:09:59,2,-20.289571762085,-107.342933654785,-87.0533618927,88.3,32.5,3.339,3.302,0.4250266640546896,True,5,134820
12,20,2016-02-21T12:09:59,3,-20.289571762085,-107.342933654785,-87.0533618927,88.3,32.5,3.339,3.303,0.41353945691807764,True,5,134820
12,20,2016-02-21T12:09:59,4,-20.289571762085,-107.342933654785,-87.0533618927,88.3,32.5,3.337,3.304,0.37907783550824165,True,5,134820
12,20,2016-02-21T12:09:59,5,-20.289571762085,-107.342933654785,-87.0533618927,88.3,32.5,3.337,3.304,0.37907783550824165,True,5,134820
12,20,2016-02-21T12:09:59,6,-20.289571762085,-107.342933654785,-87.0533618927,88.3,32.5,3.336,3.302,0.39056504264484854,True,5,134820
12,20,2016-02-21T12:09:59,7,-20.289571762085,-107.342933654785,-87.0533618927,88.3,32.5,3.333,3.299,0.39056504264485364,True,5,134820
12,20,2016-02-21T12:09:59,8,-20.289571762085,-107.342933654785,-87.0533618927,88.3,32.5,3.329,3.266,0.7236940496066372,True,5,134820
12,20,2016-02-21T15:07:27,1,-0.714235246181488,-32.1405868530273,-31.426351606845813,85.5,33.5,3.329,3.318,0.3500247224881146,True,5,134821
12,20,2016-02-21T15:07:27,2,-0.714235246181488,-32.1405868530273,-31.426351606845813,85.5,33.5,3.329,3.317,0.38184515180521206,True,5,134821
12,20,2016-02-21T15:07:27,3,-0.714235246181488,-32.1405868530273,-31.426351606845813,85.5,33.5,3.33,3.319,0.3500247224881146,True,5,134821
12,20,2016-02-21T15:07:27,4,-0.714235246181488,-32.1405868530273,-31.426351606845813,85.5,33.5,3.326,3.315,0.3500247224881146,True,5,134821
12,20,2016-02-21T15:07:27,5,-0.714235246181488,-32.1405868530273,-31.426351606845813,85.5,33.5,3.325,3.314,0.3500247224881146,True,5,134821
12,20,2016-02-21T15:07:27,6,-0.714235246181488,-32.1405868530273,-31.426351606845813,85.5,33.5,3.327,3.316,0.3500247224881146,True,5,134821
12,20,2016-02-21T15:07:27,7,-0.714235246181488,-32.1405868530273,-31.426351606845813,85.5,33.5,3.326,3.315,0.3500247224881146,True,5,134821
12,20,2016-02-21T15:07:27,8,-0.714235246181488,-32.1405868530273,-31.426351606845813,85.5,33.5,3.324,3.3,0.7636903036104241,True,5,134821
12,20,2016-02-21T20:28:33,1,-22.9877948760986,-48.5150909423828,-25.527296066284197,91.1,30.25,3.274,3.268,0.23504252014865276,True,5,134822
12,20,2016-02-21T20:28:33,2,-22.9877948760986,-48.5150909423828,-25.527296066284197,91.1,30.25,3.269,3.262,0.27421627350675576,True,5,134822
12,20,2016-02-21T20:28:33,3,-22.9877948760986,-48.5150909423828,-25.527296066284197,91.1,30.25,3.283,3.277,0.23504252014863536,True,5,134822
12,20,2016-02-21T20:28:33,4,-22.9877948760986,-48.5150909423828,-25.527296066284197,91.1,30.25,3.273,3.267,0.23504252014865276,True,5,134822
12,20,2016-02-21T20:28:33,5,-22.9877948760986,-48.5150909423828,-25.527296066284197,91.1,30.25,3.271,3.263,0.31339002686485873,True,5,134822
12,20,2016-02-21T20:28:33,6,-22.9877948760986,-48.5150909423828,-25.527296066284197,91.1,30.25,3.28,3.274,0.23504252014863536,True,5,134822
12,20,2016-02-21T20:28:33,7,-22.9877948760986,-48.5150909423828,-25.527296066284197,91.1,30.25,3.277,3.27,0.27421627350675576,True,5,134822
12,20,2016-02-21T20:28:33,8,-22.9877948760986,-48.5150909423828,-25.527296066284197,91.1,30.25,3.25,3.234,0.6267800537297175,True,5,134822
12,20,2016-02-21T21:03:43,1,-0.740688443183899,-28.7016754150391,-27.960986971855203,90.8,29.75,3.34,3.328,0.4291693999242193,True,5,134823
12,20,2016-02-21T21:03:43,2,-0.740688443183899,-28.7016754150391,-27.960986971855203,90.8,29.75,3.342,3.328,0.5006976332449304,True,5,134823
12,20,2016-02-21T21:03:43,3,-0.740688443183899,-28.7016754150391,-27.960986971855203,90.8,29.75,3.342,3.329,0.4649335165845669,True,5,134823
12,20,2016-02-21T21:03:43,4,-0.740688443183899,-28.7016754150391,-27.960986971855203,90.8,29.75,3.339,3.327,0.4291693999242193,True,5,134823
12,20,2016-02-21T21:03:43,5,-0.740688443183899,-28.7016754150391,-27.960986971855203,90.8,29.75,3.338,3.326,0.4291693999242193,True,5,134823
12,20,2016-02-21T21:03:43,6,-0.740688443183899,-28.7016754150391,-27.960986971855203,90.8,29.75,3.339,3.327,0.4291693999242193,True,5,134823
12,20,2016-02-21T21:03:43,7,-0.740688443183899,-28.7016754150391,-27.960986971855203,90.8,29.75,3.335,3.324,0.39340528326387164,True,5,134823
12,20,2016-02-21T21:03:43,8,-0.740688443183899,-28.7016754150391,-27.960986971855203,90.8,29.75,3.337,3.31,0.9656311498294974,True,5,134823
12,20,2016-02-22T00:51:00,1,-11.8510150909424,-43.8064308166504,-31.955415725707997,91.1,30.5,3.281,3.272,0.2816424006889035,True,5,134824
12,20,2016-02-22T00:51:00,2,-11.8510150909424,-43.8064308166504,-31.955415725707997,91.1,30.5,3.277,3.267,0.31293600076544376,True,5,134824
12,20,2016-02-22T00:51:00,3,-11.8510150909424,-43.8064308166504,-31.955415725707997,91.1,30.5,3.288,3.28,0.25034880061234943,True,5,134824
12,20,2016-02-22T00:51:00,4,-11.8510150909424,-43.8064308166504,-31.955415725707997,91.1,30.5,3.279,3.27,0.2816424006888896,True,5,134824
12,20,2016-02-22T00:51:00,5,-11.8510150909424,-43.8064308166504,-31.955415725707997,91.1,30.5,3.276,3.267,0.2816424006888896,True,5,134824
12,20,2016-02-22T00:51:00,6,-11.8510150909424,-43.8064308166504,-31.955415725707997,91.1,30.5,3.285,3.277,0.25034880061234943,True,5,134824
12,20,2016-02-22T00:51:00,7,-11.8510150909424,-43.8064308166504,-31.955415725707997,91.1,30.5,3.282,3.274,0.25034880061234943,True,5,134824
12,20,2016-02-22T00:51:00,8,-11.8510150909424,-43.8064308166504,-31.955415725707997,91.1,30.5,3.268,3.246,0.688459201683954,True,5,134824
12,20,2016-02-22T04:35:14,1,-0.740688443183899,-28.01389503479,-27.2732065916061,88.3,30.25,3.336,3.325,0.40332624486426016,True,5,134825
12,20,2016-02-22T04:35:14,2,-0.740688443183899,-28.01389503479,-27.2732065916061,88.3,30.25,3.336,3.324,0.4399922671246608,True,5,134825
12,20,2016-02-22T04:35:14,3,-0.740688443183899,-28.01389503479,-27.2732065916061,88.3,30.25,3.336,3.325,0.40332624486426016,True,5,134825
12,20,2016-02-22T04:35:14,4,-0.740688443183899,-28.01389503479,-27.2732065916061,88.3,30.25,3.333,3.322,0.40332624486427643,True,5,134825
12,20,2016-02-22T04:35:14,5,-0.740688443183899,-28.01389503479,-27.2732065916061,88.3,30.25,3.332,3.322,0.3666602226038759,True,5,134825
12,20,2016-02-22T04:35:14,6,-0.740688443183899,-28.01389503479,-27.2732065916061,88.3,30.25,3.333,3.322,0.40332624486427643,True,5,134825
12,20,2016-02-22T04:35:14,7,-0.740688443183899,-28.01389503479,-27.2732065916061,88.3,30.25,3.329,3.32,0.3299942003435078,True,5,134825
12,20,2016-02-22T04:35:14,8,-0.740688443183899,-28.01389503479,-27.2732065916061,88.3,30.25,3.331,3.307,0.8799845342493215,True,5,134825
12,20,2016-02-22T08:09:24,1,-19.6546955108643,-40.7643165588379,-21.109621047973597,90.7,28.75,3.291,3.282,0.4263458817923141,True,5,134826
12,20,2016-02-22T08:09:24,2,-19.6546955108643,-40.7643165588379,-21.109621047973597,90.7,28.75,3.286,3.276,0.4737176464359209,True,5,134826
12,20,2016-02-22T08:09:24,3,-19.6546955108643,-40.7643165588379,-21.109621047973597,90.7,28.75,3.297,3.288,0.4263458817923351,True,5,134826
12,20,2016-02-22T08:09:24,4,-19.6546955108643,-40.7643165588379,-21.109621047973597,90.7,28.75,3.288,3.279,0.4263458817923141,True,5,134826
12,20,2016-02-22T08:09:24,5,-19.6546955108643,-40.7643165588379,-21.109621047973597,90.7,28.75,3.285,3.276,0.4263458817923351,True,5,134826
12,20,2016-02-22T08:09:24,6,-19.6546955108643,-40.7643165588379,-21.109621047973597,90.7,28.75,3.293,3.285,0.3789741171487283,True,5,134826
12,20,2016-02-22T08:09:24,7,-19.6546955108643,-40.7643165588379,-21.109621047973597,90.7,28.75,3.291,3.282,0.4263458817923141,True,5,134826
12,20,2016-02-22T08:09:24,8,-19.6546955108643,-40.7643165588379,-21.109621047973597,90.7,28.75,3.269,3.25,0.900063528228235,True,5,134826
12,20,2016-02-22T09:05:10,1,-6.08422660827637,-98.4195556640625,-92.33532905578613,85.6,27.0,3.326,3.286,0.43320363298682,True,5,134827
12,20,2016-02-22T09:05:10,2,-6.08422660827637,-98.4195556640625,-92.33532905578613,85.6,27.0,3.326,3.283,0.4656939054608327,True,5,134827
12,20,2016-02-22T09:05:10,3,-6.08422660827637,-98.4195556640625,-92.33532905578613,85.6,27.0,3.328,3.287,0.44403372381148937,True,5,134827
12,20,2016-02-22T09:05:10,4,-6.08422660827637,-98.4195556640625,-92.33532905578613,85.6,27.0,3.324,3.286,0.4115434513374766,True,5,134827
12,20,2016-02-22T09:05:10,5,-6.08422660827637,-98.4195556640625,-92.33532905578613,85.6,27.0,3.323,3.285,0.4115434513374766,True,5,134827
12,20,2016-02-22T09:05:10,6,-6.08422660827637,-98.4195556640625,-92.33532905578613,85.6,27.0,3.324,3.285,0.42237354216214595,True,5,134827
12,20,2016-02-22T09:05:10,7,-6.08422660827637,-98.4195556640625,-92.33532905578613,85.6,27.0,3.323,3.283,0.43320363298682,True,5,134827
12,20,2016-02-22T09:05:10,8,-6.08422660827637,-98.4195556640625,-92.33532905578613,85.6,27.0,3.317,3.227,0.9747081742203475,True,5,134827
12,20,2016-02-22T12:12:17,1,-0.846501052379608,-35.4736862182617,-34.62718516588209,88.3,32.25,3.283,3.274,0.259911394959921,True,5,134828
12,20,2016-02-22T12:12:17,2,-0.846501052379608,-35.4736862182617,-34.62718516588209,88.3,32.25,3.278,3.267,0.31766948272879947,True,5,134828
12,20,2016-02-22T12:12:17,3,-0.846501052379608,-35.4736862182617,-34.62718516588209,88.3,32.25,3.291,3.281,0.2887904388443538,True,5,134828
12,20,2016-02-22T12:12:17,4,-0.846501052379608,-35.4736862182617,-34.62718516588209,88.3,32.25,3.279,3.27,0.259911394959921,True,5,134828
12,20,2016-02-22T12:12:17,5,-0.846501052379608,-35.4736862182617,-34.62718516588209,88.3,32.25,3.276,3.267,0.259911394959921,True,5,134828
12,20,2016-02-22T12:12:17,6,-0.846501052379608,-35.4736862182617,-34.62718516588209,88.3,32.25,3.287,3.278,0.259911394959921,True,5,134828
12,20,2016-02-22T12:12:17,7,-0.846501052379608,-35.4736862182617,-34.62718516588209,88.3,32.25,3.285,3.276,0.2599113949599338,True,5,134828
12,20,2016-02-22T12:12:17,8,-0.846501052379608,-35.4736862182617,-34.62718516588209,88.3,32.25,3.273,3.247,0.7508551409953429,True,5,134828
12,20,2016-02-22T17:12:12,1,-18.173318862915,-44.0445098876953,-25.8711910247803,87.1,36.25,3.284,3.277,0.27057123088360474,True,6,134829
12,20,2016-02-22T17:12:12,2,-18.173318862915,-44.0445098876953,-25.8711910247803,87.1,36.25,3.278,3.271,0.2705712308836219,True,6,134829
12,20,2016-02-22T17:12:12,3,-18.173318862915,-44.0445098876953,-25.8711910247803,87.1,36.25,3.291,3.285,0.2319181979002351,True,6,134829
12,20,2016-02-22T17:12:12,4,-18.173318862915,-44.0445098876953,-25.8711910247803,87.1,36.25,3.28,3.273,0.27057123088360474,True,6,134829
12,20,2016-02-22T17:12:12,5,-18.173318862915,-44.0445098876953,-25.8711910247803,87.1,36.25,3.277,3.271,0.23191819790025225,True,6,134829
12,20,2016-02-22T17:12:12,6,-18.173318862915,-44.0445098876953,-25.8711910247803,87.1,36.25,3.288,3.281,0.27057123088360474,True,6,134829
12,20,2016-02-22T17:12:12,7,-18.173318862915,-44.0445098876953,-25.8711910247803,87.1,36.25,3.286,3.28,0.23191819790025225,True,6,134829
12,20,2016-02-22T17:12:12,8,-18.173318862915,-44.0445098876953,-25.8711910247803,87.1,36.25,3.261,3.245,0.6184485277339831,True,6,134829
12,20,2016-02-22T21:03:18,1,-16.8242092132568,-43.3567276000977,-26.5325183868409,87.4,33.75,3.266,3.261,0.18844799905913567,True,5,134831
12,20,2016-02-22T21:03:18,2,-16.8242092132568,-43.3567276000977,-26.5325183868409,87.4,33.75,3.261,3.255,0.2261375988709762,True,5,134831
12,20,2016-02-22T21:03:18,3,-16.8242092132568,-43.3567276000977,-26.5325183868409,87.4,33.75,3.273,3.269,0.15075839924731188,True,5,134831
12,20,2016-02-22T21:03:18,4,-16.8242092132568,-43.3567276000977,-26.5325183868409,87.4,33.75,3.264,3.259,0.18844799905913567,True,5,134831
12,20,2016-02-22T21:03:18,5,-16.8242092132568,-43.3567276000977,-26.5325183868409,87.4,33.75,3.262,3.257,0.18844799905913567,True,5,134831
12,20,2016-02-22T21:03:18,6,-16.8242092132568,-43.3567276000977,-26.5325183868409,87.4,33.75,3.271,3.267,0.15075839924731188,True,5,134831
12,20,2016-02-22T21:03:18,7,-16.8242092132568,-43.3567276000977,-26.5325183868409,87.4,33.75,3.267,3.264,0.1130687994354881,True,5,134831
12,20,2016-02-22T21:03:18,8,-16.8242092132568,-43.3567276000977,-26.5325183868409,87.4,33.75,3.247,3.224,0.8668607956720308,True,5,134831
12,20,2016-02-23T00:08:23,1,-0.714235246181488,-24.8659687042236,-24.151733458042113,93.7,31.5,3.325,3.317,0.3312391640085836,True,5,134832
12,20,2016-02-23T00:08:23,2,-0.714235246181488,-24.8659687042236,-24.151733458042113,93.7,31.5,3.325,3.316,0.37264405950967033,True,5,134832
12,20,2016-02-23T00:08:23,3,-0.714235246181488,-24.8659687042236,-24.151733458042113,93.7,31.5,3.329,3.32,0.37264405950967033,True,5,134832
12,20,2016-02-23T00:08:23,4,-0.714235246181488,-24.8659687042236,-24.151733458042113,93.7,31.5,3.322,3.315,0.28983426850751526,True,5,134832
12,20,2016-02-23T00:08:23,5,-0.714235246181488,-24.8659687042236,-24.151733458042113,93.7,31.5,3.322,3.315,0.28983426850751526,True,5,134832
12,20,2016-02-23T00:08:23,6,-0.714235246181488,-24.8659687042236,-24.151733458042113,93.7,31.5,3.325,3.317,0.3312391640085836,True,5,134832
12,20,2016-02-23T00:08:23,7,-0.714235246181488,-24.8659687042236,-24.151733458042113,93.7,31.5,3.323,3.315,0.3312391640085836,True,5,134832
12,20,2016-02-23T00:08:23,8,-0.714235246181488,-24.8659687042236,-24.151733458042113,93.7,31.5,3.319,3.299,0.8280979100214589,True,5,134832
12,20,2016-02-23T07:51:00,1,-8.12111949920654,-94.745231628418,-86.62411212921145,93.9,22.5,3.32,3.277,0.4963975842645227,True,5,134834
12,20,2016-02-23T07:51:00,2,-8.12111949920654,-94.745231628418,-86.62411212921145,93.9,22.5,3.321,3.275,0.5310299738643798,True,5,134834
12,20,2016-02-23T07:51:00,3,-8.12111949920654,-94.745231628418,-86.62411212921145,93.9,22.5,3.324,3.282,0.4848534543979071,True,5,134834
12,20,2016-02-23T07:51:00,4,-8.12111949920654,-94.745231628418,-86.62411212921145,93.9,22.5,3.32,3.281,0.4502210647980551,True,5,134834
12,20,2016-02-23T07:51:00,5,-8.12111949920654,-94.745231628418,-86.62411212921145,93.9,22.5,3.318,3.279,0.45022106479806023,True,5,134834
12,20,2016-02-23T07:51:00,6,-8.12111949920654,-94.745231628418,-86.62411212921145,93.9,22.5,3.321,3.281,0.46176519466467586,True,5,134834
12,20,2016-02-23T07:51:00,7,-8.12111949920654,-94.745231628418,-86.62411212921145,93.9,22.5,3.318,3.277,0.4733093245312915,True,5,134834
12,20,2016-02-23T07:51:00,8,-8.12111949920654,-94.745231628418,-86.62411212921145,93.9,22.5,3.311,3.218,1.0736040775953701,True,5,134834
12,20,2016-02-23T09:18:12,1,-1.98398697376251,-31.9289627075195,-29.94497573375699,92.6,28.5,3.305,3.293,0.4007350049869101,True,5,134835
12,20,2016-02-23T09:18:12,2,-1.98398697376251,-31.9289627075195,-29.94497573375699,92.6,28.5,3.301,3.289,0.4007350049869101,True,5,134835
12,20,2016-02-23T09:18:12,3,-1.98398697376251,-31.9289627075195,-29.94497573375699,92.6,28.5,3.311,3.299,0.4007350049869101,True,5,134835
12,20,2016-02-23T09:18:12,4,-1.98398697376251,-31.9289627075195,-29.94497573375699,92.6,28.5,3.303,3.292,0.3673404212380047,True,5,134835
12,20,2016-02-23T09:18:12,5,-1.98398697376251,-31.9289627075195,-29.94497573375699,92.6,28.5,3.299,3.288,0.3673404212380047,True,5,134835
12,20,2016-02-23T09:18:12,6,-1.98398697376251,-31.9289627075195,-29.94497573375699,92.6,28.5,3.309,3.296,0.43412958873583046,True,5,134835
12,20,2016-02-23T09:18:12,7,-1.98398697376251,-31.9289627075195,-29.94497573375699,92.6,28.5,3.305,3.293,0.4007350049869101,True,5,134835
12,20,2016-02-23T09:18:12,8,-1.98398697376251,-31.9289627075195,-29.94497573375699,92.6,28.5,3.295,3.266,0.9684429287183625,True,5,134835
12,20,2016-02-23T12:01:06,1,-0.76714164018631,-65.1276702880859,-64.36052864789959,92.7,26.75,3.322,3.294,0.43504925438355313,True,5,134836
12,20,2016-02-23T12:01:06,2,-0.76714164018631,-65.1276702880859,-64.36052864789959,92.7,26.75,3.322,3.293,0.45058672775439257,True,5,134836
12,20,2016-02-23T12:01:06,3,-0.76714164018631,-65.1276702880859,-64.36052864789959,92.7,26.75,3.326,3.297,0.45058672775439257,True,5,134836
12,20,2016-02-23T12:01:06,4,-0.76714164018631,-65.1276702880859,-64.36052864789959,92.7,26.75,3.32,3.295,0.3884368342710278,True,5,134836
12,20,2016-02-23T12:01:06,5,-0.76714164018631,-65.1276702880859,-64.36052864789959,92.7,26.75,3.319,3.293,0.4039743076418673,True,5,134836
12,20,2016-02-23T12:01:06,6,-0.76714164018631,-65.1276702880859,-64.36052864789959,92.7,26.75,3.323,3.295,0.43504925438355313,True,5,134836
12,20,2016-02-23T12:01:06,7,-0.76714164018631,-65.1276702880859,-64.36052864789959,92.7,26.75,3.32,3.293,0.4195117810127068,True,5,134836
12,20,2016-02-23T12:01:06,8,-0.76714164018631,-65.1276702880859,-64.36052864789959,92.7,26.75,3.317,3.255,0.9633233489921568,True,5,134836
12,20,2016-02-23T16:21:56,1,-14.2053461074829,-42.536678314209,-28.3313322067261,93.4,30.75,3.28,3.273,0.24707627403196428,True,5,134837
12,20,2016-02-23T16:21:56,2,-14.2053461074829,-42.536678314209,-28.3313322067261,93.4,30.75,3.276,3.267,0.31766949518396526,True,5,134837
12,20,2016-02-23T16:21:56,3,-14.2053461074829,-42.536678314209,-28.3313322067261,93.4,30.75,3.286,3.279,0.24707627403198,True,5,134837
12,20,2016-02-23T16:21:56,4,-14.2053461074829,-42.536678314209,-28.3313322067261,93.4,30.75,3.277,3.271,0.2117796634559873,True,5,134837
12,20,2016-02-23T16:21:56,5,-14.2053461074829,-42.536678314209,-28.3313322067261,93.4,30.75,3.275,3.268,0.24707627403198,True,5,134837
12,20,2016-02-23T16:21:56,6,-14.2053461074829,-42.536678314209,-28.3313322067261,93.4,30.75,3.282,3.277,0.17648305287997898,True,5,134837
12,20,2016-02-23T16:21:56,7,-14.2053461074829,-42.536678314209,-28.3313322067261,93.4,30.75,3.28,3.275,0.17648305287997898,True,5,134837
12,20,2016-02-23T16:21:56,8,-14.2053461074829,-42.536678314209,-28.3313322067261,93.4,30.75,3.266,3.244,0.7765254326719169,True,5,134837
12,20,2016-02-23T18:02:22,1,-0.820047914981842,-61.3448715209961,-60.52482360601426,92.4,24.0,3.329,3.295,0.561752979592686,True,5,134838
12,20,2016-02-23T18:02:22,2,-0.820047914981842,-61.3448715209961,-60.52482360601426,92.4,24.0,3.329,3.294,0.5782751260512925,True,5,134838
12,20,2016-02-23T18:02:22,3,-0.820047914981842,-61.3448715209961,-60.52482360601426,92.4,24.0,3.331,3.297,0.5617529795926788,True,5,134838
12,20,2016-02-23T18:02:22,4,-0.820047914981842,-61.3448715209961,-60.52482360601426,92.4,24.0,3.327,3.296,0.5121865402168593,True,5,134838
12,20,2016-02-23T18:02:22,5,-0.820047914981842,-61.3448715209961,-60.52482360601426,92.4,24.0,3.326,3.294,0.5287086866754658,True,5,134838
12,20,2016-02-23T18:02:22,6,-0.820047914981842,-61.3448715209961,-60.52482360601426,92.4,24.0,3.328,3.296,0.5287086866754658,True,5,134838
12,20,2016-02-23T18:02:22,7,-0.820047914981842,-61.3448715209961,-60.52482360601426,92.4,24.0,3.326,3.293,0.5452308331340722,True,5,134838
12,20,2016-02-23T18:02:22,8,-0.820047914981842,-61.3448715209961,-60.52482360601426,92.4,24.0,3.324,3.254,1.156550252102578,True,5,134838
12,20,2016-02-23T21:10:55,1,-0.978766858577728,-76.3702697753906,-75.39150291681287,90.3,22.75,3.347,3.307,0.5305637698207996,True,5,134839
12,20,2016-02-23T21:10:55,2,-0.978766858577728,-76.3702697753906,-75.39150291681287,90.3,22.75,3.349,3.306,0.570356052557361,True,5,134839
12,20,2016-02-23T21:10:55,3,-0.978766858577728,-76.3702697753906,-75.39150291681287,90.3,22.75,3.348,3.307,0.543827864066318,True,5,134839
12,20,2016-02-23T21:10:55,4,-0.978766858577728,-76.3702697753906,-75.39150291681287,90.3,22.75,3.345,3.307,0.5040355813297624,True,5,134839
12,20,2016-02-23T21:10:55,5,-0.978766858577728,-76.3702697753906,-75.39150291681287,90.3,22.75,3.345,3.306,0.517299675575281,True,5,134839
12,20,2016-02-23T21:10:55,6,-0.978766858577728,-76.3702697753906,-75.39150291681287,90.3,22.75,3.344,3.305,0.5172996755752751,True,5,134839
12,20,2016-02-23T21:10:55,7,-0.978766858577728,-76.3702697753906,-75.39150291681287,90.3,22.75,3.341,3.303,0.5040355813297624,True,5,134839
12,20,2016-02-23T21:10:55,8,-0.978766858577728,-76.3702697753906,-75.39150291681287,90.3,22.75,3.346,3.262,1.114183916623679,True,5,134839
12,20,2016-02-24T01:33:43,1,-0.714235246181488,-42.7483024597168,-42.03406721353531,90.4,24.75,3.318,3.299,0.45201431266403774,True,5,134840
12,20,2016-02-24T01:33:43,2,-0.714235246181488,-42.7483024597168,-42.03406721353531,90.4,24.75,3.317,3.297,0.4758045396463528,True,5,134840
12,20,2016-02-24T01:33:43,3,-0.714235246181488,-42.7483024597168,-42.03406721353531,90.4,24.75,3.321,3.303,0.42822408568172277,True,5,134840
12,20,2016-02-24T01:33:43,4,-0.714235246181488,-42.7483024597168,-42.03406721353531,90.4,24.75,3.316,3.299,0.40443385869939724,True,5,134840
12,20,2016-02-24T01:33:43,5,-0.714235246181488,-42.7483024597168,-42.03406721353531,90.4,24.75,3.313,3.296,0.4044338586994078,True,5,134840
12,20,2016-02-24T01:33:43,6,-0.714235246181488,-42.7483024597168,-42.03406721353531,90.4,24.75,3.318,3.301,0.40443385869939724,True,5,134840
12,20,2016-02-24T01:33:43,7,-0.714235246181488,-42.7483024597168,-42.03406721353531,90.4,24.75,3.316,3.298,0.4282240856817122,True,5,134840
12,20,2016-02-24T01:33:43,8,-0.714235246181488,-42.7483024597168,-42.03406721353531,90.4,24.75,3.31,3.275,0.83265794438112,True,5,134840
12,20,2016-02-24T05:53:12,1,-0.687782108783722,-29.3365535736084,-28.648771464824677,93.2,24.75,3.333,3.318,0.5235826610721271,True,5,134841
12,20,2016-02-24T05:53:12,2,-0.687782108783722,-29.3365535736084,-28.648771464824677,93.2,24.75,3.333,3.318,0.5235826610721271,True,5,134841
12,20,2016-02-24T05:53:12,3,-0.687782108783722,-29.3365535736084,-28.648771464824677,93.2,24.75,3.334,3.32,0.48867715033398934,True,5,134841
12,20,2016-02-24T05:53:12,4,-0.687782108783722,-29.3365535736084,-28.648771464824677,93.2,24.75,3.331,3.318,0.4537716395958363,True,5,134841
12,20,2016-02-24T05:53:12,5,-0.687782108783722,-29.3365535736084,-28.648771464824677,93.2,24.75,3.33,3.317,0.4537716395958363,True,5,134841
12,20,2016-02-24T05:53:12,6,-0.687782108783722,-29.3365535736084,-28.648771464824677,93.2,24.75,3.332,3.318,0.48867715033397385,True,5,134841
12,20,2016-02-24T05:53:12,7,-0.687782108783722,-29.3365535736084,-28.648771464824677,93.2,24.75,3.326,3.315,0.3839606181195609,True,5,134841
12,20,2016-02-24T05:53:12,8,-0.687782108783722,-29.3365535736084,-28.648771464824677,93.2,24.75,3.327,3.298,1.012259811406101,True,5,134841
12,20,2016-02-24T07:46:51,1,-1.7723616361618,-43.2773666381836,-41.505005002021804,91.4,25.5,3.286,3.27,0.3854956769483733,True,5,134842
12,20,2016-02-24T07:46:51,2,-1.7723616361618,-43.2773666381836,-41.505005002021804,91.4,25.5,3.282,3.265,0.40958915675764396,True,5,134842
12,20,2016-02-24T07:46:51,3,-1.7723616361618,-43.2773666381836,-41.505005002021804,91.4,25.5,3.295,3.279,0.3854956769483733,True,5,134842
12,20,2016-02-24T07:46:51,4,-1.7723616361618,-43.2773666381836,-41.505005002021804,91.4,25.5,3.285,3.269,0.3854956769483733,True,5,134842
12,20,2016-02-24T07:46:51,5,-1.7723616361618,-43.2773666381836,-41.505005002021804,91.4,25.5,3.282,3.267,0.3614021971391026,True,5,134842
12,20,2016-02-24T07:46:51,6,-1.7723616361618,-43.2773666381836,-41.505005002021804,91.4,25.5,3.292,3.276,0.3854956769483733,True,5,134842
12,20,2016-02-24T07:46:51,7,-1.7723616361618,-43.2773666381836,-41.505005002021804,91.4,25.5,3.288,3.273,0.36140219713909194,True,5,134842
12,20,2016-02-24T07:46:51,8,-1.7723616361618,-43.2773666381836,-41.505005002021804,91.4,25.5,3.273,3.234,0.9396457125616626,True,5,134842
12,20,2016-02-24T09:39:33,1,-0.581969499588013,-31.5321636199951,-30.950194120407087,93.5,23.75,3.325,3.31,0.4846496258357823,True,5,134843
12,20,2016-02-24T09:39:33,2,-0.581969499588013,-31.5321636199951,-30.950194120407087,93.5,23.75,3.326,3.31,0.5169596008914974,True,5,134843
12,20,2016-02-24T09:39:33,3,-0.581969499588013,-31.5321636199951,-30.950194120407087,93.5,23.75,3.328,3.313,0.4846496258357679,True,5,134843
12,20,2016-02-24T09:39:33,4,-0.581969499588013,-31.5321636199951,-30.950194120407087,93.5,23.75,3.324,3.31,0.45233965078005295,True,5,134843
12,20,2016-02-24T09:39:33,5,-0.581969499588013,-31.5321636199951,-30.950194120407087,93.5,23.75,3.323,3.309,0.45233965078005295,True,5,134843
12,20,2016-02-24T09:39:33,6,-0.581969499588013,-31.5321636199951,-30.950194120407087,93.5,23.75,3.325,3.311,0.4523396507800673,True,5,134843
12,20,2016-02-24T09:39:33,7,-0.581969499588013,-31.5321636199951,-30.950194120407087,93.5,23.75,3.322,3.308,0.4523396507800673,True,5,134843
12,20,2016-02-24T09:39:33,8,-0.581969499588013,-31.5321636199951,-30.950194120407087,93.5,23.75,3.32,3.291,0.9369892766158353,True,5,134843
12,20,2016-02-24T12:03:53,1,-0.952313721179962,-82.6925735473633,-81.74025982618333,92.3,24.75,3.316,3.274,0.5138226877344256,True,5,134844
12,20,2016-02-24T12:03:53,2,-0.952313721179962,-82.6925735473633,-81.74025982618333,92.3,24.75,3.315,3.272,0.526056561251916,True,5,134844
12,20,2016-02-24T12:03:53,3,-0.952313721179962,-82.6925735473633,-81.74025982618333,92.3,24.75,3.321,3.28,0.501588814216946,True,5,134844
12,20,2016-02-24T12:03:53,4,-0.952313721179962,-82.6925735473633,-81.74025982618333,92.3,24.75,3.315,3.277,0.46488719366448006,True,5,134844
12,20,2016-02-24T12:03:53,5,-0.952313721179962,-82.6925735473633,-81.74025982618333,92.3,24.75,3.312,3.274,0.46488719366448006,True,5,134844
12,20,2016-02-24T12:03:53,6,-0.952313721179962,-82.6925735473633,-81.74025982618333,92.3,24.75,3.318,3.279,0.47712106718197056,True,5,134844
12,20,2016-02-24T12:03:53,7,-0.952313721179962,-82.6925735473633,-81.74025982618333,92.3,24.75,3.315,3.275,0.4893549406994556,True,5,134844
12,20,2016-02-24T12:03:53,8,-0.952313721179962,-82.6925735473633,-81.74025982618333,92.3,24.75,3.308,3.217,1.1132824900912575,True,5,134844
12,20,2016-02-24T15:28:28,1,-9.28505897521973,-97.107292175293,-87.82223320007327,93.2,22.5,3.321,3.278,0.48962544486928705,True,6,134845
12,20,2016-02-24T15:28:28,2,-9.28505897521973,-97.107292175293,-87.82223320007327,93.2,22.5,3.323,3.278,0.5123987213748328,True,6,134845
12,20,2016-02-24T15:28:28,3,-9.28505897521973,-97.107292175293,-87.82223320007327,93.2,22.5,3.325,3.283,0.4782388066165143,True,6,134845
12,20,2016-02-24T15:28:28,4,-9.28505897521973,-97.107292175293,-87.82223320007327,93.2,22.5,3.321,3.283,0.4326922536054179,True,6,134845
12,20,2016-02-24T15:28:28,5,-9.28505897521973,-97.107292175293,-87.82223320007327,93.2,22.5,3.319,3.279,0.4554655301109635,True,6,134845
12,20,2016-02-24T15:28:28,6,-9.28505897521973,-97.107292175293,-87.82223320007327,93.2,22.5,3.322,3.283,0.44407889185819077,True,6,134845
12,20,2016-02-24T15:28:28,7,-9.28505897521973,-97.107292175293,-87.82223320007327,93.2,22.5,3.318,3.278,0.4554655301109635,True,6,134845
12,20,2016-02-24T15:28:28,8,-9.28505897521973,-97.107292175293,-87.82223320007327,93.2,22.5,3.312,3.219,1.0589573575079891,True,6,134845
