checkup,event_id,event_end,quality,depth,temp_C,current_A,used_cells,reference_cells
CK1,1|2025-01-19T19:41:11|2025-01-20T00:36:08,2025-01-20T00:36:08,pass,deep,46.9,20.4,[],"[1, 2, 3, 4]"
CK1,1|2025-01-20T17:05:09|2025-01-20T19:12:39,2025-01-20T19:12:39,cc_low_Ah,,,,[],[]
CK1,1|2025-01-20T20:37:09|2025-01-20T20:42:39,2025-01-20T20:42:39,total_low_Ah,,,,[],[]
CK1,1|2025-01-20T20:50:49|2025-01-20T20:55:49,2025-01-20T20:55:49,total_low_Ah,,,,[],[]
CK1,1|2025-01-20T21:06:09|2025-01-20T21:11:19,2025-01-20T21:11:19,total_low_Ah,,,,[],[]
CK1,1|2025-01-20T21:25:59|2025-01-20T21:34:29,2025-01-20T21:34:29,total_low_Ah,,,,[],[]
CK1,1|2025-01-20T21:35:59|2025-01-20T22:41:49,2025-01-20T22:41:49,total_low_Ah,,,,[],[]
CK1,1|2025-01-20T23:18:29|2025-01-21T01:04:39,2025-01-21T01:04:39,unstable_cc_start,,,,[],[]
CK1,1|2025-01-21T20:49:59|2025-01-21T20:53:49,2025-01-21T20:53:49,total_low_Ah,,,,[],[]
CK1,1|2025-01-21T21:06:09|2025-01-21T23:48:59,2025-01-21T23:48:59,unstable_cc_start,,,,[],[]
CK1,1|2025-01-22T00:00:09|2025-01-22T00:09:19,2025-01-22T00:09:19,total_low_Ah,,,,[],[]
CK1,1|2025-01-22T00:11:59|2025-01-22T00:33:09,2025-01-22T00:33:09,total_low_Ah,,,,[],[]
CK1,1|2025-01-22T00:36:19|2025-01-22T00:43:09,2025-01-22T00:43:09,total_low_Ah,,,,[],[]
CK1,1|2025-01-22T00:46:59|2025-01-22T00:53:09,2025-01-22T00:53:09,total_low_Ah,,,,[],[]
CK1,1|2025-01-22T01:01:19|2025-01-22T01:35:59,2025-01-22T01:35:59,total_low_Ah,,,,[],[]
CK1,1|2025-01-22T17:09:49|2025-01-22T19:30:19,2025-01-22T19:30:19,cc_too_short,,,,[],[]
CK1,1|2025-01-22T19:30:39|2025-01-22T19:41:29,2025-01-22T19:41:29,total_low_Ah,,,,[],[]
CK1,1|2025-01-22T19:41:49|2025-01-22T21:50:29,2025-01-22T21:50:29,cc_low_Ah,,,,[],[]
CK1,1|2025-01-23T01:39:09|2025-01-23T03:22:29,2025-01-23T03:22:29,total_low_Ah,,,,[],[]
CK1,1|2025-01-23T06:41:09|2025-01-23T08:02:59,2025-01-23T08:02:59,total_low_Ah,,,,[],[]
CK1,1|2025-01-23T09:43:39|2025-01-23T10:06:09,2025-01-23T10:06:09,total_low_Ah,,,,[],[]
CK1,1|2025-01-23T14:40:29|2025-01-23T16:07:09,2025-01-23T16:07:09,total_low_Ah,,,,[],[]
CK1,1|2025-01-23T16:15:49|2025-01-23T16:19:39,2025-01-23T16:19:39,total_low_Ah,,,,[],[]
CK1,1|2025-01-23T16:25:39|2025-01-23T16:32:49,2025-01-23T16:32:49,total_low_Ah,,,,[],[]
CK1,1|2025-01-23T16:42:39|2025-01-23T17:23:09,2025-01-23T17:23:09,total_low_Ah,,,,[],[]
CK1,1|2025-01-23T17:30:59|2025-01-23T17:36:19,2025-01-23T17:36:19,total_low_Ah,,,,[],[]
CK1,1|2025-01-23T20:46:39|2025-01-23T23:51:09,2025-01-23T23:51:09,cc_too_short,,,,[],[]
CK1,1|2025-01-24T15:09:21|2025-01-24T16:57:11,2025-01-24T16:57:11,cc_low_Ah,,,,[],[]
CK1,1|2025-01-24T17:21:21|2025-01-24T19:05:21,2025-01-24T19:05:21,cc_too_short,,,,[],[]
CK1,1|2025-01-24T19:36:11|2025-01-24T20:40:13,2025-01-24T20:40:13,pass,shallow,46.4,20.4,[],"[1, 2, 3, 4]"
CK1,1|2025-01-25T13:09:13|2025-01-25T15:16:43,2025-01-25T15:16:43,cc_low_Ah,,,,[],[]
CK1,1|2025-01-25T16:41:13|2025-01-25T16:46:43,2025-01-25T16:46:43,total_low_Ah,,,,[],[]
CK1,1|2025-01-25T16:54:53|2025-01-25T16:59:53,2025-01-25T16:59:53,total_low_Ah,,,,[],[]
CK1,1|2025-01-25T17:10:13|2025-01-25T17:15:23,2025-01-25T17:15:23,total_low_Ah,,,,[],[]
CK1,1|2025-01-25T17:30:03|2025-01-25T17:38:33,2025-01-25T17:38:33,total_low_Ah,,,,[],[]
CK1,1|2025-01-25T17:40:03|2025-01-25T18:45:53,2025-01-25T18:45:53,total_low_Ah,,,,[],[]
CK1,1|2025-01-25T19:22:33|2025-01-25T21:08:43,2025-01-25T21:08:43,unstable_cc_start,,,,[],[]
CK1,1|2025-01-26T16:54:03|2025-01-26T16:57:53,2025-01-26T16:57:53,total_low_Ah,,,,[],[]
CK1,1|2025-01-26T17:10:13|2025-01-26T19:53:03,2025-01-26T19:53:03,unstable_cc_start,,,,[],[]
CK1,1|2025-01-26T20:04:13|2025-01-26T20:13:23,2025-01-26T20:13:23,total_low_Ah,,,,[],[]
CK1,1|2025-01-26T20:16:03|2025-01-26T20:37:13,2025-01-26T20:37:13,total_low_Ah,,,,[],[]
CK1,1|2025-01-26T20:40:23|2025-01-26T20:47:13,2025-01-26T20:47:13,total_low_Ah,,,,[],[]
CK1,1|2025-01-26T20:51:03|2025-01-26T20:57:13,2025-01-26T20:57:13,total_low_Ah,,,,[],[]
CK1,1|2025-01-26T21:05:23|2025-01-26T21:40:03,2025-01-26T21:40:03,total_low_Ah,,,,[],[]
CK1,1|2025-01-27T13:13:53|2025-01-27T15:34:23,2025-01-27T15:34:23,cc_too_short,,,,[],[]
CK1,1|2025-01-27T15:34:43|2025-01-27T15:45:33,2025-01-27T15:45:33,total_low_Ah,,,,[],[]
CK1,1|2025-01-27T15:45:53|2025-01-27T17:54:33,2025-01-27T17:54:33,cc_low_Ah,,,,[],[]
CK1,1|2025-01-27T21:43:13|2025-01-27T23:26:33,2025-01-27T23:26:33,total_low_Ah,,,,[],[]
CK1,1|2025-01-28T02:45:13|2025-01-28T04:07:03,2025-01-28T04:07:03,total_low_Ah,,,,[],[]
CK1,1|2025-01-28T05:47:43|2025-01-28T06:10:13,2025-01-28T06:10:13,total_low_Ah,,,,[],[]
CK1,1|2025-01-28T10:44:33|2025-01-28T12:11:13,2025-01-28T12:11:13,total_low_Ah,,,,[],[]
CK1,1|2025-01-28T12:19:53|2025-01-28T12:23:43,2025-01-28T12:23:43,total_low_Ah,,,,[],[]
CK1,1|2025-01-28T12:29:43|2025-01-28T12:36:53,2025-01-28T12:36:53,total_low_Ah,,,,[],[]
CK1,1|2025-01-28T12:46:43|2025-01-28T13:27:13,2025-01-28T13:27:13,total_low_Ah,,,,[],[]
CK1,1|2025-01-28T13:35:03|2025-01-28T13:40:23,2025-01-28T13:40:23,total_low_Ah,,,,[],[]
CK1,1|2025-01-28T16:50:43|2025-01-28T19:55:13,2025-01-28T19:55:13,cc_too_short,,,,[],[]
CK1,1|2025-01-29T11:13:03|2025-01-29T13:00:53,2025-01-29T13:00:53,cc_low_Ah,,,,[],[]
CK1,1|2025-01-29T13:25:03|2025-01-29T15:09:03,2025-01-29T15:09:03,cc_too_short,,,,[],[]
CK1,1|2025-01-29T15:39:53|2025-01-29T16:44:02,2025-01-29T16:44:02,pass,shallow,46.5,20.4,"[1, 2, 3, 4]",[]
CK1,1|2025-01-30T09:13:03|2025-01-30T11:20:33,2025-01-30T11:20:33,cc_low_Ah,,,,[],[]
CK1,1|2025-01-30T12:45:03|2025-01-30T12:50:33,2025-01-30T12:50:33,total_low_Ah,,,,[],[]
CK1,1|2025-01-30T12:58:43|2025-01-30T13:03:43,2025-01-30T13:03:43,total_low_Ah,,,,[],[]
CK1,1|2025-01-30T13:14:03|2025-01-30T13:19:13,2025-01-30T13:19:13,total_low_Ah,,,,[],[]
CK1,1|2025-01-30T13:33:53|2025-01-30T13:42:23,2025-01-30T13:42:23,total_low_Ah,,,,[],[]
CK1,1|2025-01-30T13:43:53|2025-01-30T14:49:43,2025-01-30T14:49:43,total_low_Ah,,,,[],[]
CK1,1|2025-01-30T15:26:23|2025-01-30T17:12:33,2025-01-30T17:12:33,unstable_cc_start,,,,[],[]
CK1,1|2025-01-31T12:57:53|2025-01-31T13:01:43,2025-01-31T13:01:43,total_low_Ah,,,,[],[]
CK1,1|2025-01-31T13:14:03|2025-01-31T15:56:53,2025-01-31T15:56:53,unstable_cc_start,,,,[],[]
CK1,1|2025-01-31T16:08:03|2025-01-31T16:17:13,2025-01-31T16:17:13,total_low_Ah,,,,[],[]
CK1,1|2025-01-31T16:19:53|2025-01-31T16:41:03,2025-01-31T16:41:03,total_low_Ah,,,,[],[]
CK1,1|2025-01-31T16:44:13|2025-01-31T16:51:03,2025-01-31T16:51:03,total_low_Ah,,,,[],[]
CK1,1|2025-01-31T16:54:53|2025-01-31T17:01:03,2025-01-31T17:01:03,total_low_Ah,,,,[],[]
CK1,1|2025-01-31T17:09:13|2025-01-31T17:43:53,2025-01-31T17:43:53,total_low_Ah,,,,[],[]
CK1,1|2025-02-01T09:17:43|2025-02-01T11:38:13,2025-02-01T11:38:13,cc_too_short,,,,[],[]
CK1,1|2025-02-01T11:38:33|2025-02-01T11:49:23,2025-02-01T11:49:23,total_low_Ah,,,,[],[]
CK1,1|2025-02-01T11:49:43|2025-02-01T13:58:23,2025-02-01T13:58:23,cc_low_Ah,,,,[],[]
CK1,1|2025-02-01T17:47:03|2025-02-01T19:30:23,2025-02-01T19:30:23,total_low_Ah,,,,[],[]
CK1,1|2025-02-01T22:49:10|2025-02-02T00:11:00,2025-02-02T00:11:00,total_low_Ah,,,,[],[]
CK1,1|2025-02-02T01:51:40|2025-02-02T02:14:10,2025-02-02T02:14:10,total_low_Ah,,,,[],[]
CK1,1|2025-02-02T06:48:30|2025-02-02T08:15:10,2025-02-02T08:15:10,total_low_Ah,,,,[],[]
CK1,1|2025-02-02T08:23:50|2025-02-02T08:27:40,2025-02-02T08:27:40,total_low_Ah,,,,[],[]
CK1,1|2025-02-02T08:33:40|2025-02-02T08:40:50,2025-02-02T08:40:50,total_low_Ah,,,,[],[]
CK1,1|2025-02-02T08:50:40|2025-02-02T09:31:10,2025-02-02T09:31:10,total_low_Ah,,,,[],[]
CK1,1|2025-02-02T09:39:00|2025-02-02T09:44:20,2025-02-02T09:44:20,total_low_Ah,,,,[],[]
CK1,1|2025-02-02T12:54:40|2025-02-02T15:59:10,2025-02-02T15:59:10,cc_too_short,,,,[],[]
CK1,1|2025-02-03T07:17:00|2025-02-03T09:04:50,2025-02-03T09:04:50,cc_low_Ah,,,,[],[]
CK1,1|2025-02-03T09:29:00|2025-02-03T11:13:00,2025-02-03T11:13:00,cc_too_short,,,,[],[]
CK1,1|2025-02-03T11:43:51|2025-02-03T12:48:02,2025-02-03T12:48:02,pass,shallow,46.46,20.4,"[1, 2, 3, 4]",[]
CK1,1|2025-02-04T05:17:02|2025-02-04T07:24:32,2025-02-04T07:24:32,cc_low_Ah,,,,[],[]
CK1,1|2025-02-04T08:49:02|2025-02-04T08:54:32,2025-02-04T08:54:32,total_low_Ah,,,,[],[]
CK1,1|2025-02-04T09:02:42|2025-02-04T09:07:42,2025-02-04T09:07:42,total_low_Ah,,,,[],[]
CK1,1|2025-02-04T09:18:02|2025-02-04T09:23:12,2025-02-04T09:23:12,total_low_Ah,,,,[],[]
CK1,1|2025-02-04T09:37:52|2025-02-04T09:46:22,2025-02-04T09:46:22,total_low_Ah,,,,[],[]
CK1,1|2025-02-04T09:47:52|2025-02-04T10:53:42,2025-02-04T10:53:42,total_low_Ah,,,,[],[]
CK1,1|2025-02-04T11:30:22|2025-02-04T13:16:32,2025-02-04T13:16:32,unstable_cc_start,,,,[],[]
CK1,1|2025-02-05T09:01:52|2025-02-05T09:05:42,2025-02-05T09:05:42,total_low_Ah,,,,[],[]
CK1,1|2025-02-05T09:18:02|2025-02-05T12:00:52,2025-02-05T12:00:52,unstable_cc_start,,,,[],[]
CK1,1|2025-02-05T12:12:02|2025-02-05T12:21:12,2025-02-05T12:21:12,total_low_Ah,,,,[],[]
CK1,1|2025-02-05T12:23:52|2025-02-05T12:45:02,2025-02-05T12:45:02,total_low_Ah,,,,[],[]
CK1,1|2025-02-05T12:48:12|2025-02-05T12:55:02,2025-02-05T12:55:02,total_low_Ah,,,,[],[]
CK1,1|2025-02-05T12:58:52|2025-02-05T13:05:02,2025-02-05T13:05:02,total_low_Ah,,,,[],[]
CK1,1|2025-02-05T13:13:12|2025-02-05T13:47:52,2025-02-05T13:47:52,total_low_Ah,,,,[],[]
CK1,1|2025-02-06T05:21:42|2025-02-06T07:42:12,2025-02-06T07:42:12,cc_too_short,,,,[],[]
CK1,1|2025-02-06T07:42:32|2025-02-06T07:53:22,2025-02-06T07:53:22,total_low_Ah,,,,[],[]
CK1,1|2025-02-06T07:53:42|2025-02-06T10:02:22,2025-02-06T10:02:22,cc_low_Ah,,,,[],[]
CK1,1|2025-02-06T13:51:02|2025-02-06T15:34:22,2025-02-06T15:34:22,total_low_Ah,,,,[],[]
CK1,1|2025-02-06T18:53:02|2025-02-06T20:14:52,2025-02-06T20:14:52,total_low_Ah,,,,[],[]
CK1,1|2025-02-06T21:55:32|2025-02-06T22:18:02,2025-02-06T22:18:02,total_low_Ah,,,,[],[]
CK1,1|2025-02-07T02:52:22|2025-02-07T04:19:02,2025-02-07T04:19:02,total_low_Ah,,,,[],[]
CK1,1|2025-02-07T04:27:42|2025-02-07T04:31:32,2025-02-07T04:31:32,total_low_Ah,,,,[],[]
CK1,1|2025-02-07T04:37:32|2025-02-07T04:44:42,2025-02-07T04:44:42,total_low_Ah,,,,[],[]
CK1,1|2025-02-07T04:54:32|2025-02-07T05:35:02,2025-02-07T05:35:02,total_low_Ah,,,,[],[]
CK1,1|2025-02-07T05:42:52|2025-02-07T05:48:12,2025-02-07T05:48:12,total_low_Ah,,,,[],[]
CK1,1|2025-02-07T08:58:32|2025-02-07T12:03:02,2025-02-07T12:03:02,cc_too_short,,,,[],[]
CK2,1|2025-01-19T19:41:11|2025-01-20T00:36:08,2025-01-20T00:36:08,pass,deep,46.9,20.4,[],"[1, 2, 3, 4]"
CK2,1|2025-01-20T17:05:09|2025-01-20T19:12:39,2025-01-20T19:12:39,cc_low_Ah,,,,[],[]
CK2,1|2025-01-20T20:37:09|2025-01-20T20:42:39,2025-01-20T20:42:39,total_low_Ah,,,,[],[]
CK2,1|2025-01-20T20:50:49|2025-01-20T20:55:49,2025-01-20T20:55:49,total_low_Ah,,,,[],[]
CK2,1|2025-01-20T21:06:09|2025-01-20T21:11:19,2025-01-20T21:11:19,total_low_Ah,,,,[],[]
CK2,1|2025-01-20T21:25:59|2025-01-20T21:34:29,2025-01-20T21:34:29,total_low_Ah,,,,[],[]
CK2,1|2025-01-20T21:35:59|2025-01-20T22:41:49,2025-01-20T22:41:49,total_low_Ah,,,,[],[]
CK2,1|2025-01-20T23:18:29|2025-01-21T01:04:39,2025-01-21T01:04:39,unstable_cc_start,,,,[],[]
CK2,1|2025-01-21T20:49:59|2025-01-21T20:53:49,2025-01-21T20:53:49,total_low_Ah,,,,[],[]
CK2,1|2025-01-21T21:06:09|2025-01-21T23:48:59,2025-01-21T23:48:59,unstable_cc_start,,,,[],[]
CK2,1|2025-01-22T00:00:09|2025-01-22T00:09:19,2025-01-22T00:09:19,total_low_Ah,,,,[],[]
CK2,1|2025-01-22T00:11:59|2025-01-22T00:33:09,2025-01-22T00:33:09,total_low_Ah,,,,[],[]
CK2,1|2025-01-22T00:36:19|2025-01-22T00:43:09,2025-01-22T00:43:09,total_low_Ah,,,,[],[]
CK2,1|2025-01-22T00:46:59|2025-01-22T00:53:09,2025-01-22T00:53:09,total_low_Ah,,,,[],[]
CK2,1|2025-01-22T01:01:19|2025-01-22T01:35:59,2025-01-22T01:35:59,total_low_Ah,,,,[],[]
CK2,1|2025-01-22T17:09:49|2025-01-22T19:30:19,2025-01-22T19:30:19,cc_too_short,,,,[],[]
CK2,1|2025-01-22T19:30:39|2025-01-22T19:41:29,2025-01-22T19:41:29,total_low_Ah,,,,[],[]
CK2,1|2025-01-22T19:41:49|2025-01-22T21:50:29,2025-01-22T21:50:29,cc_low_Ah,,,,[],[]
CK2,1|2025-01-23T01:39:09|2025-01-23T03:22:29,2025-01-23T03:22:29,total_low_Ah,,,,[],[]
CK2,1|2025-01-23T06:41:09|2025-01-23T08:02:59,2025-01-23T08:02:59,total_low_Ah,,,,[],[]
CK2,1|2025-01-23T09:43:39|2025-01-23T10:06:09,2025-01-23T10:06:09,total_low_Ah,,,,[],[]
CK2,1|2025-01-23T14:40:29|2025-01-23T16:07:09,2025-01-23T16:07:09,total_low_Ah,,,,[],[]
CK2,1|2025-01-23T16:15:49|2025-01-23T16:19:39,2025-01-23T16:19:39,total_low_Ah,,,,[],[]
CK2,1|2025-01-23T16:25:39|2025-01-23T16:32:49,2025-01-23T16:32:49,total_low_Ah,,,,[],[]
CK2,1|2025-01-23T16:42:39|2025-01-23T17:23:09,2025-01-23T17:23:09,total_low_Ah,,,,[],[]
CK2,1|2025-01-23T17:30:59|2025-01-23T17:36:19,2025-01-23T17:36:19,total_low_Ah,,,,[],[]
CK2,1|2025-01-23T20:46:39|2025-01-23T23:51:09,2025-01-23T23:51:09,cc_too_short,,,,[],[]
CK2,1|2025-01-24T15:09:21|2025-01-24T16:57:11,2025-01-24T16:57:11,cc_low_Ah,,,,[],[]
CK2,1|2025-01-24T17:21:21|2025-01-24T19:05:21,2025-01-24T19:05:21,cc_too_short,,,,[],[]
CK2,1|2025-01-24T19:36:11|2025-01-24T20:40:13,2025-01-24T20:40:13,pass,shallow,46.4,20.4,[],"[1, 2, 3, 4]"
CK2,1|2025-01-25T13:09:13|2025-01-25T15:16:43,2025-01-25T15:16:43,cc_low_Ah,,,,[],[]
CK2,1|2025-01-25T16:41:13|2025-01-25T16:46:43,2025-01-25T16:46:43,total_low_Ah,,,,[],[]
CK2,1|2025-01-25T16:54:53|2025-01-25T16:59:53,2025-01-25T16:59:53,total_low_Ah,,,,[],[]
CK2,1|2025-01-25T17:10:13|2025-01-25T17:15:23,2025-01-25T17:15:23,total_low_Ah,,,,[],[]
CK2,1|2025-01-25T17:30:03|2025-01-25T17:38:33,2025-01-25T17:38:33,total_low_Ah,,,,[],[]
CK2,1|2025-01-25T17:40:03|2025-01-25T18:45:53,2025-01-25T18:45:53,total_low_Ah,,,,[],[]
CK2,1|2025-01-25T19:22:33|2025-01-25T21:08:43,2025-01-25T21:08:43,unstable_cc_start,,,,[],[]
CK2,1|2025-01-26T16:54:03|2025-01-26T16:57:53,2025-01-26T16:57:53,total_low_Ah,,,,[],[]
CK2,1|2025-01-26T17:10:13|2025-01-26T19:53:03,2025-01-26T19:53:03,unstable_cc_start,,,,[],[]
CK2,1|2025-01-26T20:04:13|2025-01-26T20:13:23,2025-01-26T20:13:23,total_low_Ah,,,,[],[]
CK2,1|2025-01-26T20:16:03|2025-01-26T20:37:13,2025-01-26T20:37:13,total_low_Ah,,,,[],[]
CK2,1|2025-01-26T20:40:23|2025-01-26T20:47:13,2025-01-26T20:47:13,total_low_Ah,,,,[],[]
CK2,1|2025-01-26T20:51:03|2025-01-26T20:57:13,2025-01-26T20:57:13,total_low_Ah,,,,[],[]
CK2,1|2025-01-26T21:05:23|2025-01-26T21:40:03,2025-01-26T21:40:03,total_low_Ah,,,,[],[]
CK2,1|2025-01-27T13:13:53|2025-01-27T15:34:23,2025-01-27T15:34:23,cc_too_short,,,,[],[]
CK2,1|2025-01-27T15:34:43|2025-01-27T15:45:33,2025-01-27T15:45:33,total_low_Ah,,,,[],[]
CK2,1|2025-01-27T15:45:53|2025-01-27T17:54:33,2025-01-27T17:54:33,cc_low_Ah,,,,[],[]
CK2,1|2025-01-27T21:43:13|2025-01-27T23:26:33,2025-01-27T23:26:33,total_low_Ah,,,,[],[]
CK2,1|2025-01-28T02:45:13|2025-01-28T04:07:03,2025-01-28T04:07:03,total_low_Ah,,,,[],[]
CK2,1|2025-01-28T05:47:43|2025-01-28T06:10:13,2025-01-28T06:10:13,total_low_Ah,,,,[],[]
CK2,1|2025-01-28T10:44:33|2025-01-28T12:11:13,2025-01-28T12:11:13,total_low_Ah,,,,[],[]
CK2,1|2025-01-28T12:19:53|2025-01-28T12:23:43,2025-01-28T12:23:43,total_low_Ah,,,,[],[]
CK2,1|2025-01-28T12:29:43|2025-01-28T12:36:53,2025-01-28T12:36:53,total_low_Ah,,,,[],[]
CK2,1|2025-01-28T12:46:43|2025-01-28T13:27:13,2025-01-28T13:27:13,total_low_Ah,,,,[],[]
CK2,1|2025-01-28T13:35:03|2025-01-28T13:40:23,2025-01-28T13:40:23,total_low_Ah,,,,[],[]
CK2,1|2025-01-28T16:50:43|2025-01-28T19:55:13,2025-01-28T19:55:13,cc_too_short,,,,[],[]
CK2,1|2025-01-29T11:13:03|2025-01-29T13:00:53,2025-01-29T13:00:53,cc_low_Ah,,,,[],[]
CK2,1|2025-01-29T13:25:03|2025-01-29T15:09:03,2025-01-29T15:09:03,cc_too_short,,,,[],[]
CK2,1|2025-01-29T15:39:53|2025-01-29T16:44:02,2025-01-29T16:44:02,pass,shallow,46.5,20.4,"[1, 2, 3, 4]",[]
CK2,1|2025-01-30T09:13:03|2025-01-30T11:20:33,2025-01-30T11:20:33,cc_low_Ah,,,,[],[]
CK2,1|2025-01-30T12:45:03|2025-01-30T12:50:33,2025-01-30T12:50:33,total_low_Ah,,,,[],[]
CK2,1|2025-01-30T12:58:43|2025-01-30T13:03:43,2025-01-30T13:03:43,total_low_Ah,,,,[],[]
CK2,1|2025-01-30T13:14:03|2025-01-30T13:19:13,2025-01-30T13:19:13,total_low_Ah,,,,[],[]
CK2,1|2025-01-30T13:33:53|2025-01-30T13:42:23,2025-01-30T13:42:23,total_low_Ah,,,,[],[]
CK2,1|2025-01-30T13:43:53|2025-01-30T14:49:43,2025-01-30T14:49:43,total_low_Ah,,,,[],[]
CK2,1|2025-01-30T15:26:23|2025-01-30T17:12:33,2025-01-30T17:12:33,unstable_cc_start,,,,[],[]
CK2,1|2025-01-31T12:57:53|2025-01-31T13:01:43,2025-01-31T13:01:43,total_low_Ah,,,,[],[]
CK2,1|2025-01-31T13:14:03|2025-01-31T15:56:53,2025-01-31T15:56:53,unstable_cc_start,,,,[],[]
CK2,1|2025-01-31T16:08:03|2025-01-31T16:17:13,2025-01-31T16:17:13,total_low_Ah,,,,[],[]
CK2,1|2025-01-31T16:19:53|2025-01-31T16:41:03,2025-01-31T16:41:03,total_low_Ah,,,,[],[]
CK2,1|2025-01-31T16:44:13|2025-01-31T16:51:03,2025-01-31T16:51:03,total_low_Ah,,,,[],[]
CK2,1|2025-01-31T16:54:53|2025-01-31T17:01:03,2025-01-31T17:01:03,total_low_Ah,,,,[],[]
CK2,1|2025-01-31T17:09:13|2025-01-31T17:43:53,2025-01-31T17:43:53,total_low_Ah,,,,[],[]
CK2,1|2025-02-01T09:17:43|2025-02-01T11:38:13,2025-02-01T11:38:13,cc_too_short,,,,[],[]
CK2,1|2025-02-01T11:38:33|2025-02-01T11:49:23,2025-02-01T11:49:23,total_low_Ah,,,,[],[]
CK2,1|2025-02-01T11:49:43|2025-02-01T13:58:23,2025-02-01T13:58:23,cc_low_Ah,,,,[],[]
CK2,1|2025-02-01T17:47:03|2025-02-01T19:30:23,2025-02-01T19:30:23,total_low_Ah,,,,[],[]
CK2,1|2025-02-01T22:49:10|2025-02-02T00:11:00,2025-02-02T00:11:00,total_low_Ah,,,,[],[]
CK2,1|2025-02-02T01:51:40|2025-02-02T02:14:10,2025-02-02T02:14:10,total_low_Ah,,,,[],[]
CK2,1|2025-02-02T06:48:30|2025-02-02T08:15:10,2025-02-02T08:15:10,total_low_Ah,,,,[],[]
CK2,1|2025-02-02T08:23:50|2025-02-02T08:27:40,2025-02-02T08:27:40,total_low_Ah,,,,[],[]
CK2,1|2025-02-02T08:33:40|2025-02-02T08:40:50,2025-02-02T08:40:50,total_low_Ah,,,,[],[]
CK2,1|2025-02-02T08:50:40|2025-02-02T09:31:10,2025-02-02T09:31:10,total_low_Ah,,,,[],[]
CK2,1|2025-02-02T09:39:00|2025-02-02T09:44:20,2025-02-02T09:44:20,total_low_Ah,,,,[],[]
CK2,1|2025-02-02T12:54:40|2025-02-02T15:59:10,2025-02-02T15:59:10,cc_too_short,,,,[],[]
CK2,1|2025-02-03T07:17:00|2025-02-03T09:04:50,2025-02-03T09:04:50,cc_low_Ah,,,,[],[]
CK2,1|2025-02-03T09:29:00|2025-02-03T11:13:00,2025-02-03T11:13:00,cc_too_short,,,,[],[]
CK2,1|2025-02-03T11:43:51|2025-02-03T12:48:02,2025-02-03T12:48:02,pass,shallow,46.46,20.4,"[1, 2, 3, 4]",[]
CK2,1|2025-02-04T05:17:02|2025-02-04T07:24:32,2025-02-04T07:24:32,cc_low_Ah,,,,[],[]
CK2,1|2025-02-04T08:49:02|2025-02-04T08:54:32,2025-02-04T08:54:32,total_low_Ah,,,,[],[]
CK2,1|2025-02-04T09:02:42|2025-02-04T09:07:42,2025-02-04T09:07:42,total_low_Ah,,,,[],[]
CK2,1|2025-02-04T09:18:02|2025-02-04T09:23:12,2025-02-04T09:23:12,total_low_Ah,,,,[],[]
CK2,1|2025-02-04T09:37:52|2025-02-04T09:46:22,2025-02-04T09:46:22,total_low_Ah,,,,[],[]
CK2,1|2025-02-04T09:47:52|2025-02-04T10:53:42,2025-02-04T10:53:42,total_low_Ah,,,,[],[]
CK2,1|2025-02-04T11:30:22|2025-02-04T13:16:32,2025-02-04T13:16:32,unstable_cc_start,,,,[],[]
CK2,1|2025-02-05T09:01:52|2025-02-05T09:05:42,2025-02-05T09:05:42,total_low_Ah,,,,[],[]
CK2,1|2025-02-05T09:18:02|2025-02-05T12:00:52,2025-02-05T12:00:52,unstable_cc_start,,,,[],[]
CK2,1|2025-02-05T12:12:02|2025-02-05T12:21:12,2025-02-05T12:21:12,total_low_Ah,,,,[],[]
CK2,1|2025-02-05T12:23:52|2025-02-05T12:45:02,2025-02-05T12:45:02,total_low_Ah,,,,[],[]
CK2,1|2025-02-05T12:48:12|2025-02-05T12:55:02,2025-02-05T12:55:02,total_low_Ah,,,,[],[]
CK2,1|2025-02-05T12:58:52|2025-02-05T13:05:02,2025-02-05T13:05:02,total_low_Ah,,,,[],[]
CK2,1|2025-02-05T13:13:12|2025-02-05T13:47:52,2025-02-05T13:47:52,total_low_Ah,,,,[],[]
CK2,1|2025-02-06T05:21:42|2025-02-06T07:42:12,2025-02-06T07:42:12,cc_too_short,,,,[],[]
CK2,1|2025-02-06T07:42:32|2025-02-06T07:53:22,2025-02-06T07:53:22,total_low_Ah,,,,[],[]
CK2,1|2025-02-06T07:53:42|2025-02-06T10:02:22,2025-02-06T10:02:22,cc_low_Ah,,,,[],[]
CK2,1|2025-02-06T13:51:02|2025-02-06T15:34:22,2025-02-06T15:34:22,total_low_Ah,,,,[],[]
CK2,1|2025-02-06T18:53:02|2025-02-06T20:14:52,2025-02-06T20:14:52,total_low_Ah,,,,[],[]
CK2,1|2025-02-06T21:55:32|2025-02-06T22:18:02,2025-02-06T22:18:02,total_low_Ah,,,,[],[]
CK2,1|2025-02-07T02:52:22|2025-02-07T04:19:02,2025-02-07T04:19:02,total_low_Ah,,,,[],[]
CK2,1|2025-02-07T04:27:42|2025-02-07T04:31:32,2025-02-07T04:31:32,total_low_Ah,,,,[],[]
CK2,1|2025-02-07T04:37:32|2025-02-07T04:44:42,2025-02-07T04:44:42,total_low_Ah,,,,[],[]
CK2,1|2025-02-07T04:54:32|2025-02-07T05:35:02,2025-02-07T05:35:02,total_low_Ah,,,,[],[]
CK2,1|2025-02-07T05:42:52|2025-02-07T05:48:12,2025-02-07T05:48:12,total_low_Ah,,,,[],[]
CK2,1|2025-02-07T08:58:32|2025-02-07T12:03:02,2025-02-07T12:03:02,cc_too_short,,,,[],[]
CK2,1|2025-02-08T03:20:52|2025-02-08T05:08:42,2025-02-08T05:08:42,cc_low_Ah,,,,[],[]
CK2,1|2025-02-08T05:32:52|2025-02-08T07:16:52,2025-02-08T07:16:52,cc_too_short,,,,[],[]
CK2,1|2025-02-08T07:47:43|2025-02-08T08:52:14,2025-02-08T08:52:14,pass,shallow,46.5,20.4,"[1, 2, 3, 4]",[]
CK2,2|2025-02-11T23:08:25|2025-02-12T03:57:43,2025-02-12T03:57:43,pass,deep,26.91,20.4,[],"[1, 2, 3, 4]"
CK2,2|2025-02-12T20:26:43|2025-02-12T22:34:13,2025-02-12T22:34:13,cc_low_Ah,,,,[],[]
CK2,2|2025-02-12T23:58:43|2025-02-13T00:04:13,2025-02-13T00:04:13,total_low_Ah,,,,[],[]
CK2,2|2025-02-13T00:12:23|2025-02-13T00:17:23,2025-02-13T00:17:23,total_low_Ah,,,,[],[]
CK2,2|2025-02-13T00:27:43|2025-02-13T00:32:53,2025-02-13T00:32:53,total_low_Ah,,,,[],[]
CK2,2|2025-02-13T00:47:33|2025-02-13T00:56:03,2025-02-13T00:56:03,total_low_Ah,,,,[],[]
CK2,2|2025-02-13T00:57:33|2025-02-13T02:03:23,2025-02-13T02:03:23,total_low_Ah,,,,[],[]
CK2,2|2025-02-13T02:40:03|2025-02-13T04:26:13,2025-02-13T04:26:13,unstable_cc_start,,,,[],[]
CK2,2|2025-02-14T00:11:33|2025-02-14T00:15:23,2025-02-14T00:15:23,total_low_Ah,,,,[],[]
CK2,2|2025-02-14T00:27:43|2025-02-14T03:10:33,2025-02-14T03:10:33,unstable_cc_start,,,,[],[]
CK2,2|2025-02-14T03:21:43|2025-02-14T03:30:53,2025-02-14T03:30:53,total_low_Ah,,,,[],[]
CK2,2|2025-02-14T03:33:33|2025-02-14T03:54:43,2025-02-14T03:54:43,total_low_Ah,,,,[],[]
CK2,2|2025-02-14T03:57:53|2025-02-14T04:04:43,2025-02-14T04:04:43,total_low_Ah,,,,[],[]
CK2,2|2025-02-14T04:08:33|2025-02-14T04:14:43,2025-02-14T04:14:43,total_low_Ah,,,,[],[]
CK2,2|2025-02-14T04:22:53|2025-02-14T04:57:33,2025-02-14T04:57:33,total_low_Ah,,,,[],[]
CK2,2|2025-02-14T20:31:23|2025-02-14T22:51:53,2025-02-14T22:51:53,cc_too_short,,,,[],[]
CK2,2|2025-02-14T22:52:13|2025-02-14T23:03:03,2025-02-14T23:03:03,total_low_Ah,,,,[],[]
CK2,2|2025-02-14T23:03:23|2025-02-15T01:12:03,2025-02-15T01:12:03,cc_low_Ah,,,,[],[]
CK2,2|2025-02-15T05:00:43|2025-02-15T06:44:03,2025-02-15T06:44:03,total_low_Ah,,,,[],[]
CK2,2|2025-02-15T10:02:43|2025-02-15T11:24:33,2025-02-15T11:24:33,total_low_Ah,,,,[],[]
CK2,2|2025-02-15T13:05:13|2025-02-15T13:27:43,2025-02-15T13:27:43,total_low_Ah,,,,[],[]
CK2,2|2025-02-15T18:02:03|2025-02-15T19:28:43,2025-02-15T19:28:43,total_low_Ah,,,,[],[]
CK2,2|2025-02-15T19:37:23|2025-02-15T19:41:13,2025-02-15T19:41:13,total_low_Ah,,,,[],[]
CK2,2|2025-02-15T19:47:13|2025-02-15T19:54:23,2025-02-15T19:54:23,total_low_Ah,,,,[],[]
CK2,2|2025-02-15T20:04:13|2025-02-15T20:44:43,2025-02-15T20:44:43,total_low_Ah,,,,[],[]
CK2,2|2025-02-15T20:52:33|2025-02-15T20:57:53,2025-02-15T20:57:53,total_low_Ah,,,,[],[]
CK2,2|2025-02-16T00:08:13|2025-02-16T03:12:43,2025-02-16T03:12:43,cc_too_short,,,,[],[]
CK2,2|2025-02-16T18:30:33|2025-02-16T20:18:23,2025-02-16T20:18:23,cc_low_Ah,,,,[],[]
CK2,2|2025-02-16T20:42:33|2025-02-16T22:26:33,2025-02-16T22:26:33,cc_too_short,,,,[],[]
CK2,2|2025-02-16T22:57:24|2025-02-17T00:02:50,2025-02-17T00:02:50,pass,shallow,26.3,20.4,[],"[1, 2, 3, 4]"
CK2,2|2025-02-17T16:31:50|2025-02-17T18:39:20,2025-02-17T18:39:20,cc_low_Ah,,,,[],[]
CK2,2|2025-02-17T20:03:50|2025-02-17T20:09:20,2025-02-17T20:09:20,total_low_Ah,,,,[],[]
CK2,2|2025-02-17T20:17:30|2025-02-17T20:22:30,2025-02-17T20:22:30,total_low_Ah,,,,[],[]
CK2,2|2025-02-17T20:32:50|2025-02-17T20:38:00,2025-02-17T20:38:00,total_low_Ah,,,,[],[]
CK2,2|2025-02-17T20:52:40|2025-02-17T21:01:10,2025-02-17T21:01:10,total_low_Ah,,,,[],[]
CK2,2|2025-02-17T21:02:40|2025-02-17T22:08:30,2025-02-17T22:08:30,total_low_Ah,,,,[],[]
CK2,2|2025-02-17T22:45:10|2025-02-18T00:31:20,2025-02-18T00:31:20,unstable_cc_start,,,,[],[]
CK2,2|2025-02-18T20:16:40|2025-02-18T20:20:30,2025-02-18T20:20:30,total_low_Ah,,,,[],[]
CK2,2|2025-02-18T20:32:50|2025-02-18T23:15:40,2025-02-18T23:15:40,unstable_cc_start,,,,[],[]
CK2,2|2025-02-18T23:26:50|2025-02-18T23:36:00,2025-02-18T23:36:00,total_low_Ah,,,,[],[]
CK2,2|2025-02-18T23:38:40|2025-02-18T23:59:50,2025-02-18T23:59:50,total_low_Ah,,,,[],[]
CK2,2|2025-02-19T00:03:00|2025-02-19T00:09:50,2025-02-19T00:09:50,total_low_Ah,,,,[],[]
CK2,2|2025-02-19T00:13:40|2025-02-19T00:19:50,2025-02-19T00:19:50,total_low_Ah,,,,[],[]
CK2,2|2025-02-19T00:28:00|2025-02-19T01:02:40,2025-02-19T01:02:40,total_low_Ah,,,,[],[]
CK3,1|2025-01-19T19:41:11|2025-01-20T00:36:08,2025-01-20T00:36:08,pass,deep,46.9,20.4,[],"[1, 2, 3, 4]"
CK3,1|2025-01-20T17:05:09|2025-01-20T19:12:39,2025-01-20T19:12:39,cc_low_Ah,,,,[],[]
CK3,1|2025-01-20T20:37:09|2025-01-20T20:42:39,2025-01-20T20:42:39,total_low_Ah,,,,[],[]
CK3,1|2025-01-20T20:50:49|2025-01-20T20:55:49,2025-01-20T20:55:49,total_low_Ah,,,,[],[]
CK3,1|2025-01-20T21:06:09|2025-01-20T21:11:19,2025-01-20T21:11:19,total_low_Ah,,,,[],[]
CK3,1|2025-01-20T21:25:59|2025-01-20T21:34:29,2025-01-20T21:34:29,total_low_Ah,,,,[],[]
CK3,1|2025-01-20T21:35:59|2025-01-20T22:41:49,2025-01-20T22:41:49,total_low_Ah,,,,[],[]
CK3,1|2025-01-20T23:18:29|2025-01-21T01:04:39,2025-01-21T01:04:39,unstable_cc_start,,,,[],[]
CK3,1|2025-01-21T20:49:59|2025-01-21T20:53:49,2025-01-21T20:53:49,total_low_Ah,,,,[],[]
CK3,1|2025-01-21T21:06:09|2025-01-21T23:48:59,2025-01-21T23:48:59,unstable_cc_start,,,,[],[]
CK3,1|2025-01-22T00:00:09|2025-01-22T00:09:19,2025-01-22T00:09:19,total_low_Ah,,,,[],[]
CK3,1|2025-01-22T00:11:59|2025-01-22T00:33:09,2025-01-22T00:33:09,total_low_Ah,,,,[],[]
CK3,1|2025-01-22T00:36:19|2025-01-22T00:43:09,2025-01-22T00:43:09,total_low_Ah,,,,[],[]
CK3,1|2025-01-22T00:46:59|2025-01-22T00:53:09,2025-01-22T00:53:09,total_low_Ah,,,,[],[]
CK3,1|2025-01-22T01:01:19|2025-01-22T01:35:59,2025-01-22T01:35:59,total_low_Ah,,,,[],[]
CK3,1|2025-01-22T17:09:49|2025-01-22T19:30:19,2025-01-22T19:30:19,cc_too_short,,,,[],[]
CK3,1|2025-01-22T19:30:39|2025-01-22T19:41:29,2025-01-22T19:41:29,total_low_Ah,,,,[],[]
CK3,1|2025-01-22T19:41:49|2025-01-22T21:50:29,2025-01-22T21:50:29,cc_low_Ah,,,,[],[]
CK3,1|2025-01-23T01:39:09|2025-01-23T03:22:29,2025-01-23T03:22:29,total_low_Ah,,,,[],[]
CK3,1|2025-01-23T06:41:09|2025-01-23T08:02:59,2025-01-23T08:02:59,total_low_Ah,,,,[],[]
CK3,1|2025-01-23T09:43:39|2025-01-23T10:06:09,2025-01-23T10:06:09,total_low_Ah,,,,[],[]
CK3,1|2025-01-23T14:40:29|2025-01-23T16:07:09,2025-01-23T16:07:09,total_low_Ah,,,,[],[]
CK3,1|2025-01-23T16:15:49|2025-01-23T16:19:39,2025-01-23T16:19:39,total_low_Ah,,,,[],[]
CK3,1|2025-01-23T16:25:39|2025-01-23T16:32:49,2025-01-23T16:32:49,total_low_Ah,,,,[],[]
CK3,1|2025-01-23T16:42:39|2025-01-23T17:23:09,2025-01-23T17:23:09,total_low_Ah,,,,[],[]
CK3,1|2025-01-23T17:30:59|2025-01-23T17:36:19,2025-01-23T17:36:19,total_low_Ah,,,,[],[]
CK3,1|2025-01-23T20:46:39|2025-01-23T23:51:09,2025-01-23T23:51:09,cc_too_short,,,,[],[]
CK3,1|2025-01-24T15:09:21|2025-01-24T16:57:11,2025-01-24T16:57:11,cc_low_Ah,,,,[],[]
CK3,1|2025-01-24T17:21:21|2025-01-24T19:05:21,2025-01-24T19:05:21,cc_too_short,,,,[],[]
CK3,1|2025-01-24T19:36:11|2025-01-24T20:40:13,2025-01-24T20:40:13,pass,shallow,46.4,20.4,[],"[1, 2, 3, 4]"
CK3,1|2025-01-25T13:09:13|2025-01-25T15:16:43,2025-01-25T15:16:43,cc_low_Ah,,,,[],[]
CK3,1|2025-01-25T16:41:13|2025-01-25T16:46:43,2025-01-25T16:46:43,total_low_Ah,,,,[],[]
CK3,1|2025-01-25T16:54:53|2025-01-25T16:59:53,2025-01-25T16:59:53,total_low_Ah,,,,[],[]
CK3,1|2025-01-25T17:10:13|2025-01-25T17:15:23,2025-01-25T17:15:23,total_low_Ah,,,,[],[]
CK3,1|2025-01-25T17:30:03|2025-01-25T17:38:33,2025-01-25T17:38:33,total_low_Ah,,,,[],[]
CK3,1|2025-01-25T17:40:03|2025-01-25T18:45:53,2025-01-25T18:45:53,total_low_Ah,,,,[],[]
CK3,1|2025-01-25T19:22:33|2025-01-25T21:08:43,2025-01-25T21:08:43,unstable_cc_start,,,,[],[]
CK3,1|2025-01-26T16:54:03|2025-01-26T16:57:53,2025-01-26T16:57:53,total_low_Ah,,,,[],[]
CK3,1|2025-01-26T17:10:13|2025-01-26T19:53:03,2025-01-26T19:53:03,unstable_cc_start,,,,[],[]
CK3,1|2025-01-26T20:04:13|2025-01-26T20:13:23,2025-01-26T20:13:23,total_low_Ah,,,,[],[]
CK3,1|2025-01-26T20:16:03|2025-01-26T20:37:13,2025-01-26T20:37:13,total_low_Ah,,,,[],[]
CK3,1|2025-01-26T20:40:23|2025-01-26T20:47:13,2025-01-26T20:47:13,total_low_Ah,,,,[],[]
CK3,1|2025-01-26T20:51:03|2025-01-26T20:57:13,2025-01-26T20:57:13,total_low_Ah,,,,[],[]
CK3,1|2025-01-26T21:05:23|2025-01-26T21:40:03,2025-01-26T21:40:03,total_low_Ah,,,,[],[]
CK3,1|2025-01-27T13:13:53|2025-01-27T15:34:23,2025-01-27T15:34:23,cc_too_short,,,,[],[]
CK3,1|2025-01-27T15:34:43|2025-01-27T15:45:33,2025-01-27T15:45:33,total_low_Ah,,,,[],[]
CK3,1|2025-01-27T15:45:53|2025-01-27T17:54:33,2025-01-27T17:54:33,cc_low_Ah,,,,[],[]
CK3,1|2025-01-27T21:43:13|2025-01-27T23:26:33,2025-01-27T23:26:33,total_low_Ah,,,,[],[]
CK3,1|2025-01-28T02:45:13|2025-01-28T04:07:03,2025-01-28T04:07:03,total_low_Ah,,,,[],[]
CK3,1|2025-01-28T05:47:43|2025-01-28T06:10:13,2025-01-28T06:10:13,total_low_Ah,,,,[],[]
CK3,1|2025-01-28T10:44:33|2025-01-28T12:11:13,2025-01-28T12:11:13,total_low_Ah,,,,[],[]
CK3,1|2025-01-28T12:19:53|2025-01-28T12:23:43,2025-01-28T12:23:43,total_low_Ah,,,,[],[]
CK3,1|2025-01-28T12:29:43|2025-01-28T12:36:53,2025-01-28T12:36:53,total_low_Ah,,,,[],[]
CK3,1|2025-01-28T12:46:43|2025-01-28T13:27:13,2025-01-28T13:27:13,total_low_Ah,,,,[],[]
CK3,1|2025-01-28T13:35:03|2025-01-28T13:40:23,2025-01-28T13:40:23,total_low_Ah,,,,[],[]
CK3,1|2025-01-28T16:50:43|2025-01-28T19:55:13,2025-01-28T19:55:13,cc_too_short,,,,[],[]
CK3,1|2025-01-29T11:13:03|2025-01-29T13:00:53,2025-01-29T13:00:53,cc_low_Ah,,,,[],[]
CK3,1|2025-01-29T13:25:03|2025-01-29T15:09:03,2025-01-29T15:09:03,cc_too_short,,,,[],[]
CK3,1|2025-01-29T15:39:53|2025-01-29T16:44:02,2025-01-29T16:44:02,pass,shallow,46.5,20.4,"[1, 2, 3, 4]",[]
CK3,1|2025-01-30T09:13:03|2025-01-30T11:20:33,2025-01-30T11:20:33,cc_low_Ah,,,,[],[]
CK3,1|2025-01-30T12:45:03|2025-01-30T12:50:33,2025-01-30T12:50:33,total_low_Ah,,,,[],[]
CK3,1|2025-01-30T12:58:43|2025-01-30T13:03:43,2025-01-30T13:03:43,total_low_Ah,,,,[],[]
CK3,1|2025-01-30T13:14:03|2025-01-30T13:19:13,2025-01-30T13:19:13,total_low_Ah,,,,[],[]
CK3,1|2025-01-30T13:33:53|2025-01-30T13:42:23,2025-01-30T13:42:23,total_low_Ah,,,,[],[]
CK3,1|2025-01-30T13:43:53|2025-01-30T14:49:43,2025-01-30T14:49:43,total_low_Ah,,,,[],[]
CK3,1|2025-01-30T15:26:23|2025-01-30T17:12:33,2025-01-30T17:12:33,unstable_cc_start,,,,[],[]
CK3,1|2025-01-31T12:57:53|2025-01-31T13:01:43,2025-01-31T13:01:43,total_low_Ah,,,,[],[]
CK3,1|2025-01-31T13:14:03|2025-01-31T15:56:53,2025-01-31T15:56:53,unstable_cc_start,,,,[],[]
CK3,1|2025-01-31T16:08:03|2025-01-31T16:17:13,2025-01-31T16:17:13,total_low_Ah,,,,[],[]
CK3,1|2025-01-31T16:19:53|2025-01-31T16:41:03,2025-01-31T16:41:03,total_low_Ah,,,,[],[]
CK3,1|2025-01-31T16:44:13|2025-01-31T16:51:03,2025-01-31T16:51:03,total_low_Ah,,,,[],[]
CK3,1|2025-01-31T16:54:53|2025-01-31T17:01:03,2025-01-31T17:01:03,total_low_Ah,,,,[],[]
CK3,1|2025-01-31T17:09:13|2025-01-31T17:43:53,2025-01-31T17:43:53,total_low_Ah,,,,[],[]
CK3,1|2025-02-01T09:17:43|2025-02-01T11:38:13,2025-02-01T11:38:13,cc_too_short,,,,[],[]
CK3,1|2025-02-01T11:38:33|2025-02-01T11:49:23,2025-02-01T11:49:23,total_low_Ah,,,,[],[]
CK3,1|2025-02-01T11:49:43|2025-02-01T13:58:23,2025-02-01T13:58:23,cc_low_Ah,,,,[],[]
CK3,1|2025-02-01T17:47:03|2025-02-01T19:30:23,2025-02-01T19:30:23,total_low_Ah,,,,[],[]
CK3,1|2025-02-01T22:49:10|2025-02-02T00:11:00,2025-02-02T00:11:00,total_low_Ah,,,,[],[]
CK3,1|2025-02-02T01:51:40|2025-02-02T02:14:10,2025-02-02T02:14:10,total_low_Ah,,,,[],[]
CK3,1|2025-02-02T06:48:30|2025-02-02T08:15:10,2025-02-02T08:15:10,total_low_Ah,,,,[],[]
CK3,1|2025-02-02T08:23:50|2025-02-02T08:27:40,2025-02-02T08:27:40,total_low_Ah,,,,[],[]
CK3,1|2025-02-02T08:33:40|2025-02-02T08:40:50,2025-02-02T08:40:50,total_low_Ah,,,,[],[]
CK3,1|2025-02-02T08:50:40|2025-02-02T09:31:10,2025-02-02T09:31:10,total_low_Ah,,,,[],[]
CK3,1|2025-02-02T09:39:00|2025-02-02T09:44:20,2025-02-02T09:44:20,total_low_Ah,,,,[],[]
CK3,1|2025-02-02T12:54:40|2025-02-02T15:59:10,2025-02-02T15:59:10,cc_too_short,,,,[],[]
CK3,1|2025-02-03T07:17:00|2025-02-03T09:04:50,2025-02-03T09:04:50,cc_low_Ah,,,,[],[]
CK3,1|2025-02-03T09:29:00|2025-02-03T11:13:00,2025-02-03T11:13:00,cc_too_short,,,,[],[]
CK3,1|2025-02-03T11:43:51|2025-02-03T12:48:02,2025-02-03T12:48:02,pass,shallow,46.46,20.4,"[1, 2, 3, 4]",[]
CK3,1|2025-02-04T05:17:02|2025-02-04T07:24:32,2025-02-04T07:24:32,cc_low_Ah,,,,[],[]
CK3,1|2025-02-04T08:49:02|2025-02-04T08:54:32,2025-02-04T08:54:32,total_low_Ah,,,,[],[]
CK3,1|2025-02-04T09:02:42|2025-02-04T09:07:42,2025-02-04T09:07:42,total_low_Ah,,,,[],[]
CK3,1|2025-02-04T09:18:02|2025-02-04T09:23:12,2025-02-04T09:23:12,total_low_Ah,,,,[],[]
CK3,1|2025-02-04T09:37:52|2025-02-04T09:46:22,2025-02-04T09:46:22,total_low_Ah,,,,[],[]
CK3,1|2025-02-04T09:47:52|2025-02-04T10:53:42,2025-02-04T10:53:42,total_low_Ah,,,,[],[]
CK3,1|2025-02-04T11:30:22|2025-02-04T13:16:32,2025-02-04T13:16:32,unstable_cc_start,,,,[],[]
CK3,1|2025-02-05T09:01:52|2025-02-05T09:05:42,2025-02-05T09:05:42,total_low_Ah,,,,[],[]
CK3,1|2025-02-05T09:18:02|2025-02-05T12:00:52,2025-02-05T12:00:52,unstable_cc_start,,,,[],[]
CK3,1|2025-02-05T12:12:02|2025-02-05T12:21:12,2025-02-05T12:21:12,total_low_Ah,,,,[],[]
CK3,1|2025-02-05T12:23:52|2025-02-05T12:45:02,2025-02-05T12:45:02,total_low_Ah,,,,[],[]
CK3,1|2025-02-05T12:48:12|2025-02-05T12:55:02,2025-02-05T12:55:02,total_low_Ah,,,,[],[]
CK3,1|2025-02-05T12:58:52|2025-02-05T13:05:02,2025-02-05T13:05:02,total_low_Ah,,,,[],[]
CK3,1|2025-02-05T13:13:12|2025-02-05T13:47:52,2025-02-05T13:47:52,total_low_Ah,,,,[],[]
CK3,1|2025-02-06T05:21:42|2025-02-06T07:42:12,2025-02-06T07:42:12,cc_too_short,,,,[],[]
CK3,1|2025-02-06T07:42:32|2025-02-06T07:53:22,2025-02-06T07:53:22,total_low_Ah,,,,[],[]
CK3,1|2025-02-06T07:53:42|2025-02-06T10:02:22,2025-02-06T10:02:22,cc_low_Ah,,,,[],[]
CK3,1|2025-02-06T13:51:02|2025-02-06T15:34:22,2025-02-06T15:34:22,total_low_Ah,,,,[],[]
CK3,1|2025-02-06T18:53:02|2025-02-06T20:14:52,2025-02-06T20:14:52,total_low_Ah,,,,[],[]
CK3,1|2025-02-06T21:55:32|2025-02-06T22:18:02,2025-02-06T22:18:02,total_low_Ah,,,,[],[]
CK3,1|2025-02-07T02:52:22|2025-02-07T04:19:02,2025-02-07T04:19:02,total_low_Ah,,,,[],[]
CK3,1|2025-02-07T04:27:42|2025-02-07T04:31:32,2025-02-07T04:31:32,total_low_Ah,,,,[],[]
CK3,1|2025-02-07T04:37:32|2025-02-07T04:44:42,2025-02-07T04:44:42,total_low_Ah,,,,[],[]
CK3,1|2025-02-07T04:54:32|2025-02-07T05:35:02,2025-02-07T05:35:02,total_low_Ah,,,,[],[]
CK3,1|2025-02-07T05:42:52|2025-02-07T05:48:12,2025-02-07T05:48:12,total_low_Ah,,,,[],[]
CK3,1|2025-02-07T08:58:32|2025-02-07T12:03:02,2025-02-07T12:03:02,cc_too_short,,,,[],[]
CK3,1|2025-02-08T03:20:52|2025-02-08T05:08:42,2025-02-08T05:08:42,cc_low_Ah,,,,[],[]
CK3,1|2025-02-08T05:32:52|2025-02-08T07:16:52,2025-02-08T07:16:52,cc_too_short,,,,[],[]
CK3,1|2025-02-08T07:47:43|2025-02-08T08:52:14,2025-02-08T08:52:14,pass,shallow,46.5,20.4,"[1, 2, 3, 4]",[]
CK3,2|2025-02-11T23:08:25|2025-02-12T03:57:43,2025-02-12T03:57:43,pass,deep,26.91,20.4,[],"[1, 2, 3, 4]"
CK3,2|2025-02-12T20:26:43|2025-02-12T22:34:13,2025-02-12T22:34:13,cc_low_Ah,,,,[],[]
CK3,2|2025-02-12T23:58:43|2025-02-13T00:04:13,2025-02-13T00:04:13,total_low_Ah,,,,[],[]
CK3,2|2025-02-13T00:12:23|2025-02-13T00:17:23,2025-02-13T00:17:23,total_low_Ah,,,,[],[]
CK3,2|2025-02-13T00:27:43|2025-02-13T00:32:53,2025-02-13T00:32:53,total_low_Ah,,,,[],[]
CK3,2|2025-02-13T00:47:33|2025-02-13T00:56:03,2025-02-13T00:56:03,total_low_Ah,,,,[],[]
CK3,2|2025-02-13T00:57:33|2025-02-13T02:03:23,2025-02-13T02:03:23,total_low_Ah,,,,[],[]
CK3,2|2025-02-13T02:40:03|2025-02-13T04:26:13,2025-02-13T04:26:13,unstable_cc_start,,,,[],[]
CK3,2|2025-02-14T00:11:33|2025-02-14T00:15:23,2025-02-14T00:15:23,total_low_Ah,,,,[],[]
CK3,2|2025-02-14T00:27:43|2025-02-14T03:10:33,2025-02-14T03:10:33,unstable_cc_start,,,,[],[]
CK3,2|2025-02-14T03:21:43|2025-02-14T03:30:53,2025-02-14T03:30:53,total_low_Ah,,,,[],[]
CK3,2|2025-02-14T03:33:33|2025-02-14T03:54:43,2025-02-14T03:54:43,total_low_Ah,,,,[],[]
CK3,2|2025-02-14T03:57:53|2025-02-14T04:04:43,2025-02-14T04:04:43,total_low_Ah,,,,[],[]
CK3,2|2025-02-14T04:08:33|2025-02-14T04:14:43,2025-02-14T04:14:43,total_low_Ah,,,,[],[]
CK3,2|2025-02-14T04:22:53|2025-02-14T04:57:33,2025-02-14T04:57:33,total_low_Ah,,,,[],[]
CK3,2|2025-02-14T20:31:23|2025-02-14T22:51:53,2025-02-14T22:51:53,cc_too_short,,,,[],[]
CK3,2|2025-02-14T22:52:13|2025-02-14T23:03:03,2025-02-14T23:03:03,total_low_Ah,,,,[],[]
CK3,2|2025-02-14T23:03:23|2025-02-15T01:12:03,2025-02-15T01:12:03,cc_low_Ah,,,,[],[]
CK3,2|2025-02-15T05:00:43|2025-02-15T06:44:03,2025-02-15T06:44:03,total_low_Ah,,,,[],[]
CK3,2|2025-02-15T10:02:43|2025-02-15T11:24:33,2025-02-15T11:24:33,total_low_Ah,,,,[],[]
CK3,2|2025-02-15T13:05:13|2025-02-15T13:27:43,2025-02-15T13:27:43,total_low_Ah,,,,[],[]
CK3,2|2025-02-15T18:02:03|2025-02-15T19:28:43,2025-02-15T19:28:43,total_low_Ah,,,,[],[]
CK3,2|2025-02-15T19:37:23|2025-02-15T19:41:13,2025-02-15T19:41:13,total_low_Ah,,,,[],[]
CK3,2|2025-02-15T19:47:13|2025-02-15T19:54:23,2025-02-15T19:54:23,total_low_Ah,,,,[],[]
CK3,2|2025-02-15T20:04:13|2025-02-15T20:44:43,2025-02-15T20:44:43,total_low_Ah,,,,[],[]
CK3,2|2025-02-15T20:52:33|2025-02-15T20:57:53,2025-02-15T20:57:53,total_low_Ah,,,,[],[]
CK3,2|2025-02-16T00:08:13|2025-02-16T03:12:43,2025-02-16T03:12:43,cc_too_short,,,,[],[]
CK3,2|2025-02-16T18:30:33|2025-02-16T20:18:23,2025-02-16T20:18:23,cc_low_Ah,,,,[],[]
CK3,2|2025-02-16T20:42:33|2025-02-16T22:26:33,2025-02-16T22:26:33,cc_too_short,,,,[],[]
CK3,2|2025-02-16T22:57:24|2025-02-17T00:02:50,2025-02-17T00:02:50,pass,shallow,26.3,20.4,[],"[1, 2, 3, 4]"
CK3,2|2025-02-17T16:31:50|2025-02-17T18:39:20,2025-02-17T18:39:20,cc_low_Ah,,,,[],[]
CK3,2|2025-02-17T20:03:50|2025-02-17T20:09:20,2025-02-17T20:09:20,total_low_Ah,,,,[],[]
CK3,2|2025-02-17T20:17:30|2025-02-17T20:22:30,2025-02-17T20:22:30,total_low_Ah,,,,[],[]
CK3,2|2025-02-17T20:32:50|2025-02-17T20:38:00,2025-02-17T20:38:00,total_low_Ah,,,,[],[]
CK3,2|2025-02-17T20:52:40|2025-02-17T21:01:10,2025-02-17T21:01:10,total_low_Ah,,,,[],[]
CK3,2|2025-02-17T21:02:40|2025-02-17T22:08:30,2025-02-17T22:08:30,total_low_Ah,,,,[],[]
CK3,2|2025-02-17T22:45:10|2025-02-18T00:31:20,2025-02-18T00:31:20,unstable_cc_start,,,,[],[]
CK3,2|2025-02-18T20:16:40|2025-02-18T20:20:30,2025-02-18T20:20:30,total_low_Ah,,,,[],[]
CK3,2|2025-02-18T20:32:50|2025-02-18T23:15:40,2025-02-18T23:15:40,unstable_cc_start,,,,[],[]
CK3,2|2025-02-18T23:26:50|2025-02-18T23:36:00,2025-02-18T23:36:00,total_low_Ah,,,,[],[]
CK3,2|2025-02-18T23:38:40|2025-02-18T23:59:50,2025-02-18T23:59:50,total_low_Ah,,,,[],[]
CK3,2|2025-02-19T00:03:00|2025-02-19T00:09:50,2025-02-19T00:09:50,total_low_Ah,,,,[],[]
CK3,2|2025-02-19T00:13:40|2025-02-19T00:19:50,2025-02-19T00:19:50,total_low_Ah,,,,[],[]
CK3,2|2025-02-19T00:28:00|2025-02-19T01:02:40,2025-02-19T01:02:40,total_low_Ah,,,,[],[]
CK3,4|2025-03-14T18:15:51|2025-03-14T23:01:27,2025-03-14T23:01:27,pass,deep,26.81,20.4,"[1, 2, 3, 4]",[]
CK3,4|2025-03-15T15:30:28|2025-03-15T17:37:58,2025-03-15T17:37:58,cc_low_Ah,,,,[],[]
CK3,4|2025-03-15T19:02:28|2025-03-15T19:07:58,2025-03-15T19:07:58,total_low_Ah,,,,[],[]
CK3,4|2025-03-15T19:16:08|2025-03-15T19:21:08,2025-03-15T19:21:08,total_low_Ah,,,,[],[]
CK3,4|2025-03-15T19:31:28|2025-03-15T19:36:38,2025-03-15T19:36:38,total_low_Ah,,,,[],[]
CK3,4|2025-03-15T19:51:18|2025-03-15T19:59:48,2025-03-15T19:59:48,total_low_Ah,,,,[],[]
CK3,4|2025-03-15T20:01:18|2025-03-15T21:07:08,2025-03-15T21:07:08,total_low_Ah,,,,[],[]
CK3,4|2025-03-15T21:43:48|2025-03-15T23:29:58,2025-03-15T23:29:58,unstable_cc_start,,,,[],[]
CK3,4|2025-03-16T19:15:18|2025-03-16T19:19:08,2025-03-16T19:19:08,total_low_Ah,,,,[],[]
CK3,4|2025-03-16T19:31:28|2025-03-16T22:14:18,2025-03-16T22:14:18,unstable_cc_start,,,,[],[]
CK3,4|2025-03-16T22:25:28|2025-03-16T22:34:38,2025-03-16T22:34:38,total_low_Ah,,,,[],[]
CK3,4|2025-03-16T22:37:18|2025-03-16T22:58:28,2025-03-16T22:58:28,total_low_Ah,,,,[],[]
CK3,4|2025-03-16T23:01:38|2025-03-16T23:08:28,2025-03-16T23:08:28,total_low_Ah,,,,[],[]
CK3,4|2025-03-16T23:12:18|2025-03-16T23:18:28,2025-03-16T23:18:28,total_low_Ah,,,,[],[]
CK3,4|2025-03-16T23:26:38|2025-03-17T00:01:18,2025-03-17T00:01:18,total_low_Ah,,,,[],[]
CK3,4|2025-03-17T15:35:08|2025-03-17T17:55:38,2025-03-17T17:55:38,cc_too_short,,,,[],[]
CK3,4|2025-03-17T17:55:58|2025-03-17T18:06:48,2025-03-17T18:06:48,total_low_Ah,,,,[],[]
CK3,4|2025-03-17T18:07:08|2025-03-17T20:15:48,2025-03-17T20:15:48,cc_low_Ah,,,,[],[]
CK3,4|2025-03-18T00:04:28|2025-03-18T01:47:48,2025-03-18T01:47:48,total_low_Ah,,,,[],[]
CK3,4|2025-03-18T05:06:28|2025-03-18T06:28:18,2025-03-18T06:28:18,total_low_Ah,,,,[],[]
CK3,4|2025-03-18T08:08:58|2025-03-18T08:31:28,2025-03-18T08:31:28,total_low_Ah,,,,[],[]
CK3,4|2025-03-18T13:05:48|2025-03-18T14:32:28,2025-03-18T14:32:28,total_low_Ah,,,,[],[]
CK3,4|2025-03-18T14:41:08|2025-03-18T14:44:58,2025-03-18T14:44:58,total_low_Ah,,,,[],[]
CK3,4|2025-03-18T14:50:58|2025-03-18T14:58:08,2025-03-18T14:58:08,total_low_Ah,,,,[],[]
CK3,4|2025-03-18T15:07:58|2025-03-18T15:48:28,2025-03-18T15:48:28,total_low_Ah,,,,[],[]
CK3,4|2025-03-18T15:56:18|2025-03-18T16:01:38,2025-03-18T16:01:38,total_low_Ah,,,,[],[]
CK3,4|2025-03-18T19:11:58|2025-03-18T22:16:28,2025-03-18T22:16:28,cc_too_short,,,,[],[]
CK3,4|2025-03-19T13:34:18|2025-03-19T15:22:08,2025-03-19T15:22:08,cc_low_Ah,,,,[],[]
CK3,4|2025-03-19T15:46:18|2025-03-19T17:30:18,2025-03-19T17:30:18,cc_too_short,,,,[],[]
CK3,4|2025-03-19T18:01:08|2025-03-19T19:06:27,2025-03-19T19:06:27,pass,shallow,26.28,20.4,"[1, 2, 3, 4]",[]
CK3,4|2025-03-20T11:35:28|2025-03-20T13:42:58,2025-03-20T13:42:58,cc_low_Ah,,,,[],[]
CK3,4|2025-03-20T15:07:28|2025-03-20T15:12:58,2025-03-20T15:12:58,total_low_Ah,,,,[],[]
CK3,4|2025-03-20T15:21:08|2025-03-20T15:26:08,2025-03-20T15:26:08,total_low_Ah,,,,[],[]
CK3,4|2025-03-20T15:36:28|2025-03-20T15:41:38,2025-03-20T15:41:38,total_low_Ah,,,,[],[]
CK3,4|2025-03-20T15:56:18|2025-03-20T16:04:48,2025-03-20T16:04:48,total_low_Ah,,,,[],[]
CK3,4|2025-03-20T16:06:18|2025-03-20T17:12:08,2025-03-20T17:12:08,total_low_Ah,,,,[],[]
CK3,4|2025-03-20T17:48:48|2025-03-20T19:34:58,2025-03-20T19:34:58,unstable_cc_start,,,,[],[]
CK3,4|2025-03-21T15:20:25|2025-03-21T15:24:15,2025-03-21T15:24:15,total_low_Ah,,,,[],[]
CK3,4|2025-03-21T15:36:35|2025-03-21T18:19:25,2025-03-21T18:19:25,unstable_cc_start,,,,[],[]
CK3,4|2025-03-21T18:30:35|2025-03-21T18:39:45,2025-03-21T18:39:45,total_low_Ah,,,,[],[]
CK3,4|2025-03-21T18:42:25|2025-03-21T19:03:35,2025-03-21T19:03:35,total_low_Ah,,,,[],[]
CK3,4|2025-03-21T19:06:45|2025-03-21T19:13:35,2025-03-21T19:13:35,total_low_Ah,,,,[],[]
CK3,4|2025-03-21T19:17:25|2025-03-21T19:23:35,2025-03-21T19:23:35,total_low_Ah,,,,[],[]
CK3,4|2025-03-21T19:31:45|2025-03-21T20:06:25,2025-03-21T20:06:25,total_low_Ah,,,,[],[]
CK3,4|2025-03-22T11:40:15|2025-03-22T14:00:45,2025-03-22T14:00:45,cc_too_short,,,,[],[]
CK3,4|2025-03-22T14:01:05|2025-03-22T14:11:55,2025-03-22T14:11:55,total_low_Ah,,,,[],[]
CK3,4|2025-03-22T14:12:15|2025-03-22T16:20:55,2025-03-22T16:20:55,cc_low_Ah,,,,[],[]
CK3,5|2025-03-23T17:23:15|2025-03-23T19:06:35,2025-03-23T19:06:35,total_low_Ah,,,,[],[]
CK3,5|2025-03-23T22:25:15|2025-03-23T23:47:05,2025-03-23T23:47:05,total_low_Ah,,,,[],[]
CK3,5|2025-03-24T01:27:45|2025-03-24T01:50:15,2025-03-24T01:50:15,total_low_Ah,,,,[],[]
CK3,5|2025-03-24T06:24:35|2025-03-24T07:51:15,2025-03-24T07:51:15,total_low_Ah,,,,[],[]
CK3,5|2025-03-24T07:59:55|2025-03-24T08:03:45,2025-03-24T08:03:45,total_low_Ah,,,,[],[]
CK3,5|2025-03-24T08:09:45|2025-03-24T08:16:55,2025-03-24T08:16:55,total_low_Ah,,,,[],[]
CK3,5|2025-03-24T08:26:45|2025-03-24T09:07:15,2025-03-24T09:07:15,total_low_Ah,,,,[],[]
CK3,5|2025-03-24T09:15:05|2025-03-24T09:20:25,2025-03-24T09:20:25,total_low_Ah,,,,[],[]
CK3,5|2025-03-24T12:30:45|2025-03-24T15:35:15,2025-03-24T15:35:15,cc_too_short,,,,[],[]
CK3,5|2025-03-25T06:53:05|2025-03-25T08:40:55,2025-03-25T08:40:55,cc_low_Ah,,,,[],[]
CK3,5|2025-03-25T09:05:05|2025-03-25T10:49:05,2025-03-25T10:49:05,cc_too_short,,,,[],[]
CK3,5|2025-03-25T11:19:59|2025-03-25T12:25:08,2025-03-25T12:25:08,pass,shallow,46.375,20.4,"[1, 2, 3, 4]",[]
CK3,5|2025-03-26T04:54:08|2025-03-26T07:01:38,2025-03-26T07:01:38,cc_low_Ah,,,,[],[]
CK3,5|2025-03-26T08:26:08|2025-03-26T08:31:38,2025-03-26T08:31:38,total_low_Ah,,,,[],[]
CK3,5|2025-03-26T08:39:48|2025-03-26T08:44:48,2025-03-26T08:44:48,total_low_Ah,,,,[],[]
CK3,5|2025-03-26T08:55:08|2025-03-26T09:00:18,2025-03-26T09:00:18,total_low_Ah,,,,[],[]
CK3,5|2025-03-26T09:14:58|2025-03-26T09:23:28,2025-03-26T09:23:28,total_low_Ah,,,,[],[]
CK3,5|2025-03-26T09:24:58|2025-03-26T10:30:48,2025-03-26T10:30:48,total_low_Ah,,,,[],[]
CK3,5|2025-03-26T11:07:28|2025-03-26T12:53:38,2025-03-26T12:53:38,unstable_cc_start,,,,[],[]
CK3,5|2025-03-27T08:38:58|2025-03-27T08:42:48,2025-03-27T08:42:48,total_low_Ah,,,,[],[]
CK3,5|2025-03-27T08:55:08|2025-03-27T11:37:58,2025-03-27T11:37:58,unstable_cc_start,,,,[],[]
CK3,5|2025-03-27T11:49:08|2025-03-27T11:58:18,2025-03-27T11:58:18,total_low_Ah,,,,[],[]
CK3,5|2025-03-27T12:00:58|2025-03-27T12:22:08,2025-03-27T12:22:08,total_low_Ah,,,,[],[]
CK3,5|2025-03-27T12:25:18|2025-03-27T12:32:08,2025-03-27T12:32:08,total_low_Ah,,,,[],[]
CK3,5|2025-03-27T12:35:58|2025-03-27T12:42:08,2025-03-27T12:42:08,total_low_Ah,,,,[],[]
CK3,5|2025-03-27T12:50:18|2025-03-27T13:24:58,2025-03-27T13:24:58,total_low_Ah,,,,[],[]
CK3,5|2025-03-28T04:58:48|2025-03-28T07:19:18,2025-03-28T07:19:18,cc_too_short,,,,[],[]
CK3,5|2025-03-28T07:19:38|2025-03-28T07:30:28,2025-03-28T07:30:28,total_low_Ah,,,,[],[]
CK3,5|2025-03-28T07:30:48|2025-03-28T09:39:28,2025-03-28T09:39:28,cc_low_Ah,,,,[],[]
CK3,5|2025-03-28T13:28:08|2025-03-28T15:11:28,2025-03-28T15:11:28,total_low_Ah,,,,[],[]
CK3,5|2025-03-28T18:30:08|2025-03-28T19:51:58,2025-03-28T19:51:58,total_low_Ah,,,,[],[]
CK3,5|2025-03-28T21:32:38|2025-03-28T21:55:08,2025-03-28T21:55:08,total_low_Ah,,,,[],[]
CK3,5|2025-03-29T02:29:28|2025-03-29T03:56:08,2025-03-29T03:56:08,total_low_Ah,,,,[],[]
CK3,5|2025-03-29T04:04:48|2025-03-29T04:08:38,2025-03-29T04:08:38,total_low_Ah,,,,[],[]
CK3,5|2025-03-29T04:14:38|2025-03-29T04:21:48,2025-03-29T04:21:48,total_low_Ah,,,,[],[]
CK3,5|2025-03-29T04:31:38|2025-03-29T05:12:08,2025-03-29T05:12:08,total_low_Ah,,,,[],[]
CK3,5|2025-03-29T05:19:58|2025-03-29T05:25:18,2025-03-29T05:25:18,total_low_Ah,,,,[],[]
CK3,5|2025-03-29T08:35:38|2025-03-29T11:40:08,2025-03-29T11:40:08,cc_too_short,,,,[],[]
CK3,5|2025-03-30T02:57:58|2025-03-30T04:45:48,2025-03-30T04:45:48,cc_low_Ah,,,,[],[]
CK3,5|2025-03-30T05:09:58|2025-03-30T06:53:58,2025-03-30T06:53:58,cc_too_short,,,,[],[]
CK3,5|2025-03-30T07:24:49|2025-03-30T08:28:45,2025-03-30T08:28:45,pass,shallow,46.41,20.4,"[1, 2, 3, 4]",[]
CK3,5|2025-03-31T00:57:46|2025-03-31T03:05:16,2025-03-31T03:05:16,cc_low_Ah,,,,[],[]
CK3,5|2025-03-31T04:29:46|2025-03-31T04:35:16,2025-03-31T04:35:16,total_low_Ah,,,,[],[]
CK3,5|2025-03-31T04:43:26|2025-03-31T04:48:26,2025-03-31T04:48:26,total_low_Ah,,,,[],[]
CK3,5|2025-03-31T04:58:46|2025-03-31T05:03:56,2025-03-31T05:03:56,total_low_Ah,,,,[],[]
CK3,5|2025-03-31T05:18:36|2025-03-31T05:27:06,2025-03-31T05:27:06,total_low_Ah,,,,[],[]
CK3,5|2025-03-31T05:28:36|2025-03-31T06:34:26,2025-03-31T06:34:26,total_low_Ah,,,,[],[]
CK3,5|2025-03-31T07:11:06|2025-03-31T08:57:16,2025-03-31T08:57:16,unstable_cc_start,,,,[],[]
CK3,5|2025-04-01T04:42:36|2025-04-01T04:46:26,2025-04-01T04:46:26,total_low_Ah,,,,[],[]
CK3,5|2025-04-01T04:58:46|2025-04-01T07:41:36,2025-04-01T07:41:36,unstable_cc_start,,,,[],[]
CK3,5|2025-04-01T07:52:46|2025-04-01T08:01:56,2025-04-01T08:01:56,total_low_Ah,,,,[],[]
CK3,5|2025-04-01T08:04:36|2025-04-01T08:25:46,2025-04-01T08:25:46,total_low_Ah,,,,[],[]
CK3,5|2025-04-01T08:28:56|2025-04-01T08:35:46,2025-04-01T08:35:46,total_low_Ah,,,,[],[]
CK3,5|2025-04-01T08:39:36|2025-04-01T08:45:46,2025-04-01T08:45:46,total_low_Ah,,,,[],[]
CK3,5|2025-04-01T08:53:56|2025-04-01T09:28:36,2025-04-01T09:28:36,total_low_Ah,,,,[],[]
CK3,5|2025-04-02T01:02:26|2025-04-02T03:22:56,2025-04-02T03:22:56,cc_too_short,,,,[],[]
CK3,5|2025-04-02T03:23:16|2025-04-02T03:34:06,2025-04-02T03:34:06,total_low_Ah,,,,[],[]
CK3,5|2025-04-02T03:34:26|2025-04-02T05:43:06,2025-04-02T05:43:06,cc_low_Ah,,,,[],[]
CK3,5|2025-04-02T09:31:46|2025-04-02T11:15:06,2025-04-02T11:15:06,total_low_Ah,,,,[],[]
CK3,5|2025-04-02T14:33:46|2025-04-02T15:55:36,2025-04-02T15:55:36,total_low_Ah,,,,[],[]
CK3,5|2025-04-02T17:36:16|2025-04-02T17:58:46,2025-04-02T17:58:46,total_low_Ah,,,,[],[]
CK3,5|2025-04-02T22:33:06|2025-04-02T23:59:46,2025-04-02T23:59:46,total_low_Ah,,,,[],[]
CK3,5|2025-04-03T00:08:26|2025-04-03T00:12:16,2025-04-03T00:12:16,total_low_Ah,,,,[],[]
CK3,5|2025-04-03T00:18:16|2025-04-03T00:25:26,2025-04-03T00:25:26,total_low_Ah,,,,[],[]
CK3,5|2025-04-03T00:35:16|2025-04-03T01:15:46,2025-04-03T01:15:46,total_low_Ah,,,,[],[]
CK3,5|2025-04-03T01:23:36|2025-04-03T01:28:56,2025-04-03T01:28:56,total_low_Ah,,,,[],[]
CK3,5|2025-04-03T04:39:16|2025-04-03T07:43:46,2025-04-03T07:43:46,cc_too_short,,,,[],[]
CK3,5|2025-04-03T23:01:36|2025-04-04T00:49:26,2025-04-04T00:49:26,cc_low_Ah,,,,[],[]
CK3,5|2025-04-04T01:13:36|2025-04-04T02:57:36,2025-04-04T02:57:36,cc_too_short,,,,[],[]
CK3,5|2025-04-04T03:28:26|2025-04-04T04:32:30,2025-04-04T04:32:30,pass,shallow,46.45,20.4,"[1, 2, 3, 4]",[]
CK3,5|2025-04-04T21:01:31|2025-04-04T23:09:01,2025-04-04T23:09:01,cc_low_Ah,,,,[],[]
CK3,5|2025-04-05T00:33:31|2025-04-05T00:39:01,2025-04-05T00:39:01,total_low_Ah,,,,[],[]
CK3,5|2025-04-05T00:47:11|2025-04-05T00:52:11,2025-04-05T00:52:11,total_low_Ah,,,,[],[]
CK3,5|2025-04-05T01:02:31|2025-04-05T01:07:41,2025-04-05T01:07:41,total_low_Ah,,,,[],[]
CK3,5|2025-04-05T01:22:21|2025-04-05T01:30:51,2025-04-05T01:30:51,total_low_Ah,,,,[],[]
CK3,5|2025-04-05T01:32:21|2025-04-05T02:38:11,2025-04-05T02:38:11,total_low_Ah,,,,[],[]
CK3,5|2025-04-05T03:14:51|2025-04-05T05:01:01,2025-04-05T05:01:01,unstable_cc_start,,,,[],[]
CK3,5|2025-04-06T00:46:21|2025-04-06T00:50:11,2025-04-06T00:50:11,total_low_Ah,,,,[],[]
CK3,5|2025-04-06T01:02:31|2025-04-06T03:45:21,2025-04-06T03:45:21,unstable_cc_start,,,,[],[]
CK3,5|2025-04-06T03:56:31|2025-04-06T04:05:41,2025-04-06T04:05:41,total_low_Ah,,,,[],[]
CK3,5|2025-04-06T04:08:21|2025-04-06T04:29:31,2025-04-06T04:29:31,total_low_Ah,,,,[],[]
CK3,5|2025-04-06T04:32:41|2025-04-06T04:39:31,2025-04-06T04:39:31,total_low_Ah,,,,[],[]
CK3,5|2025-04-06T04:43:21|2025-04-06T04:49:31,2025-04-06T04:49:31,total_low_Ah,,,,[],[]
CK3,5|2025-04-06T04:57:41|2025-04-06T05:32:21,2025-04-06T05:32:21,total_low_Ah,,,,[],[]
CK3,5|2025-04-06T21:06:11|2025-04-06T23:26:41,2025-04-06T23:26:41,cc_too_short,,,,[],[]
CK3,5|2025-04-06T23:27:01|2025-04-06T23:37:51,2025-04-06T23:37:51,total_low_Ah,,,,[],[]
CK3,5|2025-04-06T23:38:11|2025-04-07T01:46:51,2025-04-07T01:46:51,cc_low_Ah,,,,[],[]
CK3,5|2025-04-07T05:35:31|2025-04-07T07:18:51,2025-04-07T07:18:51,total_low_Ah,,,,[],[]
CK3,5|2025-04-07T10:37:31|2025-04-07T11:59:21,2025-04-07T11:59:21,total_low_Ah,,,,[],[]
CK3,5|2025-04-07T13:40:10|2025-04-07T14:02:40,2025-04-07T14:02:40,total_low_Ah,,,,[],[]
CK3,5|2025-04-07T18:37:00|2025-04-07T20:03:40,2025-04-07T20:03:40,total_low_Ah,,,,[],[]
CK3,5|2025-04-07T20:12:20|2025-04-07T20:16:10,2025-04-07T20:16:10,total_low_Ah,,,,[],[]
CK3,5|2025-04-07T20:22:10|2025-04-07T20:29:20,2025-04-07T20:29:20,total_low_Ah,,,,[],[]
CK3,5|2025-04-07T20:39:10|2025-04-07T21:19:40,2025-04-07T21:19:40,total_low_Ah,,,,[],[]
CK3,5|2025-04-07T21:27:30|2025-04-07T21:32:50,2025-04-07T21:32:50,total_low_Ah,,,,[],[]
CK3,5|2025-04-08T00:43:10|2025-04-08T03:47:40,2025-04-08T03:47:40,cc_too_short,,,,[],[]
CK3,5|2025-04-08T19:05:30|2025-04-08T20:53:20,2025-04-08T20:53:20,cc_low_Ah,,,,[],[]
CK3,5|2025-04-08T21:17:30|2025-04-08T23:01:30,2025-04-08T23:01:30,cc_too_short,,,,[],[]
CK3,5|2025-04-08T23:32:21|2025-04-09T00:36:15,2025-04-09T00:36:15,pass,shallow,46.4,20.4,"[1, 2, 3, 4]",[]
CK3,5|2025-04-09T17:05:15|2025-04-09T19:12:45,2025-04-09T19:12:45,cc_low_Ah,,,,[],[]
CK3,5|2025-04-09T20:37:15|2025-04-09T20:42:45,2025-04-09T20:42:45,total_low_Ah,,,,[],[]
CK3,5|2025-04-09T20:50:55|2025-04-09T20:55:55,2025-04-09T20:55:55,total_low_Ah,,,,[],[]
CK3,5|2025-04-09T21:06:15|2025-04-09T21:11:25,2025-04-09T21:11:25,total_low_Ah,,,,[],[]
CK3,5|2025-04-09T21:26:05|2025-04-09T21:34:35,2025-04-09T21:34:35,total_low_Ah,,,,[],[]
CK3,5|2025-04-09T21:36:05|2025-04-09T22:41:55,2025-04-09T22:41:55,total_low_Ah,,,,[],[]
CK3,5|2025-04-09T23:18:35|2025-04-10T01:04:45,2025-04-10T01:04:45,unstable_cc_start,,,,[],[]
CK3,5|2025-04-10T20:50:05|2025-04-10T20:53:55,2025-04-10T20:53:55,total_low_Ah,,,,[],[]
CK3,5|2025-04-10T21:06:15|2025-04-10T23:49:05,2025-04-10T23:49:05,unstable_cc_start,,,,[],[]
CK3,5|2025-04-11T00:00:15|2025-04-11T00:09:25,2025-04-11T00:09:25,total_low_Ah,,,,[],[]
CK3,5|2025-04-11T00:12:05|2025-04-11T00:33:15,2025-04-11T00:33:15,total_low_Ah,,,,[],[]
CK3,5|2025-04-11T00:36:25|2025-04-11T00:43:15,2025-04-11T00:43:15,total_low_Ah,,,,[],[]
CK3,5|2025-04-11T00:47:05|2025-04-11T00:53:15,2025-04-11T00:53:15,total_low_Ah,,,,[],[]
CK3,5|2025-04-11T01:01:25|2025-04-11T01:36:05,2025-04-11T01:36:05,total_low_Ah,,,,[],[]
CK3,5|2025-04-11T17:09:55|2025-04-11T19:30:25,2025-04-11T19:30:25,cc_too_short,,,,[],[]
CK3,5|2025-04-11T19:30:45|2025-04-11T19:41:35,2025-04-11T19:41:35,total_low_Ah,,,,[],[]
CK3,5|2025-04-11T19:41:55|2025-04-11T21:50:35,2025-04-11T21:50:35,cc_low_Ah,,,,[],[]
CK3,5|2025-04-12T01:39:15|2025-04-12T03:22:35,2025-04-12T03:22:35,total_low_Ah,,,,[],[]
CK3,5|2025-04-12T06:41:15|2025-04-12T08:03:05,2025-04-12T08:03:05,total_low_Ah,,,,[],[]
CK3,5|2025-04-12T09:43:45|2025-04-12T10:06:15,2025-04-12T10:06:15,total_low_Ah,,,,[],[]
CK3,5|2025-04-12T14:40:35|2025-04-12T16:07:15,2025-04-12T16:07:15,total_low_Ah,,,,[],[]
CK3,5|2025-04-12T16:15:55|2025-04-12T16:19:45,2025-04-12T16:19:45,total_low_Ah,,,,[],[]
CK3,5|2025-04-12T16:25:45|2025-04-12T16:32:55,2025-04-12T16:32:55,total_low_Ah,,,,[],[]
CK3,5|2025-04-12T16:42:45|2025-04-12T17:23:15,2025-04-12T17:23:15,total_low_Ah,,,,[],[]
CK3,5|2025-04-12T17:31:05|2025-04-12T17:36:25,2025-04-12T17:36:25,total_low_Ah,,,,[],[]
CK3,5|2025-04-12T20:46:45|2025-04-12T23:51:15,2025-04-12T23:51:15,cc_too_short,,,,[],[]
CK4,1|2025-01-19T19:41:11|2025-01-20T00:36:08,2025-01-20T00:36:08,pass,deep,46.9,20.4,[],"[1, 2, 3, 4]"
CK4,1|2025-01-20T17:05:09|2025-01-20T19:12:39,2025-01-20T19:12:39,cc_low_Ah,,,,[],[]
CK4,1|2025-01-20T20:37:09|2025-01-20T20:42:39,2025-01-20T20:42:39,total_low_Ah,,,,[],[]
CK4,1|2025-01-20T20:50:49|2025-01-20T20:55:49,2025-01-20T20:55:49,total_low_Ah,,,,[],[]
CK4,1|2025-01-20T21:06:09|2025-01-20T21:11:19,2025-01-20T21:11:19,total_low_Ah,,,,[],[]
CK4,1|2025-01-20T21:25:59|2025-01-20T21:34:29,2025-01-20T21:34:29,total_low_Ah,,,,[],[]
CK4,1|2025-01-20T21:35:59|2025-01-20T22:41:49,2025-01-20T22:41:49,total_low_Ah,,,,[],[]
CK4,1|2025-01-20T23:18:29|2025-01-21T01:04:39,2025-01-21T01:04:39,unstable_cc_start,,,,[],[]
CK4,1|2025-01-21T20:49:59|2025-01-21T20:53:49,2025-01-21T20:53:49,total_low_Ah,,,,[],[]
CK4,1|2025-01-21T21:06:09|2025-01-21T23:48:59,2025-01-21T23:48:59,unstable_cc_start,,,,[],[]
CK4,1|2025-01-22T00:00:09|2025-01-22T00:09:19,2025-01-22T00:09:19,total_low_Ah,,,,[],[]
CK4,1|2025-01-22T00:11:59|2025-01-22T00:33:09,2025-01-22T00:33:09,total_low_Ah,,,,[],[]
CK4,1|2025-01-22T00:36:19|2025-01-22T00:43:09,2025-01-22T00:43:09,total_low_Ah,,,,[],[]
CK4,1|2025-01-22T00:46:59|2025-01-22T00:53:09,2025-01-22T00:53:09,total_low_Ah,,,,[],[]
CK4,1|2025-01-22T01:01:19|2025-01-22T01:35:59,2025-01-22T01:35:59,total_low_Ah,,,,[],[]
CK4,1|2025-01-22T17:09:49|2025-01-22T19:30:19,2025-01-22T19:30:19,cc_too_short,,,,[],[]
CK4,1|2025-01-22T19:30:39|2025-01-22T19:41:29,2025-01-22T19:41:29,total_low_Ah,,,,[],[]
CK4,1|2025-01-22T19:41:49|2025-01-22T21:50:29,2025-01-22T21:50:29,cc_low_Ah,,,,[],[]
CK4,1|2025-01-23T01:39:09|2025-01-23T03:22:29,2025-01-23T03:22:29,total_low_Ah,,,,[],[]
CK4,1|2025-01-23T06:41:09|2025-01-23T08:02:59,2025-01-23T08:02:59,total_low_Ah,,,,[],[]
CK4,1|2025-01-23T09:43:39|2025-01-23T10:06:09,2025-01-23T10:06:09,total_low_Ah,,,,[],[]
CK4,1|2025-01-23T14:40:29|2025-01-23T16:07:09,2025-01-23T16:07:09,total_low_Ah,,,,[],[]
CK4,1|2025-01-23T16:15:49|2025-01-23T16:19:39,2025-01-23T16:19:39,total_low_Ah,,,,[],[]
CK4,1|2025-01-23T16:25:39|2025-01-23T16:32:49,2025-01-23T16:32:49,total_low_Ah,,,,[],[]
CK4,1|2025-01-23T16:42:39|2025-01-23T17:23:09,2025-01-23T17:23:09,total_low_Ah,,,,[],[]
CK4,1|2025-01-23T17:30:59|2025-01-23T17:36:19,2025-01-23T17:36:19,total_low_Ah,,,,[],[]
CK4,1|2025-01-23T20:46:39|2025-01-23T23:51:09,2025-01-23T23:51:09,cc_too_short,,,,[],[]
CK4,1|2025-01-24T15:09:21|2025-01-24T16:57:11,2025-01-24T16:57:11,cc_low_Ah,,,,[],[]
CK4,1|2025-01-24T17:21:21|2025-01-24T19:05:21,2025-01-24T19:05:21,cc_too_short,,,,[],[]
CK4,1|2025-01-24T19:36:11|2025-01-24T20:40:13,2025-01-24T20:40:13,pass,shallow,46.4,20.4,[],"[1, 2, 3, 4]"
CK4,1|2025-01-25T13:09:13|2025-01-25T15:16:43,2025-01-25T15:16:43,cc_low_Ah,,,,[],[]
CK4,1|2025-01-25T16:41:13|2025-01-25T16:46:43,2025-01-25T16:46:43,total_low_Ah,,,,[],[]
CK4,1|2025-01-25T16:54:53|2025-01-25T16:59:53,2025-01-25T16:59:53,total_low_Ah,,,,[],[]
CK4,1|2025-01-25T17:10:13|2025-01-25T17:15:23,2025-01-25T17:15:23,total_low_Ah,,,,[],[]
CK4,1|2025-01-25T17:30:03|2025-01-25T17:38:33,2025-01-25T17:38:33,total_low_Ah,,,,[],[]
CK4,1|2025-01-25T17:40:03|2025-01-25T18:45:53,2025-01-25T18:45:53,total_low_Ah,,,,[],[]
CK4,1|2025-01-25T19:22:33|2025-01-25T21:08:43,2025-01-25T21:08:43,unstable_cc_start,,,,[],[]
CK4,1|2025-01-26T16:54:03|2025-01-26T16:57:53,2025-01-26T16:57:53,total_low_Ah,,,,[],[]
CK4,1|2025-01-26T17:10:13|2025-01-26T19:53:03,2025-01-26T19:53:03,unstable_cc_start,,,,[],[]
CK4,1|2025-01-26T20:04:13|2025-01-26T20:13:23,2025-01-26T20:13:23,total_low_Ah,,,,[],[]
CK4,1|2025-01-26T20:16:03|2025-01-26T20:37:13,2025-01-26T20:37:13,total_low_Ah,,,,[],[]
CK4,1|2025-01-26T20:40:23|2025-01-26T20:47:13,2025-01-26T20:47:13,total_low_Ah,,,,[],[]
CK4,1|2025-01-26T20:51:03|2025-01-26T20:57:13,2025-01-26T20:57:13,total_low_Ah,,,,[],[]
CK4,1|2025-01-26T21:05:23|2025-01-26T21:40:03,2025-01-26T21:40:03,total_low_Ah,,,,[],[]
CK4,1|2025-01-27T13:13:53|2025-01-27T15:34:23,2025-01-27T15:34:23,cc_too_short,,,,[],[]
CK4,1|2025-01-27T15:34:43|2025-01-27T15:45:33,2025-01-27T15:45:33,total_low_Ah,,,,[],[]
CK4,1|2025-01-27T15:45:53|2025-01-27T17:54:33,2025-01-27T17:54:33,cc_low_Ah,,,,[],[]
CK4,1|2025-01-27T21:43:13|2025-01-27T23:26:33,2025-01-27T23:26:33,total_low_Ah,,,,[],[]
CK4,1|2025-01-28T02:45:13|2025-01-28T04:07:03,2025-01-28T04:07:03,total_low_Ah,,,,[],[]
CK4,1|2025-01-28T05:47:43|2025-01-28T06:10:13,2025-01-28T06:10:13,total_low_Ah,,,,[],[]
CK4,1|2025-01-28T10:44:33|2025-01-28T12:11:13,2025-01-28T12:11:13,total_low_Ah,,,,[],[]
CK4,1|2025-01-28T12:19:53|2025-01-28T12:23:43,2025-01-28T12:23:43,total_low_Ah,,,,[],[]
CK4,1|2025-01-28T12:29:43|2025-01-28T12:36:53,2025-01-28T12:36:53,total_low_Ah,,,,[],[]
CK4,1|2025-01-28T12:46:43|2025-01-28T13:27:13,2025-01-28T13:27:13,total_low_Ah,,,,[],[]
CK4,1|2025-01-28T13:35:03|2025-01-28T13:40:23,2025-01-28T13:40:23,total_low_Ah,,,,[],[]
CK4,1|2025-01-28T16:50:43|2025-01-28T19:55:13,2025-01-28T19:55:13,cc_too_short,,,,[],[]
CK4,1|2025-01-29T11:13:03|2025-01-29T13:00:53,2025-01-29T13:00:53,cc_low_Ah,,,,[],[]
CK4,1|2025-01-29T13:25:03|2025-01-29T15:09:03,2025-01-29T15:09:03,cc_too_short,,,,[],[]
CK4,1|2025-01-29T15:39:53|2025-01-29T16:44:02,2025-01-29T16:44:02,pass,shallow,46.5,20.4,"[1, 2, 3, 4]",[]
CK4,1|2025-01-30T09:13:03|2025-01-30T11:20:33,2025-01-30T11:20:33,cc_low_Ah,,,,[],[]
CK4,1|2025-01-30T12:45:03|2025-01-30T12:50:33,2025-01-30T12:50:33,total_low_Ah,,,,[],[]
CK4,1|2025-01-30T12:58:43|2025-01-30T13:03:43,2025-01-30T13:03:43,total_low_Ah,,,,[],[]
CK4,1|2025-01-30T13:14:03|2025-01-30T13:19:13,2025-01-30T13:19:13,total_low_Ah,,,,[],[]
CK4,1|2025-01-30T13:33:53|2025-01-30T13:42:23,2025-01-30T13:42:23,total_low_Ah,,,,[],[]
CK4,1|2025-01-30T13:43:53|2025-01-30T14:49:43,2025-01-30T14:49:43,total_low_Ah,,,,[],[]
CK4,1|2025-01-30T15:26:23|2025-01-30T17:12:33,2025-01-30T17:12:33,unstable_cc_start,,,,[],[]
CK4,1|2025-01-31T12:57:53|2025-01-31T13:01:43,2025-01-31T13:01:43,total_low_Ah,,,,[],[]
CK4,1|2025-01-31T13:14:03|2025-01-31T15:56:53,2025-01-31T15:56:53,unstable_cc_start,,,,[],[]
CK4,1|2025-01-31T16:08:03|2025-01-31T16:17:13,2025-01-31T16:17:13,total_low_Ah,,,,[],[]
CK4,1|2025-01-31T16:19:53|2025-01-31T16:41:03,2025-01-31T16:41:03,total_low_Ah,,,,[],[]
CK4,1|2025-01-31T16:44:13|2025-01-31T16:51:03,2025-01-31T16:51:03,total_low_Ah,,,,[],[]
CK4,1|2025-01-31T16:54:53|2025-01-31T17:01:03,2025-01-31T17:01:03,total_low_Ah,,,,[],[]
CK4,1|2025-01-31T17:09:13|2025-01-31T17:43:53,2025-01-31T17:43:53,total_low_Ah,,,,[],[]
CK4,1|2025-02-01T09:17:43|2025-02-01T11:38:13,2025-02-01T11:38:13,cc_too_short,,,,[],[]
CK4,1|2025-02-01T11:38:33|2025-02-01T11:49:23,2025-02-01T11:49:23,total_low_Ah,,,,[],[]
CK4,1|2025-02-01T11:49:43|2025-02-01T13:58:23,2025-02-01T13:58:23,cc_low_Ah,,,,[],[]
CK4,1|2025-02-01T17:47:03|2025-02-01T19:30:23,2025-02-01T19:30:23,total_low_Ah,,,,[],[]
CK4,1|2025-02-01T22:49:10|2025-02-02T00:11:00,2025-02-02T00:11:00,total_low_Ah,,,,[],[]
CK4,1|2025-02-02T01:51:40|2025-02-02T02:14:10,2025-02-02T02:14:10,total_low_Ah,,,,[],[]
CK4,1|2025-02-02T06:48:30|2025-02-02T08:15:10,2025-02-02T08:15:10,total_low_Ah,,,,[],[]
CK4,1|2025-02-02T08:23:50|2025-02-02T08:27:40,2025-02-02T08:27:40,total_low_Ah,,,,[],[]
CK4,1|2025-02-02T08:33:40|2025-02-02T08:40:50,2025-02-02T08:40:50,total_low_Ah,,,,[],[]
CK4,1|2025-02-02T08:50:40|2025-02-02T09:31:10,2025-02-02T09:31:10,total_low_Ah,,,,[],[]
CK4,1|2025-02-02T09:39:00|2025-02-02T09:44:20,2025-02-02T09:44:20,total_low_Ah,,,,[],[]
CK4,1|2025-02-02T12:54:40|2025-02-02T15:59:10,2025-02-02T15:59:10,cc_too_short,,,,[],[]
CK4,1|2025-02-03T07:17:00|2025-02-03T09:04:50,2025-02-03T09:04:50,cc_low_Ah,,,,[],[]
CK4,1|2025-02-03T09:29:00|2025-02-03T11:13:00,2025-02-03T11:13:00,cc_too_short,,,,[],[]
CK4,1|2025-02-03T11:43:51|2025-02-03T12:48:02,2025-02-03T12:48:02,pass,shallow,46.46,20.4,"[1, 2, 3, 4]",[]
CK4,1|2025-02-04T05:17:02|2025-02-04T07:24:32,2025-02-04T07:24:32,cc_low_Ah,,,,[],[]
CK4,1|2025-02-04T08:49:02|2025-02-04T08:54:32,2025-02-04T08:54:32,total_low_Ah,,,,[],[]
CK4,1|2025-02-04T09:02:42|2025-02-04T09:07:42,2025-02-04T09:07:42,total_low_Ah,,,,[],[]
CK4,1|2025-02-04T09:18:02|2025-02-04T09:23:12,2025-02-04T09:23:12,total_low_Ah,,,,[],[]
CK4,1|2025-02-04T09:37:52|2025-02-04T09:46:22,2025-02-04T09:46:22,total_low_Ah,,,,[],[]
CK4,1|2025-02-04T09:47:52|2025-02-04T10:53:42,2025-02-04T10:53:42,total_low_Ah,,,,[],[]
CK4,1|2025-02-04T11:30:22|2025-02-04T13:16:32,2025-02-04T13:16:32,unstable_cc_start,,,,[],[]
CK4,1|2025-02-05T09:01:52|2025-02-05T09:05:42,2025-02-05T09:05:42,total_low_Ah,,,,[],[]
CK4,1|2025-02-05T09:18:02|2025-02-05T12:00:52,2025-02-05T12:00:52,unstable_cc_start,,,,[],[]
CK4,1|2025-02-05T12:12:02|2025-02-05T12:21:12,2025-02-05T12:21:12,total_low_Ah,,,,[],[]
CK4,1|2025-02-05T12:23:52|2025-02-05T12:45:02,2025-02-05T12:45:02,total_low_Ah,,,,[],[]
CK4,1|2025-02-05T12:48:12|2025-02-05T12:55:02,2025-02-05T12:55:02,total_low_Ah,,,,[],[]
CK4,1|2025-02-05T12:58:52|2025-02-05T13:05:02,2025-02-05T13:05:02,total_low_Ah,,,,[],[]
CK4,1|2025-02-05T13:13:12|2025-02-05T13:47:52,2025-02-05T13:47:52,total_low_Ah,,,,[],[]
CK4,1|2025-02-06T05:21:42|2025-02-06T07:42:12,2025-02-06T07:42:12,cc_too_short,,,,[],[]
CK4,1|2025-02-06T07:42:32|2025-02-06T07:53:22,2025-02-06T07:53:22,total_low_Ah,,,,[],[]
CK4,1|2025-02-06T07:53:42|2025-02-06T10:02:22,2025-02-06T10:02:22,cc_low_Ah,,,,[],[]
CK4,1|2025-02-06T13:51:02|2025-02-06T15:34:22,2025-02-06T15:34:22,total_low_Ah,,,,[],[]
CK4,1|2025-02-06T18:53:02|2025-02-06T20:14:52,2025-02-06T20:14:52,total_low_Ah,,,,[],[]
CK4,1|2025-02-06T21:55:32|2025-02-06T22:18:02,2025-02-06T22:18:02,total_low_Ah,,,,[],[]
CK4,1|2025-02-07T02:52:22|2025-02-07T04:19:02,2025-02-07T04:19:02,total_low_Ah,,,,[],[]
CK4,1|2025-02-07T04:27:42|2025-02-07T04:31:32,2025-02-07T04:31:32,total_low_Ah,,,,[],[]
CK4,1|2025-02-07T04:37:32|2025-02-07T04:44:42,2025-02-07T04:44:42,total_low_Ah,,,,[],[]
CK4,1|2025-02-07T04:54:32|2025-02-07T05:35:02,2025-02-07T05:35:02,total_low_Ah,,,,[],[]
CK4,1|2025-02-07T05:42:52|2025-02-07T05:48:12,2025-02-07T05:48:12,total_low_Ah,,,,[],[]
CK4,1|2025-02-07T08:58:32|2025-02-07T12:03:02,2025-02-07T12:03:02,cc_too_short,,,,[],[]
CK4,1|2025-02-08T03:20:52|2025-02-08T05:08:42,2025-02-08T05:08:42,cc_low_Ah,,,,[],[]
CK4,1|2025-02-08T05:32:52|2025-02-08T07:16:52,2025-02-08T07:16:52,cc_too_short,,,,[],[]
CK4,1|2025-02-08T07:47:43|2025-02-08T08:52:14,2025-02-08T08:52:14,pass,shallow,46.5,20.4,"[1, 2, 3, 4]",[]
CK4,2|2025-02-11T23:08:25|2025-02-12T03:57:43,2025-02-12T03:57:43,pass,deep,26.91,20.4,[],"[1, 2, 3, 4]"
CK4,2|2025-02-12T20:26:43|2025-02-12T22:34:13,2025-02-12T22:34:13,cc_low_Ah,,,,[],[]
CK4,2|2025-02-12T23:58:43|2025-02-13T00:04:13,2025-02-13T00:04:13,total_low_Ah,,,,[],[]
CK4,2|2025-02-13T00:12:23|2025-02-13T00:17:23,2025-02-13T00:17:23,total_low_Ah,,,,[],[]
CK4,2|2025-02-13T00:27:43|2025-02-13T00:32:53,2025-02-13T00:32:53,total_low_Ah,,,,[],[]
CK4,2|2025-02-13T00:47:33|2025-02-13T00:56:03,2025-02-13T00:56:03,total_low_Ah,,,,[],[]
CK4,2|2025-02-13T00:57:33|2025-02-13T02:03:23,2025-02-13T02:03:23,total_low_Ah,,,,[],[]
CK4,2|2025-02-13T02:40:03|2025-02-13T04:26:13,2025-02-13T04:26:13,unstable_cc_start,,,,[],[]
CK4,2|2025-02-14T00:11:33|2025-02-14T00:15:23,2025-02-14T00:15:23,total_low_Ah,,,,[],[]
CK4,2|2025-02-14T00:27:43|2025-02-14T03:10:33,2025-02-14T03:10:33,unstable_cc_start,,,,[],[]
CK4,2|2025-02-14T03:21:43|2025-02-14T03:30:53,2025-02-14T03:30:53,total_low_Ah,,,,[],[]
CK4,2|2025-02-14T03:33:33|2025-02-14T03:54:43,2025-02-14T03:54:43,total_low_Ah,,,,[],[]
CK4,2|2025-02-14T03:57:53|2025-02-14T04:04:43,2025-02-14T04:04:43,total_low_Ah,,,,[],[]
CK4,2|2025-02-14T04:08:33|2025-02-14T04:14:43,2025-02-14T04:14:43,total_low_Ah,,,,[],[]
CK4,2|2025-02-14T04:22:53|2025-02-14T04:57:33,2025-02-14T04:57:33,total_low_Ah,,,,[],[]
CK4,2|2025-02-14T20:31:23|2025-02-14T22:51:53,2025-02-14T22:51:53,cc_too_short,,,,[],[]
CK4,2|2025-02-14T22:52:13|2025-02-14T23:03:03,2025-02-14T23:03:03,total_low_Ah,,,,[],[]
CK4,2|2025-02-14T23:03:23|2025-02-15T01:12:03,2025-02-15T01:12:03,cc_low_Ah,,,,[],[]
CK4,2|2025-02-15T05:00:43|2025-02-15T06:44:03,2025-02-15T06:44:03,total_low_Ah,,,,[],[]
CK4,2|2025-02-15T10:02:43|2025-02-15T11:24:33,2025-02-15T11:24:33,total_low_Ah,,,,[],[]
CK4,2|2025-02-15T13:05:13|2025-02-15T13:27:43,2025-02-15T13:27:43,total_low_Ah,,,,[],[]
CK4,2|2025-02-15T18:02:03|2025-02-15T19:28:43,2025-02-15T19:28:43,total_low_Ah,,,,[],[]
CK4,2|2025-02-15T19:37:23|2025-02-15T19:41:13,2025-02-15T19:41:13,total_low_Ah,,,,[],[]
CK4,2|2025-02-15T19:47:13|2025-02-15T19:54:23,2025-02-15T19:54:23,total_low_Ah,,,,[],[]
CK4,2|2025-02-15T20:04:13|2025-02-15T20:44:43,2025-02-15T20:44:43,total_low_Ah,,,,[],[]
CK4,2|2025-02-15T20:52:33|2025-02-15T20:57:53,2025-02-15T20:57:53,total_low_Ah,,,,[],[]
CK4,2|2025-02-16T00:08:13|2025-02-16T03:12:43,2025-02-16T03:12:43,cc_too_short,,,,[],[]
CK4,2|2025-02-16T18:30:33|2025-02-16T20:18:23,2025-02-16T20:18:23,cc_low_Ah,,,,[],[]
CK4,2|2025-02-16T20:42:33|2025-02-16T22:26:33,2025-02-16T22:26:33,cc_too_short,,,,[],[]
CK4,2|2025-02-16T22:57:24|2025-02-17T00:02:50,2025-02-17T00:02:50,pass,shallow,26.3,20.4,[],"[1, 2, 3, 4]"
CK4,2|2025-02-17T16:31:50|2025-02-17T18:39:20,2025-02-17T18:39:20,cc_low_Ah,,,,[],[]
CK4,2|2025-02-17T20:03:50|2025-02-17T20:09:20,2025-02-17T20:09:20,total_low_Ah,,,,[],[]
CK4,2|2025-02-17T20:17:30|2025-02-17T20:22:30,2025-02-17T20:22:30,total_low_Ah,,,,[],[]
CK4,2|2025-02-17T20:32:50|2025-02-17T20:38:00,2025-02-17T20:38:00,total_low_Ah,,,,[],[]
CK4,2|2025-02-17T20:52:40|2025-02-17T21:01:10,2025-02-17T21:01:10,total_low_Ah,,,,[],[]
CK4,2|2025-02-17T21:02:40|2025-02-17T22:08:30,2025-02-17T22:08:30,total_low_Ah,,,,[],[]
CK4,2|2025-02-17T22:45:10|2025-02-18T00:31:20,2025-02-18T00:31:20,unstable_cc_start,,,,[],[]
CK4,2|2025-02-18T20:16:40|2025-02-18T20:20:30,2025-02-18T20:20:30,total_low_Ah,,,,[],[]
CK4,2|2025-02-18T20:32:50|2025-02-18T23:15:40,2025-02-18T23:15:40,unstable_cc_start,,,,[],[]
CK4,2|2025-02-18T23:26:50|2025-02-18T23:36:00,2025-02-18T23:36:00,total_low_Ah,,,,[],[]
CK4,2|2025-02-18T23:38:40|2025-02-18T23:59:50,2025-02-18T23:59:50,total_low_Ah,,,,[],[]
CK4,2|2025-02-19T00:03:00|2025-02-19T00:09:50,2025-02-19T00:09:50,total_low_Ah,,,,[],[]
CK4,2|2025-02-19T00:13:40|2025-02-19T00:19:50,2025-02-19T00:19:50,total_low_Ah,,,,[],[]
CK4,2|2025-02-19T00:28:00|2025-02-19T01:02:40,2025-02-19T01:02:40,total_low_Ah,,,,[],[]
CK4,4|2025-03-14T18:15:51|2025-03-14T23:01:27,2025-03-14T23:01:27,pass,deep,26.81,20.4,"[1, 2, 3, 4]",[]
CK4,4|2025-03-15T15:30:28|2025-03-15T17:37:58,2025-03-15T17:37:58,cc_low_Ah,,,,[],[]
CK4,4|2025-03-15T19:02:28|2025-03-15T19:07:58,2025-03-15T19:07:58,total_low_Ah,,,,[],[]
CK4,4|2025-03-15T19:16:08|2025-03-15T19:21:08,2025-03-15T19:21:08,total_low_Ah,,,,[],[]
CK4,4|2025-03-15T19:31:28|2025-03-15T19:36:38,2025-03-15T19:36:38,total_low_Ah,,,,[],[]
CK4,4|2025-03-15T19:51:18|2025-03-15T19:59:48,2025-03-15T19:59:48,total_low_Ah,,,,[],[]
CK4,4|2025-03-15T20:01:18|2025-03-15T21:07:08,2025-03-15T21:07:08,total_low_Ah,,,,[],[]
CK4,4|2025-03-15T21:43:48|2025-03-15T23:29:58,2025-03-15T23:29:58,unstable_cc_start,,,,[],[]
CK4,4|2025-03-16T19:15:18|2025-03-16T19:19:08,2025-03-16T19:19:08,total_low_Ah,,,,[],[]
CK4,4|2025-03-16T19:31:28|2025-03-16T22:14:18,2025-03-16T22:14:18,unstable_cc_start,,,,[],[]
CK4,4|2025-03-16T22:25:28|2025-03-16T22:34:38,2025-03-16T22:34:38,total_low_Ah,,,,[],[]
CK4,4|2025-03-16T22:37:18|2025-03-16T22:58:28,2025-03-16T22:58:28,total_low_Ah,,,,[],[]
CK4,4|2025-03-16T23:01:38|2025-03-16T23:08:28,2025-03-16T23:08:28,total_low_Ah,,,,[],[]
CK4,4|2025-03-16T23:12:18|2025-03-16T23:18:28,2025-03-16T23:18:28,total_low_Ah,,,,[],[]
CK4,4|2025-03-16T23:26:38|2025-03-17T00:01:18,2025-03-17T00:01:18,total_low_Ah,,,,[],[]
CK4,4|2025-03-17T15:35:08|2025-03-17T17:55:38,2025-03-17T17:55:38,cc_too_short,,,,[],[]
CK4,4|2025-03-17T17:55:58|2025-03-17T18:06:48,2025-03-17T18:06:48,total_low_Ah,,,,[],[]
CK4,4|2025-03-17T18:07:08|2025-03-17T20:15:48,2025-03-17T20:15:48,cc_low_Ah,,,,[],[]
CK4,4|2025-03-18T00:04:28|2025-03-18T01:47:48,2025-03-18T01:47:48,total_low_Ah,,,,[],[]
CK4,4|2025-03-18T05:06:28|2025-03-18T06:28:18,2025-03-18T06:28:18,total_low_Ah,,,,[],[]
CK4,4|2025-03-18T08:08:58|2025-03-18T08:31:28,2025-03-18T08:31:28,total_low_Ah,,,,[],[]
CK4,4|2025-03-18T13:05:48|2025-03-18T14:32:28,2025-03-18T14:32:28,total_low_Ah,,,,[],[]
CK4,4|2025-03-18T14:41:08|2025-03-18T14:44:58,2025-03-18T14:44:58,total_low_Ah,,,,[],[]
CK4,4|2025-03-18T14:50:58|2025-03-18T14:58:08,2025-03-18T14:58:08,total_low_Ah,,,,[],[]
CK4,4|2025-03-18T15:07:58|2025-03-18T15:48:28,2025-03-18T15:48:28,total_low_Ah,,,,[],[]
CK4,4|2025-03-18T15:56:18|2025-03-18T16:01:38,2025-03-18T16:01:38,total_low_Ah,,,,[],[]
CK4,4|2025-03-18T19:11:58|2025-03-18T22:16:28,2025-03-18T22:16:28,cc_too_short,,,,[],[]
CK4,4|2025-03-19T13:34:18|2025-03-19T15:22:08,2025-03-19T15:22:08,cc_low_Ah,,,,[],[]
CK4,4|2025-03-19T15:46:18|2025-03-19T17:30:18,2025-03-19T17:30:18,cc_too_short,,,,[],[]
CK4,4|2025-03-19T18:01:08|2025-03-19T19:06:27,2025-03-19T19:06:27,pass,shallow,26.28,20.4,"[1, 2, 3, 4]",[]
CK4,4|2025-03-20T11:35:28|2025-03-20T13:42:58,2025-03-20T13:42:58,cc_low_Ah,,,,[],[]
CK4,4|2025-03-20T15:07:28|2025-03-20T15:12:58,2025-03-20T15:12:58,total_low_Ah,,,,[],[]
CK4,4|2025-03-20T15:21:08|2025-03-20T15:26:08,2025-03-20T15:26:08,total_low_Ah,,,,[],[]
CK4,4|2025-03-20T15:36:28|2025-03-20T15:41:38,2025-03-20T15:41:38,total_low_Ah,,,,[],[]
CK4,4|2025-03-20T15:56:18|2025-03-20T16:04:48,2025-03-20T16:04:48,total_low_Ah,,,,[],[]
CK4,4|2025-03-20T16:06:18|2025-03-20T17:12:08,2025-03-20T17:12:08,total_low_Ah,,,,[],[]
CK4,4|2025-03-20T17:48:48|2025-03-20T19:34:58,2025-03-20T19:34:58,unstable_cc_start,,,,[],[]
CK4,4|2025-03-21T15:20:25|2025-03-21T15:24:15,2025-03-21T15:24:15,total_low_Ah,,,,[],[]
CK4,4|2025-03-21T15:36:35|2025-03-21T18:19:25,2025-03-21T18:19:25,unstable_cc_start,,,,[],[]
CK4,4|2025-03-21T18:30:35|2025-03-21T18:39:45,2025-03-21T18:39:45,total_low_Ah,,,,[],[]
CK4,4|2025-03-21T18:42:25|2025-03-21T19:03:35,2025-03-21T19:03:35,total_low_Ah,,,,[],[]
CK4,4|2025-03-21T19:06:45|2025-03-21T19:13:35,2025-03-21T19:13:35,total_low_Ah,,,,[],[]
CK4,4|2025-03-21T19:17:25|2025-03-21T19:23:35,2025-03-21T19:23:35,total_low_Ah,,,,[],[]
CK4,4|2025-03-21T19:31:45|2025-03-21T20:06:25,2025-03-21T20:06:25,total_low_Ah,,,,[],[]
CK4,4|2025-03-22T11:40:15|2025-03-22T14:00:45,2025-03-22T14:00:45,cc_too_short,,,,[],[]
CK4,4|2025-03-22T14:01:05|2025-03-22T14:11:55,2025-03-22T14:11:55,total_low_Ah,,,,[],[]
CK4,4|2025-03-22T14:12:15|2025-03-22T16:20:55,2025-03-22T16:20:55,cc_low_Ah,,,,[],[]
CK4,5|2025-03-23T17:23:15|2025-03-23T19:06:35,2025-03-23T19:06:35,total_low_Ah,,,,[],[]
CK4,5|2025-03-23T22:25:15|2025-03-23T23:47:05,2025-03-23T23:47:05,total_low_Ah,,,,[],[]
CK4,5|2025-03-24T01:27:45|2025-03-24T01:50:15,2025-03-24T01:50:15,total_low_Ah,,,,[],[]
CK4,5|2025-03-24T06:24:35|2025-03-24T07:51:15,2025-03-24T07:51:15,total_low_Ah,,,,[],[]
CK4,5|2025-03-24T07:59:55|2025-03-24T08:03:45,2025-03-24T08:03:45,total_low_Ah,,,,[],[]
CK4,5|2025-03-24T08:09:45|2025-03-24T08:16:55,2025-03-24T08:16:55,total_low_Ah,,,,[],[]
CK4,5|2025-03-24T08:26:45|2025-03-24T09:07:15,2025-03-24T09:07:15,total_low_Ah,,,,[],[]
CK4,5|2025-03-24T09:15:05|2025-03-24T09:20:25,2025-03-24T09:20:25,total_low_Ah,,,,[],[]
CK4,5|2025-03-24T12:30:45|2025-03-24T15:35:15,2025-03-24T15:35:15,cc_too_short,,,,[],[]
CK4,5|2025-03-25T06:53:05|2025-03-25T08:40:55,2025-03-25T08:40:55,cc_low_Ah,,,,[],[]
CK4,5|2025-03-25T09:05:05|2025-03-25T10:49:05,2025-03-25T10:49:05,cc_too_short,,,,[],[]
CK4,5|2025-03-25T11:19:59|2025-03-25T12:25:08,2025-03-25T12:25:08,pass,shallow,46.375,20.4,"[1, 2, 3, 4]",[]
CK4,5|2025-03-26T04:54:08|2025-03-26T07:01:38,2025-03-26T07:01:38,cc_low_Ah,,,,[],[]
CK4,5|2025-03-26T08:26:08|2025-03-26T08:31:38,2025-03-26T08:31:38,total_low_Ah,,,,[],[]
CK4,5|2025-03-26T08:39:48|2025-03-26T08:44:48,2025-03-26T08:44:48,total_low_Ah,,,,[],[]
CK4,5|2025-03-26T08:55:08|2025-03-26T09:00:18,2025-03-26T09:00:18,total_low_Ah,,,,[],[]
CK4,5|2025-03-26T09:14:58|2025-03-26T09:23:28,2025-03-26T09:23:28,total_low_Ah,,,,[],[]
CK4,5|2025-03-26T09:24:58|2025-03-26T10:30:48,2025-03-26T10:30:48,total_low_Ah,,,,[],[]
CK4,5|2025-03-26T11:07:28|2025-03-26T12:53:38,2025-03-26T12:53:38,unstable_cc_start,,,,[],[]
CK4,5|2025-03-27T08:38:58|2025-03-27T08:42:48,2025-03-27T08:42:48,total_low_Ah,,,,[],[]
CK4,5|2025-03-27T08:55:08|2025-03-27T11:37:58,2025-03-27T11:37:58,unstable_cc_start,,,,[],[]
CK4,5|2025-03-27T11:49:08|2025-03-27T11:58:18,2025-03-27T11:58:18,total_low_Ah,,,,[],[]
CK4,5|2025-03-27T12:00:58|2025-03-27T12:22:08,2025-03-27T12:22:08,total_low_Ah,,,,[],[]
CK4,5|2025-03-27T12:25:18|2025-03-27T12:32:08,2025-03-27T12:32:08,total_low_Ah,,,,[],[]
CK4,5|2025-03-27T12:35:58|2025-03-27T12:42:08,2025-03-27T12:42:08,total_low_Ah,,,,[],[]
CK4,5|2025-03-27T12:50:18|2025-03-27T13:24:58,2025-03-27T13:24:58,total_low_Ah,,,,[],[]
CK4,5|2025-03-28T04:58:48|2025-03-28T07:19:18,2025-03-28T07:19:18,cc_too_short,,,,[],[]
CK4,5|2025-03-28T07:19:38|2025-03-28T07:30:28,2025-03-28T07:30:28,total_low_Ah,,,,[],[]
CK4,5|2025-03-28T07:30:48|2025-03-28T09:39:28,2025-03-28T09:39:28,cc_low_Ah,,,,[],[]
CK4,5|2025-03-28T13:28:08|2025-03-28T15:11:28,2025-03-28T15:11:28,total_low_Ah,,,,[],[]
CK4,5|2025-03-28T18:30:08|2025-03-28T19:51:58,2025-03-28T19:51:58,total_low_Ah,,,,[],[]
CK4,5|2025-03-28T21:32:38|2025-03-28T21:55:08,2025-03-28T21:55:08,total_low_Ah,,,,[],[]
CK4,5|2025-03-29T02:29:28|2025-03-29T03:56:08,2025-03-29T03:56:08,total_low_Ah,,,,[],[]
CK4,5|2025-03-29T04:04:48|2025-03-29T04:08:38,2025-03-29T04:08:38,total_low_Ah,,,,[],[]
CK4,5|2025-03-29T04:14:38|2025-03-29T04:21:48,2025-03-29T04:21:48,total_low_Ah,,,,[],[]
CK4,5|2025-03-29T04:31:38|2025-03-29T05:12:08,2025-03-29T05:12:08,total_low_Ah,,,,[],[]
CK4,5|2025-03-29T05:19:58|2025-03-29T05:25:18,2025-03-29T05:25:18,total_low_Ah,,,,[],[]
CK4,5|2025-03-29T08:35:38|2025-03-29T11:40:08,2025-03-29T11:40:08,cc_too_short,,,,[],[]
CK4,5|2025-03-30T02:57:58|2025-03-30T04:45:48,2025-03-30T04:45:48,cc_low_Ah,,,,[],[]
CK4,5|2025-03-30T05:09:58|2025-03-30T06:53:58,2025-03-30T06:53:58,cc_too_short,,,,[],[]
CK4,5|2025-03-30T07:24:49|2025-03-30T08:28:45,2025-03-30T08:28:45,pass,shallow,46.41,20.4,"[1, 2, 3, 4]",[]
CK4,5|2025-03-31T00:57:46|2025-03-31T03:05:16,2025-03-31T03:05:16,cc_low_Ah,,,,[],[]
CK4,5|2025-03-31T04:29:46|2025-03-31T04:35:16,2025-03-31T04:35:16,total_low_Ah,,,,[],[]
CK4,5|2025-03-31T04:43:26|2025-03-31T04:48:26,2025-03-31T04:48:26,total_low_Ah,,,,[],[]
CK4,5|2025-03-31T04:58:46|2025-03-31T05:03:56,2025-03-31T05:03:56,total_low_Ah,,,,[],[]
CK4,5|2025-03-31T05:18:36|2025-03-31T05:27:06,2025-03-31T05:27:06,total_low_Ah,,,,[],[]
CK4,5|2025-03-31T05:28:36|2025-03-31T06:34:26,2025-03-31T06:34:26,total_low_Ah,,,,[],[]
CK4,5|2025-03-31T07:11:06|2025-03-31T08:57:16,2025-03-31T08:57:16,unstable_cc_start,,,,[],[]
CK4,5|2025-04-01T04:42:36|2025-04-01T04:46:26,2025-04-01T04:46:26,total_low_Ah,,,,[],[]
CK4,5|2025-04-01T04:58:46|2025-04-01T07:41:36,2025-04-01T07:41:36,unstable_cc_start,,,,[],[]
CK4,5|2025-04-01T07:52:46|2025-04-01T08:01:56,2025-04-01T08:01:56,total_low_Ah,,,,[],[]
CK4,5|2025-04-01T08:04:36|2025-04-01T08:25:46,2025-04-01T08:25:46,total_low_Ah,,,,[],[]
CK4,5|2025-04-01T08:28:56|2025-04-01T08:35:46,2025-04-01T08:35:46,total_low_Ah,,,,[],[]
CK4,5|2025-04-01T08:39:36|2025-04-01T08:45:46,2025-04-01T08:45:46,total_low_Ah,,,,[],[]
CK4,5|2025-04-01T08:53:56|2025-04-01T09:28:36,2025-04-01T09:28:36,total_low_Ah,,,,[],[]
CK4,5|2025-04-02T01:02:26|2025-04-02T03:22:56,2025-04-02T03:22:56,cc_too_short,,,,[],[]
CK4,5|2025-04-02T03:23:16|2025-04-02T03:34:06,2025-04-02T03:34:06,total_low_Ah,,,,[],[]
CK4,5|2025-04-02T03:34:26|2025-04-02T05:43:06,2025-04-02T05:43:06,cc_low_Ah,,,,[],[]
CK4,5|2025-04-02T09:31:46|2025-04-02T11:15:06,2025-04-02T11:15:06,total_low_Ah,,,,[],[]
CK4,5|2025-04-02T14:33:46|2025-04-02T15:55:36,2025-04-02T15:55:36,total_low_Ah,,,,[],[]
CK4,5|2025-04-02T17:36:16|2025-04-02T17:58:46,2025-04-02T17:58:46,total_low_Ah,,,,[],[]
CK4,5|2025-04-02T22:33:06|2025-04-02T23:59:46,2025-04-02T23:59:46,total_low_Ah,,,,[],[]
CK4,5|2025-04-03T00:08:26|2025-04-03T00:12:16,2025-04-03T00:12:16,total_low_Ah,,,,[],[]
CK4,5|2025-04-03T00:18:16|2025-04-03T00:25:26,2025-04-03T00:25:26,total_low_Ah,,,,[],[]
CK4,5|2025-04-03T00:35:16|2025-04-03T01:15:46,2025-04-03T01:15:46,total_low_Ah,,,,[],[]
CK4,5|2025-04-03T01:23:36|2025-04-03T01:28:56,2025-04-03T01:28:56,total_low_Ah,,,,[],[]
CK4,5|2025-04-03T04:39:16|2025-04-03T07:43:46,2025-04-03T07:43:46,cc_too_short,,,,[],[]
CK4,5|2025-04-03T23:01:36|2025-04-04T00:49:26,2025-04-04T00:49:26,cc_low_Ah,,,,[],[]
CK4,5|2025-04-04T01:13:36|2025-04-04T02:57:36,2025-04-04T02:57:36,cc_too_short,,,,[],[]
CK4,5|2025-04-04T03:28:26|2025-04-04T04:32:30,2025-04-04T04:32:30,pass,shallow,46.45,20.4,"[1, 2, 3, 4]",[]
CK4,5|2025-04-04T21:01:31|2025-04-04T23:09:01,2025-04-04T23:09:01,cc_low_Ah,,,,[],[]
CK4,5|2025-04-05T00:33:31|2025-04-05T00:39:01,2025-04-05T00:39:01,total_low_Ah,,,,[],[]
CK4,5|2025-04-05T00:47:11|2025-04-05T00:52:11,2025-04-05T00:52:11,total_low_Ah,,,,[],[]
CK4,5|2025-04-05T01:02:31|2025-04-05T01:07:41,2025-04-05T01:07:41,total_low_Ah,,,,[],[]
CK4,5|2025-04-05T01:22:21|2025-04-05T01:30:51,2025-04-05T01:30:51,total_low_Ah,,,,[],[]
CK4,5|2025-04-05T01:32:21|2025-04-05T02:38:11,2025-04-05T02:38:11,total_low_Ah,,,,[],[]
CK4,5|2025-04-05T03:14:51|2025-04-05T05:01:01,2025-04-05T05:01:01,unstable_cc_start,,,,[],[]
CK4,5|2025-04-06T00:46:21|2025-04-06T00:50:11,2025-04-06T00:50:11,total_low_Ah,,,,[],[]
CK4,5|2025-04-06T01:02:31|2025-04-06T03:45:21,2025-04-06T03:45:21,unstable_cc_start,,,,[],[]
CK4,5|2025-04-06T03:56:31|2025-04-06T04:05:41,2025-04-06T04:05:41,total_low_Ah,,,,[],[]
CK4,5|2025-04-06T04:08:21|2025-04-06T04:29:31,2025-04-06T04:29:31,total_low_Ah,,,,[],[]
CK4,5|2025-04-06T04:32:41|2025-04-06T04:39:31,2025-04-06T04:39:31,total_low_Ah,,,,[],[]
CK4,5|2025-04-06T04:43:21|2025-04-06T04:49:31,2025-04-06T04:49:31,total_low_Ah,,,,[],[]
CK4,5|2025-04-06T04:57:41|2025-04-06T05:32:21,2025-04-06T05:32:21,total_low_Ah,,,,[],[]
CK4,5|2025-04-06T21:06:11|2025-04-06T23:26:41,2025-04-06T23:26:41,cc_too_short,,,,[],[]
CK4,5|2025-04-06T23:27:01|2025-04-06T23:37:51,2025-04-06T23:37:51,total_low_Ah,,,,[],[]
CK4,5|2025-04-06T23:38:11|2025-04-07T01:46:51,2025-04-07T01:46:51,cc_low_Ah,,,,[],[]
CK4,5|2025-04-07T05:35:31|2025-04-07T07:18:51,2025-04-07T07:18:51,total_low_Ah,,,,[],[]
CK4,5|2025-04-07T10:37:31|2025-04-07T11:59:21,2025-04-07T11:59:21,total_low_Ah,,,,[],[]
CK4,5|2025-04-07T13:40:10|2025-04-07T14:02:40,2025-04-07T14:02:40,total_low_Ah,,,,[],[]
CK4,5|2025-04-07T18:37:00|2025-04-07T20:03:40,2025-04-07T20:03:40,total_low_Ah,,,,[],[]
CK4,5|2025-04-07T20:12:20|2025-04-07T20:16:10,2025-04-07T20:16:10,total_low_Ah,,,,[],[]
CK4,5|2025-04-07T20:22:10|2025-04-07T20:29:20,2025-04-07T20:29:20,total_low_Ah,,,,[],[]
CK4,5|2025-04-07T20:39:10|2025-04-07T21:19:40,2025-04-07T21:19:40,total_low_Ah,,,,[],[]
CK4,5|2025-04-07T21:27:30|2025-04-07T21:32:50,2025-04-07T21:32:50,total_low_Ah,,,,[],[]
CK4,5|2025-04-08T00:43:10|2025-04-08T03:47:40,2025-04-08T03:47:40,cc_too_short,,,,[],[]
CK4,5|2025-04-08T19:05:30|2025-04-08T20:53:20,2025-04-08T20:53:20,cc_low_Ah,,,,[],[]
CK4,5|2025-04-08T21:17:30|2025-04-08T23:01:30,2025-04-08T23:01:30,cc_too_short,,,,[],[]
CK4,5|2025-04-08T23:32:21|2025-04-09T00:36:15,2025-04-09T00:36:15,pass,shallow,46.4,20.4,"[1, 2, 3, 4]",[]
CK4,5|2025-04-09T17:05:15|2025-04-09T19:12:45,2025-04-09T19:12:45,cc_low_Ah,,,,[],[]
CK4,5|2025-04-09T20:37:15|2025-04-09T20:42:45,2025-04-09T20:42:45,total_low_Ah,,,,[],[]
CK4,5|2025-04-09T20:50:55|2025-04-09T20:55:55,2025-04-09T20:55:55,total_low_Ah,,,,[],[]
CK4,5|2025-04-09T21:06:15|2025-04-09T21:11:25,2025-04-09T21:11:25,total_low_Ah,,,,[],[]
CK4,5|2025-04-09T21:26:05|2025-04-09T21:34:35,2025-04-09T21:34:35,total_low_Ah,,,,[],[]
CK4,5|2025-04-09T21:36:05|2025-04-09T22:41:55,2025-04-09T22:41:55,total_low_Ah,,,,[],[]
CK4,5|2025-04-09T23:18:35|2025-04-10T01:04:45,2025-04-10T01:04:45,unstable_cc_start,,,,[],[]
CK4,5|2025-04-10T20:50:05|2025-04-10T20:53:55,2025-04-10T20:53:55,total_low_Ah,,,,[],[]
CK4,5|2025-04-10T21:06:15|2025-04-10T23:49:05,2025-04-10T23:49:05,unstable_cc_start,,,,[],[]
CK4,5|2025-04-11T00:00:15|2025-04-11T00:09:25,2025-04-11T00:09:25,total_low_Ah,,,,[],[]
CK4,5|2025-04-11T00:12:05|2025-04-11T00:33:15,2025-04-11T00:33:15,total_low_Ah,,,,[],[]
CK4,5|2025-04-11T00:36:25|2025-04-11T00:43:15,2025-04-11T00:43:15,total_low_Ah,,,,[],[]
CK4,5|2025-04-11T00:47:05|2025-04-11T00:53:15,2025-04-11T00:53:15,total_low_Ah,,,,[],[]
CK4,5|2025-04-11T01:01:25|2025-04-11T01:36:05,2025-04-11T01:36:05,total_low_Ah,,,,[],[]
CK4,5|2025-04-11T17:09:55|2025-04-11T19:30:25,2025-04-11T19:30:25,cc_too_short,,,,[],[]
CK4,5|2025-04-11T19:30:45|2025-04-11T19:41:35,2025-04-11T19:41:35,total_low_Ah,,,,[],[]
CK4,5|2025-04-11T19:41:55|2025-04-11T21:50:35,2025-04-11T21:50:35,cc_low_Ah,,,,[],[]
CK4,5|2025-04-12T01:39:15|2025-04-12T03:22:35,2025-04-12T03:22:35,total_low_Ah,,,,[],[]
CK4,5|2025-04-12T06:41:15|2025-04-12T08:03:05,2025-04-12T08:03:05,total_low_Ah,,,,[],[]
CK4,5|2025-04-12T09:43:45|2025-04-12T10:06:15,2025-04-12T10:06:15,total_low_Ah,,,,[],[]
CK4,5|2025-04-12T14:40:35|2025-04-12T16:07:15,2025-04-12T16:07:15,total_low_Ah,,,,[],[]
CK4,5|2025-04-12T16:15:55|2025-04-12T16:19:45,2025-04-12T16:19:45,total_low_Ah,,,,[],[]
CK4,5|2025-04-12T16:25:45|2025-04-12T16:32:55,2025-04-12T16:32:55,total_low_Ah,,,,[],[]
CK4,5|2025-04-12T16:42:45|2025-04-12T17:23:15,2025-04-12T17:23:15,total_low_Ah,,,,[],[]
CK4,5|2025-04-12T17:31:05|2025-04-12T17:36:25,2025-04-12T17:36:25,total_low_Ah,,,,[],[]
CK4,5|2025-04-12T20:46:45|2025-04-12T23:51:15,2025-04-12T23:51:15,cc_too_short,,,,[],[]
CK4,5|2025-04-13T15:09:05|2025-04-13T15:21:55,2025-04-13T15:21:55,total_low_Ah,,,,[],[]
CK4,6|2025-04-16T20:07:22|2025-04-17T00:49:57,2025-04-17T00:49:57,pass,deep,26.61,20.4,"[1, 2, 3, 4]",[]
CK4,6|2025-04-17T17:18:58|2025-04-17T19:26:28,2025-04-17T19:26:28,cc_low_Ah,,,,[],[]
CK4,6|2025-04-17T20:50:58|2025-04-17T20:56:28,2025-04-17T20:56:28,total_low_Ah,,,,[],[]
CK4,6|2025-04-17T21:04:38|2025-04-17T21:09:38,2025-04-17T21:09:38,total_low_Ah,,,,[],[]
CK4,6|2025-04-17T21:19:58|2025-04-17T21:25:08,2025-04-17T21:25:08,total_low_Ah,,,,[],[]
CK4,6|2025-04-17T21:39:48|2025-04-17T21:48:18,2025-04-17T21:48:18,total_low_Ah,,,,[],[]
CK4,6|2025-04-17T21:49:48|2025-04-17T22:55:38,2025-04-17T22:55:38,total_low_Ah,,,,[],[]
CK4,6|2025-04-17T23:32:18|2025-04-18T01:18:28,2025-04-18T01:18:28,unstable_cc_start,,,,[],[]
CK4,6|2025-04-19T00:42:25|2025-04-19T00:46:15,2025-04-19T00:46:15,total_low_Ah,,,,[],[]
CK4,6|2025-04-19T00:58:35|2025-04-19T02:12:05,2025-04-19T02:12:05,unstable_cc_start,,,,[],[]
CK4,6|2025-04-19T18:50:44|2025-04-19T20:19:44,2025-04-19T20:19:44,cc_low_Ah,,,,[],[]
CK4,6|2025-04-19T20:30:54|2025-04-19T20:40:04,2025-04-19T20:40:04,total_low_Ah,,,,[],[]
CK4,6|2025-04-19T20:42:44|2025-04-19T21:03:54,2025-04-19T21:03:54,total_low_Ah,,,,[],[]
CK4,6|2025-04-19T21:07:04|2025-04-19T21:13:54,2025-04-19T21:13:54,total_low_Ah,,,,[],[]
CK4,6|2025-04-19T21:17:44|2025-04-19T21:23:54,2025-04-19T21:23:54,total_low_Ah,,,,[],[]
CK4,6|2025-04-19T21:32:04|2025-04-19T22:06:44,2025-04-19T22:06:44,total_low_Ah,,,,[],[]
CK4,6|2025-04-20T13:40:34|2025-04-20T16:01:04,2025-04-20T16:01:04,cc_too_short,,,,[],[]
CK4,6|2025-04-20T16:01:24|2025-04-20T16:12:14,2025-04-20T16:12:14,total_low_Ah,,,,[],[]
CK4,6|2025-04-20T16:12:34|2025-04-20T18:21:14,2025-04-20T18:21:14,cc_low_Ah,,,,[],[]
CK4,6|2025-04-20T22:09:54|2025-04-20T23:53:14,2025-04-20T23:53:14,total_low_Ah,,,,[],[]
CK4,6|2025-04-21T03:11:54|2025-04-21T04:33:44,2025-04-21T04:33:44,total_low_Ah,,,,[],[]
CK4,6|2025-04-21T06:14:24|2025-04-21T06:36:54,2025-04-21T06:36:54,total_low_Ah,,,,[],[]
CK4,6|2025-04-21T11:11:14|2025-04-21T12:37:54,2025-04-21T12:37:54,total_low_Ah,,,,[],[]
CK4,6|2025-04-21T12:46:34|2025-04-21T12:50:24,2025-04-21T12:50:24,total_low_Ah,,,,[],[]
CK4,6|2025-04-21T12:56:24|2025-04-21T13:03:34,2025-04-21T13:03:34,total_low_Ah,,,,[],[]
CK4,6|2025-04-21T13:13:24|2025-04-21T13:53:54,2025-04-21T13:53:54,total_low_Ah,,,,[],[]
CK4,6|2025-04-21T14:01:44|2025-04-21T14:07:04,2025-04-21T14:07:04,total_low_Ah,,,,[],[]
CK4,6|2025-04-21T17:17:24|2025-04-21T20:21:54,2025-04-21T20:21:54,cc_too_short,,,,[],[]
CK4,6|2025-04-22T11:39:44|2025-04-22T13:27:34,2025-04-22T13:27:34,cc_low_Ah,,,,[],[]
CK4,6|2025-04-22T13:51:44|2025-04-22T15:35:44,2025-04-22T15:35:44,cc_too_short,,,,[],[]
CK4,6|2025-04-22T16:06:36|2025-04-22T17:12:19,2025-04-22T17:12:19,pass,shallow,26.365000000000002,20.4,"[1, 2, 3, 4]",[]
CK4,6|2025-04-23T09:41:19|2025-04-23T11:48:49,2025-04-23T11:48:49,cc_low_Ah,,,,[],[]
CK4,6|2025-04-23T13:13:19|2025-04-23T13:18:49,2025-04-23T13:18:49,total_low_Ah,,,,[],[]
CK4,6|2025-04-23T13:26:59|2025-04-23T13:31:59,2025-04-23T13:31:59,total_low_Ah,,,,[],[]
CK4,6|2025-04-23T13:42:19|2025-04-23T13:47:29,2025-04-23T13:47:29,total_low_Ah,,,,[],[]
CK4,6|2025-04-23T14:02:09|2025-04-23T14:10:39,2025-04-23T14:10:39,total_low_Ah,,,,[],[]
CK4,6|2025-04-23T14:12:09|2025-04-23T15:17:59,2025-04-23T15:17:59,total_low_Ah,,,,[],[]
CK4,6|2025-04-23T15:54:39|2025-04-23T17:40:49,2025-04-23T17:40:49,unstable_cc_start,,,,[],[]
CK4,6|2025-04-24T13:26:09|2025-04-24T13:29:59,2025-04-24T13:29:59,total_low_Ah,,,,[],[]
CK4,6|2025-04-24T13:42:19|2025-04-24T16:25:09,2025-04-24T16:25:09,unstable_cc_start,,,,[],[]
CK4,6|2025-04-24T16:36:19|2025-04-24T16:45:29,2025-04-24T16:45:29,total_low_Ah,,,,[],[]
CK4,6|2025-04-24T16:48:09|2025-04-24T17:09:19,2025-04-24T17:09:19,total_low_Ah,,,,[],[]
CK4,6|2025-04-24T17:12:29|2025-04-24T17:19:19,2025-04-24T17:19:19,total_low_Ah,,,,[],[]
CK4,6|2025-04-24T17:23:09|2025-04-24T17:29:19,2025-04-24T17:29:19,total_low_Ah,,,,[],[]
CK4,6|2025-04-24T17:37:29|2025-04-24T18:12:09,2025-04-24T18:12:09,total_low_Ah,,,,[],[]
CK4,6|2025-04-25T09:46:25|2025-04-25T12:06:55,2025-04-25T12:06:55,cc_too_short,,,,[],[]
CK4,6|2025-04-25T12:07:15|2025-04-25T12:18:05,2025-04-25T12:18:05,total_low_Ah,,,,[],[]
CK4,6|2025-04-25T12:18:25|2025-04-25T14:27:05,2025-04-25T14:27:05,cc_low_Ah,,,,[],[]
CK4,7|2025-04-26T01:07:55|2025-04-26T02:51:15,2025-04-26T02:51:15,total_low_Ah,,,,[],[]
CK4,7|2025-04-26T06:09:55|2025-04-26T07:31:45,2025-04-26T07:31:45,total_low_Ah,,,,[],[]
CK4,7|2025-04-26T09:12:25|2025-04-26T09:34:55,2025-04-26T09:34:55,total_low_Ah,,,,[],[]
CK4,7|2025-04-26T14:09:15|2025-04-26T15:35:55,2025-04-26T15:35:55,total_low_Ah,,,,[],[]
CK4,7|2025-04-26T15:44:35|2025-04-26T15:48:25,2025-04-26T15:48:25,total_low_Ah,,,,[],[]
CK4,7|2025-04-26T15:54:25|2025-04-26T16:01:35,2025-04-26T16:01:35,total_low_Ah,,,,[],[]
CK4,7|2025-04-26T16:11:25|2025-04-26T16:51:55,2025-04-26T16:51:55,total_low_Ah,,,,[],[]
CK4,7|2025-04-26T16:59:45|2025-04-26T17:05:05,2025-04-26T17:05:05,total_low_Ah,,,,[],[]
CK4,7|2025-04-26T20:15:25|2025-04-26T23:19:55,2025-04-26T23:19:55,cc_too_short,,,,[],[]
CK4,7|2025-04-27T14:37:45|2025-04-27T16:25:35,2025-04-27T16:25:35,cc_low_Ah,,,,[],[]
CK4,7|2025-04-27T16:49:45|2025-04-27T18:33:45,2025-04-27T18:33:45,cc_too_short,,,,[],[]
CK4,7|2025-04-27T19:04:43|2025-04-27T20:10:07,2025-04-27T20:10:07,pass,shallow,46.385000000000005,20.4,"[1, 2, 3, 4]",[]
CK4,7|2025-04-28T12:39:07|2025-04-28T14:46:37,2025-04-28T14:46:37,cc_low_Ah,,,,[],[]
CK4,7|2025-04-28T16:11:07|2025-04-28T16:16:37,2025-04-28T16:16:37,total_low_Ah,,,,[],[]
CK4,7|2025-04-28T16:24:47|2025-04-28T16:29:47,2025-04-28T16:29:47,total_low_Ah,,,,[],[]
CK4,7|2025-04-28T16:40:07|2025-04-28T16:45:17,2025-04-28T16:45:17,total_low_Ah,,,,[],[]
CK4,7|2025-04-28T16:59:57|2025-04-28T17:08:27,2025-04-28T17:08:27,total_low_Ah,,,,[],[]
CK4,7|2025-04-28T17:09:57|2025-04-28T18:15:47,2025-04-28T18:15:47,total_low_Ah,,,,[],[]
CK4,7|2025-04-28T18:52:27|2025-04-28T20:38:37,2025-04-28T20:38:37,unstable_cc_start,,,,[],[]
CK4,7|2025-04-29T16:23:57|2025-04-29T16:27:47,2025-04-29T16:27:47,total_low_Ah,,,,[],[]
CK4,7|2025-04-29T16:40:07|2025-04-29T19:22:57,2025-04-29T19:22:57,unstable_cc_start,,,,[],[]
CK4,7|2025-04-29T19:34:07|2025-04-29T19:43:17,2025-04-29T19:43:17,total_low_Ah,,,,[],[]
CK4,7|2025-04-29T19:45:57|2025-04-29T20:07:07,2025-04-29T20:07:07,total_low_Ah,,,,[],[]
CK4,7|2025-04-29T20:10:17|2025-04-29T20:17:07,2025-04-29T20:17:07,total_low_Ah,,,,[],[]
CK4,7|2025-04-29T20:20:57|2025-04-29T20:27:07,2025-04-29T20:27:07,total_low_Ah,,,,[],[]
CK4,7|2025-04-29T20:35:17|2025-04-29T21:09:57,2025-04-29T21:09:57,total_low_Ah,,,,[],[]
CK4,7|2025-04-30T12:43:47|2025-04-30T15:04:17,2025-04-30T15:04:17,cc_too_short,,,,[],[]
CK4,7|2025-04-30T15:04:37|2025-04-30T15:15:27,2025-04-30T15:15:27,total_low_Ah,,,,[],[]
CK4,7|2025-04-30T15:15:47|2025-04-30T17:24:27,2025-04-30T17:24:27,cc_low_Ah,,,,[],[]
CK4,7|2025-04-30T21:13:07|2025-04-30T22:56:27,2025-04-30T22:56:27,total_low_Ah,,,,[],[]
CK4,7|2025-05-01T02:15:07|2025-05-01T03:36:57,2025-05-01T03:36:57,total_low_Ah,,,,[],[]
CK4,7|2025-05-01T05:17:37|2025-05-01T05:40:07,2025-05-01T05:40:07,total_low_Ah,,,,[],[]
CK4,7|2025-05-01T10:14:27|2025-05-01T11:41:07,2025-05-01T11:41:07,total_low_Ah,,,,[],[]
CK4,7|2025-05-01T11:49:47|2025-05-01T11:53:37,2025-05-01T11:53:37,total_low_Ah,,,,[],[]
CK4,7|2025-05-01T11:59:37|2025-05-01T12:06:47,2025-05-01T12:06:47,total_low_Ah,,,,[],[]
CK4,7|2025-05-01T12:16:37|2025-05-01T12:57:07,2025-05-01T12:57:07,total_low_Ah,,,,[],[]
CK4,7|2025-05-01T13:04:57|2025-05-01T13:10:17,2025-05-01T13:10:17,total_low_Ah,,,,[],[]
CK4,7|2025-05-01T16:20:37|2025-05-01T19:25:07,2025-05-01T19:25:07,cc_too_short,,,,[],[]
CK4,7|2025-05-02T10:42:57|2025-05-02T12:30:47,2025-05-02T12:30:47,cc_low_Ah,,,,[],[]
CK4,7|2025-05-02T12:54:57|2025-05-02T14:38:57,2025-05-02T14:38:57,cc_too_short,,,,[],[]
CK4,7|2025-05-02T15:09:48|2025-05-02T16:13:51,2025-05-02T16:13:51,pass,shallow,46.61,20.4,"[1, 2, 3, 4]",[]
CK4,7|2025-05-03T08:42:52|2025-05-03T10:50:22,2025-05-03T10:50:22,cc_low_Ah,,,,[],[]
CK4,7|2025-05-03T12:14:52|2025-05-03T12:20:22,2025-05-03T12:20:22,total_low_Ah,,,,[],[]
CK4,7|2025-05-03T12:28:32|2025-05-03T12:33:32,2025-05-03T12:33:32,total_low_Ah,,,,[],[]
CK4,7|2025-05-03T12:43:52|2025-05-03T12:49:02,2025-05-03T12:49:02,total_low_Ah,,,,[],[]
CK4,7|2025-05-03T13:03:42|2025-05-03T13:12:12,2025-05-03T13:12:12,total_low_Ah,,,,[],[]
CK4,7|2025-05-03T13:13:42|2025-05-03T14:19:32,2025-05-03T14:19:32,total_low_Ah,,,,[],[]
CK4,7|2025-05-03T14:56:12|2025-05-03T16:42:22,2025-05-03T16:42:22,unstable_cc_start,,,,[],[]
CK4,7|2025-05-04T12:27:42|2025-05-04T12:31:32,2025-05-04T12:31:32,total_low_Ah,,,,[],[]
CK4,7|2025-05-04T12:43:52|2025-05-04T15:26:42,2025-05-04T15:26:42,unstable_cc_start,,,,[],[]
CK4,7|2025-05-04T15:37:52|2025-05-04T15:47:02,2025-05-04T15:47:02,total_low_Ah,,,,[],[]
CK4,7|2025-05-04T15:49:42|2025-05-04T16:10:52,2025-05-04T16:10:52,total_low_Ah,,,,[],[]
CK4,7|2025-05-04T16:14:02|2025-05-04T16:20:52,2025-05-04T16:20:52,total_low_Ah,,,,[],[]
CK4,7|2025-05-04T16:24:42|2025-05-04T16:30:52,2025-05-04T16:30:52,total_low_Ah,,,,[],[]
CK4,7|2025-05-04T16:39:02|2025-05-04T17:13:42,2025-05-04T17:13:42,total_low_Ah,,,,[],[]
CK4,7|2025-05-05T08:47:32|2025-05-05T11:08:02,2025-05-05T11:08:02,cc_too_short,,,,[],[]
CK4,7|2025-05-05T11:08:22|2025-05-05T11:19:12,2025-05-05T11:19:12,total_low_Ah,,,,[],[]
CK4,7|2025-05-05T11:19:32|2025-05-05T13:28:12,2025-05-05T13:28:12,cc_low_Ah,,,,[],[]
CK4,7|2025-05-05T17:16:52|2025-05-05T19:00:12,2025-05-05T19:00:12,total_low_Ah,,,,[],[]
CK4,7|2025-05-05T22:18:52|2025-05-05T23:40:42,2025-05-05T23:40:42,total_low_Ah,,,,[],[]
CK4,7|2025-05-06T01:21:22|2025-05-06T01:43:52,2025-05-06T01:43:52,total_low_Ah,,,,[],[]
CK4,7|2025-05-06T06:18:12|2025-05-06T07:44:52,2025-05-06T07:44:52,total_low_Ah,,,,[],[]
CK4,7|2025-05-06T07:53:32|2025-05-06T07:57:22,2025-05-06T07:57:22,total_low_Ah,,,,[],[]
CK4,7|2025-05-06T08:03:22|2025-05-06T08:10:32,2025-05-06T08:10:32,total_low_Ah,,,,[],[]
CK4,7|2025-05-06T08:20:22|2025-05-06T09:00:52,2025-05-06T09:00:52,total_low_Ah,,,,[],[]
CK4,7|2025-05-06T09:08:42|2025-05-06T09:14:02,2025-05-06T09:14:02,total_low_Ah,,,,[],[]
CK4,7|2025-05-06T12:24:22|2025-05-06T15:28:52,2025-05-06T15:28:52,cc_too_short,,,,[],[]
CK4,7|2025-05-07T06:46:42|2025-05-07T08:34:32,2025-05-07T08:34:32,cc_low_Ah,,,,[],[]
CK4,7|2025-05-07T08:58:42|2025-05-07T10:42:42,2025-05-07T10:42:42,cc_too_short,,,,[],[]
CK4,7|2025-05-07T11:13:32|2025-05-07T12:17:41,2025-05-07T12:17:41,pass,shallow,46.57,20.4,"[1, 2, 3, 4]",[]
CK4,7|2025-05-08T04:46:42|2025-05-08T06:54:12,2025-05-08T06:54:12,cc_low_Ah,,,,[],[]
CK4,7|2025-05-08T08:18:42|2025-05-08T08:24:12,2025-05-08T08:24:12,total_low_Ah,,,,[],[]
CK4,7|2025-05-08T08:32:22|2025-05-08T08:37:22,2025-05-08T08:37:22,total_low_Ah,,,,[],[]
CK4,7|2025-05-08T08:47:42|2025-05-08T08:52:52,2025-05-08T08:52:52,total_low_Ah,,,,[],[]
CK4,7|2025-05-08T09:07:32|2025-05-08T09:16:02,2025-05-08T09:16:02,total_low_Ah,,,,[],[]
CK4,7|2025-05-08T09:17:32|2025-05-08T10:23:22,2025-05-08T10:23:22,total_low_Ah,,,,[],[]
CK4,7|2025-05-08T11:00:02|2025-05-08T12:46:12,2025-05-08T12:46:12,unstable_cc_start,,,,[],[]
CK4,7|2025-05-09T08:31:32|2025-05-09T08:35:22,2025-05-09T08:35:22,total_low_Ah,,,,[],[]
CK4,7|2025-05-09T08:47:42|2025-05-09T11:30:32,2025-05-09T11:30:32,unstable_cc_start,,,,[],[]
CK4,7|2025-05-09T11:41:42|2025-05-09T11:50:52,2025-05-09T11:50:52,total_low_Ah,,,,[],[]
CK4,7|2025-05-09T11:53:32|2025-05-09T12:14:42,2025-05-09T12:14:42,total_low_Ah,,,,[],[]
CK4,7|2025-05-09T12:17:52|2025-05-09T12:24:42,2025-05-09T12:24:42,total_low_Ah,,,,[],[]
CK4,7|2025-05-09T12:28:32|2025-05-09T12:34:42,2025-05-09T12:34:42,total_low_Ah,,,,[],[]
CK4,7|2025-05-09T12:42:52|2025-05-09T13:17:32,2025-05-09T13:17:32,total_low_Ah,,,,[],[]
CK4,7|2025-05-10T04:51:22|2025-05-10T07:11:52,2025-05-10T07:11:52,cc_too_short,,,,[],[]
CK4,7|2025-05-10T07:12:12|2025-05-10T07:23:02,2025-05-10T07:23:02,total_low_Ah,,,,[],[]
CK4,7|2025-05-10T07:23:22|2025-05-10T09:32:02,2025-05-10T09:32:02,cc_low_Ah,,,,[],[]
CK4,7|2025-05-10T13:20:42|2025-05-10T15:04:02,2025-05-10T15:04:02,total_low_Ah,,,,[],[]
CK4,7|2025-05-10T18:22:42|2025-05-10T19:44:32,2025-05-10T19:44:32,total_low_Ah,,,,[],[]
CK4,7|2025-05-10T21:25:12|2025-05-10T21:47:42,2025-05-10T21:47:42,total_low_Ah,,,,[],[]
CK4,7|2025-05-11T02:22:02|2025-05-11T03:48:42,2025-05-11T03:48:42,total_low_Ah,,,,[],[]
CK4,7|2025-05-11T03:57:22|2025-05-11T04:01:12,2025-05-11T04:01:12,total_low_Ah,,,,[],[]
CK4,7|2025-05-11T04:07:12|2025-05-11T04:14:22,2025-05-11T04:14:22,total_low_Ah,,,,[],[]
CK4,7|2025-05-11T04:24:12|2025-05-11T05:04:42,2025-05-11T05:04:42,total_low_Ah,,,,[],[]
CK4,7|2025-05-11T05:12:32|2025-05-11T05:17:52,2025-05-11T05:17:52,total_low_Ah,,,,[],[]
CK4,7|2025-05-11T08:28:12|2025-05-11T11:32:42,2025-05-11T11:32:42,cc_too_short,,,,[],[]
CK4,7|2025-05-12T02:50:32|2025-05-12T04:38:22,2025-05-12T04:38:22,cc_low_Ah,,,,[],[]
CK4,7|2025-05-12T05:02:32|2025-05-12T06:46:32,2025-05-12T06:46:32,cc_too_short,,,,[],[]
CK4,7|2025-05-12T07:17:22|2025-05-12T08:21:14,2025-05-12T08:21:14,pass,shallow,46.54,20.4,"[1, 2, 3, 4]",[]
CK4,7|2025-05-13T00:50:14|2025-05-13T02:57:44,2025-05-13T02:57:44,cc_low_Ah,,,,[],[]
CK4,7|2025-05-13T04:22:14|2025-05-13T04:27:44,2025-05-13T04:27:44,total_low_Ah,,,,[],[]
CK4,7|2025-05-13T04:35:54|2025-05-13T04:40:54,2025-05-13T04:40:54,total_low_Ah,,,,[],[]
CK4,7|2025-05-13T04:51:14|2025-05-13T04:56:24,2025-05-13T04:56:24,total_low_Ah,,,,[],[]
CK4,7|2025-05-13T05:11:04|2025-05-13T05:19:34,2025-05-13T05:19:34,total_low_Ah,,,,[],[]
CK4,7|2025-05-13T05:21:04|2025-05-13T06:26:54,2025-05-13T06:26:54,total_low_Ah,,,,[],[]
CK4,7|2025-05-13T07:03:34|2025-05-13T08:49:44,2025-05-13T08:49:44,unstable_cc_start,,,,[],[]
CK4,7|2025-05-14T04:35:04|2025-05-14T04:38:54,2025-05-14T04:38:54,total_low_Ah,,,,[],[]
CK4,7|2025-05-14T04:51:14|2025-05-14T07:34:04,2025-05-14T07:34:04,unstable_cc_start,,,,[],[]
CK4,7|2025-05-14T07:45:14|2025-05-14T07:54:24,2025-05-14T07:54:24,total_low_Ah,,,,[],[]
CK4,7|2025-05-14T07:57:04|2025-05-14T08:18:14,2025-05-14T08:18:14,total_low_Ah,,,,[],[]
CK4,7|2025-05-14T08:21:24|2025-05-14T08:28:14,2025-05-14T08:28:14,total_low_Ah,,,,[],[]
CK4,7|2025-05-14T08:32:04|2025-05-14T08:38:14,2025-05-14T08:38:14,total_low_Ah,,,,[],[]
CK4,7|2025-05-14T08:46:24|2025-05-14T09:21:04,2025-05-14T09:21:04,total_low_Ah,,,,[],[]
CK4,7|2025-05-15T00:54:54|2025-05-15T03:15:24,2025-05-15T03:15:24,cc_too_short,,,,[],[]
CK4,7|2025-05-15T03:15:44|2025-05-15T03:26:34,2025-05-15T03:26:34,total_low_Ah,,,,[],[]
CK4,7|2025-05-15T03:26:54|2025-05-15T05:35:34,2025-05-15T05:35:34,cc_low_Ah,,,,[],[]
CK4,7|2025-05-15T09:24:14|2025-05-15T11:07:34,2025-05-15T11:07:34,total_low_Ah,,,,[],[]
CK4,7|2025-05-15T14:26:14|2025-05-15T15:48:04,2025-05-15T15:48:04,total_low_Ah,,,,[],[]
CK4,7|2025-05-15T17:28:44|2025-05-15T17:51:14,2025-05-15T17:51:14,total_low_Ah,,,,[],[]
CK5,1|2025-01-19T19:41:11|2025-01-20T00:36:08,2025-01-20T00:36:08,pass,deep,46.9,20.4,[],"[1, 2, 3, 4]"
CK5,1|2025-01-20T17:05:09|2025-01-20T19:12:39,2025-01-20T19:12:39,cc_low_Ah,,,,[],[]
CK5,1|2025-01-20T20:37:09|2025-01-20T20:42:39,2025-01-20T20:42:39,total_low_Ah,,,,[],[]
CK5,1|2025-01-20T20:50:49|2025-01-20T20:55:49,2025-01-20T20:55:49,total_low_Ah,,,,[],[]
CK5,1|2025-01-20T21:06:09|2025-01-20T21:11:19,2025-01-20T21:11:19,total_low_Ah,,,,[],[]
CK5,1|2025-01-20T21:25:59|2025-01-20T21:34:29,2025-01-20T21:34:29,total_low_Ah,,,,[],[]
CK5,1|2025-01-20T21:35:59|2025-01-20T22:41:49,2025-01-20T22:41:49,total_low_Ah,,,,[],[]
CK5,1|2025-01-20T23:18:29|2025-01-21T01:04:39,2025-01-21T01:04:39,unstable_cc_start,,,,[],[]
CK5,1|2025-01-21T20:49:59|2025-01-21T20:53:49,2025-01-21T20:53:49,total_low_Ah,,,,[],[]
CK5,1|2025-01-21T21:06:09|2025-01-21T23:48:59,2025-01-21T23:48:59,unstable_cc_start,,,,[],[]
CK5,1|2025-01-22T00:00:09|2025-01-22T00:09:19,2025-01-22T00:09:19,total_low_Ah,,,,[],[]
CK5,1|2025-01-22T00:11:59|2025-01-22T00:33:09,2025-01-22T00:33:09,total_low_Ah,,,,[],[]
CK5,1|2025-01-22T00:36:19|2025-01-22T00:43:09,2025-01-22T00:43:09,total_low_Ah,,,,[],[]
CK5,1|2025-01-22T00:46:59|2025-01-22T00:53:09,2025-01-22T00:53:09,total_low_Ah,,,,[],[]
CK5,1|2025-01-22T01:01:19|2025-01-22T01:35:59,2025-01-22T01:35:59,total_low_Ah,,,,[],[]
CK5,1|2025-01-22T17:09:49|2025-01-22T19:30:19,2025-01-22T19:30:19,cc_too_short,,,,[],[]
CK5,1|2025-01-22T19:30:39|2025-01-22T19:41:29,2025-01-22T19:41:29,total_low_Ah,,,,[],[]
CK5,1|2025-01-22T19:41:49|2025-01-22T21:50:29,2025-01-22T21:50:29,cc_low_Ah,,,,[],[]
CK5,1|2025-01-23T01:39:09|2025-01-23T03:22:29,2025-01-23T03:22:29,total_low_Ah,,,,[],[]
CK5,1|2025-01-23T06:41:09|2025-01-23T08:02:59,2025-01-23T08:02:59,total_low_Ah,,,,[],[]
CK5,1|2025-01-23T09:43:39|2025-01-23T10:06:09,2025-01-23T10:06:09,total_low_Ah,,,,[],[]
CK5,1|2025-01-23T14:40:29|2025-01-23T16:07:09,2025-01-23T16:07:09,total_low_Ah,,,,[],[]
CK5,1|2025-01-23T16:15:49|2025-01-23T16:19:39,2025-01-23T16:19:39,total_low_Ah,,,,[],[]
CK5,1|2025-01-23T16:25:39|2025-01-23T16:32:49,2025-01-23T16:32:49,total_low_Ah,,,,[],[]
CK5,1|2025-01-23T16:42:39|2025-01-23T17:23:09,2025-01-23T17:23:09,total_low_Ah,,,,[],[]
CK5,1|2025-01-23T17:30:59|2025-01-23T17:36:19,2025-01-23T17:36:19,total_low_Ah,,,,[],[]
CK5,1|2025-01-23T20:46:39|2025-01-23T23:51:09,2025-01-23T23:51:09,cc_too_short,,,,[],[]
CK5,1|2025-01-24T15:09:21|2025-01-24T16:57:11,2025-01-24T16:57:11,cc_low_Ah,,,,[],[]
CK5,1|2025-01-24T17:21:21|2025-01-24T19:05:21,2025-01-24T19:05:21,cc_too_short,,,,[],[]
CK5,1|2025-01-24T19:36:11|2025-01-24T20:40:13,2025-01-24T20:40:13,pass,shallow,46.4,20.4,[],"[1, 2, 3, 4]"
CK5,1|2025-01-25T13:09:13|2025-01-25T15:16:43,2025-01-25T15:16:43,cc_low_Ah,,,,[],[]
CK5,1|2025-01-25T16:41:13|2025-01-25T16:46:43,2025-01-25T16:46:43,total_low_Ah,,,,[],[]
CK5,1|2025-01-25T16:54:53|2025-01-25T16:59:53,2025-01-25T16:59:53,total_low_Ah,,,,[],[]
CK5,1|2025-01-25T17:10:13|2025-01-25T17:15:23,2025-01-25T17:15:23,total_low_Ah,,,,[],[]
CK5,1|2025-01-25T17:30:03|2025-01-25T17:38:33,2025-01-25T17:38:33,total_low_Ah,,,,[],[]
CK5,1|2025-01-25T17:40:03|2025-01-25T18:45:53,2025-01-25T18:45:53,total_low_Ah,,,,[],[]
CK5,1|2025-01-25T19:22:33|2025-01-25T21:08:43,2025-01-25T21:08:43,unstable_cc_start,,,,[],[]
CK5,1|2025-01-26T16:54:03|2025-01-26T16:57:53,2025-01-26T16:57:53,total_low_Ah,,,,[],[]
CK5,1|2025-01-26T17:10:13|2025-01-26T19:53:03,2025-01-26T19:53:03,unstable_cc_start,,,,[],[]
CK5,1|2025-01-26T20:04:13|2025-01-26T20:13:23,2025-01-26T20:13:23,total_low_Ah,,,,[],[]
CK5,1|2025-01-26T20:16:03|2025-01-26T20:37:13,2025-01-26T20:37:13,total_low_Ah,,,,[],[]
CK5,1|2025-01-26T20:40:23|2025-01-26T20:47:13,2025-01-26T20:47:13,total_low_Ah,,,,[],[]
CK5,1|2025-01-26T20:51:03|2025-01-26T20:57:13,2025-01-26T20:57:13,total_low_Ah,,,,[],[]
CK5,1|2025-01-26T21:05:23|2025-01-26T21:40:03,2025-01-26T21:40:03,total_low_Ah,,,,[],[]
CK5,1|2025-01-27T13:13:53|2025-01-27T15:34:23,2025-01-27T15:34:23,cc_too_short,,,,[],[]
CK5,1|2025-01-27T15:34:43|2025-01-27T15:45:33,2025-01-27T15:45:33,total_low_Ah,,,,[],[]
CK5,1|2025-01-27T15:45:53|2025-01-27T17:54:33,2025-01-27T17:54:33,cc_low_Ah,,,,[],[]
CK5,1|2025-01-27T21:43:13|2025-01-27T23:26:33,2025-01-27T23:26:33,total_low_Ah,,,,[],[]
CK5,1|2025-01-28T02:45:13|2025-01-28T04:07:03,2025-01-28T04:07:03,total_low_Ah,,,,[],[]
CK5,1|2025-01-28T05:47:43|2025-01-28T06:10:13,2025-01-28T06:10:13,total_low_Ah,,,,[],[]
CK5,1|2025-01-28T10:44:33|2025-01-28T12:11:13,2025-01-28T12:11:13,total_low_Ah,,,,[],[]
CK5,1|2025-01-28T12:19:53|2025-01-28T12:23:43,2025-01-28T12:23:43,total_low_Ah,,,,[],[]
CK5,1|2025-01-28T12:29:43|2025-01-28T12:36:53,2025-01-28T12:36:53,total_low_Ah,,,,[],[]
CK5,1|2025-01-28T12:46:43|2025-01-28T13:27:13,2025-01-28T13:27:13,total_low_Ah,,,,[],[]
CK5,1|2025-01-28T13:35:03|2025-01-28T13:40:23,2025-01-28T13:40:23,total_low_Ah,,,,[],[]
CK5,1|2025-01-28T16:50:43|2025-01-28T19:55:13,2025-01-28T19:55:13,cc_too_short,,,,[],[]
CK5,1|2025-01-29T11:13:03|2025-01-29T13:00:53,2025-01-29T13:00:53,cc_low_Ah,,,,[],[]
CK5,1|2025-01-29T13:25:03|2025-01-29T15:09:03,2025-01-29T15:09:03,cc_too_short,,,,[],[]
CK5,1|2025-01-29T15:39:53|2025-01-29T16:44:02,2025-01-29T16:44:02,pass,shallow,46.5,20.4,"[1, 2, 3, 4]",[]
CK5,1|2025-01-30T09:13:03|2025-01-30T11:20:33,2025-01-30T11:20:33,cc_low_Ah,,,,[],[]
CK5,1|2025-01-30T12:45:03|2025-01-30T12:50:33,2025-01-30T12:50:33,total_low_Ah,,,,[],[]
CK5,1|2025-01-30T12:58:43|2025-01-30T13:03:43,2025-01-30T13:03:43,total_low_Ah,,,,[],[]
CK5,1|2025-01-30T13:14:03|2025-01-30T13:19:13,2025-01-30T13:19:13,total_low_Ah,,,,[],[]
CK5,1|2025-01-30T13:33:53|2025-01-30T13:42:23,2025-01-30T13:42:23,total_low_Ah,,,,[],[]
CK5,1|2025-01-30T13:43:53|2025-01-30T14:49:43,2025-01-30T14:49:43,total_low_Ah,,,,[],[]
CK5,1|2025-01-30T15:26:23|2025-01-30T17:12:33,2025-01-30T17:12:33,unstable_cc_start,,,,[],[]
CK5,1|2025-01-31T12:57:53|2025-01-31T13:01:43,2025-01-31T13:01:43,total_low_Ah,,,,[],[]
CK5,1|2025-01-31T13:14:03|2025-01-31T15:56:53,2025-01-31T15:56:53,unstable_cc_start,,,,[],[]
CK5,1|2025-01-31T16:08:03|2025-01-31T16:17:13,2025-01-31T16:17:13,total_low_Ah,,,,[],[]
CK5,1|2025-01-31T16:19:53|2025-01-31T16:41:03,2025-01-31T16:41:03,total_low_Ah,,,,[],[]
CK5,1|2025-01-31T16:44:13|2025-01-31T16:51:03,2025-01-31T16:51:03,total_low_Ah,,,,[],[]
CK5,1|2025-01-31T16:54:53|2025-01-31T17:01:03,2025-01-31T17:01:03,total_low_Ah,,,,[],[]
CK5,1|2025-01-31T17:09:13|2025-01-31T17:43:53,2025-01-31T17:43:53,total_low_Ah,,,,[],[]
CK5,1|2025-02-01T09:17:43|2025-02-01T11:38:13,2025-02-01T11:38:13,cc_too_short,,,,[],[]
CK5,1|2025-02-01T11:38:33|2025-02-01T11:49:23,2025-02-01T11:49:23,total_low_Ah,,,,[],[]
CK5,1|2025-02-01T11:49:43|2025-02-01T13:58:23,2025-02-01T13:58:23,cc_low_Ah,,,,[],[]
CK5,1|2025-02-01T17:47:03|2025-02-01T19:30:23,2025-02-01T19:30:23,total_low_Ah,,,,[],[]
CK5,1|2025-02-01T22:49:10|2025-02-02T00:11:00,2025-02-02T00:11:00,total_low_Ah,,,,[],[]
CK5,1|2025-02-02T01:51:40|2025-02-02T02:14:10,2025-02-02T02:14:10,total_low_Ah,,,,[],[]
CK5,1|2025-02-02T06:48:30|2025-02-02T08:15:10,2025-02-02T08:15:10,total_low_Ah,,,,[],[]
CK5,1|2025-02-02T08:23:50|2025-02-02T08:27:40,2025-02-02T08:27:40,total_low_Ah,,,,[],[]
CK5,1|2025-02-02T08:33:40|2025-02-02T08:40:50,2025-02-02T08:40:50,total_low_Ah,,,,[],[]
CK5,1|2025-02-02T08:50:40|2025-02-02T09:31:10,2025-02-02T09:31:10,total_low_Ah,,,,[],[]
CK5,1|2025-02-02T09:39:00|2025-02-02T09:44:20,2025-02-02T09:44:20,total_low_Ah,,,,[],[]
CK5,1|2025-02-02T12:54:40|2025-02-02T15:59:10,2025-02-02T15:59:10,cc_too_short,,,,[],[]
CK5,1|2025-02-03T07:17:00|2025-02-03T09:04:50,2025-02-03T09:04:50,cc_low_Ah,,,,[],[]
CK5,1|2025-02-03T09:29:00|2025-02-03T11:13:00,2025-02-03T11:13:00,cc_too_short,,,,[],[]
CK5,1|2025-02-03T11:43:51|2025-02-03T12:48:02,2025-02-03T12:48:02,pass,shallow,46.46,20.4,"[1, 2, 3, 4]",[]
CK5,1|2025-02-04T05:17:02|2025-02-04T07:24:32,2025-02-04T07:24:32,cc_low_Ah,,,,[],[]
CK5,1|2025-02-04T08:49:02|2025-02-04T08:54:32,2025-02-04T08:54:32,total_low_Ah,,,,[],[]
CK5,1|2025-02-04T09:02:42|2025-02-04T09:07:42,2025-02-04T09:07:42,total_low_Ah,,,,[],[]
CK5,1|2025-02-04T09:18:02|2025-02-04T09:23:12,2025-02-04T09:23:12,total_low_Ah,,,,[],[]
CK5,1|2025-02-04T09:37:52|2025-02-04T09:46:22,2025-02-04T09:46:22,total_low_Ah,,,,[],[]
CK5,1|2025-02-04T09:47:52|2025-02-04T10:53:42,2025-02-04T10:53:42,total_low_Ah,,,,[],[]
CK5,1|2025-02-04T11:30:22|2025-02-04T13:16:32,2025-02-04T13:16:32,unstable_cc_start,,,,[],[]
CK5,1|2025-02-05T09:01:52|2025-02-05T09:05:42,2025-02-05T09:05:42,total_low_Ah,,,,[],[]
CK5,1|2025-02-05T09:18:02|2025-02-05T12:00:52,2025-02-05T12:00:52,unstable_cc_start,,,,[],[]
CK5,1|2025-02-05T12:12:02|2025-02-05T12:21:12,2025-02-05T12:21:12,total_low_Ah,,,,[],[]
CK5,1|2025-02-05T12:23:52|2025-02-05T12:45:02,2025-02-05T12:45:02,total_low_Ah,,,,[],[]
CK5,1|2025-02-05T12:48:12|2025-02-05T12:55:02,2025-02-05T12:55:02,total_low_Ah,,,,[],[]
CK5,1|2025-02-05T12:58:52|2025-02-05T13:05:02,2025-02-05T13:05:02,total_low_Ah,,,,[],[]
CK5,1|2025-02-05T13:13:12|2025-02-05T13:47:52,2025-02-05T13:47:52,total_low_Ah,,,,[],[]
CK5,1|2025-02-06T05:21:42|2025-02-06T07:42:12,2025-02-06T07:42:12,cc_too_short,,,,[],[]
CK5,1|2025-02-06T07:42:32|2025-02-06T07:53:22,2025-02-06T07:53:22,total_low_Ah,,,,[],[]
CK5,1|2025-02-06T07:53:42|2025-02-06T10:02:22,2025-02-06T10:02:22,cc_low_Ah,,,,[],[]
CK5,1|2025-02-06T13:51:02|2025-02-06T15:34:22,2025-02-06T15:34:22,total_low_Ah,,,,[],[]
CK5,1|2025-02-06T18:53:02|2025-02-06T20:14:52,2025-02-06T20:14:52,total_low_Ah,,,,[],[]
CK5,1|2025-02-06T21:55:32|2025-02-06T22:18:02,2025-02-06T22:18:02,total_low_Ah,,,,[],[]
CK5,1|2025-02-07T02:52:22|2025-02-07T04:19:02,2025-02-07T04:19:02,total_low_Ah,,,,[],[]
CK5,1|2025-02-07T04:27:42|2025-02-07T04:31:32,2025-02-07T04:31:32,total_low_Ah,,,,[],[]
CK5,1|2025-02-07T04:37:32|2025-02-07T04:44:42,2025-02-07T04:44:42,total_low_Ah,,,,[],[]
CK5,1|2025-02-07T04:54:32|2025-02-07T05:35:02,2025-02-07T05:35:02,total_low_Ah,,,,[],[]
CK5,1|2025-02-07T05:42:52|2025-02-07T05:48:12,2025-02-07T05:48:12,total_low_Ah,,,,[],[]
CK5,1|2025-02-07T08:58:32|2025-02-07T12:03:02,2025-02-07T12:03:02,cc_too_short,,,,[],[]
CK5,1|2025-02-08T03:20:52|2025-02-08T05:08:42,2025-02-08T05:08:42,cc_low_Ah,,,,[],[]
CK5,1|2025-02-08T05:32:52|2025-02-08T07:16:52,2025-02-08T07:16:52,cc_too_short,,,,[],[]
CK5,1|2025-02-08T07:47:43|2025-02-08T08:52:14,2025-02-08T08:52:14,pass,shallow,46.5,20.4,"[1, 2, 3, 4]",[]
CK5,2|2025-02-11T23:08:25|2025-02-12T03:57:43,2025-02-12T03:57:43,pass,deep,26.91,20.4,[],"[1, 2, 3, 4]"
CK5,2|2025-02-12T20:26:43|2025-02-12T22:34:13,2025-02-12T22:34:13,cc_low_Ah,,,,[],[]
CK5,2|2025-02-12T23:58:43|2025-02-13T00:04:13,2025-02-13T00:04:13,total_low_Ah,,,,[],[]
CK5,2|2025-02-13T00:12:23|2025-02-13T00:17:23,2025-02-13T00:17:23,total_low_Ah,,,,[],[]
CK5,2|2025-02-13T00:27:43|2025-02-13T00:32:53,2025-02-13T00:32:53,total_low_Ah,,,,[],[]
CK5,2|2025-02-13T00:47:33|2025-02-13T00:56:03,2025-02-13T00:56:03,total_low_Ah,,,,[],[]
CK5,2|2025-02-13T00:57:33|2025-02-13T02:03:23,2025-02-13T02:03:23,total_low_Ah,,,,[],[]
CK5,2|2025-02-13T02:40:03|2025-02-13T04:26:13,2025-02-13T04:26:13,unstable_cc_start,,,,[],[]
CK5,2|2025-02-14T00:11:33|2025-02-14T00:15:23,2025-02-14T00:15:23,total_low_Ah,,,,[],[]
CK5,2|2025-02-14T00:27:43|2025-02-14T03:10:33,2025-02-14T03:10:33,unstable_cc_start,,,,[],[]
CK5,2|2025-02-14T03:21:43|2025-02-14T03:30:53,2025-02-14T03:30:53,total_low_Ah,,,,[],[]
CK5,2|2025-02-14T03:33:33|2025-02-14T03:54:43,2025-02-14T03:54:43,total_low_Ah,,,,[],[]
CK5,2|2025-02-14T03:57:53|2025-02-14T04:04:43,2025-02-14T04:04:43,total_low_Ah,,,,[],[]
CK5,2|2025-02-14T04:08:33|2025-02-14T04:14:43,2025-02-14T04:14:43,total_low_Ah,,,,[],[]
CK5,2|2025-02-14T04:22:53|2025-02-14T04:57:33,2025-02-14T04:57:33,total_low_Ah,,,,[],[]
CK5,2|2025-02-14T20:31:23|2025-02-14T22:51:53,2025-02-14T22:51:53,cc_too_short,,,,[],[]
CK5,2|2025-02-14T22:52:13|2025-02-14T23:03:03,2025-02-14T23:03:03,total_low_Ah,,,,[],[]
CK5,2|2025-02-14T23:03:23|2025-02-15T01:12:03,2025-02-15T01:12:03,cc_low_Ah,,,,[],[]
CK5,2|2025-02-15T05:00:43|2025-02-15T06:44:03,2025-02-15T06:44:03,total_low_Ah,,,,[],[]
CK5,2|2025-02-15T10:02:43|2025-02-15T11:24:33,2025-02-15T11:24:33,total_low_Ah,,,,[],[]
CK5,2|2025-02-15T13:05:13|2025-02-15T13:27:43,2025-02-15T13:27:43,total_low_Ah,,,,[],[]
CK5,2|2025-02-15T18:02:03|2025-02-15T19:28:43,2025-02-15T19:28:43,total_low_Ah,,,,[],[]
CK5,2|2025-02-15T19:37:23|2025-02-15T19:41:13,2025-02-15T19:41:13,total_low_Ah,,,,[],[]
CK5,2|2025-02-15T19:47:13|2025-02-15T19:54:23,2025-02-15T19:54:23,total_low_Ah,,,,[],[]
CK5,2|2025-02-15T20:04:13|2025-02-15T20:44:43,2025-02-15T20:44:43,total_low_Ah,,,,[],[]
CK5,2|2025-02-15T20:52:33|2025-02-15T20:57:53,2025-02-15T20:57:53,total_low_Ah,,,,[],[]
CK5,2|2025-02-16T00:08:13|2025-02-16T03:12:43,2025-02-16T03:12:43,cc_too_short,,,,[],[]
CK5,2|2025-02-16T18:30:33|2025-02-16T20:18:23,2025-02-16T20:18:23,cc_low_Ah,,,,[],[]
CK5,2|2025-02-16T20:42:33|2025-02-16T22:26:33,2025-02-16T22:26:33,cc_too_short,,,,[],[]
CK5,2|2025-02-16T22:57:24|2025-02-17T00:02:50,2025-02-17T00:02:50,pass,shallow,26.3,20.4,[],"[1, 2, 3, 4]"
CK5,2|2025-02-17T16:31:50|2025-02-17T18:39:20,2025-02-17T18:39:20,cc_low_Ah,,,,[],[]
CK5,2|2025-02-17T20:03:50|2025-02-17T20:09:20,2025-02-17T20:09:20,total_low_Ah,,,,[],[]
CK5,2|2025-02-17T20:17:30|2025-02-17T20:22:30,2025-02-17T20:22:30,total_low_Ah,,,,[],[]
CK5,2|2025-02-17T20:32:50|2025-02-17T20:38:00,2025-02-17T20:38:00,total_low_Ah,,,,[],[]
CK5,2|2025-02-17T20:52:40|2025-02-17T21:01:10,2025-02-17T21:01:10,total_low_Ah,,,,[],[]
CK5,2|2025-02-17T21:02:40|2025-02-17T22:08:30,2025-02-17T22:08:30,total_low_Ah,,,,[],[]
CK5,2|2025-02-17T22:45:10|2025-02-18T00:31:20,2025-02-18T00:31:20,unstable_cc_start,,,,[],[]
CK5,2|2025-02-18T20:16:40|2025-02-18T20:20:30,2025-02-18T20:20:30,total_low_Ah,,,,[],[]
CK5,2|2025-02-18T20:32:50|2025-02-18T23:15:40,2025-02-18T23:15:40,unstable_cc_start,,,,[],[]
CK5,2|2025-02-18T23:26:50|2025-02-18T23:36:00,2025-02-18T23:36:00,total_low_Ah,,,,[],[]
CK5,2|2025-02-18T23:38:40|2025-02-18T23:59:50,2025-02-18T23:59:50,total_low_Ah,,,,[],[]
CK5,2|2025-02-19T00:03:00|2025-02-19T00:09:50,2025-02-19T00:09:50,total_low_Ah,,,,[],[]
CK5,2|2025-02-19T00:13:40|2025-02-19T00:19:50,2025-02-19T00:19:50,total_low_Ah,,,,[],[]
CK5,2|2025-02-19T00:28:00|2025-02-19T01:02:40,2025-02-19T01:02:40,total_low_Ah,,,,[],[]
CK5,4|2025-03-14T18:15:51|2025-03-14T23:01:27,2025-03-14T23:01:27,pass,deep,26.81,20.4,"[1, 2, 3, 4]",[]
CK5,4|2025-03-15T15:30:28|2025-03-15T17:37:58,2025-03-15T17:37:58,cc_low_Ah,,,,[],[]
CK5,4|2025-03-15T19:02:28|2025-03-15T19:07:58,2025-03-15T19:07:58,total_low_Ah,,,,[],[]
CK5,4|2025-03-15T19:16:08|2025-03-15T19:21:08,2025-03-15T19:21:08,total_low_Ah,,,,[],[]
CK5,4|2025-03-15T19:31:28|2025-03-15T19:36:38,2025-03-15T19:36:38,total_low_Ah,,,,[],[]
CK5,4|2025-03-15T19:51:18|2025-03-15T19:59:48,2025-03-15T19:59:48,total_low_Ah,,,,[],[]
CK5,4|2025-03-15T20:01:18|2025-03-15T21:07:08,2025-03-15T21:07:08,total_low_Ah,,,,[],[]
CK5,4|2025-03-15T21:43:48|2025-03-15T23:29:58,2025-03-15T23:29:58,unstable_cc_start,,,,[],[]
CK5,4|2025-03-16T19:15:18|2025-03-16T19:19:08,2025-03-16T19:19:08,total_low_Ah,,,,[],[]
CK5,4|2025-03-16T19:31:28|2025-03-16T22:14:18,2025-03-16T22:14:18,unstable_cc_start,,,,[],[]
CK5,4|2025-03-16T22:25:28|2025-03-16T22:34:38,2025-03-16T22:34:38,total_low_Ah,,,,[],[]
CK5,4|2025-03-16T22:37:18|2025-03-16T22:58:28,2025-03-16T22:58:28,total_low_Ah,,,,[],[]
CK5,4|2025-03-16T23:01:38|2025-03-16T23:08:28,2025-03-16T23:08:28,total_low_Ah,,,,[],[]
CK5,4|2025-03-16T23:12:18|2025-03-16T23:18:28,2025-03-16T23:18:28,total_low_Ah,,,,[],[]
CK5,4|2025-03-16T23:26:38|2025-03-17T00:01:18,2025-03-17T00:01:18,total_low_Ah,,,,[],[]
CK5,4|2025-03-17T15:35:08|2025-03-17T17:55:38,2025-03-17T17:55:38,cc_too_short,,,,[],[]
CK5,4|2025-03-17T17:55:58|2025-03-17T18:06:48,2025-03-17T18:06:48,total_low_Ah,,,,[],[]
CK5,4|2025-03-17T18:07:08|2025-03-17T20:15:48,2025-03-17T20:15:48,cc_low_Ah,,,,[],[]
CK5,4|2025-03-18T00:04:28|2025-03-18T01:47:48,2025-03-18T01:47:48,total_low_Ah,,,,[],[]
CK5,4|2025-03-18T05:06:28|2025-03-18T06:28:18,2025-03-18T06:28:18,total_low_Ah,,,,[],[]
CK5,4|2025-03-18T08:08:58|2025-03-18T08:31:28,2025-03-18T08:31:28,total_low_Ah,,,,[],[]
CK5,4|2025-03-18T13:05:48|2025-03-18T14:32:28,2025-03-18T14:32:28,total_low_Ah,,,,[],[]
CK5,4|2025-03-18T14:41:08|2025-03-18T14:44:58,2025-03-18T14:44:58,total_low_Ah,,,,[],[]
CK5,4|2025-03-18T14:50:58|2025-03-18T14:58:08,2025-03-18T14:58:08,total_low_Ah,,,,[],[]
CK5,4|2025-03-18T15:07:58|2025-03-18T15:48:28,2025-03-18T15:48:28,total_low_Ah,,,,[],[]
CK5,4|2025-03-18T15:56:18|2025-03-18T16:01:38,2025-03-18T16:01:38,total_low_Ah,,,,[],[]
CK5,4|2025-03-18T19:11:58|2025-03-18T22:16:28,2025-03-18T22:16:28,cc_too_short,,,,[],[]
CK5,4|2025-03-19T13:34:18|2025-03-19T15:22:08,2025-03-19T15:22:08,cc_low_Ah,,,,[],[]
CK5,4|2025-03-19T15:46:18|2025-03-19T17:30:18,2025-03-19T17:30:18,cc_too_short,,,,[],[]
CK5,4|2025-03-19T18:01:08|2025-03-19T19:06:27,2025-03-19T19:06:27,pass,shallow,26.28,20.4,"[1, 2, 3, 4]",[]
CK5,4|2025-03-20T11:35:28|2025-03-20T13:42:58,2025-03-20T13:42:58,cc_low_Ah,,,,[],[]
CK5,4|2025-03-20T15:07:28|2025-03-20T15:12:58,2025-03-20T15:12:58,total_low_Ah,,,,[],[]
CK5,4|2025-03-20T15:21:08|2025-03-20T15:26:08,2025-03-20T15:26:08,total_low_Ah,,,,[],[]
CK5,4|2025-03-20T15:36:28|2025-03-20T15:41:38,2025-03-20T15:41:38,total_low_Ah,,,,[],[]
CK5,4|2025-03-20T15:56:18|2025-03-20T16:04:48,2025-03-20T16:04:48,total_low_Ah,,,,[],[]
CK5,4|2025-03-20T16:06:18|2025-03-20T17:12:08,2025-03-20T17:12:08,total_low_Ah,,,,[],[]
CK5,4|2025-03-20T17:48:48|2025-03-20T19:34:58,2025-03-20T19:34:58,unstable_cc_start,,,,[],[]
CK5,4|2025-03-21T15:20:25|2025-03-21T15:24:15,2025-03-21T15:24:15,total_low_Ah,,,,[],[]
CK5,4|2025-03-21T15:36:35|2025-03-21T18:19:25,2025-03-21T18:19:25,unstable_cc_start,,,,[],[]
CK5,4|2025-03-21T18:30:35|2025-03-21T18:39:45,2025-03-21T18:39:45,total_low_Ah,,,,[],[]
CK5,4|2025-03-21T18:42:25|2025-03-21T19:03:35,2025-03-21T19:03:35,total_low_Ah,,,,[],[]
CK5,4|2025-03-21T19:06:45|2025-03-21T19:13:35,2025-03-21T19:13:35,total_low_Ah,,,,[],[]
CK5,4|2025-03-21T19:17:25|2025-03-21T19:23:35,2025-03-21T19:23:35,total_low_Ah,,,,[],[]
CK5,4|2025-03-21T19:31:45|2025-03-21T20:06:25,2025-03-21T20:06:25,total_low_Ah,,,,[],[]
CK5,4|2025-03-22T11:40:15|2025-03-22T14:00:45,2025-03-22T14:00:45,cc_too_short,,,,[],[]
CK5,4|2025-03-22T14:01:05|2025-03-22T14:11:55,2025-03-22T14:11:55,total_low_Ah,,,,[],[]
CK5,4|2025-03-22T14:12:15|2025-03-22T16:20:55,2025-03-22T16:20:55,cc_low_Ah,,,,[],[]
CK5,5|2025-03-23T17:23:15|2025-03-23T19:06:35,2025-03-23T19:06:35,total_low_Ah,,,,[],[]
CK5,5|2025-03-23T22:25:15|2025-03-23T23:47:05,2025-03-23T23:47:05,total_low_Ah,,,,[],[]
CK5,5|2025-03-24T01:27:45|2025-03-24T01:50:15,2025-03-24T01:50:15,total_low_Ah,,,,[],[]
CK5,5|2025-03-24T06:24:35|2025-03-24T07:51:15,2025-03-24T07:51:15,total_low_Ah,,,,[],[]
CK5,5|2025-03-24T07:59:55|2025-03-24T08:03:45,2025-03-24T08:03:45,total_low_Ah,,,,[],[]
CK5,5|2025-03-24T08:09:45|2025-03-24T08:16:55,2025-03-24T08:16:55,total_low_Ah,,,,[],[]
CK5,5|2025-03-24T08:26:45|2025-03-24T09:07:15,2025-03-24T09:07:15,total_low_Ah,,,,[],[]
CK5,5|2025-03-24T09:15:05|2025-03-24T09:20:25,2025-03-24T09:20:25,total_low_Ah,,,,[],[]
CK5,5|2025-03-24T12:30:45|2025-03-24T15:35:15,2025-03-24T15:35:15,cc_too_short,,,,[],[]
CK5,5|2025-03-25T06:53:05|2025-03-25T08:40:55,2025-03-25T08:40:55,cc_low_Ah,,,,[],[]
CK5,5|2025-03-25T09:05:05|2025-03-25T10:49:05,2025-03-25T10:49:05,cc_too_short,,,,[],[]
CK5,5|2025-03-25T11:19:59|2025-03-25T12:25:08,2025-03-25T12:25:08,pass,shallow,46.375,20.4,"[1, 2, 3, 4]",[]
CK5,5|2025-03-26T04:54:08|2025-03-26T07:01:38,2025-03-26T07:01:38,cc_low_Ah,,,,[],[]
CK5,5|2025-03-26T08:26:08|2025-03-26T08:31:38,2025-03-26T08:31:38,total_low_Ah,,,,[],[]
CK5,5|2025-03-26T08:39:48|2025-03-26T08:44:48,2025-03-26T08:44:48,total_low_Ah,,,,[],[]
CK5,5|2025-03-26T08:55:08|2025-03-26T09:00:18,2025-03-26T09:00:18,total_low_Ah,,,,[],[]
CK5,5|2025-03-26T09:14:58|2025-03-26T09:23:28,2025-03-26T09:23:28,total_low_Ah,,,,[],[]
CK5,5|2025-03-26T09:24:58|2025-03-26T10:30:48,2025-03-26T10:30:48,total_low_Ah,,,,[],[]
CK5,5|2025-03-26T11:07:28|2025-03-26T12:53:38,2025-03-26T12:53:38,unstable_cc_start,,,,[],[]
CK5,5|2025-03-27T08:38:58|2025-03-27T08:42:48,2025-03-27T08:42:48,total_low_Ah,,,,[],[]
CK5,5|2025-03-27T08:55:08|2025-03-27T11:37:58,2025-03-27T11:37:58,unstable_cc_start,,,,[],[]
CK5,5|2025-03-27T11:49:08|2025-03-27T11:58:18,2025-03-27T11:58:18,total_low_Ah,,,,[],[]
CK5,5|2025-03-27T12:00:58|2025-03-27T12:22:08,2025-03-27T12:22:08,total_low_Ah,,,,[],[]
CK5,5|2025-03-27T12:25:18|2025-03-27T12:32:08,2025-03-27T12:32:08,total_low_Ah,,,,[],[]
CK5,5|2025-03-27T12:35:58|2025-03-27T12:42:08,2025-03-27T12:42:08,total_low_Ah,,,,[],[]
CK5,5|2025-03-27T12:50:18|2025-03-27T13:24:58,2025-03-27T13:24:58,total_low_Ah,,,,[],[]
CK5,5|2025-03-28T04:58:48|2025-03-28T07:19:18,2025-03-28T07:19:18,cc_too_short,,,,[],[]
CK5,5|2025-03-28T07:19:38|2025-03-28T07:30:28,2025-03-28T07:30:28,total_low_Ah,,,,[],[]
CK5,5|2025-03-28T07:30:48|2025-03-28T09:39:28,2025-03-28T09:39:28,cc_low_Ah,,,,[],[]
CK5,5|2025-03-28T13:28:08|2025-03-28T15:11:28,2025-03-28T15:11:28,total_low_Ah,,,,[],[]
CK5,5|2025-03-28T18:30:08|2025-03-28T19:51:58,2025-03-28T19:51:58,total_low_Ah,,,,[],[]
CK5,5|2025-03-28T21:32:38|2025-03-28T21:55:08,2025-03-28T21:55:08,total_low_Ah,,,,[],[]
CK5,5|2025-03-29T02:29:28|2025-03-29T03:56:08,2025-03-29T03:56:08,total_low_Ah,,,,[],[]
CK5,5|2025-03-29T04:04:48|2025-03-29T04:08:38,2025-03-29T04:08:38,total_low_Ah,,,,[],[]
CK5,5|2025-03-29T04:14:38|2025-03-29T04:21:48,2025-03-29T04:21:48,total_low_Ah,,,,[],[]
CK5,5|2025-03-29T04:31:38|2025-03-29T05:12:08,2025-03-29T05:12:08,total_low_Ah,,,,[],[]
CK5,5|2025-03-29T05:19:58|2025-03-29T05:25:18,2025-03-29T05:25:18,total_low_Ah,,,,[],[]
CK5,5|2025-03-29T08:35:38|2025-03-29T11:40:08,2025-03-29T11:40:08,cc_too_short,,,,[],[]
CK5,5|2025-03-30T02:57:58|2025-03-30T04:45:48,2025-03-30T04:45:48,cc_low_Ah,,,,[],[]
CK5,5|2025-03-30T05:09:58|2025-03-30T06:53:58,2025-03-30T06:53:58,cc_too_short,,,,[],[]
CK5,5|2025-03-30T07:24:49|2025-03-30T08:28:45,2025-03-30T08:28:45,pass,shallow,46.41,20.4,"[1, 2, 3, 4]",[]
CK5,5|2025-03-31T00:57:46|2025-03-31T03:05:16,2025-03-31T03:05:16,cc_low_Ah,,,,[],[]
CK5,5|2025-03-31T04:29:46|2025-03-31T04:35:16,2025-03-31T04:35:16,total_low_Ah,,,,[],[]
CK5,5|2025-03-31T04:43:26|2025-03-31T04:48:26,2025-03-31T04:48:26,total_low_Ah,,,,[],[]
CK5,5|2025-03-31T04:58:46|2025-03-31T05:03:56,2025-03-31T05:03:56,total_low_Ah,,,,[],[]
CK5,5|2025-03-31T05:18:36|2025-03-31T05:27:06,2025-03-31T05:27:06,total_low_Ah,,,,[],[]
CK5,5|2025-03-31T05:28:36|2025-03-31T06:34:26,2025-03-31T06:34:26,total_low_Ah,,,,[],[]
CK5,5|2025-03-31T07:11:06|2025-03-31T08:57:16,2025-03-31T08:57:16,unstable_cc_start,,,,[],[]
CK5,5|2025-04-01T04:42:36|2025-04-01T04:46:26,2025-04-01T04:46:26,total_low_Ah,,,,[],[]
CK5,5|2025-04-01T04:58:46|2025-04-01T07:41:36,2025-04-01T07:41:36,unstable_cc_start,,,,[],[]
CK5,5|2025-04-01T07:52:46|2025-04-01T08:01:56,2025-04-01T08:01:56,total_low_Ah,,,,[],[]
CK5,5|2025-04-01T08:04:36|2025-04-01T08:25:46,2025-04-01T08:25:46,total_low_Ah,,,,[],[]
CK5,5|2025-04-01T08:28:56|2025-04-01T08:35:46,2025-04-01T08:35:46,total_low_Ah,,,,[],[]
CK5,5|2025-04-01T08:39:36|2025-04-01T08:45:46,2025-04-01T08:45:46,total_low_Ah,,,,[],[]
CK5,5|2025-04-01T08:53:56|2025-04-01T09:28:36,2025-04-01T09:28:36,total_low_Ah,,,,[],[]
CK5,5|2025-04-02T01:02:26|2025-04-02T03:22:56,2025-04-02T03:22:56,cc_too_short,,,,[],[]
CK5,5|2025-04-02T03:23:16|2025-04-02T03:34:06,2025-04-02T03:34:06,total_low_Ah,,,,[],[]
CK5,5|2025-04-02T03:34:26|2025-04-02T05:43:06,2025-04-02T05:43:06,cc_low_Ah,,,,[],[]
CK5,5|2025-04-02T09:31:46|2025-04-02T11:15:06,2025-04-02T11:15:06,total_low_Ah,,,,[],[]
CK5,5|2025-04-02T14:33:46|2025-04-02T15:55:36,2025-04-02T15:55:36,total_low_Ah,,,,[],[]
CK5,5|2025-04-02T17:36:16|2025-04-02T17:58:46,2025-04-02T17:58:46,total_low_Ah,,,,[],[]
CK5,5|2025-04-02T22:33:06|2025-04-02T23:59:46,2025-04-02T23:59:46,total_low_Ah,,,,[],[]
CK5,5|2025-04-03T00:08:26|2025-04-03T00:12:16,2025-04-03T00:12:16,total_low_Ah,,,,[],[]
CK5,5|2025-04-03T00:18:16|2025-04-03T00:25:26,2025-04-03T00:25:26,total_low_Ah,,,,[],[]
CK5,5|2025-04-03T00:35:16|2025-04-03T01:15:46,2025-04-03T01:15:46,total_low_Ah,,,,[],[]
CK5,5|2025-04-03T01:23:36|2025-04-03T01:28:56,2025-04-03T01:28:56,total_low_Ah,,,,[],[]
CK5,5|2025-04-03T04:39:16|2025-04-03T07:43:46,2025-04-03T07:43:46,cc_too_short,,,,[],[]
CK5,5|2025-04-03T23:01:36|2025-04-04T00:49:26,2025-04-04T00:49:26,cc_low_Ah,,,,[],[]
CK5,5|2025-04-04T01:13:36|2025-04-04T02:57:36,2025-04-04T02:57:36,cc_too_short,,,,[],[]
CK5,5|2025-04-04T03:28:26|2025-04-04T04:32:30,2025-04-04T04:32:30,pass,shallow,46.45,20.4,"[1, 2, 3, 4]",[]
CK5,5|2025-04-04T21:01:31|2025-04-04T23:09:01,2025-04-04T23:09:01,cc_low_Ah,,,,[],[]
CK5,5|2025-04-05T00:33:31|2025-04-05T00:39:01,2025-04-05T00:39:01,total_low_Ah,,,,[],[]
CK5,5|2025-04-05T00:47:11|2025-04-05T00:52:11,2025-04-05T00:52:11,total_low_Ah,,,,[],[]
CK5,5|2025-04-05T01:02:31|2025-04-05T01:07:41,2025-04-05T01:07:41,total_low_Ah,,,,[],[]
CK5,5|2025-04-05T01:22:21|2025-04-05T01:30:51,2025-04-05T01:30:51,total_low_Ah,,,,[],[]
CK5,5|2025-04-05T01:32:21|2025-04-05T02:38:11,2025-04-05T02:38:11,total_low_Ah,,,,[],[]
CK5,5|2025-04-05T03:14:51|2025-04-05T05:01:01,2025-04-05T05:01:01,unstable_cc_start,,,,[],[]
CK5,5|2025-04-06T00:46:21|2025-04-06T00:50:11,2025-04-06T00:50:11,total_low_Ah,,,,[],[]
CK5,5|2025-04-06T01:02:31|2025-04-06T03:45:21,2025-04-06T03:45:21,unstable_cc_start,,,,[],[]
CK5,5|2025-04-06T03:56:31|2025-04-06T04:05:41,2025-04-06T04:05:41,total_low_Ah,,,,[],[]
CK5,5|2025-04-06T04:08:21|2025-04-06T04:29:31,2025-04-06T04:29:31,total_low_Ah,,,,[],[]
CK5,5|2025-04-06T04:32:41|2025-04-06T04:39:31,2025-04-06T04:39:31,total_low_Ah,,,,[],[]
CK5,5|2025-04-06T04:43:21|2025-04-06T04:49:31,2025-04-06T04:49:31,total_low_Ah,,,,[],[]
CK5,5|2025-04-06T04:57:41|2025-04-06T05:32:21,2025-04-06T05:32:21,total_low_Ah,,,,[],[]
CK5,5|2025-04-06T21:06:11|2025-04-06T23:26:41,2025-04-06T23:26:41,cc_too_short,,,,[],[]
CK5,5|2025-04-06T23:27:01|2025-04-06T23:37:51,2025-04-06T23:37:51,total_low_Ah,,,,[],[]
CK5,5|2025-04-06T23:38:11|2025-04-07T01:46:51,2025-04-07T01:46:51,cc_low_Ah,,,,[],[]
CK5,5|2025-04-07T05:35:31|2025-04-07T07:18:51,2025-04-07T07:18:51,total_low_Ah,,,,[],[]
CK5,5|2025-04-07T10:37:31|2025-04-07T11:59:21,2025-04-07T11:59:21,total_low_Ah,,,,[],[]
CK5,5|2025-04-07T13:40:10|2025-04-07T14:02:40,2025-04-07T14:02:40,total_low_Ah,,,,[],[]
CK5,5|2025-04-07T18:37:00|2025-04-07T20:03:40,2025-04-07T20:03:40,total_low_Ah,,,,[],[]
CK5,5|2025-04-07T20:12:20|2025-04-07T20:16:10,2025-04-07T20:16:10,total_low_Ah,,,,[],[]
CK5,5|2025-04-07T20:22:10|2025-04-07T20:29:20,2025-04-07T20:29:20,total_low_Ah,,,,[],[]
CK5,5|2025-04-07T20:39:10|2025-04-07T21:19:40,2025-04-07T21:19:40,total_low_Ah,,,,[],[]
CK5,5|2025-04-07T21:27:30|2025-04-07T21:32:50,2025-04-07T21:32:50,total_low_Ah,,,,[],[]
CK5,5|2025-04-08T00:43:10|2025-04-08T03:47:40,2025-04-08T03:47:40,cc_too_short,,,,[],[]
CK5,5|2025-04-08T19:05:30|2025-04-08T20:53:20,2025-04-08T20:53:20,cc_low_Ah,,,,[],[]
CK5,5|2025-04-08T21:17:30|2025-04-08T23:01:30,2025-04-08T23:01:30,cc_too_short,,,,[],[]
CK5,5|2025-04-08T23:32:21|2025-04-09T00:36:15,2025-04-09T00:36:15,pass,shallow,46.4,20.4,"[1, 2, 3, 4]",[]
CK5,5|2025-04-09T17:05:15|2025-04-09T19:12:45,2025-04-09T19:12:45,cc_low_Ah,,,,[],[]
CK5,5|2025-04-09T20:37:15|2025-04-09T20:42:45,2025-04-09T20:42:45,total_low_Ah,,,,[],[]
CK5,5|2025-04-09T20:50:55|2025-04-09T20:55:55,2025-04-09T20:55:55,total_low_Ah,,,,[],[]
CK5,5|2025-04-09T21:06:15|2025-04-09T21:11:25,2025-04-09T21:11:25,total_low_Ah,,,,[],[]
CK5,5|2025-04-09T21:26:05|2025-04-09T21:34:35,2025-04-09T21:34:35,total_low_Ah,,,,[],[]
CK5,5|2025-04-09T21:36:05|2025-04-09T22:41:55,2025-04-09T22:41:55,total_low_Ah,,,,[],[]
CK5,5|2025-04-09T23:18:35|2025-04-10T01:04:45,2025-04-10T01:04:45,unstable_cc_start,,,,[],[]
CK5,5|2025-04-10T20:50:05|2025-04-10T20:53:55,2025-04-10T20:53:55,total_low_Ah,,,,[],[]
CK5,5|2025-04-10T21:06:15|2025-04-10T23:49:05,2025-04-10T23:49:05,unstable_cc_start,,,,[],[]
CK5,5|2025-04-11T00:00:15|2025-04-11T00:09:25,2025-04-11T00:09:25,total_low_Ah,,,,[],[]
CK5,5|2025-04-11T00:12:05|2025-04-11T00:33:15,2025-04-11T00:33:15,total_low_Ah,,,,[],[]
CK5,5|2025-04-11T00:36:25|2025-04-11T00:43:15,2025-04-11T00:43:15,total_low_Ah,,,,[],[]
CK5,5|2025-04-11T00:47:05|2025-04-11T00:53:15,2025-04-11T00:53:15,total_low_Ah,,,,[],[]
CK5,5|2025-04-11T01:01:25|2025-04-11T01:36:05,2025-04-11T01:36:05,total_low_Ah,,,,[],[]
CK5,5|2025-04-11T17:09:55|2025-04-11T19:30:25,2025-04-11T19:30:25,cc_too_short,,,,[],[]
CK5,5|2025-04-11T19:30:45|2025-04-11T19:41:35,2025-04-11T19:41:35,total_low_Ah,,,,[],[]
CK5,5|2025-04-11T19:41:55|2025-04-11T21:50:35,2025-04-11T21:50:35,cc_low_Ah,,,,[],[]
CK5,5|2025-04-12T01:39:15|2025-04-12T03:22:35,2025-04-12T03:22:35,total_low_Ah,,,,[],[]
CK5,5|2025-04-12T06:41:15|2025-04-12T08:03:05,2025-04-12T08:03:05,total_low_Ah,,,,[],[]
CK5,5|2025-04-12T09:43:45|2025-04-12T10:06:15,2025-04-12T10:06:15,total_low_Ah,,,,[],[]
CK5,5|2025-04-12T14:40:35|2025-04-12T16:07:15,2025-04-12T16:07:15,total_low_Ah,,,,[],[]
CK5,5|2025-04-12T16:15:55|2025-04-12T16:19:45,2025-04-12T16:19:45,total_low_Ah,,,,[],[]
CK5,5|2025-04-12T16:25:45|2025-04-12T16:32:55,2025-04-12T16:32:55,total_low_Ah,,,,[],[]
CK5,5|2025-04-12T16:42:45|2025-04-12T17:23:15,2025-04-12T17:23:15,total_low_Ah,,,,[],[]
CK5,5|2025-04-12T17:31:05|2025-04-12T17:36:25,2025-04-12T17:36:25,total_low_Ah,,,,[],[]
CK5,5|2025-04-12T20:46:45|2025-04-12T23:51:15,2025-04-12T23:51:15,cc_too_short,,,,[],[]
CK5,5|2025-04-13T15:09:05|2025-04-13T15:21:55,2025-04-13T15:21:55,total_low_Ah,,,,[],[]
CK5,6|2025-04-16T20:07:22|2025-04-17T00:49:57,2025-04-17T00:49:57,pass,deep,26.61,20.4,"[1, 2, 3, 4]",[]
CK5,6|2025-04-17T17:18:58|2025-04-17T19:26:28,2025-04-17T19:26:28,cc_low_Ah,,,,[],[]
CK5,6|2025-04-17T20:50:58|2025-04-17T20:56:28,2025-04-17T20:56:28,total_low_Ah,,,,[],[]
CK5,6|2025-04-17T21:04:38|2025-04-17T21:09:38,2025-04-17T21:09:38,total_low_Ah,,,,[],[]
CK5,6|2025-04-17T21:19:58|2025-04-17T21:25:08,2025-04-17T21:25:08,total_low_Ah,,,,[],[]
CK5,6|2025-04-17T21:39:48|2025-04-17T21:48:18,2025-04-17T21:48:18,total_low_Ah,,,,[],[]
CK5,6|2025-04-17T21:49:48|2025-04-17T22:55:38,2025-04-17T22:55:38,total_low_Ah,,,,[],[]
CK5,6|2025-04-17T23:32:18|2025-04-18T01:18:28,2025-04-18T01:18:28,unstable_cc_start,,,,[],[]
CK5,6|2025-04-19T00:42:25|2025-04-19T00:46:15,2025-04-19T00:46:15,total_low_Ah,,,,[],[]
CK5,6|2025-04-19T00:58:35|2025-04-19T02:12:05,2025-04-19T02:12:05,unstable_cc_start,,,,[],[]
CK5,6|2025-04-19T18:50:44|2025-04-19T20:19:44,2025-04-19T20:19:44,cc_low_Ah,,,,[],[]
CK5,6|2025-04-19T20:30:54|2025-04-19T20:40:04,2025-04-19T20:40:04,total_low_Ah,,,,[],[]
CK5,6|2025-04-19T20:42:44|2025-04-19T21:03:54,2025-04-19T21:03:54,total_low_Ah,,,,[],[]
CK5,6|2025-04-19T21:07:04|2025-04-19T21:13:54,2025-04-19T21:13:54,total_low_Ah,,,,[],[]
CK5,6|2025-04-19T21:17:44|2025-04-19T21:23:54,2025-04-19T21:23:54,total_low_Ah,,,,[],[]
CK5,6|2025-04-19T21:32:04|2025-04-19T22:06:44,2025-04-19T22:06:44,total_low_Ah,,,,[],[]
CK5,6|2025-04-20T13:40:34|2025-04-20T16:01:04,2025-04-20T16:01:04,cc_too_short,,,,[],[]
CK5,6|2025-04-20T16:01:24|2025-04-20T16:12:14,2025-04-20T16:12:14,total_low_Ah,,,,[],[]
CK5,6|2025-04-20T16:12:34|2025-04-20T18:21:14,2025-04-20T18:21:14,cc_low_Ah,,,,[],[]
CK5,6|2025-04-20T22:09:54|2025-04-20T23:53:14,2025-04-20T23:53:14,total_low_Ah,,,,[],[]
CK5,6|2025-04-21T03:11:54|2025-04-21T04:33:44,2025-04-21T04:33:44,total_low_Ah,,,,[],[]
CK5,6|2025-04-21T06:14:24|2025-04-21T06:36:54,2025-04-21T06:36:54,total_low_Ah,,,,[],[]
CK5,6|2025-04-21T11:11:14|2025-04-21T12:37:54,2025-04-21T12:37:54,total_low_Ah,,,,[],[]
CK5,6|2025-04-21T12:46:34|2025-04-21T12:50:24,2025-04-21T12:50:24,total_low_Ah,,,,[],[]
CK5,6|2025-04-21T12:56:24|2025-04-21T13:03:34,2025-04-21T13:03:34,total_low_Ah,,,,[],[]
CK5,6|2025-04-21T13:13:24|2025-04-21T13:53:54,2025-04-21T13:53:54,total_low_Ah,,,,[],[]
CK5,6|2025-04-21T14:01:44|2025-04-21T14:07:04,2025-04-21T14:07:04,total_low_Ah,,,,[],[]
CK5,6|2025-04-21T17:17:24|2025-04-21T20:21:54,2025-04-21T20:21:54,cc_too_short,,,,[],[]
CK5,6|2025-04-22T11:39:44|2025-04-22T13:27:34,2025-04-22T13:27:34,cc_low_Ah,,,,[],[]
CK5,6|2025-04-22T13:51:44|2025-04-22T15:35:44,2025-04-22T15:35:44,cc_too_short,,,,[],[]
CK5,6|2025-04-22T16:06:36|2025-04-22T17:12:19,2025-04-22T17:12:19,pass,shallow,26.365000000000002,20.4,"[1, 2, 3, 4]",[]
CK5,6|2025-04-23T09:41:19|2025-04-23T11:48:49,2025-04-23T11:48:49,cc_low_Ah,,,,[],[]
CK5,6|2025-04-23T13:13:19|2025-04-23T13:18:49,2025-04-23T13:18:49,total_low_Ah,,,,[],[]
CK5,6|2025-04-23T13:26:59|2025-04-23T13:31:59,2025-04-23T13:31:59,total_low_Ah,,,,[],[]
CK5,6|2025-04-23T13:42:19|2025-04-23T13:47:29,2025-04-23T13:47:29,total_low_Ah,,,,[],[]
CK5,6|2025-04-23T14:02:09|2025-04-23T14:10:39,2025-04-23T14:10:39,total_low_Ah,,,,[],[]
CK5,6|2025-04-23T14:12:09|2025-04-23T15:17:59,2025-04-23T15:17:59,total_low_Ah,,,,[],[]
CK5,6|2025-04-23T15:54:39|2025-04-23T17:40:49,2025-04-23T17:40:49,unstable_cc_start,,,,[],[]
CK5,6|2025-04-24T13:26:09|2025-04-24T13:29:59,2025-04-24T13:29:59,total_low_Ah,,,,[],[]
CK5,6|2025-04-24T13:42:19|2025-04-24T16:25:09,2025-04-24T16:25:09,unstable_cc_start,,,,[],[]
CK5,6|2025-04-24T16:36:19|2025-04-24T16:45:29,2025-04-24T16:45:29,total_low_Ah,,,,[],[]
CK5,6|2025-04-24T16:48:09|2025-04-24T17:09:19,2025-04-24T17:09:19,total_low_Ah,,,,[],[]
CK5,6|2025-04-24T17:12:29|2025-04-24T17:19:19,2025-04-24T17:19:19,total_low_Ah,,,,[],[]
CK5,6|2025-04-24T17:23:09|2025-04-24T17:29:19,2025-04-24T17:29:19,total_low_Ah,,,,[],[]
CK5,6|2025-04-24T17:37:29|2025-04-24T18:12:09,2025-04-24T18:12:09,total_low_Ah,,,,[],[]
CK5,6|2025-04-25T09:46:25|2025-04-25T12:06:55,2025-04-25T12:06:55,cc_too_short,,,,[],[]
CK5,6|2025-04-25T12:07:15|2025-04-25T12:18:05,2025-04-25T12:18:05,total_low_Ah,,,,[],[]
CK5,6|2025-04-25T12:18:25|2025-04-25T14:27:05,2025-04-25T14:27:05,cc_low_Ah,,,,[],[]
CK5,7|2025-04-26T01:07:55|2025-04-26T02:51:15,2025-04-26T02:51:15,total_low_Ah,,,,[],[]
CK5,7|2025-04-26T06:09:55|2025-04-26T07:31:45,2025-04-26T07:31:45,total_low_Ah,,,,[],[]
CK5,7|2025-04-26T09:12:25|2025-04-26T09:34:55,2025-04-26T09:34:55,total_low_Ah,,,,[],[]
CK5,7|2025-04-26T14:09:15|2025-04-26T15:35:55,2025-04-26T15:35:55,total_low_Ah,,,,[],[]
CK5,7|2025-04-26T15:44:35|2025-04-26T15:48:25,2025-04-26T15:48:25,total_low_Ah,,,,[],[]
CK5,7|2025-04-26T15:54:25|2025-04-26T16:01:35,2025-04-26T16:01:35,total_low_Ah,,,,[],[]
CK5,7|2025-04-26T16:11:25|2025-04-26T16:51:55,2025-04-26T16:51:55,total_low_Ah,,,,[],[]
CK5,7|2025-04-26T16:59:45|2025-04-26T17:05:05,2025-04-26T17:05:05,total_low_Ah,,,,[],[]
CK5,7|2025-04-26T20:15:25|2025-04-26T23:19:55,2025-04-26T23:19:55,cc_too_short,,,,[],[]
CK5,7|2025-04-27T14:37:45|2025-04-27T16:25:35,2025-04-27T16:25:35,cc_low_Ah,,,,[],[]
CK5,7|2025-04-27T16:49:45|2025-04-27T18:33:45,2025-04-27T18:33:45,cc_too_short,,,,[],[]
CK5,7|2025-04-27T19:04:43|2025-04-27T20:10:07,2025-04-27T20:10:07,pass,shallow,46.385000000000005,20.4,"[1, 2, 3, 4]",[]
CK5,7|2025-04-28T12:39:07|2025-04-28T14:46:37,2025-04-28T14:46:37,cc_low_Ah,,,,[],[]
CK5,7|2025-04-28T16:11:07|2025-04-28T16:16:37,2025-04-28T16:16:37,total_low_Ah,,,,[],[]
CK5,7|2025-04-28T16:24:47|2025-04-28T16:29:47,2025-04-28T16:29:47,total_low_Ah,,,,[],[]
CK5,7|2025-04-28T16:40:07|2025-04-28T16:45:17,2025-04-28T16:45:17,total_low_Ah,,,,[],[]
CK5,7|2025-04-28T16:59:57|2025-04-28T17:08:27,2025-04-28T17:08:27,total_low_Ah,,,,[],[]
CK5,7|2025-04-28T17:09:57|2025-04-28T18:15:47,2025-04-28T18:15:47,total_low_Ah,,,,[],[]
CK5,7|2025-04-28T18:52:27|2025-04-28T20:38:37,2025-04-28T20:38:37,unstable_cc_start,,,,[],[]
CK5,7|2025-04-29T16:23:57|2025-04-29T16:27:47,2025-04-29T16:27:47,total_low_Ah,,,,[],[]
CK5,7|2025-04-29T16:40:07|2025-04-29T19:22:57,2025-04-29T19:22:57,unstable_cc_start,,,,[],[]
CK5,7|2025-04-29T19:34:07|2025-04-29T19:43:17,2025-04-29T19:43:17,total_low_Ah,,,,[],[]
CK5,7|2025-04-29T19:45:57|2025-04-29T20:07:07,2025-04-29T20:07:07,total_low_Ah,,,,[],[]
CK5,7|2025-04-29T20:10:17|2025-04-29T20:17:07,2025-04-29T20:17:07,total_low_Ah,,,,[],[]
CK5,7|2025-04-29T20:20:57|2025-04-29T20:27:07,2025-04-29T20:27:07,total_low_Ah,,,,[],[]
CK5,7|2025-04-29T20:35:17|2025-04-29T21:09:57,2025-04-29T21:09:57,total_low_Ah,,,,[],[]
CK5,7|2025-04-30T12:43:47|2025-04-30T15:04:17,2025-04-30T15:04:17,cc_too_short,,,,[],[]
CK5,7|2025-04-30T15:04:37|2025-04-30T15:15:27,2025-04-30T15:15:27,total_low_Ah,,,,[],[]
CK5,7|2025-04-30T15:15:47|2025-04-30T17:24:27,2025-04-30T17:24:27,cc_low_Ah,,,,[],[]
CK5,7|2025-04-30T21:13:07|2025-04-30T22:56:27,2025-04-30T22:56:27,total_low_Ah,,,,[],[]
CK5,7|2025-05-01T02:15:07|2025-05-01T03:36:57,2025-05-01T03:36:57,total_low_Ah,,,,[],[]
CK5,7|2025-05-01T05:17:37|2025-05-01T05:40:07,2025-05-01T05:40:07,total_low_Ah,,,,[],[]
CK5,7|2025-05-01T10:14:27|2025-05-01T11:41:07,2025-05-01T11:41:07,total_low_Ah,,,,[],[]
CK5,7|2025-05-01T11:49:47|2025-05-01T11:53:37,2025-05-01T11:53:37,total_low_Ah,,,,[],[]
CK5,7|2025-05-01T11:59:37|2025-05-01T12:06:47,2025-05-01T12:06:47,total_low_Ah,,,,[],[]
CK5,7|2025-05-01T12:16:37|2025-05-01T12:57:07,2025-05-01T12:57:07,total_low_Ah,,,,[],[]
CK5,7|2025-05-01T13:04:57|2025-05-01T13:10:17,2025-05-01T13:10:17,total_low_Ah,,,,[],[]
CK5,7|2025-05-01T16:20:37|2025-05-01T19:25:07,2025-05-01T19:25:07,cc_too_short,,,,[],[]
CK5,7|2025-05-02T10:42:57|2025-05-02T12:30:47,2025-05-02T12:30:47,cc_low_Ah,,,,[],[]
CK5,7|2025-05-02T12:54:57|2025-05-02T14:38:57,2025-05-02T14:38:57,cc_too_short,,,,[],[]
CK5,7|2025-05-02T15:09:48|2025-05-02T16:13:51,2025-05-02T16:13:51,pass,shallow,46.61,20.4,"[1, 2, 3, 4]",[]
CK5,7|2025-05-03T08:42:52|2025-05-03T10:50:22,2025-05-03T10:50:22,cc_low_Ah,,,,[],[]
CK5,7|2025-05-03T12:14:52|2025-05-03T12:20:22,2025-05-03T12:20:22,total_low_Ah,,,,[],[]
CK5,7|2025-05-03T12:28:32|2025-05-03T12:33:32,2025-05-03T12:33:32,total_low_Ah,,,,[],[]
CK5,7|2025-05-03T12:43:52|2025-05-03T12:49:02,2025-05-03T12:49:02,total_low_Ah,,,,[],[]
CK5,7|2025-05-03T13:03:42|2025-05-03T13:12:12,2025-05-03T13:12:12,total_low_Ah,,,,[],[]
CK5,7|2025-05-03T13:13:42|2025-05-03T14:19:32,2025-05-03T14:19:32,total_low_Ah,,,,[],[]
CK5,7|2025-05-03T14:56:12|2025-05-03T16:42:22,2025-05-03T16:42:22,unstable_cc_start,,,,[],[]
CK5,7|2025-05-04T12:27:42|2025-05-04T12:31:32,2025-05-04T12:31:32,total_low_Ah,,,,[],[]
CK5,7|2025-05-04T12:43:52|2025-05-04T15:26:42,2025-05-04T15:26:42,unstable_cc_start,,,,[],[]
CK5,7|2025-05-04T15:37:52|2025-05-04T15:47:02,2025-05-04T15:47:02,total_low_Ah,,,,[],[]
CK5,7|2025-05-04T15:49:42|2025-05-04T16:10:52,2025-05-04T16:10:52,total_low_Ah,,,,[],[]
CK5,7|2025-05-04T16:14:02|2025-05-04T16:20:52,2025-05-04T16:20:52,total_low_Ah,,,,[],[]
CK5,7|2025-05-04T16:24:42|2025-05-04T16:30:52,2025-05-04T16:30:52,total_low_Ah,,,,[],[]
CK5,7|2025-05-04T16:39:02|2025-05-04T17:13:42,2025-05-04T17:13:42,total_low_Ah,,,,[],[]
CK5,7|2025-05-05T08:47:32|2025-05-05T11:08:02,2025-05-05T11:08:02,cc_too_short,,,,[],[]
CK5,7|2025-05-05T11:08:22|2025-05-05T11:19:12,2025-05-05T11:19:12,total_low_Ah,,,,[],[]
CK5,7|2025-05-05T11:19:32|2025-05-05T13:28:12,2025-05-05T13:28:12,cc_low_Ah,,,,[],[]
CK5,7|2025-05-05T17:16:52|2025-05-05T19:00:12,2025-05-05T19:00:12,total_low_Ah,,,,[],[]
CK5,7|2025-05-05T22:18:52|2025-05-05T23:40:42,2025-05-05T23:40:42,total_low_Ah,,,,[],[]
CK5,7|2025-05-06T01:21:22|2025-05-06T01:43:52,2025-05-06T01:43:52,total_low_Ah,,,,[],[]
CK5,7|2025-05-06T06:18:12|2025-05-06T07:44:52,2025-05-06T07:44:52,total_low_Ah,,,,[],[]
CK5,7|2025-05-06T07:53:32|2025-05-06T07:57:22,2025-05-06T07:57:22,total_low_Ah,,,,[],[]
CK5,7|2025-05-06T08:03:22|2025-05-06T08:10:32,2025-05-06T08:10:32,total_low_Ah,,,,[],[]
CK5,7|2025-05-06T08:20:22|2025-05-06T09:00:52,2025-05-06T09:00:52,total_low_Ah,,,,[],[]
CK5,7|2025-05-06T09:08:42|2025-05-06T09:14:02,2025-05-06T09:14:02,total_low_Ah,,,,[],[]
CK5,7|2025-05-06T12:24:22|2025-05-06T15:28:52,2025-05-06T15:28:52,cc_too_short,,,,[],[]
CK5,7|2025-05-07T06:46:42|2025-05-07T08:34:32,2025-05-07T08:34:32,cc_low_Ah,,,,[],[]
CK5,7|2025-05-07T08:58:42|2025-05-07T10:42:42,2025-05-07T10:42:42,cc_too_short,,,,[],[]
CK5,7|2025-05-07T11:13:32|2025-05-07T12:17:41,2025-05-07T12:17:41,pass,shallow,46.57,20.4,"[1, 2, 3, 4]",[]
CK5,7|2025-05-08T04:46:42|2025-05-08T06:54:12,2025-05-08T06:54:12,cc_low_Ah,,,,[],[]
CK5,7|2025-05-08T08:18:42|2025-05-08T08:24:12,2025-05-08T08:24:12,total_low_Ah,,,,[],[]
CK5,7|2025-05-08T08:32:22|2025-05-08T08:37:22,2025-05-08T08:37:22,total_low_Ah,,,,[],[]
CK5,7|2025-05-08T08:47:42|2025-05-08T08:52:52,2025-05-08T08:52:52,total_low_Ah,,,,[],[]
CK5,7|2025-05-08T09:07:32|2025-05-08T09:16:02,2025-05-08T09:16:02,total_low_Ah,,,,[],[]
CK5,7|2025-05-08T09:17:32|2025-05-08T10:23:22,2025-05-08T10:23:22,total_low_Ah,,,,[],[]
CK5,7|2025-05-08T11:00:02|2025-05-08T12:46:12,2025-05-08T12:46:12,unstable_cc_start,,,,[],[]
CK5,7|2025-05-09T08:31:32|2025-05-09T08:35:22,2025-05-09T08:35:22,total_low_Ah,,,,[],[]
CK5,7|2025-05-09T08:47:42|2025-05-09T11:30:32,2025-05-09T11:30:32,unstable_cc_start,,,,[],[]
CK5,7|2025-05-09T11:41:42|2025-05-09T11:50:52,2025-05-09T11:50:52,total_low_Ah,,,,[],[]
CK5,7|2025-05-09T11:53:32|2025-05-09T12:14:42,2025-05-09T12:14:42,total_low_Ah,,,,[],[]
CK5,7|2025-05-09T12:17:52|2025-05-09T12:24:42,2025-05-09T12:24:42,total_low_Ah,,,,[],[]
CK5,7|2025-05-09T12:28:32|2025-05-09T12:34:42,2025-05-09T12:34:42,total_low_Ah,,,,[],[]
CK5,7|2025-05-09T12:42:52|2025-05-09T13:17:32,2025-05-09T13:17:32,total_low_Ah,,,,[],[]
CK5,7|2025-05-10T04:51:22|2025-05-10T07:11:52,2025-05-10T07:11:52,cc_too_short,,,,[],[]
CK5,7|2025-05-10T07:12:12|2025-05-10T07:23:02,2025-05-10T07:23:02,total_low_Ah,,,,[],[]
CK5,7|2025-05-10T07:23:22|2025-05-10T09:32:02,2025-05-10T09:32:02,cc_low_Ah,,,,[],[]
CK5,7|2025-05-10T13:20:42|2025-05-10T15:04:02,2025-05-10T15:04:02,total_low_Ah,,,,[],[]
CK5,7|2025-05-10T18:22:42|2025-05-10T19:44:32,2025-05-10T19:44:32,total_low_Ah,,,,[],[]
CK5,7|2025-05-10T21:25:12|2025-05-10T21:47:42,2025-05-10T21:47:42,total_low_Ah,,,,[],[]
CK5,7|2025-05-11T02:22:02|2025-05-11T03:48:42,2025-05-11T03:48:42,total_low_Ah,,,,[],[]
CK5,7|2025-05-11T03:57:22|2025-05-11T04:01:12,2025-05-11T04:01:12,total_low_Ah,,,,[],[]
CK5,7|2025-05-11T04:07:12|2025-05-11T04:14:22,2025-05-11T04:14:22,total_low_Ah,,,,[],[]
CK5,7|2025-05-11T04:24:12|2025-05-11T05:04:42,2025-05-11T05:04:42,total_low_Ah,,,,[],[]
CK5,7|2025-05-11T05:12:32|2025-05-11T05:17:52,2025-05-11T05:17:52,total_low_Ah,,,,[],[]
CK5,7|2025-05-11T08:28:12|2025-05-11T11:32:42,2025-05-11T11:32:42,cc_too_short,,,,[],[]
CK5,7|2025-05-12T02:50:32|2025-05-12T04:38:22,2025-05-12T04:38:22,cc_low_Ah,,,,[],[]
CK5,7|2025-05-12T05:02:32|2025-05-12T06:46:32,2025-05-12T06:46:32,cc_too_short,,,,[],[]
CK5,7|2025-05-12T07:17:22|2025-05-12T08:21:14,2025-05-12T08:21:14,pass,shallow,46.54,20.4,"[1, 2, 3, 4]",[]
CK5,7|2025-05-13T00:50:14|2025-05-13T02:57:44,2025-05-13T02:57:44,cc_low_Ah,,,,[],[]
CK5,7|2025-05-13T04:22:14|2025-05-13T04:27:44,2025-05-13T04:27:44,total_low_Ah,,,,[],[]
CK5,7|2025-05-13T04:35:54|2025-05-13T04:40:54,2025-05-13T04:40:54,total_low_Ah,,,,[],[]
CK5,7|2025-05-13T04:51:14|2025-05-13T04:56:24,2025-05-13T04:56:24,total_low_Ah,,,,[],[]
CK5,7|2025-05-13T05:11:04|2025-05-13T05:19:34,2025-05-13T05:19:34,total_low_Ah,,,,[],[]
CK5,7|2025-05-13T05:21:04|2025-05-13T06:26:54,2025-05-13T06:26:54,total_low_Ah,,,,[],[]
CK5,7|2025-05-13T07:03:34|2025-05-13T08:49:44,2025-05-13T08:49:44,unstable_cc_start,,,,[],[]
CK5,7|2025-05-14T04:35:04|2025-05-14T04:38:54,2025-05-14T04:38:54,total_low_Ah,,,,[],[]
CK5,7|2025-05-14T04:51:14|2025-05-14T07:34:04,2025-05-14T07:34:04,unstable_cc_start,,,,[],[]
CK5,7|2025-05-14T07:45:14|2025-05-14T07:54:24,2025-05-14T07:54:24,total_low_Ah,,,,[],[]
CK5,7|2025-05-14T07:57:04|2025-05-14T08:18:14,2025-05-14T08:18:14,total_low_Ah,,,,[],[]
CK5,7|2025-05-14T08:21:24|2025-05-14T08:28:14,2025-05-14T08:28:14,total_low_Ah,,,,[],[]
CK5,7|2025-05-14T08:32:04|2025-05-14T08:38:14,2025-05-14T08:38:14,total_low_Ah,,,,[],[]
CK5,7|2025-05-14T08:46:24|2025-05-14T09:21:04,2025-05-14T09:21:04,total_low_Ah,,,,[],[]
CK5,7|2025-05-15T00:54:54|2025-05-15T03:15:24,2025-05-15T03:15:24,cc_too_short,,,,[],[]
CK5,7|2025-05-15T03:15:44|2025-05-15T03:26:34,2025-05-15T03:26:34,total_low_Ah,,,,[],[]
CK5,7|2025-05-15T03:26:54|2025-05-15T05:35:34,2025-05-15T05:35:34,cc_low_Ah,,,,[],[]
CK5,7|2025-05-15T09:24:14|2025-05-15T11:07:34,2025-05-15T11:07:34,total_low_Ah,,,,[],[]
CK5,7|2025-05-15T14:26:14|2025-05-15T15:48:04,2025-05-15T15:48:04,total_low_Ah,,,,[],[]
CK5,7|2025-05-15T17:28:44|2025-05-15T17:51:14,2025-05-15T17:51:14,total_low_Ah,,,,[],[]
CK5,8|2025-05-19T16:28:34|2025-05-19T21:08:59,2025-05-19T21:08:59,pass,deep,26.68,20.4,"[1, 2, 3, 4]",[]
CK5,8|2025-05-20T13:37:59|2025-05-20T15:45:29,2025-05-20T15:45:29,cc_low_Ah,,,,[],[]
CK5,8|2025-05-20T17:09:59|2025-05-20T17:15:29,2025-05-20T17:15:29,total_low_Ah,,,,[],[]
CK5,8|2025-05-20T17:23:39|2025-05-20T17:28:39,2025-05-20T17:28:39,total_low_Ah,,,,[],[]
CK5,8|2025-05-20T17:38:59|2025-05-20T17:44:09,2025-05-20T17:44:09,total_low_Ah,,,,[],[]
CK5,8|2025-05-20T17:58:49|2025-05-20T18:07:19,2025-05-20T18:07:19,total_low_Ah,,,,[],[]
CK5,8|2025-05-20T18:08:49|2025-05-20T19:14:39,2025-05-20T19:14:39,total_low_Ah,,,,[],[]
CK5,8|2025-05-20T19:51:19|2025-05-20T21:37:29,2025-05-20T21:37:29,unstable_cc_start,,,,[],[]
CK5,8|2025-05-21T17:23:06|2025-05-21T17:26:56,2025-05-21T17:26:56,total_low_Ah,,,,[],[]
CK5,8|2025-05-21T17:39:16|2025-05-21T20:22:06,2025-05-21T20:22:06,unstable_cc_start,,,,[],[]
CK5,8|2025-05-21T20:33:16|2025-05-21T20:42:26,2025-05-21T20:42:26,total_low_Ah,,,,[],[]
CK5,8|2025-05-21T20:45:06|2025-05-21T21:06:16,2025-05-21T21:06:16,total_low_Ah,,,,[],[]
CK5,8|2025-05-21T21:09:26|2025-05-21T21:16:16,2025-05-21T21:16:16,total_low_Ah,,,,[],[]
CK5,8|2025-05-21T21:20:06|2025-05-21T21:26:16,2025-05-21T21:26:16,total_low_Ah,,,,[],[]
CK5,8|2025-05-21T21:34:26|2025-05-21T22:09:06,2025-05-21T22:09:06,total_low_Ah,,,,[],[]
CK5,8|2025-05-22T13:42:56|2025-05-22T16:03:26,2025-05-22T16:03:26,cc_too_short,,,,[],[]
CK5,8|2025-05-22T16:03:46|2025-05-22T16:14:36,2025-05-22T16:14:36,total_low_Ah,,,,[],[]
CK5,8|2025-05-22T16:14:56|2025-05-22T18:23:36,2025-05-22T18:23:36,cc_low_Ah,,,,[],[]
CK5,8|2025-05-22T22:12:16|2025-05-22T23:55:36,2025-05-22T23:55:36,total_low_Ah,,,,[],[]
CK5,8|2025-05-23T03:14:16|2025-05-23T04:36:06,2025-05-23T04:36:06,total_low_Ah,,,,[],[]
CK5,8|2025-05-23T06:16:46|2025-05-23T06:39:16,2025-05-23T06:39:16,total_low_Ah,,,,[],[]
CK5,8|2025-05-23T11:13:36|2025-05-23T12:40:16,2025-05-23T12:40:16,total_low_Ah,,,,[],[]
CK5,8|2025-05-23T12:48:56|2025-05-23T12:52:46,2025-05-23T12:52:46,total_low_Ah,,,,[],[]
CK5,8|2025-05-23T12:58:46|2025-05-23T13:05:56,2025-05-23T13:05:56,total_low_Ah,,,,[],[]
CK5,8|2025-05-23T13:15:46|2025-05-23T13:56:16,2025-05-23T13:56:16,total_low_Ah,,,,[],[]
CK5,8|2025-05-23T14:04:06|2025-05-23T14:09:26,2025-05-23T14:09:26,total_low_Ah,,,,[],[]
CK5,8|2025-05-23T17:19:46|2025-05-23T20:24:16,2025-05-23T20:24:16,cc_too_short,,,,[],[]
CK5,8|2025-05-24T11:42:06|2025-05-24T13:29:56,2025-05-24T13:29:56,cc_low_Ah,,,,[],[]
CK5,8|2025-05-24T13:54:06|2025-05-24T15:38:06,2025-05-24T15:38:06,cc_too_short,,,,[],[]
CK5,8|2025-05-24T16:08:56|2025-05-24T17:13:53,2025-05-24T17:13:53,pass,shallow,26.4,20.4,"[1, 2, 3, 4]",[]
CK5,8|2025-05-25T09:42:54|2025-05-25T11:50:24,2025-05-25T11:50:24,cc_low_Ah,,,,[],[]
CK5,8|2025-05-25T13:14:54|2025-05-25T13:20:24,2025-05-25T13:20:24,total_low_Ah,,,,[],[]
CK5,8|2025-05-25T13:28:34|2025-05-25T13:33:34,2025-05-25T13:33:34,total_low_Ah,,,,[],[]
CK5,8|2025-05-25T13:43:54|2025-05-25T13:49:04,2025-05-25T13:49:04,total_low_Ah,,,,[],[]
CK5,8|2025-05-25T14:03:44|2025-05-25T14:12:14,2025-05-25T14:12:14,total_low_Ah,,,,[],[]
CK5,8|2025-05-25T14:13:44|2025-05-25T15:19:34,2025-05-25T15:19:34,total_low_Ah,,,,[],[]
CK5,8|2025-05-25T15:56:14|2025-05-25T17:42:24,2025-05-25T17:42:24,unstable_cc_start,,,,[],[]
CK5,9|2025-05-26T23:10:09|2025-05-26T23:13:59,2025-05-26T23:13:59,total_low_Ah,,,,[],[]
CK5,9|2025-05-26T23:26:19|2025-05-27T02:09:09,2025-05-27T02:09:09,unstable_cc_start,,,,[],[]
CK5,9|2025-05-27T02:20:19|2025-05-27T02:29:29,2025-05-27T02:29:29,total_low_Ah,,,,[],[]
CK5,9|2025-05-27T02:32:09|2025-05-27T02:53:19,2025-05-27T02:53:19,total_low_Ah,,,,[],[]
CK5,9|2025-05-27T02:56:29|2025-05-27T03:03:19,2025-05-27T03:03:19,total_low_Ah,,,,[],[]
CK5,9|2025-05-27T03:07:09|2025-05-27T03:13:19,2025-05-27T03:13:19,total_low_Ah,,,,[],[]
CK5,9|2025-05-27T03:21:29|2025-05-27T03:56:09,2025-05-27T03:56:09,total_low_Ah,,,,[],[]
CK5,9|2025-05-27T19:29:59|2025-05-27T21:50:29,2025-05-27T21:50:29,cc_too_short,,,,[],[]
CK5,9|2025-05-27T21:50:49|2025-05-27T22:01:39,2025-05-27T22:01:39,total_low_Ah,,,,[],[]
CK5,9|2025-05-27T22:01:59|2025-05-28T00:10:39,2025-05-28T00:10:39,cc_low_Ah,,,,[],[]
CK5,9|2025-05-28T03:59:19|2025-05-28T05:42:39,2025-05-28T05:42:39,total_low_Ah,,,,[],[]
CK5,9|2025-05-28T09:01:19|2025-05-28T10:23:09,2025-05-28T10:23:09,total_low_Ah,,,,[],[]
CK5,9|2025-05-28T12:03:49|2025-05-28T12:26:19,2025-05-28T12:26:19,total_low_Ah,,,,[],[]
CK5,9|2025-05-28T17:00:39|2025-05-28T18:27:19,2025-05-28T18:27:19,total_low_Ah,,,,[],[]
CK5,9|2025-05-28T18:35:59|2025-05-28T18:39:49,2025-05-28T18:39:49,total_low_Ah,,,,[],[]
CK5,9|2025-05-28T18:45:49|2025-05-28T18:52:59,2025-05-28T18:52:59,total_low_Ah,,,,[],[]
CK5,9|2025-05-28T19:02:49|2025-05-28T19:43:19,2025-05-28T19:43:19,total_low_Ah,,,,[],[]
CK5,9|2025-05-28T19:51:09|2025-05-28T19:56:29,2025-05-28T19:56:29,total_low_Ah,,,,[],[]
CK5,9|2025-05-28T23:06:49|2025-05-29T02:11:19,2025-05-29T02:11:19,cc_too_short,,,,[],[]
CK5,9|2025-05-29T17:29:09|2025-05-29T19:16:59,2025-05-29T19:16:59,cc_low_Ah,,,,[],[]
CK5,9|2025-05-29T19:41:09|2025-05-29T21:25:09,2025-05-29T21:25:09,cc_too_short,,,,[],[]
CK5,9|2025-05-29T21:56:08|2025-05-29T23:01:12,2025-05-29T23:01:12,pass,shallow,46.405,20.4,"[1, 2, 3, 4]",[]
CK5,9|2025-05-30T15:30:12|2025-05-30T17:37:42,2025-05-30T17:37:42,cc_low_Ah,,,,[],[]
CK5,9|2025-05-30T19:02:12|2025-05-30T19:07:42,2025-05-30T19:07:42,total_low_Ah,,,,[],[]
CK5,9|2025-05-30T19:15:52|2025-05-30T19:20:52,2025-05-30T19:20:52,total_low_Ah,,,,[],[]
CK5,9|2025-05-30T19:31:12|2025-05-30T19:36:22,2025-05-30T19:36:22,total_low_Ah,,,,[],[]
CK5,9|2025-05-30T19:51:02|2025-05-30T19:59:32,2025-05-30T19:59:32,total_low_Ah,,,,[],[]
CK5,9|2025-05-30T20:01:02|2025-05-30T21:06:52,2025-05-30T21:06:52,total_low_Ah,,,,[],[]
CK5,9|2025-05-30T21:43:32|2025-05-30T23:29:42,2025-05-30T23:29:42,unstable_cc_start,,,,[],[]
CK5,9|2025-05-31T19:15:02|2025-05-31T19:18:52,2025-05-31T19:18:52,total_low_Ah,,,,[],[]
CK5,9|2025-05-31T19:31:12|2025-05-31T22:14:02,2025-05-31T22:14:02,unstable_cc_start,,,,[],[]
CK5,9|2025-05-31T22:25:12|2025-05-31T22:34:22,2025-05-31T22:34:22,total_low_Ah,,,,[],[]
CK5,9|2025-05-31T22:37:02|2025-05-31T22:58:12,2025-05-31T22:58:12,total_low_Ah,,,,[],[]
CK5,9|2025-05-31T23:01:22|2025-05-31T23:08:12,2025-05-31T23:08:12,total_low_Ah,,,,[],[]
CK5,9|2025-05-31T23:12:02|2025-05-31T23:18:12,2025-05-31T23:18:12,total_low_Ah,,,,[],[]
CK5,9|2025-05-31T23:26:22|2025-06-01T00:01:02,2025-06-01T00:01:02,total_low_Ah,,,,[],[]
CK5,9|2025-06-01T15:34:52|2025-06-01T17:55:22,2025-06-01T17:55:22,cc_too_short,,,,[],[]
CK5,9|2025-06-01T17:55:42|2025-06-01T18:06:32,2025-06-01T18:06:32,total_low_Ah,,,,[],[]
CK5,9|2025-06-01T18:06:52|2025-06-01T20:15:32,2025-06-01T20:15:32,cc_low_Ah,,,,[],[]
CK5,9|2025-06-02T00:04:12|2025-06-02T01:47:32,2025-06-02T01:47:32,total_low_Ah,,,,[],[]
CK5,9|2025-06-02T05:06:12|2025-06-02T06:28:02,2025-06-02T06:28:02,total_low_Ah,,,,[],[]
CK5,9|2025-06-02T08:08:42|2025-06-02T08:31:12,2025-06-02T08:31:12,total_low_Ah,,,,[],[]
CK5,9|2025-06-02T13:05:32|2025-06-02T14:32:12,2025-06-02T14:32:12,total_low_Ah,,,,[],[]
CK5,9|2025-06-02T14:40:52|2025-06-02T14:44:42,2025-06-02T14:44:42,total_low_Ah,,,,[],[]
CK5,9|2025-06-02T14:50:42|2025-06-02T14:57:52,2025-06-02T14:57:52,total_low_Ah,,,,[],[]
CK5,9|2025-06-02T15:07:42|2025-06-02T15:48:12,2025-06-02T15:48:12,total_low_Ah,,,,[],[]
CK5,9|2025-06-02T15:56:02|2025-06-02T16:01:22,2025-06-02T16:01:22,total_low_Ah,,,,[],[]
CK5,9|2025-06-02T19:11:42|2025-06-02T22:16:12,2025-06-02T22:16:12,cc_too_short,,,,[],[]
CK5,9|2025-06-03T13:34:02|2025-06-03T15:21:52,2025-06-03T15:21:52,cc_low_Ah,,,,[],[]
CK5,9|2025-06-03T15:46:02|2025-06-03T17:30:02,2025-06-03T17:30:02,cc_too_short,,,,[],[]
CK5,9|2025-06-03T18:00:53|2025-06-03T19:04:45,2025-06-03T19:04:45,pass,shallow,46.32,20.4,"[1, 2, 3, 4]",[]
CK5,9|2025-06-04T11:33:46|2025-06-04T13:41:16,2025-06-04T13:41:16,cc_low_Ah,,,,[],[]
CK5,9|2025-06-04T15:05:46|2025-06-04T15:11:16,2025-06-04T15:11:16,total_low_Ah,,,,[],[]
CK5,9|2025-06-04T15:19:26|2025-06-04T15:24:26,2025-06-04T15:24:26,total_low_Ah,,,,[],[]
CK5,9|2025-06-04T15:34:46|2025-06-04T15:39:56,2025-06-04T15:39:56,total_low_Ah,,,,[],[]
CK5,9|2025-06-04T15:54:36|2025-06-04T16:03:06,2025-06-04T16:03:06,total_low_Ah,,,,[],[]
CK5,9|2025-06-04T16:04:36|2025-06-04T17:10:26,2025-06-04T17:10:26,total_low_Ah,,,,[],[]
CK5,9|2025-06-04T17:47:06|2025-06-04T19:33:16,2025-06-04T19:33:16,unstable_cc_start,,,,[],[]
CK5,9|2025-06-05T15:18:36|2025-06-05T15:22:26,2025-06-05T15:22:26,total_low_Ah,,,,[],[]
CK5,9|2025-06-05T15:34:46|2025-06-05T18:17:36,2025-06-05T18:17:36,unstable_cc_start,,,,[],[]
CK5,9|2025-06-05T18:28:46|2025-06-05T18:37:56,2025-06-05T18:37:56,total_low_Ah,,,,[],[]
CK5,9|2025-06-05T18:40:36|2025-06-05T19:01:46,2025-06-05T19:01:46,total_low_Ah,,,,[],[]
CK5,9|2025-06-05T19:04:56|2025-06-05T19:11:46,2025-06-05T19:11:46,total_low_Ah,,,,[],[]
CK5,9|2025-06-05T19:15:36|2025-06-05T19:21:46,2025-06-05T19:21:46,total_low_Ah,,,,[],[]
CK5,9|2025-06-05T19:29:56|2025-06-05T20:04:36,2025-06-05T20:04:36,total_low_Ah,,,,[],[]
CK5,9|2025-06-06T11:38:26|2025-06-06T13:58:56,2025-06-06T13:58:56,cc_too_short,,,,[],[]
CK5,9|2025-06-06T13:59:16|2025-06-06T14:10:06,2025-06-06T14:10:06,total_low_Ah,,,,[],[]
CK5,9|2025-06-06T14:10:26|2025-06-06T16:19:06,2025-06-06T16:19:06,cc_low_Ah,,,,[],[]
CK5,9|2025-06-06T20:07:46|2025-06-06T21:51:06,2025-06-06T21:51:06,total_low_Ah,,,,[],[]
CK5,9|2025-06-07T01:09:46|2025-06-07T02:31:36,2025-06-07T02:31:36,total_low_Ah,,,,[],[]
CK5,9|2025-06-07T04:12:16|2025-06-07T04:34:46,2025-06-07T04:34:46,total_low_Ah,,,,[],[]
CK5,9|2025-06-07T09:09:06|2025-06-07T10:35:46,2025-06-07T10:35:46,total_low_Ah,,,,[],[]
CK5,9|2025-06-07T10:44:26|2025-06-07T10:48:16,2025-06-07T10:48:16,total_low_Ah,,,,[],[]
CK5,9|2025-06-07T10:54:16|2025-06-07T11:01:26,2025-06-07T11:01:26,total_low_Ah,,,,[],[]
CK5,9|2025-06-07T11:11:16|2025-06-07T11:51:46,2025-06-07T11:51:46,total_low_Ah,,,,[],[]
CK5,9|2025-06-07T11:59:36|2025-06-07T12:04:56,2025-06-07T12:04:56,total_low_Ah,,,,[],[]
CK5,9|2025-06-07T15:15:16|2025-06-07T18:19:46,2025-06-07T18:19:46,cc_too_short,,,,[],[]
CK5,9|2025-06-08T09:37:36|2025-06-08T11:25:26,2025-06-08T11:25:26,cc_low_Ah,,,,[],[]
CK5,9|2025-06-08T11:49:36|2025-06-08T13:33:36,2025-06-08T13:33:36,cc_too_short,,,,[],[]
CK5,9|2025-06-08T14:04:26|2025-06-08T15:08:13,2025-06-08T15:08:13,pass,shallow,46.39,20.4,"[1, 2, 3, 4]",[]
CK5,9|2025-06-09T07:37:14|2025-06-09T09:44:44,2025-06-09T09:44:44,cc_low_Ah,,,,[],[]
CK5,9|2025-06-09T11:09:14|2025-06-09T11:14:44,2025-06-09T11:14:44,total_low_Ah,,,,[],[]
CK5,9|2025-06-09T11:22:54|2025-06-09T11:27:54,2025-06-09T11:27:54,total_low_Ah,,,,[],[]
CK5,9|2025-06-09T11:38:14|2025-06-09T11:43:24,2025-06-09T11:43:24,total_low_Ah,,,,[],[]
CK5,9|2025-06-09T11:58:04|2025-06-09T12:06:34,2025-06-09T12:06:34,total_low_Ah,,,,[],[]
CK5,9|2025-06-09T12:08:04|2025-06-09T13:13:54,2025-06-09T13:13:54,total_low_Ah,,,,[],[]
CK5,9|2025-06-09T13:50:34|2025-06-09T15:36:44,2025-06-09T15:36:44,unstable_cc_start,,,,[],[]
CK5,9|2025-06-10T11:22:04|2025-06-10T11:25:54,2025-06-10T11:25:54,total_low_Ah,,,,[],[]
CK5,9|2025-06-10T11:38:14|2025-06-10T14:21:04,2025-06-10T14:21:04,unstable_cc_start,,,,[],[]
CK5,9|2025-06-10T14:32:14|2025-06-10T14:41:24,2025-06-10T14:41:24,total_low_Ah,,,,[],[]
CK5,9|2025-06-10T14:44:04|2025-06-10T15:05:14,2025-06-10T15:05:14,total_low_Ah,,,,[],[]
CK5,9|2025-06-10T15:08:24|2025-06-10T15:15:14,2025-06-10T15:15:14,total_low_Ah,,,,[],[]
CK5,9|2025-06-10T15:19:04|2025-06-10T15:25:14,2025-06-10T15:25:14,total_low_Ah,,,,[],[]
CK5,9|2025-06-10T15:33:24|2025-06-10T16:08:04,2025-06-10T16:08:04,total_low_Ah,,,,[],[]
CK5,9|2025-06-11T07:41:54|2025-06-11T10:02:24,2025-06-11T10:02:24,cc_too_short,,,,[],[]
CK5,9|2025-06-11T10:02:44|2025-06-11T10:13:34,2025-06-11T10:13:34,total_low_Ah,,,,[],[]
CK5,9|2025-06-11T10:13:54|2025-06-11T12:22:34,2025-06-11T12:22:34,cc_low_Ah,,,,[],[]
CK5,9|2025-06-11T16:11:14|2025-06-11T17:54:34,2025-06-11T17:54:34,total_low_Ah,,,,[],[]
CK5,9|2025-06-11T21:13:14|2025-06-11T22:35:04,2025-06-11T22:35:04,total_low_Ah,,,,[],[]
CK5,9|2025-06-12T00:15:44|2025-06-12T00:38:14,2025-06-12T00:38:14,total_low_Ah,,,,[],[]
CK5,9|2025-06-12T05:12:34|2025-06-12T06:39:14,2025-06-12T06:39:14,total_low_Ah,,,,[],[]
CK5,9|2025-06-12T06:47:54|2025-06-12T06:51:44,2025-06-12T06:51:44,total_low_Ah,,,,[],[]
CK5,9|2025-06-12T06:57:44|2025-06-12T07:04:54,2025-06-12T07:04:54,total_low_Ah,,,,[],[]
CK5,9|2025-06-12T07:14:44|2025-06-12T07:55:14,2025-06-12T07:55:14,total_low_Ah,,,,[],[]
CK5,9|2025-06-12T08:03:04|2025-06-12T08:08:24,2025-06-12T08:08:24,total_low_Ah,,,,[],[]
CK5,9|2025-06-12T11:18:44|2025-06-12T14:23:14,2025-06-12T14:23:14,cc_too_short,,,,[],[]
CK5,9|2025-06-13T05:41:04|2025-06-13T07:28:54,2025-06-13T07:28:54,cc_low_Ah,,,,[],[]
CK5,9|2025-06-13T07:53:04|2025-06-13T09:37:04,2025-06-13T09:37:04,cc_too_short,,,,[],[]
CK5,9|2025-06-13T10:07:54|2025-06-13T11:11:42,2025-06-13T11:11:42,pass,shallow,46.37,20.4,"[1, 2, 3, 4]",[]
CK5,9|2025-06-14T03:40:42|2025-06-14T05:48:12,2025-06-14T05:48:12,cc_low_Ah,,,,[],[]
CK5,9|2025-06-14T07:12:42|2025-06-14T07:18:12,2025-06-14T07:18:12,total_low_Ah,,,,[],[]
CK5,9|2025-06-14T07:26:22|2025-06-14T07:31:22,2025-06-14T07:31:22,total_low_Ah,,,,[],[]
CK5,9|2025-06-14T07:41:42|2025-06-14T07:46:52,2025-06-14T07:46:52,total_low_Ah,,,,[],[]
CK5,9|2025-06-14T08:01:32|2025-06-14T08:10:02,2025-06-14T08:10:02,total_low_Ah,,,,[],[]
CK5,9|2025-06-14T08:11:32|2025-06-14T09:17:22,2025-06-14T09:17:22,total_low_Ah,,,,[],[]
CK5,9|2025-06-14T09:54:02|2025-06-14T11:40:12,2025-06-14T11:40:12,unstable_cc_start,,,,[],[]
CK5,9|2025-06-15T07:25:32|2025-06-15T07:29:22,2025-06-15T07:29:22,total_low_Ah,,,,[],[]
CK5,9|2025-06-15T07:41:42|2025-06-15T10:24:32,2025-06-15T10:24:32,unstable_cc_start,,,,[],[]
CK5,9|2025-06-15T10:35:42|2025-06-15T10:44:52,2025-06-15T10:44:52,total_low_Ah,,,,[],[]
CK5,9|2025-06-15T10:47:32|2025-06-15T11:08:42,2025-06-15T11:08:42,total_low_Ah,,,,[],[]
CK5,9|2025-06-15T11:11:52|2025-06-15T11:18:42,2025-06-15T11:18:42,total_low_Ah,,,,[],[]
CK5,9|2025-06-15T11:22:32|2025-06-15T11:28:42,2025-06-15T11:28:42,total_low_Ah,,,,[],[]
CK5,9|2025-06-15T11:36:52|2025-06-15T12:11:32,2025-06-15T12:11:32,total_low_Ah,,,,[],[]
CK6,1|2025-01-19T19:41:11|2025-01-20T00:36:08,2025-01-20T00:36:08,pass,deep,46.9,20.4,[],"[1, 2, 3, 4]"
CK6,1|2025-01-20T17:05:09|2025-01-20T19:12:39,2025-01-20T19:12:39,cc_low_Ah,,,,[],[]
CK6,1|2025-01-20T20:37:09|2025-01-20T20:42:39,2025-01-20T20:42:39,total_low_Ah,,,,[],[]
CK6,1|2025-01-20T20:50:49|2025-01-20T20:55:49,2025-01-20T20:55:49,total_low_Ah,,,,[],[]
CK6,1|2025-01-20T21:06:09|2025-01-20T21:11:19,2025-01-20T21:11:19,total_low_Ah,,,,[],[]
CK6,1|2025-01-20T21:25:59|2025-01-20T21:34:29,2025-01-20T21:34:29,total_low_Ah,,,,[],[]
CK6,1|2025-01-20T21:35:59|2025-01-20T22:41:49,2025-01-20T22:41:49,total_low_Ah,,,,[],[]
CK6,1|2025-01-20T23:18:29|2025-01-21T01:04:39,2025-01-21T01:04:39,unstable_cc_start,,,,[],[]
CK6,1|2025-01-21T20:49:59|2025-01-21T20:53:49,2025-01-21T20:53:49,total_low_Ah,,,,[],[]
CK6,1|2025-01-21T21:06:09|2025-01-21T23:48:59,2025-01-21T23:48:59,unstable_cc_start,,,,[],[]
CK6,1|2025-01-22T00:00:09|2025-01-22T00:09:19,2025-01-22T00:09:19,total_low_Ah,,,,[],[]
CK6,1|2025-01-22T00:11:59|2025-01-22T00:33:09,2025-01-22T00:33:09,total_low_Ah,,,,[],[]
CK6,1|2025-01-22T00:36:19|2025-01-22T00:43:09,2025-01-22T00:43:09,total_low_Ah,,,,[],[]
CK6,1|2025-01-22T00:46:59|2025-01-22T00:53:09,2025-01-22T00:53:09,total_low_Ah,,,,[],[]
CK6,1|2025-01-22T01:01:19|2025-01-22T01:35:59,2025-01-22T01:35:59,total_low_Ah,,,,[],[]
CK6,1|2025-01-22T17:09:49|2025-01-22T19:30:19,2025-01-22T19:30:19,cc_too_short,,,,[],[]
CK6,1|2025-01-22T19:30:39|2025-01-22T19:41:29,2025-01-22T19:41:29,total_low_Ah,,,,[],[]
CK6,1|2025-01-22T19:41:49|2025-01-22T21:50:29,2025-01-22T21:50:29,cc_low_Ah,,,,[],[]
CK6,1|2025-01-23T01:39:09|2025-01-23T03:22:29,2025-01-23T03:22:29,total_low_Ah,,,,[],[]
CK6,1|2025-01-23T06:41:09|2025-01-23T08:02:59,2025-01-23T08:02:59,total_low_Ah,,,,[],[]
CK6,1|2025-01-23T09:43:39|2025-01-23T10:06:09,2025-01-23T10:06:09,total_low_Ah,,,,[],[]
CK6,1|2025-01-23T14:40:29|2025-01-23T16:07:09,2025-01-23T16:07:09,total_low_Ah,,,,[],[]
CK6,1|2025-01-23T16:15:49|2025-01-23T16:19:39,2025-01-23T16:19:39,total_low_Ah,,,,[],[]
CK6,1|2025-01-23T16:25:39|2025-01-23T16:32:49,2025-01-23T16:32:49,total_low_Ah,,,,[],[]
CK6,1|2025-01-23T16:42:39|2025-01-23T17:23:09,2025-01-23T17:23:09,total_low_Ah,,,,[],[]
CK6,1|2025-01-23T17:30:59|2025-01-23T17:36:19,2025-01-23T17:36:19,total_low_Ah,,,,[],[]
CK6,1|2025-01-23T20:46:39|2025-01-23T23:51:09,2025-01-23T23:51:09,cc_too_short,,,,[],[]
CK6,1|2025-01-24T15:09:21|2025-01-24T16:57:11,2025-01-24T16:57:11,cc_low_Ah,,,,[],[]
CK6,1|2025-01-24T17:21:21|2025-01-24T19:05:21,2025-01-24T19:05:21,cc_too_short,,,,[],[]
CK6,1|2025-01-24T19:36:11|2025-01-24T20:40:13,2025-01-24T20:40:13,pass,shallow,46.4,20.4,[],"[1, 2, 3, 4]"
CK6,1|2025-01-25T13:09:13|2025-01-25T15:16:43,2025-01-25T15:16:43,cc_low_Ah,,,,[],[]
CK6,1|2025-01-25T16:41:13|2025-01-25T16:46:43,2025-01-25T16:46:43,total_low_Ah,,,,[],[]
CK6,1|2025-01-25T16:54:53|2025-01-25T16:59:53,2025-01-25T16:59:53,total_low_Ah,,,,[],[]
CK6,1|2025-01-25T17:10:13|2025-01-25T17:15:23,2025-01-25T17:15:23,total_low_Ah,,,,[],[]
CK6,1|2025-01-25T17:30:03|2025-01-25T17:38:33,2025-01-25T17:38:33,total_low_Ah,,,,[],[]
CK6,1|2025-01-25T17:40:03|2025-01-25T18:45:53,2025-01-25T18:45:53,total_low_Ah,,,,[],[]
CK6,1|2025-01-25T19:22:33|2025-01-25T21:08:43,2025-01-25T21:08:43,unstable_cc_start,,,,[],[]
CK6,1|2025-01-26T16:54:03|2025-01-26T16:57:53,2025-01-26T16:57:53,total_low_Ah,,,,[],[]
CK6,1|2025-01-26T17:10:13|2025-01-26T19:53:03,2025-01-26T19:53:03,unstable_cc_start,,,,[],[]
CK6,1|2025-01-26T20:04:13|2025-01-26T20:13:23,2025-01-26T20:13:23,total_low_Ah,,,,[],[]
CK6,1|2025-01-26T20:16:03|2025-01-26T20:37:13,2025-01-26T20:37:13,total_low_Ah,,,,[],[]
CK6,1|2025-01-26T20:40:23|2025-01-26T20:47:13,2025-01-26T20:47:13,total_low_Ah,,,,[],[]
CK6,1|2025-01-26T20:51:03|2025-01-26T20:57:13,2025-01-26T20:57:13,total_low_Ah,,,,[],[]
CK6,1|2025-01-26T21:05:23|2025-01-26T21:40:03,2025-01-26T21:40:03,total_low_Ah,,,,[],[]
CK6,1|2025-01-27T13:13:53|2025-01-27T15:34:23,2025-01-27T15:34:23,cc_too_short,,,,[],[]
CK6,1|2025-01-27T15:34:43|2025-01-27T15:45:33,2025-01-27T15:45:33,total_low_Ah,,,,[],[]
CK6,1|2025-01-27T15:45:53|2025-01-27T17:54:33,2025-01-27T17:54:33,cc_low_Ah,,,,[],[]
CK6,1|2025-01-27T21:43:13|2025-01-27T23:26:33,2025-01-27T23:26:33,total_low_Ah,,,,[],[]
CK6,1|2025-01-28T02:45:13|2025-01-28T04:07:03,2025-01-28T04:07:03,total_low_Ah,,,,[],[]
CK6,1|2025-01-28T05:47:43|2025-01-28T06:10:13,2025-01-28T06:10:13,total_low_Ah,,,,[],[]
CK6,1|2025-01-28T10:44:33|2025-01-28T12:11:13,2025-01-28T12:11:13,total_low_Ah,,,,[],[]
CK6,1|2025-01-28T12:19:53|2025-01-28T12:23:43,2025-01-28T12:23:43,total_low_Ah,,,,[],[]
CK6,1|2025-01-28T12:29:43|2025-01-28T12:36:53,2025-01-28T12:36:53,total_low_Ah,,,,[],[]
CK6,1|2025-01-28T12:46:43|2025-01-28T13:27:13,2025-01-28T13:27:13,total_low_Ah,,,,[],[]
CK6,1|2025-01-28T13:35:03|2025-01-28T13:40:23,2025-01-28T13:40:23,total_low_Ah,,,,[],[]
CK6,1|2025-01-28T16:50:43|2025-01-28T19:55:13,2025-01-28T19:55:13,cc_too_short,,,,[],[]
CK6,1|2025-01-29T11:13:03|2025-01-29T13:00:53,2025-01-29T13:00:53,cc_low_Ah,,,,[],[]
CK6,1|2025-01-29T13:25:03|2025-01-29T15:09:03,2025-01-29T15:09:03,cc_too_short,,,,[],[]
CK6,1|2025-01-29T15:39:53|2025-01-29T16:44:02,2025-01-29T16:44:02,pass,shallow,46.5,20.4,"[1, 2, 3, 4]",[]
CK6,1|2025-01-30T09:13:03|2025-01-30T11:20:33,2025-01-30T11:20:33,cc_low_Ah,,,,[],[]
CK6,1|2025-01-30T12:45:03|2025-01-30T12:50:33,2025-01-30T12:50:33,total_low_Ah,,,,[],[]
CK6,1|2025-01-30T12:58:43|2025-01-30T13:03:43,2025-01-30T13:03:43,total_low_Ah,,,,[],[]
CK6,1|2025-01-30T13:14:03|2025-01-30T13:19:13,2025-01-30T13:19:13,total_low_Ah,,,,[],[]
CK6,1|2025-01-30T13:33:53|2025-01-30T13:42:23,2025-01-30T13:42:23,total_low_Ah,,,,[],[]
CK6,1|2025-01-30T13:43:53|2025-01-30T14:49:43,2025-01-30T14:49:43,total_low_Ah,,,,[],[]
CK6,1|2025-01-30T15:26:23|2025-01-30T17:12:33,2025-01-30T17:12:33,unstable_cc_start,,,,[],[]
CK6,1|2025-01-31T12:57:53|2025-01-31T13:01:43,2025-01-31T13:01:43,total_low_Ah,,,,[],[]
CK6,1|2025-01-31T13:14:03|2025-01-31T15:56:53,2025-01-31T15:56:53,unstable_cc_start,,,,[],[]
CK6,1|2025-01-31T16:08:03|2025-01-31T16:17:13,2025-01-31T16:17:13,total_low_Ah,,,,[],[]
CK6,1|2025-01-31T16:19:53|2025-01-31T16:41:03,2025-01-31T16:41:03,total_low_Ah,,,,[],[]
CK6,1|2025-01-31T16:44:13|2025-01-31T16:51:03,2025-01-31T16:51:03,total_low_Ah,,,,[],[]
CK6,1|2025-01-31T16:54:53|2025-01-31T17:01:03,2025-01-31T17:01:03,total_low_Ah,,,,[],[]
CK6,1|2025-01-31T17:09:13|2025-01-31T17:43:53,2025-01-31T17:43:53,total_low_Ah,,,,[],[]
CK6,1|2025-02-01T09:17:43|2025-02-01T11:38:13,2025-02-01T11:38:13,cc_too_short,,,,[],[]
CK6,1|2025-02-01T11:38:33|2025-02-01T11:49:23,2025-02-01T11:49:23,total_low_Ah,,,,[],[]
CK6,1|2025-02-01T11:49:43|2025-02-01T13:58:23,2025-02-01T13:58:23,cc_low_Ah,,,,[],[]
CK6,1|2025-02-01T17:47:03|2025-02-01T19:30:23,2025-02-01T19:30:23,total_low_Ah,,,,[],[]
CK6,1|2025-02-01T22:49:10|2025-02-02T00:11:00,2025-02-02T00:11:00,total_low_Ah,,,,[],[]
CK6,1|2025-02-02T01:51:40|2025-02-02T02:14:10,2025-02-02T02:14:10,total_low_Ah,,,,[],[]
CK6,1|2025-02-02T06:48:30|2025-02-02T08:15:10,2025-02-02T08:15:10,total_low_Ah,,,,[],[]
CK6,1|2025-02-02T08:23:50|2025-02-02T08:27:40,2025-02-02T08:27:40,total_low_Ah,,,,[],[]
CK6,1|2025-02-02T08:33:40|2025-02-02T08:40:50,2025-02-02T08:40:50,total_low_Ah,,,,[],[]
CK6,1|2025-02-02T08:50:40|2025-02-02T09:31:10,2025-02-02T09:31:10,total_low_Ah,,,,[],[]
CK6,1|2025-02-02T09:39:00|2025-02-02T09:44:20,2025-02-02T09:44:20,total_low_Ah,,,,[],[]
CK6,1|2025-02-02T12:54:40|2025-02-02T15:59:10,2025-02-02T15:59:10,cc_too_short,,,,[],[]
CK6,1|2025-02-03T07:17:00|2025-02-03T09:04:50,2025-02-03T09:04:50,cc_low_Ah,,,,[],[]
CK6,1|2025-02-03T09:29:00|2025-02-03T11:13:00,2025-02-03T11:13:00,cc_too_short,,,,[],[]
CK6,1|2025-02-03T11:43:51|2025-02-03T12:48:02,2025-02-03T12:48:02,pass,shallow,46.46,20.4,"[1, 2, 3, 4]",[]
CK6,1|2025-02-04T05:17:02|2025-02-04T07:24:32,2025-02-04T07:24:32,cc_low_Ah,,,,[],[]
CK6,1|2025-02-04T08:49:02|2025-02-04T08:54:32,2025-02-04T08:54:32,total_low_Ah,,,,[],[]
CK6,1|2025-02-04T09:02:42|2025-02-04T09:07:42,2025-02-04T09:07:42,total_low_Ah,,,,[],[]
CK6,1|2025-02-04T09:18:02|2025-02-04T09:23:12,2025-02-04T09:23:12,total_low_Ah,,,,[],[]
CK6,1|2025-02-04T09:37:52|2025-02-04T09:46:22,2025-02-04T09:46:22,total_low_Ah,,,,[],[]
CK6,1|2025-02-04T09:47:52|2025-02-04T10:53:42,2025-02-04T10:53:42,total_low_Ah,,,,[],[]
CK6,1|2025-02-04T11:30:22|2025-02-04T13:16:32,2025-02-04T13:16:32,unstable_cc_start,,,,[],[]
CK6,1|2025-02-05T09:01:52|2025-02-05T09:05:42,2025-02-05T09:05:42,total_low_Ah,,,,[],[]
CK6,1|2025-02-05T09:18:02|2025-02-05T12:00:52,2025-02-05T12:00:52,unstable_cc_start,,,,[],[]
CK6,1|2025-02-05T12:12:02|2025-02-05T12:21:12,2025-02-05T12:21:12,total_low_Ah,,,,[],[]
CK6,1|2025-02-05T12:23:52|2025-02-05T12:45:02,2025-02-05T12:45:02,total_low_Ah,,,,[],[]
CK6,1|2025-02-05T12:48:12|2025-02-05T12:55:02,2025-02-05T12:55:02,total_low_Ah,,,,[],[]
CK6,1|2025-02-05T12:58:52|2025-02-05T13:05:02,2025-02-05T13:05:02,total_low_Ah,,,,[],[]
CK6,1|2025-02-05T13:13:12|2025-02-05T13:47:52,2025-02-05T13:47:52,total_low_Ah,,,,[],[]
CK6,1|2025-02-06T05:21:42|2025-02-06T07:42:12,2025-02-06T07:42:12,cc_too_short,,,,[],[]
CK6,1|2025-02-06T07:42:32|2025-02-06T07:53:22,2025-02-06T07:53:22,total_low_Ah,,,,[],[]
CK6,1|2025-02-06T07:53:42|2025-02-06T10:02:22,2025-02-06T10:02:22,cc_low_Ah,,,,[],[]
CK6,1|2025-02-06T13:51:02|2025-02-06T15:34:22,2025-02-06T15:34:22,total_low_Ah,,,,[],[]
CK6,1|2025-02-06T18:53:02|2025-02-06T20:14:52,2025-02-06T20:14:52,total_low_Ah,,,,[],[]
CK6,1|2025-02-06T21:55:32|2025-02-06T22:18:02,2025-02-06T22:18:02,total_low_Ah,,,,[],[]
CK6,1|2025-02-07T02:52:22|2025-02-07T04:19:02,2025-02-07T04:19:02,total_low_Ah,,,,[],[]
CK6,1|2025-02-07T04:27:42|2025-02-07T04:31:32,2025-02-07T04:31:32,total_low_Ah,,,,[],[]
CK6,1|2025-02-07T04:37:32|2025-02-07T04:44:42,2025-02-07T04:44:42,total_low_Ah,,,,[],[]
CK6,1|2025-02-07T04:54:32|2025-02-07T05:35:02,2025-02-07T05:35:02,total_low_Ah,,,,[],[]
CK6,1|2025-02-07T05:42:52|2025-02-07T05:48:12,2025-02-07T05:48:12,total_low_Ah,,,,[],[]
CK6,1|2025-02-07T08:58:32|2025-02-07T12:03:02,2025-02-07T12:03:02,cc_too_short,,,,[],[]
CK6,1|2025-02-08T03:20:52|2025-02-08T05:08:42,2025-02-08T05:08:42,cc_low_Ah,,,,[],[]
CK6,1|2025-02-08T05:32:52|2025-02-08T07:16:52,2025-02-08T07:16:52,cc_too_short,,,,[],[]
CK6,1|2025-02-08T07:47:43|2025-02-08T08:52:14,2025-02-08T08:52:14,pass,shallow,46.5,20.4,"[1, 2, 3, 4]",[]
CK6,2|2025-02-11T23:08:25|2025-02-12T03:57:43,2025-02-12T03:57:43,pass,deep,26.91,20.4,[],"[1, 2, 3, 4]"
CK6,2|2025-02-12T20:26:43|2025-02-12T22:34:13,2025-02-12T22:34:13,cc_low_Ah,,,,[],[]
CK6,2|2025-02-12T23:58:43|2025-02-13T00:04:13,2025-02-13T00:04:13,total_low_Ah,,,,[],[]
CK6,2|2025-02-13T00:12:23|2025-02-13T00:17:23,2025-02-13T00:17:23,total_low_Ah,,,,[],[]
CK6,2|2025-02-13T00:27:43|2025-02-13T00:32:53,2025-02-13T00:32:53,total_low_Ah,,,,[],[]
CK6,2|2025-02-13T00:47:33|2025-02-13T00:56:03,2025-02-13T00:56:03,total_low_Ah,,,,[],[]
CK6,2|2025-02-13T00:57:33|2025-02-13T02:03:23,2025-02-13T02:03:23,total_low_Ah,,,,[],[]
CK6,2|2025-02-13T02:40:03|2025-02-13T04:26:13,2025-02-13T04:26:13,unstable_cc_start,,,,[],[]
CK6,2|2025-02-14T00:11:33|2025-02-14T00:15:23,2025-02-14T00:15:23,total_low_Ah,,,,[],[]
CK6,2|2025-02-14T00:27:43|2025-02-14T03:10:33,2025-02-14T03:10:33,unstable_cc_start,,,,[],[]
CK6,2|2025-02-14T03:21:43|2025-02-14T03:30:53,2025-02-14T03:30:53,total_low_Ah,,,,[],[]
CK6,2|2025-02-14T03:33:33|2025-02-14T03:54:43,2025-02-14T03:54:43,total_low_Ah,,,,[],[]
CK6,2|2025-02-14T03:57:53|2025-02-14T04:04:43,2025-02-14T04:04:43,total_low_Ah,,,,[],[]
CK6,2|2025-02-14T04:08:33|2025-02-14T04:14:43,2025-02-14T04:14:43,total_low_Ah,,,,[],[]
CK6,2|2025-02-14T04:22:53|2025-02-14T04:57:33,2025-02-14T04:57:33,total_low_Ah,,,,[],[]
CK6,2|2025-02-14T20:31:23|2025-02-14T22:51:53,2025-02-14T22:51:53,cc_too_short,,,,[],[]
CK6,2|2025-02-14T22:52:13|2025-02-14T23:03:03,2025-02-14T23:03:03,total_low_Ah,,,,[],[]
CK6,2|2025-02-14T23:03:23|2025-02-15T01:12:03,2025-02-15T01:12:03,cc_low_Ah,,,,[],[]
CK6,2|2025-02-15T05:00:43|2025-02-15T06:44:03,2025-02-15T06:44:03,total_low_Ah,,,,[],[]
CK6,2|2025-02-15T10:02:43|2025-02-15T11:24:33,2025-02-15T11:24:33,total_low_Ah,,,,[],[]
CK6,2|2025-02-15T13:05:13|2025-02-15T13:27:43,2025-02-15T13:27:43,total_low_Ah,,,,[],[]
CK6,2|2025-02-15T18:02:03|2025-02-15T19:28:43,2025-02-15T19:28:43,total_low_Ah,,,,[],[]
CK6,2|2025-02-15T19:37:23|2025-02-15T19:41:13,2025-02-15T19:41:13,total_low_Ah,,,,[],[]
CK6,2|2025-02-15T19:47:13|2025-02-15T19:54:23,2025-02-15T19:54:23,total_low_Ah,,,,[],[]
CK6,2|2025-02-15T20:04:13|2025-02-15T20:44:43,2025-02-15T20:44:43,total_low_Ah,,,,[],[]
CK6,2|2025-02-15T20:52:33|2025-02-15T20:57:53,2025-02-15T20:57:53,total_low_Ah,,,,[],[]
CK6,2|2025-02-16T00:08:13|2025-02-16T03:12:43,2025-02-16T03:12:43,cc_too_short,,,,[],[]
CK6,2|2025-02-16T18:30:33|2025-02-16T20:18:23,2025-02-16T20:18:23,cc_low_Ah,,,,[],[]
CK6,2|2025-02-16T20:42:33|2025-02-16T22:26:33,2025-02-16T22:26:33,cc_too_short,,,,[],[]
CK6,2|2025-02-16T22:57:24|2025-02-17T00:02:50,2025-02-17T00:02:50,pass,shallow,26.3,20.4,[],"[1, 2, 3, 4]"
CK6,2|2025-02-17T16:31:50|2025-02-17T18:39:20,2025-02-17T18:39:20,cc_low_Ah,,,,[],[]
CK6,2|2025-02-17T20:03:50|2025-02-17T20:09:20,2025-02-17T20:09:20,total_low_Ah,,,,[],[]
CK6,2|2025-02-17T20:17:30|2025-02-17T20:22:30,2025-02-17T20:22:30,total_low_Ah,,,,[],[]
CK6,2|2025-02-17T20:32:50|2025-02-17T20:38:00,2025-02-17T20:38:00,total_low_Ah,,,,[],[]
CK6,2|2025-02-17T20:52:40|2025-02-17T21:01:10,2025-02-17T21:01:10,total_low_Ah,,,,[],[]
CK6,2|2025-02-17T21:02:40|2025-02-17T22:08:30,2025-02-17T22:08:30,total_low_Ah,,,,[],[]
CK6,2|2025-02-17T22:45:10|2025-02-18T00:31:20,2025-02-18T00:31:20,unstable_cc_start,,,,[],[]
CK6,2|2025-02-18T20:16:40|2025-02-18T20:20:30,2025-02-18T20:20:30,total_low_Ah,,,,[],[]
CK6,2|2025-02-18T20:32:50|2025-02-18T23:15:40,2025-02-18T23:15:40,unstable_cc_start,,,,[],[]
CK6,2|2025-02-18T23:26:50|2025-02-18T23:36:00,2025-02-18T23:36:00,total_low_Ah,,,,[],[]
CK6,2|2025-02-18T23:38:40|2025-02-18T23:59:50,2025-02-18T23:59:50,total_low_Ah,,,,[],[]
CK6,2|2025-02-19T00:03:00|2025-02-19T00:09:50,2025-02-19T00:09:50,total_low_Ah,,,,[],[]
CK6,2|2025-02-19T00:13:40|2025-02-19T00:19:50,2025-02-19T00:19:50,total_low_Ah,,,,[],[]
CK6,2|2025-02-19T00:28:00|2025-02-19T01:02:40,2025-02-19T01:02:40,total_low_Ah,,,,[],[]
CK6,4|2025-03-14T18:15:51|2025-03-14T23:01:27,2025-03-14T23:01:27,pass,deep,26.81,20.4,"[1, 2, 3, 4]",[]
CK6,4|2025-03-15T15:30:28|2025-03-15T17:37:58,2025-03-15T17:37:58,cc_low_Ah,,,,[],[]
CK6,4|2025-03-15T19:02:28|2025-03-15T19:07:58,2025-03-15T19:07:58,total_low_Ah,,,,[],[]
CK6,4|2025-03-15T19:16:08|2025-03-15T19:21:08,2025-03-15T19:21:08,total_low_Ah,,,,[],[]
CK6,4|2025-03-15T19:31:28|2025-03-15T19:36:38,2025-03-15T19:36:38,total_low_Ah,,,,[],[]
CK6,4|2025-03-15T19:51:18|2025-03-15T19:59:48,2025-03-15T19:59:48,total_low_Ah,,,,[],[]
CK6,4|2025-03-15T20:01:18|2025-03-15T21:07:08,2025-03-15T21:07:08,total_low_Ah,,,,[],[]
CK6,4|2025-03-15T21:43:48|2025-03-15T23:29:58,2025-03-15T23:29:58,unstable_cc_start,,,,[],[]
CK6,4|2025-03-16T19:15:18|2025-03-16T19:19:08,2025-03-16T19:19:08,total_low_Ah,,,,[],[]
CK6,4|2025-03-16T19:31:28|2025-03-16T22:14:18,2025-03-16T22:14:18,unstable_cc_start,,,,[],[]
CK6,4|2025-03-16T22:25:28|2025-03-16T22:34:38,2025-03-16T22:34:38,total_low_Ah,,,,[],[]
CK6,4|2025-03-16T22:37:18|2025-03-16T22:58:28,2025-03-16T22:58:28,total_low_Ah,,,,[],[]
CK6,4|2025-03-16T23:01:38|2025-03-16T23:08:28,2025-03-16T23:08:28,total_low_Ah,,,,[],[]
CK6,4|2025-03-16T23:12:18|2025-03-16T23:18:28,2025-03-16T23:18:28,total_low_Ah,,,,[],[]
CK6,4|2025-03-16T23:26:38|2025-03-17T00:01:18,2025-03-17T00:01:18,total_low_Ah,,,,[],[]
CK6,4|2025-03-17T15:35:08|2025-03-17T17:55:38,2025-03-17T17:55:38,cc_too_short,,,,[],[]
CK6,4|2025-03-17T17:55:58|2025-03-17T18:06:48,2025-03-17T18:06:48,total_low_Ah,,,,[],[]
CK6,4|2025-03-17T18:07:08|2025-03-17T20:15:48,2025-03-17T20:15:48,cc_low_Ah,,,,[],[]
CK6,4|2025-03-18T00:04:28|2025-03-18T01:47:48,2025-03-18T01:47:48,total_low_Ah,,,,[],[]
CK6,4|2025-03-18T05:06:28|2025-03-18T06:28:18,2025-03-18T06:28:18,total_low_Ah,,,,[],[]
CK6,4|2025-03-18T08:08:58|2025-03-18T08:31:28,2025-03-18T08:31:28,total_low_Ah,,,,[],[]
CK6,4|2025-03-18T13:05:48|2025-03-18T14:32:28,2025-03-18T14:32:28,total_low_Ah,,,,[],[]
CK6,4|2025-03-18T14:41:08|2025-03-18T14:44:58,2025-03-18T14:44:58,total_low_Ah,,,,[],[]
CK6,4|2025-03-18T14:50:58|2025-03-18T14:58:08,2025-03-18T14:58:08,total_low_Ah,,,,[],[]
CK6,4|2025-03-18T15:07:58|2025-03-18T15:48:28,2025-03-18T15:48:28,total_low_Ah,,,,[],[]
CK6,4|2025-03-18T15:56:18|2025-03-18T16:01:38,2025-03-18T16:01:38,total_low_Ah,,,,[],[]
CK6,4|2025-03-18T19:11:58|2025-03-18T22:16:28,2025-03-18T22:16:28,cc_too_short,,,,[],[]
CK6,4|2025-03-19T13:34:18|2025-03-19T15:22:08,2025-03-19T15:22:08,cc_low_Ah,,,,[],[]
CK6,4|2025-03-19T15:46:18|2025-03-19T17:30:18,2025-03-19T17:30:18,cc_too_short,,,,[],[]
CK6,4|2025-03-19T18:01:08|2025-03-19T19:06:27,2025-03-19T19:06:27,pass,shallow,26.28,20.4,"[1, 2, 3, 4]",[]
CK6,4|2025-03-20T11:35:28|2025-03-20T13:42:58,2025-03-20T13:42:58,cc_low_Ah,,,,[],[]
CK6,4|2025-03-20T15:07:28|2025-03-20T15:12:58,2025-03-20T15:12:58,total_low_Ah,,,,[],[]
CK6,4|2025-03-20T15:21:08|2025-03-20T15:26:08,2025-03-20T15:26:08,total_low_Ah,,,,[],[]
CK6,4|2025-03-20T15:36:28|2025-03-20T15:41:38,2025-03-20T15:41:38,total_low_Ah,,,,[],[]
CK6,4|2025-03-20T15:56:18|2025-03-20T16:04:48,2025-03-20T16:04:48,total_low_Ah,,,,[],[]
CK6,4|2025-03-20T16:06:18|2025-03-20T17:12:08,2025-03-20T17:12:08,total_low_Ah,,,,[],[]
CK6,4|2025-03-20T17:48:48|2025-03-20T19:34:58,2025-03-20T19:34:58,unstable_cc_start,,,,[],[]
CK6,4|2025-03-21T15:20:25|2025-03-21T15:24:15,2025-03-21T15:24:15,total_low_Ah,,,,[],[]
CK6,4|2025-03-21T15:36:35|2025-03-21T18:19:25,2025-03-21T18:19:25,unstable_cc_start,,,,[],[]
CK6,4|2025-03-21T18:30:35|2025-03-21T18:39:45,2025-03-21T18:39:45,total_low_Ah,,,,[],[]
CK6,4|2025-03-21T18:42:25|2025-03-21T19:03:35,2025-03-21T19:03:35,total_low_Ah,,,,[],[]
CK6,4|2025-03-21T19:06:45|2025-03-21T19:13:35,2025-03-21T19:13:35,total_low_Ah,,,,[],[]
CK6,4|2025-03-21T19:17:25|2025-03-21T19:23:35,2025-03-21T19:23:35,total_low_Ah,,,,[],[]
CK6,4|2025-03-21T19:31:45|2025-03-21T20:06:25,2025-03-21T20:06:25,total_low_Ah,,,,[],[]
CK6,4|2025-03-22T11:40:15|2025-03-22T14:00:45,2025-03-22T14:00:45,cc_too_short,,,,[],[]
CK6,4|2025-03-22T14:01:05|2025-03-22T14:11:55,2025-03-22T14:11:55,total_low_Ah,,,,[],[]
CK6,4|2025-03-22T14:12:15|2025-03-22T16:20:55,2025-03-22T16:20:55,cc_low_Ah,,,,[],[]
CK6,5|2025-03-23T17:23:15|2025-03-23T19:06:35,2025-03-23T19:06:35,total_low_Ah,,,,[],[]
CK6,5|2025-03-23T22:25:15|2025-03-23T23:47:05,2025-03-23T23:47:05,total_low_Ah,,,,[],[]
CK6,5|2025-03-24T01:27:45|2025-03-24T01:50:15,2025-03-24T01:50:15,total_low_Ah,,,,[],[]
CK6,5|2025-03-24T06:24:35|2025-03-24T07:51:15,2025-03-24T07:51:15,total_low_Ah,,,,[],[]
CK6,5|2025-03-24T07:59:55|2025-03-24T08:03:45,2025-03-24T08:03:45,total_low_Ah,,,,[],[]
CK6,5|2025-03-24T08:09:45|2025-03-24T08:16:55,2025-03-24T08:16:55,total_low_Ah,,,,[],[]
CK6,5|2025-03-24T08:26:45|2025-03-24T09:07:15,2025-03-24T09:07:15,total_low_Ah,,,,[],[]
CK6,5|2025-03-24T09:15:05|2025-03-24T09:20:25,2025-03-24T09:20:25,total_low_Ah,,,,[],[]
CK6,5|2025-03-24T12:30:45|2025-03-24T15:35:15,2025-03-24T15:35:15,cc_too_short,,,,[],[]
CK6,5|2025-03-25T06:53:05|2025-03-25T08:40:55,2025-03-25T08:40:55,cc_low_Ah,,,,[],[]
CK6,5|2025-03-25T09:05:05|2025-03-25T10:49:05,2025-03-25T10:49:05,cc_too_short,,,,[],[]
CK6,5|2025-03-25T11:19:59|2025-03-25T12:25:08,2025-03-25T12:25:08,pass,shallow,46.375,20.4,"[1, 2, 3, 4]",[]
CK6,5|2025-03-26T04:54:08|2025-03-26T07:01:38,2025-03-26T07:01:38,cc_low_Ah,,,,[],[]
CK6,5|2025-03-26T08:26:08|2025-03-26T08:31:38,2025-03-26T08:31:38,total_low_Ah,,,,[],[]
CK6,5|2025-03-26T08:39:48|2025-03-26T08:44:48,2025-03-26T08:44:48,total_low_Ah,,,,[],[]
CK6,5|2025-03-26T08:55:08|2025-03-26T09:00:18,2025-03-26T09:00:18,total_low_Ah,,,,[],[]
CK6,5|2025-03-26T09:14:58|2025-03-26T09:23:28,2025-03-26T09:23:28,total_low_Ah,,,,[],[]
CK6,5|2025-03-26T09:24:58|2025-03-26T10:30:48,2025-03-26T10:30:48,total_low_Ah,,,,[],[]
CK6,5|2025-03-26T11:07:28|2025-03-26T12:53:38,2025-03-26T12:53:38,unstable_cc_start,,,,[],[]
CK6,5|2025-03-27T08:38:58|2025-03-27T08:42:48,2025-03-27T08:42:48,total_low_Ah,,,,[],[]
CK6,5|2025-03-27T08:55:08|2025-03-27T11:37:58,2025-03-27T11:37:58,unstable_cc_start,,,,[],[]
CK6,5|2025-03-27T11:49:08|2025-03-27T11:58:18,2025-03-27T11:58:18,total_low_Ah,,,,[],[]
CK6,5|2025-03-27T12:00:58|2025-03-27T12:22:08,2025-03-27T12:22:08,total_low_Ah,,,,[],[]
CK6,5|2025-03-27T12:25:18|2025-03-27T12:32:08,2025-03-27T12:32:08,total_low_Ah,,,,[],[]
CK6,5|2025-03-27T12:35:58|2025-03-27T12:42:08,2025-03-27T12:42:08,total_low_Ah,,,,[],[]
CK6,5|2025-03-27T12:50:18|2025-03-27T13:24:58,2025-03-27T13:24:58,total_low_Ah,,,,[],[]
CK6,5|2025-03-28T04:58:48|2025-03-28T07:19:18,2025-03-28T07:19:18,cc_too_short,,,,[],[]
CK6,5|2025-03-28T07:19:38|2025-03-28T07:30:28,2025-03-28T07:30:28,total_low_Ah,,,,[],[]
CK6,5|2025-03-28T07:30:48|2025-03-28T09:39:28,2025-03-28T09:39:28,cc_low_Ah,,,,[],[]
CK6,5|2025-03-28T13:28:08|2025-03-28T15:11:28,2025-03-28T15:11:28,total_low_Ah,,,,[],[]
CK6,5|2025-03-28T18:30:08|2025-03-28T19:51:58,2025-03-28T19:51:58,total_low_Ah,,,,[],[]
CK6,5|2025-03-28T21:32:38|2025-03-28T21:55:08,2025-03-28T21:55:08,total_low_Ah,,,,[],[]
CK6,5|2025-03-29T02:29:28|2025-03-29T03:56:08,2025-03-29T03:56:08,total_low_Ah,,,,[],[]
CK6,5|2025-03-29T04:04:48|2025-03-29T04:08:38,2025-03-29T04:08:38,total_low_Ah,,,,[],[]
CK6,5|2025-03-29T04:14:38|2025-03-29T04:21:48,2025-03-29T04:21:48,total_low_Ah,,,,[],[]
CK6,5|2025-03-29T04:31:38|2025-03-29T05:12:08,2025-03-29T05:12:08,total_low_Ah,,,,[],[]
CK6,5|2025-03-29T05:19:58|2025-03-29T05:25:18,2025-03-29T05:25:18,total_low_Ah,,,,[],[]
CK6,5|2025-03-29T08:35:38|2025-03-29T11:40:08,2025-03-29T11:40:08,cc_too_short,,,,[],[]
CK6,5|2025-03-30T02:57:58|2025-03-30T04:45:48,2025-03-30T04:45:48,cc_low_Ah,,,,[],[]
CK6,5|2025-03-30T05:09:58|2025-03-30T06:53:58,2025-03-30T06:53:58,cc_too_short,,,,[],[]
CK6,5|2025-03-30T07:24:49|2025-03-30T08:28:45,2025-03-30T08:28:45,pass,shallow,46.41,20.4,"[1, 2, 3, 4]",[]
CK6,5|2025-03-31T00:57:46|2025-03-31T03:05:16,2025-03-31T03:05:16,cc_low_Ah,,,,[],[]
CK6,5|2025-03-31T04:29:46|2025-03-31T04:35:16,2025-03-31T04:35:16,total_low_Ah,,,,[],[]
CK6,5|2025-03-31T04:43:26|2025-03-31T04:48:26,2025-03-31T04:48:26,total_low_Ah,,,,[],[]
CK6,5|2025-03-31T04:58:46|2025-03-31T05:03:56,2025-03-31T05:03:56,total_low_Ah,,,,[],[]
CK6,5|2025-03-31T05:18:36|2025-03-31T05:27:06,2025-03-31T05:27:06,total_low_Ah,,,,[],[]
CK6,5|2025-03-31T05:28:36|2025-03-31T06:34:26,2025-03-31T06:34:26,total_low_Ah,,,,[],[]
CK6,5|2025-03-31T07:11:06|2025-03-31T08:57:16,2025-03-31T08:57:16,unstable_cc_start,,,,[],[]
CK6,5|2025-04-01T04:42:36|2025-04-01T04:46:26,2025-04-01T04:46:26,total_low_Ah,,,,[],[]
CK6,5|2025-04-01T04:58:46|2025-04-01T07:41:36,2025-04-01T07:41:36,unstable_cc_start,,,,[],[]
CK6,5|2025-04-01T07:52:46|2025-04-01T08:01:56,2025-04-01T08:01:56,total_low_Ah,,,,[],[]
CK6,5|2025-04-01T08:04:36|2025-04-01T08:25:46,2025-04-01T08:25:46,total_low_Ah,,,,[],[]
CK6,5|2025-04-01T08:28:56|2025-04-01T08:35:46,2025-04-01T08:35:46,total_low_Ah,,,,[],[]
CK6,5|2025-04-01T08:39:36|2025-04-01T08:45:46,2025-04-01T08:45:46,total_low_Ah,,,,[],[]
CK6,5|2025-04-01T08:53:56|2025-04-01T09:28:36,2025-04-01T09:28:36,total_low_Ah,,,,[],[]
CK6,5|2025-04-02T01:02:26|2025-04-02T03:22:56,2025-04-02T03:22:56,cc_too_short,,,,[],[]
CK6,5|2025-04-02T03:23:16|2025-04-02T03:34:06,2025-04-02T03:34:06,total_low_Ah,,,,[],[]
CK6,5|2025-04-02T03:34:26|2025-04-02T05:43:06,2025-04-02T05:43:06,cc_low_Ah,,,,[],[]
CK6,5|2025-04-02T09:31:46|2025-04-02T11:15:06,2025-04-02T11:15:06,total_low_Ah,,,,[],[]
CK6,5|2025-04-02T14:33:46|2025-04-02T15:55:36,2025-04-02T15:55:36,total_low_Ah,,,,[],[]
CK6,5|2025-04-02T17:36:16|2025-04-02T17:58:46,2025-04-02T17:58:46,total_low_Ah,,,,[],[]
CK6,5|2025-04-02T22:33:06|2025-04-02T23:59:46,2025-04-02T23:59:46,total_low_Ah,,,,[],[]
CK6,5|2025-04-03T00:08:26|2025-04-03T00:12:16,2025-04-03T00:12:16,total_low_Ah,,,,[],[]
CK6,5|2025-04-03T00:18:16|2025-04-03T00:25:26,2025-04-03T00:25:26,total_low_Ah,,,,[],[]
CK6,5|2025-04-03T00:35:16|2025-04-03T01:15:46,2025-04-03T01:15:46,total_low_Ah,,,,[],[]
CK6,5|2025-04-03T01:23:36|2025-04-03T01:28:56,2025-04-03T01:28:56,total_low_Ah,,,,[],[]
CK6,5|2025-04-03T04:39:16|2025-04-03T07:43:46,2025-04-03T07:43:46,cc_too_short,,,,[],[]
CK6,5|2025-04-03T23:01:36|2025-04-04T00:49:26,2025-04-04T00:49:26,cc_low_Ah,,,,[],[]
CK6,5|2025-04-04T01:13:36|2025-04-04T02:57:36,2025-04-04T02:57:36,cc_too_short,,,,[],[]
CK6,5|2025-04-04T03:28:26|2025-04-04T04:32:30,2025-04-04T04:32:30,pass,shallow,46.45,20.4,"[1, 2, 3, 4]",[]
CK6,5|2025-04-04T21:01:31|2025-04-04T23:09:01,2025-04-04T23:09:01,cc_low_Ah,,,,[],[]
CK6,5|2025-04-05T00:33:31|2025-04-05T00:39:01,2025-04-05T00:39:01,total_low_Ah,,,,[],[]
CK6,5|2025-04-05T00:47:11|2025-04-05T00:52:11,2025-04-05T00:52:11,total_low_Ah,,,,[],[]
CK6,5|2025-04-05T01:02:31|2025-04-05T01:07:41,2025-04-05T01:07:41,total_low_Ah,,,,[],[]
CK6,5|2025-04-05T01:22:21|2025-04-05T01:30:51,2025-04-05T01:30:51,total_low_Ah,,,,[],[]
CK6,5|2025-04-05T01:32:21|2025-04-05T02:38:11,2025-04-05T02:38:11,total_low_Ah,,,,[],[]
CK6,5|2025-04-05T03:14:51|2025-04-05T05:01:01,2025-04-05T05:01:01,unstable_cc_start,,,,[],[]
CK6,5|2025-04-06T00:46:21|2025-04-06T00:50:11,2025-04-06T00:50:11,total_low_Ah,,,,[],[]
CK6,5|2025-04-06T01:02:31|2025-04-06T03:45:21,2025-04-06T03:45:21,unstable_cc_start,,,,[],[]
CK6,5|2025-04-06T03:56:31|2025-04-06T04:05:41,2025-04-06T04:05:41,total_low_Ah,,,,[],[]
CK6,5|2025-04-06T04:08:21|2025-04-06T04:29:31,2025-04-06T04:29:31,total_low_Ah,,,,[],[]
CK6,5|2025-04-06T04:32:41|2025-04-06T04:39:31,2025-04-06T04:39:31,total_low_Ah,,,,[],[]
CK6,5|2025-04-06T04:43:21|2025-04-06T04:49:31,2025-04-06T04:49:31,total_low_Ah,,,,[],[]
CK6,5|2025-04-06T04:57:41|2025-04-06T05:32:21,2025-04-06T05:32:21,total_low_Ah,,,,[],[]
CK6,5|2025-04-06T21:06:11|2025-04-06T23:26:41,2025-04-06T23:26:41,cc_too_short,,,,[],[]
CK6,5|2025-04-06T23:27:01|2025-04-06T23:37:51,2025-04-06T23:37:51,total_low_Ah,,,,[],[]
CK6,5|2025-04-06T23:38:11|2025-04-07T01:46:51,2025-04-07T01:46:51,cc_low_Ah,,,,[],[]
CK6,5|2025-04-07T05:35:31|2025-04-07T07:18:51,2025-04-07T07:18:51,total_low_Ah,,,,[],[]
CK6,5|2025-04-07T10:37:31|2025-04-07T11:59:21,2025-04-07T11:59:21,total_low_Ah,,,,[],[]
CK6,5|2025-04-07T13:40:10|2025-04-07T14:02:40,2025-04-07T14:02:40,total_low_Ah,,,,[],[]
CK6,5|2025-04-07T18:37:00|2025-04-07T20:03:40,2025-04-07T20:03:40,total_low_Ah,,,,[],[]
CK6,5|2025-04-07T20:12:20|2025-04-07T20:16:10,2025-04-07T20:16:10,total_low_Ah,,,,[],[]
CK6,5|2025-04-07T20:22:10|2025-04-07T20:29:20,2025-04-07T20:29:20,total_low_Ah,,,,[],[]
CK6,5|2025-04-07T20:39:10|2025-04-07T21:19:40,2025-04-07T21:19:40,total_low_Ah,,,,[],[]
CK6,5|2025-04-07T21:27:30|2025-04-07T21:32:50,2025-04-07T21:32:50,total_low_Ah,,,,[],[]
CK6,5|2025-04-08T00:43:10|2025-04-08T03:47:40,2025-04-08T03:47:40,cc_too_short,,,,[],[]
CK6,5|2025-04-08T19:05:30|2025-04-08T20:53:20,2025-04-08T20:53:20,cc_low_Ah,,,,[],[]
CK6,5|2025-04-08T21:17:30|2025-04-08T23:01:30,2025-04-08T23:01:30,cc_too_short,,,,[],[]
CK6,5|2025-04-08T23:32:21|2025-04-09T00:36:15,2025-04-09T00:36:15,pass,shallow,46.4,20.4,"[1, 2, 3, 4]",[]
CK6,5|2025-04-09T17:05:15|2025-04-09T19:12:45,2025-04-09T19:12:45,cc_low_Ah,,,,[],[]
CK6,5|2025-04-09T20:37:15|2025-04-09T20:42:45,2025-04-09T20:42:45,total_low_Ah,,,,[],[]
CK6,5|2025-04-09T20:50:55|2025-04-09T20:55:55,2025-04-09T20:55:55,total_low_Ah,,,,[],[]
CK6,5|2025-04-09T21:06:15|2025-04-09T21:11:25,2025-04-09T21:11:25,total_low_Ah,,,,[],[]
CK6,5|2025-04-09T21:26:05|2025-04-09T21:34:35,2025-04-09T21:34:35,total_low_Ah,,,,[],[]
CK6,5|2025-04-09T21:36:05|2025-04-09T22:41:55,2025-04-09T22:41:55,total_low_Ah,,,,[],[]
CK6,5|2025-04-09T23:18:35|2025-04-10T01:04:45,2025-04-10T01:04:45,unstable_cc_start,,,,[],[]
CK6,5|2025-04-10T20:50:05|2025-04-10T20:53:55,2025-04-10T20:53:55,total_low_Ah,,,,[],[]
CK6,5|2025-04-10T21:06:15|2025-04-10T23:49:05,2025-04-10T23:49:05,unstable_cc_start,,,,[],[]
CK6,5|2025-04-11T00:00:15|2025-04-11T00:09:25,2025-04-11T00:09:25,total_low_Ah,,,,[],[]
CK6,5|2025-04-11T00:12:05|2025-04-11T00:33:15,2025-04-11T00:33:15,total_low_Ah,,,,[],[]
CK6,5|2025-04-11T00:36:25|2025-04-11T00:43:15,2025-04-11T00:43:15,total_low_Ah,,,,[],[]
CK6,5|2025-04-11T00:47:05|2025-04-11T00:53:15,2025-04-11T00:53:15,total_low_Ah,,,,[],[]
CK6,5|2025-04-11T01:01:25|2025-04-11T01:36:05,2025-04-11T01:36:05,total_low_Ah,,,,[],[]
CK6,5|2025-04-11T17:09:55|2025-04-11T19:30:25,2025-04-11T19:30:25,cc_too_short,,,,[],[]
CK6,5|2025-04-11T19:30:45|2025-04-11T19:41:35,2025-04-11T19:41:35,total_low_Ah,,,,[],[]
CK6,5|2025-04-11T19:41:55|2025-04-11T21:50:35,2025-04-11T21:50:35,cc_low_Ah,,,,[],[]
CK6,5|2025-04-12T01:39:15|2025-04-12T03:22:35,2025-04-12T03:22:35,total_low_Ah,,,,[],[]
CK6,5|2025-04-12T06:41:15|2025-04-12T08:03:05,2025-04-12T08:03:05,total_low_Ah,,,,[],[]
CK6,5|2025-04-12T09:43:45|2025-04-12T10:06:15,2025-04-12T10:06:15,total_low_Ah,,,,[],[]
CK6,5|2025-04-12T14:40:35|2025-04-12T16:07:15,2025-04-12T16:07:15,total_low_Ah,,,,[],[]
CK6,5|2025-04-12T16:15:55|2025-04-12T16:19:45,2025-04-12T16:19:45,total_low_Ah,,,,[],[]
CK6,5|2025-04-12T16:25:45|2025-04-12T16:32:55,2025-04-12T16:32:55,total_low_Ah,,,,[],[]
CK6,5|2025-04-12T16:42:45|2025-04-12T17:23:15,2025-04-12T17:23:15,total_low_Ah,,,,[],[]
CK6,5|2025-04-12T17:31:05|2025-04-12T17:36:25,2025-04-12T17:36:25,total_low_Ah,,,,[],[]
CK6,5|2025-04-12T20:46:45|2025-04-12T23:51:15,2025-04-12T23:51:15,cc_too_short,,,,[],[]
CK6,5|2025-04-13T15:09:05|2025-04-13T15:21:55,2025-04-13T15:21:55,total_low_Ah,,,,[],[]
CK6,6|2025-04-16T20:07:22|2025-04-17T00:49:57,2025-04-17T00:49:57,pass,deep,26.61,20.4,"[1, 2, 3, 4]",[]
CK6,6|2025-04-17T17:18:58|2025-04-17T19:26:28,2025-04-17T19:26:28,cc_low_Ah,,,,[],[]
CK6,6|2025-04-17T20:50:58|2025-04-17T20:56:28,2025-04-17T20:56:28,total_low_Ah,,,,[],[]
CK6,6|2025-04-17T21:04:38|2025-04-17T21:09:38,2025-04-17T21:09:38,total_low_Ah,,,,[],[]
CK6,6|2025-04-17T21:19:58|2025-04-17T21:25:08,2025-04-17T21:25:08,total_low_Ah,,,,[],[]
CK6,6|2025-04-17T21:39:48|2025-04-17T21:48:18,2025-04-17T21:48:18,total_low_Ah,,,,[],[]
CK6,6|2025-04-17T21:49:48|2025-04-17T22:55:38,2025-04-17T22:55:38,total_low_Ah,,,,[],[]
CK6,6|2025-04-17T23:32:18|2025-04-18T01:18:28,2025-04-18T01:18:28,unstable_cc_start,,,,[],[]
CK6,6|2025-04-19T00:42:25|2025-04-19T00:46:15,2025-04-19T00:46:15,total_low_Ah,,,,[],[]
CK6,6|2025-04-19T00:58:35|2025-04-19T02:12:05,2025-04-19T02:12:05,unstable_cc_start,,,,[],[]
CK6,6|2025-04-19T18:50:44|2025-04-19T20:19:44,2025-04-19T20:19:44,cc_low_Ah,,,,[],[]
CK6,6|2025-04-19T20:30:54|2025-04-19T20:40:04,2025-04-19T20:40:04,total_low_Ah,,,,[],[]
CK6,6|2025-04-19T20:42:44|2025-04-19T21:03:54,2025-04-19T21:03:54,total_low_Ah,,,,[],[]
CK6,6|2025-04-19T21:07:04|2025-04-19T21:13:54,2025-04-19T21:13:54,total_low_Ah,,,,[],[]
CK6,6|2025-04-19T21:17:44|2025-04-19T21:23:54,2025-04-19T21:23:54,total_low_Ah,,,,[],[]
CK6,6|2025-04-19T21:32:04|2025-04-19T22:06:44,2025-04-19T22:06:44,total_low_Ah,,,,[],[]
CK6,6|2025-04-20T13:40:34|2025-04-20T16:01:04,2025-04-20T16:01:04,cc_too_short,,,,[],[]
CK6,6|2025-04-20T16:01:24|2025-04-20T16:12:14,2025-04-20T16:12:14,total_low_Ah,,,,[],[]
CK6,6|2025-04-20T16:12:34|2025-04-20T18:21:14,2025-04-20T18:21:14,cc_low_Ah,,,,[],[]
CK6,6|2025-04-20T22:09:54|2025-04-20T23:53:14,2025-04-20T23:53:14,total_low_Ah,,,,[],[]
CK6,6|2025-04-21T03:11:54|2025-04-21T04:33:44,2025-04-21T04:33:44,total_low_Ah,,,,[],[]
CK6,6|2025-04-21T06:14:24|2025-04-21T06:36:54,2025-04-21T06:36:54,total_low_Ah,,,,[],[]
CK6,6|2025-04-21T11:11:14|2025-04-21T12:37:54,2025-04-21T12:37:54,total_low_Ah,,,,[],[]
CK6,6|2025-04-21T12:46:34|2025-04-21T12:50:24,2025-04-21T12:50:24,total_low_Ah,,,,[],[]
CK6,6|2025-04-21T12:56:24|2025-04-21T13:03:34,2025-04-21T13:03:34,total_low_Ah,,,,[],[]
CK6,6|2025-04-21T13:13:24|2025-04-21T13:53:54,2025-04-21T13:53:54,total_low_Ah,,,,[],[]
CK6,6|2025-04-21T14:01:44|2025-04-21T14:07:04,2025-04-21T14:07:04,total_low_Ah,,,,[],[]
CK6,6|2025-04-21T17:17:24|2025-04-21T20:21:54,2025-04-21T20:21:54,cc_too_short,,,,[],[]
CK6,6|2025-04-22T11:39:44|2025-04-22T13:27:34,2025-04-22T13:27:34,cc_low_Ah,,,,[],[]
CK6,6|2025-04-22T13:51:44|2025-04-22T15:35:44,2025-04-22T15:35:44,cc_too_short,,,,[],[]
CK6,6|2025-04-22T16:06:36|2025-04-22T17:12:19,2025-04-22T17:12:19,pass,shallow,26.365000000000002,20.4,"[1, 2, 3, 4]",[]
CK6,6|2025-04-23T09:41:19|2025-04-23T11:48:49,2025-04-23T11:48:49,cc_low_Ah,,,,[],[]
CK6,6|2025-04-23T13:13:19|2025-04-23T13:18:49,2025-04-23T13:18:49,total_low_Ah,,,,[],[]
CK6,6|2025-04-23T13:26:59|2025-04-23T13:31:59,2025-04-23T13:31:59,total_low_Ah,,,,[],[]
CK6,6|2025-04-23T13:42:19|2025-04-23T13:47:29,2025-04-23T13:47:29,total_low_Ah,,,,[],[]
CK6,6|2025-04-23T14:02:09|2025-04-23T14:10:39,2025-04-23T14:10:39,total_low_Ah,,,,[],[]
CK6,6|2025-04-23T14:12:09|2025-04-23T15:17:59,2025-04-23T15:17:59,total_low_Ah,,,,[],[]
CK6,6|2025-04-23T15:54:39|2025-04-23T17:40:49,2025-04-23T17:40:49,unstable_cc_start,,,,[],[]
CK6,6|2025-04-24T13:26:09|2025-04-24T13:29:59,2025-04-24T13:29:59,total_low_Ah,,,,[],[]
CK6,6|2025-04-24T13:42:19|2025-04-24T16:25:09,2025-04-24T16:25:09,unstable_cc_start,,,,[],[]
CK6,6|2025-04-24T16:36:19|2025-04-24T16:45:29,2025-04-24T16:45:29,total_low_Ah,,,,[],[]
CK6,6|2025-04-24T16:48:09|2025-04-24T17:09:19,2025-04-24T17:09:19,total_low_Ah,,,,[],[]
CK6,6|2025-04-24T17:12:29|2025-04-24T17:19:19,2025-04-24T17:19:19,total_low_Ah,,,,[],[]
CK6,6|2025-04-24T17:23:09|2025-04-24T17:29:19,2025-04-24T17:29:19,total_low_Ah,,,,[],[]
CK6,6|2025-04-24T17:37:29|2025-04-24T18:12:09,2025-04-24T18:12:09,total_low_Ah,,,,[],[]
CK6,6|2025-04-25T09:46:25|2025-04-25T12:06:55,2025-04-25T12:06:55,cc_too_short,,,,[],[]
CK6,6|2025-04-25T12:07:15|2025-04-25T12:18:05,2025-04-25T12:18:05,total_low_Ah,,,,[],[]
CK6,6|2025-04-25T12:18:25|2025-04-25T14:27:05,2025-04-25T14:27:05,cc_low_Ah,,,,[],[]
CK6,7|2025-04-26T01:07:55|2025-04-26T02:51:15,2025-04-26T02:51:15,total_low_Ah,,,,[],[]
CK6,7|2025-04-26T06:09:55|2025-04-26T07:31:45,2025-04-26T07:31:45,total_low_Ah,,,,[],[]
CK6,7|2025-04-26T09:12:25|2025-04-26T09:34:55,2025-04-26T09:34:55,total_low_Ah,,,,[],[]
CK6,7|2025-04-26T14:09:15|2025-04-26T15:35:55,2025-04-26T15:35:55,total_low_Ah,,,,[],[]
CK6,7|2025-04-26T15:44:35|2025-04-26T15:48:25,2025-04-26T15:48:25,total_low_Ah,,,,[],[]
CK6,7|2025-04-26T15:54:25|2025-04-26T16:01:35,2025-04-26T16:01:35,total_low_Ah,,,,[],[]
CK6,7|2025-04-26T16:11:25|2025-04-26T16:51:55,2025-04-26T16:51:55,total_low_Ah,,,,[],[]
CK6,7|2025-04-26T16:59:45|2025-04-26T17:05:05,2025-04-26T17:05:05,total_low_Ah,,,,[],[]
CK6,7|2025-04-26T20:15:25|2025-04-26T23:19:55,2025-04-26T23:19:55,cc_too_short,,,,[],[]
CK6,7|2025-04-27T14:37:45|2025-04-27T16:25:35,2025-04-27T16:25:35,cc_low_Ah,,,,[],[]
CK6,7|2025-04-27T16:49:45|2025-04-27T18:33:45,2025-04-27T18:33:45,cc_too_short,,,,[],[]
CK6,7|2025-04-27T19:04:43|2025-04-27T20:10:07,2025-04-27T20:10:07,pass,shallow,46.385000000000005,20.4,"[1, 2, 3, 4]",[]
CK6,7|2025-04-28T12:39:07|2025-04-28T14:46:37,2025-04-28T14:46:37,cc_low_Ah,,,,[],[]
CK6,7|2025-04-28T16:11:07|2025-04-28T16:16:37,2025-04-28T16:16:37,total_low_Ah,,,,[],[]
CK6,7|2025-04-28T16:24:47|2025-04-28T16:29:47,2025-04-28T16:29:47,total_low_Ah,,,,[],[]
CK6,7|2025-04-28T16:40:07|2025-04-28T16:45:17,2025-04-28T16:45:17,total_low_Ah,,,,[],[]
CK6,7|2025-04-28T16:59:57|2025-04-28T17:08:27,2025-04-28T17:08:27,total_low_Ah,,,,[],[]
CK6,7|2025-04-28T17:09:57|2025-04-28T18:15:47,2025-04-28T18:15:47,total_low_Ah,,,,[],[]
CK6,7|2025-04-28T18:52:27|2025-04-28T20:38:37,2025-04-28T20:38:37,unstable_cc_start,,,,[],[]
CK6,7|2025-04-29T16:23:57|2025-04-29T16:27:47,2025-04-29T16:27:47,total_low_Ah,,,,[],[]
CK6,7|2025-04-29T16:40:07|2025-04-29T19:22:57,2025-04-29T19:22:57,unstable_cc_start,,,,[],[]
CK6,7|2025-04-29T19:34:07|2025-04-29T19:43:17,2025-04-29T19:43:17,total_low_Ah,,,,[],[]
CK6,7|2025-04-29T19:45:57|2025-04-29T20:07:07,2025-04-29T20:07:07,total_low_Ah,,,,[],[]
CK6,7|2025-04-29T20:10:17|2025-04-29T20:17:07,2025-04-29T20:17:07,total_low_Ah,,,,[],[]
CK6,7|2025-04-29T20:20:57|2025-04-29T20:27:07,2025-04-29T20:27:07,total_low_Ah,,,,[],[]
CK6,7|2025-04-29T20:35:17|2025-04-29T21:09:57,2025-04-29T21:09:57,total_low_Ah,,,,[],[]
CK6,7|2025-04-30T12:43:47|2025-04-30T15:04:17,2025-04-30T15:04:17,cc_too_short,,,,[],[]
CK6,7|2025-04-30T15:04:37|2025-04-30T15:15:27,2025-04-30T15:15:27,total_low_Ah,,,,[],[]
CK6,7|2025-04-30T15:15:47|2025-04-30T17:24:27,2025-04-30T17:24:27,cc_low_Ah,,,,[],[]
CK6,7|2025-04-30T21:13:07|2025-04-30T22:56:27,2025-04-30T22:56:27,total_low_Ah,,,,[],[]
CK6,7|2025-05-01T02:15:07|2025-05-01T03:36:57,2025-05-01T03:36:57,total_low_Ah,,,,[],[]
CK6,7|2025-05-01T05:17:37|2025-05-01T05:40:07,2025-05-01T05:40:07,total_low_Ah,,,,[],[]
CK6,7|2025-05-01T10:14:27|2025-05-01T11:41:07,2025-05-01T11:41:07,total_low_Ah,,,,[],[]
CK6,7|2025-05-01T11:49:47|2025-05-01T11:53:37,2025-05-01T11:53:37,total_low_Ah,,,,[],[]
CK6,7|2025-05-01T11:59:37|2025-05-01T12:06:47,2025-05-01T12:06:47,total_low_Ah,,,,[],[]
CK6,7|2025-05-01T12:16:37|2025-05-01T12:57:07,2025-05-01T12:57:07,total_low_Ah,,,,[],[]
CK6,7|2025-05-01T13:04:57|2025-05-01T13:10:17,2025-05-01T13:10:17,total_low_Ah,,,,[],[]
CK6,7|2025-05-01T16:20:37|2025-05-01T19:25:07,2025-05-01T19:25:07,cc_too_short,,,,[],[]
CK6,7|2025-05-02T10:42:57|2025-05-02T12:30:47,2025-05-02T12:30:47,cc_low_Ah,,,,[],[]
CK6,7|2025-05-02T12:54:57|2025-05-02T14:38:57,2025-05-02T14:38:57,cc_too_short,,,,[],[]
CK6,7|2025-05-02T15:09:48|2025-05-02T16:13:51,2025-05-02T16:13:51,pass,shallow,46.61,20.4,"[1, 2, 3, 4]",[]
CK6,7|2025-05-03T08:42:52|2025-05-03T10:50:22,2025-05-03T10:50:22,cc_low_Ah,,,,[],[]
CK6,7|2025-05-03T12:14:52|2025-05-03T12:20:22,2025-05-03T12:20:22,total_low_Ah,,,,[],[]
CK6,7|2025-05-03T12:28:32|2025-05-03T12:33:32,2025-05-03T12:33:32,total_low_Ah,,,,[],[]
CK6,7|2025-05-03T12:43:52|2025-05-03T12:49:02,2025-05-03T12:49:02,total_low_Ah,,,,[],[]
CK6,7|2025-05-03T13:03:42|2025-05-03T13:12:12,2025-05-03T13:12:12,total_low_Ah,,,,[],[]
CK6,7|2025-05-03T13:13:42|2025-05-03T14:19:32,2025-05-03T14:19:32,total_low_Ah,,,,[],[]
CK6,7|2025-05-03T14:56:12|2025-05-03T16:42:22,2025-05-03T16:42:22,unstable_cc_start,,,,[],[]
CK6,7|2025-05-04T12:27:42|2025-05-04T12:31:32,2025-05-04T12:31:32,total_low_Ah,,,,[],[]
CK6,7|2025-05-04T12:43:52|2025-05-04T15:26:42,2025-05-04T15:26:42,unstable_cc_start,,,,[],[]
CK6,7|2025-05-04T15:37:52|2025-05-04T15:47:02,2025-05-04T15:47:02,total_low_Ah,,,,[],[]
CK6,7|2025-05-04T15:49:42|2025-05-04T16:10:52,2025-05-04T16:10:52,total_low_Ah,,,,[],[]
CK6,7|2025-05-04T16:14:02|2025-05-04T16:20:52,2025-05-04T16:20:52,total_low_Ah,,,,[],[]
CK6,7|2025-05-04T16:24:42|2025-05-04T16:30:52,2025-05-04T16:30:52,total_low_Ah,,,,[],[]
CK6,7|2025-05-04T16:39:02|2025-05-04T17:13:42,2025-05-04T17:13:42,total_low_Ah,,,,[],[]
CK6,7|2025-05-05T08:47:32|2025-05-05T11:08:02,2025-05-05T11:08:02,cc_too_short,,,,[],[]
CK6,7|2025-05-05T11:08:22|2025-05-05T11:19:12,2025-05-05T11:19:12,total_low_Ah,,,,[],[]
CK6,7|2025-05-05T11:19:32|2025-05-05T13:28:12,2025-05-05T13:28:12,cc_low_Ah,,,,[],[]
CK6,7|2025-05-05T17:16:52|2025-05-05T19:00:12,2025-05-05T19:00:12,total_low_Ah,,,,[],[]
CK6,7|2025-05-05T22:18:52|2025-05-05T23:40:42,2025-05-05T23:40:42,total_low_Ah,,,,[],[]
CK6,7|2025-05-06T01:21:22|2025-05-06T01:43:52,2025-05-06T01:43:52,total_low_Ah,,,,[],[]
CK6,7|2025-05-06T06:18:12|2025-05-06T07:44:52,2025-05-06T07:44:52,total_low_Ah,,,,[],[]
CK6,7|2025-05-06T07:53:32|2025-05-06T07:57:22,2025-05-06T07:57:22,total_low_Ah,,,,[],[]
CK6,7|2025-05-06T08:03:22|2025-05-06T08:10:32,2025-05-06T08:10:32,total_low_Ah,,,,[],[]
CK6,7|2025-05-06T08:20:22|2025-05-06T09:00:52,2025-05-06T09:00:52,total_low_Ah,,,,[],[]
CK6,7|2025-05-06T09:08:42|2025-05-06T09:14:02,2025-05-06T09:14:02,total_low_Ah,,,,[],[]
CK6,7|2025-05-06T12:24:22|2025-05-06T15:28:52,2025-05-06T15:28:52,cc_too_short,,,,[],[]
CK6,7|2025-05-07T06:46:42|2025-05-07T08:34:32,2025-05-07T08:34:32,cc_low_Ah,,,,[],[]
CK6,7|2025-05-07T08:58:42|2025-05-07T10:42:42,2025-05-07T10:42:42,cc_too_short,,,,[],[]
CK6,7|2025-05-07T11:13:32|2025-05-07T12:17:41,2025-05-07T12:17:41,pass,shallow,46.57,20.4,"[1, 2, 3, 4]",[]
CK6,7|2025-05-08T04:46:42|2025-05-08T06:54:12,2025-05-08T06:54:12,cc_low_Ah,,,,[],[]
CK6,7|2025-05-08T08:18:42|2025-05-08T08:24:12,2025-05-08T08:24:12,total_low_Ah,,,,[],[]
CK6,7|2025-05-08T08:32:22|2025-05-08T08:37:22,2025-05-08T08:37:22,total_low_Ah,,,,[],[]
CK6,7|2025-05-08T08:47:42|2025-05-08T08:52:52,2025-05-08T08:52:52,total_low_Ah,,,,[],[]
CK6,7|2025-05-08T09:07:32|2025-05-08T09:16:02,2025-05-08T09:16:02,total_low_Ah,,,,[],[]
CK6,7|2025-05-08T09:17:32|2025-05-08T10:23:22,2025-05-08T10:23:22,total_low_Ah,,,,[],[]
CK6,7|2025-05-08T11:00:02|2025-05-08T12:46:12,2025-05-08T12:46:12,unstable_cc_start,,,,[],[]
CK6,7|2025-05-09T08:31:32|2025-05-09T08:35:22,2025-05-09T08:35:22,total_low_Ah,,,,[],[]
CK6,7|2025-05-09T08:47:42|2025-05-09T11:30:32,2025-05-09T11:30:32,unstable_cc_start,,,,[],[]
CK6,7|2025-05-09T11:41:42|2025-05-09T11:50:52,2025-05-09T11:50:52,total_low_Ah,,,,[],[]
CK6,7|2025-05-09T11:53:32|2025-05-09T12:14:42,2025-05-09T12:14:42,total_low_Ah,,,,[],[]
CK6,7|2025-05-09T12:17:52|2025-05-09T12:24:42,2025-05-09T12:24:42,total_low_Ah,,,,[],[]
CK6,7|2025-05-09T12:28:32|2025-05-09T12:34:42,2025-05-09T12:34:42,total_low_Ah,,,,[],[]
CK6,7|2025-05-09T12:42:52|2025-05-09T13:17:32,2025-05-09T13:17:32,total_low_Ah,,,,[],[]
CK6,7|2025-05-10T04:51:22|2025-05-10T07:11:52,2025-05-10T07:11:52,cc_too_short,,,,[],[]
CK6,7|2025-05-10T07:12:12|2025-05-10T07:23:02,2025-05-10T07:23:02,total_low_Ah,,,,[],[]
CK6,7|2025-05-10T07:23:22|2025-05-10T09:32:02,2025-05-10T09:32:02,cc_low_Ah,,,,[],[]
CK6,7|2025-05-10T13:20:42|2025-05-10T15:04:02,2025-05-10T15:04:02,total_low_Ah,,,,[],[]
CK6,7|2025-05-10T18:22:42|2025-05-10T19:44:32,2025-05-10T19:44:32,total_low_Ah,,,,[],[]
CK6,7|2025-05-10T21:25:12|2025-05-10T21:47:42,2025-05-10T21:47:42,total_low_Ah,,,,[],[]
CK6,7|2025-05-11T02:22:02|2025-05-11T03:48:42,2025-05-11T03:48:42,total_low_Ah,,,,[],[]
CK6,7|2025-05-11T03:57:22|2025-05-11T04:01:12,2025-05-11T04:01:12,total_low_Ah,,,,[],[]
CK6,7|2025-05-11T04:07:12|2025-05-11T04:14:22,2025-05-11T04:14:22,total_low_Ah,,,,[],[]
CK6,7|2025-05-11T04:24:12|2025-05-11T05:04:42,2025-05-11T05:04:42,total_low_Ah,,,,[],[]
CK6,7|2025-05-11T05:12:32|2025-05-11T05:17:52,2025-05-11T05:17:52,total_low_Ah,,,,[],[]
CK6,7|2025-05-11T08:28:12|2025-05-11T11:32:42,2025-05-11T11:32:42,cc_too_short,,,,[],[]
CK6,7|2025-05-12T02:50:32|2025-05-12T04:38:22,2025-05-12T04:38:22,cc_low_Ah,,,,[],[]
CK6,7|2025-05-12T05:02:32|2025-05-12T06:46:32,2025-05-12T06:46:32,cc_too_short,,,,[],[]
CK6,7|2025-05-12T07:17:22|2025-05-12T08:21:14,2025-05-12T08:21:14,pass,shallow,46.54,20.4,"[1, 2, 3, 4]",[]
CK6,7|2025-05-13T00:50:14|2025-05-13T02:57:44,2025-05-13T02:57:44,cc_low_Ah,,,,[],[]
CK6,7|2025-05-13T04:22:14|2025-05-13T04:27:44,2025-05-13T04:27:44,total_low_Ah,,,,[],[]
CK6,7|2025-05-13T04:35:54|2025-05-13T04:40:54,2025-05-13T04:40:54,total_low_Ah,,,,[],[]
CK6,7|2025-05-13T04:51:14|2025-05-13T04:56:24,2025-05-13T04:56:24,total_low_Ah,,,,[],[]
CK6,7|2025-05-13T05:11:04|2025-05-13T05:19:34,2025-05-13T05:19:34,total_low_Ah,,,,[],[]
CK6,7|2025-05-13T05:21:04|2025-05-13T06:26:54,2025-05-13T06:26:54,total_low_Ah,,,,[],[]
CK6,7|2025-05-13T07:03:34|2025-05-13T08:49:44,2025-05-13T08:49:44,unstable_cc_start,,,,[],[]
CK6,7|2025-05-14T04:35:04|2025-05-14T04:38:54,2025-05-14T04:38:54,total_low_Ah,,,,[],[]
CK6,7|2025-05-14T04:51:14|2025-05-14T07:34:04,2025-05-14T07:34:04,unstable_cc_start,,,,[],[]
CK6,7|2025-05-14T07:45:14|2025-05-14T07:54:24,2025-05-14T07:54:24,total_low_Ah,,,,[],[]
CK6,7|2025-05-14T07:57:04|2025-05-14T08:18:14,2025-05-14T08:18:14,total_low_Ah,,,,[],[]
CK6,7|2025-05-14T08:21:24|2025-05-14T08:28:14,2025-05-14T08:28:14,total_low_Ah,,,,[],[]
CK6,7|2025-05-14T08:32:04|2025-05-14T08:38:14,2025-05-14T08:38:14,total_low_Ah,,,,[],[]
CK6,7|2025-05-14T08:46:24|2025-05-14T09:21:04,2025-05-14T09:21:04,total_low_Ah,,,,[],[]
CK6,7|2025-05-15T00:54:54|2025-05-15T03:15:24,2025-05-15T03:15:24,cc_too_short,,,,[],[]
CK6,7|2025-05-15T03:15:44|2025-05-15T03:26:34,2025-05-15T03:26:34,total_low_Ah,,,,[],[]
CK6,7|2025-05-15T03:26:54|2025-05-15T05:35:34,2025-05-15T05:35:34,cc_low_Ah,,,,[],[]
CK6,7|2025-05-15T09:24:14|2025-05-15T11:07:34,2025-05-15T11:07:34,total_low_Ah,,,,[],[]
CK6,7|2025-05-15T14:26:14|2025-05-15T15:48:04,2025-05-15T15:48:04,total_low_Ah,,,,[],[]
CK6,7|2025-05-15T17:28:44|2025-05-15T17:51:14,2025-05-15T17:51:14,total_low_Ah,,,,[],[]
CK6,8|2025-05-19T16:28:34|2025-05-19T21:08:59,2025-05-19T21:08:59,pass,deep,26.68,20.4,"[1, 2, 3, 4]",[]
CK6,8|2025-05-20T13:37:59|2025-05-20T15:45:29,2025-05-20T15:45:29,cc_low_Ah,,,,[],[]
CK6,8|2025-05-20T17:09:59|2025-05-20T17:15:29,2025-05-20T17:15:29,total_low_Ah,,,,[],[]
CK6,8|2025-05-20T17:23:39|2025-05-20T17:28:39,2025-05-20T17:28:39,total_low_Ah,,,,[],[]
CK6,8|2025-05-20T17:38:59|2025-05-20T17:44:09,2025-05-20T17:44:09,total_low_Ah,,,,[],[]
CK6,8|2025-05-20T17:58:49|2025-05-20T18:07:19,2025-05-20T18:07:19,total_low_Ah,,,,[],[]
CK6,8|2025-05-20T18:08:49|2025-05-20T19:14:39,2025-05-20T19:14:39,total_low_Ah,,,,[],[]
CK6,8|2025-05-20T19:51:19|2025-05-20T21:37:29,2025-05-20T21:37:29,unstable_cc_start,,,,[],[]
CK6,8|2025-05-21T17:23:06|2025-05-21T17:26:56,2025-05-21T17:26:56,total_low_Ah,,,,[],[]
CK6,8|2025-05-21T17:39:16|2025-05-21T20:22:06,2025-05-21T20:22:06,unstable_cc_start,,,,[],[]
CK6,8|2025-05-21T20:33:16|2025-05-21T20:42:26,2025-05-21T20:42:26,total_low_Ah,,,,[],[]
CK6,8|2025-05-21T20:45:06|2025-05-21T21:06:16,2025-05-21T21:06:16,total_low_Ah,,,,[],[]
CK6,8|2025-05-21T21:09:26|2025-05-21T21:16:16,2025-05-21T21:16:16,total_low_Ah,,,,[],[]
CK6,8|2025-05-21T21:20:06|2025-05-21T21:26:16,2025-05-21T21:26:16,total_low_Ah,,,,[],[]
CK6,8|2025-05-21T21:34:26|2025-05-21T22:09:06,2025-05-21T22:09:06,total_low_Ah,,,,[],[]
CK6,8|2025-05-22T13:42:56|2025-05-22T16:03:26,2025-05-22T16:03:26,cc_too_short,,,,[],[]
CK6,8|2025-05-22T16:03:46|2025-05-22T16:14:36,2025-05-22T16:14:36,total_low_Ah,,,,[],[]
CK6,8|2025-05-22T16:14:56|2025-05-22T18:23:36,2025-05-22T18:23:36,cc_low_Ah,,,,[],[]
CK6,8|2025-05-22T22:12:16|2025-05-22T23:55:36,2025-05-22T23:55:36,total_low_Ah,,,,[],[]
CK6,8|2025-05-23T03:14:16|2025-05-23T04:36:06,2025-05-23T04:36:06,total_low_Ah,,,,[],[]
CK6,8|2025-05-23T06:16:46|2025-05-23T06:39:16,2025-05-23T06:39:16,total_low_Ah,,,,[],[]
CK6,8|2025-05-23T11:13:36|2025-05-23T12:40:16,2025-05-23T12:40:16,total_low_Ah,,,,[],[]
CK6,8|2025-05-23T12:48:56|2025-05-23T12:52:46,2025-05-23T12:52:46,total_low_Ah,,,,[],[]
CK6,8|2025-05-23T12:58:46|2025-05-23T13:05:56,2025-05-23T13:05:56,total_low_Ah,,,,[],[]
CK6,8|2025-05-23T13:15:46|2025-05-23T13:56:16,2025-05-23T13:56:16,total_low_Ah,,,,[],[]
CK6,8|2025-05-23T14:04:06|2025-05-23T14:09:26,2025-05-23T14:09:26,total_low_Ah,,,,[],[]
CK6,8|2025-05-23T17:19:46|2025-05-23T20:24:16,2025-05-23T20:24:16,cc_too_short,,,,[],[]
CK6,8|2025-05-24T11:42:06|2025-05-24T13:29:56,2025-05-24T13:29:56,cc_low_Ah,,,,[],[]
CK6,8|2025-05-24T13:54:06|2025-05-24T15:38:06,2025-05-24T15:38:06,cc_too_short,,,,[],[]
CK6,8|2025-05-24T16:08:56|2025-05-24T17:13:53,2025-05-24T17:13:53,pass,shallow,26.4,20.4,"[1, 2, 3, 4]",[]
CK6,8|2025-05-25T09:42:54|2025-05-25T11:50:24,2025-05-25T11:50:24,cc_low_Ah,,,,[],[]
CK6,8|2025-05-25T13:14:54|2025-05-25T13:20:24,2025-05-25T13:20:24,total_low_Ah,,,,[],[]
CK6,8|2025-05-25T13:28:34|2025-05-25T13:33:34,2025-05-25T13:33:34,total_low_Ah,,,,[],[]
CK6,8|2025-05-25T13:43:54|2025-05-25T13:49:04,2025-05-25T13:49:04,total_low_Ah,,,,[],[]
CK6,8|2025-05-25T14:03:44|2025-05-25T14:12:14,2025-05-25T14:12:14,total_low_Ah,,,,[],[]
CK6,8|2025-05-25T14:13:44|2025-05-25T15:19:34,2025-05-25T15:19:34,total_low_Ah,,,,[],[]
CK6,8|2025-05-25T15:56:14|2025-05-25T17:42:24,2025-05-25T17:42:24,unstable_cc_start,,,,[],[]
CK6,9|2025-05-26T23:10:09|2025-05-26T23:13:59,2025-05-26T23:13:59,total_low_Ah,,,,[],[]
CK6,9|2025-05-26T23:26:19|2025-05-27T02:09:09,2025-05-27T02:09:09,unstable_cc_start,,,,[],[]
CK6,9|2025-05-27T02:20:19|2025-05-27T02:29:29,2025-05-27T02:29:29,total_low_Ah,,,,[],[]
CK6,9|2025-05-27T02:32:09|2025-05-27T02:53:19,2025-05-27T02:53:19,total_low_Ah,,,,[],[]
CK6,9|2025-05-27T02:56:29|2025-05-27T03:03:19,2025-05-27T03:03:19,total_low_Ah,,,,[],[]
CK6,9|2025-05-27T03:07:09|2025-05-27T03:13:19,2025-05-27T03:13:19,total_low_Ah,,,,[],[]
CK6,9|2025-05-27T03:21:29|2025-05-27T03:56:09,2025-05-27T03:56:09,total_low_Ah,,,,[],[]
CK6,9|2025-05-27T19:29:59|2025-05-27T21:50:29,2025-05-27T21:50:29,cc_too_short,,,,[],[]
CK6,9|2025-05-27T21:50:49|2025-05-27T22:01:39,2025-05-27T22:01:39,total_low_Ah,,,,[],[]
CK6,9|2025-05-27T22:01:59|2025-05-28T00:10:39,2025-05-28T00:10:39,cc_low_Ah,,,,[],[]
CK6,9|2025-05-28T03:59:19|2025-05-28T05:42:39,2025-05-28T05:42:39,total_low_Ah,,,,[],[]
CK6,9|2025-05-28T09:01:19|2025-05-28T10:23:09,2025-05-28T10:23:09,total_low_Ah,,,,[],[]
CK6,9|2025-05-28T12:03:49|2025-05-28T12:26:19,2025-05-28T12:26:19,total_low_Ah,,,,[],[]
CK6,9|2025-05-28T17:00:39|2025-05-28T18:27:19,2025-05-28T18:27:19,total_low_Ah,,,,[],[]
CK6,9|2025-05-28T18:35:59|2025-05-28T18:39:49,2025-05-28T18:39:49,total_low_Ah,,,,[],[]
CK6,9|2025-05-28T18:45:49|2025-05-28T18:52:59,2025-05-28T18:52:59,total_low_Ah,,,,[],[]
CK6,9|2025-05-28T19:02:49|2025-05-28T19:43:19,2025-05-28T19:43:19,total_low_Ah,,,,[],[]
CK6,9|2025-05-28T19:51:09|2025-05-28T19:56:29,2025-05-28T19:56:29,total_low_Ah,,,,[],[]
CK6,9|2025-05-28T23:06:49|2025-05-29T02:11:19,2025-05-29T02:11:19,cc_too_short,,,,[],[]
CK6,9|2025-05-29T17:29:09|2025-05-29T19:16:59,2025-05-29T19:16:59,cc_low_Ah,,,,[],[]
CK6,9|2025-05-29T19:41:09|2025-05-29T21:25:09,2025-05-29T21:25:09,cc_too_short,,,,[],[]
CK6,9|2025-05-29T21:56:08|2025-05-29T23:01:12,2025-05-29T23:01:12,pass,shallow,46.405,20.4,"[1, 2, 3, 4]",[]
CK6,9|2025-05-30T15:30:12|2025-05-30T17:37:42,2025-05-30T17:37:42,cc_low_Ah,,,,[],[]
CK6,9|2025-05-30T19:02:12|2025-05-30T19:07:42,2025-05-30T19:07:42,total_low_Ah,,,,[],[]
CK6,9|2025-05-30T19:15:52|2025-05-30T19:20:52,2025-05-30T19:20:52,total_low_Ah,,,,[],[]
CK6,9|2025-05-30T19:31:12|2025-05-30T19:36:22,2025-05-30T19:36:22,total_low_Ah,,,,[],[]
CK6,9|2025-05-30T19:51:02|2025-05-30T19:59:32,2025-05-30T19:59:32,total_low_Ah,,,,[],[]
CK6,9|2025-05-30T20:01:02|2025-05-30T21:06:52,2025-05-30T21:06:52,total_low_Ah,,,,[],[]
CK6,9|2025-05-30T21:43:32|2025-05-30T23:29:42,2025-05-30T23:29:42,unstable_cc_start,,,,[],[]
CK6,9|2025-05-31T19:15:02|2025-05-31T19:18:52,2025-05-31T19:18:52,total_low_Ah,,,,[],[]
CK6,9|2025-05-31T19:31:12|2025-05-31T22:14:02,2025-05-31T22:14:02,unstable_cc_start,,,,[],[]
CK6,9|2025-05-31T22:25:12|2025-05-31T22:34:22,2025-05-31T22:34:22,total_low_Ah,,,,[],[]
CK6,9|2025-05-31T22:37:02|2025-05-31T22:58:12,2025-05-31T22:58:12,total_low_Ah,,,,[],[]
CK6,9|2025-05-31T23:01:22|2025-05-31T23:08:12,2025-05-31T23:08:12,total_low_Ah,,,,[],[]
CK6,9|2025-05-31T23:12:02|2025-05-31T23:18:12,2025-05-31T23:18:12,total_low_Ah,,,,[],[]
CK6,9|2025-05-31T23:26:22|2025-06-01T00:01:02,2025-06-01T00:01:02,total_low_Ah,,,,[],[]
CK6,9|2025-06-01T15:34:52|2025-06-01T17:55:22,2025-06-01T17:55:22,cc_too_short,,,,[],[]
CK6,9|2025-06-01T17:55:42|2025-06-01T18:06:32,2025-06-01T18:06:32,total_low_Ah,,,,[],[]
CK6,9|2025-06-01T18:06:52|2025-06-01T20:15:32,2025-06-01T20:15:32,cc_low_Ah,,,,[],[]
CK6,9|2025-06-02T00:04:12|2025-06-02T01:47:32,2025-06-02T01:47:32,total_low_Ah,,,,[],[]
CK6,9|2025-06-02T05:06:12|2025-06-02T06:28:02,2025-06-02T06:28:02,total_low_Ah,,,,[],[]
CK6,9|2025-06-02T08:08:42|2025-06-02T08:31:12,2025-06-02T08:31:12,total_low_Ah,,,,[],[]
CK6,9|2025-06-02T13:05:32|2025-06-02T14:32:12,2025-06-02T14:32:12,total_low_Ah,,,,[],[]
CK6,9|2025-06-02T14:40:52|2025-06-02T14:44:42,2025-06-02T14:44:42,total_low_Ah,,,,[],[]
CK6,9|2025-06-02T14:50:42|2025-06-02T14:57:52,2025-06-02T14:57:52,total_low_Ah,,,,[],[]
CK6,9|2025-06-02T15:07:42|2025-06-02T15:48:12,2025-06-02T15:48:12,total_low_Ah,,,,[],[]
CK6,9|2025-06-02T15:56:02|2025-06-02T16:01:22,2025-06-02T16:01:22,total_low_Ah,,,,[],[]
CK6,9|2025-06-02T19:11:42|2025-06-02T22:16:12,2025-06-02T22:16:12,cc_too_short,,,,[],[]
CK6,9|2025-06-03T13:34:02|2025-06-03T15:21:52,2025-06-03T15:21:52,cc_low_Ah,,,,[],[]
CK6,9|2025-06-03T15:46:02|2025-06-03T17:30:02,2025-06-03T17:30:02,cc_too_short,,,,[],[]
CK6,9|2025-06-03T18:00:53|2025-06-03T19:04:45,2025-06-03T19:04:45,pass,shallow,46.32,20.4,"[1, 2, 3, 4]",[]
CK6,9|2025-06-04T11:33:46|2025-06-04T13:41:16,2025-06-04T13:41:16,cc_low_Ah,,,,[],[]
CK6,9|2025-06-04T15:05:46|2025-06-04T15:11:16,2025-06-04T15:11:16,total_low_Ah,,,,[],[]
CK6,9|2025-06-04T15:19:26|2025-06-04T15:24:26,2025-06-04T15:24:26,total_low_Ah,,,,[],[]
CK6,9|2025-06-04T15:34:46|2025-06-04T15:39:56,2025-06-04T15:39:56,total_low_Ah,,,,[],[]
CK6,9|2025-06-04T15:54:36|2025-06-04T16:03:06,2025-06-04T16:03:06,total_low_Ah,,,,[],[]
CK6,9|2025-06-04T16:04:36|2025-06-04T17:10:26,2025-06-04T17:10:26,total_low_Ah,,,,[],[]
CK6,9|2025-06-04T17:47:06|2025-06-04T19:33:16,2025-06-04T19:33:16,unstable_cc_start,,,,[],[]
CK6,9|2025-06-05T15:18:36|2025-06-05T15:22:26,2025-06-05T15:22:26,total_low_Ah,,,,[],[]
CK6,9|2025-06-05T15:34:46|2025-06-05T18:17:36,2025-06-05T18:17:36,unstable_cc_start,,,,[],[]
CK6,9|2025-06-05T18:28:46|2025-06-05T18:37:56,2025-06-05T18:37:56,total_low_Ah,,,,[],[]
CK6,9|2025-06-05T18:40:36|2025-06-05T19:01:46,2025-06-05T19:01:46,total_low_Ah,,,,[],[]
CK6,9|2025-06-05T19:04:56|2025-06-05T19:11:46,2025-06-05T19:11:46,total_low_Ah,,,,[],[]
CK6,9|2025-06-05T19:15:36|2025-06-05T19:21:46,2025-06-05T19:21:46,total_low_Ah,,,,[],[]
CK6,9|2025-06-05T19:29:56|2025-06-05T20:04:36,2025-06-05T20:04:36,total_low_Ah,,,,[],[]
CK6,9|2025-06-06T11:38:26|2025-06-06T13:58:56,2025-06-06T13:58:56,cc_too_short,,,,[],[]
CK6,9|2025-06-06T13:59:16|2025-06-06T14:10:06,2025-06-06T14:10:06,total_low_Ah,,,,[],[]
CK6,9|2025-06-06T14:10:26|2025-06-06T16:19:06,2025-06-06T16:19:06,cc_low_Ah,,,,[],[]
CK6,9|2025-06-06T20:07:46|2025-06-06T21:51:06,2025-06-06T21:51:06,total_low_Ah,,,,[],[]
CK6,9|2025-06-07T01:09:46|2025-06-07T02:31:36,2025-06-07T02:31:36,total_low_Ah,,,,[],[]
CK6,9|2025-06-07T04:12:16|2025-06-07T04:34:46,2025-06-07T04:34:46,total_low_Ah,,,,[],[]
CK6,9|2025-06-07T09:09:06|2025-06-07T10:35:46,2025-06-07T10:35:46,total_low_Ah,,,,[],[]
CK6,9|2025-06-07T10:44:26|2025-06-07T10:48:16,2025-06-07T10:48:16,total_low_Ah,,,,[],[]
CK6,9|2025-06-07T10:54:16|2025-06-07T11:01:26,2025-06-07T11:01:26,total_low_Ah,,,,[],[]
CK6,9|2025-06-07T11:11:16|2025-06-07T11:51:46,2025-06-07T11:51:46,total_low_Ah,,,,[],[]
CK6,9|2025-06-07T11:59:36|2025-06-07T12:04:56,2025-06-07T12:04:56,total_low_Ah,,,,[],[]
CK6,9|2025-06-07T15:15:16|2025-06-07T18:19:46,2025-06-07T18:19:46,cc_too_short,,,,[],[]
CK6,9|2025-06-08T09:37:36|2025-06-08T11:25:26,2025-06-08T11:25:26,cc_low_Ah,,,,[],[]
CK6,9|2025-06-08T11:49:36|2025-06-08T13:33:36,2025-06-08T13:33:36,cc_too_short,,,,[],[]
CK6,9|2025-06-08T14:04:26|2025-06-08T15:08:13,2025-06-08T15:08:13,pass,shallow,46.39,20.4,"[1, 2, 3, 4]",[]
CK6,9|2025-06-09T07:37:14|2025-06-09T09:44:44,2025-06-09T09:44:44,cc_low_Ah,,,,[],[]
CK6,9|2025-06-09T11:09:14|2025-06-09T11:14:44,2025-06-09T11:14:44,total_low_Ah,,,,[],[]
CK6,9|2025-06-09T11:22:54|2025-06-09T11:27:54,2025-06-09T11:27:54,total_low_Ah,,,,[],[]
CK6,9|2025-06-09T11:38:14|2025-06-09T11:43:24,2025-06-09T11:43:24,total_low_Ah,,,,[],[]
CK6,9|2025-06-09T11:58:04|2025-06-09T12:06:34,2025-06-09T12:06:34,total_low_Ah,,,,[],[]
CK6,9|2025-06-09T12:08:04|2025-06-09T13:13:54,2025-06-09T13:13:54,total_low_Ah,,,,[],[]
CK6,9|2025-06-09T13:50:34|2025-06-09T15:36:44,2025-06-09T15:36:44,unstable_cc_start,,,,[],[]
CK6,9|2025-06-10T11:22:04|2025-06-10T11:25:54,2025-06-10T11:25:54,total_low_Ah,,,,[],[]
CK6,9|2025-06-10T11:38:14|2025-06-10T14:21:04,2025-06-10T14:21:04,unstable_cc_start,,,,[],[]
CK6,9|2025-06-10T14:32:14|2025-06-10T14:41:24,2025-06-10T14:41:24,total_low_Ah,,,,[],[]
CK6,9|2025-06-10T14:44:04|2025-06-10T15:05:14,2025-06-10T15:05:14,total_low_Ah,,,,[],[]
CK6,9|2025-06-10T15:08:24|2025-06-10T15:15:14,2025-06-10T15:15:14,total_low_Ah,,,,[],[]
CK6,9|2025-06-10T15:19:04|2025-06-10T15:25:14,2025-06-10T15:25:14,total_low_Ah,,,,[],[]
CK6,9|2025-06-10T15:33:24|2025-06-10T16:08:04,2025-06-10T16:08:04,total_low_Ah,,,,[],[]
CK6,9|2025-06-11T07:41:54|2025-06-11T10:02:24,2025-06-11T10:02:24,cc_too_short,,,,[],[]
CK6,9|2025-06-11T10:02:44|2025-06-11T10:13:34,2025-06-11T10:13:34,total_low_Ah,,,,[],[]
CK6,9|2025-06-11T10:13:54|2025-06-11T12:22:34,2025-06-11T12:22:34,cc_low_Ah,,,,[],[]
CK6,9|2025-06-11T16:11:14|2025-06-11T17:54:34,2025-06-11T17:54:34,total_low_Ah,,,,[],[]
CK6,9|2025-06-11T21:13:14|2025-06-11T22:35:04,2025-06-11T22:35:04,total_low_Ah,,,,[],[]
CK6,9|2025-06-12T00:15:44|2025-06-12T00:38:14,2025-06-12T00:38:14,total_low_Ah,,,,[],[]
CK6,9|2025-06-12T05:12:34|2025-06-12T06:39:14,2025-06-12T06:39:14,total_low_Ah,,,,[],[]
CK6,9|2025-06-12T06:47:54|2025-06-12T06:51:44,2025-06-12T06:51:44,total_low_Ah,,,,[],[]
CK6,9|2025-06-12T06:57:44|2025-06-12T07:04:54,2025-06-12T07:04:54,total_low_Ah,,,,[],[]
CK6,9|2025-06-12T07:14:44|2025-06-12T07:55:14,2025-06-12T07:55:14,total_low_Ah,,,,[],[]
CK6,9|2025-06-12T08:03:04|2025-06-12T08:08:24,2025-06-12T08:08:24,total_low_Ah,,,,[],[]
CK6,9|2025-06-12T11:18:44|2025-06-12T14:23:14,2025-06-12T14:23:14,cc_too_short,,,,[],[]
CK6,9|2025-06-13T05:41:04|2025-06-13T07:28:54,2025-06-13T07:28:54,cc_low_Ah,,,,[],[]
CK6,9|2025-06-13T07:53:04|2025-06-13T09:37:04,2025-06-13T09:37:04,cc_too_short,,,,[],[]
CK6,9|2025-06-13T10:07:54|2025-06-13T11:11:42,2025-06-13T11:11:42,pass,shallow,46.37,20.4,"[1, 2, 3, 4]",[]
CK6,9|2025-06-14T03:40:42|2025-06-14T05:48:12,2025-06-14T05:48:12,cc_low_Ah,,,,[],[]
CK6,9|2025-06-14T07:12:42|2025-06-14T07:18:12,2025-06-14T07:18:12,total_low_Ah,,,,[],[]
CK6,9|2025-06-14T07:26:22|2025-06-14T07:31:22,2025-06-14T07:31:22,total_low_Ah,,,,[],[]
CK6,9|2025-06-14T07:41:42|2025-06-14T07:46:52,2025-06-14T07:46:52,total_low_Ah,,,,[],[]
CK6,9|2025-06-14T08:01:32|2025-06-14T08:10:02,2025-06-14T08:10:02,total_low_Ah,,,,[],[]
CK6,9|2025-06-14T08:11:32|2025-06-14T09:17:22,2025-06-14T09:17:22,total_low_Ah,,,,[],[]
CK6,9|2025-06-14T09:54:02|2025-06-14T11:40:12,2025-06-14T11:40:12,unstable_cc_start,,,,[],[]
CK6,9|2025-06-15T07:25:32|2025-06-15T07:29:22,2025-06-15T07:29:22,total_low_Ah,,,,[],[]
CK6,9|2025-06-15T07:41:42|2025-06-15T10:24:32,2025-06-15T10:24:32,unstable_cc_start,,,,[],[]
CK6,9|2025-06-15T10:35:42|2025-06-15T10:44:52,2025-06-15T10:44:52,total_low_Ah,,,,[],[]
CK6,9|2025-06-15T10:47:32|2025-06-15T11:08:42,2025-06-15T11:08:42,total_low_Ah,,,,[],[]
CK6,9|2025-06-15T11:11:52|2025-06-15T11:18:42,2025-06-15T11:18:42,total_low_Ah,,,,[],[]
CK6,9|2025-06-15T11:22:32|2025-06-15T11:28:42,2025-06-15T11:28:42,total_low_Ah,,,,[],[]
CK6,9|2025-06-15T11:36:52|2025-06-15T12:11:32,2025-06-15T12:11:32,total_low_Ah,,,,[],[]
CK6,9|2025-06-16T03:45:22|2025-06-16T06:05:52,2025-06-16T06:05:52,cc_too_short,,,,[],[]
CK6,9|2025-06-16T06:06:12|2025-06-16T06:17:02,2025-06-16T06:17:02,total_low_Ah,,,,[],[]
CK6,9|2025-06-16T06:17:22|2025-06-16T08:26:02,2025-06-16T08:26:02,cc_low_Ah,,,,[],[]
CK6,9|2025-06-16T12:14:42|2025-06-16T12:23:32,2025-06-16T12:23:32,total_low_Ah,,,,[],[]
CK6,10|2025-06-21T22:52:28|2025-06-22T03:31:00,2025-06-22T03:31:00,pass,deep,26.63,20.4,"[1, 2, 3, 4]",[]
CK6,10|2025-06-22T20:00:00|2025-06-22T22:07:30,2025-06-22T22:07:30,cc_low_Ah,,,,[],[]
CK6,10|2025-06-22T23:32:00|2025-06-22T23:37:30,2025-06-22T23:37:30,total_low_Ah,,,,[],[]
CK6,10|2025-06-22T23:45:40|2025-06-22T23:50:40,2025-06-22T23:50:40,total_low_Ah,,,,[],[]
CK6,10|2025-06-23T00:01:00|2025-06-23T00:06:10,2025-06-23T00:06:10,total_low_Ah,,,,[],[]
CK6,10|2025-06-23T00:20:50|2025-06-23T00:29:20,2025-06-23T00:29:20,total_low_Ah,,,,[],[]
CK6,10|2025-06-23T00:30:50|2025-06-23T01:36:40,2025-06-23T01:36:40,total_low_Ah,,,,[],[]
CK6,10|2025-06-23T02:13:20|2025-06-23T03:59:30,2025-06-23T03:59:30,unstable_cc_start,,,,[],[]
CK6,10|2025-06-23T23:44:50|2025-06-23T23:48:40,2025-06-23T23:48:40,total_low_Ah,,,,[],[]
CK6,10|2025-06-24T00:01:00|2025-06-24T02:43:50,2025-06-24T02:43:50,unstable_cc_start,,,,[],[]
CK6,10|2025-06-24T02:55:00|2025-06-24T03:04:10,2025-06-24T03:04:10,total_low_Ah,,,,[],[]
CK6,10|2025-06-24T03:06:50|2025-06-24T03:28:00,2025-06-24T03:28:00,total_low_Ah,,,,[],[]
CK6,10|2025-06-24T03:31:10|2025-06-24T03:38:00,2025-06-24T03:38:00,total_low_Ah,,,,[],[]
CK6,10|2025-06-24T03:41:50|2025-06-24T03:48:00,2025-06-24T03:48:00,total_low_Ah,,,,[],[]
CK6,10|2025-06-24T03:56:10|2025-06-24T04:30:50,2025-06-24T04:30:50,total_low_Ah,,,,[],[]
CK6,10|2025-06-24T20:04:40|2025-06-24T22:25:10,2025-06-24T22:25:10,cc_too_short,,,,[],[]
CK6,10|2025-06-24T22:25:30|2025-06-24T22:36:20,2025-06-24T22:36:20,total_low_Ah,,,,[],[]
CK6,10|2025-06-24T22:36:40|2025-06-25T00:45:20,2025-06-25T00:45:20,cc_low_Ah,,,,[],[]
CK6,10|2025-06-25T04:34:00|2025-06-25T06:17:20,2025-06-25T06:17:20,total_low_Ah,,,,[],[]
CK6,10|2025-06-25T09:36:00|2025-06-25T10:57:50,2025-06-25T10:57:50,total_low_Ah,,,,[],[]
CK6,10|2025-06-25T12:38:30|2025-06-25T13:01:00,2025-06-25T13:01:00,total_low_Ah,,,,[],[]
CK6,10|2025-06-25T17:35:20|2025-06-25T19:02:00,2025-06-25T19:02:00,total_low_Ah,,,,[],[]
CK6,10|2025-06-25T19:10:40|2025-06-25T19:14:30,2025-06-25T19:14:30,total_low_Ah,,,,[],[]
CK6,10|2025-06-25T19:20:30|2025-06-25T19:27:40,2025-06-25T19:27:40,total_low_Ah,,,,[],[]
CK6,10|2025-06-25T19:37:30|2025-06-25T20:18:00,2025-06-25T20:18:00,total_low_Ah,,,,[],[]
CK6,10|2025-06-25T20:25:50|2025-06-25T20:31:10,2025-06-25T20:31:10,total_low_Ah,,,,[],[]
CK6,10|2025-06-25T23:41:30|2025-06-26T02:46:00,2025-06-26T02:46:00,cc_too_short,,,,[],[]
CK6,10|2025-06-26T18:03:50|2025-06-26T19:51:40,2025-06-26T19:51:40,cc_low_Ah,,,,[],[]
CK6,10|2025-06-26T20:15:50|2025-06-26T21:59:50,2025-06-26T21:59:50,cc_too_short,,,,[],[]
CK6,10|2025-06-26T22:30:41|2025-06-26T23:34:33,2025-06-26T23:34:33,pass,shallow,26.16,20.4,"[1, 2, 3, 4]",[]
CK6,10|2025-06-27T16:03:34|2025-06-27T18:11:04,2025-06-27T18:11:04,cc_low_Ah,,,,[],[]
CK6,10|2025-06-27T19:35:34|2025-06-27T19:41:04,2025-06-27T19:41:04,total_low_Ah,,,,[],[]
CK6,10|2025-06-27T19:49:14|2025-06-27T19:54:14,2025-06-27T19:54:14,total_low_Ah,,,,[],[]
CK6,10|2025-06-27T20:04:34|2025-06-27T20:09:44,2025-06-27T20:09:44,total_low_Ah,,,,[],[]
CK6,10|2025-06-27T20:24:24|2025-06-27T20:32:54,2025-06-27T20:32:54,total_low_Ah,,,,[],[]
CK6,10|2025-06-27T20:34:24|2025-06-27T21:40:14,2025-06-27T21:40:14,total_low_Ah,,,,[],[]
CK6,10|2025-06-27T22:16:54|2025-06-28T00:03:04,2025-06-28T00:03:04,unstable_cc_start,,,,[],[]
CK6,10|2025-06-28T19:48:24|2025-06-28T19:52:14,2025-06-28T19:52:14,total_low_Ah,,,,[],[]
CK6,10|2025-06-28T20:04:34|2025-06-28T22:47:24,2025-06-28T22:47:24,unstable_cc_start,,,,[],[]
CK6,10|2025-06-28T22:58:34|2025-06-28T23:07:44,2025-06-28T23:07:44,total_low_Ah,,,,[],[]
CK6,10|2025-06-28T23:10:24|2025-06-28T23:31:34,2025-06-28T23:31:34,total_low_Ah,,,,[],[]
CK6,10|2025-06-28T23:34:44|2025-06-28T23:41:34,2025-06-28T23:41:34,total_low_Ah,,,,[],[]
CK6,10|2025-06-28T23:45:24|2025-06-28T23:51:34,2025-06-28T23:51:34,total_low_Ah,,,,[],[]
CK6,10|2025-06-28T23:59:44|2025-06-29T00:34:24,2025-06-29T00:34:24,total_low_Ah,,,,[],[]
CK6,10|2025-06-29T16:08:14|2025-06-29T18:28:44,2025-06-29T18:28:44,cc_too_short,,,,[],[]
CK6,10|2025-06-29T18:29:04|2025-06-29T18:39:54,2025-06-29T18:39:54,total_low_Ah,,,,[],[]
CK6,10|2025-06-29T18:40:14|2025-06-29T20:48:54,2025-06-29T20:48:54,cc_low_Ah,,,,[],[]
CK6,10|2025-06-30T00:37:34|2025-06-30T02:20:54,2025-06-30T02:20:54,total_low_Ah,,,,[],[]
CK6,10|2025-06-30T05:39:34|2025-06-30T07:01:24,2025-06-30T07:01:24,total_low_Ah,,,,[],[]
CK6,10|2025-06-30T08:42:04|2025-06-30T09:04:34,2025-06-30T09:04:34,total_low_Ah,,,,[],[]
CK6,10|2025-06-30T13:38:54|2025-06-30T15:05:34,2025-06-30T15:05:34,total_low_Ah,,,,[],[]
CK6,10|2025-06-30T15:14:14|2025-06-30T15:18:04,2025-06-30T15:18:04,total_low_Ah,,,,[],[]
CK6,10|2025-06-30T15:24:04|2025-06-30T15:31:14,2025-06-30T15:31:14,total_low_Ah,,,,[],[]
CK6,10|2025-06-30T15:41:04|2025-06-30T16:21:34,2025-06-30T16:21:34,total_low_Ah,,,,[],[]
CK6,10|2025-06-30T16:29:24|2025-06-30T16:34:44,2025-06-30T16:34:44,total_low_Ah,,,,[],[]
CK6,10|2025-06-30T19:45:04|2025-06-30T22:49:34,2025-06-30T22:49:34,cc_too_short,,,,[],[]
CK6,10|2025-07-01T14:07:24|2025-07-01T15:55:14,2025-07-01T15:55:14,cc_low_Ah,,,,[],[]
CK6,10|2025-07-01T16:19:24|2025-07-01T18:03:24,2025-07-01T18:03:24,cc_too_short,,,,[],[]
CK6,10|2025-07-01T18:34:14|2025-07-01T19:37:43,2025-07-01T19:37:43,pass,shallow,26.14,20.4,"[1, 2, 3, 4]",[]
CK6,10|2025-07-02T12:06:43|2025-07-02T13:35:33,2025-07-02T13:35:33,total_low_Ah,,,,[],[]
CK6,11|2025-07-03T14:53:28|2025-07-03T15:31:58,2025-07-03T15:31:58,total_low_Ah,,,,[],[]
CK6,11|2025-07-03T16:56:28|2025-07-03T17:01:58,2025-07-03T17:01:58,total_low_Ah,,,,[],[]
CK6,11|2025-07-03T17:10:08|2025-07-03T17:15:08,2025-07-03T17:15:08,total_low_Ah,,,,[],[]
CK6,11|2025-07-03T17:25:28|2025-07-03T17:30:38,2025-07-03T17:30:38,total_low_Ah,,,,[],[]
CK6,11|2025-07-03T17:45:18|2025-07-03T17:53:48,2025-07-03T17:53:48,total_low_Ah,,,,[],[]
CK6,11|2025-07-03T17:55:18|2025-07-03T19:01:08,2025-07-03T19:01:08,total_low_Ah,,,,[],[]
CK6,11|2025-07-03T19:37:48|2025-07-03T21:23:58,2025-07-03T21:23:58,unstable_cc_start,,,,[],[]
CK6,11|2025-07-04T17:09:18|2025-07-04T17:13:08,2025-07-04T17:13:08,total_low_Ah,,,,[],[]
CK6,11|2025-07-04T17:25:28|2025-07-04T20:08:18,2025-07-04T20:08:18,unstable_cc_start,,,,[],[]
CK6,11|2025-07-04T20:19:28|2025-07-04T20:28:38,2025-07-04T20:28:38,total_low_Ah,,,,[],[]
CK6,11|2025-07-04T20:31:18|2025-07-04T20:52:28,2025-07-04T20:52:28,total_low_Ah,,,,[],[]
CK6,11|2025-07-04T20:55:38|2025-07-04T21:02:28,2025-07-04T21:02:28,total_low_Ah,,,,[],[]
CK6,11|2025-07-04T21:06:18|2025-07-04T21:12:28,2025-07-04T21:12:28,total_low_Ah,,,,[],[]
CK6,11|2025-07-04T21:20:38|2025-07-04T21:55:18,2025-07-04T21:55:18,total_low_Ah,,,,[],[]
CK6,11|2025-07-05T13:29:08|2025-07-05T15:49:38,2025-07-05T15:49:38,cc_too_short,,,,[],[]
CK6,11|2025-07-05T15:49:58|2025-07-05T16:00:48,2025-07-05T16:00:48,total_low_Ah,,,,[],[]
CK6,11|2025-07-05T16:01:08|2025-07-05T18:09:48,2025-07-05T18:09:48,cc_low_Ah,,,,[],[]
CK6,11|2025-07-05T21:58:28|2025-07-05T23:41:48,2025-07-05T23:41:48,total_low_Ah,,,,[],[]
CK6,11|2025-07-06T03:00:28|2025-07-06T04:22:18,2025-07-06T04:22:18,total_low_Ah,,,,[],[]
CK6,11|2025-07-06T06:02:58|2025-07-06T06:25:28,2025-07-06T06:25:28,total_low_Ah,,,,[],[]
CK6,11|2025-07-06T10:59:48|2025-07-06T12:26:28,2025-07-06T12:26:28,total_low_Ah,,,,[],[]
CK6,11|2025-07-06T12:35:08|2025-07-06T12:38:58,2025-07-06T12:38:58,total_low_Ah,,,,[],[]
CK6,11|2025-07-06T12:44:58|2025-07-06T12:52:08,2025-07-06T12:52:08,total_low_Ah,,,,[],[]
CK6,11|2025-07-06T13:01:58|2025-07-06T13:42:28,2025-07-06T13:42:28,total_low_Ah,,,,[],[]
CK6,11|2025-07-06T13:50:18|2025-07-06T13:55:38,2025-07-06T13:55:38,total_low_Ah,,,,[],[]
CK6,11|2025-07-06T17:05:58|2025-07-06T20:10:28,2025-07-06T20:10:28,cc_too_short,,,,[],[]
CK6,11|2025-07-07T11:28:18|2025-07-07T13:16:08,2025-07-07T13:16:08,cc_low_Ah,,,,[],[]
CK6,11|2025-07-07T13:40:18|2025-07-07T15:24:18,2025-07-07T15:24:18,cc_too_short,,,,[],[]
CK6,11|2025-07-07T15:55:11|2025-07-07T16:59:31,2025-07-07T16:59:31,pass,shallow,46.35,20.4,"[1, 2, 3, 4]",[]
CK6,11|2025-07-08T09:28:32|2025-07-08T11:36:02,2025-07-08T11:36:02,cc_low_Ah,,,,[],[]
CK6,11|2025-07-08T13:00:32|2025-07-08T13:06:02,2025-07-08T13:06:02,total_low_Ah,,,,[],[]
CK6,11|2025-07-08T13:14:12|2025-07-08T13:19:12,2025-07-08T13:19:12,total_low_Ah,,,,[],[]
CK6,11|2025-07-08T13:29:32|2025-07-08T13:34:42,2025-07-08T13:34:42,total_low_Ah,,,,[],[]
CK6,11|2025-07-08T13:49:22|2025-07-08T13:57:52,2025-07-08T13:57:52,total_low_Ah,,,,[],[]
CK6,11|2025-07-08T13:59:22|2025-07-08T15:05:12,2025-07-08T15:05:12,total_low_Ah,,,,[],[]
CK6,11|2025-07-08T15:41:52|2025-07-08T17:28:02,2025-07-08T17:28:02,unstable_cc_start,,,,[],[]
CK6,11|2025-07-09T13:13:22|2025-07-09T13:17:12,2025-07-09T13:17:12,total_low_Ah,,,,[],[]
CK6,11|2025-07-09T13:29:32|2025-07-09T16:12:22,2025-07-09T16:12:22,unstable_cc_start,,,,[],[]
CK6,11|2025-07-09T16:23:32|2025-07-09T16:32:42,2025-07-09T16:32:42,total_low_Ah,,,,[],[]
CK6,11|2025-07-09T16:35:22|2025-07-09T16:56:32,2025-07-09T16:56:32,total_low_Ah,,,,[],[]
CK6,11|2025-07-09T16:59:42|2025-07-09T17:06:32,2025-07-09T17:06:32,total_low_Ah,,,,[],[]
CK6,11|2025-07-09T17:10:22|2025-07-09T17:16:32,2025-07-09T17:16:32,total_low_Ah,,,,[],[]
CK6,11|2025-07-09T17:24:42|2025-07-09T17:59:32,2025-07-09T17:59:32,total_low_Ah,,,,[],[]
CK6,11|2025-07-10T09:33:22|2025-07-10T11:53:52,2025-07-10T11:53:52,cc_too_short,,,,[],[]
CK6,11|2025-07-10T11:54:12|2025-07-10T12:05:02,2025-07-10T12:05:02,total_low_Ah,,,,[],[]
CK6,11|2025-07-10T12:05:22|2025-07-10T14:14:02,2025-07-10T14:14:02,cc_low_Ah,,,,[],[]
CK6,11|2025-07-10T18:02:42|2025-07-10T19:46:02,2025-07-10T19:46:02,total_low_Ah,,,,[],[]
CK6,11|2025-07-10T23:04:42|2025-07-11T00:26:32,2025-07-11T00:26:32,total_low_Ah,,,,[],[]
CK6,11|2025-07-11T02:07:12|2025-07-11T02:29:42,2025-07-11T02:29:42,total_low_Ah,,,,[],[]
CK6,11|2025-07-11T07:04:02|2025-07-11T08:30:42,2025-07-11T08:30:42,total_low_Ah,,,,[],[]
CK6,11|2025-07-11T08:39:22|2025-07-11T08:43:12,2025-07-11T08:43:12,total_low_Ah,,,,[],[]
CK6,11|2025-07-11T08:49:12|2025-07-11T08:56:22,2025-07-11T08:56:22,total_low_Ah,,,,[],[]
CK6,11|2025-07-11T09:06:12|2025-07-11T09:46:42,2025-07-11T09:46:42,total_low_Ah,,,,[],[]
CK6,11|2025-07-11T09:54:32|2025-07-11T09:59:52,2025-07-11T09:59:52,total_low_Ah,,,,[],[]
CK6,11|2025-07-11T13:10:12|2025-07-11T16:14:42,2025-07-11T16:14:42,cc_too_short,,,,[],[]
CK6,11|2025-07-12T07:32:32|2025-07-12T09:20:22,2025-07-12T09:20:22,cc_low_Ah,,,,[],[]
CK6,11|2025-07-12T09:44:32|2025-07-12T11:28:32,2025-07-12T11:28:32,cc_too_short,,,,[],[]
CK6,11|2025-07-12T11:59:22|2025-07-12T13:02:18,2025-07-12T13:02:18,pass,shallow,46.29,20.4,"[1, 2, 3, 4]",[]
CK6,11|2025-07-13T05:31:18|2025-07-13T07:38:48,2025-07-13T07:38:48,cc_low_Ah,,,,[],[]
CK6,11|2025-07-13T09:03:18|2025-07-13T09:08:48,2025-07-13T09:08:48,total_low_Ah,,,,[],[]
CK6,11|2025-07-13T09:16:58|2025-07-13T09:21:58,2025-07-13T09:21:58,total_low_Ah,,,,[],[]
CK6,11|2025-07-13T09:32:18|2025-07-13T09:37:28,2025-07-13T09:37:28,total_low_Ah,,,,[],[]
CK6,11|2025-07-13T09:52:08|2025-07-13T10:00:38,2025-07-13T10:00:38,total_low_Ah,,,,[],[]
CK6,11|2025-07-13T10:02:08|2025-07-13T11:07:58,2025-07-13T11:07:58,total_low_Ah,,,,[],[]
CK6,11|2025-07-13T11:44:38|2025-07-13T13:30:48,2025-07-13T13:30:48,unstable_cc_start,,,,[],[]
CK6,11|2025-07-14T09:16:08|2025-07-14T09:19:58,2025-07-14T09:19:58,total_low_Ah,,,,[],[]
CK6,11|2025-07-14T09:32:18|2025-07-14T12:15:08,2025-07-14T12:15:08,unstable_cc_start,,,,[],[]
CK6,11|2025-07-14T12:26:18|2025-07-14T12:35:28,2025-07-14T12:35:28,total_low_Ah,,,,[],[]
CK6,11|2025-07-14T12:38:08|2025-07-14T12:59:18,2025-07-14T12:59:18,total_low_Ah,,,,[],[]
CK6,11|2025-07-14T13:02:28|2025-07-14T13:09:18,2025-07-14T13:09:18,total_low_Ah,,,,[],[]
CK6,11|2025-07-14T13:13:08|2025-07-14T13:19:18,2025-07-14T13:19:18,total_low_Ah,,,,[],[]
CK6,11|2025-07-14T13:27:28|2025-07-14T14:02:08,2025-07-14T14:02:08,total_low_Ah,,,,[],[]
CK6,11|2025-07-15T05:35:58|2025-07-15T07:56:28,2025-07-15T07:56:28,cc_too_short,,,,[],[]
CK6,11|2025-07-15T07:56:48|2025-07-15T08:07:38,2025-07-15T08:07:38,total_low_Ah,,,,[],[]
CK6,11|2025-07-15T08:07:58|2025-07-15T10:16:38,2025-07-15T10:16:38,cc_low_Ah,,,,[],[]
CK6,11|2025-07-15T14:05:18|2025-07-15T15:48:38,2025-07-15T15:48:38,total_low_Ah,,,,[],[]
CK6,11|2025-07-15T19:07:18|2025-07-15T20:29:08,2025-07-15T20:29:08,total_low_Ah,,,,[],[]
CK6,11|2025-07-15T22:09:48|2025-07-15T22:32:18,2025-07-15T22:32:18,total_low_Ah,,,,[],[]
CK6,11|2025-07-16T03:06:38|2025-07-16T04:33:18,2025-07-16T04:33:18,total_low_Ah,,,,[],[]
CK6,11|2025-07-16T04:41:58|2025-07-16T04:45:48,2025-07-16T04:45:48,total_low_Ah,,,,[],[]
CK6,11|2025-07-16T04:51:48|2025-07-16T04:58:58,2025-07-16T04:58:58,total_low_Ah,,,,[],[]
CK6,11|2025-07-16T05:08:48|2025-07-16T05:49:18,2025-07-16T05:49:18,total_low_Ah,,,,[],[]
CK6,11|2025-07-16T05:57:08|2025-07-16T06:02:28,2025-07-16T06:02:28,total_low_Ah,,,,[],[]
CK6,11|2025-07-16T09:12:48|2025-07-16T12:17:18,2025-07-16T12:17:18,cc_too_short,,,,[],[]
CK6,11|2025-07-17T03:35:08|2025-07-17T05:22:58,2025-07-17T05:22:58,cc_low_Ah,,,,[],[]
CK6,11|2025-07-17T05:47:08|2025-07-17T07:31:08,2025-07-17T07:31:08,cc_too_short,,,,[],[]
CK6,11|2025-07-17T08:01:59|2025-07-17T09:04:54,2025-07-17T09:04:54,pass,shallow,46.33,20.4,"[1, 2, 3, 4]",[]
CK6,11|2025-07-18T01:33:54|2025-07-18T03:41:24,2025-07-18T03:41:24,cc_low_Ah,,,,[],[]
CK6,11|2025-07-18T05:05:54|2025-07-18T05:11:24,2025-07-18T05:11:24,total_low_Ah,,,,[],[]
CK6,11|2025-07-18T05:19:34|2025-07-18T05:24:34,2025-07-18T05:24:34,total_low_Ah,,,,[],[]
CK6,11|2025-07-18T05:34:54|2025-07-18T05:40:04,2025-07-18T05:40:04,total_low_Ah,,,,[],[]
CK6,11|2025-07-18T05:54:44|2025-07-18T06:03:14,2025-07-18T06:03:14,total_low_Ah,,,,[],[]
CK6,11|2025-07-18T06:04:44|2025-07-18T07:10:34,2025-07-18T07:10:34,total_low_Ah,,,,[],[]
CK6,11|2025-07-18T07:47:14|2025-07-18T09:33:24,2025-07-18T09:33:24,unstable_cc_start,,,,[],[]
CK6,11|2025-07-19T05:18:44|2025-07-19T05:22:34,2025-07-19T05:22:34,total_low_Ah,,,,[],[]
CK6,11|2025-07-19T05:34:54|2025-07-19T08:17:44,2025-07-19T08:17:44,unstable_cc_start,,,,[],[]
CK6,11|2025-07-19T08:28:54|2025-07-19T08:38:04,2025-07-19T08:38:04,total_low_Ah,,,,[],[]
CK6,11|2025-07-19T08:40:44|2025-07-19T09:01:54,2025-07-19T09:01:54,total_low_Ah,,,,[],[]
CK6,11|2025-07-19T09:05:04|2025-07-19T09:11:54,2025-07-19T09:11:54,total_low_Ah,,,,[],[]
CK6,11|2025-07-19T09:15:44|2025-07-19T09:21:54,2025-07-19T09:21:54,total_low_Ah,,,,[],[]
CK6,11|2025-07-19T09:30:04|2025-07-19T10:04:44,2025-07-19T10:04:44,total_low_Ah,,,,[],[]
CK6,11|2025-07-20T01:38:34|2025-07-20T03:59:04,2025-07-20T03:59:04,cc_too_short,,,,[],[]
CK6,11|2025-07-20T03:59:24|2025-07-20T04:10:14,2025-07-20T04:10:14,total_low_Ah,,,,[],[]
CK6,11|2025-07-20T04:10:34|2025-07-20T06:19:14,2025-07-20T06:19:14,cc_low_Ah,,,,[],[]
CK6,11|2025-07-20T10:07:54|2025-07-20T11:51:14,2025-07-20T11:51:14,total_low_Ah,,,,[],[]
CK6,11|2025-07-20T15:09:54|2025-07-20T16:31:44,2025-07-20T16:31:44,total_low_Ah,,,,[],[]
CK6,11|2025-07-20T18:12:24|2025-07-20T18:34:54,2025-07-20T18:34:54,total_low_Ah,,,,[],[]
CK6,11|2025-07-20T23:09:14|2025-07-21T00:35:54,2025-07-21T00:35:54,total_low_Ah,,,,[],[]
CK6,11|2025-07-21T00:44:34|2025-07-21T00:48:24,2025-07-21T00:48:24,total_low_Ah,,,,[],[]
CK6,11|2025-07-21T00:54:24|2025-07-21T01:01:34,2025-07-21T01:01:34,total_low_Ah,,,,[],[]
CK6,11|2025-07-21T01:11:24|2025-07-21T01:51:54,2025-07-21T01:51:54,total_low_Ah,,,,[],[]
CK6,11|2025-07-21T01:59:44|2025-07-21T02:05:04,2025-07-21T02:05:04,total_low_Ah,,,,[],[]
CK6,11|2025-07-21T05:15:24|2025-07-21T08:19:54,2025-07-21T08:19:54,cc_too_short,,,,[],[]
CK6,11|2025-07-21T23:37:44|2025-07-22T01:25:34,2025-07-22T01:25:34,cc_low_Ah,,,,[],[]
CK6,11|2025-07-22T01:49:44|2025-07-22T03:33:44,2025-07-22T03:33:44,cc_too_short,,,,[],[]
CK6,11|2025-07-22T04:04:35|2025-07-22T05:07:28,2025-07-22T05:07:28,pass,shallow,46.17,20.4,"[1, 2, 3, 4]",[]
CK7,1|2025-01-19T19:41:11|2025-01-20T00:36:08,2025-01-20T00:36:08,pass,deep,46.9,20.4,[],"[1, 2, 3, 4]"
CK7,1|2025-01-20T17:05:09|2025-01-20T19:12:39,2025-01-20T19:12:39,cc_low_Ah,,,,[],[]
CK7,1|2025-01-20T20:37:09|2025-01-20T20:42:39,2025-01-20T20:42:39,total_low_Ah,,,,[],[]
CK7,1|2025-01-20T20:50:49|2025-01-20T20:55:49,2025-01-20T20:55:49,total_low_Ah,,,,[],[]
CK7,1|2025-01-20T21:06:09|2025-01-20T21:11:19,2025-01-20T21:11:19,total_low_Ah,,,,[],[]
CK7,1|2025-01-20T21:25:59|2025-01-20T21:34:29,2025-01-20T21:34:29,total_low_Ah,,,,[],[]
CK7,1|2025-01-20T21:35:59|2025-01-20T22:41:49,2025-01-20T22:41:49,total_low_Ah,,,,[],[]
CK7,1|2025-01-20T23:18:29|2025-01-21T01:04:39,2025-01-21T01:04:39,unstable_cc_start,,,,[],[]
CK7,1|2025-01-21T20:49:59|2025-01-21T20:53:49,2025-01-21T20:53:49,total_low_Ah,,,,[],[]
CK7,1|2025-01-21T21:06:09|2025-01-21T23:48:59,2025-01-21T23:48:59,unstable_cc_start,,,,[],[]
CK7,1|2025-01-22T00:00:09|2025-01-22T00:09:19,2025-01-22T00:09:19,total_low_Ah,,,,[],[]
CK7,1|2025-01-22T00:11:59|2025-01-22T00:33:09,2025-01-22T00:33:09,total_low_Ah,,,,[],[]
CK7,1|2025-01-22T00:36:19|2025-01-22T00:43:09,2025-01-22T00:43:09,total_low_Ah,,,,[],[]
CK7,1|2025-01-22T00:46:59|2025-01-22T00:53:09,2025-01-22T00:53:09,total_low_Ah,,,,[],[]
CK7,1|2025-01-22T01:01:19|2025-01-22T01:35:59,2025-01-22T01:35:59,total_low_Ah,,,,[],[]
CK7,1|2025-01-22T17:09:49|2025-01-22T19:30:19,2025-01-22T19:30:19,cc_too_short,,,,[],[]
CK7,1|2025-01-22T19:30:39|2025-01-22T19:41:29,2025-01-22T19:41:29,total_low_Ah,,,,[],[]
CK7,1|2025-01-22T19:41:49|2025-01-22T21:50:29,2025-01-22T21:50:29,cc_low_Ah,,,,[],[]
CK7,1|2025-01-23T01:39:09|2025-01-23T03:22:29,2025-01-23T03:22:29,total_low_Ah,,,,[],[]
CK7,1|2025-01-23T06:41:09|2025-01-23T08:02:59,2025-01-23T08:02:59,total_low_Ah,,,,[],[]
CK7,1|2025-01-23T09:43:39|2025-01-23T10:06:09,2025-01-23T10:06:09,total_low_Ah,,,,[],[]
CK7,1|2025-01-23T14:40:29|2025-01-23T16:07:09,2025-01-23T16:07:09,total_low_Ah,,,,[],[]
CK7,1|2025-01-23T16:15:49|2025-01-23T16:19:39,2025-01-23T16:19:39,total_low_Ah,,,,[],[]
CK7,1|2025-01-23T16:25:39|2025-01-23T16:32:49,2025-01-23T16:32:49,total_low_Ah,,,,[],[]
CK7,1|2025-01-23T16:42:39|2025-01-23T17:23:09,2025-01-23T17:23:09,total_low_Ah,,,,[],[]
CK7,1|2025-01-23T17:30:59|2025-01-23T17:36:19,2025-01-23T17:36:19,total_low_Ah,,,,[],[]
CK7,1|2025-01-23T20:46:39|2025-01-23T23:51:09,2025-01-23T23:51:09,cc_too_short,,,,[],[]
CK7,1|2025-01-24T15:09:21|2025-01-24T16:57:11,2025-01-24T16:57:11,cc_low_Ah,,,,[],[]
CK7,1|2025-01-24T17:21:21|2025-01-24T19:05:21,2025-01-24T19:05:21,cc_too_short,,,,[],[]
CK7,1|2025-01-24T19:36:11|2025-01-24T20:40:13,2025-01-24T20:40:13,pass,shallow,46.4,20.4,[],"[1, 2, 3, 4]"
CK7,1|2025-01-25T13:09:13|2025-01-25T15:16:43,2025-01-25T15:16:43,cc_low_Ah,,,,[],[]
CK7,1|2025-01-25T16:41:13|2025-01-25T16:46:43,2025-01-25T16:46:43,total_low_Ah,,,,[],[]
CK7,1|2025-01-25T16:54:53|2025-01-25T16:59:53,2025-01-25T16:59:53,total_low_Ah,,,,[],[]
CK7,1|2025-01-25T17:10:13|2025-01-25T17:15:23,2025-01-25T17:15:23,total_low_Ah,,,,[],[]
CK7,1|2025-01-25T17:30:03|2025-01-25T17:38:33,2025-01-25T17:38:33,total_low_Ah,,,,[],[]
CK7,1|2025-01-25T17:40:03|2025-01-25T18:45:53,2025-01-25T18:45:53,total_low_Ah,,,,[],[]
CK7,1|2025-01-25T19:22:33|2025-01-25T21:08:43,2025-01-25T21:08:43,unstable_cc_start,,,,[],[]
CK7,1|2025-01-26T16:54:03|2025-01-26T16:57:53,2025-01-26T16:57:53,total_low_Ah,,,,[],[]
CK7,1|2025-01-26T17:10:13|2025-01-26T19:53:03,2025-01-26T19:53:03,unstable_cc_start,,,,[],[]
CK7,1|2025-01-26T20:04:13|2025-01-26T20:13:23,2025-01-26T20:13:23,total_low_Ah,,,,[],[]
CK7,1|2025-01-26T20:16:03|2025-01-26T20:37:13,2025-01-26T20:37:13,total_low_Ah,,,,[],[]
CK7,1|2025-01-26T20:40:23|2025-01-26T20:47:13,2025-01-26T20:47:13,total_low_Ah,,,,[],[]
CK7,1|2025-01-26T20:51:03|2025-01-26T20:57:13,2025-01-26T20:57:13,total_low_Ah,,,,[],[]
CK7,1|2025-01-26T21:05:23|2025-01-26T21:40:03,2025-01-26T21:40:03,total_low_Ah,,,,[],[]
CK7,1|2025-01-27T13:13:53|2025-01-27T15:34:23,2025-01-27T15:34:23,cc_too_short,,,,[],[]
CK7,1|2025-01-27T15:34:43|2025-01-27T15:45:33,2025-01-27T15:45:33,total_low_Ah,,,,[],[]
CK7,1|2025-01-27T15:45:53|2025-01-27T17:54:33,2025-01-27T17:54:33,cc_low_Ah,,,,[],[]
CK7,1|2025-01-27T21:43:13|2025-01-27T23:26:33,2025-01-27T23:26:33,total_low_Ah,,,,[],[]
CK7,1|2025-01-28T02:45:13|2025-01-28T04:07:03,2025-01-28T04:07:03,total_low_Ah,,,,[],[]
CK7,1|2025-01-28T05:47:43|2025-01-28T06:10:13,2025-01-28T06:10:13,total_low_Ah,,,,[],[]
CK7,1|2025-01-28T10:44:33|2025-01-28T12:11:13,2025-01-28T12:11:13,total_low_Ah,,,,[],[]
CK7,1|2025-01-28T12:19:53|2025-01-28T12:23:43,2025-01-28T12:23:43,total_low_Ah,,,,[],[]
CK7,1|2025-01-28T12:29:43|2025-01-28T12:36:53,2025-01-28T12:36:53,total_low_Ah,,,,[],[]
CK7,1|2025-01-28T12:46:43|2025-01-28T13:27:13,2025-01-28T13:27:13,total_low_Ah,,,,[],[]
CK7,1|2025-01-28T13:35:03|2025-01-28T13:40:23,2025-01-28T13:40:23,total_low_Ah,,,,[],[]
CK7,1|2025-01-28T16:50:43|2025-01-28T19:55:13,2025-01-28T19:55:13,cc_too_short,,,,[],[]
CK7,1|2025-01-29T11:13:03|2025-01-29T13:00:53,2025-01-29T13:00:53,cc_low_Ah,,,,[],[]
CK7,1|2025-01-29T13:25:03|2025-01-29T15:09:03,2025-01-29T15:09:03,cc_too_short,,,,[],[]
CK7,1|2025-01-29T15:39:53|2025-01-29T16:44:02,2025-01-29T16:44:02,pass,shallow,46.5,20.4,"[1, 2, 3, 4]",[]
CK7,1|2025-01-30T09:13:03|2025-01-30T11:20:33,2025-01-30T11:20:33,cc_low_Ah,,,,[],[]
CK7,1|2025-01-30T12:45:03|2025-01-30T12:50:33,2025-01-30T12:50:33,total_low_Ah,,,,[],[]
CK7,1|2025-01-30T12:58:43|2025-01-30T13:03:43,2025-01-30T13:03:43,total_low_Ah,,,,[],[]
CK7,1|2025-01-30T13:14:03|2025-01-30T13:19:13,2025-01-30T13:19:13,total_low_Ah,,,,[],[]
CK7,1|2025-01-30T13:33:53|2025-01-30T13:42:23,2025-01-30T13:42:23,total_low_Ah,,,,[],[]
CK7,1|2025-01-30T13:43:53|2025-01-30T14:49:43,2025-01-30T14:49:43,total_low_Ah,,,,[],[]
CK7,1|2025-01-30T15:26:23|2025-01-30T17:12:33,2025-01-30T17:12:33,unstable_cc_start,,,,[],[]
CK7,1|2025-01-31T12:57:53|2025-01-31T13:01:43,2025-01-31T13:01:43,total_low_Ah,,,,[],[]
CK7,1|2025-01-31T13:14:03|2025-01-31T15:56:53,2025-01-31T15:56:53,unstable_cc_start,,,,[],[]
CK7,1|2025-01-31T16:08:03|2025-01-31T16:17:13,2025-01-31T16:17:13,total_low_Ah,,,,[],[]
CK7,1|2025-01-31T16:19:53|2025-01-31T16:41:03,2025-01-31T16:41:03,total_low_Ah,,,,[],[]
CK7,1|2025-01-31T16:44:13|2025-01-31T16:51:03,2025-01-31T16:51:03,total_low_Ah,,,,[],[]
CK7,1|2025-01-31T16:54:53|2025-01-31T17:01:03,2025-01-31T17:01:03,total_low_Ah,,,,[],[]
CK7,1|2025-01-31T17:09:13|2025-01-31T17:43:53,2025-01-31T17:43:53,total_low_Ah,,,,[],[]
CK7,1|2025-02-01T09:17:43|2025-02-01T11:38:13,2025-02-01T11:38:13,cc_too_short,,,,[],[]
CK7,1|2025-02-01T11:38:33|2025-02-01T11:49:23,2025-02-01T11:49:23,total_low_Ah,,,,[],[]
CK7,1|2025-02-01T11:49:43|2025-02-01T13:58:23,2025-02-01T13:58:23,cc_low_Ah,,,,[],[]
CK7,1|2025-02-01T17:47:03|2025-02-01T19:30:23,2025-02-01T19:30:23,total_low_Ah,,,,[],[]
CK7,1|2025-02-01T22:49:10|2025-02-02T00:11:00,2025-02-02T00:11:00,total_low_Ah,,,,[],[]
CK7,1|2025-02-02T01:51:40|2025-02-02T02:14:10,2025-02-02T02:14:10,total_low_Ah,,,,[],[]
CK7,1|2025-02-02T06:48:30|2025-02-02T08:15:10,2025-02-02T08:15:10,total_low_Ah,,,,[],[]
CK7,1|2025-02-02T08:23:50|2025-02-02T08:27:40,2025-02-02T08:27:40,total_low_Ah,,,,[],[]
CK7,1|2025-02-02T08:33:40|2025-02-02T08:40:50,2025-02-02T08:40:50,total_low_Ah,,,,[],[]
CK7,1|2025-02-02T08:50:40|2025-02-02T09:31:10,2025-02-02T09:31:10,total_low_Ah,,,,[],[]
CK7,1|2025-02-02T09:39:00|2025-02-02T09:44:20,2025-02-02T09:44:20,total_low_Ah,,,,[],[]
CK7,1|2025-02-02T12:54:40|2025-02-02T15:59:10,2025-02-02T15:59:10,cc_too_short,,,,[],[]
CK7,1|2025-02-03T07:17:00|2025-02-03T09:04:50,2025-02-03T09:04:50,cc_low_Ah,,,,[],[]
CK7,1|2025-02-03T09:29:00|2025-02-03T11:13:00,2025-02-03T11:13:00,cc_too_short,,,,[],[]
CK7,1|2025-02-03T11:43:51|2025-02-03T12:48:02,2025-02-03T12:48:02,pass,shallow,46.46,20.4,"[1, 2, 3, 4]",[]
CK7,1|2025-02-04T05:17:02|2025-02-04T07:24:32,2025-02-04T07:24:32,cc_low_Ah,,,,[],[]
CK7,1|2025-02-04T08:49:02|2025-02-04T08:54:32,2025-02-04T08:54:32,total_low_Ah,,,,[],[]
CK7,1|2025-02-04T09:02:42|2025-02-04T09:07:42,2025-02-04T09:07:42,total_low_Ah,,,,[],[]
CK7,1|2025-02-04T09:18:02|2025-02-04T09:23:12,2025-02-04T09:23:12,total_low_Ah,,,,[],[]
CK7,1|2025-02-04T09:37:52|2025-02-04T09:46:22,2025-02-04T09:46:22,total_low_Ah,,,,[],[]
CK7,1|2025-02-04T09:47:52|2025-02-04T10:53:42,2025-02-04T10:53:42,total_low_Ah,,,,[],[]
CK7,1|2025-02-04T11:30:22|2025-02-04T13:16:32,2025-02-04T13:16:32,unstable_cc_start,,,,[],[]
CK7,1|2025-02-05T09:01:52|2025-02-05T09:05:42,2025-02-05T09:05:42,total_low_Ah,,,,[],[]
CK7,1|2025-02-05T09:18:02|2025-02-05T12:00:52,2025-02-05T12:00:52,unstable_cc_start,,,,[],[]
CK7,1|2025-02-05T12:12:02|2025-02-05T12:21:12,2025-02-05T12:21:12,total_low_Ah,,,,[],[]
CK7,1|2025-02-05T12:23:52|2025-02-05T12:45:02,2025-02-05T12:45:02,total_low_Ah,,,,[],[]
CK7,1|2025-02-05T12:48:12|2025-02-05T12:55:02,2025-02-05T12:55:02,total_low_Ah,,,,[],[]
CK7,1|2025-02-05T12:58:52|2025-02-05T13:05:02,2025-02-05T13:05:02,total_low_Ah,,,,[],[]
CK7,1|2025-02-05T13:13:12|2025-02-05T13:47:52,2025-02-05T13:47:52,total_low_Ah,,,,[],[]
CK7,1|2025-02-06T05:21:42|2025-02-06T07:42:12,2025-02-06T07:42:12,cc_too_short,,,,[],[]
CK7,1|2025-02-06T07:42:32|2025-02-06T07:53:22,2025-02-06T07:53:22,total_low_Ah,,,,[],[]
CK7,1|2025-02-06T07:53:42|2025-02-06T10:02:22,2025-02-06T10:02:22,cc_low_Ah,,,,[],[]
CK7,1|2025-02-06T13:51:02|2025-02-06T15:34:22,2025-02-06T15:34:22,total_low_Ah,,,,[],[]
CK7,1|2025-02-06T18:53:02|2025-02-06T20:14:52,2025-02-06T20:14:52,total_low_Ah,,,,[],[]
CK7,1|2025-02-06T21:55:32|2025-02-06T22:18:02,2025-02-06T22:18:02,total_low_Ah,,,,[],[]
CK7,1|2025-02-07T02:52:22|2025-02-07T04:19:02,2025-02-07T04:19:02,total_low_Ah,,,,[],[]
CK7,1|2025-02-07T04:27:42|2025-02-07T04:31:32,2025-02-07T04:31:32,total_low_Ah,,,,[],[]
CK7,1|2025-02-07T04:37:32|2025-02-07T04:44:42,2025-02-07T04:44:42,total_low_Ah,,,,[],[]
CK7,1|2025-02-07T04:54:32|2025-02-07T05:35:02,2025-02-07T05:35:02,total_low_Ah,,,,[],[]
CK7,1|2025-02-07T05:42:52|2025-02-07T05:48:12,2025-02-07T05:48:12,total_low_Ah,,,,[],[]
CK7,1|2025-02-07T08:58:32|2025-02-07T12:03:02,2025-02-07T12:03:02,cc_too_short,,,,[],[]
CK7,1|2025-02-08T03:20:52|2025-02-08T05:08:42,2025-02-08T05:08:42,cc_low_Ah,,,,[],[]
CK7,1|2025-02-08T05:32:52|2025-02-08T07:16:52,2025-02-08T07:16:52,cc_too_short,,,,[],[]
CK7,1|2025-02-08T07:47:43|2025-02-08T08:52:14,2025-02-08T08:52:14,pass,shallow,46.5,20.4,"[1, 2, 3, 4]",[]
CK7,2|2025-02-11T23:08:25|2025-02-12T03:57:43,2025-02-12T03:57:43,pass,deep,26.91,20.4,[],"[1, 2, 3, 4]"
CK7,2|2025-02-12T20:26:43|2025-02-12T22:34:13,2025-02-12T22:34:13,cc_low_Ah,,,,[],[]
CK7,2|2025-02-12T23:58:43|2025-02-13T00:04:13,2025-02-13T00:04:13,total_low_Ah,,,,[],[]
CK7,2|2025-02-13T00:12:23|2025-02-13T00:17:23,2025-02-13T00:17:23,total_low_Ah,,,,[],[]
CK7,2|2025-02-13T00:27:43|2025-02-13T00:32:53,2025-02-13T00:32:53,total_low_Ah,,,,[],[]
CK7,2|2025-02-13T00:47:33|2025-02-13T00:56:03,2025-02-13T00:56:03,total_low_Ah,,,,[],[]
CK7,2|2025-02-13T00:57:33|2025-02-13T02:03:23,2025-02-13T02:03:23,total_low_Ah,,,,[],[]
CK7,2|2025-02-13T02:40:03|2025-02-13T04:26:13,2025-02-13T04:26:13,unstable_cc_start,,,,[],[]
CK7,2|2025-02-14T00:11:33|2025-02-14T00:15:23,2025-02-14T00:15:23,total_low_Ah,,,,[],[]
CK7,2|2025-02-14T00:27:43|2025-02-14T03:10:33,2025-02-14T03:10:33,unstable_cc_start,,,,[],[]
CK7,2|2025-02-14T03:21:43|2025-02-14T03:30:53,2025-02-14T03:30:53,total_low_Ah,,,,[],[]
CK7,2|2025-02-14T03:33:33|2025-02-14T03:54:43,2025-02-14T03:54:43,total_low_Ah,,,,[],[]
CK7,2|2025-02-14T03:57:53|2025-02-14T04:04:43,2025-02-14T04:04:43,total_low_Ah,,,,[],[]
CK7,2|2025-02-14T04:08:33|2025-02-14T04:14:43,2025-02-14T04:14:43,total_low_Ah,,,,[],[]
CK7,2|2025-02-14T04:22:53|2025-02-14T04:57:33,2025-02-14T04:57:33,total_low_Ah,,,,[],[]
CK7,2|2025-02-14T20:31:23|2025-02-14T22:51:53,2025-02-14T22:51:53,cc_too_short,,,,[],[]
CK7,2|2025-02-14T22:52:13|2025-02-14T23:03:03,2025-02-14T23:03:03,total_low_Ah,,,,[],[]
CK7,2|2025-02-14T23:03:23|2025-02-15T01:12:03,2025-02-15T01:12:03,cc_low_Ah,,,,[],[]
CK7,2|2025-02-15T05:00:43|2025-02-15T06:44:03,2025-02-15T06:44:03,total_low_Ah,,,,[],[]
CK7,2|2025-02-15T10:02:43|2025-02-15T11:24:33,2025-02-15T11:24:33,total_low_Ah,,,,[],[]
CK7,2|2025-02-15T13:05:13|2025-02-15T13:27:43,2025-02-15T13:27:43,total_low_Ah,,,,[],[]
CK7,2|2025-02-15T18:02:03|2025-02-15T19:28:43,2025-02-15T19:28:43,total_low_Ah,,,,[],[]
CK7,2|2025-02-15T19:37:23|2025-02-15T19:41:13,2025-02-15T19:41:13,total_low_Ah,,,,[],[]
CK7,2|2025-02-15T19:47:13|2025-02-15T19:54:23,2025-02-15T19:54:23,total_low_Ah,,,,[],[]
CK7,2|2025-02-15T20:04:13|2025-02-15T20:44:43,2025-02-15T20:44:43,total_low_Ah,,,,[],[]
CK7,2|2025-02-15T20:52:33|2025-02-15T20:57:53,2025-02-15T20:57:53,total_low_Ah,,,,[],[]
CK7,2|2025-02-16T00:08:13|2025-02-16T03:12:43,2025-02-16T03:12:43,cc_too_short,,,,[],[]
CK7,2|2025-02-16T18:30:33|2025-02-16T20:18:23,2025-02-16T20:18:23,cc_low_Ah,,,,[],[]
CK7,2|2025-02-16T20:42:33|2025-02-16T22:26:33,2025-02-16T22:26:33,cc_too_short,,,,[],[]
CK7,2|2025-02-16T22:57:24|2025-02-17T00:02:50,2025-02-17T00:02:50,pass,shallow,26.3,20.4,[],"[1, 2, 3, 4]"
CK7,2|2025-02-17T16:31:50|2025-02-17T18:39:20,2025-02-17T18:39:20,cc_low_Ah,,,,[],[]
CK7,2|2025-02-17T20:03:50|2025-02-17T20:09:20,2025-02-17T20:09:20,total_low_Ah,,,,[],[]
CK7,2|2025-02-17T20:17:30|2025-02-17T20:22:30,2025-02-17T20:22:30,total_low_Ah,,,,[],[]
CK7,2|2025-02-17T20:32:50|2025-02-17T20:38:00,2025-02-17T20:38:00,total_low_Ah,,,,[],[]
CK7,2|2025-02-17T20:52:40|2025-02-17T21:01:10,2025-02-17T21:01:10,total_low_Ah,,,,[],[]
CK7,2|2025-02-17T21:02:40|2025-02-17T22:08:30,2025-02-17T22:08:30,total_low_Ah,,,,[],[]
CK7,2|2025-02-17T22:45:10|2025-02-18T00:31:20,2025-02-18T00:31:20,unstable_cc_start,,,,[],[]
CK7,2|2025-02-18T20:16:40|2025-02-18T20:20:30,2025-02-18T20:20:30,total_low_Ah,,,,[],[]
CK7,2|2025-02-18T20:32:50|2025-02-18T23:15:40,2025-02-18T23:15:40,unstable_cc_start,,,,[],[]
CK7,2|2025-02-18T23:26:50|2025-02-18T23:36:00,2025-02-18T23:36:00,total_low_Ah,,,,[],[]
CK7,2|2025-02-18T23:38:40|2025-02-18T23:59:50,2025-02-18T23:59:50,total_low_Ah,,,,[],[]
CK7,2|2025-02-19T00:03:00|2025-02-19T00:09:50,2025-02-19T00:09:50,total_low_Ah,,,,[],[]
CK7,2|2025-02-19T00:13:40|2025-02-19T00:19:50,2025-02-19T00:19:50,total_low_Ah,,,,[],[]
CK7,2|2025-02-19T00:28:00|2025-02-19T01:02:40,2025-02-19T01:02:40,total_low_Ah,,,,[],[]
CK7,4|2025-03-14T18:15:51|2025-03-14T23:01:27,2025-03-14T23:01:27,pass,deep,26.81,20.4,"[1, 2, 3, 4]",[]
CK7,4|2025-03-15T15:30:28|2025-03-15T17:37:58,2025-03-15T17:37:58,cc_low_Ah,,,,[],[]
CK7,4|2025-03-15T19:02:28|2025-03-15T19:07:58,2025-03-15T19:07:58,total_low_Ah,,,,[],[]
CK7,4|2025-03-15T19:16:08|2025-03-15T19:21:08,2025-03-15T19:21:08,total_low_Ah,,,,[],[]
CK7,4|2025-03-15T19:31:28|2025-03-15T19:36:38,2025-03-15T19:36:38,total_low_Ah,,,,[],[]
CK7,4|2025-03-15T19:51:18|2025-03-15T19:59:48,2025-03-15T19:59:48,total_low_Ah,,,,[],[]
CK7,4|2025-03-15T20:01:18|2025-03-15T21:07:08,2025-03-15T21:07:08,total_low_Ah,,,,[],[]
CK7,4|2025-03-15T21:43:48|2025-03-15T23:29:58,2025-03-15T23:29:58,unstable_cc_start,,,,[],[]
CK7,4|2025-03-16T19:15:18|2025-03-16T19:19:08,2025-03-16T19:19:08,total_low_Ah,,,,[],[]
CK7,4|2025-03-16T19:31:28|2025-03-16T22:14:18,2025-03-16T22:14:18,unstable_cc_start,,,,[],[]
CK7,4|2025-03-16T22:25:28|2025-03-16T22:34:38,2025-03-16T22:34:38,total_low_Ah,,,,[],[]
CK7,4|2025-03-16T22:37:18|2025-03-16T22:58:28,2025-03-16T22:58:28,total_low_Ah,,,,[],[]
CK7,4|2025-03-16T23:01:38|2025-03-16T23:08:28,2025-03-16T23:08:28,total_low_Ah,,,,[],[]
CK7,4|2025-03-16T23:12:18|2025-03-16T23:18:28,2025-03-16T23:18:28,total_low_Ah,,,,[],[]
CK7,4|2025-03-16T23:26:38|2025-03-17T00:01:18,2025-03-17T00:01:18,total_low_Ah,,,,[],[]
CK7,4|2025-03-17T15:35:08|2025-03-17T17:55:38,2025-03-17T17:55:38,cc_too_short,,,,[],[]
CK7,4|2025-03-17T17:55:58|2025-03-17T18:06:48,2025-03-17T18:06:48,total_low_Ah,,,,[],[]
CK7,4|2025-03-17T18:07:08|2025-03-17T20:15:48,2025-03-17T20:15:48,cc_low_Ah,,,,[],[]
CK7,4|2025-03-18T00:04:28|2025-03-18T01:47:48,2025-03-18T01:47:48,total_low_Ah,,,,[],[]
CK7,4|2025-03-18T05:06:28|2025-03-18T06:28:18,2025-03-18T06:28:18,total_low_Ah,,,,[],[]
CK7,4|2025-03-18T08:08:58|2025-03-18T08:31:28,2025-03-18T08:31:28,total_low_Ah,,,,[],[]
CK7,4|2025-03-18T13:05:48|2025-03-18T14:32:28,2025-03-18T14:32:28,total_low_Ah,,,,[],[]
CK7,4|2025-03-18T14:41:08|2025-03-18T14:44:58,2025-03-18T14:44:58,total_low_Ah,,,,[],[]
CK7,4|2025-03-18T14:50:58|2025-03-18T14:58:08,2025-03-18T14:58:08,total_low_Ah,,,,[],[]
CK7,4|2025-03-18T15:07:58|2025-03-18T15:48:28,2025-03-18T15:48:28,total_low_Ah,,,,[],[]
CK7,4|2025-03-18T15:56:18|2025-03-18T16:01:38,2025-03-18T16:01:38,total_low_Ah,,,,[],[]
CK7,4|2025-03-18T19:11:58|2025-03-18T22:16:28,2025-03-18T22:16:28,cc_too_short,,,,[],[]
CK7,4|2025-03-19T13:34:18|2025-03-19T15:22:08,2025-03-19T15:22:08,cc_low_Ah,,,,[],[]
CK7,4|2025-03-19T15:46:18|2025-03-19T17:30:18,2025-03-19T17:30:18,cc_too_short,,,,[],[]
CK7,4|2025-03-19T18:01:08|2025-03-19T19:06:27,2025-03-19T19:06:27,pass,shallow,26.28,20.4,"[1, 2, 3, 4]",[]
CK7,4|2025-03-20T11:35:28|2025-03-20T13:42:58,2025-03-20T13:42:58,cc_low_Ah,,,,[],[]
CK7,4|2025-03-20T15:07:28|2025-03-20T15:12:58,2025-03-20T15:12:58,total_low_Ah,,,,[],[]
CK7,4|2025-03-20T15:21:08|2025-03-20T15:26:08,2025-03-20T15:26:08,total_low_Ah,,,,[],[]
CK7,4|2025-03-20T15:36:28|2025-03-20T15:41:38,2025-03-20T15:41:38,total_low_Ah,,,,[],[]
CK7,4|2025-03-20T15:56:18|2025-03-20T16:04:48,2025-03-20T16:04:48,total_low_Ah,,,,[],[]
CK7,4|2025-03-20T16:06:18|2025-03-20T17:12:08,2025-03-20T17:12:08,total_low_Ah,,,,[],[]
CK7,4|2025-03-20T17:48:48|2025-03-20T19:34:58,2025-03-20T19:34:58,unstable_cc_start,,,,[],[]
CK7,4|2025-03-21T15:20:25|2025-03-21T15:24:15,2025-03-21T15:24:15,total_low_Ah,,,,[],[]
CK7,4|2025-03-21T15:36:35|2025-03-21T18:19:25,2025-03-21T18:19:25,unstable_cc_start,,,,[],[]
CK7,4|2025-03-21T18:30:35|2025-03-21T18:39:45,2025-03-21T18:39:45,total_low_Ah,,,,[],[]
CK7,4|2025-03-21T18:42:25|2025-03-21T19:03:35,2025-03-21T19:03:35,total_low_Ah,,,,[],[]
CK7,4|2025-03-21T19:06:45|2025-03-21T19:13:35,2025-03-21T19:13:35,total_low_Ah,,,,[],[]
CK7,4|2025-03-21T19:17:25|2025-03-21T19:23:35,2025-03-21T19:23:35,total_low_Ah,,,,[],[]
CK7,4|2025-03-21T19:31:45|2025-03-21T20:06:25,2025-03-21T20:06:25,total_low_Ah,,,,[],[]
CK7,4|2025-03-22T11:40:15|2025-03-22T14:00:45,2025-03-22T14:00:45,cc_too_short,,,,[],[]
CK7,4|2025-03-22T14:01:05|2025-03-22T14:11:55,2025-03-22T14:11:55,total_low_Ah,,,,[],[]
CK7,4|2025-03-22T14:12:15|2025-03-22T16:20:55,2025-03-22T16:20:55,cc_low_Ah,,,,[],[]
CK7,5|2025-03-23T17:23:15|2025-03-23T19:06:35,2025-03-23T19:06:35,total_low_Ah,,,,[],[]
CK7,5|2025-03-23T22:25:15|2025-03-23T23:47:05,2025-03-23T23:47:05,total_low_Ah,,,,[],[]
CK7,5|2025-03-24T01:27:45|2025-03-24T01:50:15,2025-03-24T01:50:15,total_low_Ah,,,,[],[]
CK7,5|2025-03-24T06:24:35|2025-03-24T07:51:15,2025-03-24T07:51:15,total_low_Ah,,,,[],[]
CK7,5|2025-03-24T07:59:55|2025-03-24T08:03:45,2025-03-24T08:03:45,total_low_Ah,,,,[],[]
CK7,5|2025-03-24T08:09:45|2025-03-24T08:16:55,2025-03-24T08:16:55,total_low_Ah,,,,[],[]
CK7,5|2025-03-24T08:26:45|2025-03-24T09:07:15,2025-03-24T09:07:15,total_low_Ah,,,,[],[]
CK7,5|2025-03-24T09:15:05|2025-03-24T09:20:25,2025-03-24T09:20:25,total_low_Ah,,,,[],[]
CK7,5|2025-03-24T12:30:45|2025-03-24T15:35:15,2025-03-24T15:35:15,cc_too_short,,,,[],[]
CK7,5|2025-03-25T06:53:05|2025-03-25T08:40:55,2025-03-25T08:40:55,cc_low_Ah,,,,[],[]
CK7,5|2025-03-25T09:05:05|2025-03-25T10:49:05,2025-03-25T10:49:05,cc_too_short,,,,[],[]
CK7,5|2025-03-25T11:19:59|2025-03-25T12:25:08,2025-03-25T12:25:08,pass,shallow,46.375,20.4,"[1, 2, 3, 4]",[]
CK7,5|2025-03-26T04:54:08|2025-03-26T07:01:38,2025-03-26T07:01:38,cc_low_Ah,,,,[],[]
CK7,5|2025-03-26T08:26:08|2025-03-26T08:31:38,2025-03-26T08:31:38,total_low_Ah,,,,[],[]
CK7,5|2025-03-26T08:39:48|2025-03-26T08:44:48,2025-03-26T08:44:48,total_low_Ah,,,,[],[]
CK7,5|2025-03-26T08:55:08|2025-03-26T09:00:18,2025-03-26T09:00:18,total_low_Ah,,,,[],[]
CK7,5|2025-03-26T09:14:58|2025-03-26T09:23:28,2025-03-26T09:23:28,total_low_Ah,,,,[],[]
CK7,5|2025-03-26T09:24:58|2025-03-26T10:30:48,2025-03-26T10:30:48,total_low_Ah,,,,[],[]
CK7,5|2025-03-26T11:07:28|2025-03-26T12:53:38,2025-03-26T12:53:38,unstable_cc_start,,,,[],[]
CK7,5|2025-03-27T08:38:58|2025-03-27T08:42:48,2025-03-27T08:42:48,total_low_Ah,,,,[],[]
CK7,5|2025-03-27T08:55:08|2025-03-27T11:37:58,2025-03-27T11:37:58,unstable_cc_start,,,,[],[]
CK7,5|2025-03-27T11:49:08|2025-03-27T11:58:18,2025-03-27T11:58:18,total_low_Ah,,,,[],[]
CK7,5|2025-03-27T12:00:58|2025-03-27T12:22:08,2025-03-27T12:22:08,total_low_Ah,,,,[],[]
CK7,5|2025-03-27T12:25:18|2025-03-27T12:32:08,2025-03-27T12:32:08,total_low_Ah,,,,[],[]
CK7,5|2025-03-27T12:35:58|2025-03-27T12:42:08,2025-03-27T12:42:08,total_low_Ah,,,,[],[]
CK7,5|2025-03-27T12:50:18|2025-03-27T13:24:58,2025-03-27T13:24:58,total_low_Ah,,,,[],[]
CK7,5|2025-03-28T04:58:48|2025-03-28T07:19:18,2025-03-28T07:19:18,cc_too_short,,,,[],[]
CK7,5|2025-03-28T07:19:38|2025-03-28T07:30:28,2025-03-28T07:30:28,total_low_Ah,,,,[],[]
CK7,5|2025-03-28T07:30:48|2025-03-28T09:39:28,2025-03-28T09:39:28,cc_low_Ah,,,,[],[]
CK7,5|2025-03-28T13:28:08|2025-03-28T15:11:28,2025-03-28T15:11:28,total_low_Ah,,,,[],[]
CK7,5|2025-03-28T18:30:08|2025-03-28T19:51:58,2025-03-28T19:51:58,total_low_Ah,,,,[],[]
CK7,5|2025-03-28T21:32:38|2025-03-28T21:55:08,2025-03-28T21:55:08,total_low_Ah,,,,[],[]
CK7,5|2025-03-29T02:29:28|2025-03-29T03:56:08,2025-03-29T03:56:08,total_low_Ah,,,,[],[]
CK7,5|2025-03-29T04:04:48|2025-03-29T04:08:38,2025-03-29T04:08:38,total_low_Ah,,,,[],[]
CK7,5|2025-03-29T04:14:38|2025-03-29T04:21:48,2025-03-29T04:21:48,total_low_Ah,,,,[],[]
CK7,5|2025-03-29T04:31:38|2025-03-29T05:12:08,2025-03-29T05:12:08,total_low_Ah,,,,[],[]
CK7,5|2025-03-29T05:19:58|2025-03-29T05:25:18,2025-03-29T05:25:18,total_low_Ah,,,,[],[]
CK7,5|2025-03-29T08:35:38|2025-03-29T11:40:08,2025-03-29T11:40:08,cc_too_short,,,,[],[]
CK7,5|2025-03-30T02:57:58|2025-03-30T04:45:48,2025-03-30T04:45:48,cc_low_Ah,,,,[],[]
CK7,5|2025-03-30T05:09:58|2025-03-30T06:53:58,2025-03-30T06:53:58,cc_too_short,,,,[],[]
CK7,5|2025-03-30T07:24:49|2025-03-30T08:28:45,2025-03-30T08:28:45,pass,shallow,46.41,20.4,"[1, 2, 3, 4]",[]
CK7,5|2025-03-31T00:57:46|2025-03-31T03:05:16,2025-03-31T03:05:16,cc_low_Ah,,,,[],[]
CK7,5|2025-03-31T04:29:46|2025-03-31T04:35:16,2025-03-31T04:35:16,total_low_Ah,,,,[],[]
CK7,5|2025-03-31T04:43:26|2025-03-31T04:48:26,2025-03-31T04:48:26,total_low_Ah,,,,[],[]
CK7,5|2025-03-31T04:58:46|2025-03-31T05:03:56,2025-03-31T05:03:56,total_low_Ah,,,,[],[]
CK7,5|2025-03-31T05:18:36|2025-03-31T05:27:06,2025-03-31T05:27:06,total_low_Ah,,,,[],[]
CK7,5|2025-03-31T05:28:36|2025-03-31T06:34:26,2025-03-31T06:34:26,total_low_Ah,,,,[],[]
CK7,5|2025-03-31T07:11:06|2025-03-31T08:57:16,2025-03-31T08:57:16,unstable_cc_start,,,,[],[]
CK7,5|2025-04-01T04:42:36|2025-04-01T04:46:26,2025-04-01T04:46:26,total_low_Ah,,,,[],[]
CK7,5|2025-04-01T04:58:46|2025-04-01T07:41:36,2025-04-01T07:41:36,unstable_cc_start,,,,[],[]
CK7,5|2025-04-01T07:52:46|2025-04-01T08:01:56,2025-04-01T08:01:56,total_low_Ah,,,,[],[]
CK7,5|2025-04-01T08:04:36|2025-04-01T08:25:46,2025-04-01T08:25:46,total_low_Ah,,,,[],[]
CK7,5|2025-04-01T08:28:56|2025-04-01T08:35:46,2025-04-01T08:35:46,total_low_Ah,,,,[],[]
CK7,5|2025-04-01T08:39:36|2025-04-01T08:45:46,2025-04-01T08:45:46,total_low_Ah,,,,[],[]
CK7,5|2025-04-01T08:53:56|2025-04-01T09:28:36,2025-04-01T09:28:36,total_low_Ah,,,,[],[]
CK7,5|2025-04-02T01:02:26|2025-04-02T03:22:56,2025-04-02T03:22:56,cc_too_short,,,,[],[]
CK7,5|2025-04-02T03:23:16|2025-04-02T03:34:06,2025-04-02T03:34:06,total_low_Ah,,,,[],[]
CK7,5|2025-04-02T03:34:26|2025-04-02T05:43:06,2025-04-02T05:43:06,cc_low_Ah,,,,[],[]
CK7,5|2025-04-02T09:31:46|2025-04-02T11:15:06,2025-04-02T11:15:06,total_low_Ah,,,,[],[]
CK7,5|2025-04-02T14:33:46|2025-04-02T15:55:36,2025-04-02T15:55:36,total_low_Ah,,,,[],[]
CK7,5|2025-04-02T17:36:16|2025-04-02T17:58:46,2025-04-02T17:58:46,total_low_Ah,,,,[],[]
CK7,5|2025-04-02T22:33:06|2025-04-02T23:59:46,2025-04-02T23:59:46,total_low_Ah,,,,[],[]
CK7,5|2025-04-03T00:08:26|2025-04-03T00:12:16,2025-04-03T00:12:16,total_low_Ah,,,,[],[]
CK7,5|2025-04-03T00:18:16|2025-04-03T00:25:26,2025-04-03T00:25:26,total_low_Ah,,,,[],[]
CK7,5|2025-04-03T00:35:16|2025-04-03T01:15:46,2025-04-03T01:15:46,total_low_Ah,,,,[],[]
CK7,5|2025-04-03T01:23:36|2025-04-03T01:28:56,2025-04-03T01:28:56,total_low_Ah,,,,[],[]
CK7,5|2025-04-03T04:39:16|2025-04-03T07:43:46,2025-04-03T07:43:46,cc_too_short,,,,[],[]
CK7,5|2025-04-03T23:01:36|2025-04-04T00:49:26,2025-04-04T00:49:26,cc_low_Ah,,,,[],[]
CK7,5|2025-04-04T01:13:36|2025-04-04T02:57:36,2025-04-04T02:57:36,cc_too_short,,,,[],[]
CK7,5|2025-04-04T03:28:26|2025-04-04T04:32:30,2025-04-04T04:32:30,pass,shallow,46.45,20.4,"[1, 2, 3, 4]",[]
CK7,5|2025-04-04T21:01:31|2025-04-04T23:09:01,2025-04-04T23:09:01,cc_low_Ah,,,,[],[]
CK7,5|2025-04-05T00:33:31|2025-04-05T00:39:01,2025-04-05T00:39:01,total_low_Ah,,,,[],[]
CK7,5|2025-04-05T00:47:11|2025-04-05T00:52:11,2025-04-05T00:52:11,total_low_Ah,,,,[],[]
CK7,5|2025-04-05T01:02:31|2025-04-05T01:07:41,2025-04-05T01:07:41,total_low_Ah,,,,[],[]
CK7,5|2025-04-05T01:22:21|2025-04-05T01:30:51,2025-04-05T01:30:51,total_low_Ah,,,,[],[]
CK7,5|2025-04-05T01:32:21|2025-04-05T02:38:11,2025-04-05T02:38:11,total_low_Ah,,,,[],[]
CK7,5|2025-04-05T03:14:51|2025-04-05T05:01:01,2025-04-05T05:01:01,unstable_cc_start,,,,[],[]
CK7,5|2025-04-06T00:46:21|2025-04-06T00:50:11,2025-04-06T00:50:11,total_low_Ah,,,,[],[]
CK7,5|2025-04-06T01:02:31|2025-04-06T03:45:21,2025-04-06T03:45:21,unstable_cc_start,,,,[],[]
CK7,5|2025-04-06T03:56:31|2025-04-06T04:05:41,2025-04-06T04:05:41,total_low_Ah,,,,[],[]
CK7,5|2025-04-06T04:08:21|2025-04-06T04:29:31,2025-04-06T04:29:31,total_low_Ah,,,,[],[]
CK7,5|2025-04-06T04:32:41|2025-04-06T04:39:31,2025-04-06T04:39:31,total_low_Ah,,,,[],[]
CK7,5|2025-04-06T04:43:21|2025-04-06T04:49:31,2025-04-06T04:49:31,total_low_Ah,,,,[],[]
CK7,5|2025-04-06T04:57:41|2025-04-06T05:32:21,2025-04-06T05:32:21,total_low_Ah,,,,[],[]
CK7,5|2025-04-06T21:06:11|2025-04-06T23:26:41,2025-04-06T23:26:41,cc_too_short,,,,[],[]
CK7,5|2025-04-06T23:27:01|2025-04-06T23:37:51,2025-04-06T23:37:51,total_low_Ah,,,,[],[]
CK7,5|2025-04-06T23:38:11|2025-04-07T01:46:51,2025-04-07T01:46:51,cc_low_Ah,,,,[],[]
CK7,5|2025-04-07T05:35:31|2025-04-07T07:18:51,2025-04-07T07:18:51,total_low_Ah,,,,[],[]
CK7,5|2025-04-07T10:37:31|2025-04-07T11:59:21,2025-04-07T11:59:21,total_low_Ah,,,,[],[]
CK7,5|2025-04-07T13:40:10|2025-04-07T14:02:40,2025-04-07T14:02:40,total_low_Ah,,,,[],[]
CK7,5|2025-04-07T18:37:00|2025-04-07T20:03:40,2025-04-07T20:03:40,total_low_Ah,,,,[],[]
CK7,5|2025-04-07T20:12:20|2025-04-07T20:16:10,2025-04-07T20:16:10,total_low_Ah,,,,[],[]
CK7,5|2025-04-07T20:22:10|2025-04-07T20:29:20,2025-04-07T20:29:20,total_low_Ah,,,,[],[]
CK7,5|2025-04-07T20:39:10|2025-04-07T21:19:40,2025-04-07T21:19:40,total_low_Ah,,,,[],[]
CK7,5|2025-04-07T21:27:30|2025-04-07T21:32:50,2025-04-07T21:32:50,total_low_Ah,,,,[],[]
CK7,5|2025-04-08T00:43:10|2025-04-08T03:47:40,2025-04-08T03:47:40,cc_too_short,,,,[],[]
CK7,5|2025-04-08T19:05:30|2025-04-08T20:53:20,2025-04-08T20:53:20,cc_low_Ah,,,,[],[]
CK7,5|2025-04-08T21:17:30|2025-04-08T23:01:30,2025-04-08T23:01:30,cc_too_short,,,,[],[]
CK7,5|2025-04-08T23:32:21|2025-04-09T00:36:15,2025-04-09T00:36:15,pass,shallow,46.4,20.4,"[1, 2, 3, 4]",[]
CK7,5|2025-04-09T17:05:15|2025-04-09T19:12:45,2025-04-09T19:12:45,cc_low_Ah,,,,[],[]
CK7,5|2025-04-09T20:37:15|2025-04-09T20:42:45,2025-04-09T20:42:45,total_low_Ah,,,,[],[]
CK7,5|2025-04-09T20:50:55|2025-04-09T20:55:55,2025-04-09T20:55:55,total_low_Ah,,,,[],[]
CK7,5|2025-04-09T21:06:15|2025-04-09T21:11:25,2025-04-09T21:11:25,total_low_Ah,,,,[],[]
CK7,5|2025-04-09T21:26:05|2025-04-09T21:34:35,2025-04-09T21:34:35,total_low_Ah,,,,[],[]
CK7,5|2025-04-09T21:36:05|2025-04-09T22:41:55,2025-04-09T22:41:55,total_low_Ah,,,,[],[]
CK7,5|2025-04-09T23:18:35|2025-04-10T01:04:45,2025-04-10T01:04:45,unstable_cc_start,,,,[],[]
CK7,5|2025-04-10T20:50:05|2025-04-10T20:53:55,2025-04-10T20:53:55,total_low_Ah,,,,[],[]
CK7,5|2025-04-10T21:06:15|2025-04-10T23:49:05,2025-04-10T23:49:05,unstable_cc_start,,,,[],[]
CK7,5|2025-04-11T00:00:15|2025-04-11T00:09:25,2025-04-11T00:09:25,total_low_Ah,,,,[],[]
CK7,5|2025-04-11T00:12:05|2025-04-11T00:33:15,2025-04-11T00:33:15,total_low_Ah,,,,[],[]
CK7,5|2025-04-11T00:36:25|2025-04-11T00:43:15,2025-04-11T00:43:15,total_low_Ah,,,,[],[]
CK7,5|2025-04-11T00:47:05|2025-04-11T00:53:15,2025-04-11T00:53:15,total_low_Ah,,,,[],[]
CK7,5|2025-04-11T01:01:25|2025-04-11T01:36:05,2025-04-11T01:36:05,total_low_Ah,,,,[],[]
CK7,5|2025-04-11T17:09:55|2025-04-11T19:30:25,2025-04-11T19:30:25,cc_too_short,,,,[],[]
CK7,5|2025-04-11T19:30:45|2025-04-11T19:41:35,2025-04-11T19:41:35,total_low_Ah,,,,[],[]
CK7,5|2025-04-11T19:41:55|2025-04-11T21:50:35,2025-04-11T21:50:35,cc_low_Ah,,,,[],[]
CK7,5|2025-04-12T01:39:15|2025-04-12T03:22:35,2025-04-12T03:22:35,total_low_Ah,,,,[],[]
CK7,5|2025-04-12T06:41:15|2025-04-12T08:03:05,2025-04-12T08:03:05,total_low_Ah,,,,[],[]
CK7,5|2025-04-12T09:43:45|2025-04-12T10:06:15,2025-04-12T10:06:15,total_low_Ah,,,,[],[]
CK7,5|2025-04-12T14:40:35|2025-04-12T16:07:15,2025-04-12T16:07:15,total_low_Ah,,,,[],[]
CK7,5|2025-04-12T16:15:55|2025-04-12T16:19:45,2025-04-12T16:19:45,total_low_Ah,,,,[],[]
CK7,5|2025-04-12T16:25:45|2025-04-12T16:32:55,2025-04-12T16:32:55,total_low_Ah,,,,[],[]
CK7,5|2025-04-12T16:42:45|2025-04-12T17:23:15,2025-04-12T17:23:15,total_low_Ah,,,,[],[]
CK7,5|2025-04-12T17:31:05|2025-04-12T17:36:25,2025-04-12T17:36:25,total_low_Ah,,,,[],[]
CK7,5|2025-04-12T20:46:45|2025-04-12T23:51:15,2025-04-12T23:51:15,cc_too_short,,,,[],[]
CK7,5|2025-04-13T15:09:05|2025-04-13T15:21:55,2025-04-13T15:21:55,total_low_Ah,,,,[],[]
CK7,6|2025-04-16T20:07:22|2025-04-17T00:49:57,2025-04-17T00:49:57,pass,deep,26.61,20.4,"[1, 2, 3, 4]",[]
CK7,6|2025-04-17T17:18:58|2025-04-17T19:26:28,2025-04-17T19:26:28,cc_low_Ah,,,,[],[]
CK7,6|2025-04-17T20:50:58|2025-04-17T20:56:28,2025-04-17T20:56:28,total_low_Ah,,,,[],[]
CK7,6|2025-04-17T21:04:38|2025-04-17T21:09:38,2025-04-17T21:09:38,total_low_Ah,,,,[],[]
CK7,6|2025-04-17T21:19:58|2025-04-17T21:25:08,2025-04-17T21:25:08,total_low_Ah,,,,[],[]
CK7,6|2025-04-17T21:39:48|2025-04-17T21:48:18,2025-04-17T21:48:18,total_low_Ah,,,,[],[]
CK7,6|2025-04-17T21:49:48|2025-04-17T22:55:38,2025-04-17T22:55:38,total_low_Ah,,,,[],[]
CK7,6|2025-04-17T23:32:18|2025-04-18T01:18:28,2025-04-18T01:18:28,unstable_cc_start,,,,[],[]
CK7,6|2025-04-19T00:42:25|2025-04-19T00:46:15,2025-04-19T00:46:15,total_low_Ah,,,,[],[]
CK7,6|2025-04-19T00:58:35|2025-04-19T02:12:05,2025-04-19T02:12:05,unstable_cc_start,,,,[],[]
CK7,6|2025-04-19T18:50:44|2025-04-19T20:19:44,2025-04-19T20:19:44,cc_low_Ah,,,,[],[]
CK7,6|2025-04-19T20:30:54|2025-04-19T20:40:04,2025-04-19T20:40:04,total_low_Ah,,,,[],[]
CK7,6|2025-04-19T20:42:44|2025-04-19T21:03:54,2025-04-19T21:03:54,total_low_Ah,,,,[],[]
CK7,6|2025-04-19T21:07:04|2025-04-19T21:13:54,2025-04-19T21:13:54,total_low_Ah,,,,[],[]
CK7,6|2025-04-19T21:17:44|2025-04-19T21:23:54,2025-04-19T21:23:54,total_low_Ah,,,,[],[]
CK7,6|2025-04-19T21:32:04|2025-04-19T22:06:44,2025-04-19T22:06:44,total_low_Ah,,,,[],[]
CK7,6|2025-04-20T13:40:34|2025-04-20T16:01:04,2025-04-20T16:01:04,cc_too_short,,,,[],[]
CK7,6|2025-04-20T16:01:24|2025-04-20T16:12:14,2025-04-20T16:12:14,total_low_Ah,,,,[],[]
CK7,6|2025-04-20T16:12:34|2025-04-20T18:21:14,2025-04-20T18:21:14,cc_low_Ah,,,,[],[]
CK7,6|2025-04-20T22:09:54|2025-04-20T23:53:14,2025-04-20T23:53:14,total_low_Ah,,,,[],[]
CK7,6|2025-04-21T03:11:54|2025-04-21T04:33:44,2025-04-21T04:33:44,total_low_Ah,,,,[],[]
CK7,6|2025-04-21T06:14:24|2025-04-21T06:36:54,2025-04-21T06:36:54,total_low_Ah,,,,[],[]
CK7,6|2025-04-21T11:11:14|2025-04-21T12:37:54,2025-04-21T12:37:54,total_low_Ah,,,,[],[]
CK7,6|2025-04-21T12:46:34|2025-04-21T12:50:24,2025-04-21T12:50:24,total_low_Ah,,,,[],[]
CK7,6|2025-04-21T12:56:24|2025-04-21T13:03:34,2025-04-21T13:03:34,total_low_Ah,,,,[],[]
CK7,6|2025-04-21T13:13:24|2025-04-21T13:53:54,2025-04-21T13:53:54,total_low_Ah,,,,[],[]
CK7,6|2025-04-21T14:01:44|2025-04-21T14:07:04,2025-04-21T14:07:04,total_low_Ah,,,,[],[]
CK7,6|2025-04-21T17:17:24|2025-04-21T20:21:54,2025-04-21T20:21:54,cc_too_short,,,,[],[]
CK7,6|2025-04-22T11:39:44|2025-04-22T13:27:34,2025-04-22T13:27:34,cc_low_Ah,,,,[],[]
CK7,6|2025-04-22T13:51:44|2025-04-22T15:35:44,2025-04-22T15:35:44,cc_too_short,,,,[],[]
CK7,6|2025-04-22T16:06:36|2025-04-22T17:12:19,2025-04-22T17:12:19,pass,shallow,26.365000000000002,20.4,"[1, 2, 3, 4]",[]
CK7,6|2025-04-23T09:41:19|2025-04-23T11:48:49,2025-04-23T11:48:49,cc_low_Ah,,,,[],[]
CK7,6|2025-04-23T13:13:19|2025-04-23T13:18:49,2025-04-23T13:18:49,total_low_Ah,,,,[],[]
CK7,6|2025-04-23T13:26:59|2025-04-23T13:31:59,2025-04-23T13:31:59,total_low_Ah,,,,[],[]
CK7,6|2025-04-23T13:42:19|2025-04-23T13:47:29,2025-04-23T13:47:29,total_low_Ah,,,,[],[]
CK7,6|2025-04-23T14:02:09|2025-04-23T14:10:39,2025-04-23T14:10:39,total_low_Ah,,,,[],[]
CK7,6|2025-04-23T14:12:09|2025-04-23T15:17:59,2025-04-23T15:17:59,total_low_Ah,,,,[],[]
CK7,6|2025-04-23T15:54:39|2025-04-23T17:40:49,2025-04-23T17:40:49,unstable_cc_start,,,,[],[]
CK7,6|2025-04-24T13:26:09|2025-04-24T13:29:59,2025-04-24T13:29:59,total_low_Ah,,,,[],[]
CK7,6|2025-04-24T13:42:19|2025-04-24T16:25:09,2025-04-24T16:25:09,unstable_cc_start,,,,[],[]
CK7,6|2025-04-24T16:36:19|2025-04-24T16:45:29,2025-04-24T16:45:29,total_low_Ah,,,,[],[]
CK7,6|2025-04-24T16:48:09|2025-04-24T17:09:19,2025-04-24T17:09:19,total_low_Ah,,,,[],[]
CK7,6|2025-04-24T17:12:29|2025-04-24T17:19:19,2025-04-24T17:19:19,total_low_Ah,,,,[],[]
CK7,6|2025-04-24T17:23:09|2025-04-24T17:29:19,2025-04-24T17:29:19,total_low_Ah,,,,[],[]
CK7,6|2025-04-24T17:37:29|2025-04-24T18:12:09,2025-04-24T18:12:09,total_low_Ah,,,,[],[]
CK7,6|2025-04-25T09:46:25|2025-04-25T12:06:55,2025-04-25T12:06:55,cc_too_short,,,,[],[]
CK7,6|2025-04-25T12:07:15|2025-04-25T12:18:05,2025-04-25T12:18:05,total_low_Ah,,,,[],[]
CK7,6|2025-04-25T12:18:25|2025-04-25T14:27:05,2025-04-25T14:27:05,cc_low_Ah,,,,[],[]
CK7,7|2025-04-26T01:07:55|2025-04-26T02:51:15,2025-04-26T02:51:15,total_low_Ah,,,,[],[]
CK7,7|2025-04-26T06:09:55|2025-04-26T07:31:45,2025-04-26T07:31:45,total_low_Ah,,,,[],[]
CK7,7|2025-04-26T09:12:25|2025-04-26T09:34:55,2025-04-26T09:34:55,total_low_Ah,,,,[],[]
CK7,7|2025-04-26T14:09:15|2025-04-26T15:35:55,2025-04-26T15:35:55,total_low_Ah,,,,[],[]
CK7,7|2025-04-26T15:44:35|2025-04-26T15:48:25,2025-04-26T15:48:25,total_low_Ah,,,,[],[]
CK7,7|2025-04-26T15:54:25|2025-04-26T16:01:35,2025-04-26T16:01:35,total_low_Ah,,,,[],[]
CK7,7|2025-04-26T16:11:25|2025-04-26T16:51:55,2025-04-26T16:51:55,total_low_Ah,,,,[],[]
CK7,7|2025-04-26T16:59:45|2025-04-26T17:05:05,2025-04-26T17:05:05,total_low_Ah,,,,[],[]
CK7,7|2025-04-26T20:15:25|2025-04-26T23:19:55,2025-04-26T23:19:55,cc_too_short,,,,[],[]
CK7,7|2025-04-27T14:37:45|2025-04-27T16:25:35,2025-04-27T16:25:35,cc_low_Ah,,,,[],[]
CK7,7|2025-04-27T16:49:45|2025-04-27T18:33:45,2025-04-27T18:33:45,cc_too_short,,,,[],[]
CK7,7|2025-04-27T19:04:43|2025-04-27T20:10:07,2025-04-27T20:10:07,pass,shallow,46.385000000000005,20.4,"[1, 2, 3, 4]",[]
CK7,7|2025-04-28T12:39:07|2025-04-28T14:46:37,2025-04-28T14:46:37,cc_low_Ah,,,,[],[]
CK7,7|2025-04-28T16:11:07|2025-04-28T16:16:37,2025-04-28T16:16:37,total_low_Ah,,,,[],[]
CK7,7|2025-04-28T16:24:47|2025-04-28T16:29:47,2025-04-28T16:29:47,total_low_Ah,,,,[],[]
CK7,7|2025-04-28T16:40:07|2025-04-28T16:45:17,2025-04-28T16:45:17,total_low_Ah,,,,[],[]
CK7,7|2025-04-28T16:59:57|2025-04-28T17:08:27,2025-04-28T17:08:27,total_low_Ah,,,,[],[]
CK7,7|2025-04-28T17:09:57|2025-04-28T18:15:47,2025-04-28T18:15:47,total_low_Ah,,,,[],[]
CK7,7|2025-04-28T18:52:27|2025-04-28T20:38:37,2025-04-28T20:38:37,unstable_cc_start,,,,[],[]
CK7,7|2025-04-29T16:23:57|2025-04-29T16:27:47,2025-04-29T16:27:47,total_low_Ah,,,,[],[]
CK7,7|2025-04-29T16:40:07|2025-04-29T19:22:57,2025-04-29T19:22:57,unstable_cc_start,,,,[],[]
CK7,7|2025-04-29T19:34:07|2025-04-29T19:43:17,2025-04-29T19:43:17,total_low_Ah,,,,[],[]
CK7,7|2025-04-29T19:45:57|2025-04-29T20:07:07,2025-04-29T20:07:07,total_low_Ah,,,,[],[]
CK7,7|2025-04-29T20:10:17|2025-04-29T20:17:07,2025-04-29T20:17:07,total_low_Ah,,,,[],[]
CK7,7|2025-04-29T20:20:57|2025-04-29T20:27:07,2025-04-29T20:27:07,total_low_Ah,,,,[],[]
CK7,7|2025-04-29T20:35:17|2025-04-29T21:09:57,2025-04-29T21:09:57,total_low_Ah,,,,[],[]
CK7,7|2025-04-30T12:43:47|2025-04-30T15:04:17,2025-04-30T15:04:17,cc_too_short,,,,[],[]
CK7,7|2025-04-30T15:04:37|2025-04-30T15:15:27,2025-04-30T15:15:27,total_low_Ah,,,,[],[]
CK7,7|2025-04-30T15:15:47|2025-04-30T17:24:27,2025-04-30T17:24:27,cc_low_Ah,,,,[],[]
CK7,7|2025-04-30T21:13:07|2025-04-30T22:56:27,2025-04-30T22:56:27,total_low_Ah,,,,[],[]
CK7,7|2025-05-01T02:15:07|2025-05-01T03:36:57,2025-05-01T03:36:57,total_low_Ah,,,,[],[]
CK7,7|2025-05-01T05:17:37|2025-05-01T05:40:07,2025-05-01T05:40:07,total_low_Ah,,,,[],[]
CK7,7|2025-05-01T10:14:27|2025-05-01T11:41:07,2025-05-01T11:41:07,total_low_Ah,,,,[],[]
CK7,7|2025-05-01T11:49:47|2025-05-01T11:53:37,2025-05-01T11:53:37,total_low_Ah,,,,[],[]
CK7,7|2025-05-01T11:59:37|2025-05-01T12:06:47,2025-05-01T12:06:47,total_low_Ah,,,,[],[]
CK7,7|2025-05-01T12:16:37|2025-05-01T12:57:07,2025-05-01T12:57:07,total_low_Ah,,,,[],[]
CK7,7|2025-05-01T13:04:57|2025-05-01T13:10:17,2025-05-01T13:10:17,total_low_Ah,,,,[],[]
CK7,7|2025-05-01T16:20:37|2025-05-01T19:25:07,2025-05-01T19:25:07,cc_too_short,,,,[],[]
CK7,7|2025-05-02T10:42:57|2025-05-02T12:30:47,2025-05-02T12:30:47,cc_low_Ah,,,,[],[]
CK7,7|2025-05-02T12:54:57|2025-05-02T14:38:57,2025-05-02T14:38:57,cc_too_short,,,,[],[]
CK7,7|2025-05-02T15:09:48|2025-05-02T16:13:51,2025-05-02T16:13:51,pass,shallow,46.61,20.4,"[1, 2, 3, 4]",[]
CK7,7|2025-05-03T08:42:52|2025-05-03T10:50:22,2025-05-03T10:50:22,cc_low_Ah,,,,[],[]
CK7,7|2025-05-03T12:14:52|2025-05-03T12:20:22,2025-05-03T12:20:22,total_low_Ah,,,,[],[]
CK7,7|2025-05-03T12:28:32|2025-05-03T12:33:32,2025-05-03T12:33:32,total_low_Ah,,,,[],[]
CK7,7|2025-05-03T12:43:52|2025-05-03T12:49:02,2025-05-03T12:49:02,total_low_Ah,,,,[],[]
CK7,7|2025-05-03T13:03:42|2025-05-03T13:12:12,2025-05-03T13:12:12,total_low_Ah,,,,[],[]
CK7,7|2025-05-03T13:13:42|2025-05-03T14:19:32,2025-05-03T14:19:32,total_low_Ah,,,,[],[]
CK7,7|2025-05-03T14:56:12|2025-05-03T16:42:22,2025-05-03T16:42:22,unstable_cc_start,,,,[],[]
CK7,7|2025-05-04T12:27:42|2025-05-04T12:31:32,2025-05-04T12:31:32,total_low_Ah,,,,[],[]
CK7,7|2025-05-04T12:43:52|2025-05-04T15:26:42,2025-05-04T15:26:42,unstable_cc_start,,,,[],[]
CK7,7|2025-05-04T15:37:52|2025-05-04T15:47:02,2025-05-04T15:47:02,total_low_Ah,,,,[],[]
CK7,7|2025-05-04T15:49:42|2025-05-04T16:10:52,2025-05-04T16:10:52,total_low_Ah,,,,[],[]
CK7,7|2025-05-04T16:14:02|2025-05-04T16:20:52,2025-05-04T16:20:52,total_low_Ah,,,,[],[]
CK7,7|2025-05-04T16:24:42|2025-05-04T16:30:52,2025-05-04T16:30:52,total_low_Ah,,,,[],[]
CK7,7|2025-05-04T16:39:02|2025-05-04T17:13:42,2025-05-04T17:13:42,total_low_Ah,,,,[],[]
CK7,7|2025-05-05T08:47:32|2025-05-05T11:08:02,2025-05-05T11:08:02,cc_too_short,,,,[],[]
CK7,7|2025-05-05T11:08:22|2025-05-05T11:19:12,2025-05-05T11:19:12,total_low_Ah,,,,[],[]
CK7,7|2025-05-05T11:19:32|2025-05-05T13:28:12,2025-05-05T13:28:12,cc_low_Ah,,,,[],[]
CK7,7|2025-05-05T17:16:52|2025-05-05T19:00:12,2025-05-05T19:00:12,total_low_Ah,,,,[],[]
CK7,7|2025-05-05T22:18:52|2025-05-05T23:40:42,2025-05-05T23:40:42,total_low_Ah,,,,[],[]
CK7,7|2025-05-06T01:21:22|2025-05-06T01:43:52,2025-05-06T01:43:52,total_low_Ah,,,,[],[]
CK7,7|2025-05-06T06:18:12|2025-05-06T07:44:52,2025-05-06T07:44:52,total_low_Ah,,,,[],[]
CK7,7|2025-05-06T07:53:32|2025-05-06T07:57:22,2025-05-06T07:57:22,total_low_Ah,,,,[],[]
CK7,7|2025-05-06T08:03:22|2025-05-06T08:10:32,2025-05-06T08:10:32,total_low_Ah,,,,[],[]
CK7,7|2025-05-06T08:20:22|2025-05-06T09:00:52,2025-05-06T09:00:52,total_low_Ah,,,,[],[]
CK7,7|2025-05-06T09:08:42|2025-05-06T09:14:02,2025-05-06T09:14:02,total_low_Ah,,,,[],[]
CK7,7|2025-05-06T12:24:22|2025-05-06T15:28:52,2025-05-06T15:28:52,cc_too_short,,,,[],[]
CK7,7|2025-05-07T06:46:42|2025-05-07T08:34:32,2025-05-07T08:34:32,cc_low_Ah,,,,[],[]
CK7,7|2025-05-07T08:58:42|2025-05-07T10:42:42,2025-05-07T10:42:42,cc_too_short,,,,[],[]
CK7,7|2025-05-07T11:13:32|2025-05-07T12:17:41,2025-05-07T12:17:41,pass,shallow,46.57,20.4,"[1, 2, 3, 4]",[]
CK7,7|2025-05-08T04:46:42|2025-05-08T06:54:12,2025-05-08T06:54:12,cc_low_Ah,,,,[],[]
CK7,7|2025-05-08T08:18:42|2025-05-08T08:24:12,2025-05-08T08:24:12,total_low_Ah,,,,[],[]
CK7,7|2025-05-08T08:32:22|2025-05-08T08:37:22,2025-05-08T08:37:22,total_low_Ah,,,,[],[]
CK7,7|2025-05-08T08:47:42|2025-05-08T08:52:52,2025-05-08T08:52:52,total_low_Ah,,,,[],[]
CK7,7|2025-05-08T09:07:32|2025-05-08T09:16:02,2025-05-08T09:16:02,total_low_Ah,,,,[],[]
CK7,7|2025-05-08T09:17:32|2025-05-08T10:23:22,2025-05-08T10:23:22,total_low_Ah,,,,[],[]
CK7,7|2025-05-08T11:00:02|2025-05-08T12:46:12,2025-05-08T12:46:12,unstable_cc_start,,,,[],[]
CK7,7|2025-05-09T08:31:32|2025-05-09T08:35:22,2025-05-09T08:35:22,total_low_Ah,,,,[],[]
CK7,7|2025-05-09T08:47:42|2025-05-09T11:30:32,2025-05-09T11:30:32,unstable_cc_start,,,,[],[]
CK7,7|2025-05-09T11:41:42|2025-05-09T11:50:52,2025-05-09T11:50:52,total_low_Ah,,,,[],[]
CK7,7|2025-05-09T11:53:32|2025-05-09T12:14:42,2025-05-09T12:14:42,total_low_Ah,,,,[],[]
CK7,7|2025-05-09T12:17:52|2025-05-09T12:24:42,2025-05-09T12:24:42,total_low_Ah,,,,[],[]
CK7,7|2025-05-09T12:28:32|2025-05-09T12:34:42,2025-05-09T12:34:42,total_low_Ah,,,,[],[]
CK7,7|2025-05-09T12:42:52|2025-05-09T13:17:32,2025-05-09T13:17:32,total_low_Ah,,,,[],[]
CK7,7|2025-05-10T04:51:22|2025-05-10T07:11:52,2025-05-10T07:11:52,cc_too_short,,,,[],[]
CK7,7|2025-05-10T07:12:12|2025-05-10T07:23:02,2025-05-10T07:23:02,total_low_Ah,,,,[],[]
CK7,7|2025-05-10T07:23:22|2025-05-10T09:32:02,2025-05-10T09:32:02,cc_low_Ah,,,,[],[]
CK7,7|2025-05-10T13:20:42|2025-05-10T15:04:02,2025-05-10T15:04:02,total_low_Ah,,,,[],[]
CK7,7|2025-05-10T18:22:42|2025-05-10T19:44:32,2025-05-10T19:44:32,total_low_Ah,,,,[],[]
CK7,7|2025-05-10T21:25:12|2025-05-10T21:47:42,2025-05-10T21:47:42,total_low_Ah,,,,[],[]
CK7,7|2025-05-11T02:22:02|2025-05-11T03:48:42,2025-05-11T03:48:42,total_low_Ah,,,,[],[]
CK7,7|2025-05-11T03:57:22|2025-05-11T04:01:12,2025-05-11T04:01:12,total_low_Ah,,,,[],[]
CK7,7|2025-05-11T04:07:12|2025-05-11T04:14:22,2025-05-11T04:14:22,total_low_Ah,,,,[],[]
CK7,7|2025-05-11T04:24:12|2025-05-11T05:04:42,2025-05-11T05:04:42,total_low_Ah,,,,[],[]
CK7,7|2025-05-11T05:12:32|2025-05-11T05:17:52,2025-05-11T05:17:52,total_low_Ah,,,,[],[]
CK7,7|2025-05-11T08:28:12|2025-05-11T11:32:42,2025-05-11T11:32:42,cc_too_short,,,,[],[]
CK7,7|2025-05-12T02:50:32|2025-05-12T04:38:22,2025-05-12T04:38:22,cc_low_Ah,,,,[],[]
CK7,7|2025-05-12T05:02:32|2025-05-12T06:46:32,2025-05-12T06:46:32,cc_too_short,,,,[],[]
CK7,7|2025-05-12T07:17:22|2025-05-12T08:21:14,2025-05-12T08:21:14,pass,shallow,46.54,20.4,"[1, 2, 3, 4]",[]
CK7,7|2025-05-13T00:50:14|2025-05-13T02:57:44,2025-05-13T02:57:44,cc_low_Ah,,,,[],[]
CK7,7|2025-05-13T04:22:14|2025-05-13T04:27:44,2025-05-13T04:27:44,total_low_Ah,,,,[],[]
CK7,7|2025-05-13T04:35:54|2025-05-13T04:40:54,2025-05-13T04:40:54,total_low_Ah,,,,[],[]
CK7,7|2025-05-13T04:51:14|2025-05-13T04:56:24,2025-05-13T04:56:24,total_low_Ah,,,,[],[]
CK7,7|2025-05-13T05:11:04|2025-05-13T05:19:34,2025-05-13T05:19:34,total_low_Ah,,,,[],[]
CK7,7|2025-05-13T05:21:04|2025-05-13T06:26:54,2025-05-13T06:26:54,total_low_Ah,,,,[],[]
CK7,7|2025-05-13T07:03:34|2025-05-13T08:49:44,2025-05-13T08:49:44,unstable_cc_start,,,,[],[]
CK7,7|2025-05-14T04:35:04|2025-05-14T04:38:54,2025-05-14T04:38:54,total_low_Ah,,,,[],[]
CK7,7|2025-05-14T04:51:14|2025-05-14T07:34:04,2025-05-14T07:34:04,unstable_cc_start,,,,[],[]
CK7,7|2025-05-14T07:45:14|2025-05-14T07:54:24,2025-05-14T07:54:24,total_low_Ah,,,,[],[]
CK7,7|2025-05-14T07:57:04|2025-05-14T08:18:14,2025-05-14T08:18:14,total_low_Ah,,,,[],[]
CK7,7|2025-05-14T08:21:24|2025-05-14T08:28:14,2025-05-14T08:28:14,total_low_Ah,,,,[],[]
CK7,7|2025-05-14T08:32:04|2025-05-14T08:38:14,2025-05-14T08:38:14,total_low_Ah,,,,[],[]
CK7,7|2025-05-14T08:46:24|2025-05-14T09:21:04,2025-05-14T09:21:04,total_low_Ah,,,,[],[]
CK7,7|2025-05-15T00:54:54|2025-05-15T03:15:24,2025-05-15T03:15:24,cc_too_short,,,,[],[]
CK7,7|2025-05-15T03:15:44|2025-05-15T03:26:34,2025-05-15T03:26:34,total_low_Ah,,,,[],[]
CK7,7|2025-05-15T03:26:54|2025-05-15T05:35:34,2025-05-15T05:35:34,cc_low_Ah,,,,[],[]
CK7,7|2025-05-15T09:24:14|2025-05-15T11:07:34,2025-05-15T11:07:34,total_low_Ah,,,,[],[]
CK7,7|2025-05-15T14:26:14|2025-05-15T15:48:04,2025-05-15T15:48:04,total_low_Ah,,,,[],[]
CK7,7|2025-05-15T17:28:44|2025-05-15T17:51:14,2025-05-15T17:51:14,total_low_Ah,,,,[],[]
CK7,8|2025-05-19T16:28:34|2025-05-19T21:08:59,2025-05-19T21:08:59,pass,deep,26.68,20.4,"[1, 2, 3, 4]",[]
CK7,8|2025-05-20T13:37:59|2025-05-20T15:45:29,2025-05-20T15:45:29,cc_low_Ah,,,,[],[]
CK7,8|2025-05-20T17:09:59|2025-05-20T17:15:29,2025-05-20T17:15:29,total_low_Ah,,,,[],[]
CK7,8|2025-05-20T17:23:39|2025-05-20T17:28:39,2025-05-20T17:28:39,total_low_Ah,,,,[],[]
CK7,8|2025-05-20T17:38:59|2025-05-20T17:44:09,2025-05-20T17:44:09,total_low_Ah,,,,[],[]
CK7,8|2025-05-20T17:58:49|2025-05-20T18:07:19,2025-05-20T18:07:19,total_low_Ah,,,,[],[]
CK7,8|2025-05-20T18:08:49|2025-05-20T19:14:39,2025-05-20T19:14:39,total_low_Ah,,,,[],[]
CK7,8|2025-05-20T19:51:19|2025-05-20T21:37:29,2025-05-20T21:37:29,unstable_cc_start,,,,[],[]
CK7,8|2025-05-21T17:23:06|2025-05-21T17:26:56,2025-05-21T17:26:56,total_low_Ah,,,,[],[]
CK7,8|2025-05-21T17:39:16|2025-05-21T20:22:06,2025-05-21T20:22:06,unstable_cc_start,,,,[],[]
CK7,8|2025-05-21T20:33:16|2025-05-21T20:42:26,2025-05-21T20:42:26,total_low_Ah,,,,[],[]
CK7,8|2025-05-21T20:45:06|2025-05-21T21:06:16,2025-05-21T21:06:16,total_low_Ah,,,,[],[]
CK7,8|2025-05-21T21:09:26|2025-05-21T21:16:16,2025-05-21T21:16:16,total_low_Ah,,,,[],[]
CK7,8|2025-05-21T21:20:06|2025-05-21T21:26:16,2025-05-21T21:26:16,total_low_Ah,,,,[],[]
CK7,8|2025-05-21T21:34:26|2025-05-21T22:09:06,2025-05-21T22:09:06,total_low_Ah,,,,[],[]
CK7,8|2025-05-22T13:42:56|2025-05-22T16:03:26,2025-05-22T16:03:26,cc_too_short,,,,[],[]
CK7,8|2025-05-22T16:03:46|2025-05-22T16:14:36,2025-05-22T16:14:36,total_low_Ah,,,,[],[]
CK7,8|2025-05-22T16:14:56|2025-05-22T18:23:36,2025-05-22T18:23:36,cc_low_Ah,,,,[],[]
CK7,8|2025-05-22T22:12:16|2025-05-22T23:55:36,2025-05-22T23:55:36,total_low_Ah,,,,[],[]
CK7,8|2025-05-23T03:14:16|2025-05-23T04:36:06,2025-05-23T04:36:06,total_low_Ah,,,,[],[]
CK7,8|2025-05-23T06:16:46|2025-05-23T06:39:16,2025-05-23T06:39:16,total_low_Ah,,,,[],[]
CK7,8|2025-05-23T11:13:36|2025-05-23T12:40:16,2025-05-23T12:40:16,total_low_Ah,,,,[],[]
CK7,8|2025-05-23T12:48:56|2025-05-23T12:52:46,2025-05-23T12:52:46,total_low_Ah,,,,[],[]
CK7,8|2025-05-23T12:58:46|2025-05-23T13:05:56,2025-05-23T13:05:56,total_low_Ah,,,,[],[]
CK7,8|2025-05-23T13:15:46|2025-05-23T13:56:16,2025-05-23T13:56:16,total_low_Ah,,,,[],[]
CK7,8|2025-05-23T14:04:06|2025-05-23T14:09:26,2025-05-23T14:09:26,total_low_Ah,,,,[],[]
CK7,8|2025-05-23T17:19:46|2025-05-23T20:24:16,2025-05-23T20:24:16,cc_too_short,,,,[],[]
CK7,8|2025-05-24T11:42:06|2025-05-24T13:29:56,2025-05-24T13:29:56,cc_low_Ah,,,,[],[]
CK7,8|2025-05-24T13:54:06|2025-05-24T15:38:06,2025-05-24T15:38:06,cc_too_short,,,,[],[]
CK7,8|2025-05-24T16:08:56|2025-05-24T17:13:53,2025-05-24T17:13:53,pass,shallow,26.4,20.4,"[1, 2, 3, 4]",[]
CK7,8|2025-05-25T09:42:54|2025-05-25T11:50:24,2025-05-25T11:50:24,cc_low_Ah,,,,[],[]
CK7,8|2025-05-25T13:14:54|2025-05-25T13:20:24,2025-05-25T13:20:24,total_low_Ah,,,,[],[]
CK7,8|2025-05-25T13:28:34|2025-05-25T13:33:34,2025-05-25T13:33:34,total_low_Ah,,,,[],[]
CK7,8|2025-05-25T13:43:54|2025-05-25T13:49:04,2025-05-25T13:49:04,total_low_Ah,,,,[],[]
CK7,8|2025-05-25T14:03:44|2025-05-25T14:12:14,2025-05-25T14:12:14,total_low_Ah,,,,[],[]
CK7,8|2025-05-25T14:13:44|2025-05-25T15:19:34,2025-05-25T15:19:34,total_low_Ah,,,,[],[]
CK7,8|2025-05-25T15:56:14|2025-05-25T17:42:24,2025-05-25T17:42:24,unstable_cc_start,,,,[],[]
CK7,9|2025-05-26T23:10:09|2025-05-26T23:13:59,2025-05-26T23:13:59,total_low_Ah,,,,[],[]
CK7,9|2025-05-26T23:26:19|2025-05-27T02:09:09,2025-05-27T02:09:09,unstable_cc_start,,,,[],[]
CK7,9|2025-05-27T02:20:19|2025-05-27T02:29:29,2025-05-27T02:29:29,total_low_Ah,,,,[],[]
CK7,9|2025-05-27T02:32:09|2025-05-27T02:53:19,2025-05-27T02:53:19,total_low_Ah,,,,[],[]
CK7,9|2025-05-27T02:56:29|2025-05-27T03:03:19,2025-05-27T03:03:19,total_low_Ah,,,,[],[]
CK7,9|2025-05-27T03:07:09|2025-05-27T03:13:19,2025-05-27T03:13:19,total_low_Ah,,,,[],[]
CK7,9|2025-05-27T03:21:29|2025-05-27T03:56:09,2025-05-27T03:56:09,total_low_Ah,,,,[],[]
CK7,9|2025-05-27T19:29:59|2025-05-27T21:50:29,2025-05-27T21:50:29,cc_too_short,,,,[],[]
CK7,9|2025-05-27T21:50:49|2025-05-27T22:01:39,2025-05-27T22:01:39,total_low_Ah,,,,[],[]
CK7,9|2025-05-27T22:01:59|2025-05-28T00:10:39,2025-05-28T00:10:39,cc_low_Ah,,,,[],[]
CK7,9|2025-05-28T03:59:19|2025-05-28T05:42:39,2025-05-28T05:42:39,total_low_Ah,,,,[],[]
CK7,9|2025-05-28T09:01:19|2025-05-28T10:23:09,2025-05-28T10:23:09,total_low_Ah,,,,[],[]
CK7,9|2025-05-28T12:03:49|2025-05-28T12:26:19,2025-05-28T12:26:19,total_low_Ah,,,,[],[]
CK7,9|2025-05-28T17:00:39|2025-05-28T18:27:19,2025-05-28T18:27:19,total_low_Ah,,,,[],[]
CK7,9|2025-05-28T18:35:59|2025-05-28T18:39:49,2025-05-28T18:39:49,total_low_Ah,,,,[],[]
CK7,9|2025-05-28T18:45:49|2025-05-28T18:52:59,2025-05-28T18:52:59,total_low_Ah,,,,[],[]
CK7,9|2025-05-28T19:02:49|2025-05-28T19:43:19,2025-05-28T19:43:19,total_low_Ah,,,,[],[]
CK7,9|2025-05-28T19:51:09|2025-05-28T19:56:29,2025-05-28T19:56:29,total_low_Ah,,,,[],[]
CK7,9|2025-05-28T23:06:49|2025-05-29T02:11:19,2025-05-29T02:11:19,cc_too_short,,,,[],[]
CK7,9|2025-05-29T17:29:09|2025-05-29T19:16:59,2025-05-29T19:16:59,cc_low_Ah,,,,[],[]
CK7,9|2025-05-29T19:41:09|2025-05-29T21:25:09,2025-05-29T21:25:09,cc_too_short,,,,[],[]
CK7,9|2025-05-29T21:56:08|2025-05-29T23:01:12,2025-05-29T23:01:12,pass,shallow,46.405,20.4,"[1, 2, 3, 4]",[]
CK7,9|2025-05-30T15:30:12|2025-05-30T17:37:42,2025-05-30T17:37:42,cc_low_Ah,,,,[],[]
CK7,9|2025-05-30T19:02:12|2025-05-30T19:07:42,2025-05-30T19:07:42,total_low_Ah,,,,[],[]
CK7,9|2025-05-30T19:15:52|2025-05-30T19:20:52,2025-05-30T19:20:52,total_low_Ah,,,,[],[]
CK7,9|2025-05-30T19:31:12|2025-05-30T19:36:22,2025-05-30T19:36:22,total_low_Ah,,,,[],[]
CK7,9|2025-05-30T19:51:02|2025-05-30T19:59:32,2025-05-30T19:59:32,total_low_Ah,,,,[],[]
CK7,9|2025-05-30T20:01:02|2025-05-30T21:06:52,2025-05-30T21:06:52,total_low_Ah,,,,[],[]
CK7,9|2025-05-30T21:43:32|2025-05-30T23:29:42,2025-05-30T23:29:42,unstable_cc_start,,,,[],[]
CK7,9|2025-05-31T19:15:02|2025-05-31T19:18:52,2025-05-31T19:18:52,total_low_Ah,,,,[],[]
CK7,9|2025-05-31T19:31:12|2025-05-31T22:14:02,2025-05-31T22:14:02,unstable_cc_start,,,,[],[]
CK7,9|2025-05-31T22:25:12|2025-05-31T22:34:22,2025-05-31T22:34:22,total_low_Ah,,,,[],[]
CK7,9|2025-05-31T22:37:02|2025-05-31T22:58:12,2025-05-31T22:58:12,total_low_Ah,,,,[],[]
CK7,9|2025-05-31T23:01:22|2025-05-31T23:08:12,2025-05-31T23:08:12,total_low_Ah,,,,[],[]
CK7,9|2025-05-31T23:12:02|2025-05-31T23:18:12,2025-05-31T23:18:12,total_low_Ah,,,,[],[]
CK7,9|2025-05-31T23:26:22|2025-06-01T00:01:02,2025-06-01T00:01:02,total_low_Ah,,,,[],[]
CK7,9|2025-06-01T15:34:52|2025-06-01T17:55:22,2025-06-01T17:55:22,cc_too_short,,,,[],[]
CK7,9|2025-06-01T17:55:42|2025-06-01T18:06:32,2025-06-01T18:06:32,total_low_Ah,,,,[],[]
CK7,9|2025-06-01T18:06:52|2025-06-01T20:15:32,2025-06-01T20:15:32,cc_low_Ah,,,,[],[]
CK7,9|2025-06-02T00:04:12|2025-06-02T01:47:32,2025-06-02T01:47:32,total_low_Ah,,,,[],[]
CK7,9|2025-06-02T05:06:12|2025-06-02T06:28:02,2025-06-02T06:28:02,total_low_Ah,,,,[],[]
CK7,9|2025-06-02T08:08:42|2025-06-02T08:31:12,2025-06-02T08:31:12,total_low_Ah,,,,[],[]
CK7,9|2025-06-02T13:05:32|2025-06-02T14:32:12,2025-06-02T14:32:12,total_low_Ah,,,,[],[]
CK7,9|2025-06-02T14:40:52|2025-06-02T14:44:42,2025-06-02T14:44:42,total_low_Ah,,,,[],[]
CK7,9|2025-06-02T14:50:42|2025-06-02T14:57:52,2025-06-02T14:57:52,total_low_Ah,,,,[],[]
CK7,9|2025-06-02T15:07:42|2025-06-02T15:48:12,2025-06-02T15:48:12,total_low_Ah,,,,[],[]
CK7,9|2025-06-02T15:56:02|2025-06-02T16:01:22,2025-06-02T16:01:22,total_low_Ah,,,,[],[]
CK7,9|2025-06-02T19:11:42|2025-06-02T22:16:12,2025-06-02T22:16:12,cc_too_short,,,,[],[]
CK7,9|2025-06-03T13:34:02|2025-06-03T15:21:52,2025-06-03T15:21:52,cc_low_Ah,,,,[],[]
CK7,9|2025-06-03T15:46:02|2025-06-03T17:30:02,2025-06-03T17:30:02,cc_too_short,,,,[],[]
CK7,9|2025-06-03T18:00:53|2025-06-03T19:04:45,2025-06-03T19:04:45,pass,shallow,46.32,20.4,"[1, 2, 3, 4]",[]
CK7,9|2025-06-04T11:33:46|2025-06-04T13:41:16,2025-06-04T13:41:16,cc_low_Ah,,,,[],[]
CK7,9|2025-06-04T15:05:46|2025-06-04T15:11:16,2025-06-04T15:11:16,total_low_Ah,,,,[],[]
CK7,9|2025-06-04T15:19:26|2025-06-04T15:24:26,2025-06-04T15:24:26,total_low_Ah,,,,[],[]
CK7,9|2025-06-04T15:34:46|2025-06-04T15:39:56,2025-06-04T15:39:56,total_low_Ah,,,,[],[]
CK7,9|2025-06-04T15:54:36|2025-06-04T16:03:06,2025-06-04T16:03:06,total_low_Ah,,,,[],[]
CK7,9|2025-06-04T16:04:36|2025-06-04T17:10:26,2025-06-04T17:10:26,total_low_Ah,,,,[],[]
CK7,9|2025-06-04T17:47:06|2025-06-04T19:33:16,2025-06-04T19:33:16,unstable_cc_start,,,,[],[]
CK7,9|2025-06-05T15:18:36|2025-06-05T15:22:26,2025-06-05T15:22:26,total_low_Ah,,,,[],[]
CK7,9|2025-06-05T15:34:46|2025-06-05T18:17:36,2025-06-05T18:17:36,unstable_cc_start,,,,[],[]
CK7,9|2025-06-05T18:28:46|2025-06-05T18:37:56,2025-06-05T18:37:56,total_low_Ah,,,,[],[]
CK7,9|2025-06-05T18:40:36|2025-06-05T19:01:46,2025-06-05T19:01:46,total_low_Ah,,,,[],[]
CK7,9|2025-06-05T19:04:56|2025-06-05T19:11:46,2025-06-05T19:11:46,total_low_Ah,,,,[],[]
CK7,9|2025-06-05T19:15:36|2025-06-05T19:21:46,2025-06-05T19:21:46,total_low_Ah,,,,[],[]
CK7,9|2025-06-05T19:29:56|2025-06-05T20:04:36,2025-06-05T20:04:36,total_low_Ah,,,,[],[]
CK7,9|2025-06-06T11:38:26|2025-06-06T13:58:56,2025-06-06T13:58:56,cc_too_short,,,,[],[]
CK7,9|2025-06-06T13:59:16|2025-06-06T14:10:06,2025-06-06T14:10:06,total_low_Ah,,,,[],[]
CK7,9|2025-06-06T14:10:26|2025-06-06T16:19:06,2025-06-06T16:19:06,cc_low_Ah,,,,[],[]
CK7,9|2025-06-06T20:07:46|2025-06-06T21:51:06,2025-06-06T21:51:06,total_low_Ah,,,,[],[]
CK7,9|2025-06-07T01:09:46|2025-06-07T02:31:36,2025-06-07T02:31:36,total_low_Ah,,,,[],[]
CK7,9|2025-06-07T04:12:16|2025-06-07T04:34:46,2025-06-07T04:34:46,total_low_Ah,,,,[],[]
CK7,9|2025-06-07T09:09:06|2025-06-07T10:35:46,2025-06-07T10:35:46,total_low_Ah,,,,[],[]
CK7,9|2025-06-07T10:44:26|2025-06-07T10:48:16,2025-06-07T10:48:16,total_low_Ah,,,,[],[]
CK7,9|2025-06-07T10:54:16|2025-06-07T11:01:26,2025-06-07T11:01:26,total_low_Ah,,,,[],[]
CK7,9|2025-06-07T11:11:16|2025-06-07T11:51:46,2025-06-07T11:51:46,total_low_Ah,,,,[],[]
CK7,9|2025-06-07T11:59:36|2025-06-07T12:04:56,2025-06-07T12:04:56,total_low_Ah,,,,[],[]
CK7,9|2025-06-07T15:15:16|2025-06-07T18:19:46,2025-06-07T18:19:46,cc_too_short,,,,[],[]
CK7,9|2025-06-08T09:37:36|2025-06-08T11:25:26,2025-06-08T11:25:26,cc_low_Ah,,,,[],[]
CK7,9|2025-06-08T11:49:36|2025-06-08T13:33:36,2025-06-08T13:33:36,cc_too_short,,,,[],[]
CK7,9|2025-06-08T14:04:26|2025-06-08T15:08:13,2025-06-08T15:08:13,pass,shallow,46.39,20.4,"[1, 2, 3, 4]",[]
CK7,9|2025-06-09T07:37:14|2025-06-09T09:44:44,2025-06-09T09:44:44,cc_low_Ah,,,,[],[]
CK7,9|2025-06-09T11:09:14|2025-06-09T11:14:44,2025-06-09T11:14:44,total_low_Ah,,,,[],[]
CK7,9|2025-06-09T11:22:54|2025-06-09T11:27:54,2025-06-09T11:27:54,total_low_Ah,,,,[],[]
CK7,9|2025-06-09T11:38:14|2025-06-09T11:43:24,2025-06-09T11:43:24,total_low_Ah,,,,[],[]
CK7,9|2025-06-09T11:58:04|2025-06-09T12:06:34,2025-06-09T12:06:34,total_low_Ah,,,,[],[]
CK7,9|2025-06-09T12:08:04|2025-06-09T13:13:54,2025-06-09T13:13:54,total_low_Ah,,,,[],[]
CK7,9|2025-06-09T13:50:34|2025-06-09T15:36:44,2025-06-09T15:36:44,unstable_cc_start,,,,[],[]
CK7,9|2025-06-10T11:22:04|2025-06-10T11:25:54,2025-06-10T11:25:54,total_low_Ah,,,,[],[]
CK7,9|2025-06-10T11:38:14|2025-06-10T14:21:04,2025-06-10T14:21:04,unstable_cc_start,,,,[],[]
CK7,9|2025-06-10T14:32:14|2025-06-10T14:41:24,2025-06-10T14:41:24,total_low_Ah,,,,[],[]
CK7,9|2025-06-10T14:44:04|2025-06-10T15:05:14,2025-06-10T15:05:14,total_low_Ah,,,,[],[]
CK7,9|2025-06-10T15:08:24|2025-06-10T15:15:14,2025-06-10T15:15:14,total_low_Ah,,,,[],[]
CK7,9|2025-06-10T15:19:04|2025-06-10T15:25:14,2025-06-10T15:25:14,total_low_Ah,,,,[],[]
CK7,9|2025-06-10T15:33:24|2025-06-10T16:08:04,2025-06-10T16:08:04,total_low_Ah,,,,[],[]
CK7,9|2025-06-11T07:41:54|2025-06-11T10:02:24,2025-06-11T10:02:24,cc_too_short,,,,[],[]
CK7,9|2025-06-11T10:02:44|2025-06-11T10:13:34,2025-06-11T10:13:34,total_low_Ah,,,,[],[]
CK7,9|2025-06-11T10:13:54|2025-06-11T12:22:34,2025-06-11T12:22:34,cc_low_Ah,,,,[],[]
CK7,9|2025-06-11T16:11:14|2025-06-11T17:54:34,2025-06-11T17:54:34,total_low_Ah,,,,[],[]
CK7,9|2025-06-11T21:13:14|2025-06-11T22:35:04,2025-06-11T22:35:04,total_low_Ah,,,,[],[]
CK7,9|2025-06-12T00:15:44|2025-06-12T00:38:14,2025-06-12T00:38:14,total_low_Ah,,,,[],[]
CK7,9|2025-06-12T05:12:34|2025-06-12T06:39:14,2025-06-12T06:39:14,total_low_Ah,,,,[],[]
CK7,9|2025-06-12T06:47:54|2025-06-12T06:51:44,2025-06-12T06:51:44,total_low_Ah,,,,[],[]
CK7,9|2025-06-12T06:57:44|2025-06-12T07:04:54,2025-06-12T07:04:54,total_low_Ah,,,,[],[]
CK7,9|2025-06-12T07:14:44|2025-06-12T07:55:14,2025-06-12T07:55:14,total_low_Ah,,,,[],[]
CK7,9|2025-06-12T08:03:04|2025-06-12T08:08:24,2025-06-12T08:08:24,total_low_Ah,,,,[],[]
CK7,9|2025-06-12T11:18:44|2025-06-12T14:23:14,2025-06-12T14:23:14,cc_too_short,,,,[],[]
CK7,9|2025-06-13T05:41:04|2025-06-13T07:28:54,2025-06-13T07:28:54,cc_low_Ah,,,,[],[]
CK7,9|2025-06-13T07:53:04|2025-06-13T09:37:04,2025-06-13T09:37:04,cc_too_short,,,,[],[]
CK7,9|2025-06-13T10:07:54|2025-06-13T11:11:42,2025-06-13T11:11:42,pass,shallow,46.37,20.4,"[1, 2, 3, 4]",[]
CK7,9|2025-06-14T03:40:42|2025-06-14T05:48:12,2025-06-14T05:48:12,cc_low_Ah,,,,[],[]
CK7,9|2025-06-14T07:12:42|2025-06-14T07:18:12,2025-06-14T07:18:12,total_low_Ah,,,,[],[]
CK7,9|2025-06-14T07:26:22|2025-06-14T07:31:22,2025-06-14T07:31:22,total_low_Ah,,,,[],[]
CK7,9|2025-06-14T07:41:42|2025-06-14T07:46:52,2025-06-14T07:46:52,total_low_Ah,,,,[],[]
CK7,9|2025-06-14T08:01:32|2025-06-14T08:10:02,2025-06-14T08:10:02,total_low_Ah,,,,[],[]
CK7,9|2025-06-14T08:11:32|2025-06-14T09:17:22,2025-06-14T09:17:22,total_low_Ah,,,,[],[]
CK7,9|2025-06-14T09:54:02|2025-06-14T11:40:12,2025-06-14T11:40:12,unstable_cc_start,,,,[],[]
CK7,9|2025-06-15T07:25:32|2025-06-15T07:29:22,2025-06-15T07:29:22,total_low_Ah,,,,[],[]
CK7,9|2025-06-15T07:41:42|2025-06-15T10:24:32,2025-06-15T10:24:32,unstable_cc_start,,,,[],[]
CK7,9|2025-06-15T10:35:42|2025-06-15T10:44:52,2025-06-15T10:44:52,total_low_Ah,,,,[],[]
CK7,9|2025-06-15T10:47:32|2025-06-15T11:08:42,2025-06-15T11:08:42,total_low_Ah,,,,[],[]
CK7,9|2025-06-15T11:11:52|2025-06-15T11:18:42,2025-06-15T11:18:42,total_low_Ah,,,,[],[]
CK7,9|2025-06-15T11:22:32|2025-06-15T11:28:42,2025-06-15T11:28:42,total_low_Ah,,,,[],[]
CK7,9|2025-06-15T11:36:52|2025-06-15T12:11:32,2025-06-15T12:11:32,total_low_Ah,,,,[],[]
CK7,9|2025-06-16T03:45:22|2025-06-16T06:05:52,2025-06-16T06:05:52,cc_too_short,,,,[],[]
CK7,9|2025-06-16T06:06:12|2025-06-16T06:17:02,2025-06-16T06:17:02,total_low_Ah,,,,[],[]
CK7,9|2025-06-16T06:17:22|2025-06-16T08:26:02,2025-06-16T08:26:02,cc_low_Ah,,,,[],[]
CK7,9|2025-06-16T12:14:42|2025-06-16T12:23:32,2025-06-16T12:23:32,total_low_Ah,,,,[],[]
CK7,10|2025-06-21T22:52:28|2025-06-22T03:31:00,2025-06-22T03:31:00,pass,deep,26.63,20.4,"[1, 2, 3, 4]",[]
CK7,10|2025-06-22T20:00:00|2025-06-22T22:07:30,2025-06-22T22:07:30,cc_low_Ah,,,,[],[]
CK7,10|2025-06-22T23:32:00|2025-06-22T23:37:30,2025-06-22T23:37:30,total_low_Ah,,,,[],[]
CK7,10|2025-06-22T23:45:40|2025-06-22T23:50:40,2025-06-22T23:50:40,total_low_Ah,,,,[],[]
CK7,10|2025-06-23T00:01:00|2025-06-23T00:06:10,2025-06-23T00:06:10,total_low_Ah,,,,[],[]
CK7,10|2025-06-23T00:20:50|2025-06-23T00:29:20,2025-06-23T00:29:20,total_low_Ah,,,,[],[]
CK7,10|2025-06-23T00:30:50|2025-06-23T01:36:40,2025-06-23T01:36:40,total_low_Ah,,,,[],[]
CK7,10|2025-06-23T02:13:20|2025-06-23T03:59:30,2025-06-23T03:59:30,unstable_cc_start,,,,[],[]
CK7,10|2025-06-23T23:44:50|2025-06-23T23:48:40,2025-06-23T23:48:40,total_low_Ah,,,,[],[]
CK7,10|2025-06-24T00:01:00|2025-06-24T02:43:50,2025-06-24T02:43:50,unstable_cc_start,,,,[],[]
CK7,10|2025-06-24T02:55:00|2025-06-24T03:04:10,2025-06-24T03:04:10,total_low_Ah,,,,[],[]
CK7,10|2025-06-24T03:06:50|2025-06-24T03:28:00,2025-06-24T03:28:00,total_low_Ah,,,,[],[]
CK7,10|2025-06-24T03:31:10|2025-06-24T03:38:00,2025-06-24T03:38:00,total_low_Ah,,,,[],[]
CK7,10|2025-06-24T03:41:50|2025-06-24T03:48:00,2025-06-24T03:48:00,total_low_Ah,,,,[],[]
CK7,10|2025-06-24T03:56:10|2025-06-24T04:30:50,2025-06-24T04:30:50,total_low_Ah,,,,[],[]
CK7,10|2025-06-24T20:04:40|2025-06-24T22:25:10,2025-06-24T22:25:10,cc_too_short,,,,[],[]
CK7,10|2025-06-24T22:25:30|2025-06-24T22:36:20,2025-06-24T22:36:20,total_low_Ah,,,,[],[]
CK7,10|2025-06-24T22:36:40|2025-06-25T00:45:20,2025-06-25T00:45:20,cc_low_Ah,,,,[],[]
CK7,10|2025-06-25T04:34:00|2025-06-25T06:17:20,2025-06-25T06:17:20,total_low_Ah,,,,[],[]
CK7,10|2025-06-25T09:36:00|2025-06-25T10:57:50,2025-06-25T10:57:50,total_low_Ah,,,,[],[]
CK7,10|2025-06-25T12:38:30|2025-06-25T13:01:00,2025-06-25T13:01:00,total_low_Ah,,,,[],[]
CK7,10|2025-06-25T17:35:20|2025-06-25T19:02:00,2025-06-25T19:02:00,total_low_Ah,,,,[],[]
CK7,10|2025-06-25T19:10:40|2025-06-25T19:14:30,2025-06-25T19:14:30,total_low_Ah,,,,[],[]
CK7,10|2025-06-25T19:20:30|2025-06-25T19:27:40,2025-06-25T19:27:40,total_low_Ah,,,,[],[]
CK7,10|2025-06-25T19:37:30|2025-06-25T20:18:00,2025-06-25T20:18:00,total_low_Ah,,,,[],[]
CK7,10|2025-06-25T20:25:50|2025-06-25T20:31:10,2025-06-25T20:31:10,total_low_Ah,,,,[],[]
CK7,10|2025-06-25T23:41:30|2025-06-26T02:46:00,2025-06-26T02:46:00,cc_too_short,,,,[],[]
CK7,10|2025-06-26T18:03:50|2025-06-26T19:51:40,2025-06-26T19:51:40,cc_low_Ah,,,,[],[]
CK7,10|2025-06-26T20:15:50|2025-06-26T21:59:50,2025-06-26T21:59:50,cc_too_short,,,,[],[]
CK7,10|2025-06-26T22:30:41|2025-06-26T23:34:33,2025-06-26T23:34:33,pass,shallow,26.16,20.4,"[1, 2, 3, 4]",[]
CK7,10|2025-06-27T16:03:34|2025-06-27T18:11:04,2025-06-27T18:11:04,cc_low_Ah,,,,[],[]
CK7,10|2025-06-27T19:35:34|2025-06-27T19:41:04,2025-06-27T19:41:04,total_low_Ah,,,,[],[]
CK7,10|2025-06-27T19:49:14|2025-06-27T19:54:14,2025-06-27T19:54:14,total_low_Ah,,,,[],[]
CK7,10|2025-06-27T20:04:34|2025-06-27T20:09:44,2025-06-27T20:09:44,total_low_Ah,,,,[],[]
CK7,10|2025-06-27T20:24:24|2025-06-27T20:32:54,2025-06-27T20:32:54,total_low_Ah,,,,[],[]
CK7,10|2025-06-27T20:34:24|2025-06-27T21:40:14,2025-06-27T21:40:14,total_low_Ah,,,,[],[]
CK7,10|2025-06-27T22:16:54|2025-06-28T00:03:04,2025-06-28T00:03:04,unstable_cc_start,,,,[],[]
CK7,10|2025-06-28T19:48:24|2025-06-28T19:52:14,2025-06-28T19:52:14,total_low_Ah,,,,[],[]
CK7,10|2025-06-28T20:04:34|2025-06-28T22:47:24,2025-06-28T22:47:24,unstable_cc_start,,,,[],[]
CK7,10|2025-06-28T22:58:34|2025-06-28T23:07:44,2025-06-28T23:07:44,total_low_Ah,,,,[],[]
CK7,10|2025-06-28T23:10:24|2025-06-28T23:31:34,2025-06-28T23:31:34,total_low_Ah,,,,[],[]
CK7,10|2025-06-28T23:34:44|2025-06-28T23:41:34,2025-06-28T23:41:34,total_low_Ah,,,,[],[]
CK7,10|2025-06-28T23:45:24|2025-06-28T23:51:34,2025-06-28T23:51:34,total_low_Ah,,,,[],[]
CK7,10|2025-06-28T23:59:44|2025-06-29T00:34:24,2025-06-29T00:34:24,total_low_Ah,,,,[],[]
CK7,10|2025-06-29T16:08:14|2025-06-29T18:28:44,2025-06-29T18:28:44,cc_too_short,,,,[],[]
CK7,10|2025-06-29T18:29:04|2025-06-29T18:39:54,2025-06-29T18:39:54,total_low_Ah,,,,[],[]
CK7,10|2025-06-29T18:40:14|2025-06-29T20:48:54,2025-06-29T20:48:54,cc_low_Ah,,,,[],[]
CK7,10|2025-06-30T00:37:34|2025-06-30T02:20:54,2025-06-30T02:20:54,total_low_Ah,,,,[],[]
CK7,10|2025-06-30T05:39:34|2025-06-30T07:01:24,2025-06-30T07:01:24,total_low_Ah,,,,[],[]
CK7,10|2025-06-30T08:42:04|2025-06-30T09:04:34,2025-06-30T09:04:34,total_low_Ah,,,,[],[]
CK7,10|2025-06-30T13:38:54|2025-06-30T15:05:34,2025-06-30T15:05:34,total_low_Ah,,,,[],[]
CK7,10|2025-06-30T15:14:14|2025-06-30T15:18:04,2025-06-30T15:18:04,total_low_Ah,,,,[],[]
CK7,10|2025-06-30T15:24:04|2025-06-30T15:31:14,2025-06-30T15:31:14,total_low_Ah,,,,[],[]
CK7,10|2025-06-30T15:41:04|2025-06-30T16:21:34,2025-06-30T16:21:34,total_low_Ah,,,,[],[]
CK7,10|2025-06-30T16:29:24|2025-06-30T16:34:44,2025-06-30T16:34:44,total_low_Ah,,,,[],[]
CK7,10|2025-06-30T19:45:04|2025-06-30T22:49:34,2025-06-30T22:49:34,cc_too_short,,,,[],[]
CK7,10|2025-07-01T14:07:24|2025-07-01T15:55:14,2025-07-01T15:55:14,cc_low_Ah,,,,[],[]
CK7,10|2025-07-01T16:19:24|2025-07-01T18:03:24,2025-07-01T18:03:24,cc_too_short,,,,[],[]
CK7,10|2025-07-01T18:34:14|2025-07-01T19:37:43,2025-07-01T19:37:43,pass,shallow,26.14,20.4,"[1, 2, 3, 4]",[]
CK7,10|2025-07-02T12:06:43|2025-07-02T13:35:33,2025-07-02T13:35:33,total_low_Ah,,,,[],[]
CK7,11|2025-07-03T14:53:28|2025-07-03T15:31:58,2025-07-03T15:31:58,total_low_Ah,,,,[],[]
CK7,11|2025-07-03T16:56:28|2025-07-03T17:01:58,2025-07-03T17:01:58,total_low_Ah,,,,[],[]
CK7,11|2025-07-03T17:10:08|2025-07-03T17:15:08,2025-07-03T17:15:08,total_low_Ah,,,,[],[]
CK7,11|2025-07-03T17:25:28|2025-07-03T17:30:38,2025-07-03T17:30:38,total_low_Ah,,,,[],[]
CK7,11|2025-07-03T17:45:18|2025-07-03T17:53:48,2025-07-03T17:53:48,total_low_Ah,,,,[],[]
CK7,11|2025-07-03T17:55:18|2025-07-03T19:01:08,2025-07-03T19:01:08,total_low_Ah,,,,[],[]
CK7,11|2025-07-03T19:37:48|2025-07-03T21:23:58,2025-07-03T21:23:58,unstable_cc_start,,,,[],[]
CK7,11|2025-07-04T17:09:18|2025-07-04T17:13:08,2025-07-04T17:13:08,total_low_Ah,,,,[],[]
CK7,11|2025-07-04T17:25:28|2025-07-04T20:08:18,2025-07-04T20:08:18,unstable_cc_start,,,,[],[]
CK7,11|2025-07-04T20:19:28|2025-07-04T20:28:38,2025-07-04T20:28:38,total_low_Ah,,,,[],[]
CK7,11|2025-07-04T20:31:18|2025-07-04T20:52:28,2025-07-04T20:52:28,total_low_Ah,,,,[],[]
CK7,11|2025-07-04T20:55:38|2025-07-04T21:02:28,2025-07-04T21:02:28,total_low_Ah,,,,[],[]
CK7,11|2025-07-04T21:06:18|2025-07-04T21:12:28,2025-07-04T21:12:28,total_low_Ah,,,,[],[]
CK7,11|2025-07-04T21:20:38|2025-07-04T21:55:18,2025-07-04T21:55:18,total_low_Ah,,,,[],[]
CK7,11|2025-07-05T13:29:08|2025-07-05T15:49:38,2025-07-05T15:49:38,cc_too_short,,,,[],[]
CK7,11|2025-07-05T15:49:58|2025-07-05T16:00:48,2025-07-05T16:00:48,total_low_Ah,,,,[],[]
CK7,11|2025-07-05T16:01:08|2025-07-05T18:09:48,2025-07-05T18:09:48,cc_low_Ah,,,,[],[]
CK7,11|2025-07-05T21:58:28|2025-07-05T23:41:48,2025-07-05T23:41:48,total_low_Ah,,,,[],[]
CK7,11|2025-07-06T03:00:28|2025-07-06T04:22:18,2025-07-06T04:22:18,total_low_Ah,,,,[],[]
CK7,11|2025-07-06T06:02:58|2025-07-06T06:25:28,2025-07-06T06:25:28,total_low_Ah,,,,[],[]
CK7,11|2025-07-06T10:59:48|2025-07-06T12:26:28,2025-07-06T12:26:28,total_low_Ah,,,,[],[]
CK7,11|2025-07-06T12:35:08|2025-07-06T12:38:58,2025-07-06T12:38:58,total_low_Ah,,,,[],[]
CK7,11|2025-07-06T12:44:58|2025-07-06T12:52:08,2025-07-06T12:52:08,total_low_Ah,,,,[],[]
CK7,11|2025-07-06T13:01:58|2025-07-06T13:42:28,2025-07-06T13:42:28,total_low_Ah,,,,[],[]
CK7,11|2025-07-06T13:50:18|2025-07-06T13:55:38,2025-07-06T13:55:38,total_low_Ah,,,,[],[]
CK7,11|2025-07-06T17:05:58|2025-07-06T20:10:28,2025-07-06T20:10:28,cc_too_short,,,,[],[]
CK7,11|2025-07-07T11:28:18|2025-07-07T13:16:08,2025-07-07T13:16:08,cc_low_Ah,,,,[],[]
CK7,11|2025-07-07T13:40:18|2025-07-07T15:24:18,2025-07-07T15:24:18,cc_too_short,,,,[],[]
CK7,11|2025-07-07T15:55:11|2025-07-07T16:59:31,2025-07-07T16:59:31,pass,shallow,46.35,20.4,"[1, 2, 3, 4]",[]
CK7,11|2025-07-08T09:28:32|2025-07-08T11:36:02,2025-07-08T11:36:02,cc_low_Ah,,,,[],[]
CK7,11|2025-07-08T13:00:32|2025-07-08T13:06:02,2025-07-08T13:06:02,total_low_Ah,,,,[],[]
CK7,11|2025-07-08T13:14:12|2025-07-08T13:19:12,2025-07-08T13:19:12,total_low_Ah,,,,[],[]
CK7,11|2025-07-08T13:29:32|2025-07-08T13:34:42,2025-07-08T13:34:42,total_low_Ah,,,,[],[]
CK7,11|2025-07-08T13:49:22|2025-07-08T13:57:52,2025-07-08T13:57:52,total_low_Ah,,,,[],[]
CK7,11|2025-07-08T13:59:22|2025-07-08T15:05:12,2025-07-08T15:05:12,total_low_Ah,,,,[],[]
CK7,11|2025-07-08T15:41:52|2025-07-08T17:28:02,2025-07-08T17:28:02,unstable_cc_start,,,,[],[]
CK7,11|2025-07-09T13:13:22|2025-07-09T13:17:12,2025-07-09T13:17:12,total_low_Ah,,,,[],[]
CK7,11|2025-07-09T13:29:32|2025-07-09T16:12:22,2025-07-09T16:12:22,unstable_cc_start,,,,[],[]
CK7,11|2025-07-09T16:23:32|2025-07-09T16:32:42,2025-07-09T16:32:42,total_low_Ah,,,,[],[]
CK7,11|2025-07-09T16:35:22|2025-07-09T16:56:32,2025-07-09T16:56:32,total_low_Ah,,,,[],[]
CK7,11|2025-07-09T16:59:42|2025-07-09T17:06:32,2025-07-09T17:06:32,total_low_Ah,,,,[],[]
CK7,11|2025-07-09T17:10:22|2025-07-09T17:16:32,2025-07-09T17:16:32,total_low_Ah,,,,[],[]
CK7,11|2025-07-09T17:24:42|2025-07-09T17:59:32,2025-07-09T17:59:32,total_low_Ah,,,,[],[]
CK7,11|2025-07-10T09:33:22|2025-07-10T11:53:52,2025-07-10T11:53:52,cc_too_short,,,,[],[]
CK7,11|2025-07-10T11:54:12|2025-07-10T12:05:02,2025-07-10T12:05:02,total_low_Ah,,,,[],[]
CK7,11|2025-07-10T12:05:22|2025-07-10T14:14:02,2025-07-10T14:14:02,cc_low_Ah,,,,[],[]
CK7,11|2025-07-10T18:02:42|2025-07-10T19:46:02,2025-07-10T19:46:02,total_low_Ah,,,,[],[]
CK7,11|2025-07-10T23:04:42|2025-07-11T00:26:32,2025-07-11T00:26:32,total_low_Ah,,,,[],[]
CK7,11|2025-07-11T02:07:12|2025-07-11T02:29:42,2025-07-11T02:29:42,total_low_Ah,,,,[],[]
CK7,11|2025-07-11T07:04:02|2025-07-11T08:30:42,2025-07-11T08:30:42,total_low_Ah,,,,[],[]
CK7,11|2025-07-11T08:39:22|2025-07-11T08:43:12,2025-07-11T08:43:12,total_low_Ah,,,,[],[]
CK7,11|2025-07-11T08:49:12|2025-07-11T08:56:22,2025-07-11T08:56:22,total_low_Ah,,,,[],[]
CK7,11|2025-07-11T09:06:12|2025-07-11T09:46:42,2025-07-11T09:46:42,total_low_Ah,,,,[],[]
CK7,11|2025-07-11T09:54:32|2025-07-11T09:59:52,2025-07-11T09:59:52,total_low_Ah,,,,[],[]
CK7,11|2025-07-11T13:10:12|2025-07-11T16:14:42,2025-07-11T16:14:42,cc_too_short,,,,[],[]
CK7,11|2025-07-12T07:32:32|2025-07-12T09:20:22,2025-07-12T09:20:22,cc_low_Ah,,,,[],[]
CK7,11|2025-07-12T09:44:32|2025-07-12T11:28:32,2025-07-12T11:28:32,cc_too_short,,,,[],[]
CK7,11|2025-07-12T11:59:22|2025-07-12T13:02:18,2025-07-12T13:02:18,pass,shallow,46.29,20.4,"[1, 2, 3, 4]",[]
CK7,11|2025-07-13T05:31:18|2025-07-13T07:38:48,2025-07-13T07:38:48,cc_low_Ah,,,,[],[]
CK7,11|2025-07-13T09:03:18|2025-07-13T09:08:48,2025-07-13T09:08:48,total_low_Ah,,,,[],[]
CK7,11|2025-07-13T09:16:58|2025-07-13T09:21:58,2025-07-13T09:21:58,total_low_Ah,,,,[],[]
CK7,11|2025-07-13T09:32:18|2025-07-13T09:37:28,2025-07-13T09:37:28,total_low_Ah,,,,[],[]
CK7,11|2025-07-13T09:52:08|2025-07-13T10:00:38,2025-07-13T10:00:38,total_low_Ah,,,,[],[]
CK7,11|2025-07-13T10:02:08|2025-07-13T11:07:58,2025-07-13T11:07:58,total_low_Ah,,,,[],[]
CK7,11|2025-07-13T11:44:38|2025-07-13T13:30:48,2025-07-13T13:30:48,unstable_cc_start,,,,[],[]
CK7,11|2025-07-14T09:16:08|2025-07-14T09:19:58,2025-07-14T09:19:58,total_low_Ah,,,,[],[]
CK7,11|2025-07-14T09:32:18|2025-07-14T12:15:08,2025-07-14T12:15:08,unstable_cc_start,,,,[],[]
CK7,11|2025-07-14T12:26:18|2025-07-14T12:35:28,2025-07-14T12:35:28,total_low_Ah,,,,[],[]
CK7,11|2025-07-14T12:38:08|2025-07-14T12:59:18,2025-07-14T12:59:18,total_low_Ah,,,,[],[]
CK7,11|2025-07-14T13:02:28|2025-07-14T13:09:18,2025-07-14T13:09:18,total_low_Ah,,,,[],[]
CK7,11|2025-07-14T13:13:08|2025-07-14T13:19:18,2025-07-14T13:19:18,total_low_Ah,,,,[],[]
CK7,11|2025-07-14T13:27:28|2025-07-14T14:02:08,2025-07-14T14:02:08,total_low_Ah,,,,[],[]
CK7,11|2025-07-15T05:35:58|2025-07-15T07:56:28,2025-07-15T07:56:28,cc_too_short,,,,[],[]
CK7,11|2025-07-15T07:56:48|2025-07-15T08:07:38,2025-07-15T08:07:38,total_low_Ah,,,,[],[]
CK7,11|2025-07-15T08:07:58|2025-07-15T10:16:38,2025-07-15T10:16:38,cc_low_Ah,,,,[],[]
CK7,11|2025-07-15T14:05:18|2025-07-15T15:48:38,2025-07-15T15:48:38,total_low_Ah,,,,[],[]
CK7,11|2025-07-15T19:07:18|2025-07-15T20:29:08,2025-07-15T20:29:08,total_low_Ah,,,,[],[]
CK7,11|2025-07-15T22:09:48|2025-07-15T22:32:18,2025-07-15T22:32:18,total_low_Ah,,,,[],[]
CK7,11|2025-07-16T03:06:38|2025-07-16T04:33:18,2025-07-16T04:33:18,total_low_Ah,,,,[],[]
CK7,11|2025-07-16T04:41:58|2025-07-16T04:45:48,2025-07-16T04:45:48,total_low_Ah,,,,[],[]
CK7,11|2025-07-16T04:51:48|2025-07-16T04:58:58,2025-07-16T04:58:58,total_low_Ah,,,,[],[]
CK7,11|2025-07-16T05:08:48|2025-07-16T05:49:18,2025-07-16T05:49:18,total_low_Ah,,,,[],[]
CK7,11|2025-07-16T05:57:08|2025-07-16T06:02:28,2025-07-16T06:02:28,total_low_Ah,,,,[],[]
CK7,11|2025-07-16T09:12:48|2025-07-16T12:17:18,2025-07-16T12:17:18,cc_too_short,,,,[],[]
CK7,11|2025-07-17T03:35:08|2025-07-17T05:22:58,2025-07-17T05:22:58,cc_low_Ah,,,,[],[]
CK7,11|2025-07-17T05:47:08|2025-07-17T07:31:08,2025-07-17T07:31:08,cc_too_short,,,,[],[]
CK7,11|2025-07-17T08:01:59|2025-07-17T09:04:54,2025-07-17T09:04:54,pass,shallow,46.33,20.4,"[1, 2, 3, 4]",[]
CK7,11|2025-07-18T01:33:54|2025-07-18T03:41:24,2025-07-18T03:41:24,cc_low_Ah,,,,[],[]
CK7,11|2025-07-18T05:05:54|2025-07-18T05:11:24,2025-07-18T05:11:24,total_low_Ah,,,,[],[]
CK7,11|2025-07-18T05:19:34|2025-07-18T05:24:34,2025-07-18T05:24:34,total_low_Ah,,,,[],[]
CK7,11|2025-07-18T05:34:54|2025-07-18T05:40:04,2025-07-18T05:40:04,total_low_Ah,,,,[],[]
CK7,11|2025-07-18T05:54:44|2025-07-18T06:03:14,2025-07-18T06:03:14,total_low_Ah,,,,[],[]
CK7,11|2025-07-18T06:04:44|2025-07-18T07:10:34,2025-07-18T07:10:34,total_low_Ah,,,,[],[]
CK7,11|2025-07-18T07:47:14|2025-07-18T09:33:24,2025-07-18T09:33:24,unstable_cc_start,,,,[],[]
CK7,11|2025-07-19T05:18:44|2025-07-19T05:22:34,2025-07-19T05:22:34,total_low_Ah,,,,[],[]
CK7,11|2025-07-19T05:34:54|2025-07-19T08:17:44,2025-07-19T08:17:44,unstable_cc_start,,,,[],[]
CK7,11|2025-07-19T08:28:54|2025-07-19T08:38:04,2025-07-19T08:38:04,total_low_Ah,,,,[],[]
CK7,11|2025-07-19T08:40:44|2025-07-19T09:01:54,2025-07-19T09:01:54,total_low_Ah,,,,[],[]
CK7,11|2025-07-19T09:05:04|2025-07-19T09:11:54,2025-07-19T09:11:54,total_low_Ah,,,,[],[]
CK7,11|2025-07-19T09:15:44|2025-07-19T09:21:54,2025-07-19T09:21:54,total_low_Ah,,,,[],[]
CK7,11|2025-07-19T09:30:04|2025-07-19T10:04:44,2025-07-19T10:04:44,total_low_Ah,,,,[],[]
CK7,11|2025-07-20T01:38:34|2025-07-20T03:59:04,2025-07-20T03:59:04,cc_too_short,,,,[],[]
CK7,11|2025-07-20T03:59:24|2025-07-20T04:10:14,2025-07-20T04:10:14,total_low_Ah,,,,[],[]
CK7,11|2025-07-20T04:10:34|2025-07-20T06:19:14,2025-07-20T06:19:14,cc_low_Ah,,,,[],[]
CK7,11|2025-07-20T10:07:54|2025-07-20T11:51:14,2025-07-20T11:51:14,total_low_Ah,,,,[],[]
CK7,11|2025-07-20T15:09:54|2025-07-20T16:31:44,2025-07-20T16:31:44,total_low_Ah,,,,[],[]
CK7,11|2025-07-20T18:12:24|2025-07-20T18:34:54,2025-07-20T18:34:54,total_low_Ah,,,,[],[]
CK7,11|2025-07-20T23:09:14|2025-07-21T00:35:54,2025-07-21T00:35:54,total_low_Ah,,,,[],[]
CK7,11|2025-07-21T00:44:34|2025-07-21T00:48:24,2025-07-21T00:48:24,total_low_Ah,,,,[],[]
CK7,11|2025-07-21T00:54:24|2025-07-21T01:01:34,2025-07-21T01:01:34,total_low_Ah,,,,[],[]
CK7,11|2025-07-21T01:11:24|2025-07-21T01:51:54,2025-07-21T01:51:54,total_low_Ah,,,,[],[]
CK7,11|2025-07-21T01:59:44|2025-07-21T02:05:04,2025-07-21T02:05:04,total_low_Ah,,,,[],[]
CK7,11|2025-07-21T05:15:24|2025-07-21T08:19:54,2025-07-21T08:19:54,cc_too_short,,,,[],[]
CK7,11|2025-07-21T23:37:44|2025-07-22T01:25:34,2025-07-22T01:25:34,cc_low_Ah,,,,[],[]
CK7,11|2025-07-22T01:49:44|2025-07-22T03:33:44,2025-07-22T03:33:44,cc_too_short,,,,[],[]
CK7,11|2025-07-22T04:04:35|2025-07-22T05:07:28,2025-07-22T05:07:28,pass,shallow,46.17,20.4,"[1, 2, 3, 4]",[]
CK7,12|2025-07-28T18:07:28|2025-07-28T22:44:42,2025-07-28T22:44:42,pass,deep,26.61,20.4,"[1, 2, 3, 4]",[]
CK7,12|2025-07-29T15:13:42|2025-07-29T17:21:12,2025-07-29T17:21:12,cc_low_Ah,,,,[],[]
CK7,12|2025-07-29T18:45:42|2025-07-29T18:51:12,2025-07-29T18:51:12,total_low_Ah,,,,[],[]
CK7,12|2025-07-29T18:59:22|2025-07-29T19:04:22,2025-07-29T19:04:22,total_low_Ah,,,,[],[]
CK7,12|2025-07-29T19:14:42|2025-07-29T19:19:52,2025-07-29T19:19:52,total_low_Ah,,,,[],[]
CK7,12|2025-07-29T19:34:32|2025-07-29T19:43:02,2025-07-29T19:43:02,total_low_Ah,,,,[],[]
CK7,12|2025-07-29T19:44:32|2025-07-29T20:50:22,2025-07-29T20:50:22,total_low_Ah,,,,[],[]
CK7,12|2025-07-29T21:27:02|2025-07-29T23:13:12,2025-07-29T23:13:12,unstable_cc_start,,,,[],[]
CK7,12|2025-07-30T18:58:32|2025-07-30T19:02:22,2025-07-30T19:02:22,total_low_Ah,,,,[],[]
CK7,12|2025-07-30T19:14:42|2025-07-30T21:57:32,2025-07-30T21:57:32,unstable_cc_start,,,,[],[]
CK7,12|2025-07-30T22:08:42|2025-07-30T22:17:52,2025-07-30T22:17:52,total_low_Ah,,,,[],[]
CK7,12|2025-07-30T22:20:32|2025-07-30T22:41:42,2025-07-30T22:41:42,total_low_Ah,,,,[],[]
CK7,12|2025-07-30T22:44:52|2025-07-30T22:51:42,2025-07-30T22:51:42,total_low_Ah,,,,[],[]
CK7,12|2025-07-30T22:55:32|2025-07-30T23:01:42,2025-07-30T23:01:42,total_low_Ah,,,,[],[]
CK7,12|2025-07-30T23:09:52|2025-07-30T23:44:32,2025-07-30T23:44:32,total_low_Ah,,,,[],[]
CK7,12|2025-07-31T15:18:22|2025-07-31T17:38:52,2025-07-31T17:38:52,cc_too_short,,,,[],[]
CK7,12|2025-07-31T17:39:12|2025-07-31T17:50:02,2025-07-31T17:50:02,total_low_Ah,,,,[],[]
CK7,12|2025-07-31T17:50:22|2025-07-31T19:59:02,2025-07-31T19:59:02,cc_low_Ah,,,,[],[]
CK7,12|2025-07-31T23:47:42|2025-08-01T01:31:02,2025-08-01T01:31:02,total_low_Ah,,,,[],[]
CK7,12|2025-08-01T04:49:42|2025-08-01T06:11:32,2025-08-01T06:11:32,total_low_Ah,,,,[],[]
CK7,12|2025-08-01T07:52:12|2025-08-01T08:14:42,2025-08-01T08:14:42,total_low_Ah,,,,[],[]
CK7,12|2025-08-01T12:49:02|2025-08-01T14:15:42,2025-08-01T14:15:42,total_low_Ah,,,,[],[]
CK7,12|2025-08-01T14:24:22|2025-08-01T14:28:12,2025-08-01T14:28:12,total_low_Ah,,,,[],[]
CK7,12|2025-08-01T14:34:12|2025-08-01T14:41:22,2025-08-01T14:41:22,total_low_Ah,,,,[],[]
CK7,12|2025-08-01T14:51:12|2025-08-01T15:31:42,2025-08-01T15:31:42,total_low_Ah,,,,[],[]
CK7,12|2025-08-01T15:39:32|2025-08-01T15:44:52,2025-08-01T15:44:52,total_low_Ah,,,,[],[]
CK7,12|2025-08-01T18:55:12|2025-08-01T21:59:42,2025-08-01T21:59:42,cc_too_short,,,,[],[]
CK7,12|2025-08-02T13:17:32|2025-08-02T15:05:22,2025-08-02T15:05:22,cc_low_Ah,,,,[],[]
CK7,12|2025-08-02T15:29:32|2025-08-02T17:13:32,2025-08-02T17:13:32,cc_too_short,,,,[],[]
CK7,12|2025-08-02T17:44:23|2025-08-02T18:48:33,2025-08-02T18:48:33,pass,shallow,26.11,20.4,"[1, 2, 3, 4]",[]
CK7,12|2025-08-03T11:17:34|2025-08-03T13:25:04,2025-08-03T13:25:04,cc_low_Ah,,,,[],[]
CK7,12|2025-08-03T14:49:34|2025-08-03T14:55:04,2025-08-03T14:55:04,total_low_Ah,,,,[],[]
CK7,12|2025-08-03T15:03:14|2025-08-03T15:08:14,2025-08-03T15:08:14,total_low_Ah,,,,[],[]
CK7,12|2025-08-03T15:18:34|2025-08-03T15:23:44,2025-08-03T15:23:44,total_low_Ah,,,,[],[]
CK7,12|2025-08-03T15:38:24|2025-08-03T15:46:54,2025-08-03T15:46:54,total_low_Ah,,,,[],[]
CK7,12|2025-08-03T15:48:24|2025-08-03T16:54:14,2025-08-03T16:54:14,total_low_Ah,,,,[],[]
CK7,12|2025-08-03T17:30:54|2025-08-03T19:17:04,2025-08-03T19:17:04,unstable_cc_start,,,,[],[]
CK7,12|2025-08-04T15:02:24|2025-08-04T15:06:14,2025-08-04T15:06:14,total_low_Ah,,,,[],[]
CK7,12|2025-08-04T15:18:34|2025-08-04T18:01:24,2025-08-04T18:01:24,unstable_cc_start,,,,[],[]
CK7,12|2025-08-04T18:12:34|2025-08-04T18:21:44,2025-08-04T18:21:44,total_low_Ah,,,,[],[]
CK7,12|2025-08-04T18:24:24|2025-08-04T18:45:34,2025-08-04T18:45:34,total_low_Ah,,,,[],[]
CK7,12|2025-08-04T18:48:44|2025-08-04T18:55:34,2025-08-04T18:55:34,total_low_Ah,,,,[],[]
CK7,12|2025-08-04T18:59:24|2025-08-04T19:05:34,2025-08-04T19:05:34,total_low_Ah,,,,[],[]
CK7,12|2025-08-04T19:13:44|2025-08-04T19:48:24,2025-08-04T19:48:24,total_low_Ah,,,,[],[]
CK7,12|2025-08-05T11:22:14|2025-08-05T13:42:44,2025-08-05T13:42:44,cc_too_short,,,,[],[]
CK7,12|2025-08-05T13:43:04|2025-08-05T13:53:54,2025-08-05T13:53:54,total_low_Ah,,,,[],[]
CK7,12|2025-08-05T13:54:14|2025-08-05T16:02:54,2025-08-05T16:02:54,cc_low_Ah,,,,[],[]
CK7,12|2025-08-05T19:51:37|2025-08-05T21:34:57,2025-08-05T21:34:57,total_low_Ah,,,,[],[]
CK7,12|2025-08-06T00:53:37|2025-08-06T02:15:27,2025-08-06T02:15:27,total_low_Ah,,,,[],[]
CK7,12|2025-08-06T03:56:07|2025-08-06T04:18:37,2025-08-06T04:18:37,total_low_Ah,,,,[],[]
CK7,12|2025-08-06T08:52:57|2025-08-06T10:19:37,2025-08-06T10:19:37,total_low_Ah,,,,[],[]
CK7,12|2025-08-06T10:28:17|2025-08-06T10:32:07,2025-08-06T10:32:07,total_low_Ah,,,,[],[]
CK7,12|2025-08-06T10:38:07|2025-08-06T10:45:17,2025-08-06T10:45:17,total_low_Ah,,,,[],[]
CK7,12|2025-08-06T10:55:07|2025-08-06T11:35:37,2025-08-06T11:35:37,total_low_Ah,,,,[],[]
CK7,12|2025-08-06T11:43:27|2025-08-06T11:48:47,2025-08-06T11:48:47,total_low_Ah,,,,[],[]
CK7,12|2025-08-06T14:59:07|2025-08-06T18:03:37,2025-08-06T18:03:37,cc_too_short,,,,[],[]
CK7,12|2025-08-07T09:21:27|2025-08-07T11:09:17,2025-08-07T11:09:17,cc_low_Ah,,,,[],[]
CK7,12|2025-08-07T11:33:27|2025-08-07T13:17:27,2025-08-07T13:17:27,cc_too_short,,,,[],[]
CK7,12|2025-08-07T13:48:18|2025-08-07T14:51:59,2025-08-07T14:51:59,pass,shallow,26.16,20.4,"[1, 2, 3, 4]",[]
CK7,13|2025-08-08T19:25:42|2025-08-08T21:33:12,2025-08-08T21:33:12,cc_low_Ah,,,,[],[]
CK7,13|2025-08-08T22:57:42|2025-08-08T23:03:12,2025-08-08T23:03:12,total_low_Ah,,,,[],[]
CK7,13|2025-08-08T23:11:22|2025-08-08T23:16:22,2025-08-08T23:16:22,total_low_Ah,,,,[],[]
CK7,13|2025-08-08T23:26:42|2025-08-08T23:31:52,2025-08-08T23:31:52,total_low_Ah,,,,[],[]
CK7,13|2025-08-08T23:46:32|2025-08-08T23:55:02,2025-08-08T23:55:02,total_low_Ah,,,,[],[]
CK7,13|2025-08-08T23:56:32|2025-08-09T01:02:22,2025-08-09T01:02:22,total_low_Ah,,,,[],[]
CK7,13|2025-08-09T01:39:02|2025-08-09T03:25:12,2025-08-09T03:25:12,unstable_cc_start,,,,[],[]
CK7,13|2025-08-09T23:10:32|2025-08-09T23:14:22,2025-08-09T23:14:22,total_low_Ah,,,,[],[]
CK7,13|2025-08-09T23:26:42|2025-08-10T02:09:32,2025-08-10T02:09:32,unstable_cc_start,,,,[],[]
CK7,13|2025-08-10T02:20:42|2025-08-10T02:29:52,2025-08-10T02:29:52,total_low_Ah,,,,[],[]
CK7,13|2025-08-10T02:32:32|2025-08-10T02:53:42,2025-08-10T02:53:42,total_low_Ah,,,,[],[]
CK7,13|2025-08-10T02:56:52|2025-08-10T03:03:42,2025-08-10T03:03:42,total_low_Ah,,,,[],[]
CK7,13|2025-08-10T03:07:32|2025-08-10T03:13:42,2025-08-10T03:13:42,total_low_Ah,,,,[],[]
CK7,13|2025-08-10T03:21:52|2025-08-10T03:56:32,2025-08-10T03:56:32,total_low_Ah,,,,[],[]
CK7,13|2025-08-10T19:30:22|2025-08-10T21:50:52,2025-08-10T21:50:52,cc_too_short,,,,[],[]
CK7,13|2025-08-10T21:51:12|2025-08-10T22:02:02,2025-08-10T22:02:02,total_low_Ah,,,,[],[]
CK7,13|2025-08-10T22:02:22|2025-08-11T00:11:02,2025-08-11T00:11:02,cc_low_Ah,,,,[],[]
CK7,13|2025-08-11T03:59:42|2025-08-11T05:43:02,2025-08-11T05:43:02,total_low_Ah,,,,[],[]
CK7,13|2025-08-11T09:01:42|2025-08-11T10:23:32,2025-08-11T10:23:32,total_low_Ah,,,,[],[]
CK7,13|2025-08-11T12:04:12|2025-08-11T12:26:42,2025-08-11T12:26:42,total_low_Ah,,,,[],[]
CK7,13|2025-08-11T17:01:02|2025-08-11T18:27:42,2025-08-11T18:27:42,total_low_Ah,,,,[],[]
CK7,13|2025-08-11T18:36:22|2025-08-11T18:40:12,2025-08-11T18:40:12,total_low_Ah,,,,[],[]
CK7,13|2025-08-11T18:46:12|2025-08-11T18:53:22,2025-08-11T18:53:22,total_low_Ah,,,,[],[]
CK7,13|2025-08-11T19:03:12|2025-08-11T19:43:42,2025-08-11T19:43:42,total_low_Ah,,,,[],[]
CK7,13|2025-08-11T19:51:32|2025-08-11T19:56:52,2025-08-11T19:56:52,total_low_Ah,,,,[],[]
CK7,13|2025-08-11T23:07:12|2025-08-12T02:11:42,2025-08-12T02:11:42,cc_too_short,,,,[],[]
CK7,13|2025-08-12T17:29:32|2025-08-12T19:17:22,2025-08-12T19:17:22,cc_low_Ah,,,,[],[]
CK7,13|2025-08-12T19:41:32|2025-08-12T21:25:32,2025-08-12T21:25:32,cc_too_short,,,,[],[]
CK7,13|2025-08-12T21:56:25|2025-08-12T23:00:51,2025-08-12T23:00:51,pass,shallow,46.32,20.4,"[1, 2, 3, 4]",[]
CK7,13|2025-08-13T15:29:52|2025-08-13T17:37:22,2025-08-13T17:37:22,cc_low_Ah,,,,[],[]
CK7,13|2025-08-13T19:01:52|2025-08-13T19:07:22,2025-08-13T19:07:22,total_low_Ah,,,,[],[]
CK7,13|2025-08-13T19:15:32|2025-08-13T19:20:32,2025-08-13T19:20:32,total_low_Ah,,,,[],[]
CK7,13|2025-08-13T19:30:52|2025-08-13T19:36:02,2025-08-13T19:36:02,total_low_Ah,,,,[],[]
CK7,13|2025-08-13T19:50:42|2025-08-13T19:59:12,2025-08-13T19:59:12,total_low_Ah,,,,[],[]
CK7,13|2025-08-13T20:00:42|2025-08-13T21:06:32,2025-08-13T21:06:32,total_low_Ah,,,,[],[]
CK7,13|2025-08-13T21:43:12|2025-08-13T23:29:22,2025-08-13T23:29:22,unstable_cc_start,,,,[],[]
CK7,13|2025-08-14T19:14:42|2025-08-14T19:18:32,2025-08-14T19:18:32,total_low_Ah,,,,[],[]
CK7,13|2025-08-14T19:30:52|2025-08-14T22:13:46,2025-08-14T22:13:46,unstable_cc_start,,,,[],[]
CK7,13|2025-08-14T22:24:56|2025-08-14T22:34:06,2025-08-14T22:34:06,total_low_Ah,,,,[],[]
CK7,13|2025-08-14T22:36:46|2025-08-14T22:57:56,2025-08-14T22:57:56,total_low_Ah,,,,[],[]
CK7,13|2025-08-14T23:01:06|2025-08-14T23:07:56,2025-08-14T23:07:56,total_low_Ah,,,,[],[]
CK7,13|2025-08-14T23:11:46|2025-08-14T23:17:56,2025-08-14T23:17:56,total_low_Ah,,,,[],[]
CK7,13|2025-08-14T23:26:06|2025-08-15T00:00:46,2025-08-15T00:00:46,total_low_Ah,,,,[],[]
CK7,13|2025-08-15T15:34:36|2025-08-15T17:55:06,2025-08-15T17:55:06,cc_too_short,,,,[],[]
CK7,13|2025-08-15T17:55:26|2025-08-15T18:06:16,2025-08-15T18:06:16,total_low_Ah,,,,[],[]
CK7,13|2025-08-15T18:06:36|2025-08-15T20:15:16,2025-08-15T20:15:16,cc_low_Ah,,,,[],[]
CK7,13|2025-08-16T00:03:56|2025-08-16T01:47:16,2025-08-16T01:47:16,total_low_Ah,,,,[],[]
CK7,13|2025-08-16T05:05:56|2025-08-16T06:27:46,2025-08-16T06:27:46,total_low_Ah,,,,[],[]
CK7,13|2025-08-16T08:08:26|2025-08-16T08:30:56,2025-08-16T08:30:56,total_low_Ah,,,,[],[]
CK7,13|2025-08-16T13:05:16|2025-08-16T14:31:56,2025-08-16T14:31:56,total_low_Ah,,,,[],[]
CK7,13|2025-08-16T14:40:36|2025-08-16T14:44:26,2025-08-16T14:44:26,total_low_Ah,,,,[],[]
CK7,13|2025-08-16T14:50:26|2025-08-16T14:57:36,2025-08-16T14:57:36,total_low_Ah,,,,[],[]
CK7,13|2025-08-16T15:07:26|2025-08-16T15:47:56,2025-08-16T15:47:56,total_low_Ah,,,,[],[]
CK7,13|2025-08-16T15:55:46|2025-08-16T16:01:06,2025-08-16T16:01:06,total_low_Ah,,,,[],[]
CK7,13|2025-08-16T19:11:26|2025-08-16T22:15:56,2025-08-16T22:15:56,cc_too_short,,,,[],[]
CK7,13|2025-08-17T13:33:46|2025-08-17T15:21:36,2025-08-17T15:21:36,cc_low_Ah,,,,[],[]
CK7,13|2025-08-17T15:45:46|2025-08-17T17:29:46,2025-08-17T17:29:46,cc_too_short,,,,[],[]
CK7,13|2025-08-17T18:00:36|2025-08-17T19:03:12,2025-08-17T19:03:12,pass,shallow,46.28,20.4,"[1, 2, 3, 4]",[]
CK7,13|2025-08-18T11:32:12|2025-08-18T13:39:42,2025-08-18T13:39:42,cc_low_Ah,,,,[],[]
CK7,13|2025-08-18T15:04:12|2025-08-18T15:09:42,2025-08-18T15:09:42,total_low_Ah,,,,[],[]
CK7,13|2025-08-18T15:17:52|2025-08-18T15:22:52,2025-08-18T15:22:52,total_low_Ah,,,,[],[]
CK7,13|2025-08-18T15:33:12|2025-08-18T15:38:22,2025-08-18T15:38:22,total_low_Ah,,,,[],[]
CK7,13|2025-08-18T15:53:02|2025-08-18T16:01:32,2025-08-18T16:01:32,total_low_Ah,,,,[],[]
CK7,13|2025-08-18T16:03:02|2025-08-18T17:08:52,2025-08-18T17:08:52,total_low_Ah,,,,[],[]
CK7,13|2025-08-18T17:45:32|2025-08-18T19:31:42,2025-08-18T19:31:42,unstable_cc_start,,,,[],[]
CK7,13|2025-08-19T15:17:02|2025-08-19T15:20:52,2025-08-19T15:20:52,total_low_Ah,,,,[],[]
CK7,13|2025-08-19T15:33:12|2025-08-19T18:16:02,2025-08-19T18:16:02,unstable_cc_start,,,,[],[]
CK7,13|2025-08-19T18:27:12|2025-08-19T18:36:22,2025-08-19T18:36:22,total_low_Ah,,,,[],[]
CK7,13|2025-08-19T18:39:02|2025-08-19T19:00:12,2025-08-19T19:00:12,total_low_Ah,,,,[],[]
CK7,13|2025-08-19T19:03:22|2025-08-19T19:10:12,2025-08-19T19:10:12,total_low_Ah,,,,[],[]
CK7,13|2025-08-19T19:14:02|2025-08-19T19:20:12,2025-08-19T19:20:12,total_low_Ah,,,,[],[]
CK7,13|2025-08-19T19:28:22|2025-08-19T20:03:02,2025-08-19T20:03:02,total_low_Ah,,,,[],[]
CK7,13|2025-08-20T11:36:52|2025-08-20T13:57:22,2025-08-20T13:57:22,cc_too_short,,,,[],[]
CK7,13|2025-08-20T13:57:42|2025-08-20T14:08:32,2025-08-20T14:08:32,total_low_Ah,,,,[],[]
CK7,13|2025-08-20T14:08:52|2025-08-20T16:17:32,2025-08-20T16:17:32,cc_low_Ah,,,,[],[]
CK7,13|2025-08-20T20:06:12|2025-08-20T21:49:32,2025-08-20T21:49:32,total_low_Ah,,,,[],[]
CK7,13|2025-08-21T01:08:12|2025-08-21T02:30:02,2025-08-21T02:30:02,total_low_Ah,,,,[],[]
CK7,13|2025-08-21T04:10:42|2025-08-21T04:33:12,2025-08-21T04:33:12,total_low_Ah,,,,[],[]
CK7,13|2025-08-21T09:07:32|2025-08-21T10:34:12,2025-08-21T10:34:12,total_low_Ah,,,,[],[]
CK7,13|2025-08-21T10:42:52|2025-08-21T10:46:42,2025-08-21T10:46:42,total_low_Ah,,,,[],[]
CK7,13|2025-08-21T10:52:42|2025-08-21T10:59:52,2025-08-21T10:59:52,total_low_Ah,,,,[],[]
CK7,13|2025-08-21T11:09:42|2025-08-21T11:50:12,2025-08-21T11:50:12,total_low_Ah,,,,[],[]
CK7,13|2025-08-21T11:58:02|2025-08-21T12:03:22,2025-08-21T12:03:22,total_low_Ah,,,,[],[]
CK7,13|2025-08-21T15:13:42|2025-08-21T18:18:12,2025-08-21T18:18:12,cc_too_short,,,,[],[]
CK7,13|2025-08-22T09:36:02|2025-08-22T11:23:52,2025-08-22T11:23:52,cc_low_Ah,,,,[],[]
CK7,13|2025-08-22T11:48:02|2025-08-22T13:32:02,2025-08-22T13:32:02,cc_too_short,,,,[],[]
CK7,13|2025-08-22T14:02:53|2025-08-22T15:05:15,2025-08-22T15:05:15,pass,shallow,46.19,20.4,"[1, 2, 3, 4]",[]
CK7,13|2025-08-23T07:34:15|2025-08-23T09:41:45,2025-08-23T09:41:45,cc_low_Ah,,,,[],[]
CK7,13|2025-08-23T11:06:15|2025-08-23T11:11:45,2025-08-23T11:11:45,total_low_Ah,,,,[],[]
CK7,13|2025-08-23T11:19:55|2025-08-23T11:24:55,2025-08-23T11:24:55,total_low_Ah,,,,[],[]
CK7,13|2025-08-23T11:35:15|2025-08-23T11:40:25,2025-08-23T11:40:25,total_low_Ah,,,,[],[]
CK7,13|2025-08-23T11:55:05|2025-08-23T12:03:35,2025-08-23T12:03:35,total_low_Ah,,,,[],[]
CK7,13|2025-08-23T12:05:05|2025-08-23T13:10:55,2025-08-23T13:10:55,total_low_Ah,,,,[],[]
CK7,13|2025-08-23T13:47:35|2025-08-23T15:33:45,2025-08-23T15:33:45,unstable_cc_start,,,,[],[]
CK7,13|2025-08-24T11:19:08|2025-08-24T11:22:58,2025-08-24T11:22:58,total_low_Ah,,,,[],[]
CK7,13|2025-08-24T11:35:18|2025-08-24T14:18:08,2025-08-24T14:18:08,unstable_cc_start,,,,[],[]
CK7,13|2025-08-24T14:29:18|2025-08-24T14:38:28,2025-08-24T14:38:28,total_low_Ah,,,,[],[]
CK7,13|2025-08-24T14:41:08|2025-08-24T15:02:18,2025-08-24T15:02:18,total_low_Ah,,,,[],[]
CK7,13|2025-08-24T15:05:28|2025-08-24T15:12:18,2025-08-24T15:12:18,total_low_Ah,,,,[],[]
CK7,13|2025-08-24T15:16:08|2025-08-24T15:22:18,2025-08-24T15:22:18,total_low_Ah,,,,[],[]
CK7,13|2025-08-24T15:30:28|2025-08-24T16:05:08,2025-08-24T16:05:08,total_low_Ah,,,,[],[]
CK7,13|2025-08-25T07:38:58|2025-08-25T09:59:28,2025-08-25T09:59:28,cc_too_short,,,,[],[]
CK7,13|2025-08-25T09:59:48|2025-08-25T10:10:38,2025-08-25T10:10:38,total_low_Ah,,,,[],[]
CK7,13|2025-08-25T10:10:58|2025-08-25T12:19:38,2025-08-25T12:19:38,cc_low_Ah,,,,[],[]
CK7,13|2025-08-25T16:08:18|2025-08-25T17:51:38,2025-08-25T17:51:38,total_low_Ah,,,,[],[]
CK7,13|2025-08-25T21:10:18|2025-08-25T22:32:08,2025-08-25T22:32:08,total_low_Ah,,,,[],[]
CK7,13|2025-08-26T00:12:48|2025-08-26T00:35:18,2025-08-26T00:35:18,total_low_Ah,,,,[],[]
CK7,13|2025-08-26T05:09:38|2025-08-26T06:36:18,2025-08-26T06:36:18,total_low_Ah,,,,[],[]
CK7,13|2025-08-26T06:44:58|2025-08-26T06:48:48,2025-08-26T06:48:48,total_low_Ah,,,,[],[]
CK7,13|2025-08-26T06:54:48|2025-08-26T07:01:58,2025-08-26T07:01:58,total_low_Ah,,,,[],[]
CK7,13|2025-08-26T07:11:48|2025-08-26T07:52:18,2025-08-26T07:52:18,total_low_Ah,,,,[],[]
CK7,13|2025-08-26T08:00:08|2025-08-26T08:05:28,2025-08-26T08:05:28,total_low_Ah,,,,[],[]
CK7,13|2025-08-26T11:15:48|2025-08-26T14:20:18,2025-08-26T14:20:18,cc_too_short,,,,[],[]
CK7,13|2025-08-27T05:38:08|2025-08-27T07:25:58,2025-08-27T07:25:58,cc_low_Ah,,,,[],[]
CK7,13|2025-08-27T07:50:08|2025-08-27T09:34:08,2025-08-27T09:34:08,cc_too_short,,,,[],[]
CK7,13|2025-08-27T10:04:58|2025-08-27T11:07:50,2025-08-27T11:07:50,pass,shallow,46.13,20.4,"[1, 2, 3, 4]",[]
