cell_id,target_ordinal,method,target_soh_pp,anchor_soh_pp,pred_soh_pp,error_pp,budget_Ah,history_mode,held_cell,w01_visible,w03_visible
102Ah_25degC_0p5C_cell3,1,anchor_constant,100.57,102.13637254901961,102.13637254901961,1.5663725490196185,20,persistent,102Ah_25degC_0p5C_cell3,0,0
102Ah_25degC_0p5C_cell3,1,age_ridge,100.57,102.13637254901961,96.91714695824143,-3.6528530417585614,20,persistent,102Ah_25degC_0p5C_cell3,0,0
102Ah_25degC_0p5C_cell3,1,fixed_window_ridge,100.57,102.13637254901961,96.44286491923198,-4.127135080768014,20,persistent,102Ah_25degC_0p5C_cell3,0,0
102Ah_25degC_0p5C_cell3,1,mask_ridge,100.57,102.13637254901961,96.52151685015116,-4.048483149848835,20,persistent,102Ah_25degC_0p5C_cell3,0,0
102Ah_25degC_0p5C_cell3,1,within_cell_ratio_ridge,100.57,102.13637254901961,96.53928539258955,-4.030714607410445,20,persistent,102Ah_25degC_0p5C_cell3,0,0
102Ah_25degC_0p5C_cell3,1,rbf_residual,100.57,102.13637254901961,100.64748371726802,0.07748371726802361,20,persistent,102Ah_25degC_0p5C_cell3,0,0
102Ah_25degC_0p5C_cell3,2,anchor_constant,99.885,102.13637254901961,102.13637254901961,2.2513725490196066,20,persistent,102Ah_25degC_0p5C_cell3,0,0
102Ah_25degC_0p5C_cell3,2,age_ridge,99.885,102.13637254901961,96.13591798055573,-3.7490820194442733,20,persistent,102Ah_25degC_0p5C_cell3,0,0
102Ah_25degC_0p5C_cell3,2,fixed_window_ridge,99.885,102.13637254901961,95.62612370028508,-4.258876299714927,20,persistent,102Ah_25degC_0p5C_cell3,0,0
102Ah_25degC_0p5C_cell3,2,mask_ridge,99.885,102.13637254901961,95.76980564717184,-4.115194352828169,20,persistent,102Ah_25degC_0p5C_cell3,0,0
102Ah_25degC_0p5C_cell3,2,within_cell_ratio_ridge,99.885,102.13637254901961,95.73822048559678,-4.146779514403221,20,persistent,102Ah_25degC_0p5C_cell3,0,0
102Ah_25degC_0p5C_cell3,2,rbf_residual,99.885,102.13637254901961,100.26983225279426,0.38483225279425426,20,persistent,102Ah_25degC_0p5C_cell3,0,0
102Ah_25degC_0p5C_cell3,3,anchor_constant,99.386,102.13637254901961,102.13637254901961,2.750372549019616,20,persistent,102Ah_25degC_0p5C_cell3,0,0
102Ah_25degC_0p5C_cell3,3,age_ridge,99.386,102.13637254901961,95.55771209332474,-3.828287906675257,20,persistent,102Ah_25degC_0p5C_cell3,0,0
102Ah_25degC_0p5C_cell3,3,fixed_window_ridge,99.386,102.13637254901961,95.00614404342176,-4.37985595657824,20,persistent,102Ah_25degC_0p5C_cell3,0,0
102Ah_25degC_0p5C_cell3,3,mask_ridge,99.386,102.13637254901961,95.2158386904147,-4.170161309585296,20,persistent,102Ah_25degC_0p5C_cell3,0,0
102Ah_25degC_0p5C_cell3,3,within_cell_ratio_ridge,99.386,102.13637254901961,95.12895527470741,-4.257044725292587,20,persistent,102Ah_25degC_0p5C_cell3,0,0
102Ah_25degC_0p5C_cell3,3,rbf_residual,99.386,102.13637254901961,99.94699596584275,0.5609959658427499,20,persistent,102Ah_25degC_0p5C_cell3,0,0
102Ah_25degC_0p5C_cell3,4,anchor_constant,98.994,102.13637254901961,102.13637254901961,3.142372549019612,20,persistent,102Ah_25degC_0p5C_cell3,0,0
102Ah_25degC_0p5C_cell3,4,age_ridge,98.994,102.13637254901961,95.07020324142488,-3.923796758575122,20,persistent,102Ah_25degC_0p5C_cell3,0,0
102Ah_25degC_0p5C_cell3,4,fixed_window_ridge,98.994,102.13637254901961,94.47386070989616,-4.520139290103842,20,persistent,102Ah_25degC_0p5C_cell3,0,0
102Ah_25degC_0p5C_cell3,4,mask_ridge,98.994,102.13637254901961,94.75081956503065,-4.2431804349693465,20,persistent,102Ah_25degC_0p5C_cell3,0,0
102Ah_25degC_0p5C_cell3,4,within_cell_ratio_ridge,98.994,102.13637254901961,94.60488853984117,-4.38911146015883,20,persistent,102Ah_25degC_0p5C_cell3,0,0
102Ah_25degC_0p5C_cell3,4,rbf_residual,98.994,102.13637254901961,99.64591654481875,0.6519165448187465,20,persistent,102Ah_25degC_0p5C_cell3,0,0
102Ah_25degC_0p5C_cell3,5,anchor_constant,98.602,102.13637254901961,102.13637254901961,3.534372549019608,20,persistent,102Ah_25degC_0p5C_cell3,0,0
102Ah_25degC_0p5C_cell3,5,age_ridge,98.602,102.13637254901961,94.65465181684073,-3.947348183159278,20,persistent,102Ah_25degC_0p5C_cell3,0,0
102Ah_25degC_0p5C_cell3,5,fixed_window_ridge,98.602,102.13637254901961,94.01237487932214,-4.589625120677866,20,persistent,102Ah_25degC_0p5C_cell3,0,0
102Ah_25degC_0p5C_cell3,5,mask_ridge,98.602,102.13637254901961,94.35610774599216,-4.245892254007842,20,persistent,102Ah_25degC_0p5C_cell3,0,0
102Ah_25degC_0p5C_cell3,5,within_cell_ratio_ridge,98.602,102.13637254901961,94.14974198541925,-4.4522580145807495,20,persistent,102Ah_25degC_0p5C_cell3,0,0
102Ah_25degC_0p5C_cell3,5,rbf_residual,98.602,102.13637254901961,99.34539750946774,0.7433975094677407,20,persistent,102Ah_25degC_0p5C_cell3,0,0
102Ah_25degC_0p5C_cell3,6,anchor_constant,98.235,102.13637254901961,102.13637254901961,3.9013725490196123,20,persistent,102Ah_25degC_0p5C_cell3,0,0
102Ah_25degC_0p5C_cell3,6,age_ridge,98.235,102.13637254901961,93.99476745669966,-4.240232543300337,20,persistent,102Ah_25degC_0p5C_cell3,0,0
102Ah_25degC_0p5C_cell3,6,fixed_window_ridge,98.235,102.13637254901961,93.64497310654731,-4.590026893452688,20,persistent,102Ah_25degC_0p5C_cell3,0,0
102Ah_25degC_0p5C_cell3,6,mask_ridge,98.235,102.13637254901961,93.20270912321772,-5.032290876782284,20,persistent,102Ah_25degC_0p5C_cell3,0,0
102Ah_25degC_0p5C_cell3,6,within_cell_ratio_ridge,98.235,102.13637254901961,93.78699986080042,-4.4480001391995785,20,persistent,102Ah_25degC_0p5C_cell3,0,0
102Ah_25degC_0p5C_cell3,6,rbf_residual,98.235,102.13637254901961,97.96672591544194,-0.26827408455805823,20,persistent,102Ah_25degC_0p5C_cell3,0,0
102Ah_25degC_0p5C_cell3,7,anchor_constant,97.993,102.13637254901961,102.13637254901961,4.143372549019617,20,persistent,102Ah_25degC_0p5C_cell3,0,0
102Ah_25degC_0p5C_cell3,7,age_ridge,97.993,102.13637254901961,93.65966339161615,-4.333336608383846,20,persistent,102Ah_25degC_0p5C_cell3,0,0
102Ah_25degC_0p5C_cell3,7,fixed_window_ridge,97.993,102.13637254901961,93.32906770705125,-4.6639322929487435,20,persistent,102Ah_25degC_0p5C_cell3,0,0
102Ah_25degC_0p5C_cell3,7,mask_ridge,97.993,102.13637254901961,93.44054416615907,-4.552455833840924,20,persistent,102Ah_25degC_0p5C_cell3,0,0
102Ah_25degC_0p5C_cell3,7,within_cell_ratio_ridge,97.993,102.13637254901961,93.47197522847526,-4.521024771524736,20,persistent,102Ah_25degC_0p5C_cell3,0,0
102Ah_25degC_0p5C_cell3,7,rbf_residual,97.993,102.13637254901961,97.21082510150646,-0.7821748984935368,20,persistent,102Ah_25degC_0p5C_cell3,0,0
102Ah_25degC_0p5C_cell3,8,anchor_constant,97.71,102.13637254901961,102.13637254901961,4.426372549019618,20,persistent,102Ah_25degC_0p5C_cell3,0,0
102Ah_25degC_0p5C_cell3,8,age_ridge,97.71,102.13637254901961,93.33150368157885,-4.378496318421142,20,persistent,102Ah_25degC_0p5C_cell3,0,0
102Ah_25degC_0p5C_cell3,8,fixed_window_ridge,97.71,102.13637254901961,93.02072553525417,-4.6892744647458215,20,persistent,102Ah_25degC_0p5C_cell3,0,0
102Ah_25degC_0p5C_cell3,8,mask_ridge,97.71,102.13637254901961,92.56973905169197,-5.1402609483080255,20,persistent,102Ah_25degC_0p5C_cell3,0,0
102Ah_25degC_0p5C_cell3,8,within_cell_ratio_ridge,97.71,102.13637254901961,93.16402193352245,-4.545978066477545,20,persistent,102Ah_25degC_0p5C_cell3,0,0
102Ah_25degC_0p5C_cell3,8,rbf_residual,97.71,102.13637254901961,97.22973669695753,-0.480263303042463,20,persistent,102Ah_25degC_0p5C_cell3,0,0
102Ah_25degC_0p5C_cell3,9,anchor_constant,97.441,102.13637254901961,102.13637254901961,4.695372549019609,20,persistent,102Ah_25degC_0p5C_cell3,0,0
102Ah_25degC_0p5C_cell3,9,age_ridge,97.441,102.13637254901961,93.03236685274665,-4.408633147253354,20,persistent,102Ah_25degC_0p5C_cell3,0,0
102Ah_25degC_0p5C_cell3,9,fixed_window_ridge,97.441,102.13637254901961,92.74047283299078,-4.700527167009227,20,persistent,102Ah_25degC_0p5C_cell3,0,0
102Ah_25degC_0p5C_cell3,9,mask_ridge,97.441,102.13637254901961,92.27461939866748,-5.16638060133252,20,persistent,102Ah_25degC_0p5C_cell3,0,0
102Ah_25degC_0p5C_cell3,9,within_cell_ratio_ridge,97.441,102.13637254901961,92.88356614586178,-4.557433854138225,20,persistent,102Ah_25degC_0p5C_cell3,0,0
102Ah_25degC_0p5C_cell3,9,rbf_residual,97.441,102.13637254901961,96.91662525375929,-0.52437474624071,20,persistent,102Ah_25degC_0p5C_cell3,0,0
102Ah_25degC_0p5C_cell3,10,anchor_constant,97.212,102.13637254901961,102.13637254901961,4.924372549019608,20,persistent,102Ah_25degC_0p5C_cell3,0,0
102Ah_25degC_0p5C_cell3,10,age_ridge,97.212,102.13637254901961,92.7576852454471,-4.454314754552897,20,persistent,102Ah_25degC_0p5C_cell3,0,0
102Ah_25degC_0p5C_cell3,10,fixed_window_ridge,97.212,102.13637254901961,92.48383362763967,-4.728166372360334,20,persistent,102Ah_25degC_0p5C_cell3,0,0
102Ah_25degC_0p5C_cell3,10,mask_ridge,97.212,102.13637254901961,92.60948959636454,-4.602510403635463,20,persistent,102Ah_25degC_0p5C_cell3,0,0
102Ah_25degC_0p5C_cell3,10,within_cell_ratio_ridge,97.212,102.13637254901961,92.62632694745713,-4.585673052542873,20,persistent,102Ah_25degC_0p5C_cell3,0,0
102Ah_25degC_0p5C_cell3,10,rbf_residual,97.212,102.13637254901961,96.22530586485838,-0.9866941351416187,20,persistent,102Ah_25degC_0p5C_cell3,0,0
102Ah_25degC_0p5C_cell3,11,anchor_constant,97.027,102.13637254901961,102.13637254901961,5.109372549019611,20,persistent,102Ah_25degC_0p5C_cell3,0,0
102Ah_25degC_0p5C_cell3,11,age_ridge,97.027,102.13637254901961,92.50385407108494,-4.523145928915056,20,persistent,102Ah_25degC_0p5C_cell3,0,0
102Ah_25degC_0p5C_cell3,11,fixed_window_ridge,97.027,102.13637254901961,92.2472309110408,-4.779769088959199,20,persistent,102Ah_25degC_0p5C_cell3,0,0
102Ah_25degC_0p5C_cell3,11,mask_ridge,97.027,102.13637254901961,91.80179114952345,-5.225208850476548,20,persistent,102Ah_25degC_0p5C_cell3,0,0
102Ah_25degC_0p5C_cell3,11,within_cell_ratio_ridge,97.027,102.13637254901961,92.38876191502013,-4.638238084979875,20,persistent,102Ah_25degC_0p5C_cell3,0,0
102Ah_25degC_0p5C_cell3,11,rbf_residual,97.027,102.13637254901961,95.48115748780715,-1.5458425121928485,20,persistent,102Ah_25degC_0p5C_cell3,0,0
102Ah_25degC_0p5C_cell3,12,anchor_constant,96.825,102.13637254901961,102.13637254901961,5.311372549019609,20,persistent,102Ah_25degC_0p5C_cell3,0,0
102Ah_25degC_0p5C_cell3,12,age_ridge,96.825,102.13637254901961,92.2527083180986,-4.572291681901405,20,persistent,102Ah_25degC_0p5C_cell3,0,0
102Ah_25degC_0p5C_cell3,12,fixed_window_ridge,96.825,102.13637254901961,92.0136650925452,-4.811334907454807,20,persistent,102Ah_25degC_0p5C_cell3,0,0
102Ah_25degC_0p5C_cell3,12,mask_ridge,96.825,102.13637254901961,92.14807560017695,-4.676924399823051,20,persistent,102Ah_25degC_0p5C_cell3,0,0
102Ah_25degC_0p5C_cell3,12,within_cell_ratio_ridge,96.825,102.13637254901961,92.15391641681306,-4.671083583186942,20,persistent,102Ah_25degC_0p5C_cell3,0,0
102Ah_25degC_0p5C_cell3,12,rbf_residual,96.825,102.13637254901961,95.64704167677122,-1.1779583232287791,20,persistent,102Ah_25degC_0p5C_cell3,0,0
102Ah_25degC_0p5C_cell3,13,anchor_constant,96.653,102.13637254901961,102.13637254901961,5.483372549019606,20,persistent,102Ah_25degC_0p5C_cell3,0,0
102Ah_25degC_0p5C_cell3,13,age_ridge,96.653,102.13637254901961,92.01905823491325,-4.63394176508676,20,persistent,102Ah_25degC_0p5C_cell3,0,0
102Ah_25degC_0p5C_cell3,13,fixed_window_ridge,96.653,102.13637254901961,91.79684389095524,-4.856156109044761,20,persistent,102Ah_25degC_0p5C_cell3,0,0
102Ah_25degC_0p5C_cell3,13,mask_ridge,96.653,102.13637254901961,91.36587249099733,-5.287127509002673,20,persistent,102Ah_25degC_0p5C_cell3,0,0
102Ah_25degC_0p5C_cell3,13,within_cell_ratio_ridge,96.653,102.13637254901961,91.93561739352671,-4.7173826064732935,20,persistent,102Ah_25degC_0p5C_cell3,0,0
102Ah_25degC_0p5C_cell3,13,rbf_residual,96.653,102.13637254901961,95.86806017491072,-0.7849398250892818,20,persistent,102Ah_25degC_0p5C_cell3,0,0
102Ah_25degC_0p5C_cell3,14,anchor_constant,96.449,102.13637254901961,102.13637254901961,5.687372549019614,20,persistent,102Ah_25degC_0p5C_cell3,0,0
102Ah_25degC_0p5C_cell3,14,age_ridge,96.449,102.13637254901961,91.78610238692227,-4.662897613077732,20,persistent,102Ah_25degC_0p5C_cell3,0,0
102Ah_25degC_0p5C_cell3,14,fixed_window_ridge,96.449,102.13637254901961,91.58110508575125,-4.867894914248751,20,persistent,102Ah_25degC_0p5C_cell3,0,0
102Ah_25degC_0p5C_cell3,14,mask_ridge,96.449,102.13637254901961,91.72408691954732,-4.72491308045268,20,persistent,102Ah_25degC_0p5C_cell3,0,0
102Ah_25degC_0p5C_cell3,14,within_cell_ratio_ridge,96.449,102.13637254901961,91.71813544663848,-4.7308645533615135,20,persistent,102Ah_25degC_0p5C_cell3,0,0
102Ah_25degC_0p5C_cell3,14,rbf_residual,96.449,102.13637254901961,95.30234862566873,-1.1466513743312703,20,persistent,102Ah_25degC_0p5C_cell3,0,0
102Ah_25degC_0p5C_cell3,15,anchor_constant,96.24,102.13637254901961,102.13637254901961,5.896372549019617,20,persistent,102Ah_25degC_0p5C_cell3,0,0
102Ah_25degC_0p5C_cell3,15,age_ridge,96.24,102.13637254901961,91.56076310234981,-4.679236897650185,20,persistent,102Ah_25degC_0p5C_cell3,0,0
102Ah_25degC_0p5C_cell3,15,fixed_window_ridge,96.24,102.13637254901961,91.37283325702438,-4.867166742975613,20,persistent,102Ah_25degC_0p5C_cell3,0,0
102Ah_25degC_0p5C_cell3,15,mask_ridge,96.24,102.13637254901961,90.93739617191927,-5.30260382808072,20,persistent,102Ah_25degC_0p5C_cell3,0,0
102Ah_25degC_0p5C_cell3,15,within_cell_ratio_ridge,96.24,102.13637254901961,91.50792691394034,-4.732073086059657,20,persistent,102Ah_25degC_0p5C_cell3,0,0
102Ah_25degC_0p5C_cell3,15,rbf_residual,96.24,102.13637254901961,95.4219530625059,-0.8180469374940884,20,persistent,102Ah_25degC_0p5C_cell3,0,0
102Ah_25degC_0p5C_cell3,16,anchor_constant,96.134,102.13637254901961,102.13637254901961,6.002372549019611,20,persistent,102Ah_25degC_0p5C_cell3,0,0
102Ah_25degC_0p5C_cell3,16,age_ridge,96.134,102.13637254901961,91.30963322267087,-4.824366777329132,20,persistent,102Ah_25degC_0p5C_cell3,0,0
102Ah_25degC_0p5C_cell3,16,fixed_window_ridge,96.134,102.13637254901961,91.14152109363505,-4.992478906364951,20,persistent,102Ah_25degC_0p5C_cell3,0,0
102Ah_25degC_0p5C_cell3,16,mask_ridge,96.134,102.13637254901961,91.2936678320931,-4.840332167906894,20,persistent,102Ah_25degC_0p5C_cell3,0,0
102Ah_25degC_0p5C_cell3,16,within_cell_ratio_ridge,96.134,102.13637254901961,91.27447060045436,-4.859529399545636,20,persistent,102Ah_25degC_0p5C_cell3,0,0
102Ah_25degC_0p5C_cell3,16,rbf_residual,96.134,102.13637254901961,94.72787496765433,-1.4061250323456704,20,persistent,102Ah_25degC_0p5C_cell3,0,0
102Ah_25degC_0p5C_cell3,17,anchor_constant,95.949,102.13637254901961,102.13637254901961,6.187372549019614,20,persistent,102Ah_25degC_0p5C_cell3,0,0
102Ah_25degC_0p5C_cell3,17,age_ridge,95.949,102.13637254901961,91.08773968081614,-4.861260319183856,20,persistent,102Ah_25degC_0p5C_cell3,0,0
102Ah_25degC_0p5C_cell3,17,fixed_window_ridge,95.949,102.13637254901961,90.9373543549546,-5.011645645045391,20,persistent,102Ah_25degC_0p5C_cell3,0,0
102Ah_25degC_0p5C_cell3,17,mask_ridge,95.949,102.13637254901961,91.09393153634484,-4.855068463655158,20,persistent,102Ah_25degC_0p5C_cell3,0,0
102Ah_25degC_0p5C_cell3,17,within_cell_ratio_ridge,95.949,102.13637254901961,91.06797350556849,-4.881026494431509,20,persistent,102Ah_25degC_0p5C_cell3,0,0
102Ah_25degC_0p5C_cell3,17,rbf_residual,95.949,102.13637254901961,94.36768003675581,-1.5813199632441837,20,persistent,102Ah_25degC_0p5C_cell3,0,0
102Ah_25degC_0p5C_cell3,18,anchor_constant,95.782,102.13637254901961,102.13637254901961,6.354372549019615,20,persistent,102Ah_25degC_0p5C_cell3,0,0
102Ah_25degC_0p5C_cell3,18,age_ridge,95.782,102.13637254901961,90.88202774417002,-4.899972255829979,20,persistent,102Ah_25degC_0p5C_cell3,0,0
102Ah_25degC_0p5C_cell3,18,fixed_window_ridge,95.782,102.13637254901961,90.74831018704421,-5.033689812955785,20,persistent,102Ah_25degC_0p5C_cell3,0,0
102Ah_25degC_0p5C_cell3,18,mask_ridge,95.782,102.13637254901961,90.3852297245685,-5.396770275431493,20,persistent,102Ah_25degC_0p5C_cell3,0,0
102Ah_25degC_0p5C_cell3,18,within_cell_ratio_ridge,95.782,102.13637254901961,90.87649625858678,-4.905503741413213,20,persistent,102Ah_25degC_0p5C_cell3,0,0
102Ah_25degC_0p5C_cell3,18,rbf_residual,95.782,102.13637254901961,94.54502864687245,-1.2369713531275437,20,persistent,102Ah_25degC_0p5C_cell3,0,0
102Ah_25degC_0p5C_cell3,19,anchor_constant,95.643,102.13637254901961,102.13637254901961,6.493372549019611,20,persistent,102Ah_25degC_0p5C_cell3,0,0
102Ah_25degC_0p5C_cell3,19,age_ridge,95.643,102.13637254901961,90.68757668512633,-4.95542331487367,20,persistent,102Ah_25degC_0p5C_cell3,0,0
102Ah_25degC_0p5C_cell3,19,fixed_window_ridge,95.643,102.13637254901961,90.56988587144225,-5.073114128557748,20,persistent,102Ah_25degC_0p5C_cell3,0,0
102Ah_25degC_0p5C_cell3,19,mask_ridge,95.643,102.13637254901961,90.73470907080026,-4.908290929199737,20,persistent,102Ah_25degC_0p5C_cell3,0,0
102Ah_25degC_0p5C_cell3,19,within_cell_ratio_ridge,95.643,102.13637254901961,90.69560255280503,-4.947397447194973,20,persistent,102Ah_25degC_0p5C_cell3,0,0
102Ah_25degC_0p5C_cell3,19,rbf_residual,95.643,102.13637254901961,93.8540245529578,-1.7889754470422048,20,persistent,102Ah_25degC_0p5C_cell3,0,0
102Ah_25degC_0p5C_cell3,20,anchor_constant,95.469,102.13637254901961,102.13637254901961,6.667372549019618,20,persistent,102Ah_25degC_0p5C_cell3,0,0
102Ah_25degC_0p5C_cell3,20,age_ridge,95.469,102.13637254901961,90.4814163021854,-4.9875836978146,20,persistent,102Ah_25degC_0p5C_cell3,0,0
102Ah_25degC_0p5C_cell3,20,fixed_window_ridge,95.469,102.13637254901961,90.38111673031275,-5.087883269687239,20,persistent,102Ah_25degC_0p5C_cell3,0,0
102Ah_25degC_0p5C_cell3,20,mask_ridge,95.469,102.13637254901961,90.04203985429307,-5.4269601457069285,20,persistent,102Ah_25degC_0p5C_cell3,0,0
102Ah_25degC_0p5C_cell3,20,within_cell_ratio_ridge,95.469,102.13637254901961,90.50411133379052,-4.964888666209475,20,persistent,102Ah_25degC_0p5C_cell3,0,0
102Ah_25degC_0p5C_cell3,20,rbf_residual,95.469,102.13637254901961,94.0410456825567,-1.4279543174432945,20,persistent,102Ah_25degC_0p5C_cell3,0,0
102Ah_25degC_0p5C_cell3,21,anchor_constant,95.318,102.13637254901961,102.13637254901961,6.818372549019614,20,persistent,102Ah_25degC_0p5C_cell3,0,0
102Ah_25degC_0p5C_cell3,21,age_ridge,95.318,102.13637254901961,90.2952584273774,-5.022741572622593,20,persistent,102Ah_25degC_0p5C_cell3,0,0
102Ah_25degC_0p5C_cell3,21,fixed_window_ridge,95.318,102.13637254901961,90.21081045487396,-5.107189545126033,20,persistent,102Ah_25degC_0p5C_cell3,0,0
102Ah_25degC_0p5C_cell3,21,mask_ridge,95.318,102.13637254901961,89.88046566961619,-5.437534330383812,20,persistent,102Ah_25degC_0p5C_cell3,0,0
102Ah_25degC_0p5C_cell3,21,within_cell_ratio_ridge,95.318,102.13637254901961,90.3311301328131,-4.986869867186897,20,persistent,102Ah_25degC_0p5C_cell3,0,0
102Ah_25degC_0p5C_cell3,21,rbf_residual,95.318,102.13637254901961,93.90842970961502,-1.409570290384977,20,persistent,102Ah_25degC_0p5C_cell3,0,0
102Ah_25degC_0p5C_cell3,22,anchor_constant,95.076,102.13637254901961,102.13637254901961,7.060372549019618,20,persistent,102Ah_25degC_0p5C_cell3,0,0
102Ah_25degC_0p5C_cell3,22,age_ridge,95.076,102.13637254901961,89.91511102092767,-5.160888979072325,20,persistent,102Ah_25degC_0p5C_cell3,0,0
102Ah_25degC_0p5C_cell3,22,fixed_window_ridge,95.076,102.13637254901961,89.8662576510622,-5.2097423489377945,20,persistent,102Ah_25degC_0p5C_cell3,0,0
102Ah_25degC_0p5C_cell3,22,mask_ridge,95.076,102.13637254901961,89.53653557718897,-5.539464422811022,20,persistent,102Ah_25degC_0p5C_cell3,0,0
102Ah_25degC_0p5C_cell3,22,within_cell_ratio_ridge,95.076,102.13637254901961,89.98201427593506,-5.093985724064936,20,persistent,102Ah_25degC_0p5C_cell3,0,0
102Ah_25degC_0p5C_cell3,22,rbf_residual,95.076,102.13637254901961,93.40091319537284,-1.6750868046271563,20,persistent,102Ah_25degC_0p5C_cell3,0,0
102Ah_25degC_0p5C_cell3,23,anchor_constant,94.944,102.13637254901961,102.13637254901961,7.192372549019609,20,persistent,102Ah_25degC_0p5C_cell3,0,0
102Ah_25degC_0p5C_cell3,23,age_ridge,94.944,102.13637254901961,89.7397210693251,-5.204278930674903,20,persistent,102Ah_25degC_0p5C_cell3,0,0
102Ah_25degC_0p5C_cell3,23,fixed_window_ridge,94.944,102.13637254901961,89.70648972176147,-5.237510278238531,20,persistent,102Ah_25degC_0p5C_cell3,0,0
102Ah_25degC_0p5C_cell3,23,mask_ridge,94.944,102.13637254901961,89.38986348882064,-5.554136511179365,20,persistent,102Ah_25degC_0p5C_cell3,0,0
102Ah_25degC_0p5C_cell3,23,within_cell_ratio_ridge,94.944,102.13637254901961,89.81930311393359,-5.124696886066417,20,persistent,102Ah_25degC_0p5C_cell3,0,0
102Ah_25degC_0p5C_cell3,23,rbf_residual,94.944,102.13637254901961,93.32587334954306,-1.6181266504569436,20,persistent,102Ah_25degC_0p5C_cell3,0,0
102Ah_25degC_0p5C_cell3,24,anchor_constant,94.756,102.13637254901961,102.13637254901961,7.3803725490196115,20,persistent,102Ah_25degC_0p5C_cell3,0,0
102Ah_25degC_0p5C_cell3,24,age_ridge,94.756,102.13637254901961,89.561233929782,-5.1947660702179945,20,persistent,102Ah_25degC_0p5C_cell3,0,0
102Ah_25degC_0p5C_cell3,24,fixed_window_ridge,94.756,102.13637254901961,89.54407969851627,-5.21192030148373,20,persistent,102Ah_25degC_0p5C_cell3,0,0
102Ah_25degC_0p5C_cell3,24,mask_ridge,94.756,102.13637254901961,89.73352131361868,-5.022478686381319,20,persistent,102Ah_25degC_0p5C_cell3,0,0
102Ah_25degC_0p5C_cell3,24,within_cell_ratio_ridge,94.756,102.13637254901961,89.65378304889548,-5.1022169511045234,20,persistent,102Ah_25degC_0p5C_cell3,0,0
102Ah_25degC_0p5C_cell3,24,rbf_residual,94.756,102.13637254901961,92.65198749880598,-2.1040125011940205,20,persistent,102Ah_25degC_0p5C_cell3,0,0
102Ah_25degC_0p5C_cell3,25,anchor_constant,94.621,102.13637254901961,102.13637254901961,7.515372549019617,20,persistent,102Ah_25degC_0p5C_cell3,0,0
102Ah_25degC_0p5C_cell3,25,age_ridge,94.621,102.13637254901961,89.37711677291227,-5.243883227087721,20,persistent,102Ah_25degC_0p5C_cell3,0,0
102Ah_25degC_0p5C_cell3,25,fixed_window_ridge,94.621,102.13637254901961,89.37687877339461,-5.244121226605387,20,persistent,102Ah_25degC_0p5C_cell3,0,0
102Ah_25degC_0p5C_cell3,25,mask_ridge,94.621,102.13637254901961,88.99368455308513,-5.627315446914864,20,persistent,102Ah_25degC_0p5C_cell3,0,0
102Ah_25degC_0p5C_cell3,25,within_cell_ratio_ridge,94.621,102.13637254901961,89.4833132535012,-5.137686746498801,20,persistent,102Ah_25degC_0p5C_cell3,0,0
102Ah_25degC_0p5C_cell3,25,rbf_residual,94.621,102.13637254901961,92.8996552443092,-1.7213447556907937,20,persistent,102Ah_25degC_0p5C_cell3,0,0
102Ah_25degC_0p5C_cell3,26,anchor_constant,94.566,102.13637254901961,102.13637254901961,7.570372549019609,20,persistent,102Ah_25degC_0p5C_cell3,0,0
102Ah_25degC_0p5C_cell3,26,age_ridge,94.566,102.13637254901961,89.17488988094513,-5.391110119054872,20,persistent,102Ah_25degC_0p5C_cell3,0,0
102Ah_25degC_0p5C_cell3,26,fixed_window_ridge,94.566,102.13637254901961,89.19379716809817,-5.372202831901831,20,persistent,102Ah_25degC_0p5C_cell3,0,0
102Ah_25degC_0p5C_cell3,26,mask_ridge,94.566,102.13637254901961,88.9023646651048,-5.663635334895204,20,persistent,102Ah_25degC_0p5C_cell3,0,0
102Ah_25degC_0p5C_cell3,26,within_cell_ratio_ridge,94.566,102.13637254901961,89.29664057477908,-5.269359425220927,20,persistent,102Ah_25degC_0p5C_cell3,0,0
102Ah_25degC_0p5C_cell3,26,rbf_residual,94.566,102.13637254901961,92.60504603944587,-1.9609539605541357,20,persistent,102Ah_25degC_0p5C_cell3,0,0
102Ah_25degC_0p5C_cell3,27,anchor_constant,94.418,102.13637254901961,102.13637254901961,7.718372549019605,20,persistent,102Ah_25degC_0p5C_cell3,0,0
102Ah_25degC_0p5C_cell3,27,age_ridge,94.418,102.13637254901961,89.00447795853391,-5.413522041466095,20,persistent,102Ah_25degC_0p5C_cell3,0,0
102Ah_25degC_0p5C_cell3,27,fixed_window_ridge,94.418,102.13637254901961,89.03928308148488,-5.378716918515124,20,persistent,102Ah_25degC_0p5C_cell3,0,0
102Ah_25degC_0p5C_cell3,27,mask_ridge,94.418,102.13637254901961,89.24168906392916,-5.176310936070848,20,persistent,102Ah_25degC_0p5C_cell3,0,0
102Ah_25degC_0p5C_cell3,27,within_cell_ratio_ridge,94.418,102.13637254901961,89.13882031733871,-5.279179682661294,20,persistent,102Ah_25degC_0p5C_cell3,0,0
102Ah_25degC_0p5C_cell3,27,rbf_residual,94.418,102.13637254901961,91.81746556389407,-2.6005344361059315,20,persistent,102Ah_25degC_0p5C_cell3,0,0
102Ah_25degC_0p5C_cell3,28,anchor_constant,94.238,102.13637254901961,102.13637254901961,7.898372549019612,20,persistent,102Ah_25degC_0p5C_cell3,0,0
102Ah_25degC_0p5C_cell3,28,age_ridge,94.238,102.13637254901961,88.83620753294854,-5.4017924670514645,20,persistent,102Ah_25degC_0p5C_cell3,0,0
102Ah_25degC_0p5C_cell3,28,fixed_window_ridge,94.238,102.13637254901961,88.88685861527921,-5.3511413847207905,20,persistent,102Ah_25degC_0p5C_cell3,0,0
102Ah_25degC_0p5C_cell3,28,mask_ridge,94.238,102.13637254901961,89.09327452506241,-5.144725474937587,20,persistent,102Ah_25degC_0p5C_cell3,0,0
102Ah_25degC_0p5C_cell3,28,within_cell_ratio_ridge,94.238,102.13637254901961,88.98303879095987,-5.2549612090401325,20,persistent,102Ah_25degC_0p5C_cell3,0,0
102Ah_25degC_0p5C_cell3,28,rbf_residual,94.238,102.13637254901961,91.67504773843079,-2.562952261569208,20,persistent,102Ah_25degC_0p5C_cell3,0,0
102Ah_25degC_0p5C_cell3,29,anchor_constant,94.035,102.13637254901961,102.13637254901961,8.101372549019615,20,persistent,102Ah_25degC_0p5C_cell3,0,0
102Ah_25degC_0p5C_cell3,29,age_ridge,94.035,102.13637254901961,88.67504119319142,-5.359958806808578,20,persistent,102Ah_25degC_0p5C_cell3,0,0
102Ah_25degC_0p5C_cell3,29,fixed_window_ridge,94.035,102.13637254901961,88.74100650845624,-5.293993491543759,20,persistent,102Ah_25degC_0p5C_cell3,0,0
102Ah_25degC_0p5C_cell3,29,mask_ridge,94.035,102.13637254901961,88.36683044818726,-5.668169551812738,20,persistent,102Ah_25degC_0p5C_cell3,0,0
102Ah_25degC_0p5C_cell3,29,within_cell_ratio_ridge,94.035,102.13637254901961,88.83388915626445,-5.201110843735549,20,persistent,102Ah_25degC_0p5C_cell3,0,0
102Ah_25degC_0p5C_cell3,29,rbf_residual,94.035,102.13637254901961,92.07831804877027,-1.9566819512297258,20,persistent,102Ah_25degC_0p5C_cell3,0,0
102Ah_25degC_0p5C_cell3,30,anchor_constant,93.975,102.13637254901961,102.13637254901961,8.161372549019617,20,persistent,102Ah_25degC_0p5C_cell3,0,0
102Ah_25degC_0p5C_cell3,30,age_ridge,93.975,102.13637254901961,88.51057486135392,-5.464425138646078,20,persistent,102Ah_25degC_0p5C_cell3,0,0
102Ah_25degC_0p5C_cell3,30,fixed_window_ridge,93.975,102.13637254901961,88.59230294461898,-5.382697055381016,20,persistent,102Ah_25degC_0p5C_cell3,0,0
102Ah_25degC_0p5C_cell3,30,mask_ridge,93.975,102.13637254901961,88.80658005574215,-5.168419944257849,20,persistent,102Ah_25degC_0p5C_cell3,0,0
102Ah_25degC_0p5C_cell3,30,within_cell_ratio_ridge,93.975,102.13637254901961,88.68173681086846,-5.293263189131537,20,persistent,102Ah_25degC_0p5C_cell3,0,0
102Ah_25degC_0p5C_cell3,30,rbf_residual,93.975,102.13637254901961,91.40663032458804,-2.568369675411958,20,persistent,102Ah_25degC_0p5C_cell3,0,0
102Ah_25degC_1C_cell3,1,anchor_constant,98.416,102.52715686274509,102.52715686274509,4.111156862745091,20,persistent,102Ah_25degC_1C_cell3,0,0
102Ah_25degC_1C_cell3,1,age_ridge,98.416,102.52715686274509,96.65010338682953,-1.7658966131704688,20,persistent,102Ah_25degC_1C_cell3,0,0
102Ah_25degC_1C_cell3,1,fixed_window_ridge,98.416,102.52715686274509,96.27307238208607,-2.1429276179139265,20,persistent,102Ah_25degC_1C_cell3,0,0
102Ah_25degC_1C_cell3,1,mask_ridge,98.416,102.52715686274509,96.19714103282693,-2.2188589671730625,20,persistent,102Ah_25degC_1C_cell3,0,0
102Ah_25degC_1C_cell3,1,within_cell_ratio_ridge,98.416,102.52715686274509,96.36657090148977,-2.049429098510231,20,persistent,102Ah_25degC_1C_cell3,0,0
102Ah_25degC_1C_cell3,1,rbf_residual,98.416,102.52715686274509,98.15040825057832,-0.26559174942167374,20,persistent,102Ah_25degC_1C_cell3,0,0
102Ah_25degC_1C_cell3,2,anchor_constant,97.313,102.52715686274509,102.52715686274509,5.214156862745085,20,persistent,102Ah_25degC_1C_cell3,0,0
102Ah_25degC_1C_cell3,2,age_ridge,97.313,102.52715686274509,95.41406555285891,-1.8989344471410874,20,persistent,102Ah_25degC_1C_cell3,0,0
102Ah_25degC_1C_cell3,2,fixed_window_ridge,97.313,102.52715686274509,95.1073572444768,-2.2056427555232005,20,persistent,102Ah_25degC_1C_cell3,0,0
102Ah_25degC_1C_cell3,2,mask_ridge,97.313,102.52715686274509,95.05326900890891,-2.2597309910910894,20,persistent,102Ah_25degC_1C_cell3,0,0
102Ah_25degC_1C_cell3,2,within_cell_ratio_ridge,97.313,102.52715686274509,95.2047874422137,-2.1082125577863025,20,persistent,102Ah_25degC_1C_cell3,0,0
102Ah_25degC_1C_cell3,2,rbf_residual,97.313,102.52715686274509,97.0658664750593,-0.24713352494070762,20,persistent,102Ah_25degC_1C_cell3,0,0
102Ah_25degC_1C_cell3,3,anchor_constant,96.453,102.52715686274509,102.52715686274509,6.074156862745085,20,persistent,102Ah_25degC_1C_cell3,0,0
102Ah_25degC_1C_cell3,3,age_ridge,96.453,102.52715686274509,94.34453048430377,-2.1084695156962283,20,persistent,102Ah_25degC_1C_cell3,0,0
102Ah_25degC_1C_cell3,3,fixed_window_ridge,96.453,102.52715686274509,94.10843507863959,-2.3445649213604156,20,persistent,102Ah_25degC_1C_cell3,0,0
102Ah_25degC_1C_cell3,3,mask_ridge,96.453,102.52715686274509,94.07615855218414,-2.3768414478158633,20,persistent,102Ah_25degC_1C_cell3,0,0
102Ah_25degC_1C_cell3,3,within_cell_ratio_ridge,96.453,102.52715686274509,94.2042834367792,-2.248716563220796,20,persistent,102Ah_25degC_1C_cell3,0,0
102Ah_25degC_1C_cell3,3,rbf_residual,96.453,102.52715686274509,96.13790717948834,-0.31509282051166565,20,persistent,102Ah_25degC_1C_cell3,0,0
102Ah_25degC_1C_cell3,4,anchor_constant,95.685,102.52715686274509,102.52715686274509,6.842156862745085,20,persistent,102Ah_25degC_1C_cell3,0,0
102Ah_25degC_1C_cell3,4,age_ridge,95.685,102.52715686274509,93.45239498152257,-2.232605018477429,20,persistent,102Ah_25degC_1C_cell3,0,0
102Ah_25degC_1C_cell3,4,fixed_window_ridge,95.685,102.52715686274509,93.28178696742731,-2.403213032572694,20,persistent,102Ah_25degC_1C_cell3,0,0
102Ah_25degC_1C_cell3,4,mask_ridge,95.685,102.52715686274509,93.27020150099179,-2.4147984990082136,20,persistent,102Ah_25degC_1C_cell3,0,0
102Ah_25degC_1C_cell3,4,within_cell_ratio_ridge,95.685,102.52715686274509,93.37226019822059,-2.312739801779415,20,persistent,102Ah_25degC_1C_cell3,0,0
102Ah_25degC_1C_cell3,4,rbf_residual,95.685,102.52715686274509,95.28155402383004,-0.40344597616996225,20,persistent,102Ah_25degC_1C_cell3,0,0
102Ah_25degC_1C_cell3,5,anchor_constant,95.032,102.52715686274509,102.52715686274509,7.495156862745091,20,persistent,102Ah_25degC_1C_cell3,0,0
102Ah_25degC_1C_cell3,5,age_ridge,95.032,102.52715686274509,92.70790947231886,-2.324090527681136,20,persistent,102Ah_25degC_1C_cell3,0,0
102Ah_25degC_1C_cell3,5,fixed_window_ridge,95.032,102.52715686274509,92.59559989799438,-2.4364001020056207,20,persistent,102Ah_25degC_1C_cell3,0,0
102Ah_25degC_1C_cell3,5,mask_ridge,95.032,102.52715686274509,92.60319395451698,-2.4288060454830145,20,persistent,102Ah_25degC_1C_cell3,0,0
102Ah_25degC_1C_cell3,5,within_cell_ratio_ridge,95.032,102.52715686274509,92.67865779306014,-2.353342206939857,20,persistent,102Ah_25degC_1C_cell3,0,0
102Ah_25degC_1C_cell3,5,rbf_residual,95.032,102.52715686274509,94.43332290394453,-0.5986770960554679,20,persistent,102Ah_25degC_1C_cell3,0,0
102Ah_25degC_1C_cell3,6,anchor_constant,94.387,102.52715686274509,102.52715686274509,8.140156862745087,20,persistent,102Ah_25degC_1C_cell3,0,0
102Ah_25degC_1C_cell3,6,age_ridge,94.387,102.52715686274509,91.99119228940226,-2.3958077105977367,20,persistent,102Ah_25degC_1C_cell3,0,0
102Ah_25degC_1C_cell3,6,fixed_window_ridge,94.387,102.52715686274509,91.93849615012542,-2.4485038498745837,20,persistent,102Ah_25degC_1C_cell3,0,0
102Ah_25degC_1C_cell3,6,mask_ridge,94.387,102.52715686274509,91.9655160732652,-2.421483926734794,20,persistent,102Ah_25degC_1C_cell3,0,0
102Ah_25degC_1C_cell3,6,within_cell_ratio_ridge,94.387,102.52715686274509,92.01273489625339,-2.374265103746609,20,persistent,102Ah_25degC_1C_cell3,0,0
102Ah_25degC_1C_cell3,6,rbf_residual,94.387,102.52715686274509,93.696702298051,-0.6902977019490066,20,persistent,102Ah_25degC_1C_cell3,0,0
102Ah_25degC_1C_cell3,7,anchor_constant,93.84,102.52715686274509,102.52715686274509,8.687156862745084,20,persistent,102Ah_25degC_1C_cell3,0,0
102Ah_25degC_1C_cell3,7,age_ridge,93.84,102.52715686274509,91.32890709114182,-2.5110929088581884,20,persistent,102Ah_25degC_1C_cell3,0,0
102Ah_25degC_1C_cell3,7,fixed_window_ridge,93.84,102.52715686274509,91.33355946313706,-2.5064405368629394,20,persistent,102Ah_25degC_1C_cell3,0,0
102Ah_25degC_1C_cell3,7,mask_ridge,93.84,102.52715686274509,91.37958113003316,-2.460418869966844,20,persistent,102Ah_25degC_1C_cell3,0,0
102Ah_25degC_1C_cell3,7,within_cell_ratio_ridge,93.84,102.52715686274509,91.39800735564351,-2.441992644356489,20,persistent,102Ah_25degC_1C_cell3,0,0
102Ah_25degC_1C_cell3,7,rbf_residual,93.84,102.52715686274509,92.998770173438,-0.8412298265619995,20,persistent,102Ah_25degC_1C_cell3,0,0
102Ah_25degC_1C_cell3,8,anchor_constant,91.223,102.52715686274509,102.52715686274509,11.304156862745089,20,persistent,102Ah_25degC_1C_cell3,0,0
102Ah_25degC_1C_cell3,8,age_ridge,91.223,102.52715686274509,89.16756028313034,-2.0554397168696568,20,persistent,102Ah_25degC_1C_cell3,0,0
102Ah_25degC_1C_cell3,8,fixed_window_ridge,91.223,102.52715686274509,89.41737472988034,-1.8056252701196627,20,persistent,102Ah_25degC_1C_cell3,0,0
102Ah_25degC_1C_cell3,8,mask_ridge,91.223,102.52715686274509,89.5206166410847,-1.7023833589152986,20,persistent,102Ah_25degC_1C_cell3,0,0
102Ah_25degC_1C_cell3,8,within_cell_ratio_ridge,91.223,102.52715686274509,89.4487649630794,-1.7742350369206008,20,persistent,102Ah_25degC_1C_cell3,0,0
102Ah_25degC_1C_cell3,8,rbf_residual,91.223,102.52715686274509,86.63735146611108,-4.585648533888914,20,persistent,102Ah_25degC_1C_cell3,0,0
102Ah_25degC_1C_cell3,9,anchor_constant,90.681,102.52715686274509,102.52715686274509,11.84615686274509,20,persistent,102Ah_25degC_1C_cell3,0,0
102Ah_25degC_1C_cell3,9,age_ridge,90.681,102.52715686274509,88.64703167124304,-2.0339683287569557,20,persistent,102Ah_25degC_1C_cell3,0,0
102Ah_25degC_1C_cell3,9,fixed_window_ridge,90.681,102.52715686274509,88.9489779505454,-1.7320220494545993,20,persistent,102Ah_25degC_1C_cell3,0,0
102Ah_25degC_1C_cell3,9,mask_ridge,90.681,102.52715686274509,89.07005742838116,-1.6109425716188355,20,persistent,102Ah_25degC_1C_cell3,0,0
102Ah_25degC_1C_cell3,9,within_cell_ratio_ridge,90.681,102.52715686274509,88.96804291168202,-1.712957088317978,20,persistent,102Ah_25degC_1C_cell3,0,0
102Ah_25degC_1C_cell3,9,rbf_residual,90.681,102.52715686274509,90.3508440763939,-0.3301559236060996,20,persistent,102Ah_25degC_1C_cell3,0,0
102Ah_25degC_1C_cell3,10,anchor_constant,90.145,102.52715686274509,102.52715686274509,12.382156862745092,20,persistent,102Ah_25degC_1C_cell3,0,0
102Ah_25degC_1C_cell3,10,age_ridge,90.145,102.52715686274509,88.13590895684165,-2.0090910431583495,20,persistent,102Ah_25degC_1C_cell3,0,0
102Ah_25degC_1C_cell3,10,fixed_window_ridge,90.145,102.52715686274509,88.48971345945658,-1.6552865405434147,20,persistent,102Ah_25degC_1C_cell3,0,0
102Ah_25degC_1C_cell3,10,mask_ridge,90.145,102.52715686274509,88.62856757914179,-1.5164324208582087,20,persistent,102Ah_25degC_1C_cell3,0,0
102Ah_25degC_1C_cell3,10,within_cell_ratio_ridge,90.145,102.52715686274509,88.49625396288153,-1.648746037118471,20,persistent,102Ah_25degC_1C_cell3,0,0
102Ah_25degC_1C_cell3,10,rbf_residual,90.145,102.52715686274509,85.84139915432625,-4.303600845673742,20,persistent,102Ah_25degC_1C_cell3,0,0
102Ah_25degC_1C_cell3,11,anchor_constant,88.091,102.52715686274509,102.52715686274509,14.436156862745094,20,persistent,102Ah_25degC_1C_cell3,0,0
102Ah_25degC_1C_cell3,11,age_ridge,88.091,102.52715686274509,86.42811953741506,-1.662880462584937,20,persistent,102Ah_25degC_1C_cell3,0,0
102Ah_25degC_1C_cell3,11,fixed_window_ridge,88.091,102.52715686274509,87.01397972799955,-1.0770202720004391,20,persistent,102Ah_25degC_1C_cell3,0,0
102Ah_25degC_1C_cell3,11,mask_ridge,88.091,102.52715686274509,87.20702061578365,-0.8839793842163459,20,persistent,102Ah_25degC_1C_cell3,0,0
102Ah_25degC_1C_cell3,11,within_cell_ratio_ridge,88.091,102.52715686274509,86.97798103555584,-1.1130189644441515,20,persistent,102Ah_25degC_1C_cell3,0,0
102Ah_25degC_1C_cell3,11,rbf_residual,88.091,102.52715686274509,82.7764410556413,-5.314558944358694,20,persistent,102Ah_25degC_1C_cell3,0,0
102Ah_25degC_1C_cell3,12,anchor_constant,87.634,102.52715686274509,102.52715686274509,14.893156862745087,20,persistent,102Ah_25degC_1C_cell3,0,0
102Ah_25degC_1C_cell3,12,age_ridge,87.634,102.52715686274509,85.95225575458117,-1.6817442454188267,20,persistent,102Ah_25degC_1C_cell3,0,0
102Ah_25degC_1C_cell3,12,fixed_window_ridge,87.634,102.52715686274509,86.58980425785937,-1.04419574214063,20,persistent,102Ah_25degC_1C_cell3,0,0
102Ah_25degC_1C_cell3,12,mask_ridge,87.634,102.52715686274509,86.8005066452613,-0.8334933547387067,20,persistent,102Ah_25degC_1C_cell3,0,0
102Ah_25degC_1C_cell3,12,within_cell_ratio_ridge,87.634,102.52715686274509,86.54027580966807,-1.0937241903319261,20,persistent,102Ah_25degC_1C_cell3,0,0
102Ah_25degC_1C_cell3,12,rbf_residual,87.634,102.52715686274509,82.41713940035149,-5.216860599648513,20,persistent,102Ah_25degC_1C_cell3,0,0
102Ah_25degC_1C_cell3,13,anchor_constant,87.186,102.52715686274509,102.52715686274509,15.34115686274508,20,persistent,102Ah_25degC_1C_cell3,0,0
102Ah_25degC_1C_cell3,13,age_ridge,87.186,102.52715686274509,85.3798639335391,-1.8061360664609083,20,persistent,102Ah_25degC_1C_cell3,0,0
102Ah_25degC_1C_cell3,13,fixed_window_ridge,87.186,102.52715686274509,86.08496154134465,-1.1010384586553528,20,persistent,102Ah_25degC_1C_cell3,0,0
102Ah_25degC_1C_cell3,13,mask_ridge,87.186,102.52715686274509,86.31657821929183,-0.8694217807081799,20,persistent,102Ah_25degC_1C_cell3,0,0
102Ah_25degC_1C_cell3,13,within_cell_ratio_ridge,87.186,102.52715686274509,86.01890083398659,-1.167099166013415,20,persistent,102Ah_25degC_1C_cell3,0,0
102Ah_25degC_1C_cell3,13,rbf_residual,87.186,102.52715686274509,86.20965514808243,-0.9763448519175739,20,persistent,102Ah_25degC_1C_cell3,0,0
102Ah_25degC_1C_cell3,14,anchor_constant,86.59,102.52715686274509,102.52715686274509,15.937156862745084,20,persistent,102Ah_25degC_1C_cell3,0,0
102Ah_25degC_1C_cell3,14,age_ridge,86.59,102.52715686274509,84.91485541487836,-1.675144585121643,20,persistent,102Ah_25degC_1C_cell3,0,0
102Ah_25degC_1C_cell3,14,fixed_window_ridge,86.59,102.52715686274509,85.6707871580498,-0.9192128419501984,20,persistent,102Ah_25degC_1C_cell3,0,0
102Ah_25degC_1C_cell3,14,mask_ridge,86.59,102.52715686274509,85.92000909772203,-0.6699909022779735,20,persistent,102Ah_25degC_1C_cell3,0,0
102Ah_25degC_1C_cell3,14,within_cell_ratio_ridge,86.59,102.52715686274509,85.59102422384801,-0.998975776151994,20,persistent,102Ah_25degC_1C_cell3,0,0
102Ah_25degC_1C_cell3,14,rbf_residual,86.59,102.52715686274509,86.7251155513702,0.13511555137019116,20,persistent,102Ah_25degC_1C_cell3,0,0
102Ah_25degC_1C_cell3,15,anchor_constant,86.06,102.52715686274509,102.52715686274509,16.467156862745085,20,persistent,102Ah_25degC_1C_cell3,0,0
102Ah_25degC_1C_cell3,15,age_ridge,86.06,102.52715686274509,84.39173883916077,-1.6682611608392364,20,persistent,102Ah_25degC_1C_cell3,0,0
102Ah_25degC_1C_cell3,15,fixed_window_ridge,86.06,102.52715686274509,85.20873422265677,-0.8512657773432295,20,persistent,102Ah_25degC_1C_cell3,0,0
102Ah_25degC_1C_cell3,15,mask_ridge,86.06,102.52715686274509,85.4775629244755,-0.5824370755244956,20,persistent,102Ah_25degC_1C_cell3,0,0
102Ah_25degC_1C_cell3,15,within_cell_ratio_ridge,86.06,102.52715686274509,85.11331724647313,-0.946682753526872,20,persistent,102Ah_25degC_1C_cell3,0,0
102Ah_25degC_1C_cell3,15,rbf_residual,86.06,102.52715686274509,80.54071279744423,-5.519287202555773,20,persistent,102Ah_25degC_1C_cell3,0,0
102Ah_25degC_1C_cell3,16,anchor_constant,85.611,102.52715686274509,102.52715686274509,16.916156862745083,20,persistent,102Ah_25degC_1C_cell3,0,0
102Ah_25degC_1C_cell3,16,age_ridge,85.611,102.52715686274509,83.94187867634352,-1.6691213236564835,20,persistent,102Ah_25degC_1C_cell3,0,0
102Ah_25degC_1C_cell3,16,fixed_window_ridge,85.611,102.52715686274509,84.808387295508,-0.802612704492006,20,persistent,102Ah_25degC_1C_cell3,0,0
102Ah_25degC_1C_cell3,16,mask_ridge,85.611,102.52715686274509,85.09448679049069,-0.5165132095093128,20,persistent,102Ah_25degC_1C_cell3,0,0
102Ah_25degC_1C_cell3,16,within_cell_ratio_ridge,85.611,102.52715686274509,84.69935678257569,-0.911643217424313,20,persistent,102Ah_25degC_1C_cell3,0,0
102Ah_25degC_1C_cell3,16,rbf_residual,85.611,102.52715686274509,85.9231983845899,0.312198384589891,20,persistent,102Ah_25degC_1C_cell3,0,0
102Ah_25degC_1C_cell3,17,anchor_constant,85.114,102.52715686274509,102.52715686274509,17.413156862745083,20,persistent,102Ah_25degC_1C_cell3,0,0
102Ah_25degC_1C_cell3,17,age_ridge,85.114,102.52715686274509,83.45460700624768,-1.65939299375232,20,persistent,102Ah_25degC_1C_cell3,0,0
102Ah_25degC_1C_cell3,17,fixed_window_ridge,85.114,102.52715686274509,84.37750339589954,-0.7364966041004664,20,persistent,102Ah_25degC_1C_cell3,0,0
102Ah_25degC_1C_cell3,17,mask_ridge,85.114,102.52715686274509,84.68220339125664,-0.4317966087433689,20,persistent,102Ah_25degC_1C_cell3,0,0
102Ah_25degC_1C_cell3,17,within_cell_ratio_ridge,85.114,102.52715686274509,84.25351658680366,-0.8604834131963486,20,persistent,102Ah_25degC_1C_cell3,0,0
102Ah_25degC_1C_cell3,17,rbf_residual,85.114,102.52715686274509,85.62459630487223,0.5105963048722231,20,persistent,102Ah_25degC_1C_cell3,0,0
102Ah_25degC_1C_cell3,18,anchor_constant,84.615,102.52715686274509,102.52715686274509,17.912156862745093,20,persistent,102Ah_25degC_1C_cell3,0,0
102Ah_25degC_1C_cell3,18,age_ridge,84.615,102.52715686274509,83.00639969815167,-1.6086003018483268,20,persistent,102Ah_25degC_1C_cell3,0,0
102Ah_25degC_1C_cell3,18,fixed_window_ridge,84.615,102.52715686274509,83.97932507396139,-0.6356749260386039,20,persistent,102Ah_25degC_1C_cell3,0,0
102Ah_25degC_1C_cell3,18,mask_ridge,84.615,102.52715686274509,84.30139392226931,-0.3136060777306824,20,persistent,102Ah_25degC_1C_cell3,0,0
102Ah_25degC_1C_cell3,18,within_cell_ratio_ridge,84.615,102.52715686274509,83.84147526440063,-0.7735247355993664,20,persistent,102Ah_25degC_1C_cell3,0,0
102Ah_25degC_1C_cell3,18,rbf_residual,84.615,102.52715686274509,79.3996891940391,-5.215310805960897,20,persistent,102Ah_25degC_1C_cell3,0,0
102Ah_25degC_1C_cell3,19,anchor_constant,84.043,102.52715686274509,102.52715686274509,18.48415686274508,20,persistent,102Ah_25degC_1C_cell3,0,0
102Ah_25degC_1C_cell3,19,age_ridge,84.043,102.52715686274509,82.51094353434478,-1.5320564656552307,20,persistent,102Ah_25degC_1C_cell3,0,0
102Ah_25degC_1C_cell3,19,fixed_window_ridge,84.043,102.52715686274509,83.54234243939644,-0.500657560603571,20,persistent,102Ah_25degC_1C_cell3,0,0
102Ah_25degC_1C_cell3,19,mask_ridge,84.043,102.52715686274509,83.88349510840825,-0.15950489159175163,20,persistent,102Ah_25degC_1C_cell3,0,0
102Ah_25degC_1C_cell3,19,within_cell_ratio_ridge,84.043,102.52715686274509,83.38892897393326,-0.6540710260667453,20,persistent,102Ah_25degC_1C_cell3,0,0
102Ah_25degC_1C_cell3,19,rbf_residual,84.043,102.52715686274509,79.52840267587857,-4.514597324121439,20,persistent,102Ah_25degC_1C_cell3,0,0
102Ah_25degC_1C_cell3,20,anchor_constant,83.473,102.52715686274509,102.52715686274509,19.05415686274509,20,persistent,102Ah_25degC_1C_cell3,0,0
102Ah_25degC_1C_cell3,20,age_ridge,83.473,102.52715686274509,82.07246729229368,-1.4005327077063185,20,persistent,102Ah_25degC_1C_cell3,0,0
102Ah_25degC_1C_cell3,20,fixed_window_ridge,83.473,102.52715686274509,83.15315264146327,-0.31984735853673385,20,persistent,102Ah_25degC_1C_cell3,0,0
102Ah_25degC_1C_cell3,20,mask_ridge,83.473,102.52715686274509,83.51146403745354,0.03846403745353655,20,persistent,102Ah_25degC_1C_cell3,0,0
102Ah_25degC_1C_cell3,20,within_cell_ratio_ridge,83.473,102.52715686274509,82.9859169230642,-0.48708307693580366,20,persistent,102Ah_25degC_1C_cell3,0,0
102Ah_25degC_1C_cell3,20,rbf_residual,83.473,102.52715686274509,78.74966223547014,-4.723337764529859,20,persistent,102Ah_25degC_1C_cell3,0,0
102Ah_25degC_1C_cell3,21,anchor_constant,82.835,102.52715686274509,102.52715686274509,19.692156862745094,20,persistent,102Ah_25degC_1C_cell3,0,0
102Ah_25degC_1C_cell3,21,age_ridge,82.835,102.52715686274509,81.62865283288104,-1.206347167118949,20,persistent,102Ah_25degC_1C_cell3,0,0
102Ah_25degC_1C_cell3,21,fixed_window_ridge,82.835,102.52715686274509,82.75963925059524,-0.07536074940475146,20,persistent,102Ah_25degC_1C_cell3,0,0
102Ah_25degC_1C_cell3,21,mask_ridge,82.835,102.52715686274509,83.13536962639353,0.3003696263935325,20,persistent,102Ah_25degC_1C_cell3,0,0
102Ah_25degC_1C_cell3,21,within_cell_ratio_ridge,82.835,102.52715686274509,82.57829457556237,-0.25670542443762656,20,persistent,102Ah_25degC_1C_cell3,0,0
102Ah_25degC_1C_cell3,21,rbf_residual,82.835,102.52715686274509,78.1402426839704,-4.694757316029595,20,persistent,102Ah_25degC_1C_cell3,0,0
102Ah_25degC_1C_cell3,22,anchor_constant,81.961,102.52715686274509,102.52715686274509,20.56615686274509,20,persistent,102Ah_25degC_1C_cell3,0,0
102Ah_25degC_1C_cell3,22,age_ridge,81.961,102.52715686274509,81.06142781487945,-0.8995721851205474,20,persistent,102Ah_25degC_1C_cell3,0,0
102Ah_25degC_1C_cell3,22,fixed_window_ridge,81.961,102.52715686274509,82.26475774557649,0.3037577455764904,20,persistent,102Ah_25degC_1C_cell3,0,0
102Ah_25degC_1C_cell3,22,mask_ridge,81.961,102.52715686274509,82.66236357356962,0.7013635735696226,20,persistent,102Ah_25degC_1C_cell3,0,0
102Ah_25degC_1C_cell3,22,within_cell_ratio_ridge,81.961,102.52715686274509,82.06487539265962,0.1038753926596172,20,persistent,102Ah_25degC_1C_cell3,0,0
102Ah_25degC_1C_cell3,22,rbf_residual,81.961,102.52715686274509,83.58016133088205,1.6191613308820507,20,persistent,102Ah_25degC_1C_cell3,0,0
102Ah_25degC_1C_cell3,23,anchor_constant,81.241,102.52715686274509,102.52715686274509,21.286156862745088,20,persistent,102Ah_25degC_1C_cell3,0,0
102Ah_25degC_1C_cell3,23,age_ridge,81.241,102.52715686274509,80.61913821216032,-0.621861787839677,20,persistent,102Ah_25degC_1C_cell3,0,0
102Ah_25degC_1C_cell3,23,fixed_window_ridge,81.241,102.52715686274509,81.8732216632488,0.6322216632487994,20,persistent,102Ah_25degC_1C_cell3,0,0
102Ah_25degC_1C_cell3,23,mask_ridge,81.241,102.52715686274509,82.28833968127934,1.0473396812793396,20,persistent,102Ah_25degC_1C_cell3,0,0
102Ah_25degC_1C_cell3,23,within_cell_ratio_ridge,81.241,102.52715686274509,81.65900624506536,0.41800624506535655,20,persistent,102Ah_25degC_1C_cell3,0,0
102Ah_25degC_1C_cell3,23,rbf_residual,81.241,102.52715686274509,83.0787674144524,1.8377674144524008,20,persistent,102Ah_25degC_1C_cell3,0,0
102Ah_25degC_1C_cell3,24,anchor_constant,80.472,102.52715686274509,102.52715686274509,22.055156862745093,20,persistent,102Ah_25degC_1C_cell3,0,0
102Ah_25degC_1C_cell3,24,age_ridge,80.472,102.52715686274509,80.18437788565888,-0.2876221143411186,20,persistent,102Ah_25degC_1C_cell3,0,0
102Ah_25degC_1C_cell3,24,fixed_window_ridge,80.472,102.52715686274509,81.4881303082864,1.0161303082864066,20,persistent,102Ah_25degC_1C_cell3,0,0
102Ah_25degC_1C_cell3,24,mask_ridge,80.472,102.52715686274509,81.92054056958663,1.4485405695866405,20,persistent,102Ah_25degC_1C_cell3,0,0
102Ah_25degC_1C_cell3,24,within_cell_ratio_ridge,80.472,102.52715686274509,81.25975240955219,0.7877524095521977,20,persistent,102Ah_25degC_1C_cell3,0,0
102Ah_25degC_1C_cell3,24,rbf_residual,80.472,102.52715686274509,82.6359983057807,2.1639983057807086,20,persistent,102Ah_25degC_1C_cell3,0,0
102Ah_25degC_1C_cell3,25,anchor_constant,79.606,102.52715686274509,102.52715686274509,22.921156862745093,20,persistent,102Ah_25degC_1C_cell3,0,0
102Ah_25degC_1C_cell3,25,age_ridge,79.606,102.52715686274509,79.75688161020724,0.1508816102072501,20,persistent,102Ah_25degC_1C_cell3,0,0
102Ah_25degC_1C_cell3,25,fixed_window_ridge,79.606,102.52715686274509,81.10923288762892,1.5032328876289256,20,persistent,102Ah_25degC_1C_cell3,0,0
102Ah_25degC_1C_cell3,25,mask_ridge,79.606,102.52715686274509,81.55871792981841,1.9527179298184194,20,persistent,102Ah_25degC_1C_cell3,0,0
102Ah_25degC_1C_cell3,25,within_cell_ratio_ridge,79.606,102.52715686274509,80.8668663860269,1.2608663860269047,20,persistent,102Ah_25degC_1C_cell3,0,0
102Ah_25degC_1C_cell3,25,rbf_residual,79.606,102.52715686274509,82.12338171131177,2.5173817113117707,20,persistent,102Ah_25degC_1C_cell3,0,0
102Ah_25degC_1C_cell3,26,anchor_constant,78.648,102.52715686274509,102.52715686274509,23.87915686274509,20,persistent,102Ah_25degC_1C_cell3,0,0
102Ah_25degC_1C_cell3,26,age_ridge,78.648,102.52715686274509,79.33643071517001,0.6884307151700142,20,persistent,102Ah_25degC_1C_cell3,0,0
102Ah_25degC_1C_cell3,26,fixed_window_ridge,78.648,102.52715686274509,80.73631925264161,2.088319252641611,20,persistent,102Ah_25degC_1C_cell3,0,0
102Ah_25degC_1C_cell3,26,mask_ridge,78.648,102.52715686274509,81.20266427992821,2.554664279928218,20,persistent,102Ah_25degC_1C_cell3,0,0
102Ah_25degC_1C_cell3,26,within_cell_ratio_ridge,78.648,102.52715686274509,80.48014152661423,1.8321415266142367,20,persistent,102Ah_25degC_1C_cell3,0,0
102Ah_25degC_1C_cell3,26,rbf_residual,78.648,102.52715686274509,81.74336637622388,3.095366376223879,20,persistent,102Ah_25degC_1C_cell3,0,0
102Ah_25degC_1C_cell3,27,anchor_constant,77.549,102.52715686274509,102.52715686274509,24.97815686274508,20,persistent,102Ah_25degC_1C_cell3,0,0
102Ah_25degC_1C_cell3,27,age_ridge,77.549,102.52715686274509,78.90567526952151,1.356675269521503,20,persistent,102Ah_25degC_1C_cell3,0,0
102Ah_25degC_1C_cell3,27,fixed_window_ridge,77.549,102.52715686274509,80.35516821852447,2.806168218524462,20,persistent,102Ah_25degC_1C_cell3,0,0
102Ah_25degC_1C_cell3,27,mask_ridge,77.549,102.52715686274509,80.83879350661172,3.2897935066117157,20,persistent,102Ah_25degC_1C_cell3,0,0
102Ah_25degC_1C_cell3,27,within_cell_ratio_ridge,77.549,102.52715686274509,80.08472158066417,2.535721580664159,20,persistent,102Ah_25degC_1C_cell3,0,0
102Ah_25degC_1C_cell3,27,rbf_residual,77.549,102.52715686274509,81.4480721385533,3.8990721385532936,20,persistent,102Ah_25degC_1C_cell3,0,0
102Ah_25degC_1C_cell3,28,anchor_constant,76.204,102.52715686274509,102.52715686274509,26.323156862745094,20,persistent,102Ah_25degC_1C_cell3,0,0
102Ah_25degC_1C_cell3,28,age_ridge,76.204,102.52715686274509,78.47086779580147,2.266867795801474,20,persistent,102Ah_25degC_1C_cell3,0,0
102Ah_25degC_1C_cell3,28,fixed_window_ridge,76.204,102.52715686274509,79.97091343327904,3.7669134332790435,20,persistent,102Ah_25degC_1C_cell3,0,0
102Ah_25degC_1C_cell3,28,mask_ridge,76.204,102.52715686274509,80.47201203293841,4.268012032938415,20,persistent,102Ah_25degC_1C_cell3,0,0
102Ah_25degC_1C_cell3,28,within_cell_ratio_ridge,76.204,102.52715686274509,79.6859657810721,3.4819657810721054,20,persistent,102Ah_25degC_1C_cell3,0,0
102Ah_25degC_1C_cell3,28,rbf_residual,76.204,102.52715686274509,80.94074536288467,4.736745362884676,20,persistent,102Ah_25degC_1C_cell3,0,0
102Ah_25degC_1C_cell3,29,anchor_constant,73.38,102.52715686274509,102.52715686274509,29.147156862745092,20,persistent,102Ah_25degC_1C_cell3,0,0
102Ah_25degC_1C_cell3,29,age_ridge,73.38,102.52715686274509,77.49490159288611,4.114901592886113,20,persistent,102Ah_25degC_1C_cell3,0,0
102Ah_25degC_1C_cell3,29,fixed_window_ridge,73.38,102.52715686274509,79.1282460399747,5.748246039974703,20,persistent,102Ah_25degC_1C_cell3,0,0
102Ah_25degC_1C_cell3,29,mask_ridge,73.38,102.52715686274509,78.7992205163692,5.419220516369208,20,persistent,102Ah_25degC_1C_cell3,0,0
102Ah_25degC_1C_cell3,29,within_cell_ratio_ridge,73.38,102.52715686274509,78.80707366222637,5.427073662226377,20,persistent,102Ah_25degC_1C_cell3,0,0
102Ah_25degC_1C_cell3,29,rbf_residual,73.38,102.52715686274509,78.15508195273227,4.775081952732279,20,persistent,102Ah_25degC_1C_cell3,0,0
102Ah_25degC_1C_cell3,30,anchor_constant,70.854,102.52715686274509,102.52715686274509,31.67315686274509,20,persistent,102Ah_25degC_1C_cell3,0,0
102Ah_25degC_1C_cell3,30,age_ridge,70.854,102.52715686274509,77.30394140687321,6.449941406873208,20,persistent,102Ah_25degC_1C_cell3,0,0
102Ah_25degC_1C_cell3,30,fixed_window_ridge,70.854,102.52715686274509,78.97741443411023,8.12341443411023,20,persistent,102Ah_25degC_1C_cell3,0,0
102Ah_25degC_1C_cell3,30,mask_ridge,70.854,102.52715686274509,78.60069085927567,7.746690859275674,20,persistent,102Ah_25degC_1C_cell3,0,0
102Ah_25degC_1C_cell3,30,within_cell_ratio_ridge,70.854,102.52715686274509,78.64892401885139,7.79492401885139,20,persistent,102Ah_25degC_1C_cell3,0,0
102Ah_25degC_1C_cell3,30,rbf_residual,70.854,102.52715686274509,77.84299665924684,6.988996659246837,20,persistent,102Ah_25degC_1C_cell3,0,0
102Ah_35degC_1C_cell1,1,anchor_constant,97.944,102.1385294117647,102.1385294117647,4.194529411764691,20,persistent,102Ah_35degC_1C_cell1,0,0
102Ah_35degC_1C_cell1,1,age_ridge,97.944,102.1385294117647,95.69549004027839,-2.2485099597216163,20,persistent,102Ah_35degC_1C_cell1,0,0
102Ah_35degC_1C_cell1,1,fixed_window_ridge,97.944,102.1385294117647,95.37476037649922,-2.5692396235007777,20,persistent,102Ah_35degC_1C_cell1,0,0
102Ah_35degC_1C_cell1,1,mask_ridge,97.944,102.1385294117647,95.30617079973193,-2.6378292002680723,20,persistent,102Ah_35degC_1C_cell1,0,0
102Ah_35degC_1C_cell1,1,within_cell_ratio_ridge,97.944,102.1385294117647,95.49063923052603,-2.4533607694739743,20,persistent,102Ah_35degC_1C_cell1,0,0
102Ah_35degC_1C_cell1,1,rbf_residual,97.944,102.1385294117647,97.43447322126212,-0.5095267787378788,20,persistent,102Ah_35degC_1C_cell1,0,0
102Ah_35degC_1C_cell1,2,anchor_constant,96.746,102.1385294117647,102.1385294117647,5.3925294117646985,20,persistent,102Ah_35degC_1C_cell1,0,0
102Ah_35degC_1C_cell1,2,age_ridge,96.746,102.1385294117647,94.17833287859594,-2.5676671214040567,20,persistent,102Ah_35degC_1C_cell1,0,0
102Ah_35degC_1C_cell1,2,fixed_window_ridge,96.746,102.1385294117647,93.93006636584035,-2.8159336341596486,20,persistent,102Ah_35degC_1C_cell1,0,0
102Ah_35degC_1C_cell1,2,mask_ridge,96.746,102.1385294117647,93.878505798453,-2.8674942015469895,20,persistent,102Ah_35degC_1C_cell1,0,0
102Ah_35degC_1C_cell1,2,within_cell_ratio_ridge,96.746,102.1385294117647,94.0426905615752,-2.703309438424796,20,persistent,102Ah_35degC_1C_cell1,0,0
102Ah_35degC_1C_cell1,2,rbf_residual,96.746,102.1385294117647,97.00642796532063,0.2604279653206305,20,persistent,102Ah_35degC_1C_cell1,0,0
102Ah_35degC_1C_cell1,3,anchor_constant,95.84,102.1385294117647,102.1385294117647,6.29852941176469,20,persistent,102Ah_35degC_1C_cell1,0,0
102Ah_35degC_1C_cell1,3,age_ridge,95.84,102.1385294117647,93.00521787362365,-2.8347821263763535,20,persistent,102Ah_35degC_1C_cell1,0,0
102Ah_35degC_1C_cell1,3,fixed_window_ridge,95.84,102.1385294117647,92.82398868481576,-3.016011315184244,20,persistent,102Ah_35degC_1C_cell1,0,0
102Ah_35degC_1C_cell1,3,mask_ridge,95.84,102.1385294117647,92.79021117543445,-3.049788824565553,20,persistent,102Ah_35degC_1C_cell1,0,0
102Ah_35degC_1C_cell1,3,within_cell_ratio_ridge,95.84,102.1385294117647,92.92680544036634,-2.9131945596336664,20,persistent,102Ah_35degC_1C_cell1,0,0
102Ah_35degC_1C_cell1,3,rbf_residual,95.84,102.1385294117647,96.08923856814859,0.24923856814858425,20,persistent,102Ah_35degC_1C_cell1,0,0
102Ah_35degC_1C_cell1,4,anchor_constant,95.05,102.1385294117647,102.1385294117647,7.088529411764696,20,persistent,102Ah_35degC_1C_cell1,0,0
102Ah_35degC_1C_cell1,4,age_ridge,95.05,102.1385294117647,91.98426550088519,-3.0657344991148108,20,persistent,102Ah_35degC_1C_cell1,0,0
102Ah_35degC_1C_cell1,4,fixed_window_ridge,95.05,102.1385294117647,91.86772854254865,-3.1822714574513498,20,persistent,102Ah_35degC_1C_cell1,0,0
102Ah_35degC_1C_cell1,4,mask_ridge,95.05,102.1385294117647,91.85207794843296,-3.1979220515670335,20,persistent,102Ah_35degC_1C_cell1,0,0
102Ah_35degC_1C_cell1,4,within_cell_ratio_ridge,95.05,102.1385294117647,91.95781574473355,-3.092184255266446,20,persistent,102Ah_35degC_1C_cell1,0,0
102Ah_35degC_1C_cell1,4,rbf_residual,95.05,102.1385294117647,95.08976989364433,0.039769893644333365,20,persistent,102Ah_35degC_1C_cell1,0,0
102Ah_35degC_1C_cell1,5,anchor_constant,94.325,102.1385294117647,102.1385294117647,7.813529411764691,20,persistent,102Ah_35degC_1C_cell1,0,0
102Ah_35degC_1C_cell1,5,age_ridge,94.325,102.1385294117647,91.04287647012377,-3.2821235298762304,20,persistent,102Ah_35degC_1C_cell1,0,0
102Ah_35degC_1C_cell1,5,fixed_window_ridge,94.325,102.1385294117647,90.99030122043891,-3.3346987795610943,20,persistent,102Ah_35degC_1C_cell1,0,0
102Ah_35degC_1C_cell1,5,mask_ridge,94.325,102.1385294117647,90.99304295007008,-3.331957049929926,20,persistent,102Ah_35degC_1C_cell1,0,0
102Ah_35degC_1C_cell1,5,within_cell_ratio_ridge,94.325,102.1385294117647,91.06592353842811,-3.259076461571894,20,persistent,102Ah_35degC_1C_cell1,0,0
102Ah_35degC_1C_cell1,5,rbf_residual,94.325,102.1385294117647,94.2488177047354,-0.07618229526460141,20,persistent,102Ah_35degC_1C_cell1,0,0
102Ah_35degC_1C_cell1,6,anchor_constant,93.595,102.1385294117647,102.1385294117647,8.543529411764695,20,persistent,102Ah_35degC_1C_cell1,0,0
102Ah_35degC_1C_cell1,6,age_ridge,93.595,102.1385294117647,90.1381210936139,-3.4568789063860947,20,persistent,102Ah_35degC_1C_cell1,0,0
102Ah_35degC_1C_cell1,6,fixed_window_ridge,93.595,102.1385294117647,90.15048521860957,-3.444514781390424,20,persistent,102Ah_35degC_1C_cell1,0,0
102Ah_35degC_1C_cell1,6,mask_ridge,93.595,102.1385294117647,90.17198470732708,-3.4230152926729147,20,persistent,102Ah_35degC_1C_cell1,0,0
102Ah_35degC_1C_cell1,6,within_cell_ratio_ridge,93.595,102.1385294117647,90.21027448579865,-3.3847255142013495,20,persistent,102Ah_35degC_1C_cell1,0,0
102Ah_35degC_1C_cell1,6,rbf_residual,93.595,102.1385294117647,93.2832581597026,-0.31174184029740104,20,persistent,102Ah_35degC_1C_cell1,0,0
102Ah_35degC_1C_cell1,7,anchor_constant,92.852,102.1385294117647,102.1385294117647,9.28652941176469,20,persistent,102Ah_35degC_1C_cell1,0,0
102Ah_35degC_1C_cell1,7,age_ridge,92.852,102.1385294117647,89.15022844358678,-3.7017715564132203,20,persistent,102Ah_35degC_1C_cell1,0,0
102Ah_35degC_1C_cell1,7,fixed_window_ridge,92.852,102.1385294117647,89.23800272356225,-3.6139972764377575,20,persistent,102Ah_35degC_1C_cell1,0,0
102Ah_35degC_1C_cell1,7,mask_ridge,92.852,102.1385294117647,89.27979945955357,-3.572200540446431,20,persistent,102Ah_35degC_1C_cell1,0,0
102Ah_35degC_1C_cell1,7,within_cell_ratio_ridge,92.852,102.1385294117647,89.27955816996992,-3.572441830030087,20,persistent,102Ah_35degC_1C_cell1,0,0
102Ah_35degC_1C_cell1,7,rbf_residual,92.852,102.1385294117647,92.43568601762176,-0.4163139823782416,20,persistent,102Ah_35degC_1C_cell1,0,0
102Ah_35degC_1C_cell1,8,anchor_constant,92.207,102.1385294117647,102.1385294117647,9.9315294117647,20,persistent,102Ah_35degC_1C_cell1,0,0
102Ah_35degC_1C_cell1,8,age_ridge,92.207,102.1385294117647,88.34881531476893,-3.858184685231066,20,persistent,102Ah_35degC_1C_cell1,0,0
102Ah_35degC_1C_cell1,8,fixed_window_ridge,92.207,102.1385294117647,88.49887042875496,-3.7081295712450384,20,persistent,102Ah_35degC_1C_cell1,0,0
102Ah_35degC_1C_cell1,8,mask_ridge,92.207,102.1385294117647,88.55946404915449,-3.6475359508455085,20,persistent,102Ah_35degC_1C_cell1,0,0
102Ah_35degC_1C_cell1,8,within_cell_ratio_ridge,92.207,102.1385294117647,88.52306649035359,-3.6839335096464083,20,persistent,102Ah_35degC_1C_cell1,0,0
102Ah_35degC_1C_cell1,8,rbf_residual,92.207,102.1385294117647,91.46152919837927,-0.7454708016207263,20,persistent,102Ah_35degC_1C_cell1,0,0
102Ah_35degC_1C_cell1,9,anchor_constant,91.607,102.1385294117647,102.1385294117647,10.531529411764694,20,persistent,102Ah_35degC_1C_cell1,0,0
102Ah_35degC_1C_cell1,9,age_ridge,91.607,102.1385294117647,87.48835202717999,-4.118647972820014,20,persistent,102Ah_35degC_1C_cell1,0,0
102Ah_35degC_1C_cell1,9,fixed_window_ridge,91.607,102.1385294117647,87.70834465707162,-3.898655342928379,20,persistent,102Ah_35degC_1C_cell1,0,0
102Ah_35degC_1C_cell1,9,mask_ridge,91.607,102.1385294117647,87.78882061844152,-3.8181793815584797,20,persistent,102Ah_35degC_1C_cell1,0,0
102Ah_35degC_1C_cell1,9,within_cell_ratio_ridge,91.607,102.1385294117647,87.71342863373722,-3.8935713662627762,20,persistent,102Ah_35degC_1C_cell1,0,0
102Ah_35degC_1C_cell1,9,rbf_residual,91.607,102.1385294117647,90.58625663627794,-1.0207433637220618,20,persistent,102Ah_35degC_1C_cell1,0,0
102Ah_35degC_1C_cell1,10,anchor_constant,90.941,102.1385294117647,102.1385294117647,11.197529411764691,20,persistent,102Ah_35degC_1C_cell1,0,0
102Ah_35degC_1C_cell1,10,age_ridge,90.941,102.1385294117647,86.73288839073561,-4.208111609264392,20,persistent,102Ah_35degC_1C_cell1,0,0
102Ah_35degC_1C_cell1,10,fixed_window_ridge,90.941,102.1385294117647,87.01443983065342,-3.926560169346587,20,persistent,102Ah_35degC_1C_cell1,0,0
102Ah_35degC_1C_cell1,10,mask_ridge,90.941,102.1385294117647,87.11381425266322,-3.8271857473367845,20,persistent,102Ah_35degC_1C_cell1,0,0
102Ah_35degC_1C_cell1,10,within_cell_ratio_ridge,90.941,102.1385294117647,87.00128765514128,-3.9397123448587195,20,persistent,102Ah_35degC_1C_cell1,0,0
102Ah_35degC_1C_cell1,10,rbf_residual,90.941,102.1385294117647,87.51937877904092,-3.421621220959082,20,persistent,102Ah_35degC_1C_cell1,0,0
102Ah_35degC_1C_cell1,11,anchor_constant,89.839,102.1385294117647,102.1385294117647,12.299529411764695,20,persistent,102Ah_35degC_1C_cell1,0,0
102Ah_35degC_1C_cell1,11,age_ridge,89.839,102.1385294117647,85.98914938243857,-3.8498506175614295,20,persistent,102Ah_35degC_1C_cell1,0,0
102Ah_35degC_1C_cell1,11,fixed_window_ridge,89.839,102.1385294117647,86.3322801049965,-3.5067198950034992,20,persistent,102Ah_35degC_1C_cell1,0,0
102Ah_35degC_1C_cell1,11,mask_ridge,89.839,102.1385294117647,86.45068921972278,-3.388310780277223,20,persistent,102Ah_35degC_1C_cell1,0,0
102Ah_35degC_1C_cell1,11,within_cell_ratio_ridge,89.839,102.1385294117647,86.3005076885222,-3.538492311477796,20,persistent,102Ah_35degC_1C_cell1,0,0
102Ah_35degC_1C_cell1,11,rbf_residual,89.839,102.1385294117647,88.55281867287638,-1.2861813271236144,20,persistent,102Ah_35degC_1C_cell1,0,0
102Ah_35degC_1C_cell1,12,anchor_constant,89.102,102.1385294117647,102.1385294117647,13.03652941176469,20,persistent,102Ah_35degC_1C_cell1,0,0
102Ah_35degC_1C_cell1,12,age_ridge,89.102,102.1385294117647,85.1021186032345,-3.9998813967655025,20,persistent,102Ah_35degC_1C_cell1,0,0
102Ah_35degC_1C_cell1,12,fixed_window_ridge,89.102,102.1385294117647,85.52364892903103,-3.578351070968978,20,persistent,102Ah_35degC_1C_cell1,0,0
102Ah_35degC_1C_cell1,12,mask_ridge,89.102,102.1385294117647,85.6634013146716,-3.438598685328401,20,persistent,102Ah_35degC_1C_cell1,0,0
102Ah_35degC_1C_cell1,12,within_cell_ratio_ridge,89.102,102.1385294117647,85.46976491668585,-3.632235083314157,20,persistent,102Ah_35degC_1C_cell1,0,0
102Ah_35degC_1C_cell1,12,rbf_residual,89.102,102.1385294117647,87.73562410021655,-1.3663758997834492,20,persistent,102Ah_35degC_1C_cell1,0,0
102Ah_35degC_1C_cell1,13,anchor_constant,88.517,102.1385294117647,102.1385294117647,13.621529411764698,20,persistent,102Ah_35degC_1C_cell1,0,0
102Ah_35degC_1C_cell1,13,age_ridge,88.517,102.1385294117647,84.39128390716003,-4.125716092839966,20,persistent,102Ah_35degC_1C_cell1,0,0
102Ah_35degC_1C_cell1,13,fixed_window_ridge,88.517,102.1385294117647,84.87350056812991,-3.643499431870083,20,persistent,102Ah_35degC_1C_cell1,0,0
102Ah_35degC_1C_cell1,13,mask_ridge,88.517,102.1385294117647,85.03221902597221,-3.4847809740277853,20,persistent,102Ah_35degC_1C_cell1,0,0
102Ah_35degC_1C_cell1,13,within_cell_ratio_ridge,88.517,102.1385294117647,84.80060222262908,-3.716397777370915,20,persistent,102Ah_35degC_1C_cell1,0,0
102Ah_35degC_1C_cell1,13,rbf_residual,88.517,102.1385294117647,86.74331439299134,-1.7736856070086588,20,persistent,102Ah_35degC_1C_cell1,0,0
102Ah_35degC_1C_cell1,14,anchor_constant,87.874,102.1385294117647,102.1385294117647,14.264529411764698,20,persistent,102Ah_35degC_1C_cell1,0,0
102Ah_35degC_1C_cell1,14,age_ridge,87.874,102.1385294117647,83.68948155372004,-4.184518446279952,20,persistent,102Ah_35degC_1C_cell1,0,0
102Ah_35degC_1C_cell1,14,fixed_window_ridge,87.874,102.1385294117647,84.23219278957386,-3.641807210426137,20,persistent,102Ah_35degC_1C_cell1,0,0
102Ah_35degC_1C_cell1,14,mask_ridge,87.874,102.1385294117647,84.40988851743678,-3.4641114825632116,20,persistent,102Ah_35degC_1C_cell1,0,0
102Ah_35degC_1C_cell1,14,within_cell_ratio_ridge,87.874,102.1385294117647,84.14012880744882,-3.7338711925511774,20,persistent,102Ah_35degC_1C_cell1,0,0
102Ah_35degC_1C_cell1,14,rbf_residual,87.874,102.1385294117647,85.7978232017833,-2.076176798216693,20,persistent,102Ah_35degC_1C_cell1,0,0
102Ah_35degC_1C_cell1,15,anchor_constant,87.254,102.1385294117647,102.1385294117647,14.884529411764689,20,persistent,102Ah_35degC_1C_cell1,0,0
102Ah_35degC_1C_cell1,15,age_ridge,87.254,102.1385294117647,82.9922828137406,-4.261717186259403,20,persistent,102Ah_35degC_1C_cell1,0,0
102Ah_35degC_1C_cell1,15,fixed_window_ridge,87.254,102.1385294117647,83.59570823155175,-3.658291768448251,20,persistent,102Ah_35degC_1C_cell1,0,0
102Ah_35degC_1C_cell1,15,mask_ridge,87.254,102.1385294117647,83.7924441072598,-3.4615558927402077,20,persistent,102Ah_35degC_1C_cell1,0,0
102Ah_35degC_1C_cell1,15,within_cell_ratio_ridge,87.254,102.1385294117647,83.48426590771648,-3.769734092283528,20,persistent,102Ah_35degC_1C_cell1,0,0
102Ah_35degC_1C_cell1,15,rbf_residual,87.254,102.1385294117647,82.80985386659935,-4.4441461334006505,20,persistent,102Ah_35degC_1C_cell1,0,0
102Ah_35degC_1C_cell1,16,anchor_constant,86.669,102.1385294117647,102.1385294117647,15.469529411764697,20,persistent,102Ah_35degC_1C_cell1,0,0
102Ah_35degC_1C_cell1,16,age_ridge,86.669,102.1385294117647,82.26978532661714,-4.399214673382858,20,persistent,102Ah_35degC_1C_cell1,0,0
102Ah_35degC_1C_cell1,16,fixed_window_ridge,86.669,102.1385294117647,82.93746837388709,-3.7315316261129112,20,persistent,102Ah_35degC_1C_cell1,0,0
102Ah_35degC_1C_cell1,16,mask_ridge,86.669,102.1385294117647,83.15381278023209,-3.5151872197679097,20,persistent,102Ah_35degC_1C_cell1,0,0
102Ah_35degC_1C_cell1,16,within_cell_ratio_ridge,86.669,102.1385294117647,82.80573226211837,-3.8632677378816282,20,persistent,102Ah_35degC_1C_cell1,0,0
102Ah_35degC_1C_cell1,16,rbf_residual,86.669,102.1385294117647,81.46010876108127,-5.208891238918724,20,persistent,102Ah_35degC_1C_cell1,0,0
102Ah_35degC_1C_cell1,17,anchor_constant,86.04,102.1385294117647,102.1385294117647,16.098529411764687,20,persistent,102Ah_35degC_1C_cell1,0,0
102Ah_35degC_1C_cell1,17,age_ridge,86.04,102.1385294117647,81.52362953813858,-4.5163704618614275,20,persistent,102Ah_35degC_1C_cell1,0,0
102Ah_35degC_1C_cell1,17,fixed_window_ridge,86.04,102.1385294117647,82.25918321177869,-3.7808167882213155,20,persistent,102Ah_35degC_1C_cell1,0,0
102Ah_35degC_1C_cell1,17,mask_ridge,86.04,102.1385294117647,82.49574941003456,-3.5442505899654435,20,persistent,102Ah_35degC_1C_cell1,0,0
102Ah_35degC_1C_cell1,17,within_cell_ratio_ridge,86.04,102.1385294117647,82.10613722666365,-3.933862773336358,20,persistent,102Ah_35degC_1C_cell1,0,0
102Ah_35degC_1C_cell1,17,rbf_residual,86.04,102.1385294117647,79.88295841405352,-6.157041585946487,20,persistent,102Ah_35degC_1C_cell1,0,0
102Ah_35degC_1C_cell1,18,anchor_constant,85.225,102.1385294117647,102.1385294117647,16.9135294117647,20,persistent,102Ah_35degC_1C_cell1,0,0
102Ah_35degC_1C_cell1,18,age_ridge,85.225,102.1385294117647,80.77308241951383,-4.4519175804861675,20,persistent,102Ah_35degC_1C_cell1,0,0
102Ah_35degC_1C_cell1,18,fixed_window_ridge,85.225,102.1385294117647,81.57809290873293,-3.6469070912670674,20,persistent,102Ah_35degC_1C_cell1,0,0
102Ah_35degC_1C_cell1,18,mask_ridge,85.225,102.1385294117647,81.8350838514196,-3.3899161485803972,20,persistent,102Ah_35degC_1C_cell1,0,0
102Ah_35degC_1C_cell1,18,within_cell_ratio_ridge,85.225,102.1385294117647,81.40323034285478,-3.821769657145211,20,persistent,102Ah_35degC_1C_cell1,0,0
102Ah_35degC_1C_cell1,18,rbf_residual,85.225,102.1385294117647,79.3418134967989,-5.883186503201088,20,persistent,102Ah_35degC_1C_cell1,0,0
102Ah_35degC_1C_cell1,19,anchor_constant,84.635,102.1385294117647,102.1385294117647,17.50352941176469,20,persistent,102Ah_35degC_1C_cell1,0,0
102Ah_35degC_1C_cell1,19,age_ridge,84.635,102.1385294117647,80.10303868471414,-4.531961315285869,20,persistent,102Ah_35degC_1C_cell1,0,0
102Ah_35degC_1C_cell1,19,fixed_window_ridge,84.635,102.1385294117647,80.96830683095547,-3.6666931690445352,20,persistent,102Ah_35degC_1C_cell1,0,0
102Ah_35degC_1C_cell1,19,mask_ridge,84.635,102.1385294117647,81.24432315534952,-3.3906768446504856,20,persistent,102Ah_35degC_1C_cell1,0,0
102Ah_35degC_1C_cell1,19,within_cell_ratio_ridge,84.635,102.1385294117647,80.77362865802355,-3.861371341976451,20,persistent,102Ah_35degC_1C_cell1,0,0
102Ah_35degC_1C_cell1,19,rbf_residual,84.635,102.1385294117647,78.77407852219082,-5.860921477809185,20,persistent,102Ah_35degC_1C_cell1,0,0
102Ah_35degC_1C_cell1,20,anchor_constant,84.066,102.1385294117647,102.1385294117647,18.07252941176469,20,persistent,102Ah_35degC_1C_cell1,0,0
102Ah_35degC_1C_cell1,20,age_ridge,84.066,102.1385294117647,79.43813715038863,-4.627862849611375,20,persistent,102Ah_35degC_1C_cell1,0,0
102Ah_35degC_1C_cell1,20,fixed_window_ridge,84.066,102.1385294117647,80.36315601412426,-3.702843985875745,20,persistent,102Ah_35degC_1C_cell1,0,0
102Ah_35degC_1C_cell1,20,mask_ridge,84.066,102.1385294117647,80.65827109347224,-3.4077289065277654,20,persistent,102Ah_35degC_1C_cell1,0,0
102Ah_35degC_1C_cell1,20,within_cell_ratio_ridge,84.066,102.1385294117647,80.14860999056651,-3.9173900094334897,20,persistent,102Ah_35degC_1C_cell1,0,0
102Ah_35degC_1C_cell1,20,rbf_residual,84.066,102.1385294117647,77.49991867816422,-6.566081321835782,20,persistent,102Ah_35degC_1C_cell1,0,0
102Ah_35degC_1C_cell1,21,anchor_constant,83.481,102.1385294117647,102.1385294117647,18.6575294117647,20,persistent,102Ah_35degC_1C_cell1,0,0
102Ah_35degC_1C_cell1,21,age_ridge,83.481,102.1385294117647,78.76667232459164,-4.714327675408356,20,persistent,102Ah_35degC_1C_cell1,0,0
102Ah_35degC_1C_cell1,21,fixed_window_ridge,83.481,102.1385294117647,79.75272110349353,-3.728278896506467,20,persistent,102Ah_35degC_1C_cell1,0,0
102Ah_35degC_1C_cell1,21,mask_ridge,83.481,102.1385294117647,80.0671327041344,-3.4138672958656002,20,persistent,102Ah_35degC_1C_cell1,0,0
102Ah_35degC_1C_cell1,21,within_cell_ratio_ridge,83.481,102.1385294117647,79.51792949821014,-3.9630705017898578,20,persistent,102Ah_35degC_1C_cell1,0,0
102Ah_35degC_1C_cell1,21,rbf_residual,83.481,102.1385294117647,76.40737933683778,-7.073620663162217,20,persistent,102Ah_35degC_1C_cell1,0,0
102Ah_35degC_1C_cell1,22,anchor_constant,82.816,102.1385294117647,102.1385294117647,19.32252941176469,20,persistent,102Ah_35degC_1C_cell1,0,0
102Ah_35degC_1C_cell1,22,age_ridge,82.816,102.1385294117647,78.1135194121744,-4.702480587825605,20,persistent,102Ah_35degC_1C_cell1,0,0
102Ah_35degC_1C_cell1,22,fixed_window_ridge,82.816,102.1385294117647,79.15875866196134,-3.6572413380386593,20,persistent,102Ah_35degC_1C_cell1,0,0
102Ah_35degC_1C_cell1,22,mask_ridge,82.816,102.1385294117647,79.49215740938732,-3.323842590612685,20,persistent,102Ah_35degC_1C_cell1,0,0
102Ah_35degC_1C_cell1,22,within_cell_ratio_ridge,82.816,102.1385294117647,78.9041042396488,-3.9118957603512,20,persistent,102Ah_35degC_1C_cell1,0,0
102Ah_35degC_1C_cell1,22,rbf_residual,82.816,102.1385294117647,75.31378104361977,-7.502218956380233,20,persistent,102Ah_35degC_1C_cell1,0,0
102Ah_35degC_1C_cell1,23,anchor_constant,82.089,102.1385294117647,102.1385294117647,20.049529411764695,20,persistent,102Ah_35degC_1C_cell1,0,0
102Ah_35degC_1C_cell1,23,age_ridge,82.089,102.1385294117647,77.4375155546492,-4.651484445350803,20,persistent,102Ah_35degC_1C_cell1,0,0
102Ah_35degC_1C_cell1,23,fixed_window_ridge,82.089,102.1385294117647,78.54552809208458,-3.5434719079154178,20,persistent,102Ah_35degC_1C_cell1,0,0
102Ah_35degC_1C_cell1,23,mask_ridge,82.089,102.1385294117647,78.8983752346912,-3.1906247653087974,20,persistent,102Ah_35degC_1C_cell1,0,0
102Ah_35degC_1C_cell1,23,within_cell_ratio_ridge,82.089,102.1385294117647,78.27013713632361,-3.8188628636763866,20,persistent,102Ah_35degC_1C_cell1,0,0
102Ah_35degC_1C_cell1,23,rbf_residual,82.089,102.1385294117647,74.285420078118,-7.8035799218820046,20,persistent,102Ah_35degC_1C_cell1,0,0
102Ah_35degC_1C_cell1,24,anchor_constant,81.26,102.1385294117647,102.1385294117647,20.87852941176469,20,persistent,102Ah_35degC_1C_cell1,0,0
102Ah_35degC_1C_cell1,24,age_ridge,81.26,102.1385294117647,76.94905134507869,-4.310948654921319,20,persistent,102Ah_35degC_1C_cell1,0,0
102Ah_35degC_1C_cell1,24,fixed_window_ridge,81.26,102.1385294117647,78.39570010513394,-2.8642998948660647,20,persistent,102Ah_35degC_1C_cell1,0,0
102Ah_35degC_1C_cell1,24,mask_ridge,81.26,102.1385294117647,77.74736823707237,-3.51263176292764,20,persistent,102Ah_35degC_1C_cell1,0,0
102Ah_35degC_1C_cell1,24,within_cell_ratio_ridge,81.26,102.1385294117647,77.92311434729855,-3.3368856527014543,20,persistent,102Ah_35degC_1C_cell1,0,0
102Ah_35degC_1C_cell1,24,rbf_residual,81.26,102.1385294117647,71.50991715678836,-9.750082843211644,20,persistent,102Ah_35degC_1C_cell1,0,0
102Ah_35degC_1C_cell1,25,anchor_constant,80.436,102.1385294117647,102.1385294117647,21.702529411764687,20,persistent,102Ah_35degC_1C_cell1,0,0
102Ah_35degC_1C_cell1,25,age_ridge,80.436,102.1385294117647,76.91561227626703,-3.5203877237329806,20,persistent,102Ah_35degC_1C_cell1,0,0
102Ah_35degC_1C_cell1,25,fixed_window_ridge,80.436,102.1385294117647,79.1228359359854,-1.3131640640146003,20,persistent,102Ah_35degC_1C_cell1,0,0
102Ah_35degC_1C_cell1,25,mask_ridge,80.436,102.1385294117647,78.74099824422481,-1.6950017557751949,20,persistent,102Ah_35degC_1C_cell1,0,0
102Ah_35degC_1C_cell1,25,within_cell_ratio_ridge,80.436,102.1385294117647,78.17211782214044,-2.2638821778595712,20,persistent,102Ah_35degC_1C_cell1,0,0
102Ah_35degC_1C_cell1,25,rbf_residual,80.436,102.1385294117647,71.5768373499732,-8.859162650026803,20,persistent,102Ah_35degC_1C_cell1,0,0
102Ah_35degC_1C_cell1,26,anchor_constant,79.583,102.1385294117647,102.1385294117647,22.555529411764695,20,persistent,102Ah_35degC_1C_cell1,0,0
102Ah_35degC_1C_cell1,26,age_ridge,79.583,102.1385294117647,76.88952665566504,-2.6934733443349614,20,persistent,102Ah_35degC_1C_cell1,0,0
102Ah_35degC_1C_cell1,26,fixed_window_ridge,79.583,102.1385294117647,79.74195110913834,0.15895110913834287,20,persistent,102Ah_35degC_1C_cell1,0,0
102Ah_35degC_1C_cell1,26,mask_ridge,79.583,102.1385294117647,79.58619707528997,0.0031970752899752597,20,persistent,102Ah_35degC_1C_cell1,0,0
102Ah_35degC_1C_cell1,26,within_cell_ratio_ridge,79.583,102.1385294117647,78.3855672787914,-1.1974327212085996,20,persistent,102Ah_35degC_1C_cell1,0,0
102Ah_35degC_1C_cell1,26,rbf_residual,79.583,102.1385294117647,71.2428113287213,-8.340188671278696,20,persistent,102Ah_35degC_1C_cell1,0,0
102Ah_35degC_1C_cell1,27,anchor_constant,78.65,102.1385294117647,102.1385294117647,23.488529411764688,20,persistent,102Ah_35degC_1C_cell1,0,0
102Ah_35degC_1C_cell1,27,age_ridge,78.65,102.1385294117647,76.86551336105748,-1.784486638942525,20,persistent,102Ah_35degC_1C_cell1,0,0
102Ah_35degC_1C_cell1,27,fixed_window_ridge,78.65,102.1385294117647,80.35985140323177,1.7098514032317667,20,persistent,102Ah_35degC_1C_cell1,0,0
102Ah_35degC_1C_cell1,27,mask_ridge,78.65,102.1385294117647,80.42904179768317,1.7790417976831634,20,persistent,102Ah_35degC_1C_cell1,0,0
102Ah_35degC_1C_cell1,27,within_cell_ratio_ridge,78.65,102.1385294117647,78.59981524366773,-0.05018475633227126,20,persistent,102Ah_35degC_1C_cell1,0,0
102Ah_35degC_1C_cell1,27,rbf_residual,78.65,102.1385294117647,70.92580705024737,-7.724192949752634,20,persistent,102Ah_35degC_1C_cell1,0,0
102Ah_35degC_1C_cell1,28,anchor_constant,77.59,102.1385294117647,102.1385294117647,24.54852941176469,20,persistent,102Ah_35degC_1C_cell1,0,0
102Ah_35degC_1C_cell1,28,age_ridge,77.59,102.1385294117647,75.72675113792909,-1.8632488620709182,20,persistent,102Ah_35degC_1C_cell1,0,0
102Ah_35degC_1C_cell1,28,fixed_window_ridge,77.59,102.1385294117647,77.04098708147785,-0.549012918522152,20,persistent,102Ah_35degC_1C_cell1,0,0
102Ah_35degC_1C_cell1,28,mask_ridge,77.59,102.1385294117647,76.37375808803733,-1.216241911962669,20,persistent,102Ah_35degC_1C_cell1,0,0
102Ah_35degC_1C_cell1,28,within_cell_ratio_ridge,77.59,102.1385294117647,76.71018507832048,-0.8798149216795252,20,persistent,102Ah_35degC_1C_cell1,0,0
102Ah_35degC_1C_cell1,28,rbf_residual,77.59,102.1385294117647,70.61405620493191,-6.9759437950680905,20,persistent,102Ah_35degC_1C_cell1,0,0
102Ah_35degC_1C_cell1,29,anchor_constant,76.374,102.1385294117647,102.1385294117647,25.7645294117647,20,persistent,102Ah_35degC_1C_cell1,0,0
102Ah_35degC_1C_cell1,29,age_ridge,76.374,102.1385294117647,75.12405231851213,-1.2499476814878676,20,persistent,102Ah_35degC_1C_cell1,0,0
102Ah_35degC_1C_cell1,29,fixed_window_ridge,76.374,102.1385294117647,76.64414995874557,0.2701499587455771,20,persistent,102Ah_35degC_1C_cell1,0,0
102Ah_35degC_1C_cell1,29,mask_ridge,76.374,102.1385294117647,75.9615744070702,-0.4124255929297931,20,persistent,102Ah_35degC_1C_cell1,0,0
102Ah_35degC_1C_cell1,29,within_cell_ratio_ridge,76.374,102.1385294117647,76.20253783091766,-0.17146216908233214,20,persistent,102Ah_35degC_1C_cell1,0,0
102Ah_35degC_1C_cell1,29,rbf_residual,76.374,102.1385294117647,69.74346760730597,-6.630532392694022,20,persistent,102Ah_35degC_1C_cell1,0,0
102Ah_35degC_1C_cell1,30,anchor_constant,75.089,102.1385294117647,102.1385294117647,27.049529411764695,20,persistent,102Ah_35degC_1C_cell1,0,0
102Ah_35degC_1C_cell1,30,age_ridge,75.089,102.1385294117647,75.10593793441505,0.0169379344150542,20,persistent,102Ah_35degC_1C_cell1,0,0
102Ah_35degC_1C_cell1,30,fixed_window_ridge,75.089,102.1385294117647,77.26768116147088,2.1786811614708768,20,persistent,102Ah_35degC_1C_cell1,0,0
102Ah_35degC_1C_cell1,30,mask_ridge,75.089,102.1385294117647,76.8099944848856,1.7209944848856082,20,persistent,102Ah_35degC_1C_cell1,0,0
102Ah_35degC_1C_cell1,30,within_cell_ratio_ridge,75.089,102.1385294117647,76.42242302285231,1.3334230228523154,20,persistent,102Ah_35degC_1C_cell1,0,0
102Ah_35degC_1C_cell1,30,rbf_residual,75.089,102.1385294117647,69.80700962478987,-5.281990375210128,20,persistent,102Ah_35degC_1C_cell1,0,0
102Ah_45degC_0p5C_cell3,1,anchor_constant,97.213,103.01980392156864,103.01980392156864,5.806803921568644,20,persistent,102Ah_45degC_0p5C_cell3,0,0
102Ah_45degC_0p5C_cell3,1,age_ridge,97.213,103.01980392156864,95.07073445789634,-2.142265542103658,20,persistent,102Ah_45degC_0p5C_cell3,0,0
102Ah_45degC_0p5C_cell3,1,fixed_window_ridge,97.213,103.01980392156864,95.07073445789634,-2.142265542103658,20,persistent,102Ah_45degC_0p5C_cell3,0,0
102Ah_45degC_0p5C_cell3,1,mask_ridge,97.213,103.01980392156864,97.33082438341282,0.11782438341282386,20,persistent,102Ah_45degC_0p5C_cell3,0,0
102Ah_45degC_0p5C_cell3,1,within_cell_ratio_ridge,97.213,103.01980392156864,95.07073445789634,-2.142265542103658,20,persistent,102Ah_45degC_0p5C_cell3,0,0
102Ah_45degC_0p5C_cell3,1,rbf_residual,97.213,103.01980392156864,97.02979622643842,-0.1832037735615728,20,persistent,102Ah_45degC_0p5C_cell3,0,0
102Ah_45degC_0p5C_cell3,2,anchor_constant,96.093,103.01980392156864,103.01980392156864,6.926803921568634,20,persistent,102Ah_45degC_0p5C_cell3,0,0
102Ah_45degC_0p5C_cell3,2,age_ridge,96.093,103.01980392156864,93.90097931216437,-2.1920206878356367,20,persistent,102Ah_45degC_0p5C_cell3,0,0
102Ah_45degC_0p5C_cell3,2,fixed_window_ridge,96.093,103.01980392156864,93.90097931216437,-2.1920206878356367,20,persistent,102Ah_45degC_0p5C_cell3,0,0
102Ah_45degC_0p5C_cell3,2,mask_ridge,96.093,103.01980392156864,96.20524030375437,0.112240303754362,20,persistent,102Ah_45degC_0p5C_cell3,0,0
102Ah_45degC_0p5C_cell3,2,within_cell_ratio_ridge,96.093,103.01980392156864,93.90097931216437,-2.1920206878356367,20,persistent,102Ah_45degC_0p5C_cell3,0,0
102Ah_45degC_0p5C_cell3,2,rbf_residual,96.093,103.01980392156864,95.45300577056003,-0.6399942294399779,20,persistent,102Ah_45degC_0p5C_cell3,0,0
102Ah_45degC_0p5C_cell3,3,anchor_constant,95.183,103.01980392156864,103.01980392156864,7.836803921568631,20,persistent,102Ah_45degC_0p5C_cell3,0,0
102Ah_45degC_0p5C_cell3,3,age_ridge,95.183,103.01980392156864,92.9437967051922,-2.239203294807808,20,persistent,102Ah_45degC_0p5C_cell3,0,0
102Ah_45degC_0p5C_cell3,3,fixed_window_ridge,95.183,103.01980392156864,92.9437967051922,-2.239203294807808,20,persistent,102Ah_45degC_0p5C_cell3,0,0
102Ah_45degC_0p5C_cell3,3,mask_ridge,95.183,103.01980392156864,95.30914783442547,0.12614783442546695,20,persistent,102Ah_45degC_0p5C_cell3,0,0
102Ah_45degC_0p5C_cell3,3,within_cell_ratio_ridge,95.183,103.01980392156864,92.9437967051922,-2.239203294807808,20,persistent,102Ah_45degC_0p5C_cell3,0,0
102Ah_45degC_0p5C_cell3,3,rbf_residual,95.183,103.01980392156864,93.94217609251905,-1.2408239074809586,20,persistent,102Ah_45degC_0p5C_cell3,0,0
102Ah_45degC_0p5C_cell3,4,anchor_constant,94.405,103.01980392156864,103.01980392156864,8.614803921568637,20,persistent,102Ah_45degC_0p5C_cell3,0,0
102Ah_45degC_0p5C_cell3,4,age_ridge,94.405,103.01980392156864,92.04141580412468,-2.363584195875319,20,persistent,102Ah_45degC_0p5C_cell3,0,0
102Ah_45degC_0p5C_cell3,4,fixed_window_ridge,94.405,103.01980392156864,92.04141580412468,-2.363584195875319,20,persistent,102Ah_45degC_0p5C_cell3,0,0
102Ah_45degC_0p5C_cell3,4,mask_ridge,94.405,103.01980392156864,91.9940361902246,-2.410963809775396,20,persistent,102Ah_45degC_0p5C_cell3,0,0
102Ah_45degC_0p5C_cell3,4,within_cell_ratio_ridge,94.405,103.01980392156864,92.04141580412468,-2.363584195875319,20,persistent,102Ah_45degC_0p5C_cell3,0,0
102Ah_45degC_0p5C_cell3,4,rbf_residual,94.405,103.01980392156864,91.82064081237985,-2.5843591876201515,20,persistent,102Ah_45degC_0p5C_cell3,0,0
102Ah_45degC_0p5C_cell3,5,anchor_constant,93.579,103.01980392156864,103.01980392156864,9.440803921568644,20,persistent,102Ah_45degC_0p5C_cell3,0,0
102Ah_45degC_0p5C_cell3,5,age_ridge,93.579,103.01980392156864,91.0998234042892,-2.479176595710797,20,persistent,102Ah_45degC_0p5C_cell3,0,0
102Ah_45degC_0p5C_cell3,5,fixed_window_ridge,93.579,103.01980392156864,91.0998234042892,-2.479176595710797,20,persistent,102Ah_45degC_0p5C_cell3,0,0
102Ah_45degC_0p5C_cell3,5,mask_ridge,93.579,103.01980392156864,91.08208654826925,-2.496913451730748,20,persistent,102Ah_45degC_0p5C_cell3,0,0
102Ah_45degC_0p5C_cell3,5,within_cell_ratio_ridge,93.579,103.01980392156864,91.0998234042892,-2.479176595710797,20,persistent,102Ah_45degC_0p5C_cell3,0,0
102Ah_45degC_0p5C_cell3,5,rbf_residual,93.579,103.01980392156864,89.24346770639474,-4.3355322936052545,20,persistent,102Ah_45degC_0p5C_cell3,0,0
102Ah_45degC_0p5C_cell3,6,anchor_constant,92.867,103.01980392156864,103.01980392156864,10.152803921568633,20,persistent,102Ah_45degC_0p5C_cell3,0,0
102Ah_45degC_0p5C_cell3,6,age_ridge,92.867,103.01980392156864,90.38601539874985,-2.4809846012501566,20,persistent,102Ah_45degC_0p5C_cell3,0,0
102Ah_45degC_0p5C_cell3,6,fixed_window_ridge,92.867,103.01980392156864,90.38601539874985,-2.4809846012501566,20,persistent,102Ah_45degC_0p5C_cell3,0,0
102Ah_45degC_0p5C_cell3,6,mask_ridge,92.867,103.01980392156864,90.39434164628324,-2.472658353716767,20,persistent,102Ah_45degC_0p5C_cell3,0,0
102Ah_45degC_0p5C_cell3,6,within_cell_ratio_ridge,92.867,103.01980392156864,90.38601539874985,-2.4809846012501566,20,persistent,102Ah_45degC_0p5C_cell3,0,0
102Ah_45degC_0p5C_cell3,6,rbf_residual,92.867,103.01980392156864,89.532030666137,-3.3349693338630004,20,persistent,102Ah_45degC_0p5C_cell3,0,0
102Ah_45degC_0p5C_cell3,7,anchor_constant,92.307,103.01980392156864,103.01980392156864,10.712803921568636,20,persistent,102Ah_45degC_0p5C_cell3,0,0
102Ah_45degC_0p5C_cell3,7,age_ridge,92.307,103.01980392156864,89.24414438633464,-3.062855613665363,20,persistent,102Ah_45degC_0p5C_cell3,0,0
102Ah_45degC_0p5C_cell3,7,fixed_window_ridge,92.307,103.01980392156864,89.24414438633464,-3.062855613665363,20,persistent,102Ah_45degC_0p5C_cell3,0,0
102Ah_45degC_0p5C_cell3,7,mask_ridge,92.307,103.01980392156864,91.68943626189669,-0.6175637381033141,20,persistent,102Ah_45degC_0p5C_cell3,0,0
102Ah_45degC_0p5C_cell3,7,within_cell_ratio_ridge,92.307,103.01980392156864,89.24414438633464,-3.062855613665363,20,persistent,102Ah_45degC_0p5C_cell3,0,0
102Ah_45degC_0p5C_cell3,7,rbf_residual,92.307,103.01980392156864,90.21582242799872,-2.0911775720012855,20,persistent,102Ah_45degC_0p5C_cell3,0,0
102Ah_45degC_0p5C_cell3,8,anchor_constant,91.334,103.01980392156864,103.01980392156864,11.685803921568635,20,persistent,102Ah_45degC_0p5C_cell3,0,0
102Ah_45degC_0p5C_cell3,8,age_ridge,91.334,103.01980392156864,88.30129935002878,-3.0327006499712184,20,persistent,102Ah_45degC_0p5C_cell3,0,0
102Ah_45degC_0p5C_cell3,8,fixed_window_ridge,91.334,103.01980392156864,88.30129935002878,-3.0327006499712184,20,persistent,102Ah_45degC_0p5C_cell3,0,0
102Ah_45degC_0p5C_cell3,8,mask_ridge,91.334,103.01980392156864,88.37995100518239,-2.9540489948176116,20,persistent,102Ah_45degC_0p5C_cell3,0,0
102Ah_45degC_0p5C_cell3,8,within_cell_ratio_ridge,91.334,103.01980392156864,88.30129935002878,-3.0327006499712184,20,persistent,102Ah_45degC_0p5C_cell3,0,0
102Ah_45degC_0p5C_cell3,8,rbf_residual,91.334,103.01980392156864,85.71756937117482,-5.616430628825185,20,persistent,102Ah_45degC_0p5C_cell3,0,0
102Ah_45degC_0p5C_cell3,9,anchor_constant,90.546,103.01980392156864,103.01980392156864,12.473803921568631,20,persistent,102Ah_45degC_0p5C_cell3,0,0
102Ah_45degC_0p5C_cell3,9,age_ridge,90.546,103.01980392156864,87.66641246736634,-2.879587532633664,20,persistent,102Ah_45degC_0p5C_cell3,0,0
102Ah_45degC_0p5C_cell3,9,fixed_window_ridge,90.546,103.01980392156864,87.66641246736634,-2.879587532633664,20,persistent,102Ah_45degC_0p5C_cell3,0,0
102Ah_45degC_0p5C_cell3,9,mask_ridge,90.546,103.01980392156864,90.21577106005113,-0.33022893994888136,20,persistent,102Ah_45degC_0p5C_cell3,0,0
102Ah_45degC_0p5C_cell3,9,within_cell_ratio_ridge,90.546,103.01980392156864,87.66641246736634,-2.879587532633664,20,persistent,102Ah_45degC_0p5C_cell3,0,0
102Ah_45degC_0p5C_cell3,9,rbf_residual,90.546,103.01980392156864,88.00242749548622,-2.54357250451379,20,persistent,102Ah_45degC_0p5C_cell3,0,0
102Ah_45degC_0p5C_cell3,10,anchor_constant,89.71,103.01980392156864,103.01980392156864,13.309803921568644,20,persistent,102Ah_45degC_0p5C_cell3,0,0
102Ah_45degC_0p5C_cell3,10,age_ridge,89.71,103.01980392156864,86.75951202429513,-2.95048797570486,20,persistent,102Ah_45degC_0p5C_cell3,0,0
102Ah_45degC_0p5C_cell3,10,fixed_window_ridge,89.71,103.01980392156864,86.75951202429513,-2.95048797570486,20,persistent,102Ah_45degC_0p5C_cell3,0,0
102Ah_45degC_0p5C_cell3,10,mask_ridge,89.71,103.01980392156864,87.64835092528905,-2.0616490747109424,20,persistent,102Ah_45degC_0p5C_cell3,0,0
102Ah_45degC_0p5C_cell3,10,within_cell_ratio_ridge,89.71,103.01980392156864,86.75951202429513,-2.95048797570486,20,persistent,102Ah_45degC_0p5C_cell3,0,0
102Ah_45degC_0p5C_cell3,10,rbf_residual,89.71,103.01980392156864,86.82592524597406,-2.8840747540259315,20,persistent,102Ah_45degC_0p5C_cell3,0,0
102Ah_45degC_0p5C_cell3,11,anchor_constant,88.797,103.01980392156864,103.01980392156864,14.22280392156864,20,persistent,102Ah_45degC_0p5C_cell3,0,0
102Ah_45degC_0p5C_cell3,11,age_ridge,88.797,103.01980392156864,86.2749003270145,-2.5220996729854903,20,persistent,102Ah_45degC_0p5C_cell3,0,0
102Ah_45degC_0p5C_cell3,11,fixed_window_ridge,88.797,103.01980392156864,86.2749003270145,-2.5220996729854903,20,persistent,102Ah_45degC_0p5C_cell3,0,0
102Ah_45degC_0p5C_cell3,11,mask_ridge,88.797,103.01980392156864,88.83312322193461,0.03612322193461637,20,persistent,102Ah_45degC_0p5C_cell3,0,0
102Ah_45degC_0p5C_cell3,11,within_cell_ratio_ridge,88.797,103.01980392156864,86.2749003270145,-2.5220996729854903,20,persistent,102Ah_45degC_0p5C_cell3,0,0
102Ah_45degC_0p5C_cell3,11,rbf_residual,88.797,103.01980392156864,86.3551361514102,-2.44186384858979,20,persistent,102Ah_45degC_0p5C_cell3,0,0
102Ah_45degC_0p5C_cell3,12,anchor_constant,88.025,103.01980392156864,103.01980392156864,14.994803921568632,20,persistent,102Ah_45degC_0p5C_cell3,0,0
102Ah_45degC_0p5C_cell3,12,age_ridge,88.025,103.01980392156864,85.70569772161937,-2.3193022783806327,20,persistent,102Ah_45degC_0p5C_cell3,0,0
102Ah_45degC_0p5C_cell3,12,fixed_window_ridge,88.025,103.01980392156864,85.70569772161937,-2.3193022783806327,20,persistent,102Ah_45degC_0p5C_cell3,0,0
102Ah_45degC_0p5C_cell3,12,mask_ridge,88.025,103.01980392156864,88.28807344681786,0.26307344681785594,20,persistent,102Ah_45degC_0p5C_cell3,0,0
102Ah_45degC_0p5C_cell3,12,within_cell_ratio_ridge,88.025,103.01980392156864,85.70569772161937,-2.3193022783806327,20,persistent,102Ah_45degC_0p5C_cell3,0,0
102Ah_45degC_0p5C_cell3,12,rbf_residual,88.025,103.01980392156864,84.68888145911774,-3.336118540882268,20,persistent,102Ah_45degC_0p5C_cell3,0,0
102Ah_45degC_0p5C_cell3,13,anchor_constant,87.256,103.01980392156864,103.01980392156864,15.763803921568638,20,persistent,102Ah_45degC_0p5C_cell3,0,0
102Ah_45degC_0p5C_cell3,13,age_ridge,87.256,103.01980392156864,85.1634423808792,-2.0925576191207966,20,persistent,102Ah_45degC_0p5C_cell3,0,0
102Ah_45degC_0p5C_cell3,13,fixed_window_ridge,87.256,103.01980392156864,85.1634423808792,-2.0925576191207966,20,persistent,102Ah_45degC_0p5C_cell3,0,0
102Ah_45degC_0p5C_cell3,13,mask_ridge,87.256,103.01980392156864,85.37719188932803,-1.8788081106719687,20,persistent,102Ah_45degC_0p5C_cell3,0,0
102Ah_45degC_0p5C_cell3,13,within_cell_ratio_ridge,87.256,103.01980392156864,85.1634423808792,-2.0925576191207966,20,persistent,102Ah_45degC_0p5C_cell3,0,0
102Ah_45degC_0p5C_cell3,13,rbf_residual,87.256,103.01980392156864,82.43057726278353,-4.825422737216471,20,persistent,102Ah_45degC_0p5C_cell3,0,0
102Ah_45degC_0p5C_cell3,14,anchor_constant,86.448,103.01980392156864,103.01980392156864,16.571803921568645,20,persistent,102Ah_45degC_0p5C_cell3,0,0
102Ah_45degC_0p5C_cell3,14,age_ridge,86.448,103.01980392156864,84.62590462816937,-1.8220953718306276,20,persistent,102Ah_45degC_0p5C_cell3,0,0
102Ah_45degC_0p5C_cell3,14,fixed_window_ridge,86.448,103.01980392156864,84.62590462816937,-1.8220953718306276,20,persistent,102Ah_45degC_0p5C_cell3,0,0
102Ah_45degC_0p5C_cell3,14,mask_ridge,86.448,103.01980392156864,84.86476157522353,-1.583238424776468,20,persistent,102Ah_45degC_0p5C_cell3,0,0
102Ah_45degC_0p5C_cell3,14,within_cell_ratio_ridge,86.448,103.01980392156864,84.62590462816937,-1.8220953718306276,20,persistent,102Ah_45degC_0p5C_cell3,0,0
102Ah_45degC_0p5C_cell3,14,rbf_residual,86.448,103.01980392156864,80.47408881302142,-5.973911186978569,20,persistent,102Ah_45degC_0p5C_cell3,0,0
102Ah_45degC_0p5C_cell3,15,anchor_constant,85.454,103.01980392156864,103.01980392156864,17.565803921568644,20,persistent,102Ah_45degC_0p5C_cell3,0,0
102Ah_45degC_0p5C_cell3,15,age_ridge,85.454,103.01980392156864,84.09701454486394,-1.356985455136055,20,persistent,102Ah_45degC_0p5C_cell3,0,0
102Ah_45degC_0p5C_cell3,15,fixed_window_ridge,85.454,103.01980392156864,84.09701454486394,-1.356985455136055,20,persistent,102Ah_45degC_0p5C_cell3,0,0
102Ah_45degC_0p5C_cell3,15,mask_ridge,85.454,103.01980392156864,84.36452239771543,-1.0894776022845605,20,persistent,102Ah_45degC_0p5C_cell3,0,0
102Ah_45degC_0p5C_cell3,15,within_cell_ratio_ridge,85.454,103.01980392156864,84.09701454486394,-1.356985455136055,20,persistent,102Ah_45degC_0p5C_cell3,0,0
102Ah_45degC_0p5C_cell3,15,rbf_residual,85.454,103.01980392156864,80.9041597547536,-4.549840245246386,20,persistent,102Ah_45degC_0p5C_cell3,0,0
102Ah_45degC_0p5C_cell3,16,anchor_constant,84.767,103.01980392156864,103.01980392156864,18.252803921568642,20,persistent,102Ah_45degC_0p5C_cell3,1,0
102Ah_45degC_0p5C_cell3,16,age_ridge,84.767,103.01980392156864,83.4613486564189,-1.30565134358109,20,persistent,102Ah_45degC_0p5C_cell3,1,0
102Ah_45degC_0p5C_cell3,16,fixed_window_ridge,84.767,103.01980392156864,83.4613486564189,-1.30565134358109,20,persistent,102Ah_45degC_0p5C_cell3,1,0
102Ah_45degC_0p5C_cell3,16,mask_ridge,84.767,103.01980392156864,86.13292095267225,1.3659209526722549,20,persistent,102Ah_45degC_0p5C_cell3,1,0
102Ah_45degC_0p5C_cell3,16,within_cell_ratio_ridge,84.767,103.01980392156864,83.4613486564189,-1.30565134358109,20,persistent,102Ah_45degC_0p5C_cell3,1,0
102Ah_45degC_0p5C_cell3,16,rbf_residual,84.767,103.01980392156864,82.60302429294693,-2.163975707053069,20,persistent,102Ah_45degC_0p5C_cell3,1,0
102Ah_45degC_0p5C_cell3,17,anchor_constant,83.861,103.01980392156864,103.01980392156864,19.158803921568634,20,persistent,102Ah_45degC_0p5C_cell3,1,0
102Ah_45degC_0p5C_cell3,17,age_ridge,83.861,103.01980392156864,82.90753676747863,-0.9534632325213721,20,persistent,102Ah_45degC_0p5C_cell3,1,0
102Ah_45degC_0p5C_cell3,17,fixed_window_ridge,83.861,103.01980392156864,82.90753676747863,-0.9534632325213721,20,persistent,102Ah_45degC_0p5C_cell3,1,0
102Ah_45degC_0p5C_cell3,17,mask_ridge,83.861,103.01980392156864,85.62552132505031,1.7645213250503105,20,persistent,102Ah_45degC_0p5C_cell3,1,0
102Ah_45degC_0p5C_cell3,17,within_cell_ratio_ridge,83.861,103.01980392156864,82.90753676747863,-0.9534632325213721,20,persistent,102Ah_45degC_0p5C_cell3,1,0
102Ah_45degC_0p5C_cell3,17,rbf_residual,83.861,103.01980392156864,81.96725387746844,-1.8937461225315673,20,persistent,102Ah_45degC_0p5C_cell3,1,0
102Ah_45degC_0p5C_cell3,18,anchor_constant,82.921,103.01980392156864,103.01980392156864,20.09880392156863,20,persistent,102Ah_45degC_0p5C_cell3,1,0
102Ah_45degC_0p5C_cell3,18,age_ridge,82.921,103.01980392156864,82.40513331257449,-0.5158666874255147,20,persistent,102Ah_45degC_0p5C_cell3,1,0
102Ah_45degC_0p5C_cell3,18,fixed_window_ridge,82.921,103.01980392156864,82.40513331257449,-0.5158666874255147,20,persistent,102Ah_45degC_0p5C_cell3,1,0
102Ah_45degC_0p5C_cell3,18,mask_ridge,82.921,103.01980392156864,82.74845520292016,-0.17254479707985126,20,persistent,102Ah_45degC_0p5C_cell3,1,0
102Ah_45degC_0p5C_cell3,18,within_cell_ratio_ridge,82.921,103.01980392156864,82.40513331257449,-0.5158666874255147,20,persistent,102Ah_45degC_0p5C_cell3,1,0
102Ah_45degC_0p5C_cell3,18,rbf_residual,82.921,103.01980392156864,81.36094088369597,-1.560059116304032,20,persistent,102Ah_45degC_0p5C_cell3,1,0
102Ah_45degC_0p5C_cell3,19,anchor_constant,81.859,103.01980392156864,103.01980392156864,21.160803921568643,20,persistent,102Ah_45degC_0p5C_cell3,1,0
102Ah_45degC_0p5C_cell3,19,age_ridge,81.859,103.01980392156864,81.90938334137158,0.05038334137158529,20,persistent,102Ah_45degC_0p5C_cell3,1,0
102Ah_45degC_0p5C_cell3,19,fixed_window_ridge,81.859,103.01980392156864,81.90938334137158,0.05038334137158529,20,persistent,102Ah_45degC_0p5C_cell3,1,0
102Ah_45degC_0p5C_cell3,19,mask_ridge,81.859,103.01980392156864,84.67158052661532,2.8125805266153208,20,persistent,102Ah_45degC_0p5C_cell3,1,0
102Ah_45degC_0p5C_cell3,19,within_cell_ratio_ridge,81.859,103.01980392156864,81.90938334137158,0.05038334137158529,20,persistent,102Ah_45degC_0p5C_cell3,1,0
102Ah_45degC_0p5C_cell3,19,rbf_residual,81.859,103.01980392156864,80.80734967083497,-1.051650329165028,20,persistent,102Ah_45degC_0p5C_cell3,1,0
102Ah_45degC_0p5C_cell3,20,anchor_constant,80.568,103.01980392156864,103.01980392156864,22.45180392156864,20,persistent,102Ah_45degC_0p5C_cell3,1,0
102Ah_45degC_0p5C_cell3,20,age_ridge,80.568,103.01980392156864,81.29617821984976,0.7281782198497666,20,persistent,102Ah_45degC_0p5C_cell3,1,0
102Ah_45degC_0p5C_cell3,20,fixed_window_ridge,80.568,103.01980392156864,81.29617821984976,0.7281782198497666,20,persistent,102Ah_45degC_0p5C_cell3,1,0
102Ah_45degC_0p5C_cell3,20,mask_ridge,80.568,103.01980392156864,81.69251725616182,1.1245172561618233,20,persistent,102Ah_45degC_0p5C_cell3,1,0
102Ah_45degC_0p5C_cell3,20,within_cell_ratio_ridge,80.568,103.01980392156864,81.29617821984976,0.7281782198497666,20,persistent,102Ah_45degC_0p5C_cell3,1,0
102Ah_45degC_0p5C_cell3,20,rbf_residual,80.568,103.01980392156864,80.04985254079459,-0.5181474592054087,20,persistent,102Ah_45degC_0p5C_cell3,1,0
102Ah_45degC_0p5C_cell3,21,anchor_constant,78.862,103.01980392156864,103.01980392156864,24.157803921568643,20,persistent,102Ah_45degC_0p5C_cell3,1,0
102Ah_45degC_0p5C_cell3,21,age_ridge,78.862,103.01980392156864,80.64720375805679,1.7852037580567952,20,persistent,102Ah_45degC_0p5C_cell3,1,0
102Ah_45degC_0p5C_cell3,21,fixed_window_ridge,78.862,103.01980392156864,80.64720375805679,1.7852037580567952,20,persistent,102Ah_45degC_0p5C_cell3,1,0
102Ah_45degC_0p5C_cell3,21,mask_ridge,78.862,103.01980392156864,83.37046838660126,4.508468386601265,20,persistent,102Ah_45degC_0p5C_cell3,1,0
102Ah_45degC_0p5C_cell3,21,within_cell_ratio_ridge,78.862,103.01980392156864,80.64720375805679,1.7852037580567952,20,persistent,102Ah_45degC_0p5C_cell3,1,0
102Ah_45degC_0p5C_cell3,21,rbf_residual,78.862,103.01980392156864,79.40222662188307,0.5402266218830789,20,persistent,102Ah_45degC_0p5C_cell3,1,0
102Ah_45degC_0p5C_cell3,22,anchor_constant,77.351,103.01980392156864,103.01980392156864,25.66880392156864,20,persistent,102Ah_45degC_0p5C_cell3,1,0
102Ah_45degC_0p5C_cell3,22,age_ridge,77.351,103.01980392156864,80.17098845317682,2.819988453176819,20,persistent,102Ah_45degC_0p5C_cell3,1,0
102Ah_45degC_0p5C_cell3,22,fixed_window_ridge,77.351,103.01980392156864,80.17098845317682,2.819988453176819,20,persistent,102Ah_45degC_0p5C_cell3,1,0
102Ah_45degC_0p5C_cell3,22,mask_ridge,77.351,103.01980392156864,80.62127274649137,3.270272746491372,20,persistent,102Ah_45degC_0p5C_cell3,1,0
102Ah_45degC_0p5C_cell3,22,within_cell_ratio_ridge,77.351,103.01980392156864,80.17098845317682,2.819988453176819,20,persistent,102Ah_45degC_0p5C_cell3,1,0
102Ah_45degC_0p5C_cell3,22,rbf_residual,77.351,103.01980392156864,78.67792352443678,1.3269235244367792,20,persistent,102Ah_45degC_0p5C_cell3,1,0
102Ah_45degC_0p5C_cell3,23,anchor_constant,75.585,103.01980392156864,103.01980392156864,27.434803921568644,20,persistent,102Ah_45degC_0p5C_cell3,1,0
102Ah_45degC_0p5C_cell3,23,age_ridge,75.585,103.01980392156864,79.61847476601376,4.033474766013768,20,persistent,102Ah_45degC_0p5C_cell3,1,0
102Ah_45degC_0p5C_cell3,23,fixed_window_ridge,75.585,103.01980392156864,79.61847476601376,4.033474766013768,20,persistent,102Ah_45degC_0p5C_cell3,1,0
102Ah_45degC_0p5C_cell3,23,mask_ridge,75.585,103.01980392156864,82.40802998579171,6.82302998579172,20,persistent,102Ah_45degC_0p5C_cell3,1,0
102Ah_45degC_0p5C_cell3,23,within_cell_ratio_ridge,75.585,103.01980392156864,79.61847476601376,4.033474766013768,20,persistent,102Ah_45degC_0p5C_cell3,1,0
102Ah_45degC_0p5C_cell3,23,rbf_residual,75.585,103.01980392156864,78.22116415452707,2.63616415452708,20,persistent,102Ah_45degC_0p5C_cell3,1,0
102Ah_45degC_0p5C_cell3,24,anchor_constant,73.377,103.01980392156864,103.01980392156864,29.642803921568643,20,persistent,102Ah_45degC_0p5C_cell3,1,0
102Ah_45degC_0p5C_cell3,24,age_ridge,73.377,103.01980392156864,78.83919020184129,5.462190201841295,20,persistent,102Ah_45degC_0p5C_cell3,1,0
102Ah_45degC_0p5C_cell3,24,fixed_window_ridge,73.377,103.01980392156864,78.83919020184129,5.462190201841295,20,persistent,102Ah_45degC_0p5C_cell3,1,0
102Ah_45degC_0p5C_cell3,24,mask_ridge,73.377,103.01980392156864,81.75837278043022,8.381372780430226,20,persistent,102Ah_45degC_0p5C_cell3,1,0
102Ah_45degC_0p5C_cell3,24,within_cell_ratio_ridge,73.377,103.01980392156864,78.83919020184129,5.462190201841295,20,persistent,102Ah_45degC_0p5C_cell3,1,0
102Ah_45degC_0p5C_cell3,24,rbf_residual,73.377,103.01980392156864,77.38202786837601,4.005027868376018,20,persistent,102Ah_45degC_0p5C_cell3,1,0
102Ah_45degC_0p5C_cell3,25,anchor_constant,71.212,103.01980392156864,103.01980392156864,31.807803921568635,20,persistent,102Ah_45degC_0p5C_cell3,1,0
102Ah_45degC_0p5C_cell3,25,age_ridge,71.212,103.01980392156864,78.34809628703975,7.136096287039749,20,persistent,102Ah_45degC_0p5C_cell3,1,0
102Ah_45degC_0p5C_cell3,25,fixed_window_ridge,71.212,103.01980392156864,78.34809628703975,7.136096287039749,20,persistent,102Ah_45degC_0p5C_cell3,1,0
102Ah_45degC_0p5C_cell3,25,mask_ridge,71.212,103.01980392156864,78.88477183940364,7.672771839403637,20,persistent,102Ah_45degC_0p5C_cell3,1,0
102Ah_45degC_0p5C_cell3,25,within_cell_ratio_ridge,71.212,103.01980392156864,78.34809628703975,7.136096287039749,20,persistent,102Ah_45degC_0p5C_cell3,1,0
102Ah_45degC_0p5C_cell3,25,rbf_residual,71.212,103.01980392156864,76.34419587729897,5.132195877298969,20,persistent,102Ah_45degC_0p5C_cell3,1,0
102Ah_45degC_0p5C_cell3,26,anchor_constant,68.96,103.01980392156864,103.01980392156864,34.059803921568644,20,persistent,102Ah_45degC_0p5C_cell3,1,0
102Ah_45degC_0p5C_cell3,26,age_ridge,68.96,103.01980392156864,77.90396467147569,8.943964671475698,20,persistent,102Ah_45degC_0p5C_cell3,1,0
102Ah_45degC_0p5C_cell3,26,fixed_window_ridge,68.96,103.01980392156864,77.90396467147569,8.943964671475698,20,persistent,102Ah_45degC_0p5C_cell3,1,0
102Ah_45degC_0p5C_cell3,26,mask_ridge,68.96,103.01980392156864,78.46417750108196,9.50417750108197,20,persistent,102Ah_45degC_0p5C_cell3,1,0
102Ah_45degC_0p5C_cell3,26,within_cell_ratio_ridge,68.96,103.01980392156864,77.90396467147569,8.943964671475698,20,persistent,102Ah_45degC_0p5C_cell3,1,0
102Ah_45degC_0p5C_cell3,26,rbf_residual,68.96,103.01980392156864,75.70874680041926,6.748746800419269,20,persistent,102Ah_45degC_0p5C_cell3,1,0
102Ah_45degC_0p5C_cell3,27,anchor_constant,66.665,103.01980392156864,103.01980392156864,36.35480392156863,20,persistent,102Ah_45degC_0p5C_cell3,1,0
102Ah_45degC_0p5C_cell3,27,age_ridge,66.665,103.01980392156864,77.46368021446396,10.798680214463957,20,persistent,102Ah_45degC_0p5C_cell3,1,0
102Ah_45degC_0p5C_cell3,27,fixed_window_ridge,66.665,103.01980392156864,77.46368021446396,10.798680214463957,20,persistent,102Ah_45degC_0p5C_cell3,1,0
102Ah_45degC_0p5C_cell3,27,mask_ridge,66.665,103.01980392156864,80.36240564386668,13.697405643866674,20,persistent,102Ah_45degC_0p5C_cell3,1,0
102Ah_45degC_0p5C_cell3,27,within_cell_ratio_ridge,66.665,103.01980392156864,77.46368021446396,10.798680214463957,20,persistent,102Ah_45degC_0p5C_cell3,1,0
102Ah_45degC_0p5C_cell3,27,rbf_residual,66.665,103.01980392156864,75.76069277147168,9.095692771471676,20,persistent,102Ah_45degC_0p5C_cell3,1,0
102Ah_45degC_0p5C_cell3,28,anchor_constant,64.205,103.01980392156864,103.01980392156864,38.81480392156864,20,persistent,102Ah_45degC_0p5C_cell3,1,0
102Ah_45degC_0p5C_cell3,28,age_ridge,64.205,103.01980392156864,76.92660674834595,12.721606748345948,20,persistent,102Ah_45degC_0p5C_cell3,1,0
102Ah_45degC_0p5C_cell3,28,fixed_window_ridge,64.205,103.01980392156864,76.92660674834595,12.721606748345948,20,persistent,102Ah_45degC_0p5C_cell3,1,0
102Ah_45degC_0p5C_cell3,28,mask_ridge,64.205,103.01980392156864,79.83643868540268,15.631438685402685,20,persistent,102Ah_45degC_0p5C_cell3,1,0
102Ah_45degC_0p5C_cell3,28,within_cell_ratio_ridge,64.205,103.01980392156864,76.92660674834595,12.721606748345948,20,persistent,102Ah_45degC_0p5C_cell3,1,0
102Ah_45degC_0p5C_cell3,28,rbf_residual,64.205,103.01980392156864,75.16902317354426,10.964023173544263,20,persistent,102Ah_45degC_0p5C_cell3,1,0
102Ah_45degC_0p5C_cell3,29,anchor_constant,63.18,103.01980392156864,103.01980392156864,39.83980392156864,20,persistent,102Ah_45degC_0p5C_cell3,1,0
102Ah_45degC_0p5C_cell3,29,age_ridge,63.18,103.01980392156864,76.86923615002547,13.689236150025472,20,persistent,102Ah_45degC_0p5C_cell3,1,0
102Ah_45degC_0p5C_cell3,29,fixed_window_ridge,63.18,103.01980392156864,76.86923615002547,13.689236150025472,20,persistent,102Ah_45degC_0p5C_cell3,1,0
102Ah_45degC_0p5C_cell3,29,mask_ridge,63.18,103.01980392156864,79.946127085451,16.766127085450997,20,persistent,102Ah_45degC_0p5C_cell3,1,0
102Ah_45degC_0p5C_cell3,29,within_cell_ratio_ridge,63.18,103.01980392156864,76.86923615002547,13.689236150025472,20,persistent,102Ah_45degC_0p5C_cell3,1,0
102Ah_45degC_0p5C_cell3,29,rbf_residual,63.18,103.01980392156864,75.43457836383276,12.254578363832756,20,persistent,102Ah_45degC_0p5C_cell3,1,0
102Ah_45degC_0p5C_cell3,30,anchor_constant,61.901,103.01980392156864,103.01980392156864,41.118803921568635,20,persistent,102Ah_45degC_0p5C_cell3,1,0
102Ah_45degC_0p5C_cell3,30,age_ridge,61.901,103.01980392156864,76.61525873313934,14.714258733139339,20,persistent,102Ah_45degC_0p5C_cell3,1,0
102Ah_45degC_0p5C_cell3,30,fixed_window_ridge,61.901,103.01980392156864,76.61525873313934,14.714258733139339,20,persistent,102Ah_45degC_0p5C_cell3,1,0
102Ah_45degC_0p5C_cell3,30,mask_ridge,61.901,103.01980392156864,79.49896929745663,17.597969297456622,20,persistent,102Ah_45degC_0p5C_cell3,1,0
102Ah_45degC_0p5C_cell3,30,within_cell_ratio_ridge,61.901,103.01980392156864,76.61525873313934,14.714258733139339,20,persistent,102Ah_45degC_0p5C_cell3,1,0
102Ah_45degC_0p5C_cell3,30,rbf_residual,61.901,103.01980392156864,74.81823209494472,12.917232094944715,20,persistent,102Ah_45degC_0p5C_cell3,1,0
102Ah_45degC_1C_cell1,1,anchor_constant,98.462,102.61176470588235,102.61176470588235,4.1497647058823475,20,persistent,102Ah_45degC_1C_cell1,0,0
102Ah_45degC_1C_cell1,1,age_ridge,98.462,102.61176470588235,98.21945329333742,-0.24254670666257994,20,persistent,102Ah_45degC_1C_cell1,0,0
102Ah_45degC_1C_cell1,1,fixed_window_ridge,98.462,102.61176470588235,97.83606304968978,-0.6259369503102192,20,persistent,102Ah_45degC_1C_cell1,0,0
102Ah_45degC_1C_cell1,1,mask_ridge,98.462,102.61176470588235,97.78459159875256,-0.6774084012474475,20,persistent,102Ah_45degC_1C_cell1,0,0
102Ah_45degC_1C_cell1,1,within_cell_ratio_ridge,98.462,102.61176470588235,97.91717352088399,-0.5448264791160113,20,persistent,102Ah_45degC_1C_cell1,0,0
102Ah_45degC_1C_cell1,1,rbf_residual,98.462,102.61176470588235,99.35706114332291,0.8950611433229057,20,persistent,102Ah_45degC_1C_cell1,0,0
102Ah_45degC_1C_cell1,2,anchor_constant,97.488,102.61176470588235,102.61176470588235,5.123764705882351,20,persistent,102Ah_45degC_1C_cell1,0,0
102Ah_45degC_1C_cell1,2,age_ridge,97.488,102.61176470588235,97.16584388927313,-0.32215611072686556,20,persistent,102Ah_45degC_1C_cell1,0,0
102Ah_45degC_1C_cell1,2,fixed_window_ridge,97.488,102.61176470588235,96.81864459961683,-0.6693554003831679,20,persistent,102Ah_45degC_1C_cell1,0,0
102Ah_45degC_1C_cell1,2,mask_ridge,97.488,102.61176470588235,96.77513137987411,-0.7128686201258887,20,persistent,102Ah_45degC_1C_cell1,0,0
102Ah_45degC_1C_cell1,2,within_cell_ratio_ridge,97.488,102.61176470588235,96.91008306117415,-0.5779169388258509,20,persistent,102Ah_45degC_1C_cell1,0,0
102Ah_45degC_1C_cell1,2,rbf_residual,97.488,102.61176470588235,98.29545436111975,0.8074543611197527,20,persistent,102Ah_45degC_1C_cell1,0,0
102Ah_45degC_1C_cell1,3,anchor_constant,96.668,102.61176470588235,102.61176470588235,5.943764705882344,20,persistent,102Ah_45degC_1C_cell1,0,0
102Ah_45degC_1C_cell1,3,age_ridge,96.668,102.61176470588235,96.36961478381605,-0.2983852161839593,20,persistent,102Ah_45degC_1C_cell1,0,0
102Ah_45degC_1C_cell1,3,fixed_window_ridge,96.668,102.61176470588235,96.05373223151129,-0.6142677684887161,20,persistent,102Ah_45degC_1C_cell1,0,0
102Ah_45degC_1C_cell1,3,mask_ridge,96.668,102.61176470588235,96.01870788823501,-0.6492921117649928,20,persistent,102Ah_45degC_1C_cell1,0,0
102Ah_45degC_1C_cell1,3,within_cell_ratio_ridge,96.668,102.61176470588235,96.15026765320036,-0.5177323467996473,20,persistent,102Ah_45degC_1C_cell1,0,0
102Ah_45degC_1C_cell1,3,rbf_residual,96.668,102.61176470588235,97.45821823453642,0.790218234536411,20,persistent,102Ah_45degC_1C_cell1,0,0
102Ah_45degC_1C_cell1,4,anchor_constant,96.07,102.61176470588235,102.61176470588235,6.541764705882358,20,persistent,102Ah_45degC_1C_cell1,0,0
102Ah_45degC_1C_cell1,4,age_ridge,96.07,102.61176470588235,95.7016028062139,-0.3683971937860946,20,persistent,102Ah_45degC_1C_cell1,0,0
102Ah_45degC_1C_cell1,4,fixed_window_ridge,96.07,102.61176470588235,95.414796794398,-0.6552032056019925,20,persistent,102Ah_45degC_1C_cell1,0,0
102Ah_45degC_1C_cell1,4,mask_ridge,96.07,102.61176470588235,95.38860905340894,-0.6813909465910513,20,persistent,102Ah_45degC_1C_cell1,0,0
102Ah_45degC_1C_cell1,4,within_cell_ratio_ridge,96.07,102.61176470588235,95.5137161860817,-0.5562838139182986,20,persistent,102Ah_45degC_1C_cell1,0,0
102Ah_45degC_1C_cell1,4,rbf_residual,96.07,102.61176470588235,96.74728417572356,0.677284175723571,20,persistent,102Ah_45degC_1C_cell1,0,0
102Ah_45degC_1C_cell1,5,anchor_constant,95.532,102.61176470588235,102.61176470588235,7.079764705882354,20,persistent,102Ah_45degC_1C_cell1,0,0
102Ah_45degC_1C_cell1,5,age_ridge,95.532,102.61176470588235,95.0265178296822,-0.5054821703177907,20,persistent,102Ah_45degC_1C_cell1,0,0
102Ah_45degC_1C_cell1,5,fixed_window_ridge,95.532,102.61176470588235,94.77212220101096,-0.759877798989038,20,persistent,102Ah_45degC_1C_cell1,0,0
102Ah_45degC_1C_cell1,5,mask_ridge,95.532,102.61176470588235,94.75561701609028,-0.7763829839097127,20,persistent,102Ah_45degC_1C_cell1,0,0
102Ah_45degC_1C_cell1,5,within_cell_ratio_ridge,95.532,102.61176470588235,94.87228124507543,-0.6597187549245689,20,persistent,102Ah_45degC_1C_cell1,0,0
102Ah_45degC_1C_cell1,5,rbf_residual,95.532,102.61176470588235,96.08204831618555,0.5500483161855527,20,persistent,102Ah_45degC_1C_cell1,0,0
102Ah_45degC_1C_cell1,6,anchor_constant,95.047,102.61176470588235,102.61176470588235,7.564764705882354,20,persistent,102Ah_45degC_1C_cell1,0,0
102Ah_45degC_1C_cell1,6,age_ridge,95.047,102.61176470588235,94.5077666136478,-0.5392333863521941,20,persistent,102Ah_45degC_1C_cell1,0,0
102Ah_45degC_1C_cell1,6,fixed_window_ridge,95.047,102.61176470588235,94.27980058591542,-0.7671994140845726,20,persistent,102Ah_45degC_1C_cell1,0,0
102Ah_45degC_1C_cell1,6,mask_ridge,95.047,102.61176470588235,94.27253274997608,-0.7744672500239176,20,persistent,102Ah_45degC_1C_cell1,0,0
102Ah_45degC_1C_cell1,6,within_cell_ratio_ridge,95.047,102.61176470588235,94.37919999577106,-0.6678000042289369,20,persistent,102Ah_45degC_1C_cell1,0,0
102Ah_45degC_1C_cell1,6,rbf_residual,95.047,102.61176470588235,95.50929531746068,0.4622953174606863,20,persistent,102Ah_45degC_1C_cell1,0,0
102Ah_45degC_1C_cell1,7,anchor_constant,94.61,102.61176470588235,102.61176470588235,8.001764705882351,20,persistent,102Ah_45degC_1C_cell1,0,0
102Ah_45degC_1C_cell1,7,age_ridge,94.61,102.61176470588235,93.98863028975157,-0.6213697102484304,20,persistent,102Ah_45degC_1C_cell1,0,0
102Ah_45degC_1C_cell1,7,fixed_window_ridge,94.61,102.61176470588235,93.78889832398782,-0.8211016760121765,20,persistent,102Ah_45degC_1C_cell1,0,0
102Ah_45degC_1C_cell1,7,mask_ridge,94.61,102.61176470588235,93.79135583533947,-0.818644164660526,20,persistent,102Ah_45degC_1C_cell1,0,0
102Ah_45degC_1C_cell1,7,within_cell_ratio_ridge,94.61,102.61176470588235,93.8868208559972,-0.723179144002799,20,persistent,102Ah_45degC_1C_cell1,0,0
102Ah_45degC_1C_cell1,7,rbf_residual,94.61,102.61176470588235,94.93542729969734,0.3254272996973384,20,persistent,102Ah_45degC_1C_cell1,0,0
102Ah_45degC_1C_cell1,8,anchor_constant,94.15,102.61176470588235,102.61176470588235,8.461764705882345,20,persistent,102Ah_45degC_1C_cell1,0,0
102Ah_45degC_1C_cell1,8,age_ridge,94.15,102.61176470588235,93.52922664977072,-0.6207733502292854,20,persistent,102Ah_45degC_1C_cell1,0,0
102Ah_45degC_1C_cell1,8,fixed_window_ridge,94.15,102.61176470588235,93.355495139285,-0.7945048607150085,20,persistent,102Ah_45degC_1C_cell1,0,0
102Ah_45degC_1C_cell1,8,mask_ridge,94.15,102.61176470588235,93.36759448985995,-0.7824055101400518,20,persistent,102Ah_45degC_1C_cell1,0,0
102Ah_45degC_1C_cell1,8,within_cell_ratio_ridge,94.15,102.61176470588235,93.45109204383058,-0.6989079561694211,20,persistent,102Ah_45degC_1C_cell1,0,0
102Ah_45degC_1C_cell1,8,rbf_residual,94.15,102.61176470588235,94.40942239708237,0.2594223970823606,20,persistent,102Ah_45degC_1C_cell1,0,0
102Ah_45degC_1C_cell1,9,anchor_constant,93.732,102.61176470588235,102.61176470588235,8.879764705882351,20,persistent,102Ah_45degC_1C_cell1,0,0
102Ah_45degC_1C_cell1,9,age_ridge,93.732,102.61176470588235,93.10125104157478,-0.6307489584252153,20,persistent,102Ah_45degC_1C_cell1,0,0
102Ah_45degC_1C_cell1,9,fixed_window_ridge,93.732,102.61176470588235,92.9526990739535,-0.7793009260465027,20,persistent,102Ah_45degC_1C_cell1,0,0
102Ah_45degC_1C_cell1,9,mask_ridge,93.732,102.61176470588235,92.9743769533319,-0.7576230466681011,20,persistent,102Ah_45degC_1C_cell1,0,0
102Ah_45degC_1C_cell1,9,within_cell_ratio_ridge,93.732,102.61176470588235,93.04547942155051,-0.686520578449489,20,persistent,102Ah_45degC_1C_cell1,0,0
102Ah_45degC_1C_cell1,9,rbf_residual,93.732,102.61176470588235,93.90620875931215,0.17420875931215107,20,persistent,102Ah_45degC_1C_cell1,0,0
102Ah_45degC_1C_cell1,10,anchor_constant,93.34,102.61176470588235,102.61176470588235,9.271764705882347,20,persistent,102Ah_45degC_1C_cell1,0,0
102Ah_45degC_1C_cell1,10,age_ridge,93.34,102.61176470588235,92.70122137781226,-0.6387786221877434,20,persistent,102Ah_45degC_1C_cell1,0,0
102Ah_45degC_1C_cell1,10,fixed_window_ridge,93.34,102.61176470588235,92.57690639246594,-0.76309360753406,20,persistent,102Ah_45degC_1C_cell1,0,0
102Ah_45degC_1C_cell1,10,mask_ridge,93.34,102.61176470588235,92.60811022136983,-0.7318897786301761,20,persistent,102Ah_45degC_1C_cell1,0,0
102Ah_45degC_1C_cell1,10,within_cell_ratio_ridge,93.34,102.61176470588235,92.66646298123925,-0.6735370187607543,20,persistent,102Ah_45degC_1C_cell1,0,0
102Ah_45degC_1C_cell1,10,rbf_residual,93.34,102.61176470588235,93.48424025395141,0.14424025395140916,20,persistent,102Ah_45degC_1C_cell1,0,0
102Ah_45degC_1C_cell1,11,anchor_constant,92.94,102.61176470588235,102.61176470588235,9.671764705882353,20,persistent,102Ah_45degC_1C_cell1,0,0
102Ah_45degC_1C_cell1,11,age_ridge,92.94,102.61176470588235,92.30334331645149,-0.6366566835485088,20,persistent,102Ah_45degC_1C_cell1,0,0
102Ah_45degC_1C_cell1,11,fixed_window_ridge,92.94,102.61176470588235,92.20403488892119,-0.7359651110788121,20,persistent,102Ah_45degC_1C_cell1,0,0
102Ah_45degC_1C_cell1,11,mask_ridge,92.94,102.61176470588235,92.24499628130307,-0.695003718696924,20,persistent,102Ah_45degC_1C_cell1,0,0
102Ah_45degC_1C_cell1,11,within_cell_ratio_ridge,92.94,102.61176470588235,92.28999545062058,-0.6500045493794175,20,persistent,102Ah_45degC_1C_cell1,0,0
102Ah_45degC_1C_cell1,11,rbf_residual,92.94,102.61176470588235,92.99438492393071,0.05438492393071215,20,persistent,102Ah_45degC_1C_cell1,0,0
102Ah_45degC_1C_cell1,12,anchor_constant,92.564,102.61176470588235,102.61176470588235,10.047764705882358,20,persistent,102Ah_45degC_1C_cell1,0,0
102Ah_45degC_1C_cell1,12,age_ridge,92.564,102.61176470588235,91.93395231707787,-0.6300476829221253,20,persistent,102Ah_45degC_1C_cell1,0,0
102Ah_45degC_1C_cell1,12,fixed_window_ridge,92.564,102.61176470588235,91.85827567123894,-0.7057243287610504,20,persistent,102Ah_45degC_1C_cell1,0,0
102Ah_45degC_1C_cell1,12,mask_ridge,92.564,102.61176470588235,91.9088353917612,-0.6551646082387919,20,persistent,102Ah_45degC_1C_cell1,0,0
102Ah_45degC_1C_cell1,12,within_cell_ratio_ridge,92.564,102.61176470588235,91.94039097940423,-0.6236090205957652,20,persistent,102Ah_45degC_1C_cell1,0,0
102Ah_45degC_1C_cell1,12,rbf_residual,92.564,102.61176470588235,92.51454904654281,-0.04945095345718187,20,persistent,102Ah_45degC_1C_cell1,0,0
102Ah_45degC_1C_cell1,13,anchor_constant,92.197,102.61176470588235,102.61176470588235,10.414764705882348,20,persistent,102Ah_45degC_1C_cell1,0,0
102Ah_45degC_1C_cell1,13,age_ridge,92.197,102.61176470588235,91.57308152418419,-0.6239184758158132,20,persistent,102Ah_45degC_1C_cell1,0,0
102Ah_45degC_1C_cell1,13,fixed_window_ridge,92.197,102.61176470588235,91.521067216847,-0.6759327831530015,20,persistent,102Ah_45degC_1C_cell1,0,0
102Ah_45degC_1C_cell1,13,mask_ridge,92.197,102.61176470588235,91.58129036385162,-0.6157096361483809,20,persistent,102Ah_45degC_1C_cell1,0,0
102Ah_45degC_1C_cell1,13,within_cell_ratio_ridge,92.197,102.61176470588235,91.59908574226448,-0.5979142577355248,20,persistent,102Ah_45degC_1C_cell1,0,0
102Ah_45degC_1C_cell1,13,rbf_residual,92.197,102.61176470588235,92.13017285585505,-0.06682714414495194,20,persistent,102Ah_45degC_1C_cell1,0,0
102Ah_45degC_1C_cell1,14,anchor_constant,91.821,102.61176470588235,102.61176470588235,10.790764705882353,20,persistent,102Ah_45degC_1C_cell1,0,0
102Ah_45degC_1C_cell1,14,age_ridge,91.821,102.61176470588235,91.19862811953863,-0.6223718804613725,20,persistent,102Ah_45degC_1C_cell1,0,0
102Ah_45degC_1C_cell1,14,fixed_window_ridge,91.821,102.61176470588235,91.1721305547293,-0.6488694452706909,20,persistent,102Ah_45degC_1C_cell1,0,0
102Ah_45degC_1C_cell1,14,mask_ridge,91.821,102.61176470588235,91.24242550609642,-0.5785744939035737,20,persistent,102Ah_45degC_1C_cell1,0,0
102Ah_45degC_1C_cell1,14,within_cell_ratio_ridge,91.821,102.61176470588235,91.24568629822616,-0.5753137017738368,20,persistent,102Ah_45degC_1C_cell1,0,0
102Ah_45degC_1C_cell1,14,rbf_residual,91.821,102.61176470588235,91.63935592882322,-0.18164407117677683,20,persistent,102Ah_45degC_1C_cell1,0,0
102Ah_45degC_1C_cell1,15,anchor_constant,91.424,102.61176470588235,102.61176470588235,11.187764705882344,20,persistent,102Ah_45degC_1C_cell1,0,0
102Ah_45degC_1C_cell1,15,age_ridge,91.424,102.61176470588235,90.84950192479354,-0.5744980752064635,20,persistent,102Ah_45degC_1C_cell1,0,0
102Ah_45degC_1C_cell1,15,fixed_window_ridge,91.424,102.61176470588235,90.8470180353057,-0.576981964694312,20,persistent,102Ah_45degC_1C_cell1,0,0
102Ah_45degC_1C_cell1,15,mask_ridge,91.424,102.61176470588235,90.92715978890409,-0.4968402110959147,20,persistent,102Ah_45degC_1C_cell1,0,0
102Ah_45degC_1C_cell1,15,within_cell_ratio_ridge,91.424,102.61176470588235,90.91600390150818,-0.5079960984918301,20,persistent,102Ah_45degC_1C_cell1,0,0
102Ah_45degC_1C_cell1,15,rbf_residual,91.424,102.61176470588235,91.29857335396434,-0.12542664603566323,20,persistent,102Ah_45degC_1C_cell1,0,0
102Ah_45degC_1C_cell1,16,anchor_constant,90.943,102.61176470588235,102.61176470588235,11.668764705882353,20,persistent,102Ah_45degC_1C_cell1,0,0
102Ah_45degC_1C_cell1,16,age_ridge,90.943,102.61176470588235,90.33504426922747,-0.607955730772531,20,persistent,102Ah_45degC_1C_cell1,0,0
102Ah_45degC_1C_cell1,16,fixed_window_ridge,90.943,102.61176470588235,90.37230189563452,-0.5706981043654764,20,persistent,102Ah_45degC_1C_cell1,0,0
102Ah_45degC_1C_cell1,16,mask_ridge,90.943,102.61176470588235,90.46549142359784,-0.47750857640215827,20,persistent,102Ah_45degC_1C_cell1,0,0
102Ah_45degC_1C_cell1,16,within_cell_ratio_ridge,90.943,102.61176470588235,90.43490548272185,-0.5080945172781526,20,persistent,102Ah_45degC_1C_cell1,0,0
102Ah_45degC_1C_cell1,16,rbf_residual,90.943,102.61176470588235,90.51974125374043,-0.42325874625956317,20,persistent,102Ah_45degC_1C_cell1,0,0
102Ah_45degC_1C_cell1,17,anchor_constant,90.603,102.61176470588235,102.61176470588235,12.008764705882356,20,persistent,102Ah_45degC_1C_cell1,0,0
102Ah_45degC_1C_cell1,17,age_ridge,90.603,102.61176470588235,90.0127855090033,-0.5902144909967006,20,persistent,102Ah_45degC_1C_cell1,0,0
102Ah_45degC_1C_cell1,17,fixed_window_ridge,90.603,102.61176470588235,90.0729857696206,-0.5300142303793933,20,persistent,102Ah_45degC_1C_cell1,0,0
102Ah_45degC_1C_cell1,17,mask_ridge,90.603,102.61176470588235,90.17601556322388,-0.42698443677610953,20,persistent,102Ah_45degC_1C_cell1,0,0
102Ah_45degC_1C_cell1,17,within_cell_ratio_ridge,90.603,102.61176470588235,90.13062771552076,-0.47237228447923485,20,persistent,102Ah_45degC_1C_cell1,0,0
102Ah_45degC_1C_cell1,17,rbf_residual,90.603,102.61176470588235,90.19649944923427,-0.40650055076572755,20,persistent,102Ah_45degC_1C_cell1,0,0
102Ah_45degC_1C_cell1,18,anchor_constant,90.278,102.61176470588235,102.61176470588235,12.333764705882345,20,persistent,102Ah_45degC_1C_cell1,0,0
102Ah_45degC_1C_cell1,18,age_ridge,90.278,102.61176470588235,89.69131025631529,-0.5866897436847154,20,persistent,102Ah_45degC_1C_cell1,0,0
102Ah_45degC_1C_cell1,18,fixed_window_ridge,90.278,102.61176470588235,89.7749295890043,-0.5030704109957043,20,persistent,102Ah_45degC_1C_cell1,0,0
102Ah_45degC_1C_cell1,18,mask_ridge,90.278,102.61176470588235,88.47666550876077,-1.8013344912392313,20,persistent,102Ah_45degC_1C_cell1,0,0
102Ah_45degC_1C_cell1,18,within_cell_ratio_ridge,90.278,102.61176470588235,89.827463117824,-0.45053688217601007,20,persistent,102Ah_45degC_1C_cell1,0,0
102Ah_45degC_1C_cell1,18,rbf_residual,90.278,102.61176470588235,88.20137842486866,-2.076621575131341,20,persistent,102Ah_45degC_1C_cell1,0,0
102Ah_45degC_1C_cell1,19,anchor_constant,89.822,102.61176470588235,102.61176470588235,12.789764705882348,20,persistent,102Ah_45degC_1C_cell1,0,0
102Ah_45degC_1C_cell1,19,age_ridge,89.822,102.61176470588235,89.3781996739913,-0.4438003260086987,20,persistent,102Ah_45degC_1C_cell1,0,0
102Ah_45degC_1C_cell1,19,fixed_window_ridge,89.822,102.61176470588235,89.48482652770966,-0.33717347229034544,20,persistent,102Ah_45degC_1C_cell1,0,0
102Ah_45degC_1C_cell1,19,mask_ridge,89.822,102.61176470588235,87.39997287381985,-2.4220271261801543,20,persistent,102Ah_45degC_1C_cell1,0,0
102Ah_45degC_1C_cell1,19,within_cell_ratio_ridge,89.822,102.61176470588235,89.53217705270117,-0.2898229472988305,20,persistent,102Ah_45degC_1C_cell1,0,0
102Ah_45degC_1C_cell1,19,rbf_residual,89.822,102.61176470588235,88.66803805346247,-1.1539619465375353,20,persistent,102Ah_45degC_1C_cell1,0,0
102Ah_45degC_1C_cell1,20,anchor_constant,89.494,102.61176470588235,102.61176470588235,13.117764705882351,20,persistent,102Ah_45degC_1C_cell1,0,0
102Ah_45degC_1C_cell1,20,age_ridge,89.494,102.61176470588235,89.02391011063779,-0.47008988936221385,20,persistent,102Ah_45degC_1C_cell1,0,0
102Ah_45degC_1C_cell1,20,fixed_window_ridge,89.494,102.61176470588235,89.1581596905329,-0.33584030946710186,20,persistent,102Ah_45degC_1C_cell1,0,0
102Ah_45degC_1C_cell1,20,mask_ridge,89.494,102.61176470588235,89.29172728655013,-0.2022727134498723,20,persistent,102Ah_45degC_1C_cell1,0,0
102Ah_45degC_1C_cell1,20,within_cell_ratio_ridge,89.494,102.61176470588235,89.19962889420623,-0.2943711057937719,20,persistent,102Ah_45degC_1C_cell1,0,0
102Ah_45degC_1C_cell1,20,rbf_residual,89.494,102.61176470588235,88.83453998599158,-0.6594600140084168,20,persistent,102Ah_45degC_1C_cell1,0,0
102Ah_45degC_1C_cell1,21,anchor_constant,89.036,102.61176470588235,102.61176470588235,13.57576470588235,20,persistent,102Ah_45degC_1C_cell1,0,0
102Ah_45degC_1C_cell1,21,age_ridge,89.036,102.61176470588235,88.61408260111926,-0.421917398880737,20,persistent,102Ah_45degC_1C_cell1,0,0
102Ah_45degC_1C_cell1,21,fixed_window_ridge,89.036,102.61176470588235,88.78237783004943,-0.2536221699505745,20,persistent,102Ah_45degC_1C_cell1,0,0
102Ah_45degC_1C_cell1,21,mask_ridge,89.036,102.61176470588235,87.11355701899774,-1.9224429810022627,20,persistent,102Ah_45degC_1C_cell1,0,0
102Ah_45degC_1C_cell1,21,within_cell_ratio_ridge,89.036,102.61176470588235,88.81694295027563,-0.2190570497243698,20,persistent,102Ah_45degC_1C_cell1,0,0
102Ah_45degC_1C_cell1,21,rbf_residual,89.036,102.61176470588235,87.33134705323594,-1.7046529467640568,20,persistent,102Ah_45degC_1C_cell1,0,0
102Ah_45degC_1C_cell1,22,anchor_constant,88.696,102.61176470588235,102.61176470588235,13.915764705882353,20,persistent,102Ah_45degC_1C_cell1,0,0
102Ah_45degC_1C_cell1,22,age_ridge,88.696,102.61176470588235,88.31766647737462,-0.37833352262538256,20,persistent,102Ah_45degC_1C_cell1,0,0
102Ah_45degC_1C_cell1,22,fixed_window_ridge,88.696,102.61176470588235,88.50847353496108,-0.18752646503891413,20,persistent,102Ah_45degC_1C_cell1,0,0
102Ah_45degC_1C_cell1,22,mask_ridge,88.696,102.61176470588235,88.6640796143834,-0.031920385616601266,20,persistent,102Ah_45degC_1C_cell1,0,0
102Ah_45degC_1C_cell1,22,within_cell_ratio_ridge,88.696,102.61176470588235,88.53752048407945,-0.158479515920547,20,persistent,102Ah_45degC_1C_cell1,0,0
102Ah_45degC_1C_cell1,22,rbf_residual,88.696,102.61176470588235,87.45288845547763,-1.243111544522364,20,persistent,102Ah_45degC_1C_cell1,0,0
102Ah_45degC_1C_cell1,23,anchor_constant,88.347,102.61176470588235,102.61176470588235,14.264764705882357,20,persistent,102Ah_45degC_1C_cell1,0,0
102Ah_45degC_1C_cell1,23,age_ridge,88.347,102.61176470588235,88.02972011683528,-0.31727988316471567,20,persistent,102Ah_45degC_1C_cell1,0,0
102Ah_45degC_1C_cell1,23,fixed_window_ridge,88.347,102.61176470588235,88.24254183695317,-0.10445816304682864,20,persistent,102Ah_45degC_1C_cell1,0,0
102Ah_45degC_1C_cell1,23,mask_ridge,88.347,102.61176470588235,86.63317369654463,-1.7138263034553631,20,persistent,102Ah_45degC_1C_cell1,0,0
102Ah_45degC_1C_cell1,23,within_cell_ratio_ridge,88.347,102.61176470588235,88.26609913724943,-0.08090086275056763,20,persistent,102Ah_45degC_1C_cell1,0,0
102Ah_45degC_1C_cell1,23,rbf_residual,88.347,102.61176470588235,86.57313127831428,-1.7738687216857159,20,persistent,102Ah_45degC_1C_cell1,0,0
102Ah_45degC_1C_cell1,24,anchor_constant,88.0,102.61176470588235,102.61176470588235,14.61176470588235,20,persistent,102Ah_45degC_1C_cell1,0,0
102Ah_45degC_1C_cell1,24,age_ridge,88.0,102.61176470588235,87.7472415517077,-0.25275844829229754,20,persistent,102Ah_45degC_1C_cell1,0,0
102Ah_45degC_1C_cell1,24,fixed_window_ridge,88.0,102.61176470588235,87.98174036762458,-0.018259632375418278,20,persistent,102Ah_45degC_1C_cell1,0,0
102Ah_45degC_1C_cell1,24,mask_ridge,88.0,102.61176470588235,86.47181302730937,-1.5281869726906336,20,persistent,102Ah_45degC_1C_cell1,0,0
102Ah_45degC_1C_cell1,24,within_cell_ratio_ridge,88.0,102.61176470588235,87.99978988760368,-0.0002101123963171858,20,persistent,102Ah_45degC_1C_cell1,0,0
102Ah_45degC_1C_cell1,24,rbf_residual,88.0,102.61176470588235,86.03159036268406,-1.9684096373159434,20,persistent,102Ah_45degC_1C_cell1,0,0
102Ah_45degC_1C_cell1,25,anchor_constant,87.625,102.61176470588235,102.61176470588235,14.98676470588235,20,persistent,102Ah_45degC_1C_cell1,0,0
102Ah_45degC_1C_cell1,25,age_ridge,87.625,102.61176470588235,87.46538178872075,-0.1596182112792519,20,persistent,102Ah_45degC_1C_cell1,0,0
102Ah_45degC_1C_cell1,25,fixed_window_ridge,87.625,102.61176470588235,87.72173132433255,0.09673132433255205,20,persistent,102Ah_45degC_1C_cell1,0,0
102Ah_45degC_1C_cell1,25,mask_ridge,87.625,102.61176470588235,87.90658297092065,0.28158297092065254,20,persistent,102Ah_45degC_1C_cell1,0,0
102Ah_45degC_1C_cell1,25,within_cell_ratio_ridge,87.625,102.61176470588235,87.73418456207291,0.10918456207291172,20,persistent,102Ah_45degC_1C_cell1,0,0
102Ah_45degC_1C_cell1,25,rbf_residual,87.625,102.61176470588235,86.33017657423552,-1.294823425764477,20,persistent,102Ah_45degC_1C_cell1,0,0
102Ah_45degC_1C_cell1,26,anchor_constant,87.258,102.61176470588235,102.61176470588235,15.353764705882355,20,persistent,102Ah_45degC_1C_cell1,0,0
102Ah_45degC_1C_cell1,26,age_ridge,87.258,102.61176470588235,89.10344254886657,1.845442548866572,20,persistent,102Ah_45degC_1C_cell1,0,0
102Ah_45degC_1C_cell1,26,fixed_window_ridge,87.258,102.61176470588235,89.09026730177763,1.8322673017776339,20,persistent,102Ah_45degC_1C_cell1,0,0
102Ah_45degC_1C_cell1,26,mask_ridge,87.258,102.61176470588235,87.5750215624293,0.31702156242930357,20,persistent,102Ah_45degC_1C_cell1,0,0
102Ah_45degC_1C_cell1,26,within_cell_ratio_ridge,87.258,102.61176470588235,89.10491766727436,1.8469176672743686,20,persistent,102Ah_45degC_1C_cell1,0,0
102Ah_45degC_1C_cell1,26,rbf_residual,87.258,102.61176470588235,90.36657066692139,3.108570666921395,20,persistent,102Ah_45degC_1C_cell1,0,0
102Ah_45degC_1C_cell1,27,anchor_constant,86.915,102.61176470588235,102.61176470588235,15.696764705882345,20,persistent,102Ah_45degC_1C_cell1,0,0
102Ah_45degC_1C_cell1,27,age_ridge,86.915,102.61176470588235,86.87335879512266,-0.0416412048773509,20,persistent,102Ah_45degC_1C_cell1,0,0
102Ah_45degC_1C_cell1,27,fixed_window_ridge,86.915,102.61176470588235,87.17738094230026,0.2623809423002541,20,persistent,102Ah_45degC_1C_cell1,0,0
102Ah_45degC_1C_cell1,27,mask_ridge,86.915,102.61176470588235,85.76637469937934,-1.1486253006206653,20,persistent,102Ah_45degC_1C_cell1,0,0
102Ah_45degC_1C_cell1,27,within_cell_ratio_ridge,86.915,102.61176470588235,87.17783905012816,0.2628390501281501,20,persistent,102Ah_45degC_1C_cell1,0,0
102Ah_45degC_1C_cell1,27,rbf_residual,86.915,102.61176470588235,85.00798166091849,-1.9070183390815174,20,persistent,102Ah_45degC_1C_cell1,0,0
102Ah_45degC_1C_cell1,28,anchor_constant,86.361,102.61176470588235,102.61176470588235,16.250764705882347,20,persistent,102Ah_45degC_1C_cell1,0,0
102Ah_45degC_1C_cell1,28,age_ridge,86.361,102.61176470588235,86.41719952114269,0.05619952114268756,20,persistent,102Ah_45degC_1C_cell1,0,0
102Ah_45degC_1C_cell1,28,fixed_window_ridge,86.361,102.61176470588235,86.76443732574165,0.40343732574164903,20,persistent,102Ah_45degC_1C_cell1,0,0
102Ah_45degC_1C_cell1,28,mask_ridge,86.361,102.61176470588235,86.98386920456218,0.6228692045621784,20,persistent,102Ah_45degC_1C_cell1,0,0
102Ah_45degC_1C_cell1,28,within_cell_ratio_ridge,86.361,102.61176470588235,86.75566417824093,0.39466417824093014,20,persistent,102Ah_45degC_1C_cell1,0,0
102Ah_45degC_1C_cell1,28,rbf_residual,86.361,102.61176470588235,85.01801362483948,-1.342986375160521,20,persistent,102Ah_45degC_1C_cell1,0,0
102Ah_45degC_1C_cell1,29,anchor_constant,85.894,102.61176470588235,102.61176470588235,16.717764705882345,20,persistent,102Ah_45degC_1C_cell1,0,0
102Ah_45degC_1C_cell1,29,age_ridge,85.894,102.61176470588235,86.10223007682889,0.20823007682888317,20,persistent,102Ah_45degC_1C_cell1,0,0
102Ah_45degC_1C_cell1,29,fixed_window_ridge,85.894,102.61176470588235,86.47648759703286,0.582487597032852,20,persistent,102Ah_45degC_1C_cell1,0,0
102Ah_45degC_1C_cell1,29,mask_ridge,85.894,102.61176470588235,85.26942159804345,-0.6245784019565548,20,persistent,102Ah_45degC_1C_cell1,0,0
102Ah_45degC_1C_cell1,29,within_cell_ratio_ridge,85.894,102.61176470588235,86.46096833490317,0.5669683349031658,20,persistent,102Ah_45degC_1C_cell1,0,0
102Ah_45degC_1C_cell1,29,rbf_residual,85.894,102.61176470588235,83.79322132676452,-2.1007786732354816,20,persistent,102Ah_45degC_1C_cell1,0,0
102Ah_45degC_1C_cell1,30,anchor_constant,85.512,102.61176470588235,102.61176470588235,17.09976470588235,20,persistent,102Ah_45degC_1C_cell1,0,0
102Ah_45degC_1C_cell1,30,age_ridge,85.512,102.61176470588235,85.83861809669047,0.32661809669046704,20,persistent,102Ah_45degC_1C_cell1,0,0
102Ah_45degC_1C_cell1,30,fixed_window_ridge,85.512,102.61176470588235,86.23397191569565,0.7219719156956472,20,persistent,102Ah_45degC_1C_cell1,0,0
102Ah_45degC_1C_cell1,30,mask_ridge,85.512,102.61176470588235,86.4740248701547,0.9620248701546927,20,persistent,102Ah_45degC_1C_cell1,0,0
102Ah_45degC_1C_cell1,30,within_cell_ratio_ridge,85.512,102.61176470588235,86.2126457110917,0.7006457110916955,20,persistent,102Ah_45degC_1C_cell1,0,0
102Ah_45degC_1C_cell1,30,rbf_residual,85.512,102.61176470588235,84.31222323780928,-1.199776762190723,20,persistent,102Ah_45degC_1C_cell1,0,0
102Ah_55degC_1C_cell3,1,anchor_constant,98.15,102.83911764705883,102.83911764705883,4.689117647058822,20,persistent,102Ah_55degC_1C_cell3,0,0
102Ah_55degC_1C_cell3,1,age_ridge,98.15,102.83911764705883,99.40014330087311,1.2501433008731055,20,persistent,102Ah_55degC_1C_cell3,0,0
102Ah_55degC_1C_cell3,1,fixed_window_ridge,98.15,102.83911764705883,99.78285563824825,1.6328556382482446,20,persistent,102Ah_55degC_1C_cell3,0,0
102Ah_55degC_1C_cell3,1,mask_ridge,98.15,102.83911764705883,98.87341255684436,0.7234125568443517,20,persistent,102Ah_55degC_1C_cell3,0,0
102Ah_55degC_1C_cell3,1,within_cell_ratio_ridge,98.15,102.83911764705883,99.39004488044819,1.2400448804481812,20,persistent,102Ah_55degC_1C_cell3,0,0
102Ah_55degC_1C_cell3,1,rbf_residual,98.15,102.83911764705883,98.32115433997267,0.1711543399726594,20,persistent,102Ah_55degC_1C_cell3,0,0
102Ah_55degC_1C_cell3,2,anchor_constant,97.002,102.83911764705883,102.83911764705883,5.837117647058832,20,persistent,102Ah_55degC_1C_cell3,0,0
102Ah_55degC_1C_cell3,2,age_ridge,97.002,102.83911764705883,98.92914226871174,1.9271422687117479,20,persistent,102Ah_55degC_1C_cell3,0,0
102Ah_55degC_1C_cell3,2,fixed_window_ridge,97.002,102.83911764705883,99.08066691104959,2.078666911049595,20,persistent,102Ah_55degC_1C_cell3,0,0
102Ah_55degC_1C_cell3,2,mask_ridge,97.002,102.83911764705883,99.01299073835534,2.0109907383553463,20,persistent,102Ah_55degC_1C_cell3,0,0
102Ah_55degC_1C_cell3,2,within_cell_ratio_ridge,97.002,102.83911764705883,98.85178603354566,1.8497860335456693,20,persistent,102Ah_55degC_1C_cell3,0,0
102Ah_55degC_1C_cell3,2,rbf_residual,97.002,102.83911764705883,98.34537703761053,1.3433770376105372,20,persistent,102Ah_55degC_1C_cell3,0,0
102Ah_55degC_1C_cell3,3,anchor_constant,93.692,102.83911764705883,102.83911764705883,9.147117647058835,20,persistent,102Ah_55degC_1C_cell3,0,0
102Ah_55degC_1C_cell3,3,age_ridge,93.692,102.83911764705883,97.38478164062201,3.692781640622016,20,persistent,102Ah_55degC_1C_cell3,0,0
102Ah_55degC_1C_cell3,3,fixed_window_ridge,93.692,102.83911764705883,97.16298997608992,3.4709899760899248,20,persistent,102Ah_55degC_1C_cell3,0,0
102Ah_55degC_1C_cell3,3,mask_ridge,93.692,102.83911764705883,96.04354236589732,2.3515423658973305,20,persistent,102Ah_55degC_1C_cell3,0,0
102Ah_55degC_1C_cell3,3,within_cell_ratio_ridge,93.692,102.83911764705883,97.29881999771592,3.606819997715931,20,persistent,102Ah_55degC_1C_cell3,0,0
102Ah_55degC_1C_cell3,3,rbf_residual,93.692,102.83911764705883,96.4329217980381,2.7409217980381015,20,persistent,102Ah_55degC_1C_cell3,0,0
102Ah_55degC_1C_cell3,4,anchor_constant,93.086,102.83911764705883,102.83911764705883,9.75311764705883,20,persistent,102Ah_55degC_1C_cell3,0,0
102Ah_55degC_1C_cell3,4,age_ridge,93.086,102.83911764705883,97.03031264060986,3.9443126406098656,20,persistent,102Ah_55degC_1C_cell3,0,0
102Ah_55degC_1C_cell3,4,fixed_window_ridge,93.086,102.83911764705883,96.77451422839701,3.688514228397011,20,persistent,102Ah_55degC_1C_cell3,0,0
102Ah_55degC_1C_cell3,4,mask_ridge,93.086,102.83911764705883,95.69428914744393,2.6082891474439265,20,persistent,102Ah_55degC_1C_cell3,0,0
102Ah_55degC_1C_cell3,4,within_cell_ratio_ridge,93.086,102.83911764705883,96.93786356256435,3.851863562564347,20,persistent,102Ah_55degC_1C_cell3,0,0
102Ah_55degC_1C_cell3,4,rbf_residual,93.086,102.83911764705883,96.23038314877876,3.1443831487787577,20,persistent,102Ah_55degC_1C_cell3,0,0
102Ah_55degC_1C_cell3,5,anchor_constant,92.505,102.83911764705883,102.83911764705883,10.334117647058832,20,persistent,102Ah_55degC_1C_cell3,0,0
102Ah_55degC_1C_cell3,5,age_ridge,92.505,102.83911764705883,96.67579291682357,4.170792916823572,20,persistent,102Ah_55degC_1C_cell3,0,0
102Ah_55degC_1C_cell3,5,fixed_window_ridge,92.505,102.83911764705883,96.39330344513533,3.8883034451353353,20,persistent,102Ah_55degC_1C_cell3,0,0
102Ah_55degC_1C_cell3,5,mask_ridge,92.505,102.83911764705883,96.22647918946603,3.721479189466038,20,persistent,102Ah_55degC_1C_cell3,0,0
102Ah_55degC_1C_cell3,5,within_cell_ratio_ridge,92.505,102.83911764705883,96.57910661856191,4.074106618561913,20,persistent,102Ah_55degC_1C_cell3,0,0
102Ah_55degC_1C_cell3,5,rbf_residual,92.505,102.83911764705883,96.33676270953663,3.8317627095366333,20,persistent,102Ah_55degC_1C_cell3,0,0
102Ah_55degC_1C_cell3,6,anchor_constant,91.953,102.83911764705883,102.83911764705883,10.886117647058825,20,persistent,102Ah_55degC_1C_cell3,0,0
102Ah_55degC_1C_cell3,6,age_ridge,91.953,102.83911764705883,96.32458394142519,4.371583941425186,20,persistent,102Ah_55degC_1C_cell3,0,0
102Ah_55degC_1C_cell3,6,fixed_window_ridge,91.953,102.83911764705883,96.02235556478044,4.069355564780437,20,persistent,102Ah_55degC_1C_cell3,0,0
102Ah_55degC_1C_cell3,6,mask_ridge,91.953,102.83911764705883,95.1592238609068,3.2062238609068032,20,persistent,102Ah_55degC_1C_cell3,0,0
102Ah_55degC_1C_cell3,6,within_cell_ratio_ridge,91.953,102.83911764705883,96.22634658460193,4.273346584601924,20,persistent,102Ah_55degC_1C_cell3,0,0
102Ah_55degC_1C_cell3,6,rbf_residual,91.953,102.83911764705883,95.42220526893792,3.4692052689379125,20,persistent,102Ah_55degC_1C_cell3,0,0
102Ah_55degC_1C_cell3,7,anchor_constant,91.407,102.83911764705883,102.83911764705883,11.432117647058831,20,persistent,102Ah_55degC_1C_cell3,0,0
102Ah_55degC_1C_cell3,7,age_ridge,91.407,102.83911764705883,95.935102297609,4.52810229760901,20,persistent,102Ah_55degC_1C_cell3,0,0
102Ah_55degC_1C_cell3,7,fixed_window_ridge,91.407,102.83911764705883,95.62098324293758,4.213983242937587,20,persistent,102Ah_55degC_1C_cell3,0,0
102Ah_55degC_1C_cell3,7,mask_ridge,91.407,102.83911764705883,94.78976968875801,3.3827696887580174,20,persistent,102Ah_55degC_1C_cell3,0,0
102Ah_55degC_1C_cell3,7,within_cell_ratio_ridge,91.407,102.83911764705883,95.84173566646726,4.434735666467262,20,persistent,102Ah_55degC_1C_cell3,0,0
102Ah_55degC_1C_cell3,7,rbf_residual,91.407,102.83911764705883,95.1934850128641,3.786485012864105,20,persistent,102Ah_55degC_1C_cell3,0,0
102Ah_55degC_1C_cell3,8,anchor_constant,90.846,102.83911764705883,102.83911764705883,11.993117647058824,20,persistent,102Ah_55degC_1C_cell3,0,0
102Ah_55degC_1C_cell3,8,age_ridge,90.846,102.83911764705883,95.59766311236918,4.751663112369172,20,persistent,102Ah_55degC_1C_cell3,0,0
102Ah_55degC_1C_cell3,8,fixed_window_ridge,90.846,102.83911764705883,95.27413535310485,4.4281353531048495,20,persistent,102Ah_55degC_1C_cell3,0,0
102Ah_55degC_1C_cell3,8,mask_ridge,90.846,102.83911764705883,95.13382980085079,4.287829800850787,20,persistent,102Ah_55degC_1C_cell3,0,0
102Ah_55degC_1C_cell3,8,within_cell_ratio_ridge,90.846,102.83911764705883,95.50513076663296,4.6591307666329556,20,persistent,102Ah_55degC_1C_cell3,0,0
102Ah_55degC_1C_cell3,8,rbf_residual,90.846,102.83911764705883,95.29306572697678,4.447065726976774,20,persistent,102Ah_55degC_1C_cell3,0,0
102Ah_55degC_1C_cell3,9,anchor_constant,90.301,102.83911764705883,102.83911764705883,12.538117647058826,20,persistent,102Ah_55degC_1C_cell3,0,0
102Ah_55degC_1C_cell3,9,age_ridge,90.301,102.83911764705883,95.2630445600883,4.962044560088302,20,persistent,102Ah_55degC_1C_cell3,0,0
102Ah_55degC_1C_cell3,9,fixed_window_ridge,90.301,102.83911764705883,94.93369547206055,4.632695472060547,20,persistent,102Ah_55degC_1C_cell3,0,0
102Ah_55degC_1C_cell3,9,mask_ridge,90.301,102.83911764705883,94.80466915867767,4.503669158677667,20,persistent,102Ah_55degC_1C_cell3,0,0
102Ah_55degC_1C_cell3,9,within_cell_ratio_ridge,90.301,102.83911764705883,95.1723791992399,4.871379199239897,20,persistent,102Ah_55degC_1C_cell3,0,0
102Ah_55degC_1C_cell3,9,rbf_residual,90.301,102.83911764705883,95.21113044309055,4.9101304430905515,20,persistent,102Ah_55degC_1C_cell3,0,0
102Ah_55degC_1C_cell3,10,anchor_constant,89.744,102.83911764705883,102.83911764705883,13.095117647058828,20,persistent,102Ah_55degC_1C_cell3,0,0
102Ah_55degC_1C_cell3,10,age_ridge,89.744,102.83911764705883,94.92602136692855,5.182021366928552,20,persistent,102Ah_55degC_1C_cell3,0,0
102Ah_55degC_1C_cell3,10,fixed_window_ridge,89.744,102.83911764705883,94.59393139249123,4.849931392491229,20,persistent,102Ah_55degC_1C_cell3,0,0
102Ah_55degC_1C_cell3,10,mask_ridge,89.744,102.83911764705883,93.90507960065378,4.161079600653778,20,persistent,102Ah_55degC_1C_cell3,0,0
102Ah_55degC_1C_cell3,10,within_cell_ratio_ridge,89.744,102.83911764705883,94.83815345045869,5.094153450458691,20,persistent,102Ah_55degC_1C_cell3,0,0
102Ah_55degC_1C_cell3,10,rbf_residual,89.744,102.83911764705883,94.21631801082941,4.472318010829412,20,persistent,102Ah_55degC_1C_cell3,0,0
102Ah_55degC_1C_cell3,11,anchor_constant,89.204,102.83911764705883,102.83911764705883,13.635117647058834,20,persistent,102Ah_55degC_1C_cell3,0,0
102Ah_55degC_1C_cell3,11,age_ridge,89.204,102.83911764705883,94.59628957776623,5.392289577766235,20,persistent,102Ah_55degC_1C_cell3,0,0
102Ah_55degC_1C_cell3,11,fixed_window_ridge,89.204,102.83911764705883,94.26419839511965,5.060198395119656,20,persistent,102Ah_55degC_1C_cell3,0,0
102Ah_55degC_1C_cell3,11,mask_ridge,89.204,102.83911764705883,93.55598713606925,4.351987136069255,20,persistent,102Ah_55degC_1C_cell3,0,0
102Ah_55degC_1C_cell3,11,within_cell_ratio_ridge,89.204,102.83911764705883,94.51193187800286,5.3079318780028615,20,persistent,102Ah_55degC_1C_cell3,0,0
102Ah_55degC_1C_cell3,11,rbf_residual,89.204,102.83911764705883,94.07900333015165,4.875003330151657,20,persistent,102Ah_55degC_1C_cell3,0,0
102Ah_55degC_1C_cell3,12,anchor_constant,88.661,102.83911764705883,102.83911764705883,14.178117647058826,20,persistent,102Ah_55degC_1C_cell3,0,0
102Ah_55degC_1C_cell3,12,age_ridge,88.661,102.83911764705883,94.26379777748356,5.602797777483559,20,persistent,102Ah_55degC_1C_cell3,0,0
102Ah_55degC_1C_cell3,12,fixed_window_ridge,88.661,102.83911764705883,93.93410620525269,5.273106205252688,20,persistent,102Ah_55degC_1C_cell3,0,0
102Ah_55degC_1C_cell3,12,mask_ridge,88.661,102.83911764705883,93.84242809564297,5.181428095642971,20,persistent,102Ah_55degC_1C_cell3,0,0
102Ah_55degC_1C_cell3,12,within_cell_ratio_ridge,88.661,102.83911764705883,94.18366534158251,5.52266534158251,20,persistent,102Ah_55degC_1C_cell3,0,0
102Ah_55degC_1C_cell3,12,rbf_residual,88.661,102.83911764705883,94.23725551419976,5.576255514199758,20,persistent,102Ah_55degC_1C_cell3,0,0
102Ah_55degC_1C_cell3,13,anchor_constant,88.039,102.83911764705883,102.83911764705883,14.800117647058826,20,persistent,102Ah_55degC_1C_cell3,0,0
102Ah_55degC_1C_cell3,13,age_ridge,88.039,102.83911764705883,93.74158613764989,5.702586137649888,20,persistent,102Ah_55degC_1C_cell3,0,0
102Ah_55degC_1C_cell3,13,fixed_window_ridge,88.039,102.83911764705883,93.44993948238196,5.410939482381963,20,persistent,102Ah_55degC_1C_cell3,0,0
102Ah_55degC_1C_cell3,13,mask_ridge,88.039,102.83911764705883,92.85069850673688,4.8116985067368745,20,persistent,102Ah_55degC_1C_cell3,0,0
102Ah_55degC_1C_cell3,13,within_cell_ratio_ridge,88.039,102.83911764705883,93.6990515759756,5.660051575975601,20,persistent,102Ah_55degC_1C_cell3,0,0
102Ah_55degC_1C_cell3,13,rbf_residual,88.039,102.83911764705883,93.04287613188848,5.003876131888475,20,persistent,102Ah_55degC_1C_cell3,0,0
102Ah_55degC_1C_cell3,14,anchor_constant,87.512,102.83911764705883,102.83911764705883,15.327117647058827,20,persistent,102Ah_55degC_1C_cell3,0,0
102Ah_55degC_1C_cell3,14,age_ridge,87.512,102.83911764705883,93.41411107442191,5.90211107442191,20,persistent,102Ah_55degC_1C_cell3,0,0
102Ah_55degC_1C_cell3,14,fixed_window_ridge,87.512,102.83911764705883,93.13068605065355,5.618686050653551,20,persistent,102Ah_55degC_1C_cell3,0,0
102Ah_55degC_1C_cell3,14,mask_ridge,87.512,102.83911764705883,92.6461850535793,5.134185053579301,20,persistent,102Ah_55degC_1C_cell3,0,0
102Ah_55degC_1C_cell3,14,within_cell_ratio_ridge,87.512,102.83911764705883,93.37743219097203,5.8654321909720295,20,persistent,102Ah_55degC_1C_cell3,0,0
102Ah_55degC_1C_cell3,14,rbf_residual,87.512,102.83911764705883,92.98007876042891,5.468078760428909,20,persistent,102Ah_55degC_1C_cell3,0,0
102Ah_55degC_1C_cell3,15,anchor_constant,86.962,102.83911764705883,102.83911764705883,15.877117647058824,20,persistent,102Ah_55degC_1C_cell3,0,0
102Ah_55degC_1C_cell3,15,age_ridge,86.962,102.83911764705883,93.09307538839889,6.131075388398884,20,persistent,102Ah_55degC_1C_cell3,0,0
102Ah_55degC_1C_cell3,15,fixed_window_ridge,86.962,102.83911764705883,92.81921318120075,5.857213181200748,20,persistent,102Ah_55degC_1C_cell3,0,0
102Ah_55degC_1C_cell3,15,mask_ridge,86.962,102.83911764705883,92.76073515799195,5.798735157991942,20,persistent,102Ah_55degC_1C_cell3,0,0
102Ah_55degC_1C_cell3,15,within_cell_ratio_ridge,86.962,102.83911764705883,93.06253759421013,6.100537594210124,20,persistent,102Ah_55degC_1C_cell3,0,0
102Ah_55degC_1C_cell3,15,rbf_residual,86.962,102.83911764705883,93.08178224119249,6.119782241192482,20,persistent,102Ah_55degC_1C_cell3,0,0
102Ah_55degC_1C_cell3,16,anchor_constant,86.38,102.83911764705883,102.83911764705883,16.459117647058832,20,persistent,102Ah_55degC_1C_cell3,0,0
102Ah_55degC_1C_cell3,16,age_ridge,86.38,102.83911764705883,92.76881863658252,6.388818636582528,20,persistent,102Ah_55degC_1C_cell3,0,0
102Ah_55degC_1C_cell3,16,fixed_window_ridge,86.38,102.83911764705883,92.5059853005581,6.125985300558099,20,persistent,102Ah_55degC_1C_cell3,0,0
102Ah_55degC_1C_cell3,16,mask_ridge,86.38,102.83911764705883,91.47824743746693,5.098247437466938,20,persistent,102Ah_55degC_1C_cell3,0,0
102Ah_55degC_1C_cell3,16,within_cell_ratio_ridge,86.38,102.83911764705883,92.74483888964016,6.364838889640168,20,persistent,102Ah_55degC_1C_cell3,0,0
102Ah_55degC_1C_cell3,16,rbf_residual,86.38,102.83911764705883,92.1817054422104,5.801705442210405,20,persistent,102Ah_55degC_1C_cell3,0,0
102Ah_55degC_1C_cell3,17,anchor_constant,85.815,102.83911764705883,102.83911764705883,17.02411764705883,20,persistent,102Ah_55degC_1C_cell3,0,0
102Ah_55degC_1C_cell3,17,age_ridge,85.815,102.83911764705883,92.4508132888796,6.6358132888796035,20,persistent,102Ah_55degC_1C_cell3,0,0
102Ah_55degC_1C_cell3,17,fixed_window_ridge,85.815,102.83911764705883,92.20002579834834,6.385025798348337,20,persistent,102Ah_55degC_1C_cell3,0,0
102Ah_55degC_1C_cell3,17,mask_ridge,85.815,102.83911764705883,91.77522272689788,5.960222726897882,20,persistent,102Ah_55degC_1C_cell3,0,0
102Ah_55degC_1C_cell3,17,within_cell_ratio_ridge,85.815,102.83911764705883,92.43357913948779,6.618579139487792,20,persistent,102Ah_55degC_1C_cell3,0,0
102Ah_55degC_1C_cell3,17,rbf_residual,85.815,102.83911764705883,91.98299536793488,6.1679953679348785,20,persistent,102Ah_55degC_1C_cell3,0,0
102Ah_55degC_1C_cell3,18,anchor_constant,85.108,102.83911764705883,102.83911764705883,17.731117647058824,20,persistent,102Ah_55degC_1C_cell3,0,0
102Ah_55degC_1C_cell3,18,age_ridge,85.108,102.83911764705883,92.12959751721378,7.0215975172137775,20,persistent,102Ah_55degC_1C_cell3,0,0
102Ah_55degC_1C_cell3,18,fixed_window_ridge,85.108,102.83911764705883,91.89207389992734,6.784073899927336,20,persistent,102Ah_55degC_1C_cell3,0,0
102Ah_55degC_1C_cell3,18,mask_ridge,85.108,102.83911764705883,91.51778404874182,6.4097840487418125,20,persistent,102Ah_55degC_1C_cell3,0,0
102Ah_55degC_1C_cell3,18,within_cell_ratio_ridge,85.108,102.83911764705883,92.11943198618442,7.011431986184419,20,persistent,102Ah_55degC_1C_cell3,0,0
102Ah_55degC_1C_cell3,18,rbf_residual,85.108,102.83911764705883,91.75779034485942,6.649790344859412,20,persistent,102Ah_55degC_1C_cell3,0,0
102Ah_55degC_1C_cell3,19,anchor_constant,84.207,102.83911764705883,102.83911764705883,18.632117647058834,20,persistent,102Ah_55degC_1C_cell3,0,0
102Ah_55degC_1C_cell3,19,age_ridge,84.207,102.83911764705883,91.72250471590348,7.515504715903489,20,persistent,102Ah_55degC_1C_cell3,0,0
102Ah_55degC_1C_cell3,19,fixed_window_ridge,84.207,102.83911764705883,91.51986762918655,7.312867629186556,20,persistent,102Ah_55degC_1C_cell3,0,0
102Ah_55degC_1C_cell3,19,mask_ridge,84.207,102.83911764705883,91.19220011570381,6.985200115703819,20,persistent,102Ah_55degC_1C_cell3,0,0
102Ah_55degC_1C_cell3,19,within_cell_ratio_ridge,84.207,102.83911764705883,91.7367937292246,7.5297937292246075,20,persistent,102Ah_55degC_1C_cell3,0,0
102Ah_55degC_1C_cell3,19,rbf_residual,84.207,102.83911764705883,91.29203020333588,7.08503020333589,20,persistent,102Ah_55degC_1C_cell3,0,0
102Ah_55degC_1C_cell3,20,anchor_constant,83.035,102.83911764705883,102.83911764705883,19.80411764705883,20,persistent,102Ah_55degC_1C_cell3,0,0
102Ah_55degC_1C_cell3,20,age_ridge,83.035,102.83911764705883,91.40505440804203,8.370054408042037,20,persistent,102Ah_55degC_1C_cell3,0,0
102Ah_55degC_1C_cell3,20,fixed_window_ridge,83.035,102.83911764705883,91.21782106126406,8.182821061264065,20,persistent,102Ah_55degC_1C_cell3,0,0
102Ah_55degC_1C_cell3,20,mask_ridge,83.035,102.83911764705883,91.23132413926177,8.196324139261776,20,persistent,102Ah_55degC_1C_cell3,0,0
102Ah_55degC_1C_cell3,20,within_cell_ratio_ridge,83.035,102.83911764705883,91.42681082415588,8.391810824155883,20,persistent,102Ah_55degC_1C_cell3,0,0
102Ah_55degC_1C_cell3,20,rbf_residual,83.035,102.83911764705883,91.52834550500992,8.493345505009927,20,persistent,102Ah_55degC_1C_cell3,0,0
102Ah_55degC_1C_cell3,21,anchor_constant,81.814,102.83911764705883,102.83911764705883,21.025117647058835,20,persistent,102Ah_55degC_1C_cell3,0,0
102Ah_55degC_1C_cell3,21,age_ridge,81.814,102.83911764705883,91.09428382771785,9.280283827717852,20,persistent,102Ah_55degC_1C_cell3,0,0
102Ah_55degC_1C_cell3,21,fixed_window_ridge,81.814,102.83911764705883,90.92277505936488,9.108775059364888,20,persistent,102Ah_55degC_1C_cell3,0,0
102Ah_55degC_1C_cell3,21,mask_ridge,81.814,102.83911764705883,90.65480581187629,8.840805811876294,20,persistent,102Ah_55degC_1C_cell3,0,0
102Ah_55degC_1C_cell3,21,within_cell_ratio_ridge,81.814,102.83911764705883,91.12339223609712,9.309392236097125,20,persistent,102Ah_55degC_1C_cell3,0,0
102Ah_55degC_1C_cell3,21,rbf_residual,81.814,102.83911764705883,90.7233139957822,8.909313995782213,20,persistent,102Ah_55degC_1C_cell3,0,0
102Ah_55degC_1C_cell3,22,anchor_constant,80.494,102.83911764705883,102.83911764705883,22.345117647058828,20,persistent,102Ah_55degC_1C_cell3,0,0
102Ah_55degC_1C_cell3,22,age_ridge,80.494,102.83911764705883,90.78099761848402,10.286997618484023,20,persistent,102Ah_55degC_1C_cell3,0,0
102Ah_55degC_1C_cell3,22,fixed_window_ridge,80.494,102.83911764705883,90.62588227122515,10.131882271225152,20,persistent,102Ah_55degC_1C_cell3,0,0
102Ah_55degC_1C_cell3,22,mask_ridge,80.494,102.83911764705883,90.30656532750551,9.81256532750551,20,persistent,102Ah_55degC_1C_cell3,0,0
102Ah_55degC_1C_cell3,22,within_cell_ratio_ridge,80.494,102.83911764705883,90.81750639706235,10.323506397062346,20,persistent,102Ah_55degC_1C_cell3,0,0
102Ah_55degC_1C_cell3,22,rbf_residual,80.494,102.83911764705883,90.62401979971352,10.130019799713523,20,persistent,102Ah_55degC_1C_cell3,0,0
102Ah_55degC_1C_cell3,23,anchor_constant,79.116,102.83911764705883,102.83911764705883,23.723117647058828,20,persistent,102Ah_55degC_1C_cell3,0,0
102Ah_55degC_1C_cell3,23,age_ridge,79.116,102.83911764705883,90.47446444260041,11.358464442600408,20,persistent,102Ah_55degC_1C_cell3,0,0
102Ah_55degC_1C_cell3,23,fixed_window_ridge,79.116,102.83911764705883,90.33583688317778,11.219836883177777,20,persistent,102Ah_55degC_1C_cell3,0,0
102Ah_55degC_1C_cell3,23,mask_ridge,79.116,102.83911764705883,90.39694391222254,11.28094391222254,20,persistent,102Ah_55degC_1C_cell3,0,0
102Ah_55degC_1C_cell3,23,within_cell_ratio_ridge,79.116,102.83911764705883,90.51816569356622,11.402165693566218,20,persistent,102Ah_55degC_1C_cell3,0,0
102Ah_55degC_1C_cell3,23,rbf_residual,79.116,102.83911764705883,90.77854316552326,11.66254316552326,20,persistent,102Ah_55degC_1C_cell3,0,0
102Ah_55degC_1C_cell3,24,anchor_constant,77.658,102.83911764705883,102.83911764705883,25.181117647058826,20,persistent,102Ah_55degC_1C_cell3,0,0
102Ah_55degC_1C_cell3,24,age_ridge,77.658,102.83911764705883,90.17011288456985,12.512112884569845,20,persistent,102Ah_55degC_1C_cell3,0,0
102Ah_55degC_1C_cell3,24,fixed_window_ridge,77.658,102.83911764705883,90.04821632485506,12.39021632485506,20,persistent,102Ah_55degC_1C_cell3,0,0
102Ah_55degC_1C_cell3,24,mask_ridge,77.658,102.83911764705883,90.1254696737449,12.467469673744901,20,persistent,102Ah_55degC_1C_cell3,0,0
102Ah_55degC_1C_cell3,24,within_cell_ratio_ridge,77.658,102.83911764705883,90.22086946749901,12.562869467499013,20,persistent,102Ah_55degC_1C_cell3,0,0
102Ah_55degC_1C_cell3,24,rbf_residual,77.658,102.83911764705883,90.54674341833943,12.88874341833943,20,persistent,102Ah_55degC_1C_cell3,0,0
102Ah_55degC_1C_cell3,25,anchor_constant,76.068,102.83911764705883,102.83911764705883,26.77111764705883,20,persistent,102Ah_55degC_1C_cell3,0,0
102Ah_55degC_1C_cell3,25,age_ridge,76.068,102.83911764705883,89.8584977003757,13.790497700375695,20,persistent,102Ah_55degC_1C_cell3,0,0
102Ah_55degC_1C_cell3,25,fixed_window_ridge,76.068,102.83911764705883,89.75504328703475,13.687043287034754,20,persistent,102Ah_55degC_1C_cell3,0,0
102Ah_55degC_1C_cell3,25,mask_ridge,76.068,102.83911764705883,89.84869859433437,13.780698594334368,20,persistent,102Ah_55degC_1C_cell3,0,0
102Ah_55degC_1C_cell3,25,within_cell_ratio_ridge,76.068,102.83911764705883,89.91723844912632,13.849238449126318,20,persistent,102Ah_55degC_1C_cell3,0,0
102Ah_55degC_1C_cell3,25,rbf_residual,76.068,102.83911764705883,90.25465208295147,14.186652082951468,20,persistent,102Ah_55degC_1C_cell3,0,0
102Ah_55degC_1C_cell3,26,anchor_constant,74.402,102.83911764705883,102.83911764705883,28.437117647058827,20,persistent,102Ah_55degC_1C_cell3,0,0
102Ah_55degC_1C_cell3,26,age_ridge,74.402,102.83911764705883,89.53325177517351,15.13125177517351,20,persistent,102Ah_55degC_1C_cell3,0,0
102Ah_55degC_1C_cell3,26,fixed_window_ridge,74.402,102.83911764705883,89.45349574973774,15.05149574973774,20,persistent,102Ah_55degC_1C_cell3,0,0
102Ah_55degC_1C_cell3,26,mask_ridge,74.402,102.83911764705883,89.56286569196165,15.160865691961646,20,persistent,102Ah_55degC_1C_cell3,0,0
102Ah_55degC_1C_cell3,26,within_cell_ratio_ridge,74.402,102.83911764705883,89.6037973961813,15.201797396181306,20,persistent,102Ah_55degC_1C_cell3,0,0
102Ah_55degC_1C_cell3,26,rbf_residual,74.402,102.83911764705883,89.90782895296954,15.505828952969537,20,persistent,102Ah_55degC_1C_cell3,0,0
102Ah_55degC_1C_cell3,27,anchor_constant,72.733,102.83911764705883,102.83911764705883,30.106117647058824,20,persistent,102Ah_55degC_1C_cell3,0,0
102Ah_55degC_1C_cell3,27,age_ridge,72.733,102.83911764705883,88.95637391319605,16.223373913196042,20,persistent,102Ah_55degC_1C_cell3,0,0
102Ah_55degC_1C_cell3,27,fixed_window_ridge,72.733,102.83911764705883,88.96831250379564,16.23531250379564,20,persistent,102Ah_55degC_1C_cell3,0,0
102Ah_55degC_1C_cell3,27,mask_ridge,72.733,102.83911764705883,89.08666220293185,16.353662202931844,20,persistent,102Ah_55degC_1C_cell3,0,0
102Ah_55degC_1C_cell3,27,within_cell_ratio_ridge,72.733,102.83911764705883,89.08957636061781,16.356576360617808,20,persistent,102Ah_55degC_1C_cell3,0,0
102Ah_55degC_1C_cell3,27,rbf_residual,72.733,102.83911764705883,89.29425853099438,16.56125853099438,20,persistent,102Ah_55degC_1C_cell3,0,0
102Ah_55degC_1C_cell3,28,anchor_constant,71.205,102.83911764705883,102.83911764705883,31.63411764705883,20,persistent,102Ah_55degC_1C_cell3,0,0
102Ah_55degC_1C_cell3,28,age_ridge,71.205,102.83911764705883,88.6597807584602,17.454780758460203,20,persistent,102Ah_55degC_1C_cell3,0,0
102Ah_55degC_1C_cell3,28,fixed_window_ridge,71.205,102.83911764705883,88.68915701191852,17.484157011918526,20,persistent,102Ah_55degC_1C_cell3,0,0
102Ah_55degC_1C_cell3,28,mask_ridge,71.205,102.83911764705883,88.82473786019568,17.619737860195684,20,persistent,102Ah_55degC_1C_cell3,0,0
102Ah_55degC_1C_cell3,28,within_cell_ratio_ridge,71.205,102.83911764705883,88.79903339976514,17.594033399765138,20,persistent,102Ah_55degC_1C_cell3,0,0
102Ah_55degC_1C_cell3,28,rbf_residual,71.205,102.83911764705883,89.09196660940988,17.886966609409882,20,persistent,102Ah_55degC_1C_cell3,0,0
102Ah_55degC_1C_cell3,29,anchor_constant,69.634,102.83911764705883,102.83911764705883,33.20511764705883,20,persistent,102Ah_55degC_1C_cell3,0,0
102Ah_55degC_1C_cell3,29,age_ridge,69.634,102.83911764705883,88.36322561651804,18.729225616518036,20,persistent,102Ah_55degC_1C_cell3,0,0
102Ah_55degC_1C_cell3,29,fixed_window_ridge,69.634,102.83911764705883,88.41052794839568,18.77652794839568,20,persistent,102Ah_55degC_1C_cell3,0,0
102Ah_55degC_1C_cell3,29,mask_ridge,69.634,102.83911764705883,88.56340359334371,18.929403593343707,20,persistent,102Ah_55degC_1C_cell3,0,0
102Ah_55degC_1C_cell3,29,within_cell_ratio_ridge,69.634,102.83911764705883,88.5087053925027,18.874705392502705,20,persistent,102Ah_55degC_1C_cell3,0,0
102Ah_55degC_1C_cell3,29,rbf_residual,69.634,102.83911764705883,88.29957526531246,18.665575265312455,20,persistent,102Ah_55degC_1C_cell3,0,0
102Ah_55degC_1C_cell3,30,anchor_constant,68.083,102.83911764705883,102.83911764705883,34.75611764705883,20,persistent,102Ah_55degC_1C_cell3,0,0
102Ah_55degC_1C_cell3,30,age_ridge,68.083,102.83911764705883,88.01119427334473,19.92819427334473,20,persistent,102Ah_55degC_1C_cell3,0,0
102Ah_55degC_1C_cell3,30,fixed_window_ridge,68.083,102.83911764705883,88.09355653073239,20.010556530732387,20,persistent,102Ah_55degC_1C_cell3,0,0
102Ah_55degC_1C_cell3,30,mask_ridge,68.083,102.83911764705883,88.26191253340019,20.178912533400194,20,persistent,102Ah_55degC_1C_cell3,0,0
102Ah_55degC_1C_cell3,30,within_cell_ratio_ridge,68.083,102.83911764705883,88.17546529459325,20.092465294593254,20,persistent,102Ah_55degC_1C_cell3,0,0
102Ah_55degC_1C_cell3,30,rbf_residual,68.083,102.83911764705883,88.53244183062199,20.449441830621993,20,persistent,102Ah_55degC_1C_cell3,0,0
