cell_id,target_ordinal,method,target_soh_pp,anchor_soh_pp,pred_soh_pp,error_pp,budget_Ah,history_mode,held_cell,w01_visible,w03_visible
102Ah_25degC_0p5C_cell3,1,anchor_constant,100.57,102.13637254901961,102.13637254901961,1.5663725490196185,20,persistent,102Ah_25degC_0p5C_cell3,0,0
102Ah_25degC_0p5C_cell3,1,age_ridge,100.57,102.13637254901961,96.92285517602967,-3.647144823970322,20,persistent,102Ah_25degC_0p5C_cell3,0,0
102Ah_25degC_0p5C_cell3,1,fixed_window_ridge,100.57,102.13637254901961,96.92285517602967,-3.647144823970322,20,persistent,102Ah_25degC_0p5C_cell3,0,0
102Ah_25degC_0p5C_cell3,1,mask_ridge,100.57,102.13637254901961,96.92285517602967,-3.647144823970322,20,persistent,102Ah_25degC_0p5C_cell3,0,0
102Ah_25degC_0p5C_cell3,1,within_cell_ratio_ridge,100.57,102.13637254901961,96.92285517602967,-3.647144823970322,20,persistent,102Ah_25degC_0p5C_cell3,0,0
102Ah_25degC_0p5C_cell3,1,rbf_residual,100.57,102.13637254901961,98.54601411937297,-2.0239858806270234,20,persistent,102Ah_25degC_0p5C_cell3,0,0
102Ah_25degC_0p5C_cell3,2,anchor_constant,99.885,102.13637254901961,102.13637254901961,2.2513725490196066,20,persistent,102Ah_25degC_0p5C_cell3,0,0
102Ah_25degC_0p5C_cell3,2,age_ridge,99.885,102.13637254901961,96.14296996849409,-3.7420300315059194,20,persistent,102Ah_25degC_0p5C_cell3,0,0
102Ah_25degC_0p5C_cell3,2,fixed_window_ridge,99.885,102.13637254901961,96.14296996849409,-3.7420300315059194,20,persistent,102Ah_25degC_0p5C_cell3,0,0
102Ah_25degC_0p5C_cell3,2,mask_ridge,99.885,102.13637254901961,96.14296996849409,-3.7420300315059194,20,persistent,102Ah_25degC_0p5C_cell3,0,0
102Ah_25degC_0p5C_cell3,2,within_cell_ratio_ridge,99.885,102.13637254901961,96.14296996849409,-3.7420300315059194,20,persistent,102Ah_25degC_0p5C_cell3,0,0
102Ah_25degC_0p5C_cell3,2,rbf_residual,99.885,102.13637254901961,98.03013689339727,-1.8548631066027355,20,persistent,102Ah_25degC_0p5C_cell3,0,0
102Ah_25degC_0p5C_cell3,3,anchor_constant,99.386,102.13637254901961,102.13637254901961,2.750372549019616,20,persistent,102Ah_25degC_0p5C_cell3,0,0
102Ah_25degC_0p5C_cell3,3,age_ridge,99.386,102.13637254901961,95.56534965236202,-3.8206503476379794,20,persistent,102Ah_25degC_0p5C_cell3,0,0
102Ah_25degC_0p5C_cell3,3,fixed_window_ridge,99.386,102.13637254901961,95.56534965236202,-3.8206503476379794,20,persistent,102Ah_25degC_0p5C_cell3,0,0
102Ah_25degC_0p5C_cell3,3,mask_ridge,99.386,102.13637254901961,95.56534965236202,-3.8206503476379794,20,persistent,102Ah_25degC_0p5C_cell3,0,0
102Ah_25degC_0p5C_cell3,3,within_cell_ratio_ridge,99.386,102.13637254901961,95.56534965236202,-3.8206503476379794,20,persistent,102Ah_25degC_0p5C_cell3,0,0
102Ah_25degC_0p5C_cell3,3,rbf_residual,99.386,102.13637254901961,97.58133848319726,-1.8046615168027387,20,persistent,102Ah_25degC_0p5C_cell3,0,0
102Ah_25degC_0p5C_cell3,4,anchor_constant,98.994,102.13637254901961,102.13637254901961,3.142372549019612,20,persistent,102Ah_25degC_0p5C_cell3,0,0
102Ah_25degC_0p5C_cell3,4,age_ridge,98.994,102.13637254901961,95.07805479317388,-3.915945206826123,20,persistent,102Ah_25degC_0p5C_cell3,0,0
102Ah_25degC_0p5C_cell3,4,fixed_window_ridge,98.994,102.13637254901961,95.07805479317388,-3.915945206826123,20,persistent,102Ah_25degC_0p5C_cell3,0,0
102Ah_25degC_0p5C_cell3,4,mask_ridge,98.994,102.13637254901961,95.07805479317388,-3.915945206826123,20,persistent,102Ah_25degC_0p5C_cell3,0,0
102Ah_25degC_0p5C_cell3,4,within_cell_ratio_ridge,98.994,102.13637254901961,95.07805479317388,-3.915945206826123,20,persistent,102Ah_25degC_0p5C_cell3,0,0
102Ah_25degC_0p5C_cell3,4,rbf_residual,98.994,102.13637254901961,97.21734864528,-1.776651354720002,20,persistent,102Ah_25degC_0p5C_cell3,0,0
102Ah_25degC_0p5C_cell3,5,anchor_constant,98.602,102.13637254901961,102.13637254901961,3.534372549019608,20,persistent,102Ah_25degC_0p5C_cell3,0,0
102Ah_25degC_0p5C_cell3,5,age_ridge,98.602,102.13637254901961,94.66245830284146,-3.939541697158546,20,persistent,102Ah_25degC_0p5C_cell3,0,0
102Ah_25degC_0p5C_cell3,5,fixed_window_ridge,98.602,102.13637254901961,94.66245830284146,-3.939541697158546,20,persistent,102Ah_25degC_0p5C_cell3,0,0
102Ah_25degC_0p5C_cell3,5,mask_ridge,98.602,102.13637254901961,94.66245830284146,-3.939541697158546,20,persistent,102Ah_25degC_0p5C_cell3,0,0
102Ah_25degC_0p5C_cell3,5,within_cell_ratio_ridge,98.602,102.13637254901961,94.66245830284146,-3.939541697158546,20,persistent,102Ah_25degC_0p5C_cell3,0,0
102Ah_25degC_0p5C_cell3,5,rbf_residual,98.602,102.13637254901961,96.97582444143661,-1.6261755585633892,20,persistent,102Ah_25degC_0p5C_cell3,0,0
102Ah_25degC_0p5C_cell3,6,anchor_constant,98.235,102.13637254901961,102.13637254901961,3.9013725490196123,20,persistent,102Ah_25degC_0p5C_cell3,0,0
102Ah_25degC_0p5C_cell3,6,age_ridge,98.235,102.13637254901961,94.0094747436003,-4.225525256399706,20,persistent,102Ah_25degC_0p5C_cell3,0,0
102Ah_25degC_0p5C_cell3,6,fixed_window_ridge,98.235,102.13637254901961,94.0094747436003,-4.225525256399706,20,persistent,102Ah_25degC_0p5C_cell3,0,0
102Ah_25degC_0p5C_cell3,6,mask_ridge,98.235,102.13637254901961,94.0094747436003,-4.225525256399706,20,persistent,102Ah_25degC_0p5C_cell3,0,0
102Ah_25degC_0p5C_cell3,6,within_cell_ratio_ridge,98.235,102.13637254901961,94.0094747436003,-4.225525256399706,20,persistent,102Ah_25degC_0p5C_cell3,0,0
102Ah_25degC_0p5C_cell3,6,rbf_residual,98.235,102.13637254901961,95.906348084343,-2.328651915657005,20,persistent,102Ah_25degC_0p5C_cell3,0,0
102Ah_25degC_0p5C_cell3,7,anchor_constant,97.993,102.13637254901961,102.13637254901961,4.143372549019617,20,persistent,102Ah_25degC_0p5C_cell3,0,0
102Ah_25degC_0p5C_cell3,7,age_ridge,97.993,102.13637254901961,93.67506790349682,-4.317932096503171,20,persistent,102Ah_25degC_0p5C_cell3,0,0
102Ah_25degC_0p5C_cell3,7,fixed_window_ridge,97.993,102.13637254901961,93.67506790349682,-4.317932096503171,20,persistent,102Ah_25degC_0p5C_cell3,0,0
102Ah_25degC_0p5C_cell3,7,mask_ridge,97.993,102.13637254901961,93.67506790349682,-4.317932096503171,20,persistent,102Ah_25degC_0p5C_cell3,0,0
102Ah_25degC_0p5C_cell3,7,within_cell_ratio_ridge,97.993,102.13637254901961,93.67506790349682,-4.317932096503171,20,persistent,102Ah_25degC_0p5C_cell3,0,0
102Ah_25degC_0p5C_cell3,7,rbf_residual,97.993,102.13637254901961,95.55539217526662,-2.4376078247333766,20,persistent,102Ah_25degC_0p5C_cell3,0,0
102Ah_25degC_0p5C_cell3,8,anchor_constant,97.71,102.13637254901961,102.13637254901961,4.426372549019618,20,persistent,102Ah_25degC_0p5C_cell3,0,0
102Ah_25degC_0p5C_cell3,8,age_ridge,97.71,102.13637254901961,93.34756280144782,-4.362437198552172,20,persistent,102Ah_25degC_0p5C_cell3,0,0
102Ah_25degC_0p5C_cell3,8,fixed_window_ridge,97.71,102.13637254901961,93.34756280144782,-4.362437198552172,20,persistent,102Ah_25degC_0p5C_cell3,0,0
102Ah_25degC_0p5C_cell3,8,mask_ridge,97.71,102.13637254901961,93.34756280144782,-4.362437198552172,20,persistent,102Ah_25degC_0p5C_cell3,0,0
102Ah_25degC_0p5C_cell3,8,within_cell_ratio_ridge,97.71,102.13637254901961,93.34756280144782,-4.362437198552172,20,persistent,102Ah_25degC_0p5C_cell3,0,0
102Ah_25degC_0p5C_cell3,8,rbf_residual,97.71,102.13637254901961,95.19547505775229,-2.5145249422477036,20,persistent,102Ah_25degC_0p5C_cell3,0,0
102Ah_25degC_0p5C_cell3,9,anchor_constant,97.441,102.13637254901961,102.13637254901961,4.695372549019609,20,persistent,102Ah_25degC_0p5C_cell3,0,0
102Ah_25degC_0p5C_cell3,9,age_ridge,97.441,102.13637254901961,93.04898332445377,-4.39201667554623,20,persistent,102Ah_25degC_0p5C_cell3,0,0
102Ah_25degC_0p5C_cell3,9,fixed_window_ridge,97.441,102.13637254901961,93.04898332445377,-4.39201667554623,20,persistent,102Ah_25degC_0p5C_cell3,0,0
102Ah_25degC_0p5C_cell3,9,mask_ridge,97.441,102.13637254901961,93.04898332445377,-4.39201667554623,20,persistent,102Ah_25degC_0p5C_cell3,0,0
102Ah_25degC_0p5C_cell3,9,within_cell_ratio_ridge,97.441,102.13637254901961,93.04898332445377,-4.39201667554623,20,persistent,102Ah_25degC_0p5C_cell3,0,0
102Ah_25degC_0p5C_cell3,9,rbf_residual,97.441,102.13637254901961,94.85359013129646,-2.5874098687035456,20,persistent,102Ah_25degC_0p5C_cell3,0,0
102Ah_25degC_0p5C_cell3,10,anchor_constant,97.212,102.13637254901961,102.13637254901961,4.924372549019608,20,persistent,102Ah_25degC_0p5C_cell3,0,0
102Ah_25degC_0p5C_cell3,10,age_ridge,97.212,102.13637254901961,92.77478616378652,-4.437213836213488,20,persistent,102Ah_25degC_0p5C_cell3,0,0
102Ah_25degC_0p5C_cell3,10,fixed_window_ridge,97.212,102.13637254901961,92.77478616378652,-4.437213836213488,20,persistent,102Ah_25degC_0p5C_cell3,0,0
102Ah_25degC_0p5C_cell3,10,mask_ridge,97.212,102.13637254901961,92.77478616378652,-4.437213836213488,20,persistent,102Ah_25degC_0p5C_cell3,0,0
102Ah_25degC_0p5C_cell3,10,within_cell_ratio_ridge,97.212,102.13637254901961,92.77478616378652,-4.437213836213488,20,persistent,102Ah_25degC_0p5C_cell3,0,0
102Ah_25degC_0p5C_cell3,10,rbf_residual,97.212,102.13637254901961,94.52752586224658,-2.6844741377534262,20,persistent,102Ah_25degC_0p5C_cell3,0,0
102Ah_25degC_0p5C_cell3,11,anchor_constant,97.027,102.13637254901961,102.13637254901961,5.109372549019611,20,persistent,102Ah_25degC_0p5C_cell3,0,0
102Ah_25degC_0p5C_cell3,11,age_ridge,97.027,102.13637254901961,92.52137303816805,-4.50562696183195,20,persistent,102Ah_25degC_0p5C_cell3,0,0
102Ah_25degC_0p5C_cell3,11,fixed_window_ridge,97.027,102.13637254901961,92.52137303816805,-4.50562696183195,20,persistent,102Ah_25degC_0p5C_cell3,0,0
102Ah_25degC_0p5C_cell3,11,mask_ridge,97.027,102.13637254901961,92.52137303816805,-4.50562696183195,20,persistent,102Ah_25degC_0p5C_cell3,0,0
102Ah_25degC_0p5C_cell3,11,within_cell_ratio_ridge,97.027,102.13637254901961,92.52137303816805,-4.50562696183195,20,persistent,102Ah_25degC_0p5C_cell3,0,0
102Ah_25degC_0p5C_cell3,11,rbf_residual,97.027,102.13637254901961,94.21629200473056,-2.810707995269439,20,persistent,102Ah_25degC_0p5C_cell3,0,0
102Ah_25degC_0p5C_cell3,12,anchor_constant,96.825,102.13637254901961,102.13637254901961,5.311372549019609,20,persistent,102Ah_25degC_0p5C_cell3,0,0
102Ah_25degC_0p5C_cell3,12,age_ridge,96.825,102.13637254901961,92.27061981836329,-4.554380181636716,20,persistent,102Ah_25degC_0p5C_cell3,0,0
102Ah_25degC_0p5C_cell3,12,fixed_window_ridge,96.825,102.13637254901961,92.27061981836329,-4.554380181636716,20,persistent,102Ah_25degC_0p5C_cell3,0,0
102Ah_25degC_0p5C_cell3,12,mask_ridge,96.825,102.13637254901961,92.27061981836329,-4.554380181636716,20,persistent,102Ah_25degC_0p5C_cell3,0,0
102Ah_25degC_0p5C_cell3,12,within_cell_ratio_ridge,96.825,102.13637254901961,92.27061981836329,-4.554380181636716,20,persistent,102Ah_25degC_0p5C_cell3,0,0
102Ah_25degC_0p5C_cell3,12,rbf_residual,96.825,102.13637254901961,93.89873996136255,-2.9262600386374515,20,persistent,102Ah_25degC_0p5C_cell3,0,0
102Ah_25degC_0p5C_cell3,13,anchor_constant,96.653,102.13637254901961,102.13637254901961,5.483372549019606,20,persistent,102Ah_25degC_0p5C_cell3,0,0
102Ah_25degC_0p5C_cell3,13,age_ridge,96.653,102.13637254901961,92.0373141830457,-4.615685816954311,20,persistent,102Ah_25degC_0p5C_cell3,0,0
102Ah_25degC_0p5C_cell3,13,fixed_window_ridge,96.653,102.13637254901961,92.0373141830457,-4.615685816954311,20,persistent,102Ah_25degC_0p5C_cell3,0,0
102Ah_25degC_0p5C_cell3,13,mask_ridge,96.653,102.13637254901961,92.0373141830457,-4.615685816954311,20,persistent,102Ah_25degC_0p5C_cell3,0,0
102Ah_25degC_0p5C_cell3,13,within_cell_ratio_ridge,96.653,102.13637254901961,92.0373141830457,-4.615685816954311,20,persistent,102Ah_25degC_0p5C_cell3,0,0
102Ah_25degC_0p5C_cell3,13,rbf_residual,96.653,102.13637254901961,93.59496559754533,-3.0580344024546804,20,persistent,102Ah_25degC_0p5C_cell3,0,0
102Ah_25degC_0p5C_cell3,14,anchor_constant,96.449,102.13637254901961,102.13637254901961,5.687372549019614,20,persistent,102Ah_25degC_0p5C_cell3,0,0
102Ah_25degC_0p5C_cell3,14,age_ridge,96.449,102.13637254901961,91.80468405474059,-4.644315945259407,20,persistent,102Ah_25degC_0p5C_cell3,0,0
102Ah_25degC_0p5C_cell3,14,fixed_window_ridge,96.449,102.13637254901961,91.80468405474059,-4.644315945259407,20,persistent,102Ah_25degC_0p5C_cell3,0,0
102Ah_25degC_0p5C_cell3,14,mask_ridge,96.449,102.13637254901961,91.80468405474059,-4.644315945259407,20,persistent,102Ah_25degC_0p5C_cell3,0,0
102Ah_25degC_0p5C_cell3,14,within_cell_ratio_ridge,96.449,102.13637254901961,91.80468405474059,-4.644315945259407,20,persistent,102Ah_25degC_0p5C_cell3,0,0
102Ah_25degC_0p5C_cell3,14,rbf_residual,96.449,102.13637254901961,93.28436178935664,-3.1646382106433606,20,persistent,102Ah_25degC_0p5C_cell3,0,0
102Ah_25degC_0p5C_cell3,15,anchor_constant,96.24,102.13637254901961,102.13637254901961,5.896372549019617,20,persistent,102Ah_25degC_0p5C_cell3,0,0
102Ah_25degC_0p5C_cell3,15,age_ridge,96.24,102.13637254901961,91.57964356112447,-4.6603564388755245,20,persistent,102Ah_25degC_0p5C_cell3,0,0
102Ah_25degC_0p5C_cell3,15,fixed_window_ridge,96.24,102.13637254901961,91.57964356112447,-4.6603564388755245,20,persistent,102Ah_25degC_0p5C_cell3,0,0
102Ah_25degC_0p5C_cell3,15,mask_ridge,96.24,102.13637254901961,91.57964356112447,-4.6603564388755245,20,persistent,102Ah_25degC_0p5C_cell3,0,0
102Ah_25degC_0p5C_cell3,15,within_cell_ratio_ridge,96.24,102.13637254901961,91.57964356112447,-4.6603564388755245,20,persistent,102Ah_25degC_0p5C_cell3,0,0
102Ah_25degC_0p5C_cell3,15,rbf_residual,96.24,102.13637254901961,92.97690593382816,-3.2630940661718313,20,persistent,102Ah_25degC_0p5C_cell3,0,0
102Ah_25degC_0p5C_cell3,16,anchor_constant,96.134,102.13637254901961,102.13637254901961,6.002372549019611,20,persistent,102Ah_25degC_0p5C_cell3,0,0
102Ah_25degC_0p5C_cell3,16,age_ridge,96.134,102.13637254901961,91.32886360638139,-4.805136393618611,20,persistent,102Ah_25degC_0p5C_cell3,0,0
102Ah_25degC_0p5C_cell3,16,fixed_window_ridge,96.134,102.13637254901961,91.32886360638139,-4.805136393618611,20,persistent,102Ah_25degC_0p5C_cell3,0,0
102Ah_25degC_0p5C_cell3,16,mask_ridge,96.134,102.13637254901961,91.32886360638139,-4.805136393618611,20,persistent,102Ah_25degC_0p5C_cell3,0,0
102Ah_25degC_0p5C_cell3,16,within_cell_ratio_ridge,96.134,102.13637254901961,91.32886360638139,-4.805136393618611,20,persistent,102Ah_25degC_0p5C_cell3,0,0
102Ah_25degC_0p5C_cell3,16,rbf_residual,96.134,102.13637254901961,92.6249571880434,-3.509042811956604,20,persistent,102Ah_25degC_0p5C_cell3,0,0
102Ah_25degC_0p5C_cell3,17,anchor_constant,95.949,102.13637254901961,102.13637254901961,6.187372549019614,20,persistent,102Ah_25degC_0p5C_cell3,0,0
102Ah_25degC_0p5C_cell3,17,age_ridge,95.949,102.13637254901961,91.10723973471329,-4.841760265286709,20,persistent,102Ah_25degC_0p5C_cell3,0,0
102Ah_25degC_0p5C_cell3,17,fixed_window_ridge,95.949,102.13637254901961,91.10723973471329,-4.841760265286709,20,persistent,102Ah_25degC_0p5C_cell3,0,0
102Ah_25degC_0p5C_cell3,17,mask_ridge,95.949,102.13637254901961,91.10723973471329,-4.841760265286709,20,persistent,102Ah_25degC_0p5C_cell3,0,0
102Ah_25degC_0p5C_cell3,17,within_cell_ratio_ridge,95.949,102.13637254901961,91.10723973471329,-4.841760265286709,20,persistent,102Ah_25degC_0p5C_cell3,0,0
102Ah_25degC_0p5C_cell3,17,rbf_residual,95.949,102.13637254901961,92.30934091968213,-3.6396590803178697,20,persistent,102Ah_25degC_0p5C_cell3,0,0
102Ah_25degC_0p5C_cell3,18,anchor_constant,95.782,102.13637254901961,102.13637254901961,6.354372549019615,20,persistent,102Ah_25degC_0p5C_cell3,0,0
102Ah_25degC_0p5C_cell3,18,age_ridge,95.782,102.13637254901961,90.90175528966446,-4.880244710335532,20,persistent,102Ah_25degC_0p5C_cell3,0,0
102Ah_25degC_0p5C_cell3,18,fixed_window_ridge,95.782,102.13637254901961,90.90175528966446,-4.880244710335532,20,persistent,102Ah_25degC_0p5C_cell3,0,0
102Ah_25degC_0p5C_cell3,18,mask_ridge,95.782,102.13637254901961,90.90175528966446,-4.880244710335532,20,persistent,102Ah_25degC_0p5C_cell3,0,0
102Ah_25degC_0p5C_cell3,18,within_cell_ratio_ridge,95.782,102.13637254901961,90.90175528966446,-4.880244710335532,20,persistent,102Ah_25degC_0p5C_cell3,0,0
102Ah_25degC_0p5C_cell3,18,rbf_residual,95.782,102.13637254901961,92.01268703292446,-3.7693129670755354,20,persistent,102Ah_25degC_0p5C_cell3,0,0
102Ah_25degC_0p5C_cell3,19,anchor_constant,95.643,102.13637254901961,102.13637254901961,6.493372549019611,20,persistent,102Ah_25degC_0p5C_cell3,0,0
102Ah_25degC_0p5C_cell3,19,age_ridge,95.643,102.13637254901961,90.70750773716863,-4.935492262831374,20,persistent,102Ah_25degC_0p5C_cell3,0,0
102Ah_25degC_0p5C_cell3,19,fixed_window_ridge,95.643,102.13637254901961,90.70750773716863,-4.935492262831374,20,persistent,102Ah_25degC_0p5C_cell3,0,0
102Ah_25degC_0p5C_cell3,19,mask_ridge,95.643,102.13637254901961,90.70750773716863,-4.935492262831374,20,persistent,102Ah_25degC_0p5C_cell3,0,0
102Ah_25degC_0p5C_cell3,19,within_cell_ratio_ridge,95.643,102.13637254901961,90.70750773716863,-4.935492262831374,20,persistent,102Ah_25degC_0p5C_cell3,0,0
102Ah_25degC_0p5C_cell3,19,rbf_residual,95.643,102.13637254901961,91.72878713311029,-3.914212866889713,20,persistent,102Ah_25degC_0p5C_cell3,0,0
102Ah_25degC_0p5C_cell3,20,anchor_constant,95.469,102.13637254901961,102.13637254901961,6.667372549019618,20,persistent,102Ah_25degC_0p5C_cell3,0,0
102Ah_25degC_0p5C_cell3,20,age_ridge,95.469,102.13637254901961,90.50156008360554,-4.967439916394454,20,persistent,102Ah_25degC_0p5C_cell3,0,0
102Ah_25degC_0p5C_cell3,20,fixed_window_ridge,95.469,102.13637254901961,90.50156008360554,-4.967439916394454,20,persistent,102Ah_25degC_0p5C_cell3,0,0
102Ah_25degC_0p5C_cell3,20,mask_ridge,95.469,102.13637254901961,90.50156008360554,-4.967439916394454,20,persistent,102Ah_25degC_0p5C_cell3,0,0
102Ah_25degC_0p5C_cell3,20,within_cell_ratio_ridge,95.469,102.13637254901961,90.50156008360554,-4.967439916394454,20,persistent,102Ah_25degC_0p5C_cell3,0,0
102Ah_25degC_0p5C_cell3,20,rbf_residual,95.469,102.13637254901961,91.42446340494352,-4.044536595056471,20,persistent,102Ah_25degC_0p5C_cell3,0,0
102Ah_25degC_0p5C_cell3,21,anchor_constant,95.318,102.13637254901961,102.13637254901961,6.818372549019614,20,persistent,102Ah_25degC_0p5C_cell3,0,0
102Ah_25degC_0p5C_cell3,21,age_ridge,95.318,102.13637254901961,90.31557662708144,-5.002423372918557,20,persistent,102Ah_25degC_0p5C_cell3,0,0
102Ah_25degC_0p5C_cell3,21,fixed_window_ridge,95.318,102.13637254901961,90.31557662708144,-5.002423372918557,20,persistent,102Ah_25degC_0p5C_cell3,0,0
102Ah_25degC_0p5C_cell3,21,mask_ridge,95.318,102.13637254901961,90.31557662708144,-5.002423372918557,20,persistent,102Ah_25degC_0p5C_cell3,0,0
102Ah_25degC_0p5C_cell3,21,within_cell_ratio_ridge,95.318,102.13637254901961,90.31557662708144,-5.002423372918557,20,persistent,102Ah_25degC_0p5C_cell3,0,0
102Ah_25degC_0p5C_cell3,21,rbf_residual,95.318,102.13637254901961,91.14761324946164,-4.170386750538356,20,persistent,102Ah_25degC_0p5C_cell3,0,0
102Ah_25degC_0p5C_cell3,22,anchor_constant,95.076,102.13637254901961,102.13637254901961,7.060372549019618,20,persistent,102Ah_25degC_0p5C_cell3,0,0
102Ah_25degC_0p5C_cell3,22,age_ridge,95.076,102.13637254901961,89.93593673919614,-5.140063260803856,20,persistent,102Ah_25degC_0p5C_cell3,0,0
102Ah_25degC_0p5C_cell3,22,fixed_window_ridge,95.076,102.13637254901961,89.93593673919614,-5.140063260803856,20,persistent,102Ah_25degC_0p5C_cell3,0,0
102Ah_25degC_0p5C_cell3,22,mask_ridge,95.076,102.13637254901961,89.93593673919614,-5.140063260803856,20,persistent,102Ah_25degC_0p5C_cell3,0,0
102Ah_25degC_0p5C_cell3,22,within_cell_ratio_ridge,95.076,102.13637254901961,89.93593673919614,-5.140063260803856,20,persistent,102Ah_25degC_0p5C_cell3,0,0
102Ah_25degC_0p5C_cell3,22,rbf_residual,95.076,102.13637254901961,90.57982431614919,-4.496175683850808,20,persistent,102Ah_25degC_0p5C_cell3,0,0
102Ah_25degC_0p5C_cell3,23,anchor_constant,94.944,102.13637254901961,102.13637254901961,7.192372549019609,20,persistent,102Ah_25degC_0p5C_cell3,0,0
102Ah_25degC_0p5C_cell3,23,age_ridge,94.944,102.13637254901961,89.76068205141266,-5.183317948587344,20,persistent,102Ah_25degC_0p5C_cell3,0,0
102Ah_25degC_0p5C_cell3,23,fixed_window_ridge,94.944,102.13637254901961,89.76068205141266,-5.183317948587344,20,persistent,102Ah_25degC_0p5C_cell3,0,0
102Ah_25degC_0p5C_cell3,23,mask_ridge,94.944,102.13637254901961,89.76068205141266,-5.183317948587344,20,persistent,102Ah_25degC_0p5C_cell3,0,0
102Ah_25degC_0p5C_cell3,23,within_cell_ratio_ridge,94.944,102.13637254901961,89.76068205141266,-5.183317948587344,20,persistent,102Ah_25degC_0p5C_cell3,0,0
102Ah_25degC_0p5C_cell3,23,rbf_residual,94.944,102.13637254901961,90.31773515879887,-4.6262648412011345,20,persistent,102Ah_25degC_0p5C_cell3,0,0
102Ah_25degC_0p5C_cell3,24,anchor_constant,94.756,102.13637254901961,102.13637254901961,7.3803725490196115,20,persistent,102Ah_25degC_0p5C_cell3,0,0
102Ah_25degC_0p5C_cell3,24,age_ridge,94.756,102.13637254901961,89.58232569569496,-5.173674304305038,20,persistent,102Ah_25degC_0p5C_cell3,0,0
102Ah_25degC_0p5C_cell3,24,fixed_window_ridge,94.756,102.13637254901961,89.58232569569496,-5.173674304305038,20,persistent,102Ah_25degC_0p5C_cell3,0,0
102Ah_25degC_0p5C_cell3,24,mask_ridge,94.756,102.13637254901961,89.58232569569496,-5.173674304305038,20,persistent,102Ah_25degC_0p5C_cell3,0,0
102Ah_25degC_0p5C_cell3,24,within_cell_ratio_ridge,94.756,102.13637254901961,89.58232569569496,-5.173674304305038,20,persistent,102Ah_25degC_0p5C_cell3,0,0
102Ah_25degC_0p5C_cell3,24,rbf_residual,94.756,102.13637254901961,90.05111858019855,-4.704881419801453,20,persistent,102Ah_25degC_0p5C_cell3,0,0
102Ah_25degC_0p5C_cell3,25,anchor_constant,94.621,102.13637254901961,102.13637254901961,7.515372549019617,20,persistent,102Ah_25degC_0p5C_cell3,0,0
102Ah_25degC_0p5C_cell3,25,age_ridge,94.621,102.13637254901961,89.39834284576258,-5.22265715423741,20,persistent,102Ah_25degC_0p5C_cell3,0,0
102Ah_25degC_0p5C_cell3,25,fixed_window_ridge,94.621,102.13637254901961,89.39834284576258,-5.22265715423741,20,persistent,102Ah_25degC_0p5C_cell3,0,0
102Ah_25degC_0p5C_cell3,25,mask_ridge,94.621,102.13637254901961,89.39834284576258,-5.22265715423741,20,persistent,102Ah_25degC_0p5C_cell3,0,0
102Ah_25degC_0p5C_cell3,25,within_cell_ratio_ridge,94.621,102.13637254901961,89.39834284576258,-5.22265715423741,20,persistent,102Ah_25degC_0p5C_cell3,0,0
102Ah_25degC_0p5C_cell3,25,rbf_residual,94.621,102.13637254901961,89.777110743408,-4.843889256591993,20,persistent,102Ah_25degC_0p5C_cell3,0,0
102Ah_25degC_0p5C_cell3,26,anchor_constant,94.566,102.13637254901961,102.13637254901961,7.570372549019609,20,persistent,102Ah_25degC_0p5C_cell3,0,0
102Ah_25degC_0p5C_cell3,26,age_ridge,94.566,102.13637254901961,89.19627394413888,-5.369726055861122,20,persistent,102Ah_25degC_0p5C_cell3,0,0
102Ah_25degC_0p5C_cell3,26,fixed_window_ridge,94.566,102.13637254901961,89.19627394413888,-5.369726055861122,20,persistent,102Ah_25degC_0p5C_cell3,0,0
102Ah_25degC_0p5C_cell3,26,mask_ridge,94.566,102.13637254901961,89.19627394413888,-5.369726055861122,20,persistent,102Ah_25degC_0p5C_cell3,0,0
102Ah_25degC_0p5C_cell3,26,within_cell_ratio_ridge,94.566,102.13637254901961,89.19627394413888,-5.369726055861122,20,persistent,102Ah_25degC_0p5C_cell3,0,0
102Ah_25degC_0p5C_cell3,26,rbf_residual,94.566,102.13637254901961,89.47897122711309,-5.08702877288691,20,persistent,102Ah_25degC_0p5C_cell3,0,0
102Ah_25degC_0p5C_cell3,27,anchor_constant,94.418,102.13637254901961,102.13637254901961,7.718372549019605,20,persistent,102Ah_25degC_0p5C_cell3,0,0
102Ah_25degC_0p5C_cell3,27,age_ridge,94.418,102.13637254901961,89.02596316320258,-5.3920368367974305,20,persistent,102Ah_25degC_0p5C_cell3,0,0
102Ah_25degC_0p5C_cell3,27,fixed_window_ridge,94.418,102.13637254901961,89.02596316320258,-5.3920368367974305,20,persistent,102Ah_25degC_0p5C_cell3,0,0
102Ah_25degC_0p5C_cell3,27,mask_ridge,94.418,102.13637254901961,89.02596316320258,-5.3920368367974305,20,persistent,102Ah_25degC_0p5C_cell3,0,0
102Ah_25degC_0p5C_cell3,27,within_cell_ratio_ridge,94.418,102.13637254901961,89.02596316320258,-5.3920368367974305,20,persistent,102Ah_25degC_0p5C_cell3,0,0
102Ah_25degC_0p5C_cell3,27,rbf_residual,94.418,102.13637254901961,89.22847498739023,-5.189525012609778,20,persistent,102Ah_25degC_0p5C_cell3,0,0
102Ah_25degC_0p5C_cell3,28,anchor_constant,94.238,102.13637254901961,102.13637254901961,7.898372549019612,20,persistent,102Ah_25degC_0p5C_cell3,0,0
102Ah_25degC_0p5C_cell3,28,age_ridge,94.238,102.13637254901961,88.85778683895262,-5.380213161047379,20,persistent,102Ah_25degC_0p5C_cell3,0,0
102Ah_25degC_0p5C_cell3,28,fixed_window_ridge,94.238,102.13637254901961,88.85778683895262,-5.380213161047379,20,persistent,102Ah_25degC_0p5C_cell3,0,0
102Ah_25degC_0p5C_cell3,28,mask_ridge,94.238,102.13637254901961,88.85778683895262,-5.380213161047379,20,persistent,102Ah_25degC_0p5C_cell3,0,0
102Ah_25degC_0p5C_cell3,28,within_cell_ratio_ridge,94.238,102.13637254901961,88.85778683895262,-5.380213161047379,20,persistent,102Ah_25degC_0p5C_cell3,0,0
102Ah_25degC_0p5C_cell3,28,rbf_residual,94.238,102.13637254901961,88.98324856603683,-5.254751433963165,20,persistent,102Ah_25degC_0p5C_cell3,0,0
102Ah_25degC_0p5C_cell3,29,anchor_constant,94.035,102.13637254901961,102.13637254901961,8.101372549019615,20,persistent,102Ah_25degC_0p5C_cell3,0,0
102Ah_25degC_0p5C_cell3,29,age_ridge,94.035,102.13637254901961,88.69670516840746,-5.338294831592535,20,persistent,102Ah_25degC_0p5C_cell3,0,0
102Ah_25degC_0p5C_cell3,29,fixed_window_ridge,94.035,102.13637254901961,88.69670516840746,-5.338294831592535,20,persistent,102Ah_25degC_0p5C_cell3,0,0
102Ah_25degC_0p5C_cell3,29,mask_ridge,94.035,102.13637254901961,88.69670516840746,-5.338294831592535,20,persistent,102Ah_25degC_0p5C_cell3,0,0
102Ah_25degC_0p5C_cell3,29,within_cell_ratio_ridge,94.035,102.13637254901961,88.69670516840746,-5.338294831592535,20,persistent,102Ah_25degC_0p5C_cell3,0,0
102Ah_25degC_0p5C_cell3,29,rbf_residual,94.035,102.13637254901961,88.75083670096573,-5.284163299034262,20,persistent,102Ah_25degC_0p5C_cell3,0,0
102Ah_25degC_0p5C_cell3,30,anchor_constant,93.975,102.13637254901961,102.13637254901961,8.161372549019617,20,persistent,102Ah_25degC_0p5C_cell3,0,0
102Ah_25degC_0p5C_cell3,30,age_ridge,93.975,102.13637254901961,88.53231903819152,-5.4426809618084775,20,persistent,102Ah_25degC_0p5C_cell3,0,0
102Ah_25degC_0p5C_cell3,30,fixed_window_ridge,93.975,102.13637254901961,88.53231903819152,-5.4426809618084775,20,persistent,102Ah_25degC_0p5C_cell3,0,0
102Ah_25degC_0p5C_cell3,30,mask_ridge,93.975,102.13637254901961,88.53231903819152,-5.4426809618084775,20,persistent,102Ah_25degC_0p5C_cell3,0,0
102Ah_25degC_0p5C_cell3,30,within_cell_ratio_ridge,93.975,102.13637254901961,88.53231903819152,-5.4426809618084775,20,persistent,102Ah_25degC_0p5C_cell3,0,0
102Ah_25degC_0p5C_cell3,30,rbf_residual,93.975,102.13637254901961,88.51654051398454,-5.458459486015457,20,persistent,102Ah_25degC_0p5C_cell3,0,0
102Ah_25degC_1C_cell3,1,anchor_constant,98.416,102.52715686274509,102.52715686274509,4.111156862745091,20,persistent,102Ah_25degC_1C_cell3,0,0
102Ah_25degC_1C_cell3,1,age_ridge,98.416,102.52715686274509,96.65443445858051,-1.7615655414194862,20,persistent,102Ah_25degC_1C_cell3,0,0
102Ah_25degC_1C_cell3,1,fixed_window_ridge,98.416,102.52715686274509,96.65443445858051,-1.7615655414194862,20,persistent,102Ah_25degC_1C_cell3,0,0
102Ah_25degC_1C_cell3,1,mask_ridge,98.416,102.52715686274509,96.65443445858051,-1.7615655414194862,20,persistent,102Ah_25degC_1C_cell3,0,0
102Ah_25degC_1C_cell3,1,within_cell_ratio_ridge,98.416,102.52715686274509,96.65443445858051,-1.7615655414194862,20,persistent,102Ah_25degC_1C_cell3,0,0
102Ah_25degC_1C_cell3,1,rbf_residual,98.416,102.52715686274509,97.85566075299549,-0.5603392470045065,20,persistent,102Ah_25degC_1C_cell3,0,0
102Ah_25degC_1C_cell3,2,anchor_constant,97.313,102.52715686274509,102.52715686274509,5.214156862745085,20,persistent,102Ah_25degC_1C_cell3,0,0
102Ah_25degC_1C_cell3,2,age_ridge,97.313,102.52715686274509,95.42075060617087,-1.8922493938291325,20,persistent,102Ah_25degC_1C_cell3,0,0
102Ah_25degC_1C_cell3,2,fixed_window_ridge,97.313,102.52715686274509,95.42075060617086,-1.8922493938291467,20,persistent,102Ah_25degC_1C_cell3,0,0
102Ah_25degC_1C_cell3,2,mask_ridge,97.313,102.52715686274509,95.42075060617086,-1.8922493938291467,20,persistent,102Ah_25degC_1C_cell3,0,0
102Ah_25degC_1C_cell3,2,within_cell_ratio_ridge,97.313,102.52715686274509,95.42075060617086,-1.8922493938291467,20,persistent,102Ah_25degC_1C_cell3,0,0
102Ah_25degC_1C_cell3,2,rbf_residual,97.313,102.52715686274509,96.5901606285103,-0.7228393714896981,20,persistent,102Ah_25degC_1C_cell3,0,0
102Ah_25degC_1C_cell3,3,anchor_constant,96.453,102.52715686274509,102.52715686274509,6.074156862745085,20,persistent,102Ah_25degC_1C_cell3,0,0
102Ah_25degC_1C_cell3,3,age_ridge,96.453,102.52715686274509,94.35301072527744,-2.09998927472256,20,persistent,102Ah_25degC_1C_cell3,0,0
102Ah_25degC_1C_cell3,3,fixed_window_ridge,96.453,102.52715686274509,94.35301072527744,-2.09998927472256,20,persistent,102Ah_25degC_1C_cell3,0,0
102Ah_25degC_1C_cell3,3,mask_ridge,96.453,102.52715686274509,94.35301072527744,-2.09998927472256,20,persistent,102Ah_25degC_1C_cell3,0,0
102Ah_25degC_1C_cell3,3,within_cell_ratio_ridge,96.453,102.52715686274509,94.35301072527744,-2.09998927472256,20,persistent,102Ah_25degC_1C_cell3,0,0
102Ah_25degC_1C_cell3,3,rbf_residual,96.453,102.52715686274509,95.45634792221163,-0.9966520777883687,20,persistent,102Ah_25degC_1C_cell3,0,0
102Ah_25degC_1C_cell3,4,anchor_constant,95.685,102.52715686274509,102.52715686274509,6.842156862745085,20,persistent,102Ah_25degC_1C_cell3,0,0
102Ah_25degC_1C_cell3,4,age_ridge,95.685,102.52715686274509,93.46217301084046,-2.222826989159543,20,persistent,102Ah_25degC_1C_cell3,0,0
102Ah_25degC_1C_cell3,4,fixed_window_ridge,95.685,102.52715686274509,93.46217301084046,-2.222826989159543,20,persistent,102Ah_25degC_1C_cell3,0,0
102Ah_25degC_1C_cell3,4,mask_ridge,95.685,102.52715686274509,93.46217301084046,-2.222826989159543,20,persistent,102Ah_25degC_1C_cell3,0,0
102Ah_25degC_1C_cell3,4,within_cell_ratio_ridge,95.685,102.52715686274509,93.46217301084046,-2.222826989159543,20,persistent,102Ah_25degC_1C_cell3,0,0
102Ah_25degC_1C_cell3,4,rbf_residual,95.685,102.52715686274509,94.47793959227229,-1.2070604077277096,20,persistent,102Ah_25degC_1C_cell3,0,0
102Ah_25degC_1C_cell3,5,anchor_constant,95.032,102.52715686274509,102.52715686274509,7.495156862745091,20,persistent,102Ah_25degC_1C_cell3,0,0
102Ah_25degC_1C_cell3,5,age_ridge,95.032,102.52715686274509,92.71860601647876,-2.3133939835212374,20,persistent,102Ah_25degC_1C_cell3,0,0
102Ah_25degC_1C_cell3,5,fixed_window_ridge,95.032,102.52715686274509,92.71860601647876,-2.3133939835212374,20,persistent,102Ah_25degC_1C_cell3,0,0
102Ah_25degC_1C_cell3,5,mask_ridge,95.032,102.52715686274509,92.71860601647876,-2.3133939835212374,20,persistent,102Ah_25degC_1C_cell3,0,0
102Ah_25degC_1C_cell3,5,within_cell_ratio_ridge,95.032,102.52715686274509,92.71860601647876,-2.3133939835212374,20,persistent,102Ah_25degC_1C_cell3,0,0
102Ah_25degC_1C_cell3,5,rbf_residual,95.032,102.52715686274509,93.6369355627489,-1.3950644372510936,20,persistent,102Ah_25degC_1C_cell3,0,0
102Ah_25degC_1C_cell3,6,anchor_constant,94.387,102.52715686274509,102.52715686274509,8.140156862745087,20,persistent,102Ah_25degC_1C_cell3,0,0
102Ah_25degC_1C_cell3,6,age_ridge,94.387,102.52715686274509,92.00269272300284,-2.3843072769971627,20,persistent,102Ah_25degC_1C_cell3,0,0
102Ah_25degC_1C_cell3,6,fixed_window_ridge,94.387,102.52715686274509,92.00269272300284,-2.3843072769971627,20,persistent,102Ah_25degC_1C_cell3,0,0
102Ah_25degC_1C_cell3,6,mask_ridge,94.387,102.52715686274509,92.00269272300284,-2.3843072769971627,20,persistent,102Ah_25degC_1C_cell3,0,0
102Ah_25degC_1C_cell3,6,within_cell_ratio_ridge,94.387,102.52715686274509,92.00269272300284,-2.3843072769971627,20,persistent,102Ah_25degC_1C_cell3,0,0
102Ah_25degC_1C_cell3,6,rbf_residual,94.387,102.52715686274509,92.81459323532022,-1.5724067646797835,20,persistent,102Ah_25degC_1C_cell3,0,0
102Ah_25degC_1C_cell3,7,anchor_constant,93.84,102.52715686274509,102.52715686274509,8.687156862745084,20,persistent,102Ah_25degC_1C_cell3,0,0
102Ah_25degC_1C_cell3,7,age_ridge,93.84,102.52715686274509,91.34106535351252,-2.498934646487484,20,persistent,102Ah_25degC_1C_cell3,0,0
102Ah_25degC_1C_cell3,7,fixed_window_ridge,93.84,102.52715686274509,91.34106535351252,-2.498934646487484,20,persistent,102Ah_25degC_1C_cell3,0,0
102Ah_25degC_1C_cell3,7,mask_ridge,93.84,102.52715686274509,91.34106535351252,-2.498934646487484,20,persistent,102Ah_25degC_1C_cell3,0,0
102Ah_25degC_1C_cell3,7,within_cell_ratio_ridge,93.84,102.52715686274509,91.34106535351252,-2.498934646487484,20,persistent,102Ah_25degC_1C_cell3,0,0
102Ah_25degC_1C_cell3,7,rbf_residual,93.84,102.52715686274509,92.04132474678454,-1.798675253215464,20,persistent,102Ah_25degC_1C_cell3,0,0
102Ah_25degC_1C_cell3,8,anchor_constant,91.223,102.52715686274509,102.52715686274509,11.304156862745089,20,persistent,102Ah_25degC_1C_cell3,0,0
102Ah_25degC_1C_cell3,8,age_ridge,91.223,102.52715686274509,89.18254696837248,-2.0404530316275213,20,persistent,102Ah_25degC_1C_cell3,0,0
102Ah_25degC_1C_cell3,8,fixed_window_ridge,91.223,102.52715686274509,89.18254696837248,-2.0404530316275213,20,persistent,102Ah_25degC_1C_cell3,0,0
102Ah_25degC_1C_cell3,8,mask_ridge,91.223,102.52715686274509,89.18254696837248,-2.0404530316275213,20,persistent,102Ah_25degC_1C_cell3,0,0
102Ah_25degC_1C_cell3,8,within_cell_ratio_ridge,91.223,102.52715686274509,89.18254696837248,-2.0404530316275213,20,persistent,102Ah_25degC_1C_cell3,0,0
102Ah_25degC_1C_cell3,8,rbf_residual,91.223,102.52715686274509,89.55540853332165,-1.6675914666783456,20,persistent,102Ah_25degC_1C_cell3,0,0
102Ah_25degC_1C_cell3,9,anchor_constant,90.681,102.52715686274509,102.52715686274509,11.84615686274509,20,persistent,102Ah_25degC_1C_cell3,0,0
102Ah_25degC_1C_cell3,9,age_ridge,90.681,102.52715686274509,88.66227888463195,-2.018721115368052,20,persistent,102Ah_25degC_1C_cell3,0,0
102Ah_25degC_1C_cell3,9,fixed_window_ridge,90.681,102.52715686274509,88.66227888463195,-2.018721115368052,20,persistent,102Ah_25degC_1C_cell3,0,0
102Ah_25degC_1C_cell3,9,mask_ridge,90.681,102.52715686274509,88.66227888463195,-2.018721115368052,20,persistent,102Ah_25degC_1C_cell3,0,0
102Ah_25degC_1C_cell3,9,within_cell_ratio_ridge,90.681,102.52715686274509,88.66227888463195,-2.018721115368052,20,persistent,102Ah_25degC_1C_cell3,0,0
102Ah_25degC_1C_cell3,9,rbf_residual,90.681,102.52715686274509,88.90964817525234,-1.7713518247476543,20,persistent,102Ah_25degC_1C_cell3,0,0
102Ah_25degC_1C_cell3,10,anchor_constant,90.145,102.52715686274509,102.52715686274509,12.382156862745092,20,persistent,102Ah_25degC_1C_cell3,0,0
102Ah_25degC_1C_cell3,10,age_ridge,90.145,102.52715686274509,88.15139452441576,-1.993605475584232,20,persistent,102Ah_25degC_1C_cell3,0,0
102Ah_25degC_1C_cell3,10,fixed_window_ridge,90.145,102.52715686274509,88.15139452441576,-1.993605475584232,20,persistent,102Ah_25degC_1C_cell3,0,0
102Ah_25degC_1C_cell3,10,mask_ridge,90.145,102.52715686274509,88.15139452441576,-1.993605475584232,20,persistent,102Ah_25degC_1C_cell3,0,0
102Ah_25degC_1C_cell3,10,within_cell_ratio_ridge,90.145,102.52715686274509,88.15139452441576,-1.993605475584232,20,persistent,102Ah_25degC_1C_cell3,0,0
102Ah_25degC_1C_cell3,10,rbf_residual,90.145,102.52715686274509,88.27228483416773,-1.8727151658322612,20,persistent,102Ah_25degC_1C_cell3,0,0
102Ah_25degC_1C_cell3,11,anchor_constant,88.091,102.52715686274509,102.52715686274509,14.436156862745094,20,persistent,102Ah_25degC_1C_cell3,0,0
102Ah_25degC_1C_cell3,11,age_ridge,88.091,102.52715686274509,86.44516324899483,-1.645836751005163,20,persistent,102Ah_25degC_1C_cell3,0,0
102Ah_25degC_1C_cell3,11,fixed_window_ridge,88.091,102.52715686274509,86.44516324899483,-1.645836751005163,20,persistent,102Ah_25degC_1C_cell3,0,0
102Ah_25degC_1C_cell3,11,mask_ridge,88.091,102.52715686274509,86.44516324899483,-1.645836751005163,20,persistent,102Ah_25degC_1C_cell3,0,0
102Ah_25degC_1C_cell3,11,within_cell_ratio_ridge,88.091,102.52715686274509,86.44516324899483,-1.645836751005163,20,persistent,102Ah_25degC_1C_cell3,0,0
102Ah_25degC_1C_cell3,11,rbf_residual,88.091,102.52715686274509,86.17886793659936,-1.9121320634006338,20,persistent,102Ah_25degC_1C_cell3,0,0
102Ah_25degC_1C_cell3,12,anchor_constant,87.634,102.52715686274509,102.52715686274509,14.893156862745087,20,persistent,102Ah_25degC_1C_cell3,0,0
102Ah_25degC_1C_cell3,12,age_ridge,87.634,102.52715686274509,85.96943930497778,-1.6645606950222174,20,persistent,102Ah_25degC_1C_cell3,0,0
102Ah_25degC_1C_cell3,12,fixed_window_ridge,87.634,102.52715686274509,85.96943930497778,-1.6645606950222174,20,persistent,102Ah_25degC_1C_cell3,0,0
102Ah_25degC_1C_cell3,12,mask_ridge,87.634,102.52715686274509,85.96943930497778,-1.6645606950222174,20,persistent,102Ah_25degC_1C_cell3,0,0
102Ah_25degC_1C_cell3,12,within_cell_ratio_ridge,87.634,102.52715686274509,85.96943930497778,-1.6645606950222174,20,persistent,102Ah_25degC_1C_cell3,0,0
102Ah_25degC_1C_cell3,12,rbf_residual,87.634,102.52715686274509,85.5700829625539,-2.063917037446103,20,persistent,102Ah_25degC_1C_cell3,0,0
102Ah_25degC_1C_cell3,13,anchor_constant,87.186,102.52715686274509,102.52715686274509,15.34115686274508,20,persistent,102Ah_25degC_1C_cell3,0,0
102Ah_25degC_1C_cell3,13,age_ridge,87.186,102.52715686274509,85.39727292552709,-1.7887270744729165,20,persistent,102Ah_25degC_1C_cell3,0,0
102Ah_25degC_1C_cell3,13,fixed_window_ridge,87.186,102.52715686274509,85.39727292552709,-1.7887270744729165,20,persistent,102Ah_25degC_1C_cell3,0,0
102Ah_25degC_1C_cell3,13,mask_ridge,87.186,102.52715686274509,85.39727292552709,-1.7887270744729165,20,persistent,102Ah_25degC_1C_cell3,0,0
102Ah_25degC_1C_cell3,13,within_cell_ratio_ridge,87.186,102.52715686274509,85.39727292552709,-1.7887270744729165,20,persistent,102Ah_25degC_1C_cell3,0,0
102Ah_25degC_1C_cell3,13,rbf_residual,87.186,102.52715686274509,84.83911548535656,-2.346884514643449,20,persistent,102Ah_25degC_1C_cell3,0,0
102Ah_25degC_1C_cell3,14,anchor_constant,86.59,102.52715686274509,102.52715686274509,15.937156862745084,20,persistent,102Ah_25degC_1C_cell3,0,0
102Ah_25degC_1C_cell3,14,age_ridge,86.59,102.52715686274509,84.932361275078,-1.657638724922009,20,persistent,102Ah_25degC_1C_cell3,0,0
102Ah_25degC_1C_cell3,14,fixed_window_ridge,86.59,102.52715686274509,84.932361275078,-1.657638724922009,20,persistent,102Ah_25degC_1C_cell3,0,0
102Ah_25degC_1C_cell3,14,mask_ridge,86.59,102.52715686274509,84.932361275078,-1.657638724922009,20,persistent,102Ah_25degC_1C_cell3,0,0
102Ah_25degC_1C_cell3,14,within_cell_ratio_ridge,86.59,102.52715686274509,84.932361275078,-1.657638724922009,20,persistent,102Ah_25degC_1C_cell3,0,0
102Ah_25degC_1C_cell3,14,rbf_residual,86.59,102.52715686274509,84.24011284266759,-2.349887157332418,20,persistent,102Ah_25degC_1C_cell3,0,0
102Ah_25degC_1C_cell3,15,anchor_constant,86.06,102.52715686274509,102.52715686274509,16.467156862745085,20,persistent,102Ah_25degC_1C_cell3,0,0
102Ah_25degC_1C_cell3,15,age_ridge,86.06,102.52715686274509,84.40939347068287,-1.6506065293171304,20,persistent,102Ah_25degC_1C_cell3,0,0
102Ah_25degC_1C_cell3,15,fixed_window_ridge,86.06,102.52715686274509,84.40939347068287,-1.6506065293171304,20,persistent,102Ah_25degC_1C_cell3,0,0
102Ah_25degC_1C_cell3,15,mask_ridge,86.06,102.52715686274509,84.40939347068287,-1.6506065293171304,20,persistent,102Ah_25degC_1C_cell3,0,0
102Ah_25degC_1C_cell3,15,within_cell_ratio_ridge,86.06,102.52715686274509,84.40939347068287,-1.6506065293171304,20,persistent,102Ah_25degC_1C_cell3,0,0
102Ah_25degC_1C_cell3,15,rbf_residual,86.06,102.52715686274509,83.56658903323736,-2.4934109667626387,20,persistent,102Ah_25degC_1C_cell3,0,0
102Ah_25degC_1C_cell3,16,anchor_constant,85.611,102.52715686274509,102.52715686274509,16.916156862745083,20,persistent,102Ah_25degC_1C_cell3,0,0
102Ah_25degC_1C_cell3,16,age_ridge,85.611,102.52715686274509,83.95960970724124,-1.6513902927587623,20,persistent,102Ah_25degC_1C_cell3,0,0
102Ah_25degC_1C_cell3,16,fixed_window_ridge,85.611,102.52715686274509,83.95960970724124,-1.6513902927587623,20,persistent,102Ah_25degC_1C_cell3,0,0
102Ah_25degC_1C_cell3,16,mask_ridge,85.611,102.52715686274509,83.95960970724124,-1.6513902927587623,20,persistent,102Ah_25degC_1C_cell3,0,0
102Ah_25degC_1C_cell3,16,within_cell_ratio_ridge,85.611,102.52715686274509,83.95960970724124,-1.6513902927587623,20,persistent,102Ah_25degC_1C_cell3,0,0
102Ah_25degC_1C_cell3,16,rbf_residual,85.611,102.52715686274509,82.98414890459877,-2.6268510954012356,20,persistent,102Ah_25degC_1C_cell3,0,0
102Ah_25degC_1C_cell3,17,anchor_constant,85.114,102.52715686274509,102.52715686274509,17.413156862745083,20,persistent,102Ah_25degC_1C_cell3,0,0
102Ah_25degC_1C_cell3,17,age_ridge,85.114,102.52715686274509,83.47244709119286,-1.6415529088071423,20,persistent,102Ah_25degC_1C_cell3,0,0
102Ah_25degC_1C_cell3,17,fixed_window_ridge,85.114,102.52715686274509,83.47244709119286,-1.6415529088071423,20,persistent,102Ah_25degC_1C_cell3,0,0
102Ah_25degC_1C_cell3,17,mask_ridge,85.114,102.52715686274509,83.47244709119286,-1.6415529088071423,20,persistent,102Ah_25degC_1C_cell3,0,0
102Ah_25degC_1C_cell3,17,within_cell_ratio_ridge,85.114,102.52715686274509,83.47244709119286,-1.6415529088071423,20,persistent,102Ah_25degC_1C_cell3,0,0
102Ah_25degC_1C_cell3,17,rbf_residual,85.114,102.52715686274509,82.35309820867244,-2.7609017913275693,20,persistent,102Ah_25degC_1C_cell3,0,0
102Ah_25degC_1C_cell3,18,anchor_constant,84.615,102.52715686274509,102.52715686274509,17.912156862745093,20,persistent,102Ah_25degC_1C_cell3,0,0
102Ah_25degC_1C_cell3,18,age_ridge,84.615,102.52715686274509,83.02430795402535,-1.5906920459746487,20,persistent,102Ah_25degC_1C_cell3,0,0
102Ah_25degC_1C_cell3,18,fixed_window_ridge,84.615,102.52715686274509,83.02430795402535,-1.5906920459746487,20,persistent,102Ah_25degC_1C_cell3,0,0
102Ah_25degC_1C_cell3,18,mask_ridge,84.615,102.52715686274509,83.02430795402535,-1.5906920459746487,20,persistent,102Ah_25degC_1C_cell3,0,0
102Ah_25degC_1C_cell3,18,within_cell_ratio_ridge,84.615,102.52715686274509,83.02430795402535,-1.5906920459746487,20,persistent,102Ah_25degC_1C_cell3,0,0
102Ah_25degC_1C_cell3,18,rbf_residual,84.615,102.52715686274509,81.77063422386887,-2.844365776131127,20,persistent,102Ah_25degC_1C_cell3,0,0
102Ah_25degC_1C_cell3,19,anchor_constant,84.043,102.52715686274509,102.52715686274509,18.48415686274508,20,persistent,102Ah_25degC_1C_cell3,0,0
102Ah_25degC_1C_cell3,19,age_ridge,84.043,102.52715686274509,82.52893820680028,-1.5140617931997298,20,persistent,102Ah_25degC_1C_cell3,0,0
102Ah_25degC_1C_cell3,19,fixed_window_ridge,84.043,102.52715686274509,82.52893820680028,-1.5140617931997298,20,persistent,102Ah_25degC_1C_cell3,0,0
102Ah_25degC_1C_cell3,19,mask_ridge,84.043,102.52715686274509,82.52893820680028,-1.5140617931997298,20,persistent,102Ah_25degC_1C_cell3,0,0
102Ah_25degC_1C_cell3,19,within_cell_ratio_ridge,84.043,102.52715686274509,82.52893820680028,-1.5140617931997298,20,persistent,102Ah_25degC_1C_cell3,0,0
102Ah_25degC_1C_cell3,19,rbf_residual,84.043,102.52715686274509,81.12642785130917,-2.9165721486908325,20,persistent,102Ah_25degC_1C_cell3,0,0
102Ah_25degC_1C_cell3,20,anchor_constant,83.473,102.52715686274509,102.52715686274509,19.05415686274509,20,persistent,102Ah_25degC_1C_cell3,0,0
102Ah_25degC_1C_cell3,20,age_ridge,83.473,102.52715686274509,82.09051888696088,-1.3824811130391197,20,persistent,102Ah_25degC_1C_cell3,0,0
102Ah_25degC_1C_cell3,20,fixed_window_ridge,83.473,102.52715686274509,82.09051888696088,-1.3824811130391197,20,persistent,102Ah_25degC_1C_cell3,0,0
102Ah_25degC_1C_cell3,20,mask_ridge,83.473,102.52715686274509,82.09051888696088,-1.3824811130391197,20,persistent,102Ah_25degC_1C_cell3,0,0
102Ah_25degC_1C_cell3,20,within_cell_ratio_ridge,83.473,102.52715686274509,82.09051888696088,-1.3824811130391197,20,persistent,102Ah_25degC_1C_cell3,0,0
102Ah_25degC_1C_cell3,20,rbf_residual,83.473,102.52715686274509,80.55457572881618,-2.9184242711838237,20,persistent,102Ah_25degC_1C_cell3,0,0
102Ah_25degC_1C_cell3,21,anchor_constant,82.835,102.52715686274509,102.52715686274509,19.692156862745094,20,persistent,102Ah_25degC_1C_cell3,0,0
102Ah_25degC_1C_cell3,21,age_ridge,82.835,102.52715686274509,81.64675429524402,-1.1882457047559711,20,persistent,102Ah_25degC_1C_cell3,0,0
102Ah_25degC_1C_cell3,21,fixed_window_ridge,82.835,102.52715686274509,81.64675429524402,-1.1882457047559711,20,persistent,102Ah_25degC_1C_cell3,0,0
102Ah_25degC_1C_cell3,21,mask_ridge,82.835,102.52715686274509,81.64675429524402,-1.1882457047559711,20,persistent,102Ah_25degC_1C_cell3,0,0
102Ah_25degC_1C_cell3,21,within_cell_ratio_ridge,82.835,102.52715686274509,81.64675429524402,-1.1882457047559711,20,persistent,102Ah_25degC_1C_cell3,0,0
102Ah_25degC_1C_cell3,21,rbf_residual,82.835,102.52715686274509,79.97496599929701,-2.8600340007029814,20,persistent,102Ah_25degC_1C_cell3,0,0
102Ah_25degC_1C_cell3,22,anchor_constant,81.961,102.52715686274509,102.52715686274509,20.56615686274509,20,persistent,102Ah_25degC_1C_cell3,0,0
102Ah_25degC_1C_cell3,22,age_ridge,81.961,102.52715686274509,81.07965882502695,-0.8813411749730449,20,persistent,102Ah_25degC_1C_cell3,0,0
102Ah_25degC_1C_cell3,22,fixed_window_ridge,81.961,102.52715686274509,81.07965882502695,-0.8813411749730449,20,persistent,102Ah_25degC_1C_cell3,0,0
102Ah_25degC_1C_cell3,22,mask_ridge,81.961,102.52715686274509,81.07965882502695,-0.8813411749730449,20,persistent,102Ah_25degC_1C_cell3,0,0
102Ah_25degC_1C_cell3,22,within_cell_ratio_ridge,81.961,102.52715686274509,81.07965882502695,-0.8813411749730449,20,persistent,102Ah_25degC_1C_cell3,0,0
102Ah_25degC_1C_cell3,22,rbf_residual,81.961,102.52715686274509,79.23366746569818,-2.727332534301823,20,persistent,102Ah_25degC_1C_cell3,0,0
102Ah_25degC_1C_cell3,23,anchor_constant,81.241,102.52715686274509,102.52715686274509,21.286156862745088,20,persistent,102Ah_25degC_1C_cell3,0,0
102Ah_25degC_1C_cell3,23,age_ridge,81.241,102.52715686274509,80.6374028525509,-0.6035971474490935,20,persistent,102Ah_25degC_1C_cell3,0,0
102Ah_25degC_1C_cell3,23,fixed_window_ridge,81.241,102.52715686274509,80.6374028525509,-0.6035971474490935,20,persistent,102Ah_25degC_1C_cell3,0,0
102Ah_25degC_1C_cell3,23,mask_ridge,81.241,102.52715686274509,80.6374028525509,-0.6035971474490935,20,persistent,102Ah_25degC_1C_cell3,0,0
102Ah_25degC_1C_cell3,23,within_cell_ratio_ridge,81.241,102.52715686274509,80.6374028525509,-0.6035971474490935,20,persistent,102Ah_25degC_1C_cell3,0,0
102Ah_25degC_1C_cell3,23,rbf_residual,81.241,102.52715686274509,78.65392193025835,-2.5870780697416507,20,persistent,102Ah_25degC_1C_cell3,0,0
102Ah_25degC_1C_cell3,24,anchor_constant,80.472,102.52715686274509,102.52715686274509,22.055156862745093,20,persistent,102Ah_25degC_1C_cell3,0,0
102Ah_25degC_1C_cell3,24,age_ridge,80.472,102.52715686274509,80.20267182862486,-0.2693281713751361,20,persistent,102Ah_25degC_1C_cell3,0,0
102Ah_25degC_1C_cell3,24,fixed_window_ridge,80.472,102.52715686274509,80.20267182862486,-0.2693281713751361,20,persistent,102Ah_25degC_1C_cell3,0,0
102Ah_25degC_1C_cell3,24,mask_ridge,80.472,102.52715686274509,80.20267182862486,-0.2693281713751361,20,persistent,102Ah_25degC_1C_cell3,0,0
102Ah_25degC_1C_cell3,24,within_cell_ratio_ridge,80.472,102.52715686274509,80.20267182862486,-0.2693281713751361,20,persistent,102Ah_25degC_1C_cell3,0,0
102Ah_25degC_1C_cell3,24,rbf_residual,80.472,102.52715686274509,78.08337415502372,-2.388625844976275,20,persistent,102Ah_25degC_1C_cell3,0,0
102Ah_25degC_1C_cell3,25,anchor_constant,79.606,102.52715686274509,102.52715686274509,22.921156862745093,20,persistent,102Ah_25degC_1C_cell3,0,0
102Ah_25degC_1C_cell3,25,age_ridge,79.606,102.52715686274509,79.77519201039615,0.16919201039615928,20,persistent,102Ah_25degC_1C_cell3,0,0
102Ah_25degC_1C_cell3,25,fixed_window_ridge,79.606,102.52715686274509,79.77519201039615,0.16919201039615928,20,persistent,102Ah_25degC_1C_cell3,0,0
102Ah_25degC_1C_cell3,25,mask_ridge,79.606,102.52715686274509,79.77519201039615,0.16919201039615928,20,persistent,102Ah_25degC_1C_cell3,0,0
102Ah_25degC_1C_cell3,25,within_cell_ratio_ridge,79.606,102.52715686274509,79.77519201039615,0.16919201039615928,20,persistent,102Ah_25degC_1C_cell3,0,0
102Ah_25degC_1C_cell3,25,rbf_residual,79.606,102.52715686274509,77.5217423043699,-2.0842576956301,20,persistent,102Ah_25degC_1C_cell3,0,0
102Ah_25degC_1C_cell3,26,anchor_constant,78.648,102.52715686274509,102.52715686274509,23.87915686274509,20,persistent,102Ah_25degC_1C_cell3,0,0
102Ah_25degC_1C_cell3,26,age_ridge,78.648,102.52715686274509,79.35475449013495,0.706754490134955,20,persistent,102Ah_25degC_1C_cell3,0,0
102Ah_25degC_1C_cell3,26,fixed_window_ridge,78.648,102.52715686274509,79.35475449013495,0.706754490134955,20,persistent,102Ah_25degC_1C_cell3,0,0
102Ah_25degC_1C_cell3,26,mask_ridge,78.648,102.52715686274509,79.35475449013495,0.706754490134955,20,persistent,102Ah_25degC_1C_cell3,0,0
102Ah_25degC_1C_cell3,26,within_cell_ratio_ridge,78.648,102.52715686274509,79.35475449013495,0.706754490134955,20,persistent,102Ah_25degC_1C_cell3,0,0
102Ah_25degC_1C_cell3,26,rbf_residual,78.648,102.52715686274509,76.96889174925528,-1.6791082507447186,20,persistent,102Ah_25degC_1C_cell3,0,0
102Ah_25degC_1C_cell3,27,anchor_constant,77.549,102.52715686274509,102.52715686274509,24.97815686274508,20,persistent,102Ah_25degC_1C_cell3,0,0
102Ah_25degC_1C_cell3,27,age_ridge,77.549,102.52715686274509,78.92401150936905,1.3750115093690454,20,persistent,102Ah_25degC_1C_cell3,0,0
102Ah_25degC_1C_cell3,27,fixed_window_ridge,77.549,102.52715686274509,78.92401150936905,1.3750115093690454,20,persistent,102Ah_25degC_1C_cell3,0,0
102Ah_25degC_1C_cell3,27,mask_ridge,77.549,102.52715686274509,78.92401150936905,1.3750115093690454,20,persistent,102Ah_25degC_1C_cell3,0,0
102Ah_25degC_1C_cell3,27,within_cell_ratio_ridge,77.549,102.52715686274509,78.92401150936905,1.3750115093690454,20,persistent,102Ah_25degC_1C_cell3,0,0
102Ah_25degC_1C_cell3,27,rbf_residual,77.549,102.52715686274509,76.4018831562025,-1.1471168437975052,20,persistent,102Ah_25degC_1C_cell3,0,0
102Ah_25degC_1C_cell3,28,anchor_constant,76.204,102.52715686274509,102.52715686274509,26.323156862745094,20,persistent,102Ah_25degC_1C_cell3,0,0
102Ah_25degC_1C_cell3,28,age_ridge,76.204,102.52715686274509,78.48921137265495,2.285211372654956,20,persistent,102Ah_25degC_1C_cell3,0,0
102Ah_25degC_1C_cell3,28,fixed_window_ridge,76.204,102.52715686274509,78.48921137265495,2.285211372654956,20,persistent,102Ah_25degC_1C_cell3,0,0
102Ah_25degC_1C_cell3,28,mask_ridge,76.204,102.52715686274509,78.48921137265495,2.285211372654956,20,persistent,102Ah_25degC_1C_cell3,0,0
102Ah_25degC_1C_cell3,28,within_cell_ratio_ridge,76.204,102.52715686274509,78.48921137265495,2.285211372654956,20,persistent,102Ah_25degC_1C_cell3,0,0
102Ah_25degC_1C_cell3,28,rbf_residual,76.204,102.52715686274509,75.82891862529651,-0.375081374703484,20,persistent,102Ah_25degC_1C_cell3,0,0
102Ah_25degC_1C_cell3,29,anchor_constant,73.38,102.52715686274509,102.52715686274509,29.147156862745092,20,persistent,102Ah_25degC_1C_cell3,0,0
102Ah_25degC_1C_cell3,29,age_ridge,73.38,102.52715686274509,77.51346099914431,4.133460999144319,20,persistent,102Ah_25degC_1C_cell3,0,0
102Ah_25degC_1C_cell3,29,fixed_window_ridge,73.38,102.52715686274509,77.51346099914431,4.133460999144319,20,persistent,102Ah_25degC_1C_cell3,0,0
102Ah_25degC_1C_cell3,29,mask_ridge,73.38,102.52715686274509,77.51346099914431,4.133460999144319,20,persistent,102Ah_25degC_1C_cell3,0,0
102Ah_25degC_1C_cell3,29,within_cell_ratio_ridge,73.38,102.52715686274509,77.51346099914431,4.133460999144319,20,persistent,102Ah_25degC_1C_cell3,0,0
102Ah_25degC_1C_cell3,29,rbf_residual,73.38,102.52715686274509,74.64643564833318,1.2664356483331858,20,persistent,102Ah_25degC_1C_cell3,0,0
102Ah_25degC_1C_cell3,30,anchor_constant,70.854,102.52715686274509,102.52715686274509,31.67315686274509,20,persistent,102Ah_25degC_1C_cell3,0,0
102Ah_25degC_1C_cell3,30,age_ridge,70.854,102.52715686274509,77.32263339437009,6.468633394370087,20,persistent,102Ah_25degC_1C_cell3,0,0
102Ah_25degC_1C_cell3,30,fixed_window_ridge,70.854,102.52715686274509,77.32263339437009,6.468633394370087,20,persistent,102Ah_25degC_1C_cell3,0,0
102Ah_25degC_1C_cell3,30,mask_ridge,70.854,102.52715686274509,77.32263339437009,6.468633394370087,20,persistent,102Ah_25degC_1C_cell3,0,0
102Ah_25degC_1C_cell3,30,within_cell_ratio_ridge,70.854,102.52715686274509,77.32263339437009,6.468633394370087,20,persistent,102Ah_25degC_1C_cell3,0,0
102Ah_25degC_1C_cell3,30,rbf_residual,70.854,102.52715686274509,74.36362504441608,3.509625044416083,20,persistent,102Ah_25degC_1C_cell3,0,0
102Ah_35degC_1C_cell1,1,anchor_constant,97.944,102.1385294117647,102.1385294117647,4.194529411764691,20,persistent,102Ah_35degC_1C_cell1,0,0
102Ah_35degC_1C_cell1,1,age_ridge,97.944,102.1385294117647,95.70132409513542,-2.2426759048645835,20,persistent,102Ah_35degC_1C_cell1,0,0
102Ah_35degC_1C_cell1,1,fixed_window_ridge,97.944,102.1385294117647,95.70132409513542,-2.2426759048645835,20,persistent,102Ah_35degC_1C_cell1,0,0
102Ah_35degC_1C_cell1,1,mask_ridge,97.944,102.1385294117647,95.7013240951354,-2.2426759048645977,20,persistent,102Ah_35degC_1C_cell1,0,0
102Ah_35degC_1C_cell1,1,within_cell_ratio_ridge,97.944,102.1385294117647,95.70132409513542,-2.2426759048645835,20,persistent,102Ah_35degC_1C_cell1,0,0
102Ah_35degC_1C_cell1,1,rbf_residual,97.944,102.1385294117647,96.60319357084273,-1.3408064291572686,20,persistent,102Ah_35degC_1C_cell1,0,0
102Ah_35degC_1C_cell1,2,anchor_constant,96.746,102.1385294117647,102.1385294117647,5.3925294117646985,20,persistent,102Ah_35degC_1C_cell1,0,0
102Ah_35degC_1C_cell1,2,age_ridge,96.746,102.1385294117647,94.18748401511037,-2.558515984889624,20,persistent,102Ah_35degC_1C_cell1,0,0
102Ah_35degC_1C_cell1,2,fixed_window_ridge,96.746,102.1385294117647,94.18748401511037,-2.558515984889624,20,persistent,102Ah_35degC_1C_cell1,0,0
102Ah_35degC_1C_cell1,2,mask_ridge,96.746,102.1385294117647,94.18748401511037,-2.558515984889624,20,persistent,102Ah_35degC_1C_cell1,0,0
102Ah_35degC_1C_cell1,2,within_cell_ratio_ridge,96.746,102.1385294117647,94.18748401511037,-2.558515984889624,20,persistent,102Ah_35degC_1C_cell1,0,0
102Ah_35degC_1C_cell1,2,rbf_residual,96.746,102.1385294117647,95.07014015099138,-1.6758598490086172,20,persistent,102Ah_35degC_1C_cell1,0,0
102Ah_35degC_1C_cell1,3,anchor_constant,95.84,102.1385294117647,102.1385294117647,6.29852941176469,20,persistent,102Ah_35degC_1C_cell1,0,0
102Ah_35degC_1C_cell1,3,age_ridge,95.84,102.1385294117647,93.01646122862925,-2.8235387713707496,20,persistent,102Ah_35degC_1C_cell1,0,0
102Ah_35degC_1C_cell1,3,fixed_window_ridge,95.84,102.1385294117647,93.01646122862925,-2.8235387713707496,20,persistent,102Ah_35degC_1C_cell1,0,0
102Ah_35degC_1C_cell1,3,mask_ridge,95.84,102.1385294117647,93.01646122862925,-2.8235387713707496,20,persistent,102Ah_35degC_1C_cell1,0,0
102Ah_35degC_1C_cell1,3,within_cell_ratio_ridge,95.84,102.1385294117647,93.01646122862925,-2.8235387713707496,20,persistent,102Ah_35degC_1C_cell1,0,0
102Ah_35degC_1C_cell1,3,rbf_residual,95.84,102.1385294117647,93.75992561554853,-2.0800743844514784,20,persistent,102Ah_35degC_1C_cell1,0,0
102Ah_35degC_1C_cell1,4,anchor_constant,95.05,102.1385294117647,102.1385294117647,7.088529411764696,20,persistent,102Ah_35degC_1C_cell1,0,0
102Ah_35degC_1C_cell1,4,age_ridge,95.05,102.1385294117647,91.99706218011659,-3.052937819883411,20,persistent,102Ah_35degC_1C_cell1,0,0
102Ah_35degC_1C_cell1,4,fixed_window_ridge,95.05,102.1385294117647,91.99706218011659,-3.052937819883411,20,persistent,102Ah_35degC_1C_cell1,0,0
102Ah_35degC_1C_cell1,4,mask_ridge,95.05,102.1385294117647,91.99706218011659,-3.052937819883411,20,persistent,102Ah_35degC_1C_cell1,0,0
102Ah_35degC_1C_cell1,4,within_cell_ratio_ridge,95.05,102.1385294117647,91.99706218011659,-3.052937819883411,20,persistent,102Ah_35degC_1C_cell1,0,0
102Ah_35degC_1C_cell1,4,rbf_residual,95.05,102.1385294117647,92.54807011795276,-2.5019298820472358,20,persistent,102Ah_35degC_1C_cell1,0,0
102Ah_35degC_1C_cell1,5,anchor_constant,94.325,102.1385294117647,102.1385294117647,7.813529411764691,20,persistent,102Ah_35degC_1C_cell1,0,0
102Ah_35degC_1C_cell1,5,age_ridge,94.325,102.1385294117647,91.05693675953702,-3.268063240462979,20,persistent,102Ah_35degC_1C_cell1,0,0
102Ah_35degC_1C_cell1,5,fixed_window_ridge,94.325,102.1385294117647,91.05693675953702,-3.268063240462979,20,persistent,102Ah_35degC_1C_cell1,0,0
102Ah_35degC_1C_cell1,5,mask_ridge,94.325,102.1385294117647,91.05693675953702,-3.268063240462979,20,persistent,102Ah_35degC_1C_cell1,0,0
102Ah_35degC_1C_cell1,5,within_cell_ratio_ridge,94.325,102.1385294117647,91.05693675953702,-3.268063240462979,20,persistent,102Ah_35degC_1C_cell1,0,0
102Ah_35degC_1C_cell1,5,rbf_residual,94.325,102.1385294117647,91.38762413557117,-2.93737586442883,20,persistent,102Ah_35degC_1C_cell1,0,0
102Ah_35degC_1C_cell1,6,anchor_constant,93.595,102.1385294117647,102.1385294117647,8.543529411764695,20,persistent,102Ah_35degC_1C_cell1,0,0
102Ah_35degC_1C_cell1,6,age_ridge,93.595,102.1385294117647,90.15326382834459,-3.441736171655407,20,persistent,102Ah_35degC_1C_cell1,0,0
102Ah_35degC_1C_cell1,6,fixed_window_ridge,93.595,102.1385294117647,90.15326382834459,-3.441736171655407,20,persistent,102Ah_35degC_1C_cell1,0,0
102Ah_35degC_1C_cell1,6,mask_ridge,93.595,102.1385294117647,90.15326382834459,-3.441736171655407,20,persistent,102Ah_35degC_1C_cell1,0,0
102Ah_35degC_1C_cell1,6,within_cell_ratio_ridge,93.595,102.1385294117647,90.15326382834459,-3.441736171655407,20,persistent,102Ah_35degC_1C_cell1,0,0
102Ah_35degC_1C_cell1,6,rbf_residual,93.595,102.1385294117647,90.25088588304516,-3.3441141169548416,20,persistent,102Ah_35degC_1C_cell1,0,0
102Ah_35degC_1C_cell1,7,anchor_constant,92.852,102.1385294117647,102.1385294117647,9.28652941176469,20,persistent,102Ah_35degC_1C_cell1,0,0
102Ah_35degC_1C_cell1,7,age_ridge,92.852,102.1385294117647,89.16651316841995,-3.68548683158005,20,persistent,102Ah_35degC_1C_cell1,0,0
102Ah_35degC_1C_cell1,7,fixed_window_ridge,92.852,102.1385294117647,89.16651316841995,-3.68548683158005,20,persistent,102Ah_35degC_1C_cell1,0,0
102Ah_35degC_1C_cell1,7,mask_ridge,92.852,102.1385294117647,89.16651316841995,-3.68548683158005,20,persistent,102Ah_35degC_1C_cell1,0,0
102Ah_35degC_1C_cell1,7,within_cell_ratio_ridge,92.852,102.1385294117647,89.16651316841995,-3.68548683158005,20,persistent,102Ah_35degC_1C_cell1,0,0
102Ah_35degC_1C_cell1,7,rbf_residual,92.852,102.1385294117647,89.05753082178825,-3.794469178211756,20,persistent,102Ah_35degC_1C_cell1,0,0
102Ah_35degC_1C_cell1,8,anchor_constant,92.207,102.1385294117647,102.1385294117647,9.9315294117647,20,persistent,102Ah_35degC_1C_cell1,0,0
102Ah_35degC_1C_cell1,8,age_ridge,92.207,102.1385294117647,88.36584858195728,-3.8411514180427133,20,persistent,102Ah_35degC_1C_cell1,0,0
102Ah_35degC_1C_cell1,8,fixed_window_ridge,92.207,102.1385294117647,88.36584858195728,-3.8411514180427133,20,persistent,102Ah_35degC_1C_cell1,0,0
102Ah_35degC_1C_cell1,8,mask_ridge,92.207,102.1385294117647,88.36584858195728,-3.8411514180427133,20,persistent,102Ah_35degC_1C_cell1,0,0
102Ah_35degC_1C_cell1,8,within_cell_ratio_ridge,92.207,102.1385294117647,88.36584858195728,-3.8411514180427133,20,persistent,102Ah_35degC_1C_cell1,0,0
102Ah_35degC_1C_cell1,8,rbf_residual,92.207,102.1385294117647,87.98722777344737,-4.219772226552621,20,persistent,102Ah_35degC_1C_cell1,0,0
102Ah_35degC_1C_cell1,9,anchor_constant,91.607,102.1385294117647,102.1385294117647,10.531529411764694,20,persistent,102Ah_35degC_1C_cell1,0,0
102Ah_35degC_1C_cell1,9,age_ridge,91.607,102.1385294117647,87.50617178584582,-4.100828214154177,20,persistent,102Ah_35degC_1C_cell1,0,0
102Ah_35degC_1C_cell1,9,fixed_window_ridge,91.607,102.1385294117647,87.50617178584582,-4.100828214154177,20,persistent,102Ah_35degC_1C_cell1,0,0
102Ah_35degC_1C_cell1,9,mask_ridge,91.607,102.1385294117647,87.50617178584582,-4.100828214154177,20,persistent,102Ah_35degC_1C_cell1,0,0
102Ah_35degC_1C_cell1,9,within_cell_ratio_ridge,91.607,102.1385294117647,87.50617178584582,-4.100828214154177,20,persistent,102Ah_35degC_1C_cell1,0,0
102Ah_35degC_1C_cell1,9,rbf_residual,91.607,102.1385294117647,86.87891752645392,-4.728082473546081,20,persistent,102Ah_35degC_1C_cell1,0,0
102Ah_35degC_1C_cell1,10,anchor_constant,90.941,102.1385294117647,102.1385294117647,11.197529411764691,20,persistent,102Ah_35degC_1C_cell1,0,0
102Ah_35degC_1C_cell1,10,age_ridge,90.941,102.1385294117647,86.75128908012914,-4.189710919870862,20,persistent,102Ah_35degC_1C_cell1,0,0
102Ah_35degC_1C_cell1,10,fixed_window_ridge,90.941,102.1385294117647,86.75128908012914,-4.189710919870862,20,persistent,102Ah_35degC_1C_cell1,0,0
102Ah_35degC_1C_cell1,10,mask_ridge,90.941,102.1385294117647,86.75128908012914,-4.189710919870862,20,persistent,102Ah_35degC_1C_cell1,0,0
102Ah_35degC_1C_cell1,10,within_cell_ratio_ridge,90.941,102.1385294117647,86.75128908012914,-4.189710919870862,20,persistent,102Ah_35degC_1C_cell1,0,0
102Ah_35degC_1C_cell1,10,rbf_residual,90.941,102.1385294117647,85.83805850775664,-5.10294149224336,20,persistent,102Ah_35degC_1C_cell1,0,0
102Ah_35degC_1C_cell1,11,anchor_constant,89.839,102.1385294117647,102.1385294117647,12.299529411764695,20,persistent,102Ah_35degC_1C_cell1,0,0
102Ah_35degC_1C_cell1,11,age_ridge,89.839,102.1385294117647,86.00807607150126,-3.830923928498734,20,persistent,102Ah_35degC_1C_cell1,0,0
102Ah_35degC_1C_cell1,11,fixed_window_ridge,89.839,102.1385294117647,86.00807607150126,-3.830923928498734,20,persistent,102Ah_35degC_1C_cell1,0,0
102Ah_35degC_1C_cell1,11,mask_ridge,89.839,102.1385294117647,86.00807607150126,-3.830923928498734,20,persistent,102Ah_35degC_1C_cell1,0,0
102Ah_35degC_1C_cell1,11,within_cell_ratio_ridge,89.839,102.1385294117647,86.00807607150126,-3.830923928498734,20,persistent,102Ah_35degC_1C_cell1,0,0
102Ah_35degC_1C_cell1,11,rbf_residual,89.839,102.1385294117647,84.80134259757762,-5.037657402422383,20,persistent,102Ah_35degC_1C_cell1,0,0
102Ah_35degC_1C_cell1,12,anchor_constant,89.102,102.1385294117647,102.1385294117647,13.03652941176469,20,persistent,102Ah_35degC_1C_cell1,0,0
102Ah_35degC_1C_cell1,12,age_ridge,89.102,102.1385294117647,85.12171417636564,-3.980285823634361,20,persistent,102Ah_35degC_1C_cell1,0,0
102Ah_35degC_1C_cell1,12,fixed_window_ridge,89.102,102.1385294117647,85.12171417636564,-3.980285823634361,20,persistent,102Ah_35degC_1C_cell1,0,0
102Ah_35degC_1C_cell1,12,mask_ridge,89.102,102.1385294117647,85.12171417636564,-3.980285823634361,20,persistent,102Ah_35degC_1C_cell1,0,0
102Ah_35degC_1C_cell1,12,within_cell_ratio_ridge,89.102,102.1385294117647,85.12171417636564,-3.980285823634361,20,persistent,102Ah_35degC_1C_cell1,0,0
102Ah_35degC_1C_cell1,12,rbf_residual,89.102,102.1385294117647,83.67185896149026,-5.4301410385097455,20,persistent,102Ah_35degC_1C_cell1,0,0
102Ah_35degC_1C_cell1,13,anchor_constant,88.517,102.1385294117647,102.1385294117647,13.621529411764698,20,persistent,102Ah_35degC_1C_cell1,0,0
102Ah_35degC_1C_cell1,13,age_ridge,88.517,102.1385294117647,84.41130592605322,-4.105694073946779,20,persistent,102Ah_35degC_1C_cell1,0,0
102Ah_35degC_1C_cell1,13,fixed_window_ridge,88.517,102.1385294117647,84.41130592605322,-4.105694073946779,20,persistent,102Ah_35degC_1C_cell1,0,0
102Ah_35degC_1C_cell1,13,mask_ridge,88.517,102.1385294117647,84.41130592605322,-4.105694073946779,20,persistent,102Ah_35degC_1C_cell1,0,0
102Ah_35degC_1C_cell1,13,within_cell_ratio_ridge,88.517,102.1385294117647,84.41130592605322,-4.105694073946779,20,persistent,102Ah_35degC_1C_cell1,0,0
102Ah_35degC_1C_cell1,13,rbf_residual,88.517,102.1385294117647,82.65935102725582,-5.8576489727441725,20,persistent,102Ah_35degC_1C_cell1,0,0
102Ah_35degC_1C_cell1,14,anchor_constant,87.874,102.1385294117647,102.1385294117647,14.264529411764698,20,persistent,102Ah_35degC_1C_cell1,0,0
102Ah_35degC_1C_cell1,14,age_ridge,87.874,102.1385294117647,83.7099033037126,-4.164096696287402,20,persistent,102Ah_35degC_1C_cell1,0,0
102Ah_35degC_1C_cell1,14,fixed_window_ridge,87.874,102.1385294117647,83.7099033037126,-4.164096696287402,20,persistent,102Ah_35degC_1C_cell1,0,0
102Ah_35degC_1C_cell1,14,mask_ridge,87.874,102.1385294117647,83.7099033037126,-4.164096696287402,20,persistent,102Ah_35degC_1C_cell1,0,0
102Ah_35degC_1C_cell1,14,within_cell_ratio_ridge,87.874,102.1385294117647,83.7099033037126,-4.164096696287402,20,persistent,102Ah_35degC_1C_cell1,0,0
102Ah_35degC_1C_cell1,14,rbf_residual,87.874,102.1385294117647,81.65256733096476,-6.221432669035238,20,persistent,102Ah_35degC_1C_cell1,0,0
102Ah_35degC_1C_cell1,15,anchor_constant,87.254,102.1385294117647,102.1385294117647,14.884529411764689,20,persistent,102Ah_35degC_1C_cell1,0,0
102Ah_35degC_1C_cell1,15,age_ridge,87.254,102.1385294117647,83.01307634082339,-4.240923659176616,20,persistent,102Ah_35degC_1C_cell1,0,0
102Ah_35degC_1C_cell1,15,fixed_window_ridge,87.254,102.1385294117647,83.01307634082339,-4.240923659176616,20,persistent,102Ah_35degC_1C_cell1,0,0
102Ah_35degC_1C_cell1,15,mask_ridge,87.254,102.1385294117647,83.01307634082339,-4.240923659176616,20,persistent,102Ah_35degC_1C_cell1,0,0
102Ah_35degC_1C_cell1,15,within_cell_ratio_ridge,87.254,102.1385294117647,83.01307634082339,-4.240923659176616,20,persistent,102Ah_35degC_1C_cell1,0,0
102Ah_35degC_1C_cell1,15,rbf_residual,87.254,102.1385294117647,80.64864461592194,-6.6053553840780665,20,persistent,102Ah_35degC_1C_cell1,0,0
102Ah_35degC_1C_cell1,16,anchor_constant,86.669,102.1385294117647,102.1385294117647,15.469529411764697,20,persistent,102Ah_35degC_1C_cell1,0,0
102Ah_35degC_1C_cell1,16,age_ridge,86.669,102.1385294117647,82.29098327448644,-4.378016725513561,20,persistent,102Ah_35degC_1C_cell1,0,0
102Ah_35degC_1C_cell1,16,fixed_window_ridge,86.669,102.1385294117647,82.29098327448644,-4.378016725513561,20,persistent,102Ah_35degC_1C_cell1,0,0
102Ah_35degC_1C_cell1,16,mask_ridge,86.669,102.1385294117647,82.29098327448644,-4.378016725513561,20,persistent,102Ah_35degC_1C_cell1,0,0
102Ah_35degC_1C_cell1,16,within_cell_ratio_ridge,86.669,102.1385294117647,82.29098327448644,-4.378016725513561,20,persistent,102Ah_35degC_1C_cell1,0,0
102Ah_35degC_1C_cell1,16,rbf_residual,86.669,102.1385294117647,79.62472745825134,-7.044272541748654,20,persistent,102Ah_35degC_1C_cell1,0,0
102Ah_35degC_1C_cell1,17,anchor_constant,86.04,102.1385294117647,102.1385294117647,16.098529411764687,20,persistent,102Ah_35degC_1C_cell1,0,0
102Ah_35degC_1C_cell1,17,age_ridge,86.04,102.1385294117647,81.54520280011592,-4.49479719988409,20,persistent,102Ah_35degC_1C_cell1,0,0
102Ah_35degC_1C_cell1,17,fixed_window_ridge,86.04,102.1385294117647,81.54520280011592,-4.49479719988409,20,persistent,102Ah_35degC_1C_cell1,0,0
102Ah_35degC_1C_cell1,17,mask_ridge,86.04,102.1385294117647,81.54520280011592,-4.49479719988409,20,persistent,102Ah_35degC_1C_cell1,0,0
102Ah_35degC_1C_cell1,17,within_cell_ratio_ridge,86.04,102.1385294117647,81.54520280011592,-4.49479719988409,20,persistent,102Ah_35degC_1C_cell1,0,0
102Ah_35degC_1C_cell1,17,rbf_residual,86.04,102.1385294117647,78.58171837516801,-7.458281624831997,20,persistent,102Ah_35degC_1C_cell1,0,0
102Ah_35degC_1C_cell1,18,anchor_constant,85.225,102.1385294117647,102.1385294117647,16.9135294117647,20,persistent,102Ah_35degC_1C_cell1,0,0
102Ah_35degC_1C_cell1,18,age_ridge,85.225,102.1385294117647,80.79500731521475,-4.4299926847852475,20,persistent,102Ah_35degC_1C_cell1,0,0
102Ah_35degC_1C_cell1,18,fixed_window_ridge,85.225,102.1385294117647,80.79500731521475,-4.4299926847852475,20,persistent,102Ah_35degC_1C_cell1,0,0
102Ah_35degC_1C_cell1,18,mask_ridge,85.225,102.1385294117647,80.79500731521475,-4.4299926847852475,20,persistent,102Ah_35degC_1C_cell1,0,0
102Ah_35degC_1C_cell1,18,within_cell_ratio_ridge,85.225,102.1385294117647,80.79500731521475,-4.4299926847852475,20,persistent,102Ah_35degC_1C_cell1,0,0
102Ah_35degC_1C_cell1,18,rbf_residual,85.225,102.1385294117647,77.53866294077905,-7.686337059220946,20,persistent,102Ah_35degC_1C_cell1,0,0
102Ah_35degC_1C_cell1,19,anchor_constant,84.635,102.1385294117647,102.1385294117647,17.50352941176469,20,persistent,102Ah_35degC_1C_cell1,0,0
102Ah_35degC_1C_cell1,19,age_ridge,84.635,102.1385294117647,80.12524462122362,-4.50975537877639,20,persistent,102Ah_35degC_1C_cell1,0,0
102Ah_35degC_1C_cell1,19,fixed_window_ridge,84.635,102.1385294117647,80.12524462122362,-4.50975537877639,20,persistent,102Ah_35degC_1C_cell1,0,0
102Ah_35degC_1C_cell1,19,mask_ridge,84.635,102.1385294117647,80.12524462122362,-4.50975537877639,20,persistent,102Ah_35degC_1C_cell1,0,0
102Ah_35degC_1C_cell1,19,within_cell_ratio_ridge,84.635,102.1385294117647,80.12524462122362,-4.50975537877639,20,persistent,102Ah_35degC_1C_cell1,0,0
102Ah_35degC_1C_cell1,19,rbf_residual,84.635,102.1385294117647,76.55487078170644,-8.080129218293564,20,persistent,102Ah_35degC_1C_cell1,0,0
102Ah_35degC_1C_cell1,20,anchor_constant,84.066,102.1385294117647,102.1385294117647,18.07252941176469,20,persistent,102Ah_35degC_1C_cell1,0,0
102Ah_35degC_1C_cell1,20,age_ridge,84.066,102.1385294117647,79.46060651154818,-4.605393488451824,20,persistent,102Ah_35degC_1C_cell1,0,0
102Ah_35degC_1C_cell1,20,fixed_window_ridge,84.066,102.1385294117647,79.46060651154818,-4.605393488451824,20,persistent,102Ah_35degC_1C_cell1,0,0
102Ah_35degC_1C_cell1,20,mask_ridge,84.066,102.1385294117647,79.46060651154818,-4.605393488451824,20,persistent,102Ah_35degC_1C_cell1,0,0
102Ah_35degC_1C_cell1,20,within_cell_ratio_ridge,84.066,102.1385294117647,79.46060651154818,-4.605393488451824,20,persistent,102Ah_35degC_1C_cell1,0,0
102Ah_35degC_1C_cell1,20,rbf_residual,84.066,102.1385294117647,75.56777109326417,-8.498228906735832,20,persistent,102Ah_35degC_1C_cell1,0,0
102Ah_35degC_1C_cell1,21,anchor_constant,83.481,102.1385294117647,102.1385294117647,18.6575294117647,20,persistent,102Ah_35degC_1C_cell1,0,0
102Ah_35degC_1C_cell1,21,age_ridge,83.481,102.1385294117647,78.78940236734802,-4.691597632651977,20,persistent,102Ah_35degC_1C_cell1,0,0
102Ah_35degC_1C_cell1,21,fixed_window_ridge,83.481,102.1385294117647,78.78940236734802,-4.691597632651977,20,persistent,102Ah_35degC_1C_cell1,0,0
102Ah_35degC_1C_cell1,21,mask_ridge,83.481,102.1385294117647,78.78940236734802,-4.691597632651977,20,persistent,102Ah_35degC_1C_cell1,0,0
102Ah_35degC_1C_cell1,21,within_cell_ratio_ridge,83.481,102.1385294117647,78.78940236734802,-4.691597632651977,20,persistent,102Ah_35degC_1C_cell1,0,0
102Ah_35degC_1C_cell1,21,rbf_residual,83.481,102.1385294117647,74.57617366405498,-8.904826335945017,20,persistent,102Ah_35degC_1C_cell1,0,0
102Ah_35degC_1C_cell1,22,anchor_constant,82.816,102.1385294117647,102.1385294117647,19.32252941176469,20,persistent,102Ah_35degC_1C_cell1,0,0
102Ah_35degC_1C_cell1,22,age_ridge,82.816,102.1385294117647,78.1364857301212,-4.679514269878808,20,persistent,102Ah_35degC_1C_cell1,0,0
102Ah_35degC_1C_cell1,22,fixed_window_ridge,82.816,102.1385294117647,78.1364857301212,-4.679514269878808,20,persistent,102Ah_35degC_1C_cell1,0,0
102Ah_35degC_1C_cell1,22,mask_ridge,82.816,102.1385294117647,78.1364857301212,-4.679514269878808,20,persistent,102Ah_35degC_1C_cell1,0,0
102Ah_35degC_1C_cell1,22,within_cell_ratio_ridge,82.816,102.1385294117647,78.1364857301212,-4.679514269878808,20,persistent,102Ah_35degC_1C_cell1,0,0
102Ah_35degC_1C_cell1,22,rbf_residual,82.816,102.1385294117647,73.59990002791929,-9.216099972080713,20,persistent,102Ah_35degC_1C_cell1,0,0
102Ah_35degC_1C_cell1,23,anchor_constant,82.089,102.1385294117647,102.1385294117647,20.049529411764695,20,persistent,102Ah_35degC_1C_cell1,0,0
102Ah_35degC_1C_cell1,23,age_ridge,82.089,102.1385294117647,77.46072573879609,-4.628274261203913,20,persistent,102Ah_35degC_1C_cell1,0,0
102Ah_35degC_1C_cell1,23,fixed_window_ridge,82.089,102.1385294117647,77.46072573879609,-4.628274261203913,20,persistent,102Ah_35degC_1C_cell1,0,0
102Ah_35degC_1C_cell1,23,mask_ridge,82.089,102.1385294117647,77.46072573879609,-4.628274261203913,20,persistent,102Ah_35degC_1C_cell1,0,0
102Ah_35degC_1C_cell1,23,within_cell_ratio_ridge,82.089,102.1385294117647,77.46072573879609,-4.628274261203913,20,persistent,102Ah_35degC_1C_cell1,0,0
102Ah_35degC_1C_cell1,23,rbf_residual,82.089,102.1385294117647,72.61147874385355,-9.477521256146446,20,persistent,102Ah_35degC_1C_cell1,0,0
102Ah_35degC_1C_cell1,24,anchor_constant,81.26,102.1385294117647,102.1385294117647,20.87852941176469,20,persistent,102Ah_35degC_1C_cell1,0,0
102Ah_35degC_1C_cell1,24,age_ridge,81.26,102.1385294117647,76.98091889959734,-4.279081100402664,20,persistent,102Ah_35degC_1C_cell1,0,0
102Ah_35degC_1C_cell1,24,fixed_window_ridge,81.26,102.1385294117647,76.98091889959734,-4.279081100402664,20,persistent,102Ah_35degC_1C_cell1,0,0
102Ah_35degC_1C_cell1,24,mask_ridge,81.26,102.1385294117647,76.98091889959734,-4.279081100402664,20,persistent,102Ah_35degC_1C_cell1,0,0
102Ah_35degC_1C_cell1,24,within_cell_ratio_ridge,81.26,102.1385294117647,76.98091889959734,-4.279081100402664,20,persistent,102Ah_35degC_1C_cell1,0,0
102Ah_35degC_1C_cell1,24,rbf_residual,81.26,102.1385294117647,71.6905897519064,-9.569410248093604,20,persistent,102Ah_35degC_1C_cell1,0,0
102Ah_35degC_1C_cell1,25,anchor_constant,80.436,102.1385294117647,102.1385294117647,21.702529411764687,20,persistent,102Ah_35degC_1C_cell1,0,0
102Ah_35degC_1C_cell1,25,age_ridge,80.436,102.1385294117647,76.96968943046113,-3.4663105695388765,20,persistent,102Ah_35degC_1C_cell1,0,0
102Ah_35degC_1C_cell1,25,fixed_window_ridge,80.436,102.1385294117647,76.96968943046113,-3.4663105695388765,20,persistent,102Ah_35degC_1C_cell1,0,0
102Ah_35degC_1C_cell1,25,mask_ridge,80.436,102.1385294117647,76.96968943046113,-3.4663105695388765,20,persistent,102Ah_35degC_1C_cell1,0,0
102Ah_35degC_1C_cell1,25,within_cell_ratio_ridge,80.436,102.1385294117647,76.96968943046113,-3.4663105695388765,20,persistent,102Ah_35degC_1C_cell1,0,0
102Ah_35degC_1C_cell1,25,rbf_residual,80.436,102.1385294117647,71.56365776571687,-8.872342234283138,20,persistent,102Ah_35degC_1C_cell1,0,0
102Ah_35degC_1C_cell1,26,anchor_constant,79.583,102.1385294117647,102.1385294117647,22.555529411764695,20,persistent,102Ah_35degC_1C_cell1,0,0
102Ah_35degC_1C_cell1,26,age_ridge,79.583,102.1385294117647,76.96243640088348,-2.6205635991165224,20,persistent,102Ah_35degC_1C_cell1,0,0
102Ah_35degC_1C_cell1,26,fixed_window_ridge,79.583,102.1385294117647,76.96243640088348,-2.6205635991165224,20,persistent,102Ah_35degC_1C_cell1,0,0
102Ah_35degC_1C_cell1,26,mask_ridge,79.583,102.1385294117647,76.96243640088348,-2.6205635991165224,20,persistent,102Ah_35degC_1C_cell1,0,0
102Ah_35degC_1C_cell1,26,within_cell_ratio_ridge,79.583,102.1385294117647,76.96243640088348,-2.6205635991165224,20,persistent,102Ah_35degC_1C_cell1,0,0
102Ah_35degC_1C_cell1,26,rbf_residual,79.583,102.1385294117647,71.36643107469874,-8.21656892530126,20,persistent,102Ah_35degC_1C_cell1,0,0
102Ah_35degC_1C_cell1,27,anchor_constant,78.65,102.1385294117647,102.1385294117647,23.488529411764688,20,persistent,102Ah_35degC_1C_cell1,0,0
102Ah_35degC_1C_cell1,27,age_ridge,78.65,102.1385294117647,76.95715297859243,-1.692847021407573,20,persistent,102Ah_35degC_1C_cell1,0,0
102Ah_35degC_1C_cell1,27,fixed_window_ridge,78.65,102.1385294117647,76.95715297859243,-1.692847021407573,20,persistent,102Ah_35degC_1C_cell1,0,0
102Ah_35degC_1C_cell1,27,mask_ridge,78.65,102.1385294117647,76.95715297859243,-1.692847021407573,20,persistent,102Ah_35degC_1C_cell1,0,0
102Ah_35degC_1C_cell1,27,within_cell_ratio_ridge,78.65,102.1385294117647,76.95715297859243,-1.692847021407573,20,persistent,102Ah_35degC_1C_cell1,0,0
102Ah_35degC_1C_cell1,27,rbf_residual,78.65,102.1385294117647,71.07278509794635,-7.5772149020536546,20,persistent,102Ah_35degC_1C_cell1,0,0
102Ah_35degC_1C_cell1,28,anchor_constant,77.59,102.1385294117647,102.1385294117647,24.54852941176469,20,persistent,102Ah_35degC_1C_cell1,0,0
102Ah_35degC_1C_cell1,28,age_ridge,77.59,102.1385294117647,75.75061791209379,-1.8393820879062162,20,persistent,102Ah_35degC_1C_cell1,0,0
102Ah_35degC_1C_cell1,28,fixed_window_ridge,77.59,102.1385294117647,75.75061791209379,-1.8393820879062162,20,persistent,102Ah_35degC_1C_cell1,0,0
102Ah_35degC_1C_cell1,28,mask_ridge,77.59,102.1385294117647,75.75061791209379,-1.8393820879062162,20,persistent,102Ah_35degC_1C_cell1,0,0
102Ah_35degC_1C_cell1,28,within_cell_ratio_ridge,77.59,102.1385294117647,75.75061791209379,-1.8393820879062162,20,persistent,102Ah_35degC_1C_cell1,0,0
102Ah_35degC_1C_cell1,28,rbf_residual,77.59,102.1385294117647,70.92378046936636,-6.66621953063364,20,persistent,102Ah_35degC_1C_cell1,0,0
102Ah_35degC_1C_cell1,29,anchor_constant,76.374,102.1385294117647,102.1385294117647,25.7645294117647,20,persistent,102Ah_35degC_1C_cell1,0,0
102Ah_35degC_1C_cell1,29,age_ridge,76.374,102.1385294117647,75.15232012364207,-1.2216798763579249,20,persistent,102Ah_35degC_1C_cell1,0,0
102Ah_35degC_1C_cell1,29,fixed_window_ridge,76.374,102.1385294117647,75.15232012364207,-1.2216798763579249,20,persistent,102Ah_35degC_1C_cell1,0,0
102Ah_35degC_1C_cell1,29,mask_ridge,76.374,102.1385294117647,75.15232012364207,-1.2216798763579249,20,persistent,102Ah_35degC_1C_cell1,0,0
102Ah_35degC_1C_cell1,29,within_cell_ratio_ridge,76.374,102.1385294117647,75.15232012364207,-1.2216798763579249,20,persistent,102Ah_35degC_1C_cell1,0,0
102Ah_35degC_1C_cell1,29,rbf_residual,76.374,102.1385294117647,69.9256677019676,-6.448332298032398,20,persistent,102Ah_35degC_1C_cell1,0,0
102Ah_35degC_1C_cell1,30,anchor_constant,75.089,102.1385294117647,102.1385294117647,27.049529411764695,20,persistent,102Ah_35degC_1C_cell1,0,0
102Ah_35degC_1C_cell1,30,age_ridge,75.089,102.1385294117647,75.1529072374687,0.06390723746869753,20,persistent,102Ah_35degC_1C_cell1,0,0
102Ah_35degC_1C_cell1,30,fixed_window_ridge,75.089,102.1385294117647,75.1529072374687,0.06390723746869753,20,persistent,102Ah_35degC_1C_cell1,0,0
102Ah_35degC_1C_cell1,30,mask_ridge,75.089,102.1385294117647,75.1529072374687,0.06390723746869753,20,persistent,102Ah_35degC_1C_cell1,0,0
102Ah_35degC_1C_cell1,30,within_cell_ratio_ridge,75.089,102.1385294117647,75.1529072374687,0.06390723746869753,20,persistent,102Ah_35degC_1C_cell1,0,0
102Ah_35degC_1C_cell1,30,rbf_residual,75.089,102.1385294117647,69.62025072082218,-5.468749279177814,20,persistent,102Ah_35degC_1C_cell1,0,0
102Ah_45degC_0p5C_cell3,1,anchor_constant,97.213,103.01980392156864,103.01980392156864,5.806803921568644,20,persistent,102Ah_45degC_0p5C_cell3,0,0
102Ah_45degC_0p5C_cell3,1,age_ridge,97.213,103.01980392156864,95.06991854605823,-2.143081453941761,20,persistent,102Ah_45degC_0p5C_cell3,0,0
102Ah_45degC_0p5C_cell3,1,fixed_window_ridge,97.213,103.01980392156864,95.06991854605823,-2.143081453941761,20,persistent,102Ah_45degC_0p5C_cell3,0,0
102Ah_45degC_0p5C_cell3,1,mask_ridge,97.213,103.01980392156864,95.06991854605823,-2.143081453941761,20,persistent,102Ah_45degC_0p5C_cell3,0,0
102Ah_45degC_0p5C_cell3,1,within_cell_ratio_ridge,97.213,103.01980392156864,95.06991854605823,-2.143081453941761,20,persistent,102Ah_45degC_0p5C_cell3,0,0
102Ah_45degC_0p5C_cell3,1,rbf_residual,97.213,103.01980392156864,96.39716672445633,-0.8158332755436675,20,persistent,102Ah_45degC_0p5C_cell3,0,0
102Ah_45degC_0p5C_cell3,2,anchor_constant,96.093,103.01980392156864,103.01980392156864,6.926803921568634,20,persistent,102Ah_45degC_0p5C_cell3,0,0
102Ah_45degC_0p5C_cell3,2,age_ridge,96.093,103.01980392156864,93.9000092487179,-2.1929907512821103,20,persistent,102Ah_45degC_0p5C_cell3,0,0
102Ah_45degC_0p5C_cell3,2,fixed_window_ridge,96.093,103.01980392156864,93.9000092487179,-2.1929907512821103,20,persistent,102Ah_45degC_0p5C_cell3,0,0
102Ah_45degC_0p5C_cell3,2,mask_ridge,96.093,103.01980392156864,93.9000092487179,-2.1929907512821103,20,persistent,102Ah_45degC_0p5C_cell3,0,0
102Ah_45degC_0p5C_cell3,2,within_cell_ratio_ridge,96.093,103.01980392156864,93.9000092487179,-2.1929907512821103,20,persistent,102Ah_45degC_0p5C_cell3,0,0
102Ah_45degC_0p5C_cell3,2,rbf_residual,96.093,103.01980392156864,94.89400439662329,-1.1989956033767157,20,persistent,102Ah_45degC_0p5C_cell3,0,0
102Ah_45degC_0p5C_cell3,3,anchor_constant,95.183,103.01980392156864,103.01980392156864,7.836803921568631,20,persistent,102Ah_45degC_0p5C_cell3,0,0
102Ah_45degC_0p5C_cell3,3,age_ridge,95.183,103.01980392156864,92.94270426289813,-2.2402957371018744,20,persistent,102Ah_45degC_0p5C_cell3,0,0
102Ah_45degC_0p5C_cell3,3,fixed_window_ridge,95.183,103.01980392156864,92.94270426289813,-2.2402957371018744,20,persistent,102Ah_45degC_0p5C_cell3,0,0
102Ah_45degC_0p5C_cell3,3,mask_ridge,95.183,103.01980392156864,92.94270426289813,-2.2402957371018744,20,persistent,102Ah_45degC_0p5C_cell3,0,0
102Ah_45degC_0p5C_cell3,3,within_cell_ratio_ridge,95.183,103.01980392156864,92.94270426289813,-2.2402957371018744,20,persistent,102Ah_45degC_0p5C_cell3,0,0
102Ah_45degC_0p5C_cell3,3,rbf_residual,95.183,103.01980392156864,93.6780045527237,-1.5049954472763005,20,persistent,102Ah_45degC_0p5C_cell3,0,0
102Ah_45degC_0p5C_cell3,4,anchor_constant,94.405,103.01980392156864,103.01980392156864,8.614803921568637,20,persistent,102Ah_45degC_0p5C_cell3,0,0
102Ah_45degC_0p5C_cell3,4,age_ridge,94.405,103.01980392156864,92.0402131220219,-2.364786877978105,20,persistent,102Ah_45degC_0p5C_cell3,0,0
102Ah_45degC_0p5C_cell3,4,fixed_window_ridge,94.405,103.01980392156864,92.0402131220219,-2.364786877978105,20,persistent,102Ah_45degC_0p5C_cell3,0,0
102Ah_45degC_0p5C_cell3,4,mask_ridge,94.405,103.01980392156864,92.0402131220219,-2.364786877978105,20,persistent,102Ah_45degC_0p5C_cell3,0,0
102Ah_45degC_0p5C_cell3,4,within_cell_ratio_ridge,94.405,103.01980392156864,92.0402131220219,-2.364786877978105,20,persistent,102Ah_45degC_0p5C_cell3,0,0
102Ah_45degC_0p5C_cell3,4,rbf_residual,94.405,103.01980392156864,92.54904743785791,-1.8559525621420931,20,persistent,102Ah_45degC_0p5C_cell3,0,0
102Ah_45degC_0p5C_cell3,5,anchor_constant,93.579,103.01980392156864,103.01980392156864,9.440803921568644,20,persistent,102Ah_45degC_0p5C_cell3,0,0
102Ah_45degC_0p5C_cell3,5,age_ridge,93.579,103.01980392156864,91.09851517239264,-2.4804848276073557,20,persistent,102Ah_45degC_0p5C_cell3,0,0
102Ah_45degC_0p5C_cell3,5,fixed_window_ridge,93.579,103.01980392156864,91.09851517239264,-2.4804848276073557,20,persistent,102Ah_45degC_0p5C_cell3,0,0
102Ah_45degC_0p5C_cell3,5,mask_ridge,93.579,103.01980392156864,91.09851517239264,-2.4804848276073557,20,persistent,102Ah_45degC_0p5C_cell3,0,0
102Ah_45degC_0p5C_cell3,5,within_cell_ratio_ridge,93.579,103.01980392156864,91.09851517239264,-2.4804848276073557,20,persistent,102Ah_45degC_0p5C_cell3,0,0
102Ah_45degC_0p5C_cell3,5,rbf_residual,93.579,103.01980392156864,91.3962820549618,-2.182717945038192,20,persistent,102Ah_45degC_0p5C_cell3,0,0
102Ah_45degC_0p5C_cell3,6,anchor_constant,92.867,103.01980392156864,103.01980392156864,10.152803921568633,20,persistent,102Ah_45degC_0p5C_cell3,0,0
102Ah_45degC_0p5C_cell3,6,age_ridge,92.867,103.01980392156864,90.38461823625889,-2.4823817637411167,20,persistent,102Ah_45degC_0p5C_cell3,0,0
102Ah_45degC_0p5C_cell3,6,fixed_window_ridge,92.867,103.01980392156864,90.38461823625889,-2.4823817637411167,20,persistent,102Ah_45degC_0p5C_cell3,0,0
102Ah_45degC_0p5C_cell3,6,mask_ridge,92.867,103.01980392156864,90.38461823625889,-2.4823817637411167,20,persistent,102Ah_45degC_0p5C_cell3,0,0
102Ah_45degC_0p5C_cell3,6,within_cell_ratio_ridge,92.867,103.01980392156864,90.38461823625889,-2.4823817637411167,20,persistent,102Ah_45degC_0p5C_cell3,0,0
102Ah_45degC_0p5C_cell3,6,rbf_residual,92.867,103.01980392156864,90.51743742102863,-2.3495625789713728,20,persistent,102Ah_45degC_0p5C_cell3,0,0
102Ah_45degC_0p5C_cell3,7,anchor_constant,92.307,103.01980392156864,103.01980392156864,10.712803921568636,20,persistent,102Ah_45degC_0p5C_cell3,0,0
102Ah_45degC_0p5C_cell3,7,age_ridge,92.307,103.01980392156864,89.24264896089771,-3.0643510391022915,20,persistent,102Ah_45degC_0p5C_cell3,0,0
102Ah_45degC_0p5C_cell3,7,fixed_window_ridge,92.307,103.01980392156864,89.24264896089771,-3.0643510391022915,20,persistent,102Ah_45degC_0p5C_cell3,0,0
102Ah_45degC_0p5C_cell3,7,mask_ridge,92.307,103.01980392156864,89.24264896089771,-3.0643510391022915,20,persistent,102Ah_45degC_0p5C_cell3,0,0
102Ah_45degC_0p5C_cell3,7,within_cell_ratio_ridge,92.307,103.01980392156864,89.24264896089771,-3.0643510391022915,20,persistent,102Ah_45degC_0p5C_cell3,0,0
102Ah_45degC_0p5C_cell3,7,rbf_residual,92.307,103.01980392156864,89.18920268950106,-3.1177973104989434,20,persistent,102Ah_45degC_0p5C_cell3,0,0
102Ah_45degC_0p5C_cell3,8,anchor_constant,91.334,103.01980392156864,103.01980392156864,11.685803921568635,20,persistent,102Ah_45degC_0p5C_cell3,0,0
102Ah_45degC_0p5C_cell3,8,age_ridge,91.334,103.01980392156864,88.29971633525835,-3.0342836647416505,20,persistent,102Ah_45degC_0p5C_cell3,0,0
102Ah_45degC_0p5C_cell3,8,fixed_window_ridge,91.334,103.01980392156864,88.29971633525835,-3.0342836647416505,20,persistent,102Ah_45degC_0p5C_cell3,0,0
102Ah_45degC_0p5C_cell3,8,mask_ridge,91.334,103.01980392156864,88.29971633525835,-3.0342836647416505,20,persistent,102Ah_45degC_0p5C_cell3,0,0
102Ah_45degC_0p5C_cell3,8,within_cell_ratio_ridge,91.334,103.01980392156864,88.29971633525835,-3.0342836647416505,20,persistent,102Ah_45degC_0p5C_cell3,0,0
102Ah_45degC_0p5C_cell3,8,rbf_residual,91.334,103.01980392156864,88.09874703216958,-3.2352529678304194,20,persistent,102Ah_45degC_0p5C_cell3,0,0
102Ah_45degC_0p5C_cell3,9,anchor_constant,90.546,103.01980392156864,103.01980392156864,12.473803921568631,20,persistent,102Ah_45degC_0p5C_cell3,0,0
102Ah_45degC_0p5C_cell3,9,age_ridge,90.546,103.01980392156864,87.66475953688268,-2.8812404631173223,20,persistent,102Ah_45degC_0p5C_cell3,0,0
102Ah_45degC_0p5C_cell3,9,fixed_window_ridge,90.546,103.01980392156864,87.66475953688268,-2.8812404631173223,20,persistent,102Ah_45degC_0p5C_cell3,0,0
102Ah_45degC_0p5C_cell3,9,mask_ridge,90.546,103.01980392156864,87.66475953688268,-2.8812404631173223,20,persistent,102Ah_45degC_0p5C_cell3,0,0
102Ah_45degC_0p5C_cell3,9,within_cell_ratio_ridge,90.546,103.01980392156864,87.66475953688268,-2.8812404631173223,20,persistent,102Ah_45degC_0p5C_cell3,0,0
102Ah_45degC_0p5C_cell3,9,rbf_residual,90.546,103.01980392156864,87.34522121598496,-3.200778784015043,20,persistent,102Ah_45degC_0p5C_cell3,0,0
102Ah_45degC_0p5C_cell3,10,anchor_constant,89.71,103.01980392156864,103.01980392156864,13.309803921568644,20,persistent,102Ah_45degC_0p5C_cell3,0,0
102Ah_45degC_0p5C_cell3,10,age_ridge,89.71,103.01980392156864,86.95723038446431,-2.7527696155356836,20,persistent,102Ah_45degC_0p5C_cell3,0,0
102Ah_45degC_0p5C_cell3,10,fixed_window_ridge,89.71,103.01980392156864,86.95723038446431,-2.7527696155356836,20,persistent,102Ah_45degC_0p5C_cell3,0,0
102Ah_45degC_0p5C_cell3,10,mask_ridge,89.71,103.01980392156864,86.95723038446431,-2.7527696155356836,20,persistent,102Ah_45degC_0p5C_cell3,0,0
102Ah_45degC_0p5C_cell3,10,within_cell_ratio_ridge,89.71,103.01980392156864,86.95723038446431,-2.7527696155356836,20,persistent,102Ah_45degC_0p5C_cell3,0,0
102Ah_45degC_0p5C_cell3,10,rbf_residual,89.71,103.01980392156864,86.52308107517226,-3.1869189248277365,20,persistent,102Ah_45degC_0p5C_cell3,0,0
102Ah_45degC_0p5C_cell3,11,anchor_constant,88.797,103.01980392156864,103.01980392156864,14.22280392156864,20,persistent,102Ah_45degC_0p5C_cell3,0,0
102Ah_45degC_0p5C_cell3,11,age_ridge,88.797,103.01980392156864,86.27310415148693,-2.523895848513064,20,persistent,102Ah_45degC_0p5C_cell3,0,0
102Ah_45degC_0p5C_cell3,11,fixed_window_ridge,88.797,103.01980392156864,86.27310415148693,-2.523895848513064,20,persistent,102Ah_45degC_0p5C_cell3,0,0
102Ah_45degC_0p5C_cell3,11,mask_ridge,88.797,103.01980392156864,86.27310415148693,-2.523895848513064,20,persistent,102Ah_45degC_0p5C_cell3,0,0
102Ah_45degC_0p5C_cell3,11,within_cell_ratio_ridge,88.797,103.01980392156864,86.27310415148693,-2.523895848513064,20,persistent,102Ah_45degC_0p5C_cell3,0,0
102Ah_45degC_0p5C_cell3,11,rbf_residual,88.797,103.01980392156864,85.73540245278538,-3.0615975472146175,20,persistent,102Ah_45degC_0p5C_cell3,0,0
102Ah_45degC_0p5C_cell3,12,anchor_constant,88.025,103.01980392156864,103.01980392156864,14.994803921568632,20,persistent,102Ah_45degC_0p5C_cell3,0,0
102Ah_45degC_0p5C_cell3,12,age_ridge,88.025,103.01980392156864,85.70383570545042,-2.3211642945495896,20,persistent,102Ah_45degC_0p5C_cell3,0,0
102Ah_45degC_0p5C_cell3,12,fixed_window_ridge,88.025,103.01980392156864,85.70383570545042,-2.3211642945495896,20,persistent,102Ah_45degC_0p5C_cell3,0,0
102Ah_45degC_0p5C_cell3,12,mask_ridge,88.025,103.01980392156864,85.70383570545042,-2.3211642945495896,20,persistent,102Ah_45degC_0p5C_cell3,0,0
102Ah_45degC_0p5C_cell3,12,within_cell_ratio_ridge,88.025,103.01980392156864,85.70383570545042,-2.3211642945495896,20,persistent,102Ah_45degC_0p5C_cell3,0,0
102Ah_45degC_0p5C_cell3,12,rbf_residual,88.025,103.01980392156864,85.06794966031707,-2.9570503396829366,20,persistent,102Ah_45degC_0p5C_cell3,0,0
102Ah_45degC_0p5C_cell3,13,anchor_constant,87.256,103.01980392156864,103.01980392156864,15.763803921568638,20,persistent,102Ah_45degC_0p5C_cell3,0,0
102Ah_45degC_0p5C_cell3,13,age_ridge,87.256,103.01980392156864,85.16151626257556,-2.09448373742444,20,persistent,102Ah_45degC_0p5C_cell3,0,0
102Ah_45degC_0p5C_cell3,13,fixed_window_ridge,87.256,103.01980392156864,85.16151626257556,-2.09448373742444,20,persistent,102Ah_45degC_0p5C_cell3,0,0
102Ah_45degC_0p5C_cell3,13,mask_ridge,87.256,103.01980392156864,85.16151626257556,-2.09448373742444,20,persistent,102Ah_45degC_0p5C_cell3,0,0
102Ah_45degC_0p5C_cell3,13,within_cell_ratio_ridge,87.256,103.01980392156864,85.16151626257556,-2.09448373742444,20,persistent,102Ah_45degC_0p5C_cell3,0,0
102Ah_45degC_0p5C_cell3,13,rbf_residual,87.256,103.01980392156864,84.43232689144386,-2.823673108556136,20,persistent,102Ah_45degC_0p5C_cell3,0,0
102Ah_45degC_0p5C_cell3,14,anchor_constant,86.448,103.01980392156864,103.01980392156864,16.571803921568645,20,persistent,102Ah_45degC_0p5C_cell3,0,0
102Ah_45degC_0p5C_cell3,14,age_ridge,86.448,103.01980392156864,84.62391574190111,-1.8240842580988783,20,persistent,102Ah_45degC_0p5C_cell3,0,0
102Ah_45degC_0p5C_cell3,14,fixed_window_ridge,86.448,103.01980392156864,84.62391574190111,-1.8240842580988783,20,persistent,102Ah_45degC_0p5C_cell3,0,0
102Ah_45degC_0p5C_cell3,14,mask_ridge,86.448,103.01980392156864,84.62391574190111,-1.8240842580988783,20,persistent,102Ah_45degC_0p5C_cell3,0,0
102Ah_45degC_0p5C_cell3,14,within_cell_ratio_ridge,86.448,103.01980392156864,84.62391574190111,-1.8240842580988783,20,persistent,102Ah_45degC_0p5C_cell3,0,0
102Ah_45degC_0p5C_cell3,14,rbf_residual,86.448,103.01980392156864,83.80608868434977,-2.641911315650219,20,persistent,102Ah_45degC_0p5C_cell3,0,0
102Ah_45degC_0p5C_cell3,15,anchor_constant,85.454,103.01980392156864,103.01980392156864,17.565803921568644,20,persistent,102Ah_45degC_0p5C_cell3,0,0
102Ah_45degC_0p5C_cell3,15,age_ridge,85.454,103.01980392156864,84.09500819063693,-1.3589918093630615,20,persistent,102Ah_45degC_0p5C_cell3,0,0
102Ah_45degC_0p5C_cell3,15,fixed_window_ridge,85.454,103.01980392156864,84.09500819063693,-1.3589918093630615,20,persistent,102Ah_45degC_0p5C_cell3,0,0
102Ah_45degC_0p5C_cell3,15,mask_ridge,85.454,103.01980392156864,84.09500819063693,-1.3589918093630615,20,persistent,102Ah_45degC_0p5C_cell3,0,0
102Ah_45degC_0p5C_cell3,15,within_cell_ratio_ridge,85.454,103.01980392156864,84.09500819063693,-1.3589918093630615,20,persistent,102Ah_45degC_0p5C_cell3,0,0
102Ah_45degC_0p5C_cell3,15,rbf_residual,85.454,103.01980392156864,83.19845057882691,-2.255549421173086,20,persistent,102Ah_45degC_0p5C_cell3,0,0
102Ah_45degC_0p5C_cell3,16,anchor_constant,84.767,103.01980392156864,103.01980392156864,18.252803921568642,20,persistent,102Ah_45degC_0p5C_cell3,0,0
102Ah_45degC_0p5C_cell3,16,age_ridge,84.767,103.01980392156864,83.4592350870737,-1.3077649129263023,20,persistent,102Ah_45degC_0p5C_cell3,0,0
102Ah_45degC_0p5C_cell3,16,fixed_window_ridge,84.767,103.01980392156864,83.4592350870737,-1.3077649129263023,20,persistent,102Ah_45degC_0p5C_cell3,0,0
102Ah_45degC_0p5C_cell3,16,mask_ridge,84.767,103.01980392156864,83.4592350870737,-1.3077649129263023,20,persistent,102Ah_45degC_0p5C_cell3,0,0
102Ah_45degC_0p5C_cell3,16,within_cell_ratio_ridge,84.767,103.01980392156864,83.4592350870737,-1.3077649129263023,20,persistent,102Ah_45degC_0p5C_cell3,0,0
102Ah_45degC_0p5C_cell3,16,rbf_residual,84.767,103.01980392156864,82.47728969411058,-2.2897103058894146,20,persistent,102Ah_45degC_0p5C_cell3,0,0
102Ah_45degC_0p5C_cell3,17,anchor_constant,83.861,103.01980392156864,103.01980392156864,19.158803921568634,20,persistent,102Ah_45degC_0p5C_cell3,0,0
102Ah_45degC_0p5C_cell3,17,age_ridge,83.861,103.01980392156864,82.90536200385404,-0.9556379961459669,20,persistent,102Ah_45degC_0p5C_cell3,0,0
102Ah_45degC_0p5C_cell3,17,fixed_window_ridge,83.861,103.01980392156864,82.90536200385404,-0.9556379961459669,20,persistent,102Ah_45degC_0p5C_cell3,0,0
102Ah_45degC_0p5C_cell3,17,mask_ridge,83.861,103.01980392156864,82.90536200385404,-0.9556379961459669,20,persistent,102Ah_45degC_0p5C_cell3,0,0
102Ah_45degC_0p5C_cell3,17,within_cell_ratio_ridge,83.861,103.01980392156864,82.90536200385404,-0.9556379961459669,20,persistent,102Ah_45degC_0p5C_cell3,0,0
102Ah_45degC_0p5C_cell3,17,rbf_residual,83.861,103.01980392156864,81.84554409642871,-2.0154559035712936,20,persistent,102Ah_45degC_0p5C_cell3,0,0
102Ah_45degC_0p5C_cell3,18,anchor_constant,82.921,103.01980392156864,103.01980392156864,20.09880392156863,20,persistent,102Ah_45degC_0p5C_cell3,0,0
102Ah_45degC_0p5C_cell3,18,age_ridge,82.921,103.01980392156864,82.40289849243155,-0.5181015075684599,20,persistent,102Ah_45degC_0p5C_cell3,0,0
102Ah_45degC_0p5C_cell3,18,fixed_window_ridge,82.921,103.01980392156864,82.40289849243155,-0.5181015075684599,20,persistent,102Ah_45degC_0p5C_cell3,0,0
102Ah_45degC_0p5C_cell3,18,mask_ridge,82.921,103.01980392156864,82.40289849243155,-0.5181015075684599,20,persistent,102Ah_45degC_0p5C_cell3,0,0
102Ah_45degC_0p5C_cell3,18,within_cell_ratio_ridge,82.921,103.01980392156864,82.40289849243155,-0.5181015075684599,20,persistent,102Ah_45degC_0p5C_cell3,0,0
102Ah_45degC_0p5C_cell3,18,rbf_residual,82.921,103.01980392156864,81.2660970912356,-1.654902908764413,20,persistent,102Ah_45degC_0p5C_cell3,0,0
102Ah_45degC_0p5C_cell3,19,anchor_constant,81.859,103.01980392156864,103.01980392156864,21.160803921568643,20,persistent,102Ah_45degC_0p5C_cell3,0,0
102Ah_45degC_0p5C_cell3,19,age_ridge,81.859,103.01980392156864,81.90708931097001,0.048089310970013344,20,persistent,102Ah_45degC_0p5C_cell3,0,0
102Ah_45degC_0p5C_cell3,19,fixed_window_ridge,81.859,103.01980392156864,81.90708931097001,0.048089310970013344,20,persistent,102Ah_45degC_0p5C_cell3,0,0
102Ah_45degC_0p5C_cell3,19,mask_ridge,81.859,103.01980392156864,81.90708931097001,0.048089310970013344,20,persistent,102Ah_45degC_0p5C_cell3,0,0
102Ah_45degC_0p5C_cell3,19,within_cell_ratio_ridge,81.859,103.01980392156864,81.90708931097001,0.048089310970013344,20,persistent,102Ah_45degC_0p5C_cell3,0,0
102Ah_45degC_0p5C_cell3,19,rbf_residual,81.859,103.01980392156864,80.69614584077692,-1.1628541592230732,20,persistent,102Ah_45degC_0p5C_cell3,0,0
102Ah_45degC_0p5C_cell3,20,anchor_constant,80.568,103.01980392156864,103.01980392156864,22.45180392156864,20,persistent,102Ah_45degC_0p5C_cell3,0,0
102Ah_45degC_0p5C_cell3,20,age_ridge,80.568,103.01980392156864,81.29382089334312,0.7258208933431263,20,persistent,102Ah_45degC_0p5C_cell3,0,0
102Ah_45degC_0p5C_cell3,20,fixed_window_ridge,80.568,103.01980392156864,81.29382089334312,0.7258208933431263,20,persistent,102Ah_45degC_0p5C_cell3,0,0
102Ah_45degC_0p5C_cell3,20,mask_ridge,80.568,103.01980392156864,81.29382089334312,0.7258208933431263,20,persistent,102Ah_45degC_0p5C_cell3,0,0
102Ah_45degC_0p5C_cell3,20,within_cell_ratio_ridge,80.568,103.01980392156864,81.29382089334312,0.7258208933431263,20,persistent,102Ah_45degC_0p5C_cell3,0,0
102Ah_45degC_0p5C_cell3,20,rbf_residual,80.568,103.01980392156864,80.01743939263693,-0.5505606073630673,20,persistent,102Ah_45degC_0p5C_cell3,0,0
102Ah_45degC_0p5C_cell3,21,anchor_constant,78.862,103.01980392156864,103.01980392156864,24.157803921568643,20,persistent,102Ah_45degC_0p5C_cell3,0,0
102Ah_45degC_0p5C_cell3,21,age_ridge,78.862,103.01980392156864,80.6447894800338,1.7827894800337987,20,persistent,102Ah_45degC_0p5C_cell3,0,0
102Ah_45degC_0p5C_cell3,21,fixed_window_ridge,78.862,103.01980392156864,80.6447894800338,1.7827894800337987,20,persistent,102Ah_45degC_0p5C_cell3,0,0
102Ah_45degC_0p5C_cell3,21,mask_ridge,78.862,103.01980392156864,80.6447894800338,1.7827894800337987,20,persistent,102Ah_45degC_0p5C_cell3,0,0
102Ah_45degC_0p5C_cell3,21,within_cell_ratio_ridge,78.862,103.01980392156864,80.6447894800338,1.7827894800337987,20,persistent,102Ah_45degC_0p5C_cell3,0,0
102Ah_45degC_0p5C_cell3,21,rbf_residual,78.862,103.01980392156864,79.31182616005705,0.4498261600570572,20,persistent,102Ah_45degC_0p5C_cell3,0,0
102Ah_45degC_0p5C_cell3,22,anchor_constant,77.351,103.01980392156864,103.01980392156864,25.66880392156864,20,persistent,102Ah_45degC_0p5C_cell3,0,0
102Ah_45degC_0p5C_cell3,22,age_ridge,77.351,103.01980392156864,80.16851175113155,2.8175117511315477,20,persistent,102Ah_45degC_0p5C_cell3,0,0
102Ah_45degC_0p5C_cell3,22,fixed_window_ridge,77.351,103.01980392156864,80.16851175113155,2.8175117511315477,20,persistent,102Ah_45degC_0p5C_cell3,0,0
102Ah_45degC_0p5C_cell3,22,mask_ridge,77.351,103.01980392156864,80.16851175113155,2.8175117511315477,20,persistent,102Ah_45degC_0p5C_cell3,0,0
102Ah_45degC_0p5C_cell3,22,within_cell_ratio_ridge,77.351,103.01980392156864,80.16851175113155,2.8175117511315477,20,persistent,102Ah_45degC_0p5C_cell3,0,0
102Ah_45degC_0p5C_cell3,22,rbf_residual,77.351,103.01980392156864,78.76552553262114,1.4145255326211412,20,persistent,102Ah_45degC_0p5C_cell3,0,0
102Ah_45degC_0p5C_cell3,23,anchor_constant,75.585,103.01980392156864,103.01980392156864,27.434803921568644,20,persistent,102Ah_45degC_0p5C_cell3,0,0
102Ah_45degC_0p5C_cell3,23,age_ridge,75.585,103.01980392156864,79.61593823107555,4.030938231075552,20,persistent,102Ah_45degC_0p5C_cell3,0,0
102Ah_45degC_0p5C_cell3,23,fixed_window_ridge,75.585,103.01980392156864,79.61593823107555,4.030938231075552,20,persistent,102Ah_45degC_0p5C_cell3,0,0
102Ah_45degC_0p5C_cell3,23,mask_ridge,75.585,103.01980392156864,79.61593823107555,4.030938231075552,20,persistent,102Ah_45degC_0p5C_cell3,0,0
102Ah_45degC_0p5C_cell3,23,within_cell_ratio_ridge,75.585,103.01980392156864,79.61593823107555,4.030938231075552,20,persistent,102Ah_45degC_0p5C_cell3,0,0
102Ah_45degC_0p5C_cell3,23,rbf_residual,75.585,103.01980392156864,78.15056974967783,2.5655697496778345,20,persistent,102Ah_45degC_0p5C_cell3,0,0
102Ah_45degC_0p5C_cell3,24,anchor_constant,73.377,103.01980392156864,103.01980392156864,29.642803921568643,20,persistent,102Ah_45degC_0p5C_cell3,0,0
102Ah_45degC_0p5C_cell3,24,age_ridge,73.377,103.01980392156864,78.83659757889284,5.45959757889284,20,persistent,102Ah_45degC_0p5C_cell3,0,0
102Ah_45degC_0p5C_cell3,24,fixed_window_ridge,73.377,103.01980392156864,78.83659757889284,5.45959757889284,20,persistent,102Ah_45degC_0p5C_cell3,0,0
102Ah_45degC_0p5C_cell3,24,mask_ridge,73.377,103.01980392156864,78.83659757889284,5.45959757889284,20,persistent,102Ah_45degC_0p5C_cell3,0,0
102Ah_45degC_0p5C_cell3,24,within_cell_ratio_ridge,73.377,103.01980392156864,78.83659757889284,5.45959757889284,20,persistent,102Ah_45degC_0p5C_cell3,0,0
102Ah_45degC_0p5C_cell3,24,rbf_residual,73.377,103.01980392156864,77.33346982526025,3.956469825260257,20,persistent,102Ah_45degC_0p5C_cell3,0,0
102Ah_45degC_0p5C_cell3,25,anchor_constant,71.212,103.01980392156864,103.01980392156864,31.807803921568635,20,persistent,102Ah_45degC_0p5C_cell3,0,0
102Ah_45degC_0p5C_cell3,25,age_ridge,71.212,103.01980392156864,78.3454433194015,7.1334433194014935,20,persistent,102Ah_45degC_0p5C_cell3,0,0
102Ah_45degC_0p5C_cell3,25,fixed_window_ridge,71.212,103.01980392156864,78.3454433194015,7.1334433194014935,20,persistent,102Ah_45degC_0p5C_cell3,0,0
102Ah_45degC_0p5C_cell3,25,mask_ridge,71.212,103.01980392156864,78.3454433194015,7.1334433194014935,20,persistent,102Ah_45degC_0p5C_cell3,0,0
102Ah_45degC_0p5C_cell3,25,within_cell_ratio_ridge,71.212,103.01980392156864,78.3454433194015,7.1334433194014935,20,persistent,102Ah_45degC_0p5C_cell3,0,0
102Ah_45degC_0p5C_cell3,25,rbf_residual,71.212,103.01980392156864,76.77972684595915,5.567726845959143,20,persistent,102Ah_45degC_0p5C_cell3,0,0
102Ah_45degC_0p5C_cell3,26,anchor_constant,68.96,103.01980392156864,103.01980392156864,34.059803921568644,20,persistent,102Ah_45degC_0p5C_cell3,0,0
102Ah_45degC_0p5C_cell3,26,age_ridge,68.96,103.01980392156864,77.90125095259555,8.941250952595553,20,persistent,102Ah_45degC_0p5C_cell3,0,0
102Ah_45degC_0p5C_cell3,26,fixed_window_ridge,68.96,103.01980392156864,77.90125095259555,8.941250952595553,20,persistent,102Ah_45degC_0p5C_cell3,0,0
102Ah_45degC_0p5C_cell3,26,mask_ridge,68.96,103.01980392156864,77.90125095259555,8.941250952595553,20,persistent,102Ah_45degC_0p5C_cell3,0,0
102Ah_45degC_0p5C_cell3,26,within_cell_ratio_ridge,68.96,103.01980392156864,77.90125095259555,8.941250952595553,20,persistent,102Ah_45degC_0p5C_cell3,0,0
102Ah_45degC_0p5C_cell3,26,rbf_residual,68.96,103.01980392156864,76.2691466959862,7.3091466959862,20,persistent,102Ah_45degC_0p5C_cell3,0,0
102Ah_45degC_0p5C_cell3,27,anchor_constant,66.665,103.01980392156864,103.01980392156864,36.35480392156863,20,persistent,102Ah_45degC_0p5C_cell3,0,0
102Ah_45degC_0p5C_cell3,27,age_ridge,66.665,103.01980392156864,77.46090731825906,10.795907318259054,20,persistent,102Ah_45degC_0p5C_cell3,0,0
102Ah_45degC_0p5C_cell3,27,fixed_window_ridge,66.665,103.01980392156864,77.46090731825907,10.795907318259069,20,persistent,102Ah_45degC_0p5C_cell3,0,0
102Ah_45degC_0p5C_cell3,27,mask_ridge,66.665,103.01980392156864,77.46090731825907,10.795907318259069,20,persistent,102Ah_45degC_0p5C_cell3,0,0
102Ah_45degC_0p5C_cell3,27,within_cell_ratio_ridge,66.665,103.01980392156864,77.46090731825907,10.795907318259069,20,persistent,102Ah_45degC_0p5C_cell3,0,0
102Ah_45degC_0p5C_cell3,27,rbf_residual,66.665,103.01980392156864,75.76186250020433,9.096862500204324,20,persistent,102Ah_45degC_0p5C_cell3,0,0
102Ah_45degC_0p5C_cell3,28,anchor_constant,64.205,103.01980392156864,103.01980392156864,38.81480392156864,20,persistent,102Ah_45degC_0p5C_cell3,0,0
102Ah_45degC_0p5C_cell3,28,age_ridge,64.205,103.01980392156864,76.92393497230003,12.718934972300033,20,persistent,102Ah_45degC_0p5C_cell3,0,0
102Ah_45degC_0p5C_cell3,28,fixed_window_ridge,64.205,103.01980392156864,76.92393497230003,12.718934972300033,20,persistent,102Ah_45degC_0p5C_cell3,0,0
102Ah_45degC_0p5C_cell3,28,mask_ridge,64.205,103.01980392156864,76.92393497230003,12.718934972300033,20,persistent,102Ah_45degC_0p5C_cell3,0,0
102Ah_45degC_0p5C_cell3,28,within_cell_ratio_ridge,64.205,103.01980392156864,76.92393497230003,12.718934972300033,20,persistent,102Ah_45degC_0p5C_cell3,0,0
102Ah_45degC_0p5C_cell3,28,rbf_residual,64.205,103.01980392156864,75.20041968847082,10.995419688470818,20,persistent,102Ah_45degC_0p5C_cell3,0,0
102Ah_45degC_0p5C_cell3,29,anchor_constant,63.18,103.01980392156864,103.01980392156864,39.83980392156864,20,persistent,102Ah_45degC_0p5C_cell3,0,0
102Ah_45degC_0p5C_cell3,29,age_ridge,63.18,103.01980392156864,76.86863707077936,13.688637070779357,20,persistent,102Ah_45degC_0p5C_cell3,0,0
102Ah_45degC_0p5C_cell3,29,fixed_window_ridge,63.18,103.01980392156864,76.86863707077936,13.688637070779357,20,persistent,102Ah_45degC_0p5C_cell3,0,0
102Ah_45degC_0p5C_cell3,29,mask_ridge,63.18,103.01980392156864,76.86863707077936,13.688637070779357,20,persistent,102Ah_45degC_0p5C_cell3,0,0
102Ah_45degC_0p5C_cell3,29,within_cell_ratio_ridge,63.18,103.01980392156864,76.86863707077936,13.688637070779357,20,persistent,102Ah_45degC_0p5C_cell3,0,0
102Ah_45degC_0p5C_cell3,29,rbf_residual,63.18,103.01980392156864,75.48209815865798,12.302098158657977,20,persistent,102Ah_45degC_0p5C_cell3,0,0
102Ah_45degC_0p5C_cell3,30,anchor_constant,61.901,103.01980392156864,103.01980392156864,41.118803921568635,20,persistent,102Ah_45degC_0p5C_cell3,0,0
102Ah_45degC_0p5C_cell3,30,age_ridge,61.901,103.01980392156864,76.61241530391855,14.71141530391855,20,persistent,102Ah_45degC_0p5C_cell3,0,0
102Ah_45degC_0p5C_cell3,30,fixed_window_ridge,61.901,103.01980392156864,76.61241530391855,14.71141530391855,20,persistent,102Ah_45degC_0p5C_cell3,0,0
102Ah_45degC_0p5C_cell3,30,mask_ridge,61.901,103.01980392156864,76.61241530391855,14.71141530391855,20,persistent,102Ah_45degC_0p5C_cell3,0,0
102Ah_45degC_0p5C_cell3,30,within_cell_ratio_ridge,61.901,103.01980392156864,76.61241530391855,14.71141530391855,20,persistent,102Ah_45degC_0p5C_cell3,0,0
102Ah_45degC_0p5C_cell3,30,rbf_residual,61.901,103.01980392156864,74.87104068516172,12.970040685161713,20,persistent,102Ah_45degC_0p5C_cell3,0,0
102Ah_45degC_1C_cell1,1,anchor_constant,98.462,102.61176470588235,102.61176470588235,4.1497647058823475,20,persistent,102Ah_45degC_1C_cell1,0,0
102Ah_45degC_1C_cell1,1,age_ridge,98.462,102.61176470588235,98.21916577962472,-0.24283422037528624,20,persistent,102Ah_45degC_1C_cell1,0,0
102Ah_45degC_1C_cell1,1,fixed_window_ridge,98.462,102.61176470588235,98.21916577962472,-0.24283422037528624,20,persistent,102Ah_45degC_1C_cell1,0,0
102Ah_45degC_1C_cell1,1,mask_ridge,98.462,102.61176470588235,98.21916577962472,-0.24283422037528624,20,persistent,102Ah_45degC_1C_cell1,0,0
102Ah_45degC_1C_cell1,1,within_cell_ratio_ridge,98.462,102.61176470588235,98.21916577962472,-0.24283422037528624,20,persistent,102Ah_45degC_1C_cell1,0,0
102Ah_45degC_1C_cell1,1,rbf_residual,98.462,102.61176470588235,99.47113518675619,1.0091351867561826,20,persistent,102Ah_45degC_1C_cell1,0,0
102Ah_45degC_1C_cell1,2,anchor_constant,97.488,102.61176470588235,102.61176470588235,5.123764705882351,20,persistent,102Ah_45degC_1C_cell1,0,0
102Ah_45degC_1C_cell1,2,age_ridge,97.488,102.61176470588235,97.16813937429384,-0.3198606257061556,20,persistent,102Ah_45degC_1C_cell1,0,0
102Ah_45degC_1C_cell1,2,fixed_window_ridge,97.488,102.61176470588235,97.16813937429384,-0.3198606257061556,20,persistent,102Ah_45degC_1C_cell1,0,0
102Ah_45degC_1C_cell1,2,mask_ridge,97.488,102.61176470588235,97.16813937429384,-0.3198606257061556,20,persistent,102Ah_45degC_1C_cell1,0,0
102Ah_45degC_1C_cell1,2,within_cell_ratio_ridge,97.488,102.61176470588235,97.16813937429384,-0.3198606257061556,20,persistent,102Ah_45degC_1C_cell1,0,0
102Ah_45degC_1C_cell1,2,rbf_residual,97.488,102.61176470588235,98.61060951282056,1.12260951282056,20,persistent,102Ah_45degC_1C_cell1,0,0
102Ah_45degC_1C_cell1,3,anchor_constant,96.668,102.61176470588235,102.61176470588235,5.943764705882344,20,persistent,102Ah_45degC_1C_cell1,0,0
102Ah_45degC_1C_cell1,3,age_ridge,96.668,102.61176470588235,96.3736336338372,-0.2943663661628051,20,persistent,102Ah_45degC_1C_cell1,0,0
102Ah_45degC_1C_cell1,3,fixed_window_ridge,96.668,102.61176470588235,96.3736336338372,-0.2943663661628051,20,persistent,102Ah_45degC_1C_cell1,0,0
102Ah_45degC_1C_cell1,3,mask_ridge,96.668,102.61176470588235,96.3736336338372,-0.2943663661628051,20,persistent,102Ah_45degC_1C_cell1,0,0
102Ah_45degC_1C_cell1,3,within_cell_ratio_ridge,96.668,102.61176470588235,96.3736336338372,-0.2943663661628051,20,persistent,102Ah_45degC_1C_cell1,0,0
102Ah_45degC_1C_cell1,3,rbf_residual,96.668,102.61176470588235,97.95283155178642,1.2848315517864108,20,persistent,102Ah_45degC_1C_cell1,0,0
102Ah_45degC_1C_cell1,4,anchor_constant,96.07,102.61176470588235,102.61176470588235,6.541764705882358,20,persistent,102Ah_45degC_1C_cell1,0,0
102Ah_45degC_1C_cell1,4,age_ridge,96.07,102.61176470588235,95.70690903325523,-0.36309096674476393,20,persistent,102Ah_45degC_1C_cell1,0,0
102Ah_45degC_1C_cell1,4,fixed_window_ridge,96.07,102.61176470588235,95.70690903325523,-0.36309096674476393,20,persistent,102Ah_45degC_1C_cell1,0,0
102Ah_45degC_1C_cell1,4,mask_ridge,96.07,102.61176470588235,95.70690903325523,-0.36309096674476393,20,persistent,102Ah_45degC_1C_cell1,0,0
102Ah_45degC_1C_cell1,4,within_cell_ratio_ridge,96.07,102.61176470588235,95.70690903325523,-0.36309096674476393,20,persistent,102Ah_45degC_1C_cell1,0,0
102Ah_45degC_1C_cell1,4,rbf_residual,96.07,102.61176470588235,97.369490369582,1.2994903695820028,20,persistent,102Ah_45degC_1C_cell1,0,0
102Ah_45degC_1C_cell1,5,anchor_constant,95.532,102.61176470588235,102.61176470588235,7.079764705882354,20,persistent,102Ah_45degC_1C_cell1,0,0
102Ah_45degC_1C_cell1,5,age_ridge,95.532,102.61176470588235,95.0330950551144,-0.4989049448855951,20,persistent,102Ah_45degC_1C_cell1,0,0
102Ah_45degC_1C_cell1,5,fixed_window_ridge,95.532,102.61176470588235,95.0330950551144,-0.4989049448855951,20,persistent,102Ah_45degC_1C_cell1,0,0
102Ah_45degC_1C_cell1,5,mask_ridge,95.532,102.61176470588235,95.0330950551144,-0.4989049448855951,20,persistent,102Ah_45degC_1C_cell1,0,0
102Ah_45degC_1C_cell1,5,within_cell_ratio_ridge,95.532,102.61176470588235,95.0330950551144,-0.4989049448855951,20,persistent,102Ah_45degC_1C_cell1,0,0
102Ah_45degC_1C_cell1,5,rbf_residual,95.532,102.61176470588235,96.74097860589588,1.2089786058958794,20,persistent,102Ah_45degC_1C_cell1,0,0
102Ah_45degC_1C_cell1,6,anchor_constant,95.047,102.61176470588235,102.61176470588235,7.564764705882354,20,persistent,102Ah_45degC_1C_cell1,0,0
102Ah_45degC_1C_cell1,6,age_ridge,95.047,102.61176470588235,94.51512422484439,-0.531875775155612,20,persistent,102Ah_45degC_1C_cell1,0,0
102Ah_45degC_1C_cell1,6,fixed_window_ridge,95.047,102.61176470588235,94.51512422484439,-0.531875775155612,20,persistent,102Ah_45degC_1C_cell1,0,0
102Ah_45degC_1C_cell1,6,mask_ridge,95.047,102.61176470588235,94.51512422484439,-0.531875775155612,20,persistent,102Ah_45degC_1C_cell1,0,0
102Ah_45degC_1C_cell1,6,within_cell_ratio_ridge,95.047,102.61176470588235,94.51512422484439,-0.531875775155612,20,persistent,102Ah_45degC_1C_cell1,0,0
102Ah_45degC_1C_cell1,6,rbf_residual,95.047,102.61176470588235,96.1938621845247,1.1468621845247071,20,persistent,102Ah_45degC_1C_cell1,0,0
102Ah_45degC_1C_cell1,7,anchor_constant,94.61,102.61176470588235,102.61176470588235,8.001764705882351,20,persistent,102Ah_45degC_1C_cell1,0,0
102Ah_45degC_1C_cell1,7,age_ridge,94.61,102.61176470588235,93.99674305872271,-0.6132569412772853,20,persistent,102Ah_45degC_1C_cell1,0,0
102Ah_45degC_1C_cell1,7,fixed_window_ridge,94.61,102.61176470588235,93.99674305872271,-0.6132569412772853,20,persistent,102Ah_45degC_1C_cell1,0,0
102Ah_45degC_1C_cell1,7,mask_ridge,94.61,102.61176470588235,93.99674305872271,-0.6132569412772853,20,persistent,102Ah_45degC_1C_cell1,0,0
102Ah_45degC_1C_cell1,7,within_cell_ratio_ridge,94.61,102.61176470588235,93.99674305872271,-0.6132569412772853,20,persistent,102Ah_45degC_1C_cell1,0,0
102Ah_45degC_1C_cell1,7,rbf_residual,94.61,102.61176470588235,95.60067892909966,0.9906789290996585,20,persistent,102Ah_45degC_1C_cell1,0,0
102Ah_45degC_1C_cell1,8,anchor_constant,94.15,102.61176470588235,102.61176470588235,8.461764705882345,20,persistent,102Ah_45degC_1C_cell1,0,0
102Ah_45degC_1C_cell1,8,age_ridge,94.15,102.61176470588235,93.53790245530509,-0.6120975446949188,20,persistent,102Ah_45degC_1C_cell1,0,0
102Ah_45degC_1C_cell1,8,fixed_window_ridge,94.15,102.61176470588235,93.53790245530509,-0.6120975446949188,20,persistent,102Ah_45degC_1C_cell1,0,0
102Ah_45degC_1C_cell1,8,mask_ridge,94.15,102.61176470588235,93.53790245530509,-0.6120975446949188,20,persistent,102Ah_45degC_1C_cell1,0,0
102Ah_45degC_1C_cell1,8,within_cell_ratio_ridge,94.15,102.61176470588235,93.53790245530509,-0.6120975446949188,20,persistent,102Ah_45degC_1C_cell1,0,0
102Ah_45degC_1C_cell1,8,rbf_residual,94.15,102.61176470588235,95.01965666153865,0.8696566615386416,20,persistent,102Ah_45degC_1C_cell1,0,0
102Ah_45degC_1C_cell1,9,anchor_constant,93.732,102.61176470588235,102.61176470588235,8.879764705882351,20,persistent,102Ah_45degC_1C_cell1,0,0
102Ah_45degC_1C_cell1,9,age_ridge,93.732,102.61176470588235,93.11039705337191,-0.6216029466280872,20,persistent,102Ah_45degC_1C_cell1,0,0
102Ah_45degC_1C_cell1,9,fixed_window_ridge,93.732,102.61176470588235,93.11039705337191,-0.6216029466280872,20,persistent,102Ah_45degC_1C_cell1,0,0
102Ah_45degC_1C_cell1,9,mask_ridge,93.732,102.61176470588235,93.11039705337191,-0.6216029466280872,20,persistent,102Ah_45degC_1C_cell1,0,0
102Ah_45degC_1C_cell1,9,within_cell_ratio_ridge,93.732,102.61176470588235,93.11039705337191,-0.6216029466280872,20,persistent,102Ah_45degC_1C_cell1,0,0
102Ah_45degC_1C_cell1,9,rbf_residual,93.732,102.61176470588235,94.4348613077495,0.702861307749501,20,persistent,102Ah_45degC_1C_cell1,0,0
102Ah_45degC_1C_cell1,10,anchor_constant,93.34,102.61176470588235,102.61176470588235,9.271764705882347,20,persistent,102Ah_45degC_1C_cell1,0,0
102Ah_45degC_1C_cell1,10,age_ridge,93.34,102.61176470588235,92.7107492920158,-0.6292507079841982,20,persistent,102Ah_45degC_1C_cell1,0,0
102Ah_45degC_1C_cell1,10,fixed_window_ridge,93.34,102.61176470588235,92.7107492920158,-0.6292507079841982,20,persistent,102Ah_45degC_1C_cell1,0,0
102Ah_45degC_1C_cell1,10,mask_ridge,93.34,102.61176470588235,92.7107492920158,-0.6292507079841982,20,persistent,102Ah_45degC_1C_cell1,0,0
102Ah_45degC_1C_cell1,10,within_cell_ratio_ridge,93.34,102.61176470588235,92.7107492920158,-0.6292507079841982,20,persistent,102Ah_45degC_1C_cell1,0,0
102Ah_45degC_1C_cell1,10,rbf_residual,93.34,102.61176470588235,93.84887669661954,0.5088766966195379,20,persistent,102Ah_45degC_1C_cell1,0,0
102Ah_45degC_1C_cell1,11,anchor_constant,92.94,102.61176470588235,102.61176470588235,9.671764705882353,20,persistent,102Ah_45degC_1C_cell1,0,0
102Ah_45degC_1C_cell1,11,age_ridge,92.94,102.61176470588235,92.31323041444506,-0.6267695855549391,20,persistent,102Ah_45degC_1C_cell1,0,0
102Ah_45degC_1C_cell1,11,fixed_window_ridge,92.94,102.61176470588235,92.31323041444506,-0.6267695855549391,20,persistent,102Ah_45degC_1C_cell1,0,0
102Ah_45degC_1C_cell1,11,mask_ridge,92.94,102.61176470588235,92.31323041444506,-0.6267695855549391,20,persistent,102Ah_45degC_1C_cell1,0,0
102Ah_45degC_1C_cell1,11,within_cell_ratio_ridge,92.94,102.61176470588235,92.31323041444506,-0.6267695855549391,20,persistent,102Ah_45degC_1C_cell1,0,0
102Ah_45degC_1C_cell1,11,rbf_residual,92.94,102.61176470588235,93.23704603535518,0.29704603535518004,20,persistent,102Ah_45degC_1C_cell1,0,0
102Ah_45degC_1C_cell1,12,anchor_constant,92.564,102.61176470588235,102.61176470588235,10.047764705882358,20,persistent,102Ah_45degC_1C_cell1,0,0
102Ah_45degC_1C_cell1,12,age_ridge,92.564,102.61176470588235,91.94411467106865,-0.6198853289313462,20,persistent,102Ah_45degC_1C_cell1,0,0
102Ah_45degC_1C_cell1,12,fixed_window_ridge,92.564,102.61176470588235,91.94411467106865,-0.6198853289313462,20,persistent,102Ah_45degC_1C_cell1,0,0
102Ah_45degC_1C_cell1,12,mask_ridge,92.564,102.61176470588235,91.94411467106865,-0.6198853289313462,20,persistent,102Ah_45degC_1C_cell1,0,0
102Ah_45degC_1C_cell1,12,within_cell_ratio_ridge,92.564,102.61176470588235,91.94411467106865,-0.6198853289313462,20,persistent,102Ah_45degC_1C_cell1,0,0
102Ah_45degC_1C_cell1,12,rbf_residual,92.564,102.61176470588235,92.63857517082262,0.07457517082262655,20,persistent,102Ah_45degC_1C_cell1,0,0
102Ah_45degC_1C_cell1,13,anchor_constant,92.197,102.61176470588235,102.61176470588235,10.414764705882348,20,persistent,102Ah_45degC_1C_cell1,0,0
102Ah_45degC_1C_cell1,13,age_ridge,92.197,102.61176470588235,91.58349446804601,-0.6135055319539902,20,persistent,102Ah_45degC_1C_cell1,0,0
102Ah_45degC_1C_cell1,13,fixed_window_ridge,92.197,102.61176470588235,91.58349446804601,-0.6135055319539902,20,persistent,102Ah_45degC_1C_cell1,0,0
102Ah_45degC_1C_cell1,13,mask_ridge,92.197,102.61176470588235,91.58349446804601,-0.6135055319539902,20,persistent,102Ah_45degC_1C_cell1,0,0
102Ah_45degC_1C_cell1,13,within_cell_ratio_ridge,92.197,102.61176470588235,91.58349446804601,-0.6135055319539902,20,persistent,102Ah_45degC_1C_cell1,0,0
102Ah_45degC_1C_cell1,13,rbf_residual,92.197,102.61176470588235,92.03470484919298,-0.16229515080702583,20,persistent,102Ah_45degC_1C_cell1,0,0
102Ah_45degC_1C_cell1,14,anchor_constant,91.821,102.61176470588235,102.61176470588235,10.790764705882353,20,persistent,102Ah_45degC_1C_cell1,0,0
102Ah_45degC_1C_cell1,14,age_ridge,91.821,102.61176470588235,91.20930701944046,-0.611692980559539,20,persistent,102Ah_45degC_1C_cell1,0,0
102Ah_45degC_1C_cell1,14,fixed_window_ridge,91.821,102.61176470588235,91.20930701944046,-0.611692980559539,20,persistent,102Ah_45degC_1C_cell1,0,0
102Ah_45degC_1C_cell1,14,mask_ridge,91.821,102.61176470588235,91.20930701944046,-0.611692980559539,20,persistent,102Ah_45degC_1C_cell1,0,0
102Ah_45degC_1C_cell1,14,within_cell_ratio_ridge,91.821,102.61176470588235,91.20930701944046,-0.611692980559539,20,persistent,102Ah_45degC_1C_cell1,0,0
102Ah_45degC_1C_cell1,14,rbf_residual,91.821,102.61176470588235,91.40081287200071,-0.42018712799928437,20,persistent,102Ah_45degC_1C_cell1,0,0
102Ah_45degC_1C_cell1,15,anchor_constant,91.424,102.61176470588235,102.61176470588235,11.187764705882344,20,persistent,102Ah_45degC_1C_cell1,0,0
102Ah_45degC_1C_cell1,15,age_ridge,91.424,102.61176470588235,90.86037979746801,-0.5636202025319932,20,persistent,102Ah_45degC_1C_cell1,0,0
102Ah_45degC_1C_cell1,15,fixed_window_ridge,91.424,102.61176470588235,90.86037979746801,-0.5636202025319932,20,persistent,102Ah_45degC_1C_cell1,0,0
102Ah_45degC_1C_cell1,15,mask_ridge,91.424,102.61176470588235,90.86037979746801,-0.5636202025319932,20,persistent,102Ah_45degC_1C_cell1,0,0
102Ah_45degC_1C_cell1,15,within_cell_ratio_ridge,91.424,102.61176470588235,90.86037979746801,-0.5636202025319932,20,persistent,102Ah_45degC_1C_cell1,0,0
102Ah_45degC_1C_cell1,15,rbf_residual,91.424,102.61176470588235,90.79603924520643,-0.6279607547935768,20,persistent,102Ah_45degC_1C_cell1,0,0
102Ah_45degC_1C_cell1,16,anchor_constant,90.943,102.61176470588235,102.61176470588235,11.668764705882353,20,persistent,102Ah_45degC_1C_cell1,0,0
102Ah_45degC_1C_cell1,16,age_ridge,90.943,102.61176470588235,90.34647023664377,-0.5965297633562301,20,persistent,102Ah_45degC_1C_cell1,0,0
102Ah_45degC_1C_cell1,16,fixed_window_ridge,90.943,102.61176470588235,90.34647023664377,-0.5965297633562301,20,persistent,102Ah_45degC_1C_cell1,0,0
102Ah_45degC_1C_cell1,16,mask_ridge,90.943,102.61176470588235,90.34647023664377,-0.5965297633562301,20,persistent,102Ah_45degC_1C_cell1,0,0
102Ah_45degC_1C_cell1,16,within_cell_ratio_ridge,90.943,102.61176470588235,90.34647023664377,-0.5965297633562301,20,persistent,102Ah_45degC_1C_cell1,0,0
102Ah_45degC_1C_cell1,16,rbf_residual,90.943,102.61176470588235,89.96403418572883,-0.978965814271163,20,persistent,102Ah_45degC_1C_cell1,0,0
102Ah_45degC_1C_cell1,17,anchor_constant,90.603,102.61176470588235,102.61176470588235,12.008764705882356,20,persistent,102Ah_45degC_1C_cell1,0,0
102Ah_45degC_1C_cell1,17,age_ridge,90.603,102.61176470588235,90.02432137598149,-0.578678624018508,20,persistent,102Ah_45degC_1C_cell1,0,0
102Ah_45degC_1C_cell1,17,fixed_window_ridge,90.603,102.61176470588235,90.02432137598149,-0.578678624018508,20,persistent,102Ah_45degC_1C_cell1,0,0
102Ah_45degC_1C_cell1,17,mask_ridge,90.603,102.61176470588235,90.02432137598149,-0.578678624018508,20,persistent,102Ah_45degC_1C_cell1,0,0
102Ah_45degC_1C_cell1,17,within_cell_ratio_ridge,90.603,102.61176470588235,90.02432137598149,-0.578678624018508,20,persistent,102Ah_45degC_1C_cell1,0,0
102Ah_45degC_1C_cell1,17,rbf_residual,90.603,102.61176470588235,89.4048042705181,-1.1981957294818955,20,persistent,102Ah_45degC_1C_cell1,0,0
102Ah_45degC_1C_cell1,18,anchor_constant,90.278,102.61176470588235,102.61176470588235,12.333764705882345,20,persistent,102Ah_45degC_1C_cell1,0,0
102Ah_45degC_1C_cell1,18,age_ridge,90.278,102.61176470588235,89.70295275071489,-0.5750472492851202,20,persistent,102Ah_45degC_1C_cell1,0,0
102Ah_45degC_1C_cell1,18,fixed_window_ridge,90.278,102.61176470588235,89.70295275071489,-0.5750472492851202,20,persistent,102Ah_45degC_1C_cell1,0,0
102Ah_45degC_1C_cell1,18,mask_ridge,90.278,102.61176470588235,89.70295275071489,-0.5750472492851202,20,persistent,102Ah_45degC_1C_cell1,0,0
102Ah_45degC_1C_cell1,18,within_cell_ratio_ridge,90.278,102.61176470588235,89.70295275071489,-0.5750472492851202,20,persistent,102Ah_45degC_1C_cell1,0,0
102Ah_45degC_1C_cell1,18,rbf_residual,90.278,102.61176470588235,88.86097386544512,-1.417026134554888,20,persistent,102Ah_45degC_1C_cell1,0,0
102Ah_45degC_1C_cell1,19,anchor_constant,89.822,102.61176470588235,102.61176470588235,12.789764705882348,20,persistent,102Ah_45degC_1C_cell1,0,0
102Ah_45degC_1C_cell1,19,age_ridge,89.822,102.61176470588235,89.38992070618355,-0.43207929381645727,20,persistent,102Ah_45degC_1C_cell1,0,0
102Ah_45degC_1C_cell1,19,fixed_window_ridge,89.822,102.61176470588235,89.38992070618355,-0.43207929381645727,20,persistent,102Ah_45degC_1C_cell1,0,0
102Ah_45degC_1C_cell1,19,mask_ridge,89.822,102.61176470588235,89.38992070618355,-0.43207929381645727,20,persistent,102Ah_45degC_1C_cell1,0,0
102Ah_45degC_1C_cell1,19,within_cell_ratio_ridge,89.822,102.61176470588235,89.38992070618355,-0.43207929381645727,20,persistent,102Ah_45degC_1C_cell1,0,0
102Ah_45degC_1C_cell1,19,rbf_residual,89.822,102.61176470588235,88.34469940794925,-1.477300592050753,20,persistent,102Ah_45degC_1C_cell1,0,0
102Ah_45degC_1C_cell1,20,anchor_constant,89.494,102.61176470588235,102.61176470588235,13.117764705882351,20,persistent,102Ah_45degC_1C_cell1,0,0
102Ah_45degC_1C_cell1,20,age_ridge,89.494,102.61176470588235,89.03579571156872,-0.4582042884312756,20,persistent,102Ah_45degC_1C_cell1,0,0
102Ah_45degC_1C_cell1,20,fixed_window_ridge,89.494,102.61176470588235,89.03579571156872,-0.4582042884312756,20,persistent,102Ah_45degC_1C_cell1,0,0
102Ah_45degC_1C_cell1,20,mask_ridge,89.494,102.61176470588235,89.03579571156872,-0.4582042884312756,20,persistent,102Ah_45degC_1C_cell1,0,0
102Ah_45degC_1C_cell1,20,within_cell_ratio_ridge,89.494,102.61176470588235,89.03579571156872,-0.4582042884312756,20,persistent,102Ah_45degC_1C_cell1,0,0
102Ah_45degC_1C_cell1,20,rbf_residual,89.494,102.61176470588235,87.80166612177375,-1.6923338782262505,20,persistent,102Ah_45degC_1C_cell1,0,0
102Ah_45degC_1C_cell1,21,anchor_constant,89.036,102.61176470588235,102.61176470588235,13.57576470588235,20,persistent,102Ah_45degC_1C_cell1,0,0
102Ah_45degC_1C_cell1,21,age_ridge,89.036,102.61176470588235,88.62624117952831,-0.4097588204716942,20,persistent,102Ah_45degC_1C_cell1,0,0
102Ah_45degC_1C_cell1,21,fixed_window_ridge,89.036,102.61176470588235,88.62624117952831,-0.4097588204716942,20,persistent,102Ah_45degC_1C_cell1,0,0
102Ah_45degC_1C_cell1,21,mask_ridge,89.036,102.61176470588235,88.62624117952831,-0.4097588204716942,20,persistent,102Ah_45degC_1C_cell1,0,0
102Ah_45degC_1C_cell1,21,within_cell_ratio_ridge,89.036,102.61176470588235,88.62624117952831,-0.4097588204716942,20,persistent,102Ah_45degC_1C_cell1,0,0
102Ah_45degC_1C_cell1,21,rbf_residual,89.036,102.61176470588235,87.23141464780713,-1.8045853521928734,20,persistent,102Ah_45degC_1C_cell1,0,0
102Ah_45degC_1C_cell1,22,anchor_constant,88.696,102.61176470588235,102.61176470588235,13.915764705882353,20,persistent,102Ah_45degC_1C_cell1,0,0
102Ah_45degC_1C_cell1,22,age_ridge,88.696,102.61176470588235,88.32983981572764,-0.36616018427235986,20,persistent,102Ah_45degC_1C_cell1,0,0
102Ah_45degC_1C_cell1,22,fixed_window_ridge,88.696,102.61176470588235,88.32983981572764,-0.36616018427235986,20,persistent,102Ah_45degC_1C_cell1,0,0
102Ah_45degC_1C_cell1,22,mask_ridge,88.696,102.61176470588235,88.32983981572764,-0.36616018427235986,20,persistent,102Ah_45degC_1C_cell1,0,0
102Ah_45degC_1C_cell1,22,within_cell_ratio_ridge,88.696,102.61176470588235,88.32983981572764,-0.36616018427235986,20,persistent,102Ah_45degC_1C_cell1,0,0
102Ah_45degC_1C_cell1,22,rbf_residual,88.696,102.61176470588235,86.81350262891816,-1.8824973710818398,20,persistent,102Ah_45degC_1C_cell1,0,0
102Ah_45degC_1C_cell1,23,anchor_constant,88.347,102.61176470588235,102.61176470588235,14.264764705882357,20,persistent,102Ah_45degC_1C_cell1,0,0
102Ah_45degC_1C_cell1,23,age_ridge,88.347,102.61176470588235,88.04189811095574,-0.30510188904425206,20,persistent,102Ah_45degC_1C_cell1,0,0
102Ah_45degC_1C_cell1,23,fixed_window_ridge,88.347,102.61176470588235,88.04189811095574,-0.30510188904425206,20,persistent,102Ah_45degC_1C_cell1,0,0
102Ah_45degC_1C_cell1,23,mask_ridge,88.347,102.61176470588235,88.04189811095574,-0.30510188904425206,20,persistent,102Ah_45degC_1C_cell1,0,0
102Ah_45degC_1C_cell1,23,within_cell_ratio_ridge,88.347,102.61176470588235,88.04189811095574,-0.30510188904425206,20,persistent,102Ah_45degC_1C_cell1,0,0
102Ah_45degC_1C_cell1,23,rbf_residual,88.347,102.61176470588235,86.43297436480466,-1.9140256351953298,20,persistent,102Ah_45degC_1C_cell1,0,0
102Ah_45degC_1C_cell1,24,anchor_constant,88.0,102.61176470588235,102.61176470588235,14.61176470588235,20,persistent,102Ah_45degC_1C_cell1,0,0
102Ah_45degC_1C_cell1,24,age_ridge,88.0,102.61176470588235,87.75940917971161,-0.2405908202883893,20,persistent,102Ah_45degC_1C_cell1,0,0
102Ah_45degC_1C_cell1,24,fixed_window_ridge,88.0,102.61176470588235,87.75940917971161,-0.2405908202883893,20,persistent,102Ah_45degC_1C_cell1,0,0
102Ah_45degC_1C_cell1,24,mask_ridge,88.0,102.61176470588235,87.75940917971161,-0.2405908202883893,20,persistent,102Ah_45degC_1C_cell1,0,0
102Ah_45degC_1C_cell1,24,within_cell_ratio_ridge,88.0,102.61176470588235,87.75940917971161,-0.2405908202883893,20,persistent,102Ah_45degC_1C_cell1,0,0
102Ah_45degC_1C_cell1,24,rbf_residual,88.0,102.61176470588235,86.08514024897515,-1.9148597510248493,20,persistent,102Ah_45degC_1C_cell1,0,0
102Ah_45degC_1C_cell1,25,anchor_constant,87.625,102.61176470588235,102.61176470588235,14.98676470588235,20,persistent,102Ah_45degC_1C_cell1,0,0
102Ah_45degC_1C_cell1,25,age_ridge,87.625,102.61176470588235,87.47753420294359,-0.14746579705641238,20,persistent,102Ah_45degC_1C_cell1,0,0
102Ah_45degC_1C_cell1,25,fixed_window_ridge,87.625,102.61176470588235,87.47753420294359,-0.14746579705641238,20,persistent,102Ah_45degC_1C_cell1,0,0
102Ah_45degC_1C_cell1,25,mask_ridge,87.625,102.61176470588235,87.47753420294359,-0.14746579705641238,20,persistent,102Ah_45degC_1C_cell1,0,0
102Ah_45degC_1C_cell1,25,within_cell_ratio_ridge,87.625,102.61176470588235,87.47753420294359,-0.14746579705641238,20,persistent,102Ah_45degC_1C_cell1,0,0
102Ah_45degC_1C_cell1,25,rbf_residual,87.625,102.61176470588235,85.76598535057894,-1.8590146494210558,20,persistent,102Ah_45degC_1C_cell1,0,0
102Ah_45degC_1C_cell1,26,anchor_constant,87.258,102.61176470588235,102.61176470588235,15.353764705882355,20,persistent,102Ah_45degC_1C_cell1,0,0
102Ah_45degC_1C_cell1,26,age_ridge,87.258,102.61176470588235,87.19638176564276,-0.06161823435724045,20,persistent,102Ah_45degC_1C_cell1,0,0
102Ah_45degC_1C_cell1,26,fixed_window_ridge,87.258,102.61176470588235,87.19638176564276,-0.06161823435724045,20,persistent,102Ah_45degC_1C_cell1,0,0
102Ah_45degC_1C_cell1,26,mask_ridge,87.258,102.61176470588235,87.19638176564276,-0.06161823435724045,20,persistent,102Ah_45degC_1C_cell1,0,0
102Ah_45degC_1C_cell1,26,within_cell_ratio_ridge,87.258,102.61176470588235,87.19638176564276,-0.06161823435724045,20,persistent,102Ah_45degC_1C_cell1,0,0
102Ah_45degC_1C_cell1,26,rbf_residual,87.258,102.61176470588235,85.47558968807303,-1.7824103119269665,20,persistent,102Ah_45degC_1C_cell1,0,0
102Ah_45degC_1C_cell1,27,anchor_constant,86.915,102.61176470588235,102.61176470588235,15.696764705882345,20,persistent,102Ah_45degC_1C_cell1,0,0
102Ah_45degC_1C_cell1,27,age_ridge,86.915,102.61176470588235,86.8855222678866,-0.02947773211340632,20,persistent,102Ah_45degC_1C_cell1,0,0
102Ah_45degC_1C_cell1,27,fixed_window_ridge,86.915,102.61176470588235,86.8855222678866,-0.02947773211340632,20,persistent,102Ah_45degC_1C_cell1,0,0
102Ah_45degC_1C_cell1,27,mask_ridge,86.915,102.61176470588235,86.8855222678866,-0.02947773211340632,20,persistent,102Ah_45degC_1C_cell1,0,0
102Ah_45degC_1C_cell1,27,within_cell_ratio_ridge,86.915,102.61176470588235,86.8855222678866,-0.02947773211340632,20,persistent,102Ah_45degC_1C_cell1,0,0
102Ah_45degC_1C_cell1,27,rbf_residual,86.915,102.61176470588235,85.19615947153906,-1.7188405284609445,20,persistent,102Ah_45degC_1C_cell1,0,0
102Ah_45degC_1C_cell1,28,anchor_constant,86.361,102.61176470588235,102.61176470588235,16.250764705882347,20,persistent,102Ah_45degC_1C_cell1,0,0
102Ah_45degC_1C_cell1,28,age_ridge,86.361,102.61176470588235,86.42967669587162,0.06867669587161629,20,persistent,102Ah_45degC_1C_cell1,0,0
102Ah_45degC_1C_cell1,28,fixed_window_ridge,86.361,102.61176470588235,86.42967669587162,0.06867669587161629,20,persistent,102Ah_45degC_1C_cell1,0,0
102Ah_45degC_1C_cell1,28,mask_ridge,86.361,102.61176470588235,86.42967669587162,0.06867669587161629,20,persistent,102Ah_45degC_1C_cell1,0,0
102Ah_45degC_1C_cell1,28,within_cell_ratio_ridge,86.361,102.61176470588235,86.42967669587162,0.06867669587161629,20,persistent,102Ah_45degC_1C_cell1,0,0
102Ah_45degC_1C_cell1,28,rbf_residual,86.361,102.61176470588235,84.88290487477597,-1.47809512522403,20,persistent,102Ah_45degC_1C_cell1,0,0
102Ah_45degC_1C_cell1,29,anchor_constant,85.894,102.61176470588235,102.61176470588235,16.717764705882345,20,persistent,102Ah_45degC_1C_cell1,0,0
102Ah_45degC_1C_cell1,29,age_ridge,85.894,102.61176470588235,86.11473689980076,0.22073689980075528,20,persistent,102Ah_45degC_1C_cell1,0,0
102Ah_45degC_1C_cell1,29,fixed_window_ridge,85.894,102.61176470588235,86.11473689980077,0.2207368998007695,20,persistent,102Ah_45degC_1C_cell1,0,0
102Ah_45degC_1C_cell1,29,mask_ridge,85.894,102.61176470588235,86.11473689980077,0.2207368998007695,20,persistent,102Ah_45degC_1C_cell1,0,0
102Ah_45degC_1C_cell1,29,within_cell_ratio_ridge,85.894,102.61176470588235,86.11473689980077,0.2207368998007695,20,persistent,102Ah_45degC_1C_cell1,0,0
102Ah_45degC_1C_cell1,29,rbf_residual,85.894,102.61176470588235,84.67243164660383,-1.2215683533961794,20,persistent,102Ah_45degC_1C_cell1,0,0
102Ah_45degC_1C_cell1,30,anchor_constant,85.512,102.61176470588235,102.61176470588235,17.09976470588235,20,persistent,102Ah_45degC_1C_cell1,0,0
102Ah_45degC_1C_cell1,30,age_ridge,85.512,102.61176470588235,85.8510506147787,0.33905061477869936,20,persistent,102Ah_45degC_1C_cell1,0,0
102Ah_45degC_1C_cell1,30,fixed_window_ridge,85.512,102.61176470588235,85.8510506147787,0.33905061477869936,20,persistent,102Ah_45degC_1C_cell1,0,0
102Ah_45degC_1C_cell1,30,mask_ridge,85.512,102.61176470588235,85.8510506147787,0.33905061477869936,20,persistent,102Ah_45degC_1C_cell1,0,0
102Ah_45degC_1C_cell1,30,within_cell_ratio_ridge,85.512,102.61176470588235,85.8510506147787,0.33905061477869936,20,persistent,102Ah_45degC_1C_cell1,0,0
102Ah_45degC_1C_cell1,30,rbf_residual,85.512,102.61176470588235,84.50317616741435,-1.008823832585648,20,persistent,102Ah_45degC_1C_cell1,0,0
102Ah_55degC_1C_cell3,1,anchor_constant,98.15,102.83911764705883,102.83911764705883,4.689117647058822,20,persistent,102Ah_55degC_1C_cell3,0,0
102Ah_55degC_1C_cell3,1,age_ridge,98.15,102.83911764705883,99.40148610509883,1.2514861050988202,20,persistent,102Ah_55degC_1C_cell3,0,0
102Ah_55degC_1C_cell3,1,fixed_window_ridge,98.15,102.83911764705883,99.40148610509883,1.2514861050988202,20,persistent,102Ah_55degC_1C_cell3,0,0
102Ah_55degC_1C_cell3,1,mask_ridge,98.15,102.83911764705883,99.40148610509883,1.2514861050988202,20,persistent,102Ah_55degC_1C_cell3,0,0
102Ah_55degC_1C_cell3,1,within_cell_ratio_ridge,98.15,102.83911764705883,99.40148610509883,1.2514861050988202,20,persistent,102Ah_55degC_1C_cell3,0,0
102Ah_55degC_1C_cell3,1,rbf_residual,98.15,102.83911764705883,99.46770746995946,1.3177074699594584,20,persistent,102Ah_55degC_1C_cell3,0,0
102Ah_55degC_1C_cell3,2,anchor_constant,97.002,102.83911764705883,102.83911764705883,5.837117647058832,20,persistent,102Ah_55degC_1C_cell3,0,0
102Ah_55degC_1C_cell3,2,age_ridge,97.002,102.83911764705883,98.92974716170588,1.9277471617058808,20,persistent,102Ah_55degC_1C_cell3,0,0
102Ah_55degC_1C_cell3,2,fixed_window_ridge,97.002,102.83911764705883,98.92974716170588,1.9277471617058808,20,persistent,102Ah_55degC_1C_cell3,0,0
102Ah_55degC_1C_cell3,2,mask_ridge,97.002,102.83911764705883,98.92974716170588,1.9277471617058808,20,persistent,102Ah_55degC_1C_cell3,0,0
102Ah_55degC_1C_cell3,2,within_cell_ratio_ridge,97.002,102.83911764705883,98.92974716170588,1.9277471617058808,20,persistent,102Ah_55degC_1C_cell3,0,0
102Ah_55degC_1C_cell3,2,rbf_residual,97.002,102.83911764705883,98.68512658205167,1.6831265820516705,20,persistent,102Ah_55degC_1C_cell3,0,0
102Ah_55degC_1C_cell3,3,anchor_constant,93.692,102.83911764705883,102.83911764705883,9.147117647058835,20,persistent,102Ah_55degC_1C_cell3,0,0
102Ah_55degC_1C_cell3,3,age_ridge,93.692,102.83911764705883,97.38340900934337,3.6914090093433742,20,persistent,102Ah_55degC_1C_cell3,0,0
102Ah_55degC_1C_cell3,3,fixed_window_ridge,93.692,102.83911764705883,97.38340900934337,3.6914090093433742,20,persistent,102Ah_55degC_1C_cell3,0,0
102Ah_55degC_1C_cell3,3,mask_ridge,93.692,102.83911764705883,97.38340900934337,3.6914090093433742,20,persistent,102Ah_55degC_1C_cell3,0,0
102Ah_55degC_1C_cell3,3,within_cell_ratio_ridge,93.692,102.83911764705883,97.38340900934337,3.6914090093433742,20,persistent,102Ah_55degC_1C_cell3,0,0
102Ah_55degC_1C_cell3,3,rbf_residual,93.692,102.83911764705883,97.251723892295,3.559723892295011,20,persistent,102Ah_55degC_1C_cell3,0,0
102Ah_55degC_1C_cell3,4,anchor_constant,93.086,102.83911764705883,102.83911764705883,9.75311764705883,20,persistent,102Ah_55degC_1C_cell3,0,0
102Ah_55degC_1C_cell3,4,age_ridge,93.086,102.83911764705883,97.02878142293847,3.9427814229384666,20,persistent,102Ah_55degC_1C_cell3,0,0
102Ah_55degC_1C_cell3,4,fixed_window_ridge,93.086,102.83911764705883,97.02878142293847,3.9427814229384666,20,persistent,102Ah_55degC_1C_cell3,0,0
102Ah_55degC_1C_cell3,4,mask_ridge,93.086,102.83911764705883,97.02878142293847,3.9427814229384666,20,persistent,102Ah_55degC_1C_cell3,0,0
102Ah_55degC_1C_cell3,4,within_cell_ratio_ridge,93.086,102.83911764705883,97.02878142293847,3.9427814229384666,20,persistent,102Ah_55degC_1C_cell3,0,0
102Ah_55degC_1C_cell3,4,rbf_residual,93.086,102.83911764705883,96.91833709798615,3.832337097986155,20,persistent,102Ah_55degC_1C_cell3,0,0
102Ah_55degC_1C_cell3,5,anchor_constant,92.505,102.83911764705883,102.83911764705883,10.334117647058832,20,persistent,102Ah_55degC_1C_cell3,0,0
102Ah_55degC_1C_cell3,5,age_ridge,92.505,102.83911764705883,96.67413408620348,4.169134086203485,20,persistent,102Ah_55degC_1C_cell3,0,0
102Ah_55degC_1C_cell3,5,fixed_window_ridge,92.505,102.83911764705883,96.67413408620348,4.169134086203485,20,persistent,102Ah_55degC_1C_cell3,0,0
102Ah_55degC_1C_cell3,5,mask_ridge,92.505,102.83911764705883,96.67413408620348,4.169134086203485,20,persistent,102Ah_55degC_1C_cell3,0,0
102Ah_55degC_1C_cell3,5,within_cell_ratio_ridge,92.505,102.83911764705883,96.67413408620348,4.169134086203485,20,persistent,102Ah_55degC_1C_cell3,0,0
102Ah_55degC_1C_cell3,5,rbf_residual,92.505,102.83911764705883,96.58001139791564,4.075011397915645,20,persistent,102Ah_55degC_1C_cell3,0,0
102Ah_55degC_1C_cell3,6,anchor_constant,91.953,102.83911764705883,102.83911764705883,10.886117647058825,20,persistent,102Ah_55degC_1C_cell3,0,0
102Ah_55degC_1C_cell3,6,age_ridge,91.953,102.83911764705883,96.32281341839251,4.369813418392511,20,persistent,102Ah_55degC_1C_cell3,0,0
102Ah_55degC_1C_cell3,6,fixed_window_ridge,91.953,102.83911764705883,96.32281341839251,4.369813418392511,20,persistent,102Ah_55degC_1C_cell3,0,0
102Ah_55degC_1C_cell3,6,mask_ridge,91.953,102.83911764705883,96.32281341839251,4.369813418392511,20,persistent,102Ah_55degC_1C_cell3,0,0
102Ah_55degC_1C_cell3,6,within_cell_ratio_ridge,91.953,102.83911764705883,96.32281341839251,4.369813418392511,20,persistent,102Ah_55degC_1C_cell3,0,0
102Ah_55degC_1C_cell3,6,rbf_residual,91.953,102.83911764705883,96.24124759714194,4.2882475971419325,20,persistent,102Ah_55degC_1C_cell3,0,0
102Ah_55degC_1C_cell3,7,anchor_constant,91.407,102.83911764705883,102.83911764705883,11.432117647058831,20,persistent,102Ah_55degC_1C_cell3,0,0
102Ah_55degC_1C_cell3,7,age_ridge,91.407,102.83911764705883,95.93320001438173,4.526200014381729,20,persistent,102Ah_55degC_1C_cell3,0,0
102Ah_55degC_1C_cell3,7,fixed_window_ridge,91.407,102.83911764705883,95.93320001438173,4.526200014381729,20,persistent,102Ah_55degC_1C_cell3,0,0
102Ah_55degC_1C_cell3,7,mask_ridge,91.407,102.83911764705883,95.93320001438173,4.526200014381729,20,persistent,102Ah_55degC_1C_cell3,0,0
102Ah_55degC_1C_cell3,7,within_cell_ratio_ridge,91.407,102.83911764705883,95.93320001438173,4.526200014381729,20,persistent,102Ah_55degC_1C_cell3,0,0
102Ah_55degC_1C_cell3,7,rbf_residual,91.407,102.83911764705883,95.8809655534675,4.473965553467508,20,persistent,102Ah_55degC_1C_cell3,0,0
102Ah_55degC_1C_cell3,8,anchor_constant,90.846,102.83911764705883,102.83911764705883,11.993117647058824,20,persistent,102Ah_55degC_1C_cell3,0,0
102Ah_55degC_1C_cell3,8,age_ridge,90.846,102.83911764705883,95.59568544073237,4.749685440732364,20,persistent,102Ah_55degC_1C_cell3,0,0
102Ah_55degC_1C_cell3,8,fixed_window_ridge,90.846,102.83911764705883,95.59568544073237,4.749685440732364,20,persistent,102Ah_55degC_1C_cell3,0,0
102Ah_55degC_1C_cell3,8,mask_ridge,90.846,102.83911764705883,95.59568544073237,4.749685440732364,20,persistent,102Ah_55degC_1C_cell3,0,0
102Ah_55degC_1C_cell3,8,within_cell_ratio_ridge,90.846,102.83911764705883,95.59568544073237,4.749685440732364,20,persistent,102Ah_55degC_1C_cell3,0,0
102Ah_55degC_1C_cell3,8,rbf_residual,90.846,102.83911764705883,95.53019815998461,4.684198159984604,20,persistent,102Ah_55degC_1C_cell3,0,0
102Ah_55degC_1C_cell3,9,anchor_constant,90.301,102.83911764705883,102.83911764705883,12.538117647058826,20,persistent,102Ah_55degC_1C_cell3,0,0
102Ah_55degC_1C_cell3,9,age_ridge,90.301,102.83911764705883,95.26100244726081,4.9600024472608055,20,persistent,102Ah_55degC_1C_cell3,0,0
102Ah_55degC_1C_cell3,9,fixed_window_ridge,90.301,102.83911764705883,95.26100244726081,4.9600024472608055,20,persistent,102Ah_55degC_1C_cell3,0,0
102Ah_55degC_1C_cell3,9,mask_ridge,90.301,102.83911764705883,95.26100244726081,4.9600024472608055,20,persistent,102Ah_55degC_1C_cell3,0,0
102Ah_55degC_1C_cell3,9,within_cell_ratio_ridge,90.301,102.83911764705883,95.26100244726081,4.9600024472608055,20,persistent,102Ah_55degC_1C_cell3,0,0
102Ah_55degC_1C_cell3,9,rbf_residual,90.301,102.83911764705883,95.17193562940912,4.870935629409118,20,persistent,102Ah_55degC_1C_cell3,0,0
102Ah_55degC_1C_cell3,10,anchor_constant,89.744,102.83911764705883,102.83911764705883,13.095117647058828,20,persistent,102Ah_55degC_1C_cell3,0,0
102Ah_55degC_1C_cell3,10,age_ridge,89.744,102.83911764705883,94.92391347968436,5.179913479684359,20,persistent,102Ah_55degC_1C_cell3,0,0
102Ah_55degC_1C_cell3,10,fixed_window_ridge,89.744,102.83911764705883,94.92391347968436,5.179913479684359,20,persistent,102Ah_55degC_1C_cell3,0,0
102Ah_55degC_1C_cell3,10,mask_ridge,89.744,102.83911764705883,94.92391347968436,5.179913479684359,20,persistent,102Ah_55degC_1C_cell3,0,0
102Ah_55degC_1C_cell3,10,within_cell_ratio_ridge,89.744,102.83911764705883,94.92391347968436,5.179913479684359,20,persistent,102Ah_55degC_1C_cell3,0,0
102Ah_55degC_1C_cell3,10,rbf_residual,89.744,102.83911764705883,94.80108509941196,5.057085099411964,20,persistent,102Ah_55degC_1C_cell3,0,0
102Ah_55degC_1C_cell3,11,anchor_constant,89.204,102.83911764705883,102.83911764705883,13.635117647058834,20,persistent,102Ah_55degC_1C_cell3,0,0
102Ah_55degC_1C_cell3,11,age_ridge,89.204,102.83911764705883,94.59413526859015,5.390135268590157,20,persistent,102Ah_55degC_1C_cell3,0,0
102Ah_55degC_1C_cell3,11,fixed_window_ridge,89.204,102.83911764705883,94.59413526859015,5.390135268590157,20,persistent,102Ah_55degC_1C_cell3,0,0
102Ah_55degC_1C_cell3,11,mask_ridge,89.204,102.83911764705883,94.59413526859015,5.390135268590157,20,persistent,102Ah_55degC_1C_cell3,0,0
102Ah_55degC_1C_cell3,11,within_cell_ratio_ridge,89.204,102.83911764705883,94.59413526859015,5.390135268590157,20,persistent,102Ah_55degC_1C_cell3,0,0
102Ah_55degC_1C_cell3,11,rbf_residual,89.204,102.83911764705883,94.42951025458632,5.225510254586325,20,persistent,102Ah_55degC_1C_cell3,0,0
102Ah_55degC_1C_cell3,12,anchor_constant,88.661,102.83911764705883,102.83911764705883,14.178117647058826,20,persistent,102Ah_55degC_1C_cell3,0,0
102Ah_55degC_1C_cell3,12,age_ridge,88.661,102.83911764705883,94.26159382231928,5.600593822319283,20,persistent,102Ah_55degC_1C_cell3,0,0
102Ah_55degC_1C_cell3,12,fixed_window_ridge,88.661,102.83911764705883,94.26159382231928,5.600593822319283,20,persistent,102Ah_55degC_1C_cell3,0,0
102Ah_55degC_1C_cell3,12,mask_ridge,88.661,102.83911764705883,94.26159382231928,5.600593822319283,20,persistent,102Ah_55degC_1C_cell3,0,0
102Ah_55degC_1C_cell3,12,within_cell_ratio_ridge,88.661,102.83911764705883,94.26159382231928,5.600593822319283,20,persistent,102Ah_55degC_1C_cell3,0,0
102Ah_55degC_1C_cell3,12,rbf_residual,88.661,102.83911764705883,94.04734398884648,5.386343988846477,20,persistent,102Ah_55degC_1C_cell3,0,0
102Ah_55degC_1C_cell3,13,anchor_constant,88.039,102.83911764705883,102.83911764705883,14.800117647058826,20,persistent,102Ah_55degC_1C_cell3,0,0
102Ah_55degC_1C_cell3,13,age_ridge,88.039,102.83911764705883,93.73926463040212,5.700264630402117,20,persistent,102Ah_55degC_1C_cell3,0,0
102Ah_55degC_1C_cell3,13,fixed_window_ridge,88.039,102.83911764705883,93.73926463040212,5.700264630402117,20,persistent,102Ah_55degC_1C_cell3,0,0
102Ah_55degC_1C_cell3,13,mask_ridge,88.039,102.83911764705883,93.73926463040212,5.700264630402117,20,persistent,102Ah_55degC_1C_cell3,0,0
102Ah_55degC_1C_cell3,13,within_cell_ratio_ridge,88.039,102.83911764705883,93.73926463040212,5.700264630402117,20,persistent,102Ah_55degC_1C_cell3,0,0
102Ah_55degC_1C_cell3,13,rbf_residual,88.039,102.83911764705883,93.58461878355475,5.545618783554744,20,persistent,102Ah_55degC_1C_cell3,0,0
102Ah_55degC_1C_cell3,14,anchor_constant,87.512,102.83911764705883,102.83911764705883,15.327117647058827,20,persistent,102Ah_55degC_1C_cell3,0,0
102Ah_55degC_1C_cell3,14,age_ridge,87.512,102.83911764705883,93.41176814250427,5.899768142504271,20,persistent,102Ah_55degC_1C_cell3,0,0
102Ah_55degC_1C_cell3,14,fixed_window_ridge,87.512,102.83911764705883,93.41176814250427,5.899768142504271,20,persistent,102Ah_55degC_1C_cell3,0,0
102Ah_55degC_1C_cell3,14,mask_ridge,87.512,102.83911764705883,93.41176814250427,5.899768142504271,20,persistent,102Ah_55degC_1C_cell3,0,0
102Ah_55degC_1C_cell3,14,within_cell_ratio_ridge,87.512,102.83911764705883,93.41176814250427,5.899768142504271,20,persistent,102Ah_55degC_1C_cell3,0,0
102Ah_55degC_1C_cell3,14,rbf_residual,87.512,102.83911764705883,93.19401745689193,5.682017456891927,20,persistent,102Ah_55degC_1C_cell3,0,0
102Ah_55degC_1C_cell3,15,anchor_constant,86.962,102.83911764705883,102.83911764705883,15.877117647058824,20,persistent,102Ah_55degC_1C_cell3,0,0
102Ah_55degC_1C_cell3,15,age_ridge,86.962,102.83911764705883,93.09070612126047,6.128706121260464,20,persistent,102Ah_55degC_1C_cell3,0,0
102Ah_55degC_1C_cell3,15,fixed_window_ridge,86.962,102.83911764705883,93.09070612126047,6.128706121260464,20,persistent,102Ah_55degC_1C_cell3,0,0
102Ah_55degC_1C_cell3,15,mask_ridge,86.962,102.83911764705883,93.09070612126047,6.128706121260464,20,persistent,102Ah_55degC_1C_cell3,0,0
102Ah_55degC_1C_cell3,15,within_cell_ratio_ridge,86.962,102.83911764705883,93.09070612126047,6.128706121260464,20,persistent,102Ah_55degC_1C_cell3,0,0
102Ah_55degC_1C_cell3,15,rbf_residual,86.962,102.83911764705883,92.8097647425405,5.847764742540491,20,persistent,102Ah_55degC_1C_cell3,0,0
102Ah_55degC_1C_cell3,16,anchor_constant,86.38,102.83911764705883,102.83911764705883,16.459117647058832,20,persistent,102Ah_55degC_1C_cell3,0,0
102Ah_55degC_1C_cell3,16,age_ridge,86.38,102.83911764705883,92.7664373786942,6.386437378694211,20,persistent,102Ah_55degC_1C_cell3,0,0
102Ah_55degC_1C_cell3,16,fixed_window_ridge,86.38,102.83911764705883,92.7664373786942,6.386437378694211,20,persistent,102Ah_55degC_1C_cell3,0,0
102Ah_55degC_1C_cell3,16,mask_ridge,86.38,102.83911764705883,92.7664373786942,6.386437378694211,20,persistent,102Ah_55degC_1C_cell3,0,0
102Ah_55degC_1C_cell3,16,within_cell_ratio_ridge,86.38,102.83911764705883,92.7664373786942,6.386437378694211,20,persistent,102Ah_55degC_1C_cell3,0,0
102Ah_55degC_1C_cell3,16,rbf_residual,86.38,102.83911764705883,92.422369588372,6.042369588372011,20,persistent,102Ah_55degC_1C_cell3,0,0
102Ah_55degC_1C_cell3,17,anchor_constant,85.815,102.83911764705883,102.83911764705883,17.02411764705883,20,persistent,102Ah_55degC_1C_cell3,0,0
102Ah_55degC_1C_cell3,17,age_ridge,85.815,102.83911764705883,92.44842421610367,6.633424216103677,20,persistent,102Ah_55degC_1C_cell3,0,0
102Ah_55degC_1C_cell3,17,fixed_window_ridge,85.815,102.83911764705883,92.44842421610367,6.633424216103677,20,persistent,102Ah_55degC_1C_cell3,0,0
102Ah_55degC_1C_cell3,17,mask_ridge,85.815,102.83911764705883,92.44842421610367,6.633424216103677,20,persistent,102Ah_55degC_1C_cell3,0,0
102Ah_55degC_1C_cell3,17,within_cell_ratio_ridge,85.815,102.83911764705883,92.44842421610367,6.633424216103677,20,persistent,102Ah_55degC_1C_cell3,0,0
102Ah_55degC_1C_cell3,17,rbf_residual,85.815,102.83911764705883,92.04509030414967,6.23009030414967,20,persistent,102Ah_55degC_1C_cell3,0,0
102Ah_55degC_1C_cell3,18,anchor_constant,85.108,102.83911764705883,102.83911764705883,17.731117647058824,20,persistent,102Ah_55degC_1C_cell3,0,0
102Ah_55degC_1C_cell3,18,age_ridge,85.108,102.83911764705883,92.12719458258974,7.0191945825897335,20,persistent,102Ah_55degC_1C_cell3,0,0
102Ah_55degC_1C_cell3,18,fixed_window_ridge,85.108,102.83911764705883,92.12719458258974,7.0191945825897335,20,persistent,102Ah_55degC_1C_cell3,0,0
102Ah_55degC_1C_cell3,18,mask_ridge,85.108,102.83911764705883,92.12719458258974,7.0191945825897335,20,persistent,102Ah_55degC_1C_cell3,0,0
102Ah_55degC_1C_cell3,18,within_cell_ratio_ridge,85.108,102.83911764705883,92.12719458258974,7.0191945825897335,20,persistent,102Ah_55degC_1C_cell3,0,0
102Ah_55degC_1C_cell3,18,rbf_residual,85.108,102.83911764705883,91.66861037684433,6.560610376844323,20,persistent,102Ah_55degC_1C_cell3,0,0
102Ah_55degC_1C_cell3,19,anchor_constant,84.207,102.83911764705883,102.83911764705883,18.632117647058834,20,persistent,102Ah_55degC_1C_cell3,0,0
102Ah_55degC_1C_cell3,19,age_ridge,84.207,102.83911764705883,91.72007326759717,7.5130732675971785,20,persistent,102Ah_55degC_1C_cell3,0,0
102Ah_55degC_1C_cell3,19,fixed_window_ridge,84.207,102.83911764705883,91.72007326759717,7.5130732675971785,20,persistent,102Ah_55degC_1C_cell3,0,0
102Ah_55degC_1C_cell3,19,mask_ridge,84.207,102.83911764705883,91.72007326759717,7.5130732675971785,20,persistent,102Ah_55degC_1C_cell3,0,0
102Ah_55degC_1C_cell3,19,within_cell_ratio_ridge,84.207,102.83911764705883,91.72007326759717,7.5130732675971785,20,persistent,102Ah_55degC_1C_cell3,0,0
102Ah_55degC_1C_cell3,19,rbf_residual,84.207,102.83911764705883,91.26037778139529,7.053377781395298,20,persistent,102Ah_55degC_1C_cell3,0,0
102Ah_55degC_1C_cell3,20,anchor_constant,83.035,102.83911764705883,102.83911764705883,19.80411764705883,20,persistent,102Ah_55degC_1C_cell3,0,0
102Ah_55degC_1C_cell3,20,age_ridge,83.035,102.83911764705883,91.40261739656951,8.367617396569514,20,persistent,102Ah_55degC_1C_cell3,0,0
102Ah_55degC_1C_cell3,20,fixed_window_ridge,83.035,102.83911764705883,91.40261739656951,8.367617396569514,20,persistent,102Ah_55degC_1C_cell3,0,0
102Ah_55degC_1C_cell3,20,mask_ridge,83.035,102.83911764705883,91.40261739656951,8.367617396569514,20,persistent,102Ah_55degC_1C_cell3,0,0
102Ah_55degC_1C_cell3,20,within_cell_ratio_ridge,83.035,102.83911764705883,91.40261739656951,8.367617396569514,20,persistent,102Ah_55degC_1C_cell3,0,0
102Ah_55degC_1C_cell3,20,rbf_residual,83.035,102.83911764705883,90.9024259290016,7.867425929001598,20,persistent,102Ah_55degC_1C_cell3,0,0
102Ah_55degC_1C_cell3,21,anchor_constant,81.814,102.83911764705883,102.83911764705883,21.025117647058835,20,persistent,102Ah_55degC_1C_cell3,0,0
102Ah_55degC_1C_cell3,21,age_ridge,81.814,102.83911764705883,91.09184348358684,9.27784348358685,20,persistent,102Ah_55degC_1C_cell3,0,0
102Ah_55degC_1C_cell3,21,fixed_window_ridge,81.814,102.83911764705883,91.09184348358684,9.27784348358685,20,persistent,102Ah_55degC_1C_cell3,0,0
102Ah_55degC_1C_cell3,21,mask_ridge,81.814,102.83911764705883,91.09184348358684,9.27784348358685,20,persistent,102Ah_55degC_1C_cell3,0,0
102Ah_55degC_1C_cell3,21,within_cell_ratio_ridge,81.814,102.83911764705883,91.09184348358684,9.27784348358685,20,persistent,102Ah_55degC_1C_cell3,0,0
102Ah_55degC_1C_cell3,21,rbf_residual,81.814,102.83911764705883,90.5614344892569,8.747434489256904,20,persistent,102Ah_55degC_1C_cell3,0,0
102Ah_55degC_1C_cell3,22,anchor_constant,80.494,102.83911764705883,102.83911764705883,22.345117647058828,20,persistent,102Ah_55degC_1C_cell3,0,0
102Ah_55degC_1C_cell3,22,age_ridge,80.494,102.83911764705883,90.77856732522025,10.284567325220252,20,persistent,102Ah_55degC_1C_cell3,0,0
102Ah_55degC_1C_cell3,22,fixed_window_ridge,80.494,102.83911764705883,90.77856732522025,10.284567325220252,20,persistent,102Ah_55degC_1C_cell3,0,0
102Ah_55degC_1C_cell3,22,mask_ridge,80.494,102.83911764705883,90.77856732522025,10.284567325220252,20,persistent,102Ah_55degC_1C_cell3,0,0
102Ah_55degC_1C_cell3,22,within_cell_ratio_ridge,80.494,102.83911764705883,90.77856732522025,10.284567325220252,20,persistent,102Ah_55degC_1C_cell3,0,0
102Ah_55degC_1C_cell3,22,rbf_residual,80.494,102.83911764705883,90.22857641019223,9.734576410192233,20,persistent,102Ah_55degC_1C_cell3,0,0
102Ah_55degC_1C_cell3,23,anchor_constant,79.116,102.83911764705883,102.83911764705883,23.723117647058828,20,persistent,102Ah_55degC_1C_cell3,0,0
102Ah_55degC_1C_cell3,23,age_ridge,79.116,102.83911764705883,90.4720264798003,11.356026479800306,20,persistent,102Ah_55degC_1C_cell3,0,0
102Ah_55degC_1C_cell3,23,fixed_window_ridge,79.116,102.83911764705883,90.4720264798003,11.356026479800306,20,persistent,102Ah_55degC_1C_cell3,0,0
102Ah_55degC_1C_cell3,23,mask_ridge,79.116,102.83911764705883,90.4720264798003,11.356026479800306,20,persistent,102Ah_55degC_1C_cell3,0,0
102Ah_55degC_1C_cell3,23,within_cell_ratio_ridge,79.116,102.83911764705883,90.4720264798003,11.356026479800306,20,persistent,102Ah_55degC_1C_cell3,0,0
102Ah_55degC_1C_cell3,23,rbf_residual,79.116,102.83911764705883,89.9146500488183,10.798650048818303,20,persistent,102Ah_55degC_1C_cell3,0,0
102Ah_55degC_1C_cell3,24,anchor_constant,77.658,102.83911764705883,102.83911764705883,25.181117647058826,20,persistent,102Ah_55degC_1C_cell3,0,0
102Ah_55degC_1C_cell3,24,age_ridge,77.658,102.83911764705883,90.16767976096916,12.509679760969163,20,persistent,102Ah_55degC_1C_cell3,0,0
102Ah_55degC_1C_cell3,24,fixed_window_ridge,77.658,102.83911764705883,90.16767976096916,12.509679760969163,20,persistent,102Ah_55degC_1C_cell3,0,0
102Ah_55degC_1C_cell3,24,mask_ridge,77.658,102.83911764705883,90.16767976096916,12.509679760969163,20,persistent,102Ah_55degC_1C_cell3,0,0
102Ah_55degC_1C_cell3,24,within_cell_ratio_ridge,77.658,102.83911764705883,90.16767976096916,12.509679760969163,20,persistent,102Ah_55degC_1C_cell3,0,0
102Ah_55degC_1C_cell3,24,rbf_residual,77.658,102.83911764705883,89.6155220237736,11.957522023773592,20,persistent,102Ah_55degC_1C_cell3,0,0
102Ah_55degC_1C_cell3,25,anchor_constant,76.068,102.83911764705883,102.83911764705883,26.77111764705883,20,persistent,102Ah_55degC_1C_cell3,0,0
102Ah_55degC_1C_cell3,25,age_ridge,76.068,102.83911764705883,89.85607083391716,13.78807083391716,20,persistent,102Ah_55degC_1C_cell3,0,0
102Ah_55degC_1C_cell3,25,fixed_window_ridge,76.068,102.83911764705883,89.85607083391716,13.78807083391716,20,persistent,102Ah_55degC_1C_cell3,0,0
102Ah_55degC_1C_cell3,25,mask_ridge,76.068,102.83911764705883,89.85607083391716,13.78807083391716,20,persistent,102Ah_55degC_1C_cell3,0,0
102Ah_55degC_1C_cell3,25,within_cell_ratio_ridge,76.068,102.83911764705883,89.85607083391716,13.78807083391716,20,persistent,102Ah_55degC_1C_cell3,0,0
102Ah_55degC_1C_cell3,25,rbf_residual,76.068,102.83911764705883,89.32530319216242,13.257303192162425,20,persistent,102Ah_55degC_1C_cell3,0,0
102Ah_55degC_1C_cell3,26,anchor_constant,74.402,102.83911764705883,102.83911764705883,28.437117647058827,20,persistent,102Ah_55degC_1C_cell3,0,0
102Ah_55degC_1C_cell3,26,age_ridge,74.402,102.83911764705883,89.5308287971831,15.128828797183104,20,persistent,102Ah_55degC_1C_cell3,0,0
102Ah_55degC_1C_cell3,26,fixed_window_ridge,74.402,102.83911764705883,89.5308287971831,15.128828797183104,20,persistent,102Ah_55degC_1C_cell3,0,0
102Ah_55degC_1C_cell3,26,mask_ridge,74.402,102.83911764705883,89.5308287971831,15.128828797183104,20,persistent,102Ah_55degC_1C_cell3,0,0
102Ah_55degC_1C_cell3,26,within_cell_ratio_ridge,74.402,102.83911764705883,89.5308287971831,15.128828797183104,20,persistent,102Ah_55degC_1C_cell3,0,0
102Ah_55degC_1C_cell3,26,rbf_residual,74.402,102.83911764705883,89.0458225220844,14.643822522084406,20,persistent,102Ah_55degC_1C_cell3,0,0
102Ah_55degC_1C_cell3,27,anchor_constant,72.733,102.83911764705883,102.83911764705883,30.106117647058824,20,persistent,102Ah_55degC_1C_cell3,0,0
102Ah_55degC_1C_cell3,27,age_ridge,72.733,102.83911764705883,88.9539089461349,16.220908946134898,20,persistent,102Ah_55degC_1C_cell3,0,0
102Ah_55degC_1C_cell3,27,fixed_window_ridge,72.733,102.83911764705883,88.9539089461349,16.220908946134898,20,persistent,102Ah_55degC_1C_cell3,0,0
102Ah_55degC_1C_cell3,27,mask_ridge,72.733,102.83911764705883,88.9539089461349,16.220908946134898,20,persistent,102Ah_55degC_1C_cell3,0,0
102Ah_55degC_1C_cell3,27,within_cell_ratio_ridge,72.733,102.83911764705883,88.9539089461349,16.220908946134898,20,persistent,102Ah_55degC_1C_cell3,0,0
102Ah_55degC_1C_cell3,27,rbf_residual,72.733,102.83911764705883,88.66530612549587,15.93230612549587,20,persistent,102Ah_55degC_1C_cell3,0,0
102Ah_55degC_1C_cell3,28,anchor_constant,71.205,102.83911764705883,102.83911764705883,31.63411764705883,20,persistent,102Ah_55degC_1C_cell3,0,0
102Ah_55degC_1C_cell3,28,age_ridge,71.205,102.83911764705883,88.65733262947153,17.452332629471528,20,persistent,102Ah_55degC_1C_cell3,0,0
102Ah_55degC_1C_cell3,28,fixed_window_ridge,71.205,102.83911764705883,88.65733262947153,17.452332629471528,20,persistent,102Ah_55degC_1C_cell3,0,0
102Ah_55degC_1C_cell3,28,mask_ridge,71.205,102.83911764705883,88.65733262947153,17.452332629471528,20,persistent,102Ah_55degC_1C_cell3,0,0
102Ah_55degC_1C_cell3,28,within_cell_ratio_ridge,71.205,102.83911764705883,88.65733262947153,17.452332629471528,20,persistent,102Ah_55degC_1C_cell3,0,0
102Ah_55degC_1C_cell3,28,rbf_residual,71.205,102.83911764705883,88.42890420051931,17.223904200519314,20,persistent,102Ah_55degC_1C_cell3,0,0
102Ah_55degC_1C_cell3,29,anchor_constant,69.634,102.83911764705883,102.83911764705883,33.20511764705883,20,persistent,102Ah_55degC_1C_cell3,0,0
102Ah_55degC_1C_cell3,29,age_ridge,69.634,102.83911764705883,88.36079551499567,18.726795514995672,20,persistent,102Ah_55degC_1C_cell3,0,0
102Ah_55degC_1C_cell3,29,fixed_window_ridge,69.634,102.83911764705883,88.36079551499567,18.726795514995672,20,persistent,102Ah_55degC_1C_cell3,0,0
102Ah_55degC_1C_cell3,29,mask_ridge,69.634,102.83911764705883,88.36079551499567,18.726795514995672,20,persistent,102Ah_55degC_1C_cell3,0,0
102Ah_55degC_1C_cell3,29,within_cell_ratio_ridge,69.634,102.83911764705883,88.36079551499567,18.726795514995672,20,persistent,102Ah_55degC_1C_cell3,0,0
102Ah_55degC_1C_cell3,29,rbf_residual,69.634,102.83911764705883,88.2066958937103,18.572695893710303,20,persistent,102Ah_55degC_1C_cell3,0,0
102Ah_55degC_1C_cell3,30,anchor_constant,68.083,102.83911764705883,102.83911764705883,34.75611764705883,20,persistent,102Ah_55degC_1C_cell3,0,0
102Ah_55degC_1C_cell3,30,age_ridge,68.083,102.83911764705883,88.00877198813988,19.925771988139886,20,persistent,102Ah_55degC_1C_cell3,0,0
102Ah_55degC_1C_cell3,30,fixed_window_ridge,68.083,102.83911764705883,88.00877198813988,19.925771988139886,20,persistent,102Ah_55degC_1C_cell3,0,0
102Ah_55degC_1C_cell3,30,mask_ridge,68.083,102.83911764705883,88.00877198813988,19.925771988139886,20,persistent,102Ah_55degC_1C_cell3,0,0
102Ah_55degC_1C_cell3,30,within_cell_ratio_ridge,68.083,102.83911764705883,88.00877198813988,19.925771988139886,20,persistent,102Ah_55degC_1C_cell3,0,0
102Ah_55degC_1C_cell3,30,rbf_residual,68.083,102.83911764705883,87.97422051988448,19.891220519884484,20,persistent,102Ah_55degC_1C_cell3,0,0
