scenario,family,true_Q1_Ah,true_Q2_Ah,true_Q3_Ah,true_Q4_Ah,true_z1,true_z2,true_z3,true_z4,true_deltaR1_mOhm,true_deltaR2_mOhm,true_deltaR3_mOhm,true_deltaR4_mOhm,true_shape1_mV,true_shape2_mV,true_shape3_mV,true_shape4_mV
uniform_95Ah,fixed,95.0,95.0,95.0,95.0,1.0,1.0,1.0,1.0,0.5,0.5,0.5,0.5,-5.0,-5.0,-5.0,-5.0
single_weak_85Ah,fixed,85.0,100.0,100.0,100.0,1.0,1.0,1.0,1.0,1.0,0.0,0.0,0.0,-15.0,5.0,5.0,5.0
two_weak_90Ah,fixed,90.0,93.0,102.0,102.0,1.0,1.0,1.0,1.0,1.0,1.0,0.0,0.0,-10.0,-10.0,5.0,5.0
SOC_imbalance,fixed,100.0,100.0,100.0,100.0,1.0,0.96,0.98,1.0,0.0,0.0,0.0,0.0,0.0,0.0,0.0,0.0
R_imbalance,fixed,100.0,100.0,100.0,100.0,1.0,1.0,1.0,1.0,0.0,3.0,0.0,0.0,0.0,0.0,0.0,0.0
combined_weak_SOC_R,fixed,90.0,103.0,98.0,101.0,0.97,1.0,0.95,0.99,1.0,0.0,2.0,0.5,-15.0,5.0,-10.0,5.0
random_0000,random_stress,95.60817395430767,86.08710753703878,91.39423895918945,93.48009763510599,0.986637175803542,0.9586757045772542,0.9427144321552422,0.9746971377926795,0.40750044189990176,0.004722529729276782,1.2644724399333191,1.5674110368955954,-1.857221095845496,19.48471332560497,3.5948805522487204,-13.773129316093073
random_0001,random_stress,87.68215647530108,100.66497586837342,103.04777543644019,104.94115350419,0.9474269770038158,0.9530552844157845,0.9864405068703915,0.9815433734326477,1.5131171523464622,0.12194329645763613,0.8136384450178489,1.5201159750154134,-10.754322297429004,11.102626320814197,17.941664731527496,1.9708490817725632
random_0002,random_stress,99.56905668631997,93.96021351717786,104.68363951034293,90.09694143311638,0.979825683240109,0.9650961630469916,0.9485283372176603,0.9875603029493117,1.1295152089695453,1.9018056184133976,0.15987956900580946,0.3745754951563227,19.219784450417837,-3.4701024036199657,16.182369896881372,1.408796042563134
random_0003,random_stress,94.58581452810647,86.87061429991327,103.62115171292258,94.99664215680393,0.9859856064985341,0.9583801106051891,0.9778919892698115,0.9733460998401406,0.17498320160316472,1.8111103994736149,1.2193802161401177,0.23074451531533002,-7.884676426451818,-14.656342023566978,1.216797026548111,-6.584713299584015
random_0004,random_stress,102.32126040810228,97.88843546026791,98.85262189967995,88.46966575232342,0.947957633024221,0.9415715534971628,0.990783677781986,0.9935661674385546,1.9521982138573517,1.1347534206008634,1.3151616569309674,1.5954658101930834,-12.520373013109865,7.3509565560816,2.8088605843375136,-1.7422156631798957
random_0005,random_stress,87.76889251325417,88.59162730024227,104.86946354436427,104.62336963551425,0.9613780632405418,0.9568050644447728,0.9751508937616263,0.9571771934487732,0.7267232620483712,0.868079183736123,0.8944478822805899,1.3667227267311433,5.9258253545974515,-7.770233787399956,-17.079483388843638,0.1262493786383745
random_0006,random_stress,103.71947338058041,88.95845605169703,89.82199942065752,87.09343671420721,0.976103993940221,0.9643210760962629,0.9671387731317879,0.9696657424446377,0.0834354355424578,0.10923534965247651,0.23092026863023007,1.066990368245291,5.744839177191183,-13.571970696306739,-9.151507614527855,-16.66716347666206
random_0007,random_stress,90.58516192145389,87.73164203674335,102.01239954105203,92.89249899651988,0.9855927388284677,0.9927889417130024,0.9413640547590902,0.9714904676549998,1.9350639311671438,1.635661653889014,0.41154028716683455,0.2360688773871784,-5.1768194234586185,12.12561883430232,-16.75709254783826,-15.818329830491237
random_0008,random_stress,90.28158529482049,89.64967600268335,101.81102785731849,91.80007085612267,0.9995604392826906,0.9814624688085928,0.9665979724782631,0.9416108602761847,0.40652029630936015,1.8649205299601748,1.4870924972329953,1.4873671011462724,-12.033628122758856,-19.329999548839233,1.9643136448822585,0.7980305897698914
random_0009,random_stress,95.0550450173284,92.12793861835429,102.86093751377761,94.7875455803388,0.9645671602004221,0.9639085759170183,0.961129365738642,0.9890596996513829,0.10553411496154852,1.5491539932838212,1.9981581797207473,0.013027725752252861,-0.061234187978951304,-16.838790573862035,-10.269827047785745,-0.025113393354407876
random_0010,random_stress,104.41564274603957,100.43656991463271,97.74149744612332,91.19107628129255,0.9573597885695451,0.992023806072186,0.9406383496056251,0.9613150039658628,1.283629275084331,1.3162222321992647,1.0663719338115079,0.9255398252388054,1.3537998166588538,15.438829395300427,9.145760400777757,-14.2279125061769
random_0011,random_stress,102.18690014991633,99.51513344086482,90.77120301945136,101.5190835455307,0.9852748350653348,0.9502682913782788,0.9514021781836921,0.9988183300988104,1.2948945558511722,1.594251030050333,0.6859363028072247,0.28374638369636807,-17.025540309465534,6.913880712567448,-2.898717372147188,16.72909692140546
random_0012,random_stress,95.95357342057335,102.58897253063273,89.89027519914153,95.17102076555257,0.9561512735360889,0.9847326279089667,0.9467936237216158,0.980831719783484,1.297493896782488,1.9386875730285327,0.3259765488156723,1.0476400598942226,-19.555432467928288,2.482999893804969,-6.5843243402483465,11.77048649301748
random_0013,random_stress,98.959080446503,100.15054691287365,92.36750278507874,88.11994873737709,0.9547275426047924,0.9656663738112884,0.9632597474662445,0.9538571057088281,0.7860966343748774,0.4432354178587928,0.25328667460096366,0.6508812122527532,-19.21837830352359,11.275368731642828,-3.1247459047909,19.668022127750405
random_0014,random_stress,91.50242324752814,86.90057871273851,87.09103360358934,102.03232565800047,0.9567639494529112,0.9785608617055135,0.9609258525538986,0.9957339536962247,1.0921107311389084,0.6199744581481805,1.0328589249773223,1.3086986165509478,7.8287744743840415,9.271236690435032,18.708953535878948,11.572876263406844
random_0015,random_stress,97.57719921244393,92.29826430111424,92.28650878798088,104.49377117027936,0.9472625663595894,0.9575311156878555,0.9586610935914852,0.9540644153596725,1.1976881421998427,1.672704618831495,1.8184690930355507,0.22438905010376287,1.030539132359567,-2.5551792670958617,-13.452941920873975,-13.02209230489713
random_0016,random_stress,101.3836378051373,99.74849128801708,85.24694973529678,89.69059524043662,0.9998817052610612,0.9477464505316782,0.9742794074600444,0.9498039220089826,0.042052694360616094,1.694388871760096,0.8199667297689106,0.6320271978334528,5.053762554385446,1.2995283170705996,7.725751547156601,3.547677241649554
random_0017,random_stress,87.03071756357083,86.09945180146144,104.13106518566573,86.63005292434103,0.9857876413634048,0.9693532065411615,0.9839023997170854,0.971551876438684,0.2290399196561357,0.24639728095959557,0.97766833965339,0.7371351821194174,14.265449028992755,-9.695381790553323,5.726520121725653,5.239275851609522
random_0018,random_stress,87.87218705704163,103.2638112339453,101.08597069091665,104.16526468379334,0.9473571485360127,0.9940144468079183,0.9683540907186093,0.9555234368696863,1.6515465721764673,1.82381977072191,1.502170888103268,1.1262038086291926,-5.149359071283399,-4.126516023924545,16.15708470041298,6.80748664277155
random_0019,random_stress,95.64818021338013,96.32655811181813,92.49307771994769,103.82454013326671,0.9551814007776529,0.9509407015107944,0.9641090820480683,0.9559611756363461,0.19643715657952354,1.2182247444910514,1.5818238210292646,1.14728095186788,10.573121606968003,-0.7531244597380882,0.45601020332092457,4.156915029102621
random_0020,random_stress,85.52789049172652,87.1666380353876,102.52637995171546,94.61230031173987,0.9878370900951012,0.9433056358646179,0.9467043038116214,0.986100269397907,1.7546546588166119,0.5697724458333118,0.5741842974470469,0.09436035317519775,-5.051584801395177,2.898410859560525,-7.998395930723099,13.94954245236196
random_0021,random_stress,88.9278126122297,96.80370634976296,101.75866711822977,102.57585382754434,0.965849080462762,0.9594192437252259,0.9425241302130832,0.9519421624336408,1.6598847423817822,1.0161335866024288,0.9666166970413517,1.227899744345982,-12.154755383460575,3.308858213650079,12.145452852722457,-17.576482246139644
random_0022,random_stress,104.2949121427051,90.04458475576294,88.05895229280391,92.78597409981226,0.973268417284123,0.9651218324756564,0.9583928838371077,0.9586672743364707,0.3331520747667045,1.7482703990975639,0.3443444818256858,0.25660616384755497,8.600873744248192,4.3628829493338905,16.183414934504906,-1.1566209293218899
random_0023,random_stress,102.94521154867401,101.78263050461008,91.03475051564502,91.20839581469906,0.9758218027256281,0.955162792553491,0.9776376255825068,0.9985541309071219,1.921100083480174,0.6740066383671219,0.23833078575020084,1.570269363726544,5.991252084411003,12.536776637963406,-2.031920279333317,13.966453504482494
random_0024,random_stress,87.44747210303495,95.2910186765651,93.41959567359555,91.94680796648319,0.9777425190047122,0.9692891636628073,0.9935350241294116,0.9879558398244552,0.6347316651891379,1.3389944874735005,0.0010312438849136019,0.5434394453304523,-2.8036517137675165,3.6308591301439197,-11.08635838046852,17.064593655677935
random_0025,random_stress,86.48223475622034,92.03251057801856,88.33366043452405,98.88800334366343,0.9487398495639343,0.9468096780254036,0.9737225649036638,0.9515991457167656,1.5734473971202174,1.447501619220384,0.9032969479329085,0.6129225859167452,-0.6317810450868944,-19.722321994440687,17.315112763023993,-1.7593977655496618
random_0026,random_stress,86.56932018233277,102.69020865585536,98.60047550414646,102.72251626316668,0.9495772692867317,0.9863296492967949,0.9515863080254984,0.9834767711294378,0.9346724754948079,1.2125306466219687,0.3489714238968511,0.5232323526912106,5.253018643624632,14.867231327908165,-6.992343316271117,-0.18703818281618823
random_0027,random_stress,92.86751107580761,100.72051393600391,103.47687315844273,91.24612585554836,0.9841606172992311,0.9814080230168412,0.9469902160517923,0.9806366792221259,1.058095583777877,0.9620835154622982,1.4600006878040244,1.540518998646093,16.281458302984454,0.2749542390332449,5.683855730841372,18.137466380119545
random_0028,random_stress,87.61731449276714,93.04339378072548,102.43948527028039,95.35401523235058,0.9589285341367159,0.9895996323708993,0.9625687025295695,0.9573750761116727,1.2530565294439,0.6498105798701632,0.16440286595568399,1.486815390818158,15.9276609763588,1.815489530871477,-9.655304021505247,14.83824364109456
random_0029,random_stress,96.47747253364449,97.88416767590793,99.57822777092312,98.7337383952139,0.9775873640903052,0.9671264940972032,0.9675255179149447,0.9624646248167386,0.554545807743076,0.01074439038734587,0.05896230044741313,1.1820294591458635,-13.235261655487513,-2.549304412142779,-0.8556602222148246,5.8775683002029755
random_0030,random_stress,96.2982788816486,97.0759586452624,95.64505709794935,89.77732344501015,0.9557302433225263,0.9798420139191976,0.9805453835772404,0.9605965009969817,0.2873626683770034,0.9873489079340557,1.0887458081560009,1.05963488215993,11.772943537402805,3.0692767800009157,16.944849531444618,-12.504138357889438
random_0031,random_stress,96.83343713140081,90.08318195417839,89.71054776034771,100.58154480891734,0.9406819990020795,0.9487287692049461,0.9824968846559173,0.9831644501428014,0.4968036602790391,0.9887039019720477,1.2564778561313494,0.8102393547691158,6.075944244174543,-8.728715550702585,10.434995428195947,-12.727610720830151
random_0032,random_stress,91.18686584207924,98.63312953007443,91.43935197268114,100.02906316596327,0.9897324324996584,0.9822028860687777,0.9903940168594738,0.9756851047506064,0.9244188597855845,1.1411003930783186,1.4052036375551666,1.8578713220980183,-3.782590145702285,-17.717298016843017,-4.874492403158075,-10.985755759557115
random_0033,random_stress,94.32554963370548,86.9381324388495,101.05543766332521,96.83569432777139,0.9581285081038112,0.993571099441983,0.9905622296666861,0.951281526885963,1.7298408612848744,1.7374477180257242,1.6729626340375336,0.8387304724554151,-6.340796540757703,-14.882473156908338,-17.491928402164255,-0.4669881982122348
random_0034,random_stress,85.92876626289517,91.6821172640567,99.76038926284967,102.80334320690301,0.9672394211963226,0.9562382271060508,0.9880248645806124,0.9756217484612595,0.6414819948663462,0.4341998766674029,0.21421149660864128,1.9179768294943804,19.55773222621626,6.668916663012614,-9.931584486760784,1.4660856065630412
random_0035,random_stress,102.63001832681992,101.10263803848643,96.36908664173046,92.31632791265046,0.9737658858253435,0.968966035080133,0.9463829026637637,0.9627854581024103,1.7520015681345191,0.43073400760514047,0.22849546542095436,1.5503618339238339,10.963684199162138,-14.237771380463723,2.1876022938952655,16.148439339840156
random_0036,random_stress,100.17867135378896,90.60137416943903,104.87253084775818,101.29303931843317,0.9995312538768173,0.9699089770650746,0.9904763017472641,0.9591748180158114,1.858708615282925,1.1246347208469392,0.9129646715112796,1.2368860012051641,15.768483483939608,5.929340311441975,-6.773083259139927,-4.526350359637621
random_0037,random_stress,103.10338181889794,99.8403050769354,97.32647798064207,104.89773541889785,0.9991430772312243,0.9593926197249865,0.9791645310934012,0.9836610314754446,1.999388014214386,1.75820559472314,1.6261085570301965,0.1444400678231612,-0.1779311830483543,-1.1655902587234568,0.3562811069720384,1.047672616173756
random_0038,random_stress,98.63285819608105,100.1715238401582,90.27338922795458,95.91319219680405,0.992442607840044,0.9666745472928142,0.9880049769667378,0.9523748406260546,0.011395662615980351,1.3626782737219931,0.46427156149344384,0.8152183125030001,10.559096066253058,18.491661787334685,5.916380763231919,-19.3509308585115
random_0039,random_stress,89.36094562254537,95.1665938387241,94.66193375223808,98.34232871773793,0.9475639953514841,0.9687476756891885,0.9960032152708612,0.9629875205862476,1.3485095848236672,1.6983332778589229,1.7798082932793866,0.11834609543176366,-9.349343885706002,7.031541097909164,12.681418300826003,-1.4255363798211773
random_0040,random_stress,103.49472669619742,85.56772882626194,96.81909525389536,101.07269991350667,0.979208217232379,0.95531384938499,0.9733523185280051,0.9528531524171253,0.27192457855146235,0.5456658924562219,0.21458123748697533,1.6438435946627632,18.38786381883855,6.4936090770554955,-9.621903498437563,-9.60823609945026
random_0041,random_stress,101.70935737557843,95.18938266220896,93.67559609779406,103.8270680185943,0.9618703003275638,0.964032149959877,0.9782888304169453,0.9964158295821757,0.3334501194764863,0.4406951033517479,0.7978930679150448,1.9382649804658332,-13.85493498414139,-4.497821625598961,-17.547333580565695,3.2414346974699626
random_0042,random_stress,99.40560975514182,86.13505408268799,87.09109833459216,96.08109348516236,0.943412473713861,0.9480919529452323,0.9628843553849122,0.9489295034422719,1.9553574959004214,0.4721142097062092,1.3558710296497545,0.8862376290988447,18.700715252874843,-19.837072007762174,-15.366286639695632,14.460442731406552
random_0043,random_stress,103.02577347405474,93.43972213067795,85.19381703404741,96.08786713969641,0.9699401138447962,0.9864189284825708,0.9913666788309597,0.9966060087234411,1.3590197699909716,0.8095528127576077,0.3599978372327368,0.7013236839306262,-15.949517202773293,-10.04435498314498,-18.790376506203547,10.622753278114931
random_0044,random_stress,92.62298279973118,98.30495043560019,104.4581062463253,94.4609955965295,0.9875968239342774,0.9839432608834965,0.9867294848703427,0.9674796366366386,1.7096800035945472,1.7384203210416336,1.5316774505537394,0.2985449652840586,4.689429892699604,5.393444611386542,-7.026847941964727,9.565880328712328
random_0045,random_stress,86.60295272819133,91.6075042163746,95.8468387789404,97.85517271416823,0.9919245367830377,0.987936557251659,0.9960295119643384,0.9570682590397966,0.5051533021992378,0.30118512510707274,1.3657234622693484,0.7004025311325901,-8.473461892534253,9.154566960684498,7.465109742880047,3.262481561969368
random_0046,random_stress,92.67000850729288,94.00921182482902,87.76227531336693,99.30486680579364,0.9602177784807748,0.991159358747332,0.9904498345540745,0.97133429225616,1.950950968126671,1.0372002698376568,0.033311440837466844,0.2825037009207472,16.08949698456716,16.438378579374827,10.952436167614973,19.885148210362125
random_0047,random_stress,91.97780053900813,90.68119924576932,102.09388425264875,100.18992175188919,0.9409584611203401,0.9423381234929669,0.9589997494780715,0.990806222813943,0.5547351024386098,1.158861549430975,1.9989279561354696,1.0503633592619046,14.027408048242776,-1.566810859110075,-12.478704884311572,-14.671527773575859
random_0048,random_stress,95.19660788033342,101.387601774934,100.89598370792739,87.28583896535582,0.9623315320224816,0.9436317274517221,0.980340463096236,0.9441413304987932,0.4064891117598322,0.06228373837168122,1.2204902717599577,0.35430537637798226,1.979637392875211,2.1227436994491677,12.870429637085575,-3.7867097559672214
random_0049,random_stress,102.75007375340597,91.73151621729465,104.04082039329238,101.04735972328093,0.9684881945229005,0.9801728726581402,0.9794952662648653,0.9503234494300897,1.3265260235146346,1.75927934225435,0.5956593020106176,0.8592789144759134,-7.0419621685679346,-13.02217527245714,-0.7941468894882009,-4.826987044699651
random_0050,random_stress,89.65436198050433,90.20311930737641,97.5981347922629,104.6918647657988,0.9617952622586623,0.9528736758040323,0.9720756008137854,0.9765626743790045,0.4924112673650025,0.7541881141330247,0.3451506269121074,0.5951207363509632,-15.881688037755591,-16.75640470694499,19.86134468896346,19.443881072047432
random_0051,random_stress,85.0697676209026,88.66771868761415,104.5184840514747,90.76159073595343,0.96654997311529,0.9886473934168758,0.9747226898740526,0.9417830197820988,0.18482915240684106,1.0562017840457651,0.48410788413535877,1.7786395788178462,-4.996649395704926,-7.361736882912431,14.539328649322854,-12.868056473934093
random_0052,random_stress,96.22089290249497,101.42588821976614,86.86575834275824,96.78848332137562,0.9909845230642049,0.9897629358460556,0.9538166161227929,0.9886075102219992,1.191147180829339,0.9099297377854318,0.7405200295106706,1.5928672707415923,16.70275433297491,-10.296192990340828,-14.985252135412392,-6.760849170040801
random_0053,random_stress,96.97490268922512,91.96013713516122,86.58089254330186,95.9947819481005,0.940949897208755,0.9658998764122134,0.9638072486788535,0.9785359305969187,0.14797077880751197,0.28948737699137905,1.601712517928981,1.274275603582063,-9.65908649899319,-4.486512063890977,14.617776958801038,16.61607465296199
random_0054,random_stress,94.99456825802703,95.27500272981129,99.07440136604983,85.42706542881601,0.9639399737868837,0.9838055396762333,0.9425233114924219,0.9856658002411055,1.2529368175850883,1.3759741324710748,0.8883016779988537,0.012186667929281025,17.63856892828446,10.40826423388511,2.888547440764686,-9.907262279080257
random_0055,random_stress,99.75164973898315,103.99434359517416,101.850599696463,99.59814415026361,0.9927772318650322,0.9490989664145987,0.9689191472546546,0.9920796414518112,0.3837511919606338,0.7360737964691988,1.190354790681576,0.4303708561603095,-3.032826091644374,8.848627507429224,3.65950951147183,13.300219633734134
random_0056,random_stress,95.80077779225445,88.3319121788914,92.93897952893018,87.00586693318856,0.955673187867036,0.9667081615097264,0.9552523889294544,0.9878950760807893,0.22988393966808762,1.802038554708919,0.7556139345048181,0.7605839255505134,12.534611195153849,-0.22875260930135255,1.5568752010599818,2.5545025367592666
random_0057,random_stress,91.97216928570704,94.47990060892633,93.31830663537419,98.65976022251155,0.9920453584694817,0.9416879823133181,0.9815802048111985,0.9411843272721866,1.2371604995885017,0.6689045101512554,1.3049839138586194,0.47331172279083034,-12.776744934929996,-19.84187619109035,-9.007640374647892,12.009188619600856
random_0058,random_stress,89.94583371293207,88.0917400662531,101.12051865261387,94.40745570118132,0.9612718931695796,0.9616986073751591,0.9490866168523839,0.9465759532452105,0.04417426405479841,0.9171460516826682,1.478794530482743,0.3947861121708729,-2.8832196773025665,-0.21684708183617563,6.55309828459262,-11.325252481385334
random_0059,random_stress,93.10926597076177,98.77785231324225,98.94019183776248,89.76962219899254,0.9902749091972696,0.9677645061101047,0.9673881502422744,0.9905866939868354,1.1485731017021978,1.524207978486632,1.2540476421053313,0.8407528956122983,-17.890697312028642,6.0379177616690916,1.591760433507008,10.954763796243281
random_0060,random_stress,86.55190861685531,90.27240628573148,86.52299649123994,104.66461894907388,0.9509170937138053,0.9944620932393022,0.9573380976462847,0.9954589823526342,1.2847964176273516,0.04938934231754555,0.3323593501236144,0.3522866148745747,3.3479238503048103,8.463654233480717,-1.4281404908499473,12.740455893685256
random_0061,random_stress,99.83982767770684,86.62631767268671,103.86297306442785,87.85248733945505,0.994165395701955,0.9463985312399605,0.940591584596621,0.948305689841337,1.819034080369977,0.8087957998688685,0.5305274947338331,1.2404781736395878,-16.86711692485817,-15.850839254324733,-18.16498868820696,11.733044730664787
random_0062,random_stress,92.55423363316363,95.28543436405994,97.94501235273025,87.48995590030056,0.9546365649004567,0.9460884282328053,0.9976526238776177,0.9512469556591872,0.9927362092899245,0.05359438342033696,0.9472951432898891,0.08596146526741633,-9.087655211963618,7.690053426942209,-18.079565385018036,-0.9975316290617098
random_0063,random_stress,85.05942257512373,97.11909538719908,95.31880697182305,85.15698575698902,0.9869788637629464,0.9961458289584687,0.994127188308958,0.9422523338637475,0.803290614035929,1.972340947555338,1.023381675467796,1.458370232240126,-5.485150841386925,-14.047424804221809,10.318243478724085,0.07787304758799518
random_0064,random_stress,87.51052918671262,98.75754413799997,97.37327953896316,87.90701635447273,0.947357814664503,0.9769243009566921,0.9739771234914777,0.9911779350776254,0.4340060361153509,1.051272930813474,0.7004929560620785,0.5712883208633663,3.5112017142490703,13.80916021082783,-15.28551651713595,-16.498226000713984
random_0065,random_stress,91.12404491772165,102.7338183846626,98.450398198501,90.95634294192276,0.9752662405109876,0.9507210336182625,0.9626372382227346,0.9591349389871041,1.7306259804235622,1.0691326426203869,0.10383690848438178,1.3563419384678908,9.505932610043146,15.91342738222648,-8.571956002759311,17.803418054746206
random_0066,random_stress,88.5371099252764,88.92906328601426,101.7116747478029,94.77672022571122,0.9442442105173064,0.948718354024529,0.9679186666615244,0.9810733194795461,0.030552351222545182,0.987319155020365,0.5536769412766953,1.355644627053415,0.45139222080449404,-18.293723089043795,2.1782890619135564,5.339639307249433
random_0067,random_stress,86.90149909298253,87.22523477192527,95.61862907233245,89.31639355645949,0.9601165994295289,0.9962044848609487,0.9443189543856315,0.9589595507353722,0.43932187505657705,0.6134624393217951,1.5368873159425145,0.7146402637768196,9.078756549768183,-2.9089692032267855,-13.354793666070787,-2.865143840408537
random_0068,random_stress,99.03660026873725,100.8495480998255,90.15298563457452,89.15161815695133,0.9718816111752047,0.9505771248882141,0.9613602747165158,0.9800943900646264,0.050560903286082766,0.05686569728967972,1.2343789546273216,1.442556268892243,-7.579154971047819,-15.699628921122981,17.420393695381623,16.914770954713795
random_0069,random_stress,85.12641029632573,94.85514760494858,87.00400018421455,94.9034518556999,0.9765018440046737,0.9767567716341465,0.943870392079535,0.9865200682857868,1.4172631818282428,0.10439287120372831,1.7494620898319306,1.4172343605405033,-16.689090949155144,-0.3961897389316871,2.1054920049024384,12.666248395624331
random_0070,random_stress,101.70961388861038,87.6178885517437,94.77958440715524,88.44538451077622,0.9482929058140848,0.9943623945647125,0.9667351297304652,0.9898044483847172,0.04624025977612689,1.222178167568921,1.8291839534127918,1.311441485826403,10.227684363677065,-14.280252083439574,-0.9152484274813455,14.906116929514393
random_0071,random_stress,87.30748748507814,91.56921443755817,92.39561503784397,92.24365973791315,0.9614724457505304,0.9450649555196935,0.9888865783437145,0.9777392967087706,1.1802385048035062,0.7680779256306365,0.2826427060916925,0.25715723936084106,-17.662481215825274,5.599947355521957,-2.7300745179731623,-16.905514265564104
random_0072,random_stress,96.95775393494212,95.13069528075229,102.4896127767985,102.39776865665941,0.9838781295939704,0.9617299831860633,0.9589497646549383,0.985246309794405,1.5694720560599213,0.11154000818598897,0.5679324504225409,1.19061844317968,16.75048712851779,-13.009633056203924,-13.423553871790656,7.221063797663958
random_0073,random_stress,104.7429222330845,87.98306077335461,99.25430599405689,90.73315134517985,0.9689283659966075,0.9401664252894332,0.9409045845719358,0.9587886657887634,0.2593114079175327,0.22265814995691202,0.5256360114927849,0.09151367460316107,-11.284169506559184,0.9440499657681123,-4.21709221555429,16.896287489118503
random_0074,random_stress,98.05273857749802,86.0803739049188,100.4242633758068,91.59334288647113,0.9659238061757288,0.9412637373489162,0.9892675088242826,0.9442881643979214,0.7511449201841718,1.37430652930301,1.617791226388076,0.4624793031138306,19.176373610427937,17.486598292601094,-13.604001775462514,2.103312617497801
random_0075,random_stress,96.94105296367344,96.16184725487804,98.28393443866322,87.66162001714393,0.9893295059845437,0.9638895603664903,0.9573036889843731,0.984450188239689,0.7206824092947943,1.8273499132499496,0.05047931057619204,1.235382155401436,14.384117520985477,5.785093699654182,-2.8171790306325795,-2.16411991594073
random_0076,random_stress,92.48789971722783,98.4065746119457,100.25758232965191,99.38052301982968,0.9869640683346053,0.9776429353149789,0.9448436674492156,0.9537499682050734,1.8741542932400668,0.1614212376153239,1.7250939951670627,1.405776888168819,-11.743687066251635,13.981348544090748,11.108689633950434,16.323486177082568
random_0077,random_stress,96.45386195080873,100.25141533756812,88.61076270166149,87.33396113132349,0.9616771738773423,0.9447811429238264,0.9891367087485193,0.9892913981169635,1.4071641083791906,1.6840303420868943,1.431162343965427,0.5593563516346634,-5.4241510305464,6.923007836338213,-19.60144789542447,9.541024606694775
random_0078,random_stress,102.17110046547259,87.25427140736824,94.5433500362236,90.40700039091575,0.9716013731694331,0.9764128803479322,0.9837200904357922,0.9581862205002855,1.2348115704977196,0.017786255690683817,1.8749650473349988,1.998080191698259,5.2403189676578155,12.523081413634296,-4.104054258240524,-17.414873943594046
random_0079,random_stress,91.17734571957777,88.32405371727347,97.7544307111332,99.88518286742452,0.965701847246082,0.9755114707537916,0.9783094813342642,0.956320668747317,1.1828897041036535,1.7409025727650977,0.12099736308792708,1.4665989211383335,-4.233133320825728,-3.1025418189854426,19.74001095103754,18.826077340312395
random_0080,random_stress,85.12924652737976,102.04820362321006,95.600407614554,86.7547067449554,0.9566463928779305,0.9851370493619426,0.9764027692341376,0.966667960011912,1.9112607570765916,0.678514855212969,0.9643493594046468,0.9990522932827779,3.407289688583033,-3.4525422930813843,12.366154893270412,-15.001239390426555
random_0081,random_stress,89.56252535860995,93.61357444953018,88.69014744795975,90.96556842927845,0.965677367444707,0.9524353718142338,0.991062399129624,0.9638769128744723,0.19374755246517794,1.6645235033697203,1.086928051443559,0.978096393129734,-17.6668734043773,-14.802659721973628,18.990427796028307,3.3264143466024887
random_0082,random_stress,104.0456387033062,101.99205082969767,88.53205416064195,92.62128910383899,0.9520669244125308,0.9968229554191926,0.940088461549167,0.9887158191417955,0.7482906894397736,0.5716554383348882,1.8543997961176077,0.6346287832413771,-0.16523696567973367,7.223392630319512,18.84491125238823,8.086993308701821
random_0083,random_stress,86.76261747700084,104.65366560683414,89.26489908931386,90.8330971325327,0.9520433304876544,0.9454588652642002,0.9473349894245879,0.973877773483907,1.4033648501607694,1.3980923530695903,1.9995290366390654,1.7284025807735228,16.08973211098653,9.173045278065608,-6.631488435372974,-7.248968848999762
random_0084,random_stress,92.95469760046682,95.64025146611549,86.6116984817104,99.63124081167041,0.981414152550667,0.9627271420359444,0.9820289557641598,0.9908457913618406,0.6893868943748487,1.9084673543347317,1.5693623536606434,1.0203866935215344,-9.434427863224917,-8.6700524702096,-16.93273605341198,-11.106823373536873
random_0085,random_stress,88.3801967967059,87.83439545325237,94.9435955406888,103.41798388498077,0.9934721943559837,0.9674288370794478,0.9838710546249297,0.9506950885421697,1.8385275110910322,0.35848294432022515,1.6036886213040216,1.541407302432435,16.32682473013965,-4.432739643023198,-18.554611182553057,4.438422516940728
random_0086,random_stress,101.10301514372793,96.9729027324489,95.01763673738616,90.7654009050276,0.9797813435102642,0.9983906734445002,0.9604951085919506,0.9877214501673892,1.8725586128525817,1.5463451564972068,1.4086673945444927,1.1160614494184673,-9.13525883344854,2.4955628941347863,6.5591480409765035,-10.385106887859745
random_0087,random_stress,88.47629909449695,94.70358858315723,87.22225469240395,92.26482229762449,0.9505329092518936,0.9835696085203237,0.9815046380587794,0.9563172180714424,1.5664352010950902,1.6170450010718784,1.372151617557282,0.7257942888931932,-14.306352214147719,8.38724513835924,-3.4918069191148904,2.65463455860087
random_0088,random_stress,93.33647348770025,103.29241939529352,93.67451347670944,95.91086960570661,0.9443018036271444,0.944771314563227,0.9653191706576982,0.9730419175917645,1.7218781090819235,0.10185060471257557,1.324761951745785,0.04961433215588862,1.3580245260960044,-9.438028271074415,-17.8425577373682,0.8266782216830171
random_0089,random_stress,87.23860672862541,87.30663801866447,96.22650744803497,87.47384988401087,0.9476300602373242,0.963090219438446,0.9475004234185731,0.9852081239835064,0.9313193918981839,1.648769711167875,0.7948415519361286,1.549082598985149,-4.948373852325676,7.022196571044779,2.474630843187735,-12.152372429453226
random_0090,random_stress,90.0465186014436,102.36861285155214,95.03857087185034,101.72190757243337,0.9748738657366973,0.9966528510568187,0.9507283587356341,0.9910871636136996,1.2423575930235575,1.2206746563795308,0.7724554011196357,1.93447781994524,-9.468218541558207,-2.4473432738046297,12.476720086878444,1.6499280419299112
random_0091,random_stress,104.16155176708403,94.9764142837621,87.01174879040028,86.95082820959415,0.943512886902625,0.988324106469679,0.9968883306910765,0.9997254046712909,0.045429487835291,0.44765188475433626,0.5231766744016824,1.1319146713096666,3.0321850203973266,-3.465256580473346,6.290324952325395,19.546758457125314
random_0092,random_stress,104.47259527696663,95.67535119390864,102.94428777308929,90.50872904710617,0.9708843416789054,0.987264177987248,0.9855269050215281,0.9567790641877488,0.9222867937891833,0.03229807257731632,0.7616249653639067,1.1212562924999323,-1.3332900365070666,-18.54849245390288,-16.931175864896872,-2.948601552594914
random_0093,random_stress,99.93355150958746,101.8865509757486,87.5976470023193,95.41687030092149,0.9949763439526007,0.9453470264826416,0.9593921426521858,0.9856522882370207,0.10461181312770695,0.8398214375457311,1.6479248328115432,1.9264940439160967,4.34189784455199,13.872466487756947,-1.3579495235326444,-14.392099732053287
random_0094,random_stress,98.80492043200348,87.90322469630118,96.3307876243802,90.06654233008409,0.979441238992022,0.9429619262301352,0.9480857720618835,0.9856516645617517,0.8130001095537638,0.3994207331471269,0.08227592732713163,0.43782305906997815,-12.954757108114542,-14.304112048616378,13.105343734793209,19.03111582194797
random_0095,random_stress,97.94358017699994,85.3766247540843,98.42790338728904,98.38317899259599,0.9877142968051055,0.9674813210804359,0.9894764396286004,0.9835210615547114,0.13722223587905513,0.8478234201504598,1.6307051950600115,0.30481174802949806,0.5816344100516169,-9.018707155877287,-18.745941703702993,-8.097683851167554
random_0096,random_stress,85.00359345726729,102.81056318743208,102.89021357862588,103.31488651470565,0.9453534633173811,0.9624624510234606,0.9566147989280362,0.9403452729793065,1.9165555116432218,1.924086023809929,0.9014973983006789,0.6319237876141668,12.146646123446395,4.154710197796225,-19.452578135017376,17.353447391437015
random_0097,random_stress,85.66992864870156,90.18526269803662,95.92621061584684,102.96690542986425,0.9963143207127014,0.991124097308935,0.9692228115206868,0.952964997907996,1.240641466111445,1.2406653313916125,0.10830871530530284,0.4459757607972443,-15.476183097147302,14.571157780762128,19.376114860710988,16.514334926382077
random_0098,random_stress,93.42869365225562,94.96933683605711,93.72591423568451,95.16092288310675,0.988575358034118,0.9830978076599899,0.9779577059545846,0.9475967297469591,0.012471831481853046,1.7885698923318751,1.0217599774475483,1.6802101177244009,-8.562019010056607,-2.756627105827194,18.31747733804236,5.510957404205836
random_0099,random_stress,95.98871192033236,104.79407716690281,99.98662532205927,100.2614861529018,0.9870315855567792,0.9663602720683107,0.9654540571762101,0.9437587188700317,1.40900055161091,1.398729020402112,0.05522561101678258,0.42351209921546196,14.907564800633274,-19.86849743049673,-12.599844148929925,-6.858270680627494
random_0100,random_stress,94.133396187067,103.86663998301186,86.89780874981099,92.19876313597281,0.9480327171338983,0.9721699116202547,0.9654403003729236,0.9914415354324626,0.8657893623332678,1.9417032756958872,0.9612963949516609,1.0174249644374864,12.764841607540177,-10.451504598318596,-4.44603831920209,-3.3288630208309744
random_0101,random_stress,92.27024527994377,97.85581072495083,98.35850335266397,104.10312014773874,0.9647470834367611,0.9811927543544612,0.9454842324396308,0.9811680236658578,1.17491920508533,0.9652216316277422,1.383960678417818,0.4423674997064666,-9.075831439133925,-19.081364863247337,-8.547280726330424,-8.2891342948703
random_0102,random_stress,101.19460424194986,86.59559232122032,101.00908200178206,88.31419943307883,0.9948592503466555,0.9794326413770015,0.996295200732755,0.9721628960905838,0.8548947234759625,0.7036310011806914,0.42917883895280573,0.20028537501529953,-14.807216599957801,-7.053501827219875,-12.824363189565506,-0.8407394814035785
random_0103,random_stress,100.88026975765504,97.32661494179716,100.10219815960161,102.5029787382357,0.9934413947345272,0.9955847109894468,0.9411581787850095,0.9701219936515376,0.22373561137907028,0.8855717890276131,1.0919920261495104,0.44601556881846727,-13.114099735345924,-7.127611907777607,9.016721817133249,-5.598178248006005
random_0104,random_stress,89.6533712227644,97.22155638696935,86.90022669478121,94.56580172789872,0.9434901321775186,0.9460158724312032,0.9956457098075411,0.940532638580008,1.2484059975872064,0.1707070670249893,0.875422193839759,0.6078718554504541,-18.255036070122248,-2.619340443335454,6.147760839305185,-4.111572623124755
random_0105,random_stress,102.7915501666579,92.16166306073957,85.3187159845275,103.31623399988972,0.9918117768100108,0.978389862586311,0.954233205205644,0.9985193165352054,0.8606803413759778,1.120948402637011,0.32063181024492304,1.0723025612999195,8.73391082599547,6.394136989852739,-9.66471345964524,-14.699538853367219
random_0106,random_stress,99.7088081251455,102.48693819555635,98.29956960502705,96.7066760367824,0.9679576503584237,0.9638649330508338,0.9713823046240709,0.9546583358077421,1.680856333076161,1.262496666424684,0.9011353152034294,0.28951251827201885,-12.708981342479264,-19.77371262066242,-18.512356320287118,18.524552116575606
random_0107,random_stress,100.48669783022419,103.93621955896289,99.61242961145079,88.41276060855304,0.9431457930786155,0.9979158782418506,0.9656839776772209,0.9875012363149317,1.7249811719496797,0.43500696449271214,0.06636411692413535,1.853438892050082,10.757450603589579,15.460671337438603,2.6393303296332515,13.62409455873506
random_0108,random_stress,88.94664973536953,90.90789925470344,91.45342540433302,99.50408437464169,0.9513387468902429,0.9976342279525514,0.9484327064113659,0.9834073821053495,0.1461489991692111,1.6138811431737292,1.8804582350608698,0.44182635395447756,10.58600403077099,-15.364391025340435,-2.4822358859527327,15.872814723350782
random_0109,random_stress,102.90407810083357,99.88952561594166,88.71369351319078,92.8766364760286,0.9891538774425952,0.995798530407825,0.9722434734634946,0.9767756700837715,0.3938848291880033,0.999375926385175,0.24264219635468545,0.5250141723300805,8.020314272435897,-8.838616721320758,14.473792064910667,-13.512155419113775
random_0110,random_stress,96.46747307694139,87.17043430258163,99.73416941606129,88.11380920264104,0.9524420042304936,0.9485400193469296,0.9678855353746211,0.98496537832476,1.7141833828135866,0.5855279565388241,1.0239601211983478,1.246052834092441,-2.38444531447795,-8.726962969575078,-3.3362140354577763,12.488674507866605
random_0111,random_stress,92.50973383499294,85.44999757736056,93.5875219172403,86.68836490175116,0.9882821722764177,0.9846010991812137,0.9743948390721252,0.9879059768777659,1.9690818264765748,1.3353549831193487,1.7137395464945786,1.4934684984044955,-16.14884503970208,-19.113751117209286,3.454351928847821,5.657294461144793
random_0112,random_stress,103.53332869510373,101.09312877026865,102.1877514355236,92.72289518475901,0.9943883131880261,0.9588691127996836,0.986521317970439,0.9982669942831363,0.3786289056102128,1.1151450481437073,1.6340546737750297,1.8143980583479526,8.197354792016359,-2.3517416723856854,-8.807780011277062,14.648115659274676
random_0113,random_stress,102.8609112692158,99.13909451593003,102.82213148171236,94.94984580850125,0.9949848665306696,0.9802190767416878,0.9697944481879103,0.9858360227632261,0.8829906393837708,0.654635717095339,0.9674595401885822,1.341052246230879,7.70564857246935,3.9919545076633467,-6.586601304757331,8.550769993016427
random_0114,random_stress,97.47657866319514,103.67265023604155,94.23157139631394,90.58422646313527,0.9970508261683796,0.9969577677441247,0.9962025235512715,0.9678036652530704,1.5663988816124317,0.7728846143775918,0.9009517969595142,0.08262127464614744,-4.684600491878914,-12.288872137078176,-18.11248602340359,-19.563757522244284
random_0115,random_stress,93.49850288175081,102.59687229529004,101.79302406011684,102.22294803993333,0.9612898950006472,0.9835623262787838,0.961053672967876,0.9571764779104278,0.23077980494391692,0.3835014218075308,0.6885794012307875,0.3297689044334678,-8.297523685223108,3.5928186631586767,8.131794289655945,17.237346579923283
random_0116,random_stress,86.646548250514,89.79317707685016,89.0965546107391,86.50398384094062,0.9826520885752033,0.9952341188058742,0.9645383865280167,0.9808850268817125,0.748945704089025,1.3691186251089542,1.7744596171894813,1.5802127027255324,15.392531010705909,-4.199873429101162,13.34738108937172,4.803669677922651
random_0117,random_stress,96.7463715626757,90.63472923562776,93.27449679526677,96.53386255984124,0.9505747833736129,0.9851606891284052,0.9786994874047558,0.9600907005851578,0.57421002051894,1.249591138655092,1.3222598815201365,1.9002755763227133,12.412812223639161,1.838455743007752,-0.8665087540006722,-5.025926432850696
random_0118,random_stress,88.23763484699963,92.61449570496374,94.1307206162768,94.38776836836624,0.9422859782293643,0.9460461749951005,0.9451947168802151,0.9516018274532609,0.8287546079583066,1.7986211937242294,0.8712275502829816,0.7169405391866108,-13.599288284900979,6.271092669184268,-16.882097099709164,1.1911542427245436
random_0119,random_stress,93.33483419261218,96.26340130489407,85.89227093356577,92.09521002425444,0.9676396958991148,0.972255173165693,0.9547128870774518,0.9697721282337309,0.012192519593607898,0.3147761049595726,0.42890924721210394,0.03056955558226671,-4.1668043391138365,-19.87304357455884,17.759971944513595,-14.857645881404128
random_0120,random_stress,93.58512864672605,89.56531112656188,99.95337936096637,86.83882792518311,0.9838469436446363,0.9639510341855082,0.9979509660046533,0.9999297859151791,0.8991545240681006,0.5660240651533475,0.17776743510513948,1.193327349131237,-1.654499594724368,-8.47724027938404,3.9019188347459366,-9.121832753332292
random_0121,random_stress,85.88461439977297,86.51198090111451,92.12681348942031,96.54703369343898,0.9789776943603008,0.9473612692409371,0.9830286372365012,0.980285568383712,0.2749665635879339,0.15162389880877924,0.5686964994628354,0.8491004031216385,-15.466402969559931,-12.01731074883397,16.739251741683383,11.543264482521408
random_0122,random_stress,85.91415140721301,102.15889071229549,97.71666664166855,94.89379682501485,0.9802673913454691,0.9796859403238274,0.9577071822160131,0.9671239320102619,1.2321464192204827,0.30140128623314855,0.0736335105443311,0.04436207737831355,1.951437659582833,3.1928837344045258,9.856244780640925,-13.50367580897094
random_0123,random_stress,103.4364607522977,89.40834973087706,88.81859612359179,100.22030148382842,0.9896552201506734,0.9918380249267901,0.9713608173576104,0.9868499294922634,1.800457503750638,0.5274930299983991,0.6707447502746458,1.4600211981678177,13.034316330562357,14.953385821445657,14.484353680855918,19.031088110834226
random_0124,random_stress,85.21904776814546,98.44636042871073,86.5840871166727,104.65920103786388,0.9976333276843282,0.9746287450687653,0.9763063861707235,0.9968794042712921,1.7985012778013543,1.2758281199519796,1.3250692456529276,0.8627425174456904,-6.594532061015479,4.030182934556397,-9.43549154824816,8.153589675002607
random_0125,random_stress,102.60356216413308,90.60331230564091,85.9877285148613,104.76682179259767,0.9816553966794594,0.946159148957334,0.9830167459763391,0.9803705917558623,1.0224953023412675,1.9690640953881366,0.7471518459777746,1.4610948250545794,16.00574354734271,-5.6458776017156564,18.839144604325476,18.531772528790704
random_0126,random_stress,85.3499202611004,103.80835310304359,96.58580202459046,92.61927560142988,0.9744688909945569,0.9840023295795298,0.9960998283388658,0.9955989604032024,1.6906739308098793,0.029925207712513613,0.5708490655773333,0.2742130207778055,3.5885210433769332,16.742093809370875,-8.93727455541024,14.15474247704993
random_0127,random_stress,96.44409543383355,92.15925635585918,96.78369791816564,94.0695433700565,0.9905696738442765,0.9980868005142357,0.9668631259952367,0.96969975648036,0.840470683444589,0.09452879410465666,0.9703235534910144,0.7645523226457678,-19.174715910035918,-1.796861334682629,-15.250767969458913,-5.220441301033398
random_0128,random_stress,86.22813369135227,94.67686869803529,103.31983671852524,96.91727477957335,0.9771540403034497,0.9557942710480439,0.9506272933854129,0.9883235051737871,0.7893773806562281,1.4159715526796488,1.9757084956578104,1.1498878756226878,4.825497433489034,2.8775174783132895,-9.886675548664204,-12.600349993131136
random_0129,random_stress,88.7030286876846,93.40896192975222,87.9058613942487,87.99165737895615,0.9651420378525762,0.9873258711301913,0.9508678764006465,0.9712322046861576,1.8098083667736773,0.1753522510574641,0.3589977832901583,0.22853665051493643,10.127945811403713,9.678193163698081,2.0646925818880035,-5.628283062429116
random_0130,random_stress,88.83838912350754,85.04748545848253,89.96446561778588,85.20520474595415,0.9824205096703612,0.9921489747354719,0.9667101467556025,0.9531900641971325,0.46004931817269723,0.8219713869977054,0.06252656112165478,0.3596976485561918,11.334365726470569,1.6699248605793127,10.250720960920749,12.684238819001813
random_0131,random_stress,93.30784640300816,87.89397641385833,86.22687193127409,102.47780693936191,0.9845531693560976,0.9446037292264466,0.9829602416002885,0.9706057731073919,1.1452221979991803,1.9164050844442853,1.6412848590855786,1.5836169410825325,-0.8016485886686953,1.8685658090448465,10.032808245615414,-2.3075408486826676
random_0132,random_stress,91.5480070372788,86.77411148620467,104.40370748889875,101.59087039828016,0.9400497634659336,0.9545852742316798,0.9867239912665396,0.941492833103466,0.8679906888863123,0.9210124164413294,1.2774455466020433,0.5758923702974805,-0.8790447660492928,5.921825992245013,-17.987287042950527,-16.283242272363537
random_0133,random_stress,96.91980792122474,97.38013116155393,85.52819506375012,98.00827671756586,0.9471750426446744,0.9594132946888192,0.9936529314074375,0.9815759318522798,0.6919281591697162,1.7407152656129319,0.6433186989514632,1.2770272873449453,-7.970708309366716,-14.71587429340811,-11.464341380384555,6.085265205089581
random_0134,random_stress,94.69858980591015,90.01247768783156,102.49754913654051,91.66388656862578,0.9629845406805694,0.9477770122906125,0.9478850757558603,0.9918040833677946,0.6108509059369451,1.968158706749428,0.30640460363731026,1.182682509479623,-8.399685176801302,-9.462441237092358,1.1200228187953343,8.869547637228994
random_0135,random_stress,91.16363252973903,102.25800449724126,90.84014538185461,100.22462051834808,0.9878099801308846,0.9841803194258898,0.9633417970907321,0.9870715659972581,1.7260717007082644,0.1668065372381664,0.4149176523123088,0.5926689921086397,-14.429189161577277,15.413428640682527,6.7092788240447465,-4.773765396767882
random_0136,random_stress,94.16256565106485,91.47220649652823,92.68188983466561,99.16673864248831,0.9499052654790706,0.9841827633805726,0.9710667741917549,0.9557535168899657,1.2304012615833373,0.7805294247747738,0.0011398194189951028,0.761513569727467,3.0634271586090867,17.457751152658144,13.78332339583205,18.684880233785744
random_0137,random_stress,101.13486526444902,100.23449054453746,90.63252723006299,89.39090778755978,0.9583809221145334,0.9864882687962206,0.9611556570353184,0.9868467063564497,0.5336189446705266,1.3089738012314796,1.157176979268554,0.3484876589243022,-6.047225257537439,-4.344466573347132,-19.399810579584233,18.766276529864243
random_0138,random_stress,98.95288701065869,85.75471886092217,86.85851992389341,94.29363593860816,0.9431048073200353,0.9455865122862734,0.9989241313728732,0.9828761651968577,0.6826752011233015,1.5879147524404302,0.23307721444510654,1.5019203916690589,13.045739802137927,-12.997024351525269,2.0527616325870435,-3.408203002753374
random_0139,random_stress,104.17555148281181,91.89952307798521,88.72228283987418,100.04061862396263,0.9770466098597294,0.9668297553888371,0.9550737254335098,0.9528755083240648,0.4254999284381207,1.7661696046352067,0.3736064589958983,0.274565460511061,-18.94735311076332,12.410149668831917,-13.30066504176601,-13.26155362758036
random_0140,random_stress,90.9148939120215,98.46790691337769,89.11468286895511,86.5017500308106,0.9735120985086437,0.976209854247793,0.9434172818518018,0.9874135155254149,1.4987014070964084,0.9064344591412065,0.9161111339746657,1.4349250406427947,-17.281583965577298,15.063904532474325,-3.880819640555595,1.11492326486208
random_0141,random_stress,89.2162049710834,90.90975401457796,90.93987819561164,100.48510153833443,0.9879005106510031,0.9757308294892885,0.9624628551079387,0.954974244858291,1.832276605687633,1.9284508287108364,1.0678981740361035,1.368129090220097,19.02016697890585,14.323198919260808,12.911761301974845,-8.194786458667803
random_0142,random_stress,92.78744411060309,88.70173084906185,95.04451098906515,91.98189206411857,0.9677719788138114,0.9674897219186279,0.9704504858827383,0.9722228552595171,0.538295925923044,1.4655927154829502,0.5771591899740534,0.4433065006946919,14.740525661173095,14.864852524709224,5.729018240413675,11.120384860530802
random_0143,random_stress,97.65874842735538,89.40616680755817,85.79039496547996,95.26161933362557,0.965087568315418,0.9929825829165216,0.9910326791866195,0.993062193162374,0.749981289041473,0.6708355083380443,1.7328573758216883,0.7878264914441158,-17.876530491880306,4.673532745528113,-6.988774923411909,8.489501792023182
random_0144,random_stress,90.0133190234068,102.70458055203548,89.29713654128736,89.107479485241,0.9676104010692146,0.9962402866402422,0.9898673730731686,0.9637214555432752,0.6630837500439545,0.004955485012809292,0.9921968873736866,0.1623368580073168,-12.383423071509823,-7.276006692018986,-15.948023953368855,-6.555001461819798
random_0145,random_stress,100.60495776073313,88.68704805546913,90.84690788470797,99.41069318648412,0.9965470440314997,0.960905387493886,0.9544971596509699,0.9837883108186638,0.23710835207898784,0.9301126198573939,1.141926687551875,0.3977848238670769,5.49321395327949,-14.625611905575578,-13.476580281533245,-6.850523019257793
random_0146,random_stress,93.9809070201255,92.79877138062716,85.09269430758141,94.53623848610675,0.9514227224593647,0.9874154757449751,0.9401560448636349,0.9486364932658732,1.1412781602179158,1.8543575733936861,0.38299457273441284,0.5846487398364728,12.441849992007166,-13.263949885745259,-1.003335576482387,-11.716131529888427
random_0147,random_stress,102.73649921694783,88.43225787438408,89.93323327272677,91.63965904519537,0.9724773554467492,0.9407486634081949,0.9922697918847494,0.9639734621128414,0.5963831384832066,0.18610577948726006,1.5041166906581738,0.9593673710236518,16.716937332934492,12.542403677896598,-17.06283846512392,15.619175933331828
random_0148,random_stress,86.39697881906399,89.23042391576968,88.03445747260713,97.10338499084045,0.9984059193869267,0.9690291011303459,0.9732767577366566,0.9433770989683034,1.6692483554742124,1.6890422670171277,0.5395268209706567,0.7645114399121515,2.521947422202544,12.513424152946397,4.4140334525463665,15.980893302873946
random_0149,random_stress,93.16480504770516,103.25579310150263,98.59129608394208,94.57748351795246,0.9593352403686466,0.9841213295555761,0.9528085393324481,0.9994392906997197,1.6181883862674704,1.9727276695287372,1.356200823875591,0.24370763209110935,-12.61026068606327,17.621348088452233,17.111709626106943,-5.243452869861098
random_0150,random_stress,89.77598254604689,92.88419775761199,101.09353858517711,98.53840362972979,0.9427537736766095,0.9820009704127144,0.9852990949518416,0.9769976337238473,1.58130362873741,1.9284335753752078,0.636918761890729,1.617752339691755,-7.656336116550397,11.118441716958213,0.8501040194860687,11.223475401629415
random_0151,random_stress,93.70633685921663,97.03819473952677,94.2943195204714,88.56412846002013,0.9439210876450409,0.9679350939192313,0.9770127775065427,0.9547038240728704,0.3550655466370778,0.9317957059076885,0.8133902448155406,1.6409887996538184,-2.2275657607383037,13.10394091476553,-9.380266447455167,9.145522112528601
random_0152,random_stress,90.91252101949347,99.05684804699436,89.2872212163271,103.98747045831999,0.9899039264177042,0.9614295059304163,0.9735249669982026,0.9943910687497731,1.4154268366772078,0.8772933318664642,0.06245495633187748,0.9859274681135141,5.504981947634393,-13.805912030001304,16.484191281043977,13.687774894788465
random_0153,random_stress,98.917922595605,94.87275653279791,104.5743676491634,97.52654802075662,0.9766829322374294,0.9676829331554269,0.9850469680569353,0.9839592966696542,0.1028579310740576,0.7679647839165548,1.537169771267915,1.093886404718734,-5.021462030809971,-6.1592616150802915,-19.314407117417417,2.6688230747609687
random_0154,random_stress,85.47095448003759,92.8135416268129,95.46467016178494,97.37769788105345,0.9908705249552648,0.9547368854281494,0.9482623086306255,0.9521763075120783,0.011477368027865475,1.3627060976162815,1.8525357835660492,1.8847477856231238,1.1375265082867436,0.7679612273311154,-13.82101713218223,-17.32101145392057
random_0155,random_stress,86.3271939579973,94.81444848481172,92.98889383864405,103.56614625084768,0.9647475733778593,0.9621194205683902,0.9912184396767819,0.9529218436953081,1.7874262756989974,0.4569801323979732,1.4361977134386679,0.08543031491668218,16.88927460252494,1.6943748890997634,-12.737230559128854,16.04916554281654
random_0156,random_stress,86.03722167818525,98.87418970608333,104.51062178952925,87.86523053405449,0.9683543940398599,0.9414933153992718,0.9857190382470213,0.9529322709127102,0.5062427007401551,0.3186790061098541,0.49280793851120414,0.27544946384713703,15.533624966167569,0.6720378526713322,-13.396163933556636,-8.582615560557226
random_0157,random_stress,96.79000788641495,97.35263285775314,90.53886513787087,98.29897487054001,0.9929621648104251,0.9602446771452505,0.9771462151066639,0.952790864724921,0.3444541081398642,0.5967561491972664,0.4935354310548002,1.3087362540135827,-5.653845015040848,8.236767239497627,-1.9541080963580404,-18.25281890443778
random_0158,random_stress,91.24404417662828,99.59491322594775,86.47134039005633,96.25676110982332,0.959190787691336,0.9823048910692513,0.9495401406845132,0.9923618157626027,1.6146472220647694,1.872548673879662,0.4059052827708914,0.6499639495069538,-11.642792072868652,2.709265977784141,-1.9271330230833872,15.58828853935748
random_0159,random_stress,97.49099404282373,85.68554166350307,104.84103183195906,86.11494887513906,0.9692963737080695,0.9429857533558661,0.9684022886656899,0.9985818934491801,0.6702099473007312,0.2850808782298748,1.4184803035203537,1.6042125788110337,-9.840966748958614,8.067106751091039,4.683996026026804,3.21720949511747
random_0160,random_stress,104.35570713599454,98.74870404526717,88.59107897514913,95.08386516200856,0.9983959957951221,0.9718074414022838,0.9456505983128373,0.9593777170300241,0.23546729269643474,0.438214263121981,0.632584552258189,0.29106560943077175,5.798183257733558,6.282886262413481,19.76765287168633,19.230165800689818
random_0161,random_stress,104.95892615087489,101.61374276538744,104.7467665332486,86.80869156995759,0.9566871354208063,0.9881816033665073,0.9487392287414514,0.9833266851731359,0.4184358090536762,0.1729315526569759,1.4041785043899448,1.0902064402155645,12.316850728793401,10.274110891443144,19.93940966529309,-2.3800327074230987
random_0162,random_stress,102.25812880668757,100.42286668306443,101.42402229382523,98.42130166608794,0.9544922720852416,0.9441397115173745,0.9871637000038305,0.983002762230768,1.5889174848133762,0.37507015776422686,1.0987784261041356,0.794907404696422,2.8055015070594846,-7.367707929843625,-0.7047652236957536,-7.872709402525371
random_0163,random_stress,98.31090079172934,98.01990093289065,91.68557125659828,98.63359744279688,0.9497374320079384,0.9469300068780452,0.9830999921628978,0.999440669597385,0.3524922448052068,0.3425927294779052,1.5969004362580408,1.0591015590354558,-11.146630231951708,16.080987870239987,0.9689906754462685,6.086213010400607
random_0164,random_stress,94.7673549202246,98.62679831738501,94.3684160346876,100.87321333126044,0.9930097653236994,0.9691231596346049,0.9836299157938,0.9528101314176193,0.7967434685076145,0.664708642454525,1.1175220953744116,1.8758014902318876,-18.061821355001758,18.034118683315373,5.26850644291915,-19.42971128174117
random_0165,random_stress,93.31746402093393,85.49135002234559,103.08034577371974,89.40079613113429,0.9824147953881276,0.9774323072623364,0.9560008767376799,0.9639803849317539,1.7234243472870288,1.766109546181235,0.5520177648286586,0.29698312409515837,-15.878951740455243,9.718659701230816,-9.891211404615547,17.465242392884555
random_0166,random_stress,88.69058288462497,87.10053264739909,93.04421154366467,95.60025512646257,0.9467002275696068,0.9637095671323886,0.9556251184993027,0.9609219151281756,1.5244187645566538,1.8563278530152834,0.6373073394034592,0.65211533466132,6.870601931136369,-15.854595170582723,-7.47544315509014,-7.576532541440217
random_0167,random_stress,97.00045497685983,95.62234150038668,95.11705574376232,93.31193851183855,0.9927551045998085,0.9846185588997853,0.9498364916534188,0.9997987205574368,0.3956275535098804,1.1083827050170914,0.028549086620712982,1.4785324601755236,-0.8235110897527376,-8.83327344572805,-17.03028762242774,-11.938979544251747
random_0168,random_stress,97.48234198034392,95.18099845068491,90.43216526442842,98.35304581314068,0.9587262062243784,0.9945068027740924,0.9871570254226777,0.9499912561828041,1.8592285544048766,0.9641553519982617,1.8242158225356178,0.8208311356647271,14.680262238757301,-7.954526288938948,17.00358050913813,11.982698794480395
random_0169,random_stress,100.34734228375223,101.72421533915028,93.96042512955592,88.62944169030763,0.9535830624091269,0.952167994434746,0.995627806322025,0.96121963120812,1.43530498222669,0.2687430187155091,1.4135520544662785,1.0621140645809148,-8.493601438264783,1.3217034644964443,-16.585421078282415,9.093501231182044
random_0170,random_stress,101.12962211418956,89.80470115410175,97.15831171010304,88.98090798579551,0.9681172879262762,0.9569118229977478,0.9565241263492326,0.9693757011757331,0.3426862895932796,0.6975354431837539,1.9359475968170594,1.8122376884238756,-1.776221351459788,19.30989505517923,1.0206915423916252,-2.3535236142111904
random_0171,random_stress,89.7564272797652,93.04206728615789,98.64826813778771,86.45022869456432,0.9808935158589185,0.9832329478379247,0.947306998956462,0.975291696872273,1.4004017749956712,0.38347381625170157,0.8722188966014608,1.9872612189777592,12.370828781138119,13.438719036025454,-5.890216062361144,-14.330439966739835
random_0172,random_stress,88.99736002294297,87.08643092309774,101.59645020336033,86.64265708213051,0.9484145477145219,0.9494391944086698,0.979157217030295,0.9577186950691913,0.29346986654437246,1.887980476603901,0.1413051425486651,0.22307045086357039,-2.7515710396376214,-7.118522099595279,-13.746435900643856,-19.00621049114872
random_0173,random_stress,95.75767918053953,104.75480658019282,104.47407785144682,102.94769004204359,0.9698360039771067,0.9912425592282893,0.9964629242785376,0.9747702652486873,0.4545303701813155,0.13562192803579887,0.7927189668137873,0.2656576140936262,14.323612622842564,9.147437603167848,-11.796410234586897,7.403461238594731
random_0174,random_stress,99.29834889015251,89.56170135944747,99.30372663723364,86.36303912160285,0.991216223398372,0.9973391499469207,0.9849098665343143,0.984885912448333,1.2163991012799589,0.7387068125237645,0.09421338970075621,1.8527290571610826,-6.280439615440239,-17.640460197656033,15.964569179954267,-1.1736254726531037
random_0175,random_stress,96.41707302263116,93.09149995062687,95.60787613272893,98.10880393760189,0.9589411858481742,0.9928933756607486,0.9608556942704564,0.991295168408554,1.5628081664283089,1.5408738859438507,0.7421375134920778,0.6973187327321464,-13.341034468221045,5.2170573287591715,12.644633861389654,9.341830117629026
random_0176,random_stress,104.13900280513161,97.9017656833987,98.06106553126239,103.04503689349468,0.9732913527106705,0.9957750881531731,0.943282306267246,0.9664245980520928,1.716245009405786,1.5385279136185013,0.6735890499507176,0.7157444089141238,10.12990024345867,-14.427773977416045,-16.63023499430502,-0.3257099328305024
random_0177,random_stress,102.6414961837247,101.84021835151074,103.13549828381262,93.15897537896801,0.9842326628499599,0.9925016274534192,0.9416906704951008,0.9971832257913793,1.7510171728198627,0.9117637059748818,0.28713877634501284,0.6425490926357151,-6.437848358771725,-11.114624730909854,-19.324431609368837,7.4315524876198324
random_0178,random_stress,92.75383874446878,95.43173032703058,91.19827419153955,103.09455534807707,0.9693317729173623,0.9646137032242311,0.9530713086307683,0.9958138002264534,0.8305041262632238,1.5873402852758929,1.2966056310535965,0.512939155747143,6.372455635738663,-3.781637417941619,-14.130317704162412,3.832552639430493
random_0179,random_stress,97.36570175608989,92.6113449581674,101.35412184959655,93.91494900080184,0.9680404445260671,0.9444276979661805,0.9777022305055119,0.9957589948399316,1.3044721396716696,1.1143780902434797,0.8181640175910083,1.688734894086356,15.410695906124033,-19.048704552601908,3.8319167045450797,-10.840094040258524
random_0180,random_stress,102.1477497951867,89.53062991530037,101.80054536474032,88.25578460899736,0.9720659927613795,0.9464681382830462,0.9973507591055174,0.9816518793529135,0.5590716801107709,1.65058587044135,0.2530862913094698,1.570815531417749,14.858650308546316,0.9123525611076655,3.551312715509587,7.14784410592832
random_0181,random_stress,90.97073103230007,86.14217662425884,101.4166223835199,85.18637289542522,0.9898617004527348,0.9472180482076518,0.9902803596610291,0.973142360300727,0.048643321938855566,1.603688249753031,1.6624730844669764,0.892707075728614,-9.175098099771223,17.658762147794945,-11.127679871591255,3.5143216828221213
random_0182,random_stress,94.88347862540286,99.99613556426151,94.38110029198103,101.67143821695059,0.94954627526643,0.9891707685969141,0.9475803436692073,0.9454234435836482,0.19199042299199243,1.7744428907023828,1.0721788938119368,1.4659936014214012,-16.55541055823499,-10.519058383785653,-18.70509050462255,-14.589485995672158
random_0183,random_stress,101.84450840995804,90.38710566210983,95.98946756491402,94.39554166238162,0.9925015369082205,0.9610443150913618,0.984053492227332,0.9534659093636609,1.154212704647259,0.1258544141523477,1.0285886952536092,0.7757483527203891,-8.481283167514174,14.374745175331558,-4.803372410627964,-6.235927560662433
random_0184,random_stress,91.59637057351323,86.16191151831578,86.27144939991453,99.19370470191946,0.9455092036128481,0.9489034200179082,0.9564249028022728,0.9733882414845719,1.8317975762699874,1.0176292116207697,0.9325840850767193,0.6915374083365846,5.653687420190008,8.947236537486646,7.649885356931567,-14.138109266572151
random_0185,random_stress,94.41781750736531,91.57346608565632,97.5423319567917,89.18814201674884,0.9539786706208764,0.9596915567069406,0.9775068567711761,0.942000223770942,1.1090055341957332,1.5651980545646946,1.5246197447084782,1.7699084328704395,-4.37873814244369,-0.7463285759263716,-5.72740235738173,8.85371678494488
random_0186,random_stress,94.92805187599676,94.46042488289564,98.25129434799618,98.55844758902137,0.9913618061542231,0.9943976322012418,0.9888942743340037,0.9828188261508942,1.7624072567898132,1.5427064344178976,1.029967353344869,1.1175587791172044,-5.939171238048533,-17.988534424940962,-17.436632175547714,-0.4394744486503521
random_0187,random_stress,95.37421229639119,101.28745410607368,90.45759475404493,102.52039594553214,0.9784642150861577,0.9421436615225514,0.9634355413275044,0.9655804603835345,1.9630475650246302,1.396138228311929,0.8664449294597591,0.18809309120806872,19.098900902530964,-15.66355898707588,0.29456652194967514,-1.617249733820425
random_0188,random_stress,88.10185950807748,103.50919101835687,95.1437518912255,92.96315775696009,0.9506798808073784,0.9909570545952587,0.9950991909466708,0.9515700398642747,0.43363633166293125,1.950232910930923,1.036907431384451,0.038331298432517036,11.780348223113002,12.773085054576159,8.338605110802044,0.08455561417177293
random_0189,random_stress,98.82741725183324,94.80230733460486,96.55164476511203,95.67704351419076,0.9469097224210341,0.9892725438113591,0.9659594551403416,0.9817642238673572,0.5366972337121932,1.191614262029715,1.5929947520879773,1.4292260661291865,6.786563005306925,1.5527194254190002,-17.37542829050443,-11.361915692610275
random_0190,random_stress,96.43393052408987,101.54359248955507,86.53475597219997,87.52246846831946,0.9553068714975598,0.963432514259802,0.9582481038232519,0.9695208339117454,1.2338000830058016,1.0973469680070438,1.9364712347062059,0.14989490094423363,11.585588005720343,-5.300277932971644,-12.861128063332771,17.299786417511992
random_0191,random_stress,104.19818825076761,103.52669669419122,100.18439895905877,102.30335714703017,0.9487837584137824,0.9682088352053376,0.9983378492377328,0.9547575705949221,1.9484049213590513,1.350697714552809,1.6838178901158454,1.0219664535582709,-15.674908070549014,9.894630422901445,11.950748603503566,10.171365186221744
random_0192,random_stress,103.38968415429378,101.11860281032429,95.52519767601896,86.49566904371638,0.9557603156035849,0.9558602935087905,0.981389485062702,0.9518910647833769,0.14636884999630717,1.3233205574083997,1.8166577564815134,1.8285086470642322,5.996832490333679,-17.119546061122758,-15.56440762862762,7.782801076362862
random_0193,random_stress,90.45303755012033,91.78376284319667,88.07788274530239,86.75161378117086,0.9630571051719551,0.9667786682580676,0.9551331842269823,0.9558409141252087,0.26863977747765394,1.91952388178477,1.4488166467257149,0.6068971455723811,8.462353041621018,-11.694418684986672,10.95463751902824,4.642667697121556
random_0194,random_stress,90.71234595884407,99.90309334896807,99.60985339378169,90.54777719744274,0.998698103670084,0.9865470560752118,0.9494922440887766,0.968860106987182,1.3301769073010765,0.8773808634909406,1.032979839118201,1.580165666435059,8.188628295666721,-1.7331806337333244,5.709883030548002,-8.379671985754777
random_0195,random_stress,89.75877882039171,96.35753508801531,103.69062477145803,89.16557737532285,0.9419677220636068,0.9613256741429242,0.9985062319313642,0.9620239683374192,0.25832557128354083,0.2866458852791163,0.5123418366116512,0.13885046491228192,-15.548699817469323,-19.814480672470047,10.63176168887978,-16.073192373087085
random_0196,random_stress,87.1522971624904,89.66813650385305,96.26019363075663,85.15537761417205,0.9733652601498233,0.9806165438766138,0.9771599296960244,0.9786988041601596,0.4748719053012327,0.05624115106706307,0.4188922453384749,1.0026350221686393,4.282297434170728,3.403557338797323,16.59741856875277,8.638992266386207
random_0197,random_stress,89.82366069814033,99.67980418167589,92.69580824639442,92.47770278421012,0.983636061343327,0.9774530520671505,0.9872155570698001,0.963445764964263,1.8897464755847344,0.2010804757363831,1.8141624648349546,1.2533072412387807,19.616862697261055,9.309569091013525,18.2743325960126,4.487212824159634
random_0198,random_stress,88.78270023346461,91.27952686857249,97.9201394072936,95.25153107812685,0.9445174034158126,0.9712521802550588,0.9423164416702119,0.9694861625218888,1.4547235764014763,1.654034538303854,1.5785013933623906,0.5492413994289176,-18.63355570170554,12.984469931501605,-10.545813861982225,3.2216996614567206
random_0199,random_stress,94.05903690611473,88.62106754223967,98.94032026895721,86.44585092629934,0.977304991309763,0.9831035048902056,0.9833317746505666,0.9927170544947822,1.4799358064521284,0.714287648646458,1.8154869949703443,0.17552263349370945,-8.87168642790844,-10.415164373160737,-12.686926010609998,-12.925477490956725
random_0200,random_stress,87.22845879560886,103.45261776312651,92.48150088588721,89.19557462275993,0.942029970307987,0.9641509441748954,0.9474280010727653,0.9577536599429696,1.8177354950019524,1.6134535660384688,0.9222653254893636,0.45409518928419845,-4.000233494997891,-18.258652507563014,16.51753581720161,-16.422981175919663
random_0201,random_stress,95.47874491101608,92.60028341962386,85.00329802150962,86.04161145692694,0.9858366471782687,0.9580508005497562,0.993793411840848,0.9456039931248298,1.4701412800776075,1.2029115127523065,0.1743328541785294,0.2553914533228969,-10.160846458744288,1.1908064848874744,16.157440211573864,-10.751655078413481
random_0202,random_stress,100.76401408084061,99.06617162092238,86.57574915678994,92.1493370660362,0.940290110454701,0.976543605573886,0.9868602024597476,0.9444376501877567,1.8244591651890172,1.7570833922149027,0.43590193020132384,1.9401887371883817,4.886188198312382,-8.610687037902402,4.715816906956709,-7.1787756370267175
random_0203,random_stress,87.46578561417962,94.29114190935614,85.8575005190249,88.42106483218602,0.9625247040487853,0.9871730141288922,0.9690900017454225,0.9883606049045947,1.2108495507456256,0.8509184635534695,1.64119817338906,1.7395416648834798,2.1137891911559903,-17.674116615793153,-7.008507013624872,11.028902068480004
random_0204,random_stress,90.86288727439428,94.96456112056445,85.8165816675791,100.31712611801383,0.9416774700607351,0.9408795727716188,0.9782400323639905,0.9611781855225132,1.7389739047235886,1.524033768775095,1.9211600982522317,0.3542905709657822,-9.42502704149637,-8.171001393114912,0.664772737107957,-6.798014665805767
random_0205,random_stress,97.49217815407341,100.8986029764705,91.51773545100997,96.32518299817683,0.942754695415618,0.9609813643945073,0.9869923730202075,0.9889748620980582,0.06830820797724146,0.2128640769166863,0.151322975198807,0.672232957495452,5.481743506110779,4.106558914382141,-4.400023064659271,-19.811899892163982
random_0206,random_stress,88.62447668190477,88.9270670195957,92.96505101188757,96.48695271954642,0.986998835520781,0.9925078460988794,0.9510606558832819,0.972153236129455,1.2860289001012686,0.1465948810913409,0.22330677534146817,0.33601956685827816,-6.041874021388103,15.697726987293489,-8.738213040085059,-15.492894264854463
random_0207,random_stress,87.00989458670468,95.43292173260159,86.42679446275261,100.60086437297602,0.9888725797064194,0.9512313234762473,0.9587974650980411,0.9488962100770082,0.9673235772129507,0.8931957990231406,0.5720196809790492,1.2868771762030808,-12.069902448367502,-10.800776091301856,7.948896163002597,17.527536084093164
random_0208,random_stress,86.55961497480949,102.69392432466697,90.7254345883065,90.8440099214062,0.9442297772806307,0.9670577323163491,0.9828810498880295,0.9663448226697642,1.2528702758285546,1.6676412203720554,1.4263287743870972,0.9976906030971656,-3.6118723629968974,-16.94461798717697,18.19549042694142,14.351420730375025
random_0209,random_stress,97.38223757672664,94.66131638812828,90.46504463960768,85.52352853302989,0.9948347367666477,0.9467962805788596,0.9449116887991407,0.9832721430186279,0.4743957063536799,1.058841384753539,1.3825076813962074,0.6907398156899911,-8.515488755754607,0.8946752374963474,-1.5946458365865013,2.1131704919129968
random_0210,random_stress,99.99085495487748,85.51019947586781,102.46379607672205,104.76032404388238,0.9821487510647825,0.9702095658208343,0.9495644941560805,0.9746106319364148,1.6161544859062382,1.4343631006711821,1.4772985499036526,1.6747495172359212,6.530802821921613,-16.404794411373448,-11.428653864135438,18.585603194515137
random_0211,random_stress,93.7738866921857,93.79573919085874,87.15072375773948,100.59136559512396,0.9919554199463972,0.9494369522371104,0.9479734596462178,0.9442143955585786,1.143516016576106,0.11087332258247717,1.1211690222842066,1.6143413237403974,0.4802482295373034,-17.95161943539377,-18.62993669786656,16.346271788780825
random_0212,random_stress,85.24930326551872,101.93819541116953,85.04231630502271,86.27155581303333,0.9426002531758761,0.997740785073898,0.9881200653368555,0.9405689485073285,0.552825053774618,0.16818901943358133,1.6478920753713873,0.5179881542701152,18.635365031736054,11.012320253840482,-2.419587803141403,10.551271490417943
random_0213,random_stress,103.82712910584523,91.45576131793256,104.21949215105226,89.53744761093292,0.9895538353319842,0.984938923885007,0.9825722225575667,0.9998768697318208,0.08641969719048026,1.5665325952753661,1.064024644389182,1.5264989488401182,-2.8668017568431026,4.060287506804143,17.024566429173873,1.1011447123459028
random_0214,random_stress,96.83630560621981,99.33256943354544,98.64860813224185,100.39237803342742,0.9943492365143951,0.9598537883733957,0.9441089564433333,0.9414032572874985,1.3051052556130378,1.9274146225026165,1.7518801572306693,0.26423183877568235,8.73870169512433,-3.2806425431124753,-2.9305429163983066,8.359508763107332
random_0215,random_stress,98.6794611446385,100.57659403540221,93.29345569900876,103.68617139562319,0.99942757799024,0.9644430883052741,0.9959825421108014,0.9964360554546811,0.25871077427087275,0.3115191351397628,1.2467537247249743,1.7113618475705148,11.927167479728883,-10.564653566291824,10.057000024284694,-16.42660882309604
random_0216,random_stress,104.30208367074042,96.0727221141575,88.45413566432121,92.32091462029989,0.9835620442192509,0.9409638518415665,0.9830718640459767,0.9763714990996715,0.8634705467122219,0.7400689249359734,0.9013441922686385,0.8067256960317961,-19.951234293155366,8.20716819047901,16.944613265682946,7.584581603154779
random_0217,random_stress,98.90488840453091,89.60827906296915,90.369126871146,104.55346372737337,0.9649501961814881,0.9876865995214978,0.9990965434378629,0.9992224566124798,1.799772715965373,0.03158661838275423,0.16225112096584082,1.3898504661802988,-3.607384490674348,7.869439509087108,7.9517409996426025,-7.211410920626871
random_0218,random_stress,104.55519028071697,102.1026579940005,97.40295475276743,86.14088371022144,0.9629764619580223,0.9997304133128233,0.991523024353954,0.977242632070222,0.9484898915043585,1.8482435794988512,1.8832572915614756,1.4379067219621622,-7.104585222321664,4.2495595600230995,9.418889861609077,4.370217170667092
random_0219,random_stress,90.76362808578628,86.7559348400779,92.31463034431991,104.28287851304547,0.9591410217511226,0.9457703367732868,0.9895559509093657,0.9864752463030252,1.4692900902254522,1.7360143353881836,0.39841353963762427,1.1609787395279143,8.99708674618854,10.331735092128259,10.328625054822918,18.81319777227917
random_0220,random_stress,92.00609566472379,95.18016643791273,98.11967941950886,86.86027948213076,0.9420477435035179,0.9943660870395505,0.982626161270804,0.9525547277585019,1.0398196607770076,1.5818478424394886,1.3009240170884055,1.6533326322075985,10.583168733784479,-11.882753226063896,-12.329223955328894,-11.121049401957146
random_0221,random_stress,103.5026989815304,88.92845240217301,89.77364312550544,93.30410960694338,0.968518921258525,0.9438492308545847,0.9752180986193157,0.9871021258718279,1.7382613567519123,1.4960306480378918,0.7811219026710854,1.196873783143403,-17.359607173054865,4.81110799962952,14.14848360184462,-4.516257463087743
random_0222,random_stress,87.3374909872214,89.76406495624295,92.33852772745509,102.81832742020435,0.9997181057427398,0.9485804445155248,0.9562341527180646,0.9784032255089864,0.2877449219123598,0.4503441120005143,1.0835309339982713,0.7095961339233533,14.63031164883593,-19.892834752767147,-11.90457911645716,6.478788991386839
random_0223,random_stress,99.6225757670105,89.5795750557792,90.99516383311764,97.80516106523415,0.9953896184183123,0.976755525853597,0.962481171085325,0.9794151395943809,1.4972799328392339,0.9656864326363979,1.0603846903841327,0.3310571888184979,-12.583628853803507,-8.917210681988696,17.150247716341998,0.5037787981646913
random_0224,random_stress,101.87929223916743,92.53390058498569,99.13994375092155,100.50825661749725,0.9709449729303302,0.9852127219342205,0.9613452148510966,0.9572482288560685,1.2795419794260137,0.9164905536986259,1.8560095723814118,1.440231573669633,-9.677284262412682,6.120951559401164,-11.8947648084995,2.908068364113925
random_0225,random_stress,104.87301862089723,94.72552057977602,98.448769533033,100.90313580782951,0.9402128110986097,0.9917067745584408,0.9834056275161697,0.9481335225298555,0.89224001352872,0.7765685259718913,0.25289120942586796,1.4478840985460637,-8.1294227943423,2.493492412106013,-10.75558164803892,-6.062547480323124
random_0226,random_stress,91.66400845121959,96.68053939880998,96.45667009214921,92.14927098910523,0.9771580273520609,0.9949307062961897,0.9449388619198241,0.9507774001953361,0.33139247476710665,0.6148870024934835,1.73581244176964,0.7614141748369572,15.701712683448257,-9.244209231599472,16.940661275424,5.0170400202271415
random_0227,random_stress,99.36445273675471,103.79337489950392,92.6305324183466,100.91306686496138,0.9918223447327311,0.980430407362536,0.9600824401034354,0.9832301618877947,1.6842486220076305,0.539665856119409,0.12039470176457168,1.7053851965626006,-9.624678499474415,18.230226884494115,8.166764228891807,-8.304707020414153
random_0228,random_stress,89.91989235372321,97.321291882699,88.75324891613072,104.42205232762123,0.9770126234287384,0.9727681383991409,0.9529585960033958,0.9613027045390953,0.632378263236478,0.4550854879288193,0.724027202373645,0.24133412707214544,4.704088400911042,-9.08178558242161,-10.97771076565154,10.597333618697151
random_0229,random_stress,95.10448888324395,88.70040257770083,85.99231740571321,85.52786398862673,0.9743295861505267,0.950645344802809,0.9515574861943044,0.9527482963657204,0.552048253269714,1.048960963728266,0.6327856754348751,0.18459333900592756,-15.157380023776973,-10.243033535361374,18.29317369852005,2.967434046712367
random_0230,random_stress,96.4985699106114,95.06149836794671,101.56226066449462,94.8325747051353,0.9412758313901783,0.9788439136814122,0.9708483997521412,0.9711010380167321,0.5689045076523227,0.6557413080291443,0.6068910425035694,1.848428027414664,11.483323824451595,-15.937571491324523,-18.561590436438195,-7.594517893012962
random_0231,random_stress,100.94820618844906,98.41048310930464,102.78533600273093,90.79504159378462,0.9999089229497409,0.9913547447925363,0.9749218821424045,0.9439355119447947,1.3430565874600207,0.4143410271948931,1.0554892133794875,1.6785475086425743,-6.789622047542445,-18.968222207471737,-8.305738054806696,-13.156872781100585
random_0232,random_stress,89.52159733908621,99.223563246128,85.2585106896367,86.94891739537243,0.9560406042511638,0.9760994363275396,0.9411002955767193,0.968744442557562,1.0422222816275626,0.25415294843199204,1.0484275479784826,0.749013711110313,-2.9322761228413574,-16.64537481974233,8.931345383888365,2.824453119369781
random_0233,random_stress,95.29432950311231,88.31947812011069,88.99865799132812,89.92496422997897,0.9741571096972502,0.968170304160671,0.953858670788867,0.9742585826938871,1.3182374162737893,0.10167725316241727,1.9049252002604584,1.3971850237683425,-0.3072273704348394,-13.976680401820815,-7.280086956999403,-14.838916167602122
random_0234,random_stress,90.44185055369041,85.88703480302617,92.18434535839411,103.69481435041287,0.9824073294512822,0.9974648844339937,0.9469745842885227,0.9524349497047424,1.8905509546260735,0.7988233123414341,0.2822887908201382,1.6246418172375168,-6.657841118649275,-1.1954238740980827,8.80994136216299,-18.953903260301466
random_0235,random_stress,86.41409150078074,104.64049516510555,98.01777064011102,104.5215612507381,0.9939074286281816,0.9923378986485261,0.9461581282832201,0.9964231136543013,0.5910711444957057,0.953394546443236,0.20425361532691966,0.21751130095657256,19.174339671605022,2.1435992076761634,3.4934925783212734,-8.279564348309174
random_0236,random_stress,99.27107638078365,85.2735995781073,99.48470487535266,103.79466098042636,0.9499818575889436,0.9709684481321065,0.9453960661288099,0.9598339514248229,1.2685434834245444,1.9656530076952432,0.33085516847524854,1.1421760548164117,4.006164511483528,-13.251325087143595,-8.46513362584712,-12.315640802657608
random_0237,random_stress,104.11406536945391,93.87733173880711,99.14223211940512,88.0127389889778,0.9774587361611251,0.9613725210275114,0.9509598125144044,0.9698081864626198,1.1530940702466193,1.33805443429814,0.5908066812390191,0.5518035007614324,-8.84297687911932,9.941349251611445,-17.935670938535758,17.43167971640886
random_0238,random_stress,94.4374458574302,93.52241675740136,88.32881869094072,90.61706848047548,0.9508466449227276,0.97693988937737,0.9550248442016084,0.9487867723260878,1.409441584600661,1.921395267224864,1.5751851410644129,1.7775659195104725,12.496322902863826,-8.165945271176017,-5.494820711357247,2.3466779496469536
random_0239,random_stress,87.39747680457026,94.70528967308317,94.27333335382745,98.85971578098929,0.9435007302174097,0.992856102830123,0.995432351633688,0.9575121068517701,0.5592255729161941,0.6718676278149414,0.23245304262915623,1.4640925026705354,-12.689810711307782,11.189175750213005,2.58475159586371,-2.363015905693673
random_0240,random_stress,100.85103921845473,104.50592950616024,100.2547987948061,85.27974971784903,0.9679664397829758,0.9567286708529299,0.9784282062895142,0.9883309847853078,1.852270580422809,1.4683571808429134,0.2503032251570074,1.0781843237956261,5.966979314087473,9.692005056216866,0.637604062634245,-18.27003014405877
random_0241,random_stress,97.96853225702246,96.74070068381752,97.30479338944158,86.66646656179638,0.9502490687114775,0.9480660666217293,0.9623758037132335,0.9856112676206177,1.646388629835627,1.9270925955111309,0.4189297662719431,0.6901800496705812,14.467842681083463,-18.09152721009573,6.898948145129902,7.8043195460842885
random_0242,random_stress,87.51113653911212,85.37921421494269,100.09233548139794,101.42398226786054,0.9881838603180458,0.9940414043056944,0.9647881932061101,0.9744446444181307,0.5023093769732456,1.09743211998984,0.9345662697510726,0.9909587354718294,-19.676844204350857,-1.4836732589580715,-10.518980448341502,0.9947143382579915
random_0243,random_stress,94.44486846377778,104.10116458857591,95.07157035515829,85.50337733296223,0.9420412918601866,0.9865525676536357,0.9509683720894769,0.9992279962519335,0.3563781954797842,0.6628367253677334,1.944500064486458,1.3055196642026738,6.808011121708688,-18.282461948523043,-16.010487730906725,-12.945714318649678
random_0244,random_stress,102.72649808483243,95.59134641887599,90.02930205251877,85.21043074709597,0.9436002365127546,0.9486950165221937,0.9647705786880654,0.9949098389723698,0.9516796164663379,1.0250777263331492,0.540083981846122,1.68711068968756,-2.587140819963105,-9.900664565178952,-18.841813527278543,9.639436277983556
random_0245,random_stress,86.95367385326188,91.1118296545825,86.5552256433755,95.93856341220112,0.9814445803340885,0.9864921770023571,0.9853023233700615,0.9482551244177989,1.330131387260391,1.1183880301133748,0.4615740842016456,0.401156759143057,10.982447439409015,-14.932241413260613,14.926789075049921,-19.91449624141467
random_0246,random_stress,98.25933502837974,103.83918738130444,86.17064706613961,94.86543231383074,0.9450055497414411,0.9805055111542624,0.9571562342949411,0.9626961749728636,1.516899329054045,0.14038139596979238,0.8918892697700229,1.3246027495356287,0.32362375306976165,8.054497651306662,9.272364517324178,8.801944947596784
random_0247,random_stress,87.70028340056818,85.43528382730999,102.73343503153725,97.87085457139031,0.9557031314383461,0.9751283835748138,0.9987872802706924,0.9574869383368702,1.9331802524086086,0.655202134280443,1.4466487912885357,0.954055603742437,2.854333979919015,-16.045614363122173,0.17957620990874723,-5.55403233099419
random_0248,random_stress,86.46406619780774,102.53375561391593,97.1575071975345,98.79975903236479,0.9537416377004008,0.9534611063680773,0.9757564176733423,0.992538939402389,0.629231172530986,0.3624123721109871,0.44626268924449564,1.794666305005252,-17.043483044961395,10.67760550650625,-3.933992418001022,4.922750574212245
random_0249,random_stress,89.94194722537044,93.13025201009081,92.01316675273893,85.1774100066407,0.9905062438931118,0.9821480715372388,0.9983986435439817,0.9798335718531549,0.8535987401484191,0.002833634156605536,0.7146863130607899,1.8219039708433555,15.782209711101016,-14.111483126661373,-5.696454774211395,8.052523839798225
random_0250,random_stress,87.6249139573672,100.2995273919085,91.9852851640363,100.74923799725092,0.9928971546089264,0.9802207049216363,0.9926420730726009,0.9539943784454432,1.3756262337871248,0.1742074353310803,0.37584933006855037,1.1953413564433142,5.731294542930745,-19.35856199811076,11.590030163186098,2.198647888456562
random_0251,random_stress,89.98377986154445,95.0361051904541,90.13149798044408,97.74160630616046,0.9587670329759731,0.9487723479417346,0.9802283528298212,0.9704353263940917,1.2767422370765624,1.4502230722848075,0.03224133591481215,1.6647352068665655,2.4114288990561628,-4.429147896956027,-4.316318664089898,9.290226080543995
random_0252,random_stress,103.61551634856698,96.80795824094201,88.36810062968655,94.74115907501493,0.9881213969519586,0.9941276416487783,0.9791772720020021,0.9493657285676964,1.56914901968277,1.8506130247874761,1.8181565639563637,0.054794209693741935,-8.376941049779054,-17.053573131356586,-5.584499103074094,0.2550535149608324
random_0253,random_stress,85.7797064298236,93.09286694899433,103.31275754776571,97.36592930724731,0.9699187949223806,0.9902018613397717,0.9790052750238312,0.9672670108551765,1.8711405288480172,1.3770328596150174,1.9913243753237695,0.012975195053698265,-10.866168021093255,12.48855851556156,9.178940554198562,-6.7895950055974685
random_0254,random_stress,91.28595131339601,102.54712432201023,104.9961697455514,85.59429689892508,0.9962149630349365,0.9763470275113264,0.9710223745698507,0.9466457015018241,1.849850415307735,1.1425733190567977,1.0898491158771573,1.8634310288994558,4.080793001594083,6.526485834731175,14.4484480007902,9.038481839588135
random_0255,random_stress,86.71914450599003,94.98700204122112,103.86881789362883,87.17060617043943,0.9436480057412542,0.9657132273803957,0.9795314500878544,0.9645214873115587,1.148176145447211,0.5122058343094615,1.6069437205677857,0.6003830660384111,0.04660609406211602,-9.31298167452541,16.64209225781823,12.487789284475932
random_0256,random_stress,93.99854047417278,92.8574941580966,86.34139797143547,103.332541770218,0.9520827206846515,0.9955697889695916,0.9977121189012043,0.940131778550625,0.6498064958651839,0.686699421796167,1.4221141064669842,1.4433791516830548,-8.0035184092092,16.243912662348087,-4.3645690223191425,-0.0844586329637842
random_0257,random_stress,94.25492767480375,88.27221234911723,94.86832780859021,99.50288307410887,0.9943792264763268,0.9549470804997265,0.9960319838550709,0.9554282675539199,0.9552857001772725,1.0510546401022571,1.0146707272573507,0.8896860754986016,-8.359528788438496,11.121123368314013,-9.733378950391497,-14.1260435298156
random_0258,random_stress,101.52609186991202,93.57658145688224,89.603126812436,86.62764751769431,0.9969151546111139,0.9770740933069167,0.9590352255462317,0.9695706650577918,0.9458506215370064,0.6532588721142801,0.3890286055790022,1.472893285409689,9.583131000644496,-8.614409608272613,4.061209964427479,16.74384884694762
random_0259,random_stress,101.44477650995076,87.45681829061516,91.62468214454508,90.9778999426352,0.9621016567865812,0.9647097377405303,0.9472082434784351,0.9931184263114616,0.6707414567019578,0.7604299780993942,0.2936807502350267,0.3142716075529626,19.43614611479154,19.186857536081394,-6.201686012748953,2.7441120763011195
random_0260,random_stress,91.07624160131984,96.30722339621198,87.14544475343762,95.58174915402695,0.9518818199397089,0.9719146920826439,0.9545646901856695,0.9596017101841826,0.14167715206294207,1.916718393835638,1.0956277761592461,0.23008025676300783,-14.904629563473515,5.042727883429943,-5.601659021308967,6.90666905207407
random_0261,random_stress,97.52160327267337,99.2576110014701,88.6376057802885,104.66951073097799,0.9698586890088731,0.9614411188234995,0.9994315481096702,0.9797885557122081,0.18094453457709814,0.5393045039760962,0.5932728445331112,0.22246888357067118,3.9469450933354278,-9.736294792399839,-6.2727520527333835,-13.88646809642751
random_0262,random_stress,101.45632331334181,92.87295382754074,98.9285688986901,98.71717216315572,0.941692948568336,0.9796988687429284,0.9570797586608792,0.9494241802450978,1.1598010402715755,1.8952168321307186,0.1974542285176999,1.6573633903731577,-10.680569247579847,10.696889809679323,11.9879350519499,-9.035732050770893
random_0263,random_stress,102.54420146815487,90.78137105795287,88.72170585083727,86.83697243599757,0.9932783255612634,0.9405023022067271,0.960510782481914,0.9816640631451532,0.7302444260082948,0.5437684364849247,1.0962591288725239,0.6612172392865541,0.8195446529867345,-1.9300797899654487,9.253779111291717,-10.849286640249328
random_0264,random_stress,96.90929721896318,89.35800225417816,90.509727237683,89.84865400551904,0.9862636008752976,0.9731012570345973,0.9870744114261049,0.9694109745365721,0.9940149821243716,1.8674636573483747,1.839093139392947,1.3325991547064489,-15.806484755577014,-0.8224760069361237,3.8478051316353046,-18.191221594574355
random_0265,random_stress,92.02223614481719,94.54884868718952,91.28928584703986,103.74688055288807,0.9690464368552271,0.9838404263336111,0.9842767605441056,0.9703171795334762,0.5796599830570561,1.10577086189496,1.5546298545127883,1.3737175859379396,-18.772803980774967,-5.464890885929772,18.587786063726117,9.868959809047034
random_0266,random_stress,99.03288454473675,98.64061143775568,90.68261518149278,99.0454294055579,0.9763848597484355,0.9408627329993102,0.9795007803145634,0.9858428943356834,1.7809087669953279,0.4457939389029735,0.7541744501166818,0.22095795192778378,-2.444186748448587,10.928292633799671,2.2387801186975365,11.303249742994957
random_0267,random_stress,87.80170028072034,85.08931307396698,96.65060531054044,100.08964500211158,0.9457467613006113,0.9441076188448209,0.9821372626112137,0.9556716407972738,0.8360679797671979,0.8604694953864109,0.007787349870163052,0.04121795070353996,-13.33551842978741,-2.6734296147433723,13.513694961477047,-9.301008570342253
random_0268,random_stress,96.44741965982608,104.01328854535033,86.22814377340383,104.72778262366836,0.9711963200959722,0.9687415308663199,0.9595764667887999,0.967671997299645,1.5962558350321825,0.5995346364658789,1.1504544593601844,0.7941708413225208,-15.33717676308668,6.697885875685317,-4.386644228593872,-16.29493782929447
random_0269,random_stress,91.2726007685413,98.2097371870994,88.34456671704721,96.13608292955627,0.9822277123834121,0.9412288690418009,0.951910671590768,0.9753955224135382,1.259398327137778,0.6318243802005972,0.25719461794185183,0.6315172931755106,7.333420970512017,13.093022810983443,5.889688989298034,11.881589913496837
random_0270,random_stress,101.69824153104372,93.7779422016221,96.86697963396429,104.39605918338121,0.9885069722824885,0.9974742722423349,0.9720601432604387,0.9820587443948171,0.39244962000262684,0.42496363917372326,1.3787330207730033,0.6760021680711314,-2.7384162924743904,13.297434361727154,-3.894855882624464,18.541705922135133
random_0271,random_stress,89.36145043068858,96.94919437029216,88.31560920013699,101.43139043964732,0.960194221578644,0.9576587436246244,0.9838033706888075,0.9445685513469141,1.4312618266708628,1.2913538259826667,1.06444222794463,0.6927384943070081,19.22153758315815,-10.801195320008002,3.5231815405033995,10.07150218778527
random_0272,random_stress,98.95975599049582,99.11547891821124,97.77424064975801,103.27347086463682,0.9591254806063425,0.9633157897794883,0.9709707342174424,0.9700344076951914,1.220440254826605,0.6976210094880417,0.2875520088848955,0.6021547878654403,-15.950118377080162,13.373327481878912,5.9107688207737885,0.7250962422353302
random_0273,random_stress,99.21554611291602,86.29675651335815,93.17235346242121,99.05556922657699,0.9708110113234832,0.9833259766604708,0.9625500712896922,0.9621647754048542,0.802250438559069,1.2785560032091106,1.0258403908758895,0.32931667779871887,15.16060242603032,8.9382911861028,-17.530348882550662,2.3875900572276487
random_0274,random_stress,85.19402996965277,98.80490935057433,94.2565751256795,96.5714751442756,0.9880879575075905,0.989215653498112,0.9418684648363496,0.9428448807453981,0.3283864759853743,0.7617606389404974,0.5626823525135327,1.278875286847452,4.052826262724496,10.06854479255599,-9.353877613693067,-15.776207535362442
random_0275,random_stress,87.39147336372483,96.3989949612922,101.36641185165347,98.28972575717737,0.9637092458716415,0.9483436564720279,0.9797547317074623,0.9691477423251668,1.1365731108096222,1.9232627224900896,0.8943207446484405,0.9158005098498995,-10.28278662720393,11.471838144409006,5.923759372424615,1.2663790520978147
random_0276,random_stress,98.39196707645152,102.60014324657753,93.9055033830723,92.96660909021611,0.9885868730213981,0.9945252038504712,0.9703160267849971,0.9709664209915649,1.5650438003393667,0.040652507412732186,1.638213100468156,1.1909897651769468,13.739815458888227,-16.182412600745387,5.658178949615733,-13.061343408453245
random_0277,random_stress,98.43333280878926,95.65103873175056,102.03175657260378,95.12678333762497,0.9846913963890515,0.9896002896985381,0.9650125439911498,0.96153825545059,1.070175834468602,1.9051708787993977,0.7659580595503428,0.5563350806279705,-19.31311236753817,-8.986146879260307,-17.166984528976688,3.456565632338977
random_0278,random_stress,95.54511311026704,103.38390349327156,86.91032953711708,93.40462200037507,0.9451272401767807,0.993974191049818,0.9883208356591269,0.9883960108960606,0.4105112980726347,1.6949791365744797,0.00916841993165729,1.5785579988182852,16.30327866982327,-5.046215063844741,7.273454778104056,-2.6934781173371736
random_0279,random_stress,92.68426618894438,88.1331831339476,95.24719960062515,102.88651418238845,0.9432326071461964,0.9543434837594894,0.9543815556128712,0.987606587829777,1.0278443026577253,0.952118899872126,1.723293496671353,1.3978944253284977,-0.6687496355807987,16.072449580909634,-0.6742745101300107,7.9846261687194
random_0280,random_stress,99.35927345524797,93.83462131253732,88.8416485508332,92.71503169056646,0.9780365581602796,0.9491173986122583,0.9977001605519821,0.9480956670799848,0.20993628637909234,1.7998496844715723,0.3107397663337066,0.6709035550565583,-16.904183948608495,8.71767753514732,0.6329455857541744,-0.2566631689642307
random_0281,random_stress,89.42963003124413,103.76896285079063,94.16305479450115,89.00329940144886,0.9521504756803124,0.9502526076768901,0.9879354470969811,0.9511236468321475,1.6632347356116695,0.48529863854957567,1.1052298685575805,0.4505996162950825,-18.368897176193745,9.176459494645792,17.25316040744009,-4.86192217894748
random_0282,random_stress,92.65489219138857,104.71065292301124,85.4054873099177,94.77949301790193,0.9554978131303049,0.9504584393732008,0.9459555826203241,0.9512379916327104,0.054670078185460554,1.3749927131896609,1.1162628975799682,0.4305643886525401,-17.09030251473628,-17.030199105325437,18.202151145578217,-2.169889387563879
random_0283,random_stress,93.73478909157781,96.93808662993531,86.48728831914762,93.67078033558553,0.9405714556787458,0.9759059869842523,0.9864548047579589,0.992974531017394,1.283041695689223,1.9765926673256808,1.4295965443228607,1.8325041275625988,-12.140515126575359,-16.836247136174897,-0.9769804985325559,15.73640906770779
random_0284,random_stress,97.48443457349777,86.24047394189212,87.78215185166927,91.73280007062941,0.9742212841791892,0.9790491821923241,0.9553959291041881,0.9547572347637593,0.1950577248947183,1.934829190581089,0.5922267313284788,0.7934341429863465,4.1715295540164155,-19.500307986166145,-18.174555202087355,13.800238636481641
random_0285,random_stress,86.94392593405522,88.61210998131108,87.28917923157869,86.63026853622866,0.9449018314497917,0.9466601352730454,0.9856521658497186,0.9416364783896192,1.5388601729751867,0.8047183477778377,1.305799929341978,0.13870780234736624,-11.080109430810854,4.610350419141533,19.527659150759952,3.8965836595954073
random_0286,random_stress,85.58235921036022,93.92323146432255,85.50340923383523,100.25455467176691,0.980896789375228,0.9691666805251804,0.9687357932622209,0.9744678892325013,0.7050047276621323,0.10926068950061298,0.9805625745813076,0.7263530427869207,4.413587249272974,9.593272269425682,-9.980064922739311,-10.749267326087978
random_0287,random_stress,94.30081685176197,90.46423613109039,93.89789469749209,97.64960243276333,0.9627241859736871,0.9589965173412323,0.950888453383069,0.9618911738768914,0.7287989517378399,1.6473257122289575,0.5129316939984796,1.8188431533878708,2.3037105178627293,19.771029442729393,15.767298957075333,9.509636856947825
random_0288,random_stress,103.18430748088358,85.14841696908704,103.6965115665709,86.31253528673595,0.9778299147957291,0.998863939951344,0.9857506785797212,0.9829918111745164,0.4863560506454765,1.471938839458952,1.5426570983500862,1.7666931427434815,0.6961671362767419,-18.792552686731856,-0.7348376452884198,0.2190877216667264
random_0289,random_stress,94.28695014133548,91.40691691777891,90.99381935868104,90.15325848932089,0.9655571148231441,0.995442305980554,0.9621024673576033,0.9859802061603662,0.36593507396990144,0.8764398677823333,0.14489032162694393,1.7092524819736734,11.215827297510327,-0.843009653260185,-4.472447233595918,-8.341925392370694
random_0290,random_stress,93.36036245400227,101.933765021587,104.40742334555331,103.03670991385407,0.9627721971940393,0.9867209762845763,0.9959231406862655,0.9818736453337985,0.7293701448874779,0.01887435982360519,0.09663197067441098,1.813113969847967,-15.730254848507062,-9.958968525843668,-13.16926050960738,3.6006046831859173
random_0291,random_stress,91.72663155104647,100.12335535091698,91.55640691641072,94.87918186956205,0.9966985612764862,0.9859767191219709,0.9760620913729705,0.986036209798208,0.20119319090899657,1.4494204647120632,0.363482798208254,1.6947051089581957,2.522879857881688,-19.855725547580324,-19.777816628998856,-1.1518623061118882
random_0292,random_stress,101.82873411835261,89.12857134592376,100.92765469752804,89.83162636426742,0.9887415499018819,0.995453805174112,0.9690857165526588,0.9657195093844118,1.5733457538882267,1.4866234268934513,0.9219847189686561,1.5909390813629476,16.398168180013883,-8.727347598197825,-16.712235141853338,11.017573698309997
random_0293,random_stress,94.82672482228269,100.65460374346078,93.61016348981073,97.23186643303583,0.9755906093883192,0.9940518319319754,0.9647864110113566,0.9436865555927872,1.3211236629907874,0.951767850413689,1.308795181169484,0.9348493461377625,19.673358634290707,-14.103320471406269,3.650548318532243,-10.726216333223855
random_0294,random_stress,85.73351016989172,98.91104719608428,97.56227200449743,91.87681693931042,0.981427114404365,0.9782482001630225,0.9516647962581308,0.9434307548583898,1.142311827941896,0.8922357680629149,0.769059898690517,1.0942066240573922,5.4188511454565,-2.221850875609994,15.45383742988722,4.963405077329175
random_0295,random_stress,102.48583688258672,93.52388428353609,104.05512186059491,91.58185658765423,0.99157430775641,0.9874164735034109,0.9400024212335027,0.9787942429579077,1.4743105974121897,1.6347674538354686,1.850719656428027,1.9650979829989221,8.46755158098793,19.275173208014063,-18.531583303733402,-13.49344717536435
random_0296,random_stress,89.1977870869173,93.89584947774026,92.37392502649077,94.82459124526392,0.9567325960785694,0.9771125689587145,0.9614825728368411,0.9634817297047775,1.9283663168699365,1.4281245375219978,0.03457366374111648,1.466702312389099,-6.110381680425565,-5.970532861424744,5.605120531969789,-17.497950906969905
random_0297,random_stress,90.688289936035,99.99933765653788,90.98074604516955,93.5823012400876,0.9904754791575148,0.9874722644798959,0.9759182529075796,0.9453260765322853,0.898691667657761,0.7305311563059367,1.437893761245465,0.7976972989639464,19.044782721752217,-1.9627874303201764,-16.18337614127322,-10.708754843748958
random_0298,random_stress,90.15017440875224,94.16099412834734,89.02209359514283,99.10830402471179,0.964865785737533,0.9960230857707868,0.9919605641809265,0.9735622027359782,0.08560492913341111,1.5300919893514342,0.9690314177440251,1.531913542909329,-15.650254079612896,-4.188991246997507,-0.6626913585855743,17.639901050601985
random_0299,random_stress,85.55536707562969,98.70985782991093,93.15130314048966,103.63738706198865,0.9594380314542486,0.9479515725715045,0.947280025293174,0.9540145225296535,1.7243839768274944,1.1293716334729387,0.5415766859376563,1.2715344509884257,-18.14662110163362,7.641339279302031,-3.272215003740353,-13.60428899264651
random_0300,random_stress,99.8110964727014,91.10772214872806,88.78304412475254,103.65486258898603,0.9882013999580325,0.9827550332421436,0.9606794675532062,0.9754171945955886,1.9941343568498338,0.1869090249562284,1.2892527597088177,0.3199928329853168,2.711284041832216,-8.043987912051143,16.546905027649093,13.15294481775064
random_0301,random_stress,89.85799390215718,94.99185519179304,103.98155137514469,88.10654763840678,0.9956456956858692,0.9671520881230619,0.9436056487042583,0.9464521826937193,1.358821772788086,1.6370608464787773,1.807129000769671,1.4307488218558106,-8.873919613905494,1.4773135778237734,0.39848833186678423,13.908079256521084
random_0302,random_stress,86.39695767397924,103.3064720549274,101.31358782929338,103.37153074684451,0.9496038009408401,0.9980192753129428,0.9794823647916318,0.9542866790040488,0.8119489605628585,1.2152955623366464,0.3955517768932775,1.9215204623709716,16.194348723943442,-0.6421167904948266,8.71207945243265,-8.285978131728493
random_0303,random_stress,96.21245832894604,88.27907608985147,92.22897851535835,95.53812352308266,0.9476404585499364,0.9573314177528648,0.9482855446646006,0.9968691074914405,0.43427757058741845,1.393083889582809,0.8546225477707019,0.07801065013482411,-19.30717684323207,18.407544787304772,-8.912699910870622,4.7668348482316825
random_0304,random_stress,95.55025007446892,98.85197269604815,98.75804239094255,90.48502136340286,0.9433171480109451,0.9749297646621473,0.9405406035132263,0.9453684704411605,0.7365273091519371,0.3770880778218486,0.7075473558095431,0.08083227399851145,-1.138890732580844,10.800704007858496,-18.358321393258255,16.69443635928654
random_0305,random_stress,101.86028308797557,96.88240175034609,103.65058496145457,100.62205342119361,0.9630277982872842,0.9927306431090848,0.953990402815568,0.9607650490127481,1.4997943857555438,1.1316893675731379,0.7243483482672843,0.35193145505605816,12.162342221158081,1.8703479909221787,-13.024317194625521,2.070502261936449
random_0306,random_stress,93.74943855376203,100.63617085605976,95.54596689432319,101.9921956955015,0.9649673493120706,0.9573758721978891,0.9960365089131846,0.9808554201383786,0.709784889055185,1.0373591711499595,1.489697277077289,1.3305193426540676,7.263680763933964,10.027263543703512,-15.257225974648495,-19.348632171432442
random_0307,random_stress,94.77686049718343,85.85295274133644,97.81141353703894,104.30175402713792,0.9958337464029051,0.9644104600027966,0.973166279239286,0.9660728654176909,0.26828343949431943,0.9866979362687888,0.41164873180165173,0.565402467351682,16.756893703042937,-18.4221007862285,-18.22283819641854,1.6857042640535935
random_0308,random_stress,94.2961402369629,103.93188188276916,90.4265588639865,100.96863898877464,0.9570281390933744,0.9661754884648533,0.9986448481439518,0.9851202786766813,1.2110905439610469,0.6725344471741062,1.5317185506519588,0.23265891398728702,17.52963801148362,16.924860837442584,-1.1835447371036034,-6.695050063289294
random_0309,random_stress,101.09890812410049,97.46400871774296,88.29273243733152,100.11768885508133,0.988905711595339,0.9891476068618251,0.9658578062364009,0.946564343009401,1.981053713604092,0.5715948027911322,0.8846475980379962,1.1234822434773712,-1.2179464208170643,-2.8221928450220624,-19.108071681215595,-11.054641760651176
random_0310,random_stress,104.95314290016482,100.41378754320662,99.11172971606518,102.3191019810695,0.9706846261239127,0.9782340729697778,0.9552118380757103,0.9782209676399949,1.1570770133334083,0.5367321879106821,1.5868912862203952,0.6173842743007942,-0.9641260000922136,1.9315889022954957,-0.287489341278655,4.0276256281951595
random_0311,random_stress,101.42946416244109,92.47180878749099,98.47495370083445,88.52064943511448,0.9723255937974589,0.9659704300574937,0.9591479369527253,0.9644472788629554,1.9640256955436903,1.706561883826266,0.09462905335083562,0.7095203088052118,-2.4971154752024427,-8.917117383129703,-19.67210130034047,-4.959224036177825
random_0312,random_stress,88.7322060102571,94.29264354893758,91.44859245554038,89.5587049667491,0.9534208331816146,0.9634618141692468,0.9458180654423919,0.9876305836952681,0.2637505399838562,0.5650312003643716,1.8586451661425756,1.1039188272496117,-6.440511323177529,-1.6728422803749021,1.0470217687448091,-13.088165401145929
random_0313,random_stress,91.81506109651495,91.85568923616155,86.92817785723263,85.27702994410681,0.9579591136394959,0.9501238223946542,0.9935918394629923,0.9778922071195475,0.34050668796962835,0.33103579431541474,0.675993575823157,1.1853274451310967,-19.874332322485877,-14.759331068412651,10.178034387761885,1.3050086546537365
random_0314,random_stress,95.8526973681548,93.74925482038523,95.15595716208756,92.46033528607305,0.9525333166121103,0.9948731597238732,0.958584804906632,0.9819717433328222,1.5725336621272272,1.5770685545492042,0.29671175049227316,0.03001257993473772,-9.20566320936761,3.290705881271543,16.971075525600522,-13.860837949826571
random_0315,random_stress,103.86303003657197,94.93879055312227,93.62615799528386,97.853774276579,0.9955511834686723,0.9673956312931972,0.9612571625988083,0.9935670735843939,0.8928474763293693,1.3301656777904762,1.9205811691430825,1.6373619308990133,7.323681531753743,-6.206847770102173,1.9383750784311582,16.939195871797125
random_0316,random_stress,86.9856304396685,102.45034996088685,87.91124641945828,102.77289040336659,0.9985262394547725,0.9520969764498868,0.9498700947528426,0.9421017974569232,0.2812396137589346,0.134529734924129,1.0675759947173904,1.5168913232546828,-14.003233692892234,8.878644574610068,-15.53614880313225,-7.778802112359968
random_0317,random_stress,90.49276419392966,85.9670480896371,87.52896435198963,89.68054465676543,0.9859226933934652,0.9541959314508834,0.991034828285101,0.9699868747542204,1.165429448707225,1.7520250550112801,1.0023869822252145,0.30680383423124935,17.535093297841758,-15.289994213673811,-1.0200635465864138,-10.18245359105817
random_0318,random_stress,101.15812637874693,102.32914142123602,92.73296373207957,97.13031205404215,0.9763633578368356,0.9517709699324874,0.9737393507479026,0.9519342676496466,0.26046510114377086,0.17764498177763244,1.925881877092583,1.4013323027664022,-3.5240297626528694,-6.8363967523108204,-2.065635732087534,19.40239556882027
random_0319,random_stress,87.64082510756873,102.79656680986608,88.75612362082715,100.49809481357693,0.955716807457686,0.9694831543295045,0.9512403910010172,0.9784539410370617,0.487634213652507,0.8973619241816443,1.3187769238208762,1.0179442836522317,12.483466132097893,-16.15202719578166,-11.140750719175223,9.276407367930695
random_0320,random_stress,101.07593596831849,86.40920726633267,101.46859386752882,98.77714062699896,0.9926652038431507,0.984446546492976,0.9959991005920528,0.9628960049712789,0.4490610674389457,0.263257662393126,0.7682670332214969,0.5107095191832378,6.343588923129375,-8.095076265919502,-2.539732109526054,2.118405087917705
random_0321,random_stress,86.5443981759066,91.89300679023161,90.3748434239953,85.88001009008109,0.9748870121139002,0.9996176975269553,0.9412135952667126,0.958345996822116,0.9216179900160999,1.3752123720232432,0.3889126882234868,1.637528472871641,18.10965176836462,6.778380557511601,10.61403701279977,-6.692569055102906
random_0322,random_stress,96.53259232277746,89.11238943919939,93.30914231964465,87.97530919621903,0.9792142851287057,0.9996103424889244,0.9938387340114138,0.965636893207896,1.8123635074562505,0.36040905286812386,1.6262403179705796,1.8719542360571981,-0.111326615428049,-17.413840772594877,9.341942666083916,-19.633194770577248
random_0323,random_stress,88.69133148794309,95.70198618238872,86.93402253885009,101.09428185624279,0.9688044155636124,0.9713692059898192,0.9486952824268481,0.992852687213248,0.5648907904839959,1.8957857969101404,1.9543086278656736,1.3104746356841168,15.060408436100694,-5.841323837790884,-10.389611420531262,9.444083992629091
random_0324,random_stress,100.25508417913116,101.90643322626475,97.01772765251371,91.42204640083929,0.9682014073817807,0.9413808139385025,0.9437877875871027,0.9621297425552053,1.5292433155220433,1.0269556772815436,0.6136252671845572,0.6819606412591059,11.65162431321431,-0.529591468995747,13.937007444004896,-15.970504815663498
random_0325,random_stress,95.38849678997522,95.29267618727145,98.9324271799028,91.54508318477964,0.9686288634501866,0.9637781121633215,0.994692747675378,0.9613313386892183,1.7172743876948837,0.4188521095246318,1.122464161441099,0.6680592579243942,-4.041404702732874,5.587286475181519,6.907910248585782,-8.250695141809858
random_0326,random_stress,95.02145075404941,85.32772000865161,93.11146692712067,90.51892141101928,0.9861938645856044,0.9608259343234612,0.9748715447741475,0.9913455176531724,1.3525892273584037,0.15074551306144013,1.0001987000546118,0.23746128859497917,15.071564344625369,-18.54809176661526,18.444668225015626,-1.5311742466786527
random_0327,random_stress,95.99837497742179,99.8722712959337,86.45707436994626,92.04397068165301,0.9654282344208227,0.9783406399038133,0.9667180999213745,0.9483325506091078,1.0380438694822613,0.6592555347616512,1.0401918532438952,0.5418365874253754,6.284473553107879,-2.7922680334920402,6.754346167238978,-2.9344143240172738
random_0328,random_stress,100.44322869318756,101.98851133541054,90.39426078072368,98.53882793568387,0.9550918847497636,0.9973515741796264,0.968036507869493,0.9426909922112977,0.6960674142633289,0.3675893874117899,0.48886119204821626,1.6404940627629194,2.693071296893801,-18.288633916057165,-1.238058026924782,-19.62709930730003
random_0329,random_stress,96.53323337621606,88.77425094902961,97.84031437188756,104.43724879164249,0.9586295217738825,0.9547524714567384,0.9952489244917794,0.9695531141588765,1.9899616605283479,0.8591932699888565,1.702017484542073,0.8664282769717304,0.4012497554275285,-4.38820985526807,9.09856461848744,-5.450513220304978
random_0330,random_stress,89.71822209710186,100.2054474564898,93.76180214668119,95.63903094590428,0.9448095819156925,0.9559047486194193,0.9824060454981963,0.9532072113029149,1.0827307851363595,0.9515446678815767,1.433133725954637,1.0132041867573756,-19.605048874004837,-15.897162143389071,10.068961915276118,4.61142040034936
random_0331,random_stress,92.80021359281545,104.12207582264128,93.03999123144472,103.93264898531415,0.982785425665568,0.9463392544235077,0.9534084940922263,0.9450966182520155,1.3096793067498893,1.3087611735519888,0.2558583204382554,0.4071737334410819,16.448238374741866,9.4401223279521,1.565774460510423,18.62834264576344
random_0332,random_stress,95.87940633393009,95.68039545291501,100.42541370171472,99.40616116506447,0.9581648836106378,0.9449390728061327,0.9553507133504736,0.9727891784960188,0.5982510818966862,0.5975193082083028,0.72244972211742,1.4928608996383848,4.887930192380252,-2.333610236950401,-16.318746986795688,-15.356976472785133
random_0333,random_stress,91.52354635819617,88.77915328348686,87.89146253081522,100.26386093149178,0.9509562526600417,0.9489529292015162,0.9473535829338775,0.9525902442712464,0.6566240471837959,1.7533959622413224,0.8095441361187554,0.410668274994181,11.506373621155435,-14.192491906248206,-2.1254373084972533,-9.512151646295614
random_0334,random_stress,95.11273993520813,93.50330705363423,88.25033359751767,98.75740424599776,0.9959117873801779,0.9625390220367978,0.9558821192701505,0.9787809549356592,0.5811025962042415,1.303500471524066,0.19474310191632926,0.8553566074717409,-10.988076217489905,-17.010291761429052,1.2549281211721297,8.992656956256045
random_0335,random_stress,93.34963497547069,88.69321048796358,104.49967715131895,96.95246187763746,0.969968619140238,0.9720412373612077,0.9528667476183619,0.9953519184565501,0.8783645943918794,1.4399795063488037,0.4832471862165373,1.7619127265154377,9.909560756777115,-9.082389787916906,-1.1575436685572482,16.462000694565802
random_0336,random_stress,96.13078748271167,101.08563848164549,96.28357646244034,102.91415941924782,0.944393403418767,0.9596354582261405,0.9576543817806134,0.9534983391252956,0.4399535589572352,0.24328011282849515,0.9615029895329548,1.535109411126445,-15.032617039592013,-10.392834033006952,18.85814330096723,4.803886660984542
random_0337,random_stress,91.10123107847048,103.63429918042009,93.38168122819678,96.97985396727249,0.9792892360588409,0.9724933365061911,0.9954081453419467,0.979329337715376,1.545306156668486,1.581967295628386,1.1174299923570787,0.2210669077844889,11.697509376753938,1.7697848722261744,2.7281252096819664,19.458202231176408
random_0338,random_stress,92.7216529810891,95.43019487498724,92.91618542851128,97.31830002710797,0.9710140994245344,0.9567615072351523,0.9654593113149553,0.9594462893845643,1.353936085756164,0.42608411883489006,1.99339394689154,1.0892524666100036,-7.91111152946153,9.904133152419256,-7.747888523723496,-17.17682127057808
random_0339,random_stress,93.36530646782093,100.05816283076093,102.01526578835801,101.95122604433637,0.9743715369749325,0.9911984922531311,0.9842071743561654,0.955450690533,1.5188154387832147,0.9033602029811365,1.8541403923271516,1.4631706189411697,1.5054594322681947,-14.798484224961715,-0.6837332298185927,7.270720812884663
random_0340,random_stress,97.02821562588086,103.81097374338322,104.83302927909479,89.95729015079647,0.9665912286236801,0.969756987928001,0.9691360547715544,0.9808333603986497,0.30197970877544655,1.1846729028655016,1.8965836368077826,0.21516360663302295,-12.316513109558738,2.5574628103689445,1.1987458359178227,10.020092448701021
random_0341,random_stress,99.89576599654599,85.26339760117669,94.08153750195056,96.38269226679046,0.977365596006981,0.9929277218541286,0.9685133222046285,0.9689830998178778,1.7808096307092973,0.657907719326269,0.6521477391588884,0.694037491780024,16.05437050484604,-4.163070779777707,15.186008303007576,6.883636650056166
random_0342,random_stress,97.70669550890416,88.87349896407156,98.62043594449814,91.0447101327058,0.9710670992114381,0.9448358364613649,0.9646969795590233,0.9580487153063474,1.8281507112260091,0.7307100215416922,1.4759053715693935,0.6952419961956582,10.755131164433083,2.209285383416626,-19.78946363696847,-8.947371981140062
random_0343,random_stress,100.83622903020252,97.59070932819037,85.02910598621989,103.49159746364244,0.9420757413667735,0.9564847347559671,0.9633711158223566,0.9791064105672249,1.399144077922374,0.7450839621071533,0.8350471053536461,0.15374038552469527,-15.9007204354765,6.49522791821981,-0.9141929346874766,-16.642947593223127
random_0344,random_stress,95.84574306390549,86.35389706407537,102.11949011989162,102.2622862953214,0.9407955266598017,0.9606508269208567,0.9609979507404306,0.9489852959888834,0.4032258620912592,0.21210992285017438,1.5790489239693126,1.8835538889242562,6.6991429747948805,17.94875797721316,-14.482744443997607,-6.065226946923179
random_0345,random_stress,92.36082707270248,90.67224075444327,89.94359480152976,92.21313102244284,0.9477485765594159,0.9618189818774248,0.956660363551244,0.9808199336203992,0.9067004337892091,0.921791844528236,1.9487057689566338,0.39600321245030634,5.135714965192846,-1.8062149023570484,-13.01652009814163,5.05355326121796
random_0346,random_stress,92.35878374777103,101.71159938298472,101.01622913032155,95.54996392503035,0.9852847599799028,0.9851885764664181,0.9496213491828,0.9930859896146194,0.8365768337327857,1.212737900913292,0.1566276654616272,0.8646724733722551,-19.481268645111665,17.734299865117492,15.822663483962751,18.685958151065087
random_0347,random_stress,99.66400123080024,88.15152917743008,104.19475132996043,95.01292528203984,0.941127796596007,0.9896862914086593,0.9613837143372552,0.9986437211222534,1.2717182390497859,1.962967640317578,1.3772429395029135,1.821074965837588,-1.1129689833548406,9.312246174602974,0.9333292916569569,3.7565631427697754
random_0348,random_stress,90.63517329833695,97.54742119541757,92.30588871787434,87.238848990657,0.9426579182050665,0.9554300488383559,0.9473636965973531,0.9652106835044516,1.8422089443748837,1.545174946062527,0.3084252000540737,1.6305354178593974,8.881515380719538,17.970612782242156,7.523852302992169,-15.575639559432322
random_0349,random_stress,102.52088724994277,86.42464901049222,97.41692986279787,100.64948087721493,0.9992279092433002,0.9540256744257029,0.9583800683180632,0.9836479299682327,0.3211011850863854,1.9489224272953498,0.058177902249433984,0.033540792602200664,17.558615959001376,12.724221373157928,1.271803669040712,18.9851171558337
random_0350,random_stress,98.94450140334015,86.79003823398116,87.24598684951724,98.73652992984617,0.9581493397899368,0.9869754953013117,0.9543566229853787,0.9904786298909526,0.3622665422561133,1.5391990746145694,1.4894107564630468,1.4048549670018302,18.363117208419485,-5.338961657992982,-16.082835293532177,-18.252572933742975
random_0351,random_stress,99.69173670963667,87.9630431690428,86.84848613025889,86.66602053853745,0.958418011484786,0.9787767220091632,0.9757064067100553,0.9997715462613751,0.6010026624666895,1.3202087290211977,0.21425986884351111,1.0396008135334336,-17.24069079189888,-16.164593496688155,-19.425179970784065,8.513842464792226
random_0352,random_stress,103.81921897650827,97.1022204799791,93.73915151760326,88.28652209445188,0.9490001880943454,0.9527605133612198,0.9999491437589966,0.9964450901703578,0.21338435340219308,1.6241233809827276,1.3429502726672382,0.8485272607449296,0.8395263612234549,-4.048796437428925,5.272858799228111,1.1843816942192698
random_0353,random_stress,91.0910136421244,101.08477569698113,92.04560954711032,89.1847032502127,0.9694410469452116,0.9568844624620891,0.9683819653319351,0.9429061558900182,1.0293831433677796,0.6622339661136862,0.026373858909747527,0.8483725593803646,3.3999321109096448,-1.4341069250482574,10.187751890469361,-19.269828677774974
random_0354,random_stress,92.28375841948616,87.834179584557,96.86041117925609,99.64350762420075,0.9589294919926997,0.9644661664395312,0.9489115671326726,0.9687545269373674,1.667583343318127,1.3747483021669158,0.41711951021707505,0.44625629684923745,-14.627486483846086,0.8638680829554657,-1.9522066815972972,1.4990212525653135
random_0355,random_stress,103.85601682224632,94.82029618788877,100.16098992787441,93.23186075354307,0.94377243502978,0.9572964315742909,0.9859677774598811,0.9574212962201585,0.4241262201761218,1.4202415703623896,1.207700978653194,1.4304821926521034,7.149622205956785,18.76942785017252,12.255773566613426,-18.400549195206217
random_0356,random_stress,87.86840073260741,91.32958272985323,99.4004285034911,92.50108628270202,0.9931612634192472,0.9926070231512607,0.9634364087765135,0.9541358715721648,0.041550904915356845,1.9293416794167537,0.4372251114729484,0.7731585882073291,-14.299880967550829,0.9861065229595534,7.028450557387269,-7.439592106690767
random_0357,random_stress,98.59668671217374,91.85114395845432,86.8357558344831,87.84006138893429,0.9415934641394854,0.9590807246367353,0.9411507784881288,0.9820989213599657,0.17190090656899715,1.7771979006470289,0.24997177567406403,1.5628617365757005,-9.813554573042445,-16.367478133005836,16.983069382211575,10.222346212102554
random_0358,random_stress,98.33268908794966,89.39336139808327,102.87098385546028,96.87333117949291,0.9692105163433046,0.9815266330001942,0.9858994531617523,0.9605502933726864,1.0245577255785459,1.2287334586190366,1.4538110230472567,0.29370357007270864,16.855325916428,2.1457115840885432,14.875941359485214,-6.6433753589953115
random_0359,random_stress,93.40176336297677,103.4291450029976,97.38070827234783,89.7011820514685,0.9590500583119822,0.9956842850961977,0.9906468818695373,0.9450549667155828,0.3607585781899878,1.9455122863800545,1.9238094303746125,0.7686240855790413,-17.51725244113289,14.926588196314917,19.102746248771425,-14.228150134429502
random_0360,random_stress,97.4328145479966,94.86510698502629,88.57471500668161,103.36564821638213,0.9806486153056719,0.9439854523198863,0.9493669881813642,0.9566758077721458,1.2737677389393787,0.744681648097876,1.8373452267382195,1.382960968414946,-4.232339372169838,11.006474422851698,8.747290394038036,-11.443476963499513
random_0361,random_stress,103.32452272340382,93.60709643712481,93.9033434087247,103.6137348441439,0.9540916616775993,0.9906679764244918,0.9903995254775937,0.9703683495537704,0.5376550814419216,1.7351202129091794,0.8320658830854386,1.3265239240950664,-3.724890352514705,-12.056471607747618,-7.9362136977571,17.69645092818768
random_0362,random_stress,97.97135839995727,100.05751617155235,101.12028468396412,96.17711647229667,0.95750877432368,0.9610413227393863,0.9577261293047309,0.9880859021104746,0.46333774372813386,0.6500880011760568,0.4275590469272388,0.50660579431448,1.2785658887328166,-3.5472009479753552,17.973457245538256,-5.27354747308038
random_0363,random_stress,93.9121005301201,98.62931214527887,101.5646497746485,90.87847930099248,0.9729092070797436,0.9511307171423046,0.9532729876350067,0.9633397250367992,0.7248387167456907,1.578364653874707,1.968846481801444,1.1460034785561388,15.072656063642555,14.257263373068337,5.5425686178390565,-0.865465885262866
random_0364,random_stress,97.18992529218201,89.65661989753258,94.51959787909887,92.05233302826834,0.9450163415394166,0.9563334886037337,0.9654875512162533,0.9934213684587427,0.8637307391076738,1.4645064511673647,1.063389411605869,1.6036647666520423,-12.9054119785086,2.3907554858344726,-14.344314897866992,11.737401088279125
random_0365,random_stress,88.76363699199919,99.41381942712096,98.83239807948986,103.07554000412009,0.9677057146936584,0.9983282777757951,0.9552009467800249,0.9600557958813847,0.6136471533070723,1.4551687429481563,0.3669607090983631,0.6412122009322632,15.736342618181771,-7.281537053145217,-10.25079564457464,-8.049045212815482
random_0366,random_stress,95.95312379299651,94.31120560511368,100.13849613951618,97.86837687611082,0.9973080151384499,0.9852739809881818,0.9754282817372533,0.962411795843337,1.6151687000753856,0.10967643857146703,0.7779786198593537,1.6440016196907639,19.936824684294105,8.862228825405886,-13.26681487170411,-7.664978879640847
random_0367,random_stress,91.27426770026233,102.09364073079087,100.55014961338084,102.13195280263031,0.9803445117204996,0.9978285720794753,0.9513905689177905,0.9999996901840723,0.9202951329012945,0.10571179949363918,1.6808266960984042,1.0983440336463135,-6.242942946659382,-19.207929724865153,-8.27020863711375,14.366839582365799
random_0368,random_stress,99.13206705451036,98.49590046804269,91.75432367197638,102.19621681875473,0.9997061497520421,0.9657894596817382,0.9991153002814,0.9812433079911906,0.44192056997796403,0.40557415101234473,1.4899560962266325,0.8687398821574468,6.587303049873956,8.414623616273031,-14.326146985759198,0.16930051297926685
random_0369,random_stress,102.2137141627256,103.66079696702627,102.7346511430734,97.10233696377196,0.9766774065381554,0.9908043902600469,0.9732844404721168,0.9744770940651272,1.2767545971635985,1.6365966050436394,1.8234809724437344,1.5668488216720975,17.4870355373295,15.164070162706231,8.889373628116143,9.79283623155791
random_0370,random_stress,90.94822249763077,94.01981461189058,93.82320039468912,98.95971708703088,0.9533413436442781,0.9982675175747839,0.9972017397163256,0.9513932716825935,1.2706160434440368,0.6819687637327623,0.5132170759905481,0.9002449657032063,-7.045105590561942,5.300434449754632,-13.7006058729364,-2.311690341949033
random_0371,random_stress,95.01374517576416,92.65246140321955,97.0763557039637,93.89553103339668,0.9518741729505527,0.9821588581004033,0.9587660114192609,0.9809584199340575,1.896635250137463,0.38836598485569573,1.1903688700789508,1.1457116328712706,15.360187068357313,-10.08178731491228,12.765095374306888,11.712161014836653
random_0372,random_stress,104.94983220349098,102.76241617540434,100.35791164511431,94.2575735934975,0.9497688474443509,0.9681972644455373,0.9625082647688867,0.9451793079393757,1.0331318575380402,0.23401360223716328,1.9782811598146912,0.48920251501429446,-16.498609431755206,-17.308740265567344,-3.3058288291839677,13.355449166931548
random_0373,random_stress,93.81270470793834,94.63569081808896,102.53323779259541,102.09658133175614,0.9883118973175518,0.9784747735701597,0.9739626051849267,0.9580819810220986,1.5119537828629532,0.22781640708653073,0.4630925510967119,1.6086577563547442,19.4095670999913,15.305898223985853,15.117561864096892,14.519478050858856
random_0374,random_stress,89.13885787545635,87.8197491515647,97.49874516003972,97.87483339015552,0.9940489814486061,0.9488238913104928,0.9937695683304987,0.94123819651415,0.2459480149080995,1.844437090042144,0.9554523616780639,1.231269457431065,15.64937256545277,6.73113138650228,-8.608894436781958,-16.392727745133293
random_0375,random_stress,96.86356782104795,91.11515274508547,104.21790155474737,100.24497425342912,0.9664766362934657,0.9700668715681018,0.9735236011510676,0.9616921601199996,1.0802748189664992,0.8097543567680692,0.8163725233197371,0.15693164674521753,-13.763980224246769,-16.189080717179777,2.697164100414282,12.50589855242846
random_0376,random_stress,91.81105340453227,94.92290857292588,103.09169100692924,96.09433814854759,0.9445937308641458,0.9618658394293275,0.9885217391039932,0.9618207893373776,0.5803302723238735,1.5718119675104745,1.0099843846180443,0.32544046434065566,-7.097461818345043,12.598262087750554,-19.99007606660176,13.680459684606507
random_0377,random_stress,87.72077446798181,92.90202019821437,85.63996494772265,95.34328886731721,0.9951683907235713,0.9601991526686907,0.9648826492640422,0.9689066340648448,1.996748238592389,0.021886384684657312,1.7995541359628309,0.8067596725991286,8.285270910826416,-11.89898160831067,12.709761200863303,1.4177299081353478
random_0378,random_stress,98.31784307721482,89.15957218148026,100.45713372854807,99.3734789351073,0.9996939637156821,0.9652074904373853,0.962992565093195,0.9952744958278498,0.6728623608147717,0.02684731423750386,1.069291413059169,0.5206148892796574,4.235430499260464,15.493477048289567,-10.35380597284326,-3.8300242783790095
random_0379,random_stress,94.13077403573625,100.7722972955799,103.12195648561543,97.01604191336997,0.9481602332773466,0.9990854361480905,0.9944742012120423,0.9905880302805614,0.5041169992328483,0.02082517342552226,1.6950221921779,1.1148899870634867,-16.525252798789687,14.381107554334744,1.2666564201121,-16.943536016462943
random_0380,random_stress,91.79421545821883,88.94561504684545,103.43148815710958,89.45038077820945,0.9518324708371705,0.9861965612581013,0.9906533214190324,0.9790897031577119,1.584317765124649,1.9586872421237336,0.5039093228993732,1.3546414774345241,-12.28199477383587,12.155198187464894,-8.8334372936069,-16.815519213560638
random_0381,random_stress,96.12146506288146,104.87202530144445,85.55709734002045,92.0659902360132,0.9946715286016868,0.9443019351273345,0.9842188833147848,0.9589772943428636,1.9885245585505276,1.558447159270027,1.885815118158668,1.4309537465595303,11.207022001465479,-15.03049015231455,6.356842923373653,-19.933953793995535
random_0382,random_stress,91.99032051982188,103.28482423484728,88.92443741008908,92.5360448301409,0.965217867361129,0.9430145482969908,0.9410720580717324,0.9872632091768474,1.3504469406773028,1.2803958943923772,0.6203439903721342,0.556290107228359,-14.99122141600823,-5.106527812888544,14.935532830875754,10.942249996252041
random_0383,random_stress,100.71893194329563,88.76003806414863,94.84976309767593,89.31549344931238,0.9632038206949011,0.9804203429801281,0.9800526258265408,0.9438343135009734,0.785043386635192,0.32453721749095976,0.16195819178368456,1.1998593939433357,-13.680724682917251,2.82314496826523,15.494791856056466,-9.006500099027747
random_0384,random_stress,87.4306748093737,88.85743050913733,100.94486894378127,93.91499805371767,0.9410291673240453,0.9558774868850762,0.9735489662978795,0.963346191095673,0.2026315834554595,1.0935428686680106,0.5499141793646962,0.3817631285265879,-12.836008951402267,-6.788142068767629,-8.032863032296467,-16.497601381548527
random_0385,random_stress,94.61159597310268,85.25846001829787,104.97617432470204,89.44114834456322,0.9784286353841792,0.9858945694132607,0.9649294656507281,0.9593985286281143,1.6746048203749322,0.4942107293282916,0.6340467099839857,1.9708728062027845,4.020221213550523,-3.8766017683956733,-1.7962891621421306,6.644539055943062
random_0386,random_stress,86.81654275754713,101.8984049841573,97.40638437808079,104.4186139235441,0.9642918361211769,0.9562617112225495,0.9538518926767685,0.9402439192979192,0.8685319037069377,1.3173314486433279,1.6006446860360304,0.6680921330628384,4.061484656188785,15.308605132949875,-16.27968059604266,10.178991622376996
random_0387,random_stress,104.23589449734634,98.46751797867049,100.2316442083462,88.96850656404062,0.9739017240460225,0.9820865088530708,0.9420269380057952,0.9751461187509892,0.04931542083442708,1.2742402153911263,0.47255018051300945,1.601090476542503,-18.74681034342959,-6.904661396766474,10.135701329037392,1.2942722769398207
random_0388,random_stress,97.8878080952803,95.46616405845631,100.8160420406172,99.24976877727362,0.9461299538608618,0.9529053361102535,0.9530339192069756,0.9755142196268576,0.8813029244776949,1.8993118283236305,0.004768196709144856,0.15491906503577815,8.70278370615496,-15.069338900518265,3.2834349720827705,12.963885672632038
random_0389,random_stress,93.69562506696509,96.5884483983782,91.57104926082262,86.85370352972643,0.9519903000222589,0.9422756636625123,0.9936700736959699,0.9451215294939701,1.2170877870270422,0.377431686635179,0.501698062902596,1.238191287972392,6.692345765776704,3.440557352091469,-15.557663111048221,3.1666889613223415
random_0390,random_stress,87.9674959240709,97.25702178505182,96.86931391979635,85.16006195662624,0.9504411936109248,0.9776665501775786,0.9788171039545573,0.9786680498655403,1.127203311470538,1.4174814418168642,0.6406823995406985,0.04817793227143552,-8.437591761327695,7.702121268035471,0.5329892870426045,15.207942216896342
random_0391,random_stress,100.72935350886912,99.73329890907934,95.48699771735785,87.80271500495546,0.9632291654277966,0.9471914427579206,0.9790331776055881,0.9634685279594019,0.07235404335920625,0.6940461317462078,0.641778363844191,0.6206918281401455,-5.775004753852815,13.35175416834716,2.6337689538566478,13.702865457231601
random_0392,random_stress,93.71416849095962,92.33275444150632,96.38153389494379,88.98176253065094,0.9581230629747631,0.9448285818607917,0.9954038789016088,0.9646144232933153,1.1410423792931084,0.09863907730138699,1.1640878617137884,1.0277145300484973,6.193951095821264,-10.930793767956416,18.75039095378174,-18.00518330806485
random_0393,random_stress,100.84614740943019,87.33559330261038,103.0604628737906,89.71655084634232,0.9538506279378415,0.9564467782748982,0.9590178896008743,0.9564220886484058,0.7122396206962693,1.5062800495728068,0.8722144486706469,1.3275888977119945,-15.011530903769357,10.735781384221937,-16.23076401254869,17.26195215259684
random_0394,random_stress,91.89058060491777,102.3574091212504,85.33471500246085,96.93458247449192,0.9974952090800562,0.9443971102681967,0.9807272734591528,0.9527722144633554,0.15977309817291507,1.9973442058516564,0.23442344113007518,0.7618474045118904,-12.400602465533828,4.684044450779323,17.538505163659487,18.6954226154568
random_0395,random_stress,86.83160473114594,87.61799280431785,85.35919537498525,104.48075101445353,0.9598484179989075,0.9854909895006773,0.990370523132596,0.9640738698539231,1.4756557996100446,0.4065002477918616,1.8706316534924021,1.5783716454001184,-16.240407078355975,-16.97018766613029,11.986818214840067,5.652696857094313
random_0396,random_stress,94.71977654322794,87.92499716508331,89.51845318962633,94.62369668675636,0.984029123976031,0.9915809553394158,0.968453833499779,0.9753199218986046,1.478394437701109,0.14825598555053857,1.7712521518392021,0.033537254128970906,-3.093015123420293,-16.318745428732516,-9.082509723514733,9.450859457443794
random_0397,random_stress,104.57580019134177,87.44283829271204,97.33547399764663,93.49238462156453,0.9656067238822277,0.95668442292015,0.9780914967190031,0.961949178279695,1.7015621005179495,0.25149724435765175,1.9274342417611556,1.458419109868242,-1.6333317556197624,11.136331358160817,-5.998614807851008,14.91796826929679
random_0398,random_stress,101.55733266666336,103.95980952945405,97.2921625938673,87.57021634489705,0.994364592011807,0.9801461028672513,0.9786271195611014,0.9974379427392158,0.49541061841994033,0.07787012677522709,0.8351832010229923,0.08382338046095761,-6.034792018817541,18.75506307460732,-7.745086286444094,19.41841578277601
random_0399,random_stress,89.30657923783237,88.44926719581102,104.62510999154858,98.08515140167121,0.9767548451488312,0.9888512429565971,0.9486461797345143,0.9851521221047167,1.0452759979209467,0.30820538089115623,1.1137419314033365,1.7146606597609844,-19.990425486235218,-19.383275917003168,10.194189624714323,14.474373217126626
random_0400,random_stress,102.14028259257518,93.74481348695,91.20645013462459,99.40983838190157,0.960615448340011,0.9599661855001966,0.9887692146934808,0.9548823510730594,0.6704445178588221,1.6703136170482524,1.6910733743567956,1.9374624469870152,17.1156358615533,-14.748645717633998,11.163745370303527,-15.500801122340015
random_0401,random_stress,93.79271387726091,87.38567412727036,98.8073816661732,93.25858250719806,0.9476488704176487,0.9927267385749096,0.9739761900485574,0.9877876765298346,0.5216502098634135,1.4934845117000266,1.283686095114297,0.21679506043687136,8.788044162099133,-2.2716934760150975,-2.8694346032041196,-19.351838793148204
random_0402,random_stress,100.86240782438257,93.8730815791789,96.57800338794576,97.06289889818979,0.9546317707148289,0.9414047452513066,0.9952146810321133,0.9812725883705979,0.8004784524914333,0.1570628375478791,1.674099763548945,1.699099861471322,4.327204595980447,9.687778323340023,-11.710823770040646,14.112043599176625
random_0403,random_stress,91.97025775934478,94.6503971070448,102.04701232248793,92.09640857505342,0.9784511549059701,0.9438916540347029,0.980942793491194,0.9782531337304556,0.857314756074555,1.450553934527638,0.3241557634213421,1.1091483585655546,19.683288960579702,-8.556551556846635,-8.954444205866835,8.972228417514971
random_0404,random_stress,98.28789886201153,85.38613336665264,99.76764501298265,100.29059053193897,0.9831554831729049,0.9416077489568284,0.9477047017887276,0.9913928808383603,0.31051339834504255,1.2490486192450532,0.014422227358997786,0.6955944814943986,12.329881052407185,0.29505156960929035,-3.954380199137262,-7.576675950641016
random_0405,random_stress,94.98831176049121,104.50345501457501,93.63938882189451,89.36759430042555,0.9763832731120192,0.9432377901176529,0.9607950186363782,0.9631381585953726,0.12842457745037827,0.80111922393777,0.17097780415243058,1.0023956708167672,-0.4998196058105542,1.8328822051960136,15.632960281929256,16.149651256774817
random_0406,random_stress,101.03719430612533,96.16992810513699,98.13010726710868,99.28195866715468,0.9514583386444321,0.9955027081568913,0.941204931863719,0.9703870644428849,1.5783536235652462,1.3285335194825025,1.3768872199049973,0.4501583196264045,-12.92911759265165,11.771284322170645,10.750117922864248,16.184050037002056
random_0407,random_stress,88.54977560849332,96.49935442148256,89.12989382409835,94.6797970173592,0.9708108202394218,0.9686427826335425,0.950228322388195,0.9764106003912016,0.2605092879630746,0.44083437306685275,1.2160970643171531,0.6829223974345646,-2.4795030518517613,-17.891407814181242,-11.315836320283697,-0.8082348041420673
random_0408,random_stress,102.2525536607446,96.01689334458213,87.74222754353188,93.13269530347355,0.9677035572152193,0.9927294554375049,0.9575642672723034,0.9941559862154958,1.0000566708569465,1.8808054907319076,0.5513493558881744,1.0359805590038487,-8.873599370570782,-0.3710332412923423,18.497593208307336,-18.48317008542984
random_0409,random_stress,97.81719641278794,97.39467193868238,96.01890346956066,85.15648103760213,0.9784287024413637,0.9623070389274024,0.9749192794466286,0.9461511021421182,0.9717079466386196,0.8798786230292805,0.24148299593938893,0.41248001976710436,-16.04665643413354,6.565223200772707,-3.463545708786002,4.774580663873222
random_0410,random_stress,94.62387630483153,92.86620645045743,104.02112053197246,101.18876532136363,0.997283769550825,0.9596858358422351,0.9892385718430717,0.9504992688684265,0.22063038990117725,0.8680964614891532,0.89341957507555,0.7960476466446305,1.0218479559448568,14.623113248344698,-3.2874637444241017,-14.967648754441027
random_0411,random_stress,94.00425320006256,88.06629243050494,89.36676950123145,93.45398207865387,0.9509313640539458,0.9908246068077959,0.9587265119064398,0.9445825224806037,1.6977113868420417,1.8596958738555467,0.09223863019268586,0.16796114069623846,11.723748799538845,-18.204646227054614,-7.100670558764395,14.454491041535299
random_0412,random_stress,103.75257965181791,97.85570500747086,89.24750056156654,104.92957104164327,0.9529396321479257,0.9909578801745105,0.9811280347879681,0.9582197410849844,1.433299388580853,1.5597480864812798,0.745586214361198,1.219330407004553,-14.8171592059792,2.8080825118904595,19.47280525030363,-11.894431510524996
random_0413,random_stress,101.62298814567623,97.19502565015061,89.1214569725214,100.77618549030768,0.9554658036498604,0.9592220913858532,0.9452164195500558,0.9797656914244574,1.866866868501852,1.6485402879100024,0.9774729749781449,1.6761998301063419,0.3946807705641664,3.3768083069627375,-18.08661234161828,14.657883533930756
random_0414,random_stress,103.31318253611752,103.36840517528839,88.68393650393874,89.53625121563482,0.9892448756791378,0.9744161865535484,0.9912556715243409,0.9525500047167296,1.84600925793571,1.5832183834462883,0.35386450953349424,0.5977047624252756,-9.837877031788999,-7.570002127124935,-8.663818273346685,-16.757368154437767
random_0415,random_stress,89.30884336623036,99.98676478828949,88.17725469936916,91.3413323627398,0.9780206780708791,0.9533580364789128,0.9912757670552004,0.9689931770365603,1.2368600692843328,1.2034853625705246,1.6192852704002758,0.6531534487854624,9.77753977296722,13.916942020366768,19.685257015268025,3.7165005921250804
random_0416,random_stress,96.60510343156203,89.856320511282,101.40725522133454,99.38830621780748,0.9600052247528049,0.9474736854334621,0.9593447127054702,0.9442215240307225,1.20884674170721,1.1115584121166184,1.9332842811839137,1.0965862860646103,-0.10486813245778492,-3.0751970139127627,-17.18647410003033,-18.648458741296764
random_0417,random_stress,85.7726065176394,99.72767741410289,86.54600447342013,99.2730148938152,0.9778668784113154,0.9788216934834534,0.9858916914324284,0.9772446191161956,1.2687708913241356,0.23561272461372718,1.547643792714727,0.526034862000266,10.56737393832353,3.033703937180814,-18.060439035000307,-0.166632202395407
random_0418,random_stress,102.28313692831121,88.75702002512863,103.09414311611224,88.62100955572748,0.9471370223346851,0.996051071581711,0.9463692809030861,0.9477984109050374,1.4730762080119966,0.34845152683115255,1.2768476894173606,1.2005697948569358,6.096962366385821,-11.79741379091389,-14.28000821192677,-0.39524105323029524
random_0419,random_stress,96.90101717024912,85.48801080358055,97.34858112872834,89.44746410035319,0.9730031919568224,0.974867109119369,0.9758859400824629,0.9531919970988493,1.4485153931206856,1.997716816204294,0.9213954369851836,1.492896948633268,-7.831347857521069,-11.451702988354548,14.084043136902364,-6.97651084321707
random_0420,random_stress,92.94640058240901,101.31466466135346,86.99162470980941,94.7083807372128,0.960928560896143,0.9714849081659359,0.9910242737037951,0.9723780361611682,1.1676542365101144,0.7176686016766542,1.1463822171297633,1.3929329745118153,-19.870324001003308,-5.197469317807362,9.500285145263017,-3.4388093209358717
random_0421,random_stress,97.11224780372001,90.15337040714792,90.78192779836327,97.45984781117716,0.9701858977492946,0.9961447727022988,0.989813742099912,0.954452267137979,0.12070398689230168,1.6026712698644106,1.2232100837827353,1.8258212319200915,-12.409465607864103,3.762238285157218,-14.756435439375114,-6.934115969918118
random_0422,random_stress,85.32645992963319,99.5535232407638,85.295358850224,102.5984074227941,0.9424912188531236,0.9981216382459976,0.9554332779946944,0.9674652347961034,0.26422166298957134,0.7264723884289006,1.3842070679057799,0.38473829041943186,14.677760185831875,-8.768079301113033,-12.709546981796942,-8.519976534517703
random_0423,random_stress,94.9718044293514,97.30892179088143,104.7172245805531,104.1239260221397,0.9988000314119991,0.9918249160812993,0.9653980053969435,0.9935968407995777,1.958903294486453,0.4550907630644818,1.3799418131371044,1.3677403075720218,-0.9231549016756713,2.683548777957032,-6.454289438693168,18.594608962517015
random_0424,random_stress,102.17446207339029,91.50227605902901,88.53715157435694,96.84566946814014,0.9491643013170734,0.9462767556068534,0.9497831730459179,0.9832116555076923,1.561775740896681,0.21469912813229652,1.9693334429678662,1.7480968696788717,-10.18330730615662,-12.377753470209512,10.031658142139559,2.320126045363895
random_0425,random_stress,91.46824303795802,96.61882788659064,93.51030037649693,88.51334937014494,0.9479334386437497,0.9492937235935888,0.9812861694348008,0.957549764920101,1.769265657868447,0.1336923884576824,0.06290812572634108,1.3234931481012098,2.516773987039014,-13.74634835022691,-15.653031487640337,-1.7891137816573721
random_0426,random_stress,94.59975341298383,88.68622000978029,86.45399933459484,89.94321181785433,0.9881624315077395,0.9974832998161416,0.9519411418736763,0.9858861959497729,1.6719750073448798,1.6245700491185993,1.5964936570812303,0.19095007338633807,17.658892978626813,-9.250862677133105,-4.729357300882331,-2.9242901142200717
random_0427,random_stress,93.59742205401837,103.72271156352006,103.79246489750061,96.92208612835874,0.9537778888713219,0.9474226833671062,0.9559493098258188,0.9513940092303498,0.4417223579089873,1.0553486548669222,1.6597676542433812,1.6189849563704537,-11.02742781781398,16.868382363451225,-4.076249924823601,5.765929854306284
random_0428,random_stress,101.70096236444765,96.47568536612789,97.68223865995368,104.58957823008895,0.9513406804045947,0.9722635623211981,0.9560814275064602,0.962703820729587,1.2311579304943163,0.05775934155555551,0.20121587196896762,1.899908934139084,17.414461032764386,17.621446673435933,12.457634263909307,16.473417667020737
random_0429,random_stress,88.0217981151901,99.0720173426259,88.46689794792138,88.0353766224138,0.9605415698885802,0.9802721109799928,0.9890618303144759,0.9498307626114783,0.8431131375576484,1.4542433186354937,0.13843977955842046,1.316674854529675,18.093773122964212,-7.0813304956796275,-8.357912767775826,-2.7006165032800267
random_0430,random_stress,100.11269009336668,99.7744402662242,91.0184427465196,97.79278820247016,0.9877343230999001,0.9702539605725031,0.9761349833585802,0.9978404411952143,1.6826238595694114,0.08478069173291569,1.2162278899018264,1.433894562123465,1.3993227822078858,0.23134083362483793,12.241289058277548,18.637945300129655
random_0431,random_stress,97.61084309545978,93.49210160404472,91.27014040972779,85.70268581997976,0.9580895696645506,0.9628373711606435,0.9884578588991644,0.9450227386504976,1.6283367770751056,0.6097970224729441,0.7271782292261286,1.702684985043833,3.282136828160218,-15.56664789061179,18.051695677816127,-5.119733108089601
random_0432,random_stress,102.19919333057123,93.67159555124006,92.65777011171959,95.466753355431,0.9565581237471988,0.9845723830769592,0.9692246714941958,0.9833832161710301,0.09168241252440046,1.5368236743638677,0.6476060948833595,0.8804479111654009,-17.478447273300738,-9.58421207392815,-12.29907309701931,-11.987288761947884
random_0433,random_stress,102.01857974204096,101.99421489473262,96.1963592289014,87.31156073510196,0.9516384293012865,0.9608294406412472,0.9904487330094015,0.9703236001440942,1.6145108089350786,1.0527238481533403,1.2705607405562782,0.30375763951006274,2.100554005427502,-11.64046766228347,-5.129591488040606,-15.951624055812573
random_0434,random_stress,88.75038933663066,103.32337456546206,88.83574650171677,91.83322381422889,0.9753226226240861,0.9953331043599333,0.9701786288542342,0.9955083237290357,0.36288537819530853,0.5043855904962731,1.8120347909700398,1.1661636649523637,-9.798590503973026,5.506335248738736,16.706516297536645,17.97563838736025
random_0435,random_stress,92.31946290127377,92.49551013989401,91.41640997072665,95.49325447122312,0.9471607056536583,0.9764805621460515,0.9793052275933134,0.9847970120534246,0.8058867638089269,0.11963136985700418,1.1750626989874946,0.9615172991256584,-8.295312308520364,17.085277845477123,-13.758879124196465,14.0405769487144
random_0436,random_stress,90.71420064593748,96.57265857977254,93.48660466620123,94.62947694133241,0.9521892448989955,0.963866879320247,0.9656722177980145,0.987774400483755,0.40361676537386226,0.7962636573799291,1.5888076326537712,1.2302910372322777,-7.064632524248071,13.688366538690167,-0.7978737614336406,-0.3468717611633032
random_0437,random_stress,96.75819666481802,97.6807612754049,97.5856079104429,90.78080208633575,0.9436505829596172,0.9764779285921158,0.9500681364418719,0.9926750454530003,0.7854577682348547,1.8046372654889153,0.43619670705794933,1.8231279925544666,1.6936416762366102,-10.171069531283283,8.781389139286603,-11.557221428339052
random_0438,random_stress,101.68377951880699,88.60514565700952,91.22207547361027,90.21109783509506,0.978743058044227,0.9649598168495024,0.965660025809945,0.9742244488529797,0.9692374821646826,0.9798002700793483,0.8669597141392476,1.4805649158646323,-16.325064576503635,-18.73253905090464,6.575238840917121,-19.341636075686544
random_0439,random_stress,85.23423208663797,92.58489294673991,99.12399608155356,101.5621868126632,0.9588420595751392,0.9999471151346083,0.9865441693380456,0.9926508913001667,1.5899321828080433,1.5636345581180184,1.4602796738489858,1.6300205563938774,8.490632431352214,-12.310802840184074,-11.203503315916166,9.535129499301028
random_0440,random_stress,94.59668125709084,104.96441393538122,104.58861637857154,102.25823095568424,0.9461915831169848,0.963570322586075,0.9861311264025601,0.984932986268928,1.462952028005772,0.04042629098904982,0.3603480152937468,1.7213240387893494,2.753642399666183,-11.400655640476533,-12.503460746582338,-4.430036182632917
random_0441,random_stress,90.04232695052598,98.31742550832283,98.58805395739049,97.88737258663993,0.9586146919526656,0.9986747799042888,0.9690862937742183,0.9987755188507519,1.0813715597660458,1.3674338725058774,1.933039269069398,0.8861026351702821,-14.350651532694872,-12.285095013092313,-13.954538832624902,13.133094691928102
random_0442,random_stress,101.64170318441005,102.94785055439777,100.84898149348929,104.53808134304583,0.9528534832704952,0.9490655443859137,0.9968513668830807,0.977392617099737,0.9636540377542577,0.48416911005992747,1.7143843759474857,0.6808448429559919,9.390650462955854,2.363999749387622,8.12418898007451,-17.76467922345331
random_0443,random_stress,104.83140692166238,93.41605261612753,98.74143585339206,90.74194025939123,0.9868559238090083,0.9904432567326893,0.9636446623900998,0.9600158222348559,1.9829119577322862,0.2968341422518377,1.555268050043001,1.9705613068526049,-14.504576734106521,11.694411547965405,19.864153894971068,19.817214178384887
random_0444,random_stress,90.90491754307683,93.56889128782299,104.41039884565694,89.08475829418903,0.9769534443052115,0.9422008303373227,0.9426633310091732,0.9830941942219005,0.25043472605701433,0.37114375496444296,1.10917551311548,0.0963728203876093,7.511852604122007,2.273570267974354,-15.121324277962982,-3.748122214498837
random_0445,random_stress,86.3588557224845,98.98059455520969,85.97688291989141,85.60714313604836,0.9418772199550464,0.974464043038704,0.9479142322147591,0.9570493316580199,1.5498841271466575,1.8524409447709778,0.5359927730467222,0.659520361691597,12.329339661315037,-1.3796000735528935,5.679439679033078,17.156891124887235
random_0446,random_stress,95.75330437640088,91.32027132649313,93.3001754013091,95.9267087126993,0.9847227717968257,0.9590090745624426,0.9969257437476094,0.9833765516064326,0.12385488184373172,1.5019468466688792,1.8296716072613988,1.5293133948235498,-17.061507392946233,11.162988839214428,3.3270950888617934,-14.118385239801
random_0447,random_stress,104.34843728558467,89.1964583969211,101.4432627258573,85.17784416692223,0.9411430230995759,0.9955365001357596,0.9765894596644458,0.9533412912654996,0.6212166885719554,1.9093486853632389,0.03692172247361114,0.6339904199439041,-4.125307339140987,14.961734102160564,-4.91252543302811,-12.457299576626713
random_0448,random_stress,85.93407237625648,94.59512851273652,103.6217503517653,94.6301331303912,0.9680301634301562,0.9782732146962435,0.9929129781068581,0.942503509167177,1.2131425933846924,0.012549864195880335,0.2026202335758738,1.9464386466146355,-15.778324357683529,-8.014666901090507,-11.886901767060483,-11.308675271216956
random_0449,random_stress,86.1879271068875,88.36456814725597,92.03153163842462,91.05011483836273,0.9592306174254918,0.9953929072807268,0.9967007962820967,0.998614482294801,1.8728395939699272,1.0070286944464386,0.055838506761056506,0.29007449948338976,15.148194857221583,7.039734415695089,-7.246921852154813,14.774004297067105
random_0450,random_stress,97.74590566140691,103.3022109356139,103.0505952269975,98.80528891914429,0.9604555177449057,0.9893460298329405,0.9891819734444905,0.9637495391722295,1.2213495954005895,0.2590132081857388,0.9642314670833803,1.6087921548481885,11.49082604060657,4.003931727876475,11.629381661290594,-5.716094464034129
random_0451,random_stress,99.98252274915646,100.23000079491277,89.20250523441571,86.17963152715161,0.9403690515287165,0.9711577619026406,0.9958291091389749,0.9984843189772279,1.5319806928377018,1.066749486746072,1.8519519541207587,1.471176456903053,18.44151895584335,2.438671618713202,4.986492114415055,-16.709716060381112
random_0452,random_stress,104.00656753848385,92.09177111633431,94.27456201691419,101.60097394207848,0.9422199817233549,0.9506355590755228,0.9710299913625359,0.9796469245849038,1.3147134815139747,0.2898860663901843,0.38914127126593656,1.9083819824437542,6.060520547997199,4.447906722649724,-9.492690610426875,-18.637550833648568
random_0453,random_stress,86.8694804553984,97.97555171267447,89.97986605119881,87.8258738797572,0.9605997199791648,0.9635439192204917,0.9408946808525017,0.9874718084733908,1.5564469963435132,0.5895341790930988,1.428618081021093,0.07718900341844614,1.0108994885110256,-11.051853856609801,13.68820724210076,4.030919629625851
random_0454,random_stress,93.91371072309806,94.44158414607392,90.85562719104995,95.80886055271246,0.9754976275514138,0.981849165612353,0.9711447629991893,0.9832744378724205,1.3389901303270015,1.1010425558782253,1.2092429134962988,0.1464176490648903,4.67254377429172,8.233382602337587,16.03640859864633,18.706869490683914
random_0455,random_stress,95.1953378980989,98.8068115176037,92.2850478881658,87.27222040051474,0.9913240604115398,0.968694779288763,0.9899923127145873,0.9966793053317244,1.3716837159436464,0.11192335978501644,1.9408085283074574,1.916845632729796,18.497724826094707,8.005775589604207,12.469064998860775,8.438088026679495
random_0456,random_stress,92.95530119059215,89.44077369300865,94.01479966182352,93.84994132666935,0.9523021671967721,0.9408361481814929,0.9826114801783519,0.9404206367985825,1.2301693807110279,1.242749810097849,1.591871885321934,0.31150670206873055,-13.631516278227567,-7.383756161450057,2.201316966344713,-18.665168295368435
random_0457,random_stress,94.55997841280588,86.23405431438889,90.96401389856531,94.3859632370914,0.9737172317597396,0.9653182022169198,0.9589115254898277,0.9555421108582471,0.9698646256230219,0.6615313387556958,0.4891619503008003,0.18785452855578688,-17.132472187283867,4.135725543654134,-11.10105503164923,-7.952199389286747
random_0458,random_stress,101.65044366167085,103.8951427374072,100.50499559729542,88.10886145589903,0.9526497067032794,0.9443785778840631,0.9594436912186304,0.9700451118849625,1.1498130787271665,0.7026430624441793,1.1387615845380734,1.1827584556036566,-19.597998255523823,-17.16917629483531,-5.615777001329847,5.576237622423599
random_0459,random_stress,88.10084108828669,98.25945845032906,92.22467688263434,95.23041759231404,0.9713004201565973,0.9714814938548674,0.9875239727967342,0.9473995565445336,0.5296248796920986,0.6032635466637419,0.1855486766168326,0.3135427581701973,13.826183940202522,17.734753292831734,17.545638991560757,-19.173389044498883
random_0460,random_stress,96.54662838301579,99.06258622798326,103.00900769513927,94.26876324276819,0.9840274159504925,0.9557910787090578,0.9618512527026193,0.9885424735045049,1.60259916373786,1.1012970038375478,0.43376311903979525,1.015433459287484,11.364370644043692,8.508786108654931,1.624788923527234,-4.331492495565752
random_0461,random_stress,86.45356706323811,90.46622077511559,87.54373496921023,98.24018721767332,0.9500021978202788,0.9539475437482504,0.9671355249551561,0.9447662015254067,0.279283716164066,1.0110880564062361,1.5336775743352191,0.7682023508846136,-15.17615909935417,16.087124267964278,2.134972993501054,-12.544470241705037
random_0462,random_stress,87.07147069516111,90.77821330068323,99.94525200413408,97.60031558765404,0.9503511961088166,0.951296097025363,0.9654561895116036,0.9692710117426255,1.5266898106354443,1.5738600678596752,0.4448889726734848,0.8009668086685642,0.2548069998521951,-6.959082027261285,-16.185740194922857,3.929246447033976
random_0463,random_stress,91.15982600101466,91.81445706361508,99.80986641684851,103.4077104029053,0.9635392207838707,0.9927494068761995,0.9509310764447895,0.9719268176777256,1.945829191578615,1.4934333059235922,1.589429186806183,1.3848823947023265,5.974299865975148,-1.9541984174188487,4.570087525014475,-13.877221513115767
random_0464,random_stress,95.99596511791789,85.76634908062202,86.39177781961396,91.18332167837742,0.9882834826564538,0.9566383008013926,0.9515990226799448,0.9701954375752311,1.8108662555700665,1.6626225940503252,1.7539932383508976,1.4192814248072636,-5.070261790758068,12.598809446048342,-17.409798220056953,-10.103527161069712
random_0465,random_stress,87.84334710444492,100.46752333770826,97.8542770478763,98.08630796360723,0.940596195520121,0.9780649264238781,0.9878331496673971,0.9973363211884508,0.1276036784573269,0.4260835302273658,0.462033327539658,0.4916657869359913,13.316206519582279,-14.009899274817336,-10.51772751483735,15.4460356214488
random_0466,random_stress,104.79413597863586,87.32909444696352,104.38881404867206,102.5949408015628,0.9426088309455982,0.9785198267081107,0.9691257914942117,0.9666469281503332,0.3819946586678389,0.681594149200902,0.8877272614597767,0.11622625656897467,8.913869895731853,-15.682673488162205,-19.236064219294,10.002440716174297
random_0467,random_stress,103.7529466245145,99.60810051757461,100.43123414571247,87.20941120750297,0.9709763658707484,0.9470389157864598,0.9874485813385006,0.9422853678693561,0.13516230653823103,0.5547359494503905,1.4549488329778137,0.3210222195729937,7.707348725284602,13.700328306793224,8.275217273006996,-2.0379205899627806
random_0468,random_stress,95.01916011202138,88.20698452692476,97.28943777925065,86.5598086835205,0.9946845093935789,0.9562387038894585,0.9464108747510777,0.9847570175421538,1.6122504575636256,0.8617162533790255,1.6189117867536909,1.9793751933370012,13.27837118110342,-16.69462728624516,13.756974930046514,-9.299760151753231
random_0469,random_stress,100.88827240788628,92.98418571459865,85.81430586944066,103.67800777294326,0.955139583150341,0.9727672957098623,0.9546650044130104,0.9866151134744573,1.2139015861883888,1.83668369771971,0.8159888895410855,0.12608166082418126,15.242675120910437,-18.66316352914412,16.41331757932969,13.081467864853057
random_0470,random_stress,91.29936544010697,90.73495872892033,104.54403080664977,102.9123427112198,0.9726883767797528,0.9535540584570777,0.9934196171872498,0.9612119299230686,1.6810812496874377,1.0904493613826751,1.3475483374002466,1.545916884610608,-19.217889781939796,13.041866991934059,15.577660850925152,15.238923564449687
random_0471,random_stress,87.98477709382526,99.53103546874658,90.12935053578789,94.73683830039461,0.9479647018443234,0.9475093297458588,0.945001375321071,0.953184094228766,1.8056901106578431,0.05552357202852698,1.6301139760817973,1.2208289430912895,15.274054821241428,-7.913280494545791,9.107010051680238,19.073844379335277
random_0472,random_stress,92.15682584996695,98.14876674149575,89.36491367662495,86.99691828249716,0.9574831554547609,0.9897857027427455,0.9624678484875786,0.9885450611720209,1.3066816429766148,1.5803846750913684,1.3539353877640856,1.8778185371522873,-0.9377277412463325,3.4155020021837412,-11.863235453708523,-7.261840388877694
random_0473,random_stress,101.29325827225844,97.84361785057793,86.5345213925694,88.65851976867212,0.9451386325036297,0.9836942800701839,0.9615575738936354,0.9843853441476541,1.952860085489819,0.7158303555775292,0.6006449875084854,1.6445779613685405,0.06267945538033448,-8.760676380718579,18.46990465198501,11.911947957045129
random_0474,random_stress,87.3086431225071,104.13425911401826,91.19978432212496,95.75050067852179,0.9752453573354852,0.9588834883336957,0.983005671837089,0.9752367341069655,0.9892329299294208,1.402367604383608,0.9745488575729419,1.3853975995855827,-10.988955501003467,-14.994757006327411,5.768412882800531,15.625930265348774
random_0475,random_stress,104.3069290228793,89.15090375892143,97.00846068258228,86.0202279232913,0.9990087994840546,0.9905487255652023,0.9839969671863465,0.9751625569895129,1.8024090719796142,0.20302886211562043,1.7361704402565812,0.581455791293604,9.68404145202677,-7.6642079339595925,-12.140749989232269,-18.117394861823257
random_0476,random_stress,95.12443276673595,91.68093780496623,87.85504861101748,92.18787764284254,0.9607558799470484,0.9971243806519766,0.9653559537569287,0.9527229822645477,1.5104084127052133,1.254532483328356,1.2226787093446814,0.5452857896115284,14.877199738441341,-11.435403592828397,-9.209991821825838,10.06510840667319
random_0477,random_stress,85.9086321420046,88.93571342018247,99.04127752303299,101.39447316459675,0.9492668003831468,0.9855091582699684,0.9492065348415398,0.9729102058928086,0.445215917836169,1.903640283076495,1.4474936132579548,1.077075669191492,-15.133085737133314,11.90812844342088,7.681365846275314,-13.462686785386179
random_0478,random_stress,100.64966739269975,98.49511769112021,85.27182314420303,94.6152112861167,0.9694507403828082,0.9588856077493499,0.9597508572264026,0.966883839792512,0.7081699629111524,1.8418067622794254,1.4567093503097561,0.136043398251396,-17.7347370830168,-6.626662805321835,4.998164143549646,-18.823122769871663
random_0479,random_stress,95.59864143152974,88.94001186800637,90.53831289042817,100.97637871085038,0.9951855485589118,0.9963463300423002,0.954528284676951,0.9680234919836894,0.1681726638644252,1.371491805392498,0.3277574905545,1.1890515121159833,-1.7983626936872499,10.865477073974095,-10.740193844068987,-9.933473179028752
random_0480,random_stress,90.83176122337468,104.54145128258497,99.26388507100648,93.7672820704812,0.9860924649061874,0.9473133002232788,0.9627735287943089,0.952072804339172,1.036571542423997,1.5485582902913417,1.4624696760604199,1.4724110590279917,10.871079721616393,1.095759623127024,-10.204978110857365,10.588789518358798
random_0481,random_stress,97.84803833801566,102.62204238038719,85.99466094560702,92.05176840923012,0.986084873713867,0.9674846292713732,0.9669342356001848,0.9539918687048081,0.609822923055213,0.34068954228178133,0.6887599110510556,1.1702593988742591,-17.918994424281784,16.16719672402769,-11.940903657744574,-11.075832764683495
random_0482,random_stress,94.22167079368765,103.48672606423214,104.83844143954211,94.5430658147953,0.9633059634193558,0.9647742696894779,0.9999961023295618,0.9720851901262954,1.9822992623383948,1.4942836715376244,1.6507245420141519,1.3001070544289857,-7.516311355465226,5.909071892422113,-1.0908650579462087,-18.543726299010928
random_0483,random_stress,91.26387423642058,97.83315637601194,90.98804437864656,96.6655431366178,0.9845518488709515,0.9689158278428165,0.9626436147091462,0.9760779742843242,0.3447171826305204,0.7307527045569571,0.3693174194263831,0.5306998998599084,17.816039152871596,-2.140299487329562,-13.028750539817207,9.856648920899422
random_0484,random_stress,104.84732329002141,97.5472437145773,104.2456410374054,100.7792619436997,0.9409814786024244,0.983599456080273,0.9947756086080864,0.9431399244488105,0.5546617170587957,1.0365453299111655,1.078892116143607,1.0543691345712194,-14.658272848981042,-15.766024273097727,-17.02195700963166,15.190267988203633
random_0485,random_stress,94.78937864623379,99.08384417371948,104.19064245390115,101.13464318602406,0.9677459905059482,0.9464290745604585,0.9776666685975902,0.9597130800047909,1.787975844731266,1.3111236634444832,1.624147383197121,0.0929194030278444,-12.97612207953926,15.709967562656084,-1.469790043722834,19.372966722041745
random_0486,random_stress,97.05833390878882,102.75832021605036,91.97322478637133,93.67068452978899,0.9600503623673292,0.964326622629579,0.9991225676963927,0.9795298736386862,1.118105199385711,1.9822036975902477,0.5085599240940288,0.47420200545265123,7.32140805281174,-19.327657178386914,-14.071296277168477,-8.043680706247223
random_0487,random_stress,97.60404261606605,102.23253525170226,103.46633268918765,98.38617815240593,0.977809037635604,0.9407037891997126,0.9717766907789557,0.9601862797410846,1.3090674216642424,0.8382530580149012,1.7667615061211028,1.1448188485247959,-17.35726218939095,3.29244507935329,1.0677396229883263,-10.595866443011985
random_0488,random_stress,92.84223238441564,103.08870117277824,88.5716427927916,92.72434884669777,0.9440803548586076,0.9434521777420531,0.9840702149605822,0.9730943475044008,1.903555522230003,0.4636867102796698,1.8235471013404962,0.792338463948357,12.725175208004682,-5.683438733189861,2.622543531964987,9.454085502518028
random_0489,random_stress,99.67315736219703,86.24264101685189,102.89738253698171,104.2592419467123,0.9663068107230968,0.9940495157138703,0.9933867482048538,0.9496893425129176,0.17063326526915246,0.8008382496898617,0.7708511755728347,0.057962893738092276,-16.68104694497554,-16.25232885160664,0.08622582127742806,-7.678328443643316
random_0490,random_stress,97.9684407649346,99.09203104378233,100.1609958618252,94.62788270806217,0.9929374794495651,0.9830452259445156,0.9473337938266067,0.9719701217931888,1.0176502054276,1.8861002299321834,0.08195715416579596,1.9941545116487518,-18.351221826988102,-17.512995141778646,-7.122138498884145,3.8497528788064272
random_0491,random_stress,94.2655716216145,85.29262750183594,86.38419732246201,91.00946497789539,0.9568866654842142,0.9949584096441118,0.9971127529498998,0.9693614208456508,1.658650454593726,0.3991032814984206,1.9826937589645273,1.3524397334295741,-10.88046502780356,-3.770877633449974,6.790733001516829,2.7002680861476636
random_0492,random_stress,85.62131987310738,104.38503922006913,85.76525214329246,91.53176165365977,0.9662525163973554,0.961064813963039,0.9827327490324509,0.9820096423218909,0.7205051046340014,1.7797297455303602,0.28176167388414997,1.744039351831361,10.038783019315165,19.72838679010673,-6.373011426503745,-11.150636494657032
random_0493,random_stress,100.35467222097934,86.15759995345213,94.86707676986933,100.69318378286175,0.9719674816458611,0.9589528644452824,0.9459363357780346,0.9783100744010285,1.3469012892753,0.5614394673538066,1.5051339480501065,1.1766654936996452,12.440521123591708,18.410977790520686,-13.070090863817274,-13.624836602448656
random_0494,random_stress,100.77312004593618,85.36914288468662,101.8049630528162,102.65409659069208,0.9952569537991659,0.970855720806132,0.9646781609629359,0.9826518272583347,0.9349933425615338,1.4419390817377817,0.5692856273620766,0.13316169008808854,-2.8044082459290642,6.1613520296540525,-8.234158578149803,16.605607951661867
random_0495,random_stress,89.13812456511923,99.73285747212466,98.13496611666997,99.50299953030016,0.9559338590013851,0.955710574215218,0.9642257534969367,0.9463340236669474,1.5200273679493752,0.2239033631378451,1.1464485861548828,1.3363861129472303,14.019062044476343,17.636636997251067,4.10650807963695,12.466599793643823
random_0496,random_stress,100.51491536370398,90.13880689987454,102.12179712301497,85.38442311410869,0.9916576880383866,0.9907949230304945,0.9411136824403876,0.990626398757535,0.9487580569725644,0.701556050610145,0.7683290735502727,0.8613045243292299,19.10538609227042,17.105124910528467,17.56815535791223,-19.30357362906345
random_0497,random_stress,104.82927524504667,102.41381383464166,104.20109959052706,102.73019697504249,0.9668029277153284,0.9609989832172625,0.9453635234127478,0.9566317880186272,0.19929941201736034,0.877648302769028,1.3613104938953846,1.1844785944690979,14.004000070731495,-3.1765440377666954,19.28807925938959,-7.0977817945257105
random_0498,random_stress,92.30685273230885,100.06788797362117,97.86400789268222,93.12573906248616,0.979004085921147,0.9741697261596672,0.9517231822601525,0.9813387030302902,1.7350073613456123,0.07949160721395532,1.5617667083918838,0.7662268951668467,-4.68569106883113,-8.899644417305979,3.4120073192958467,-10.596169907650044
random_0499,random_stress,95.92684613033953,91.65251966219945,93.04814906152734,102.19964632332307,0.9692399949414928,0.9956547483463055,0.9805205453049574,0.9858907277891868,0.9920144405260745,0.2119742391666577,0.5737714940378597,0.3926779196955943,-5.2648116807376155,12.180350824567938,11.077061676856594,-15.478401243430522
random_0500,random_stress,89.14583139591006,96.98002619535052,103.88053246947368,88.6152317697015,0.9603682779218798,0.943104427864246,0.9901685200763337,0.940663249190528,0.22028151164705823,1.7874328163856836,1.690330479714526,0.31891749762089594,10.976770974713826,-3.8127345183524186,2.4345792755502904,-2.5005911393234648
random_0501,random_stress,102.55684952218854,95.30210414647416,86.27065632822685,96.31979574713934,0.9776741513313865,0.9795165034468987,0.9658347196414551,0.9509264446437825,0.7093915782018592,1.1884349904269023,1.3044882666457174,0.5105010268723518,-9.991234597965102,8.221382972773682,-17.18167336367395,4.314701796255034
random_0502,random_stress,90.18344903709472,88.68452451112425,103.93335824914035,96.79639307536274,0.9586062437738863,0.9963195881665737,0.9448685034780648,0.9767212355489862,0.6483580149781867,0.27298843010309254,1.925690488053885,1.6341661827043241,11.286578418888293,-11.756655912774576,11.756812641644373,14.199389627002041
random_0503,random_stress,95.42441839243665,95.50074935579022,86.38592508295316,90.55922713443913,0.9421184686397197,0.9426118766007581,0.9973561900202342,0.9961054019934454,1.5680695856960247,0.8471389472696398,1.240619436455588,0.848470625635158,2.8276178030237897,-0.7596186285657813,-9.14851273971356,10.055141731477505
random_0504,random_stress,94.12672428237508,90.34800669104054,89.0936895159512,88.00202362779132,0.9825612010251968,0.9765364536987012,0.9409352666537852,0.9606183473333157,0.6199919759183319,1.6243871335745252,0.4375820885144359,0.2066684628400861,1.7342076774699988,-14.830045288498592,0.548435205140434,10.551222469244284
random_0505,random_stress,90.94378532644023,99.55708529162426,97.38569427620281,89.98808039034269,0.9745131171923346,0.9435185975787647,0.9625339340235285,0.9585277550350658,0.40891215661831853,0.8057039655998903,1.4720036479017204,1.194840730950544,-18.555254029000015,-15.658361829422006,-5.502185145884817,13.528854292477707
random_0506,random_stress,86.6144979377955,85.58012632941919,93.32230996303316,91.93600427273314,0.9542948087347705,0.9933717348426915,0.9761043061966153,0.9937639357219389,1.814944736511854,1.2431625251985028,1.6905875211202137,0.3786525119336126,0.4124308871015181,6.727422446214368,18.377494410799116,-1.1582963211932995
random_0507,random_stress,86.11086728468793,102.07366676355214,104.90293260029789,104.92659410527716,0.9770914481903195,0.9609203248975653,0.9518467667668805,0.951501322214335,0.8430070316293521,0.9493145514657616,1.411610996098816,1.4086975576665735,-2.78411537072337,-10.660102830493212,-14.76288057720701,-2.249722910544798
random_0508,random_stress,91.3873349403918,89.16545972973553,93.31550135817466,98.56583487334031,0.984254723395176,0.9758936846243962,0.9456862585830285,0.9689517960389612,0.5041521420238202,0.8841007165255443,0.7453718753872172,1.829120747767133,-15.421344605599906,16.388045599181527,-9.217189869505408,9.25557134965128
random_0509,random_stress,97.50956430828043,85.92862620147875,97.69141090814446,92.52123662113678,0.9451115593491759,0.9965276705586344,0.9907356958300805,0.9694619338585674,0.5132793375843554,0.029477256325350254,0.5447557459097707,0.010243578269298892,-10.065385412660213,-2.0469701040088006,-11.74171514293394,18.798349204530886
random_0510,random_stress,101.18228763703013,95.32049351064882,102.58830482932107,95.759701735452,0.9476790931417697,0.980446823749298,0.9812653315071358,0.9662584092797796,0.05762604066161625,0.4320960082954459,1.1464148693058551,1.207921491841123,8.96384084317912,19.06477043185443,11.98772691593653,-1.8169270127971382
random_0511,random_stress,91.04287114695074,104.20212418846025,101.94621124548544,85.83818106552737,0.9908379655778164,0.942193638721328,0.9676496438216544,0.9458839105045252,1.0555696993649493,1.6224726259282989,0.7862268485960209,0.4971409975112682,-6.739237058515837,16.949315248501318,-5.53419073503874,14.116723657673917
random_0512,random_stress,86.23921958589945,101.32713228569195,95.68104851614162,100.24625621428407,0.9533488018200172,0.967074813429313,0.9935738118310452,0.9532880915186089,0.9928787299606054,0.27915293960595894,1.0209086045827365,0.0948822129384932,11.074906539792476,8.942169337852675,8.696754755994625,11.389830606151957
random_0513,random_stress,103.25104427804347,100.20998320354023,86.78205815364946,88.59842741545873,0.9886928292325038,0.998407034032195,0.9807539653470079,0.9940359919822938,0.20983839515535618,0.5200979841135649,0.7290571944474662,1.434332269920453,8.259354042785262,-10.98419315029866,13.20549142817677,19.176690431345428
random_0514,random_stress,87.1778657908811,94.32766271585542,92.7911590488273,97.9541948420734,0.9684013766474129,0.9962088696247109,0.9764510158060066,0.9946246651575948,0.28912511770639604,0.04528366452247323,1.619847661563098,1.2287968280898462,5.577885701362644,15.696173300374557,13.595033256820592,4.746036104974993
random_0515,random_stress,97.85964150089059,90.72374195342434,102.94434437113402,100.27034633256959,0.958991879985607,0.9498746015794582,0.966915028882585,0.986155343970798,1.2067040588756897,0.35425808264874203,1.1496897104858719,0.475853566469874,-3.9418592700223476,-13.29529902009837,-11.853278318714828,17.14630420111435
random_0516,random_stress,88.97954190856517,89.33877227795261,92.83372943986815,100.42725359162355,0.96650155865023,0.9906794632358505,0.9522442586317676,0.9740352865010286,0.9139328003148384,0.23280098988356923,1.7988217514665117,0.879854481142452,-12.791584178676763,-0.5277923155929987,-7.465151464889228,-2.641870350269495
random_0517,random_stress,101.44647131835089,87.41335277757403,103.23818064964736,87.57310244680156,0.9890129655584157,0.9853658308433808,0.9454804686292588,0.9786101637859802,1.5774438826331822,0.9602669021231549,1.4180238221774544,0.050594784267925075,6.386601745279026,-1.7399469454000505,-12.52339559742024,-4.317387439453415
random_0518,random_stress,102.75268761230238,93.50855433036034,95.20937312127269,103.97471489645076,0.9757584194781027,0.9632642803955804,0.9676359594679356,0.9746327702198095,1.1048819119572957,0.4785251797726984,1.5470483201152998,1.1650307096916865,18.312709894873255,-13.464690788533096,-0.1282389075853141,9.313626773692217
random_0519,random_stress,101.65587758790731,100.22324355287554,100.60085794042119,94.38951322766681,0.9543351309270898,0.9789506530214215,0.9434972953791839,0.984214538900637,0.2863784871866313,0.7477271797236287,1.2417391669803746,1.5608363297637344,4.999078873415734,-16.106052965842828,-0.33604980220912406,8.380968239155099
random_0520,random_stress,104.17512007161524,94.85500755690893,94.73739541035846,100.83249308242608,0.9847267333298635,0.970934266994626,0.991827205280798,0.9567344650974975,1.7788846144969057,1.965241326854608,1.7312106837873984,0.20450316558714854,5.696696737425793,8.520832633753042,8.298166102248835,-7.9519780251264605
random_0521,random_stress,101.15726724660249,93.1683922576778,87.93633528582167,92.35617310064042,0.9544126525326275,0.9786563642247875,0.9588753097864084,0.9402165563986408,1.9537627923340655,0.11441644972434961,1.5313084223658484,1.0780166367625237,-2.4405649453079237,-5.796687807659473,11.991517893346884,-17.385159941311255
random_0522,random_stress,99.59570513853238,97.38124909252568,104.99333380920923,96.92298837076942,0.9503179208297297,0.9863234921496697,0.9594462144004124,0.9974992902728935,0.19897403292205554,0.693676181140283,0.21306853021363995,1.0487221492993153,-13.42215443584915,11.675319245575828,-11.58443165351998,5.698538684029875
random_0523,random_stress,97.21276379118214,101.15145104752924,103.22928888750042,96.6669806759663,0.9606199510368139,0.9501272289524736,0.9519051895190677,0.9584461136471006,0.9841310093969794,0.5942476167761308,1.6780357979543974,1.1797880038050386,-1.1567840777242555,-6.890869968057585,-2.6101896191541085,-5.727568388188877
random_0524,random_stress,102.05528775616479,97.66522816100043,87.68488374469231,90.11785832948738,0.953352576865257,0.9450504085881511,0.9817188039337651,0.9699783531125048,0.6208462572131463,0.38950539181448535,0.97410413229266,1.8229790910465393,17.84236365713759,-8.81530226138099,4.560377054239382,-9.723441591951891
random_0525,random_stress,101.6407805520897,88.33897782874627,92.93912760054485,87.01347156723027,0.9518149360292846,0.9497727289460642,0.9662122910461596,0.9955643046563333,0.4485211700287288,1.6614737263484656,1.0582026504744975,1.3162364016009256,-10.406689566648279,-12.959915737443811,0.9685613400479509,9.772253577430616
random_0526,random_stress,92.58361143335014,85.3035515475085,93.57520977331764,95.82382664165048,0.9946343858037667,0.9540081465665191,0.966377212726265,0.9593403703984674,1.0324593788800054,1.7851585011581557,0.2494848129079481,0.6725925600940803,-11.134939818689254,-5.351819895986454,5.370090945522299,13.655421775516746
random_0527,random_stress,93.80576957970791,104.82797603294593,98.8741090182419,87.04808581980848,0.9747125013550492,0.982338802828593,0.9491645843410921,0.9978914816661143,0.8755769959301647,1.1830879230277551,1.8674607810761872,0.7137614238896768,-3.9009343921423945,-13.141912759876547,-19.24349658617492,-12.534067974779921
random_0528,random_stress,91.4103650138647,85.2884821355762,88.26225150634735,101.03183110838579,0.9722604142999669,0.9858046313185018,0.9425853523407953,0.9754651956126701,0.8609175817285304,0.7005537387906375,0.174599208081752,1.7331623914245917,-15.597275291319225,-9.58493392469685,2.25845881227269,6.2815870783263605
random_0529,random_stress,90.00563225265506,102.36253584011251,87.97655784645113,92.3416209493476,0.9718371305290108,0.9830407009088186,0.9518232817203445,0.9841056903044614,1.015979099726854,0.7508496169411074,1.404550097196827,0.44623818475845134,-15.20625528523269,6.922200947328032,4.467868375948867,-0.8150492530195619
random_0530,random_stress,93.0272525783428,88.02638276008243,85.2980140210146,89.20758603033725,0.9936751472856407,0.9652365073493999,0.9500588031669032,0.9916358396352555,0.10557171601116422,0.5637746654852718,0.3421320144924167,1.458881165342134,11.394921776106228,19.25632023903425,8.80825842935391,0.46986137564601016
random_0531,random_stress,87.7073097854156,87.38828626235787,94.76135259154144,96.71114412087934,0.9661776232047821,0.9502616354501646,0.9594977298940212,0.9924880671526106,0.8551495314899746,1.3150923804123573,0.3619574335426574,1.8241999509560272,10.343444079269402,-12.522710452317583,16.080081851635725,-14.45090481965372
random_0532,random_stress,98.94412490952047,90.35328520630364,85.32856202997388,87.97850834090447,0.9501720905443009,0.9971611051094569,0.943204588105845,0.9960515689958216,0.8502744170923493,1.3751050805244784,0.08295648973466108,1.9352105394331762,-0.697776071445646,-8.636311970451906,5.215694533494601,18.463095952109676
random_0533,random_stress,101.53388421268318,90.63116114682535,94.916573046715,99.62093958265272,0.9797533635713611,0.9430395611300282,0.9547210455913877,0.949175776259595,1.4068063189718911,0.9170548705198759,0.10293929023695636,0.9017054796110646,-7.255347051966372,2.6349424649325393,1.1257930188956733,16.441439442807265
random_0534,random_stress,103.58266409165869,90.73513239134425,92.735662170082,93.81747316216202,0.9419676803331807,0.9793596528736616,0.9462122943151512,0.9647186804375334,1.1272654985469488,1.6484539893777463,1.5122638217036808,0.41855697857650886,-14.905152462224414,0.08401490203369555,5.021624122774981,8.360697881682494
random_0535,random_stress,100.89649913178242,101.30003493986096,103.99923495232116,100.70754941195953,0.9751813401708611,0.9965518731952108,0.9835676530175124,0.9634503025643183,0.43501692297073946,0.2331594004283064,1.4025020561588413,0.8987806005228882,1.2925221613684457,-2.7825468556893673,-6.124419474372287,-5.688504672001158
random_0536,random_stress,97.45948386958833,102.41552164294964,91.84243906095247,90.69778478371917,0.9943084921887965,0.9837309087309195,0.9851693733763153,0.9746927949220884,1.4711484730859241,0.2805341386069258,1.5826195528123335,0.13140297034477944,8.6849551174816,-14.368814321110005,-6.028839428462858,9.837704877149429
random_0537,random_stress,89.18562665780678,88.73999907483775,98.99500986563181,86.4081635366305,0.9907404613775639,0.9454489938513042,0.9818776090505305,0.9746172041275536,1.1916473391944455,0.32243108992515723,1.286255926474524,0.5981443370580974,-17.788563327060047,-6.492773089814441,-16.870956717293293,4.568373152949201
random_0538,random_stress,94.23402750685321,92.13254397862462,100.76279597855203,93.24244240973421,0.9442407082836524,0.9568065770474573,0.9730905580118655,0.9651120742168589,1.2406676145409743,1.5832849340769903,1.4569699437254642,0.20226735382563613,-3.5933648433707344,-15.922996068285894,19.95484546209527,6.6822508384279455
random_0539,random_stress,88.58366616426794,96.41846897655466,86.55478282461782,87.27422741914822,0.9689628840873913,0.9788385709013631,0.9805609140766822,0.9700552075253823,0.8915677332690677,0.28077752472280215,0.38727391307987036,0.693380221062811,10.942241503603473,-11.03660237716069,19.486189296177127,-12.563702262377783
random_0540,random_stress,102.18957024926446,93.36173623832579,89.91722021381257,85.78217426640195,0.9548888423976216,0.9909776582424284,0.9424654749019415,0.9796156846353551,1.884016154396503,1.2684613518577292,0.364648264174357,1.9582569787865642,-16.51222754383131,-12.384003472211663,0.36863710989725185,8.41386950241612
random_0541,random_stress,100.38479716574564,86.91495395511735,103.38232454292623,93.38739030773974,0.9993285116653162,0.9886909967986125,0.9901104792758993,0.9999397458021704,0.6191904311853478,1.1876138518477075,0.9796382975331863,1.720914032564823,-18.143957752434254,-2.1960832319548773,-3.207280774740755,-16.47605846720781
random_0542,random_stress,85.91533969332244,92.6368624506504,93.56884715553095,94.14408219938461,0.964308871822287,0.971200120990462,0.957663157334674,0.993016063994472,1.020037779258667,1.4104268962091764,0.38854181977709584,0.49046108675627087,-14.417291479577061,-15.248824658902569,-16.988572399937855,18.104523514631822
random_0543,random_stress,103.35398920241765,98.71548606317175,103.74057183078136,92.9109041809111,0.9734086271005602,0.9998395933354277,0.9481380579475395,0.9505959352974686,1.1115359715440392,1.960370932356167,1.418829189316753,0.7312103940776673,4.229344969361479,10.647365508433504,-6.56443545173393,-5.888344910809558
random_0544,random_stress,96.36504527949509,99.40244997964105,98.78969002764339,98.94857954506439,0.9711815967277472,0.9499629620762297,0.9651412688895905,0.9926980403537756,0.6463658951229188,1.7802452938324462,0.21086038889986702,0.8560089808230855,-14.086818965027724,-9.6928753848582,9.785026433646893,-14.318065893510607
random_0545,random_stress,85.12686591379638,99.30959918006019,103.91737313979972,104.35876314645726,0.9570733736216566,0.9817450389586341,0.9591037914294724,0.9727455630714295,1.3638713680742305,1.524165657086168,0.027761652183883267,1.2906816194200421,-14.925550759663423,12.776764067853762,11.831876928726679,-19.30727527429585
random_0546,random_stress,91.78587112392339,99.72251856042571,94.91822948655344,90.9516074605928,0.9631123980917646,0.9545507125222383,0.9598775212996371,0.9935065637591566,1.5956532484157846,0.5481287755716764,1.4717011314380604,1.6660907393060227,-0.531196554853639,-17.41607147421289,8.872277685835947,-13.116171484414414
random_0547,random_stress,95.89698932240803,93.0082007617876,101.13434349458966,98.71085907319056,0.9958858158819669,0.9414076022508073,0.9745783356356974,0.950034057983071,0.16486557764913368,1.2721717976371782,0.4465678896484315,1.2167901270095767,-13.964759619245296,-8.39792973103255,19.09084957395235,2.445195886141267
random_0548,random_stress,87.33197037327358,97.65756990176236,93.99436369128486,103.43418803025062,0.9746343173297785,0.9791711503284461,0.9571938783797662,0.9818373737967097,0.788574385310886,1.059179058124236,1.69484950040754,0.9632338981749283,6.314782447790446,18.65111460486046,-1.0103754995978997,-12.403735481150644
random_0549,random_stress,92.42082989870386,93.82705642204337,88.39359529553396,88.10661510830207,0.9984659393551898,0.9825422328271597,0.9990012338870746,0.9463387980780231,1.4997001807677484,0.48307937353278474,0.9493000853920346,1.7921120038945475,14.619730199588957,6.8194652262695765,-12.463391684273194,2.152981317260747
random_0550,random_stress,97.99145605186506,100.04319011997696,88.7796772187379,100.10762309185286,0.950648942075345,0.999175357867563,0.9754020905568379,0.9597359886946869,1.4494394573999445,0.6953943701586656,1.1107026234363837,1.828325029509398,-1.2157647069768185,18.234222919526076,2.3999804283214665,3.148636742073041
random_0551,random_stress,92.64793084894819,100.24297248537626,98.76021018884148,93.02280085868111,0.9529782404567582,0.9727818775080399,0.9755264002285556,0.9425985991530541,0.739369018381675,1.6747669848220408,0.8060975248045281,0.5855902923635248,-8.900293987890215,5.797592088652932,12.907489754153815,-11.16631281943783
random_0552,random_stress,103.31496356396626,95.1598232636014,90.81460669164652,96.56971531713467,0.9875499109149031,0.9825255223217116,0.993941222167315,0.9737569574808594,0.16937073002543457,1.2985067979458225,0.9250866069661191,0.6442389096139729,4.238258205395571,16.975745547796024,18.0303598525337,-4.259382933072424
random_0553,random_stress,103.5350844665448,102.96033004339124,101.4314958995106,104.71496123453171,0.9437423425713212,0.962212447064535,0.984808392659979,0.953968100664258,1.6154726972317006,1.08072074900739,1.1048863506732896,0.374609540143362,16.409868439212293,7.007561416002677,-18.12474317696855,-3.7778901625945682
random_0554,random_stress,102.27141451609756,95.05150146368834,98.19597113466492,88.54013821689526,0.9855620855638393,0.9711101216572477,0.9994053644087986,0.9583859646415835,1.4111308061688472,0.9964745584289546,1.1939425670796846,0.8061479934400637,-9.959340989026252,11.41235046051647,2.0122829173694257,-12.777439946841675
random_0555,random_stress,96.93213839113281,97.58299235375614,90.2672997785183,89.54028568860036,0.9485552988207326,0.9452433557312402,0.9616531758135363,0.9717009704574646,1.086616976236904,0.021082650713711848,1.8801513529574412,1.0130061901580591,5.055993264785763,-2.1007301377382426,4.84432566551404,14.07250188402434
random_0556,random_stress,103.50510438557585,101.5974018284159,102.60982388772568,92.97302270429253,0.9923021355802015,0.9757527379096452,0.9909551335810097,0.9874335094843432,0.6479727074838899,1.4633404869991196,0.04987342954254714,0.6534647950480208,-0.979583993264046,-11.086264763585248,15.480882082990547,4.113692771563353
random_0557,random_stress,97.50309246417696,86.45960557646626,86.67763876947662,103.63584852287516,0.9678810328650104,0.9496737264506604,0.9708861501295831,0.9812793351170708,1.0606492204742015,0.544058332640274,1.042446240785558,0.11820599625605022,-19.28494353162856,12.38754560678872,-13.760985630331968,-8.013556327413704
random_0558,random_stress,88.74416722153342,94.78034915842467,86.55234272634816,98.34578768194152,0.9925505638498935,0.9443926754493083,0.9542989116799936,0.9602239297006424,0.7456314775743409,0.797954475767271,0.35119535595234685,0.48825032472034047,-11.926682384295479,-12.714790869753285,-13.44005437328108,11.183478572019855
random_0559,random_stress,91.78278698764514,104.50182648808261,86.46911640975524,100.91077614471462,0.9605441585225107,0.9706874309587176,0.9634504511155104,0.997288641522009,0.7820113003764027,1.811502765275984,0.8244321887233363,0.11186955144432864,17.076063634473467,6.594827461676851,7.912930466644257,-8.705075618683757
random_0560,random_stress,102.27246244956753,85.08371437036126,101.51439212258474,104.08170600907172,0.9853800005057577,0.9768410935907479,0.9758317355028554,0.9415900441139153,0.053551108020879486,1.7275130451318401,0.7822414541042899,1.048894133414483,0.5208217413120186,18.864618257981796,10.318470802020112,7.098987362427516
random_0561,random_stress,101.32040052656312,98.58102419994438,95.89740373684353,87.74048148087431,0.9800507035422757,0.9982705823344054,0.9423420378639816,0.9669848403147184,0.2683784264404321,1.3385528255143693,1.9933120995613125,1.3497759399700922,-0.7706909074958768,12.710255156212519,-15.818119528924562,16.049947672929523
random_0562,random_stress,95.12578244006639,88.08932186277771,87.05694435835424,97.88426850172189,0.9534559683222424,0.9623298920906563,0.980601945568451,0.9792350117979517,0.6160290958567611,0.592064920633661,0.06281788822515622,1.0496100780748951,-8.429909003001509,-19.310155662858968,16.60270181125344,17.79357584738922
random_0563,random_stress,102.70724323922848,88.99399387449523,87.79953532928943,87.1265416377909,0.9664468534560302,0.9800169787302119,0.9875397408195815,0.9935742021760549,0.44722210546539753,0.3695109354035755,0.8211204939890051,0.9499650933681338,13.2463696214597,-13.748755444976348,-12.488441192084352,-2.625605541599305
random_0564,random_stress,90.4410830807793,89.29216135937703,86.92106212107163,104.04016163596124,0.9534269844639052,0.996334902162956,0.9668024457578428,0.961412801865184,1.661036573943138,0.38566565347687815,0.2901737991782345,0.62768647212491,7.498363511921893,16.874859722653312,-17.209908416807984,-13.00592438451407
random_0565,random_stress,98.44140490151278,89.76032862534468,87.53820266298183,102.47166048167017,0.9431751674304429,0.9511411530643837,0.9740808747826948,0.9642203601075661,1.6298652178381667,0.7849969622184235,1.0817127745376935,0.18250535153785474,10.331263909815206,5.054961552878265,-7.011717935064761,-9.026329808651203
random_0566,random_stress,86.77724402507276,98.19723143359002,102.11150076617082,85.2378544489883,0.9414064648846263,0.9482764121152644,0.9623762690190726,0.9567091884858987,0.22075004545395818,0.15405253935143715,1.1846779255094022,0.7190969585017964,19.350134642978535,-4.9636665238013045,12.164657557059169,-4.280314683672191
random_0567,random_stress,103.62990135202233,98.64026943384721,86.42924021151511,103.19815940900209,0.9787616192459361,0.9653096406125953,0.981626224416442,0.9842538868723768,0.29469052713003396,1.187801166395292,1.3036275540694164,0.15472796109393538,12.272100694527325,-2.279597513362388,19.843482880969063,13.861835968785998
random_0568,random_stress,91.7747774808241,95.43183772421207,101.53593419198776,88.5313830881631,0.9737410303383164,0.9984116083527405,0.9994055176982393,0.9712509013132636,0.36788366609865486,1.3784041131885627,0.4236860902887998,1.5019686758896489,-3.109691584778851,0.5743093456339654,5.0317896808174645,-7.7905402946089275
random_0569,random_stress,100.8022684505139,91.98896260484872,97.18764607903421,95.10640512093109,0.946095002655505,0.9688897847197991,0.9439339319282748,0.9714570001547159,0.7295478668660804,0.20304682238356486,1.42763648289271,0.8573125306321587,13.082061989826368,-13.449850471534281,19.73767339698213,7.980463370886923
random_0570,random_stress,101.03260043551037,104.03646069756563,97.24202177839729,86.69690755700232,0.9822054020050394,0.9693956400256644,0.9423205872462981,0.9977846717808253,0.29690502166438826,1.1472235181399266,0.6636557901357103,1.249657373957818,9.589687470189943,-4.454500776568264,8.812208425401163,18.975010523415655
random_0571,random_stress,102.02164815623972,92.41462879279662,97.5333222029528,101.38770383726755,0.9427538802779726,0.9500898950298569,0.9658048507179539,0.9612941588000824,1.2783214961869718,1.13477028937697,1.9459497452017973,1.8891969605898205,-3.757917239309063,15.252455842777826,3.566095907492981,-14.613544176407324
random_0572,random_stress,103.13424066700493,92.32701755157521,88.83632543685896,91.27141130250216,0.9963925759028526,0.9894444292829707,0.9857875511781532,0.9852739887541864,1.6659242068480709,0.693878864809721,0.4794705426710102,1.4706655951334582,-8.078935615847257,17.602540374342944,-8.587789560177095,-4.602571403233036
random_0573,random_stress,96.88358226669102,86.90272390346887,93.993992385874,96.81938190334014,0.9642846226379441,0.9795356891257689,0.986161633726212,0.9466070607864873,1.0183496989147829,1.6669279954087624,0.6558987019006601,0.9987390026035827,1.308938735204408,11.303633187242589,12.617613771643166,-0.42721591477253185
random_0574,random_stress,100.96363184349953,89.85344312999902,92.04115113923295,98.5817707056169,0.9976293798241861,0.9584507311726869,0.9498840161833718,0.9559159392760926,0.5828214646524161,1.6121095417786764,1.6799973465072233,1.8030818840868494,8.699645402671404,-7.638151381903175,11.85730081663622,8.110679449681157
random_0575,random_stress,90.57906257360821,99.85732415812926,104.54240806331417,101.57462363855906,0.9544504461989213,0.9679033509547483,0.9819431385145346,0.9401980636660174,1.0773004564650064,0.38163689096293424,0.3490323588453208,1.8593616271497684,-0.10597572179425363,19.730412912903482,-15.552926255085392,-12.729115672502797
random_0576,random_stress,92.53466317530861,99.93313074287715,88.131637145096,88.47433804610243,0.9469905591027353,0.9502495054196376,0.9623651459201185,0.9575470811787404,1.4019466513237686,1.7989306960491993,1.7508184538185219,1.5294510211958374,19.688681382570714,-9.778289984428534,-19.205848547963434,15.285694601140595
random_0577,random_stress,94.32958286738824,97.70731095638013,102.76498456354571,101.72098289426542,0.9957255749453385,0.945935001078388,0.9665135864705608,0.9452438178483638,0.0885290500584257,0.7904615262667041,1.034204854362241,0.7018765743098663,11.974622658026068,8.89200568415728,19.204474029631303,10.073576416025913
random_0578,random_stress,92.10879436154615,103.29455396203943,90.36447456826133,94.06172127291451,0.988447121504361,0.9673666023571288,0.9695698470027153,0.970937719770133,1.7242520888473847,0.3178038152131035,0.3648636855189895,0.5590913190252556,-13.57609656319092,-12.102236205068046,-15.736635250097502,-2.363050043133015
random_0579,random_stress,86.79909864488215,101.89206262643177,102.13432109678958,86.11593327034903,0.9560518476544735,0.9745468064137603,0.9696534065823197,0.9676937193997752,0.38258902882329715,1.610534056326797,0.7361213291494766,0.13972692098953177,17.25944892459044,1.5745108170235023,8.7942587674959,-8.966501379523422
random_0580,random_stress,85.90358178771942,99.39220024599467,92.53744790075334,91.26870130310866,0.9957438793757069,0.9742113686120758,0.9510742178290258,0.9803763161103964,1.323279412129263,0.8888605800835083,0.7467065292340034,1.4881127010290673,6.450259068712345,-15.727199692324415,12.017860632223009,19.30729562162383
random_0581,random_stress,90.23394872011612,101.25901158475284,104.3436286238889,98.14077681405182,0.9689131434158486,0.9404695222180938,0.9674709996318153,0.9751561111620298,1.8781285451095489,0.4724858089137842,0.47810470657392123,0.8477444581557636,-6.989701394238437,3.0430094302586186,-8.514739884277036,2.4523734236835404
random_0582,random_stress,93.58479696282099,101.34216537255543,87.04308013675086,101.18907030393063,0.9661777950260975,0.9706447413685216,0.97959965286502,0.9822338192016774,1.9654765499373017,0.21480032178158504,0.25721448728723706,1.7982683148614924,3.2914683440286696,-3.5576922128191635,11.781972251863731,-10.342991434755287
random_0583,random_stress,95.62502624925521,102.95275010961963,97.97690330981708,91.80894815043101,0.9823155867095462,0.9406471117464482,0.9883652991393902,0.98463802727888,0.8143805668748103,1.4662564249508312,1.408477238106912,1.998448347599558,1.5994553759297236,-8.221648767123853,-4.720025815419016,-4.541141427206892
random_0584,random_stress,104.77755028046278,93.04076152090359,88.34212992518114,96.27010429726167,0.9919904441250861,0.9692994342515217,0.9705949610962996,0.9892992234798711,0.015550523851810107,1.349352039106969,0.357376015544413,1.9952190780139958,14.644486732924511,15.26778500516546,3.1425080243094783,3.062107406293717
random_0585,random_stress,102.97852927593009,94.01904819975185,99.18308451166868,87.7475078980398,0.9985086757837165,0.9449977953750641,0.9447326432628775,0.9815208852627487,1.2883499996071224,1.174926391943197,0.1284467787200363,0.26011810951614267,18.13267628461777,19.96495634994091,-10.348703326765545,2.3316008693384616
random_0586,random_stress,88.27692362860799,94.69000337155667,97.0543151237999,90.04546304430772,0.9894785285904839,0.9868630389079135,0.9955759282337674,0.9962789748277857,0.8350492235086573,0.7245013137826115,1.9124055564567728,0.20484269252211273,-8.09637472800468,19.713414033462694,15.867268344751547,0.9247257749605353
random_0587,random_stress,87.58732991041907,94.55592756230189,86.80347380096437,87.60896455155303,0.9657331186922933,0.9995793462454725,0.9410512208416214,0.9454105280328112,0.9218723415458321,1.18483915461706,0.6790959748423899,1.866878994099788,16.980078091209062,19.052277526939662,-15.586965352488331,19.491472427464608
random_0588,random_stress,101.27761162539421,89.27488255439702,85.2728184769439,85.5925570255025,0.9628030456581146,0.9697284837551957,0.9524004866526963,0.9804026946877881,0.15886356327136442,0.3735074313293103,0.9810687509810658,0.9632499561501715,-15.232572966745042,0.7524089139680523,-16.96266932436178,16.881672201979647
random_0589,random_stress,86.24065540592942,93.18767275125047,94.92823133018697,95.03391188784201,0.9851231246639572,0.940145958129477,0.9912970982100162,0.9461009638136427,1.8041505724081115,0.10578856497132595,0.09210327667692364,1.6247171045138578,-9.163182672883941,9.98575888529388,14.139297958795405,17.536781080611064
random_0590,random_stress,102.64253329334821,97.92508475139911,102.14016733759681,97.34533639046592,0.9411143416036514,0.979768315348603,0.9504557334246854,0.9603267745687152,1.090858412449228,0.7036367087832369,0.39379654216795323,1.8684055666498998,-3.442296335127173,-13.43046370569542,4.050606771275791,14.5040894435358
random_0591,random_stress,92.12188847737328,97.62568815516822,102.03347031953938,89.79832016419178,0.9446924374347263,0.9713920745055755,0.9674112194561381,0.9472218367292083,1.5495175094251177,0.7007608581531402,1.9584517668876662,1.6276640142610272,-3.27747395797207,9.881302487665277,1.4677780982253719,-6.3822526672344315
random_0592,random_stress,90.67232429545848,95.3833127539472,96.64478580506595,90.39655193201207,0.9658494434403715,0.9659955143105938,0.9609717049009767,0.9432058086747316,1.7406984232980698,0.07351185265834337,0.06825125877728877,0.9344811875114363,8.71877250811686,14.862040558407639,3.2478692800938935,-1.920192372622589
random_0593,random_stress,87.39357676396838,86.00136540730018,90.85782737476788,100.63515869245131,0.9962698056936289,0.9879971576507228,0.9872647920184832,0.9967095364571404,0.36727922824771,0.9609556583028458,0.9109984533417628,1.273438147525309,1.5540386954620633,-5.18521920449615,5.335585286395195,18.170783602147388
random_0594,random_stress,103.89739254455822,102.64261525271647,98.73548567420801,87.05127413011901,0.9795062686127779,0.9955055496165268,0.9902210185379665,0.9959347120197826,1.6315997859836544,0.5007543836552916,1.1413409025167638,1.5419419136331418,14.865319048357755,-1.5318414331492436,-11.950391084770233,8.967216913051924
random_0595,random_stress,86.16755751620519,103.82894093029226,86.32426537660844,102.05924484107673,0.9997863814643961,0.9508169560185926,0.9589246077011094,0.9607871063103003,0.5426767055529822,1.3764681682824471,1.8529432956926364,0.44899738443353404,-10.514756026496599,3.2452575515791082,12.21826310035401,0.4248312999479298
random_0596,random_stress,93.16930969701465,102.18160099919747,93.11385004905917,95.53656070736234,0.9929824894321856,0.9621068876506738,0.9678994301480189,0.9916443089941974,1.8217230686068637,1.7059618284222242,1.1821553289008615,1.674193470423786,17.566256853350907,13.552336530877325,19.75410543967158,-13.648471451361853
random_0597,random_stress,95.81668456976242,95.92969778501569,98.64656053635798,100.05362237636422,0.9664400283654077,0.9660426039530648,0.9646189327049196,0.9792355693719164,0.20945709641848387,0.863824764317447,0.18535023589221744,1.6839575291378268,-0.8730733999487672,16.303008625329426,-16.76767962878226,-12.984441921593346
random_0598,random_stress,91.03043939333753,102.48743075640391,104.4848654772992,87.54848987577351,0.9853393468645364,0.9730292945709397,0.9616962337278063,0.9519693978939393,1.8061476888808403,0.012456766721683277,1.7369222010836989,1.0991700667851376,0.4446849897312122,-19.10517765006782,-3.6179718343312306,9.517200092101765
random_0599,random_stress,94.3139430923057,85.07901591205177,103.7661334474521,86.03193256250059,0.9412333474983039,0.983942440544113,0.9438329418695178,0.9646328458976268,1.6621264917570722,1.1338506984754075,0.7310110651634547,0.6784063829734139,-10.145738396390191,-10.878231947623803,17.688030917148012,7.248852481640848
