cell_id,target_ordinal,method,target_soh_pp,anchor_soh_pp,pred_soh_pp,error_pp,budget_Ah,history_mode,held_cell,w01_visible,w03_visible
102Ah_25degC_0p5C_cell3,1,anchor_constant,100.57,102.13637254901961,102.13637254901961,1.5663725490196185,20,persistent,102Ah_25degC_0p5C_cell3,0,0
102Ah_25degC_0p5C_cell3,1,age_ridge,100.57,102.13637254901961,96.77009691319816,-3.7999030868018338,20,persistent,102Ah_25degC_0p5C_cell3,0,0
102Ah_25degC_0p5C_cell3,1,fixed_window_ridge,100.57,102.13637254901961,96.36479949667073,-4.205200503329266,20,persistent,102Ah_25degC_0p5C_cell3,0,0
102Ah_25degC_0p5C_cell3,1,mask_ridge,100.57,102.13637254901961,96.4567707984413,-4.1132292015586955,20,persistent,102Ah_25degC_0p5C_cell3,0,0
102Ah_25degC_0p5C_cell3,1,within_cell_ratio_ridge,100.57,102.13637254901961,96.43117206764835,-4.138827932351646,20,persistent,102Ah_25degC_0p5C_cell3,0,0
102Ah_25degC_0p5C_cell3,1,rbf_residual,100.57,102.13637254901961,100.30880812959089,-0.26119187040910674,20,persistent,102Ah_25degC_0p5C_cell3,0,0
102Ah_25degC_0p5C_cell3,2,anchor_constant,99.885,102.13637254901961,102.13637254901961,2.2513725490196066,20,persistent,102Ah_25degC_0p5C_cell3,0,0
102Ah_25degC_0p5C_cell3,2,age_ridge,99.885,102.13637254901961,95.95075399423921,-3.934246005760798,20,persistent,102Ah_25degC_0p5C_cell3,0,0
102Ah_25degC_0p5C_cell3,2,fixed_window_ridge,99.885,102.13637254901961,95.57340877655437,-4.311591223445632,20,persistent,102Ah_25degC_0p5C_cell3,0,0
102Ah_25degC_0p5C_cell3,2,mask_ridge,99.885,102.13637254901961,95.67055521784064,-4.214444782159362,20,persistent,102Ah_25degC_0p5C_cell3,0,0
102Ah_25degC_0p5C_cell3,2,within_cell_ratio_ridge,99.885,102.13637254901961,95.65198852759158,-4.233011472408421,20,persistent,102Ah_25degC_0p5C_cell3,0,0
102Ah_25degC_0p5C_cell3,2,rbf_residual,99.885,102.13637254901961,99.71498930230116,-0.17001069769884225,20,persistent,102Ah_25degC_0p5C_cell3,0,0
102Ah_25degC_0p5C_cell3,3,anchor_constant,99.386,102.13637254901961,102.13637254901961,2.750372549019616,20,persistent,102Ah_25degC_0p5C_cell3,0,0
102Ah_25degC_0p5C_cell3,3,age_ridge,99.386,102.13637254901961,95.33576971357772,-4.050230286422277,20,persistent,102Ah_25degC_0p5C_cell3,0,0
102Ah_25degC_0p5C_cell3,3,fixed_window_ridge,99.386,102.13637254901961,94.98157615482405,-4.404423845175941,20,persistent,102Ah_25degC_0p5C_cell3,0,0
102Ah_25degC_0p5C_cell3,3,mask_ridge,99.386,102.13637254901961,94.4547129804226,-4.931287019577397,20,persistent,102Ah_25degC_0p5C_cell3,0,0
102Ah_25degC_0p5C_cell3,3,within_cell_ratio_ridge,99.386,102.13637254901961,95.06803145640778,-4.317968543592215,20,persistent,102Ah_25degC_0p5C_cell3,0,0
102Ah_25degC_0p5C_cell3,3,rbf_residual,99.386,102.13637254901961,98.8882900587144,-0.4977099412855921,20,persistent,102Ah_25degC_0p5C_cell3,0,0
102Ah_25degC_0p5C_cell3,4,anchor_constant,98.994,102.13637254901961,102.13637254901961,3.142372549019612,20,persistent,102Ah_25degC_0p5C_cell3,0,0
102Ah_25degC_0p5C_cell3,4,age_ridge,98.994,102.13637254901961,94.81154964035771,-4.182450359642289,20,persistent,102Ah_25degC_0p5C_cell3,0,0
102Ah_25degC_0p5C_cell3,4,fixed_window_ridge,98.994,102.13637254901961,94.4788226454966,-4.515177354503393,20,persistent,102Ah_25degC_0p5C_cell3,0,0
102Ah_25degC_0p5C_cell3,4,mask_ridge,98.994,102.13637254901961,93.95801030011452,-5.0359896998854765,20,persistent,102Ah_25degC_0p5C_cell3,0,0
102Ah_25degC_0p5C_cell3,4,within_cell_ratio_ridge,98.994,102.13637254901961,94.57093841298149,-4.423061587018509,20,persistent,102Ah_25degC_0p5C_cell3,0,0
102Ah_25degC_0p5C_cell3,4,rbf_residual,98.994,102.13637254901961,98.4617002004489,-0.5322997995510974,20,persistent,102Ah_25degC_0p5C_cell3,0,0
102Ah_25degC_0p5C_cell3,5,anchor_constant,98.602,102.13637254901961,102.13637254901961,3.534372549019608,20,persistent,102Ah_25degC_0p5C_cell3,0,0
102Ah_25degC_0p5C_cell3,5,age_ridge,98.602,102.13637254901961,94.35945262273326,-4.242547377266746,20,persistent,102Ah_25degC_0p5C_cell3,0,0
102Ah_25degC_0p5C_cell3,5,fixed_window_ridge,98.602,102.13637254901961,94.04684235764142,-4.55515764235858,20,persistent,102Ah_25degC_0p5C_cell3,0,0
102Ah_25degC_0p5C_cell3,5,mask_ridge,98.602,102.13637254901961,94.15664431338689,-4.445355686613112,20,persistent,102Ah_25degC_0p5C_cell3,0,0
102Ah_25degC_0p5C_cell3,5,within_cell_ratio_ridge,98.602,102.13637254901961,94.14282315136884,-4.459176848631159,20,persistent,102Ah_25degC_0p5C_cell3,0,0
102Ah_25degC_0p5C_cell3,5,rbf_residual,98.602,102.13637254901961,98.54646040958019,-0.05553959041981216,20,persistent,102Ah_25degC_0p5C_cell3,0,0
102Ah_25degC_0p5C_cell3,6,anchor_constant,98.235,102.13637254901961,102.13637254901961,3.9013725490196123,20,persistent,102Ah_25degC_0p5C_cell3,0,0
102Ah_25degC_0p5C_cell3,6,age_ridge,98.235,102.13637254901961,93.64001167495142,-4.5949883250485755,20,persistent,102Ah_25degC_0p5C_cell3,0,0
102Ah_25degC_0p5C_cell3,6,fixed_window_ridge,98.235,102.13637254901961,93.36300507061583,-4.871994929384172,20,persistent,102Ah_25degC_0p5C_cell3,0,0
102Ah_25degC_0p5C_cell3,6,mask_ridge,98.235,102.13637254901961,93.01192756688471,-5.223072433115291,20,persistent,102Ah_25degC_0p5C_cell3,0,0
102Ah_25degC_0p5C_cell3,6,within_cell_ratio_ridge,98.235,102.13637254901961,93.46542394929313,-4.769576050706874,20,persistent,102Ah_25degC_0p5C_cell3,0,0
102Ah_25degC_0p5C_cell3,6,rbf_residual,98.235,102.13637254901961,97.35111398097544,-0.8838860190245583,20,persistent,102Ah_25degC_0p5C_cell3,0,0
102Ah_25degC_0p5C_cell3,7,anchor_constant,97.993,102.13637254901961,102.13637254901961,4.143372549019617,20,persistent,102Ah_25degC_0p5C_cell3,0,0
102Ah_25degC_0p5C_cell3,7,age_ridge,97.993,102.13637254901961,93.30780203370922,-4.685197966290772,20,persistent,102Ah_25degC_0p5C_cell3,0,0
102Ah_25degC_0p5C_cell3,7,fixed_window_ridge,97.993,102.13637254901961,93.0481871546025,-4.944812845397493,20,persistent,102Ah_25degC_0p5C_cell3,0,0
102Ah_25degC_0p5C_cell3,7,mask_ridge,97.993,102.13637254901961,93.16813587898673,-4.824864121013263,20,persistent,102Ah_25degC_0p5C_cell3,0,0
102Ah_25degC_0p5C_cell3,7,within_cell_ratio_ridge,97.993,102.13637254901961,93.15187305287674,-4.841126947123257,20,persistent,102Ah_25degC_0p5C_cell3,0,0
102Ah_25degC_0p5C_cell3,7,rbf_residual,97.993,102.13637254901961,97.2816880749311,-0.7113119250688982,20,persistent,102Ah_25degC_0p5C_cell3,0,0
102Ah_25degC_0p5C_cell3,8,anchor_constant,97.71,102.13637254901961,102.13637254901961,4.426372549019618,20,persistent,102Ah_25degC_0p5C_cell3,0,0
102Ah_25degC_0p5C_cell3,8,age_ridge,97.71,102.13637254901961,92.98348608321344,-4.726513916786558,20,persistent,102Ah_25degC_0p5C_cell3,0,0
102Ah_25degC_0p5C_cell3,8,fixed_window_ridge,97.71,102.13637254901961,92.74151564064583,-4.968484359354164,20,persistent,102Ah_25degC_0p5C_cell3,0,0
102Ah_25degC_0p5C_cell3,8,mask_ridge,97.71,102.13637254901961,92.37793724284191,-5.332062757158084,20,persistent,102Ah_25degC_0p5C_cell3,0,0
102Ah_25degC_0p5C_cell3,8,within_cell_ratio_ridge,97.71,102.13637254901961,92.84622195969575,-4.86377804030424,20,persistent,102Ah_25degC_0p5C_cell3,0,0
102Ah_25degC_0p5C_cell3,8,rbf_residual,97.71,102.13637254901961,96.72187060059062,-0.9881293994093738,20,persistent,102Ah_25degC_0p5C_cell3,0,0
102Ah_25degC_0p5C_cell3,9,anchor_constant,97.441,102.13637254901961,102.13637254901961,4.695372549019609,20,persistent,102Ah_25degC_0p5C_cell3,0,0
102Ah_25degC_0p5C_cell3,9,age_ridge,97.441,102.13637254901961,92.68812697142668,-4.752873028573319,20,persistent,102Ah_25degC_0p5C_cell3,0,0
102Ah_25degC_0p5C_cell3,9,fixed_window_ridge,97.441,102.13637254901961,92.46293457307291,-4.978065426927088,20,persistent,102Ah_25degC_0p5C_cell3,0,0
102Ah_25degC_0p5C_cell3,9,mask_ridge,97.441,102.13637254901961,92.08193285471599,-5.3590671452840155,20,persistent,102Ah_25degC_0p5C_cell3,0,0
102Ah_25degC_0p5C_cell3,9,within_cell_ratio_ridge,97.441,102.13637254901961,92.56805863205297,-4.8729413679470355,20,persistent,102Ah_25degC_0p5C_cell3,0,0
102Ah_25degC_0p5C_cell3,9,rbf_residual,97.441,102.13637254901961,96.44605485885516,-0.9949451411448393,20,persistent,102Ah_25degC_0p5C_cell3,0,0
102Ah_25degC_0p5C_cell3,10,anchor_constant,97.212,102.13637254901961,102.13637254901961,4.924372549019608,20,persistent,102Ah_25degC_0p5C_cell3,0,0
102Ah_25degC_0p5C_cell3,10,age_ridge,97.212,102.13637254901961,92.41731372403738,-4.7946862759626185,20,persistent,102Ah_25degC_0p5C_cell3,0,0
102Ah_25degC_0p5C_cell3,10,fixed_window_ridge,97.212,102.13637254901961,92.20806074997947,-5.003939250020537,20,persistent,102Ah_25degC_0p5C_cell3,0,0
102Ah_25degC_0p5C_cell3,10,mask_ridge,97.212,102.13637254901961,92.33848761451304,-4.873512385486961,20,persistent,102Ah_25degC_0p5C_cell3,0,0
102Ah_25degC_0p5C_cell3,10,within_cell_ratio_ridge,97.212,102.13637254901961,92.31324406531203,-4.898755934687969,20,persistent,102Ah_25degC_0p5C_cell3,0,0
102Ah_25degC_0p5C_cell3,10,rbf_residual,97.212,102.13637254901961,96.49777365719824,-0.7142263428017657,20,persistent,102Ah_25degC_0p5C_cell3,0,0
102Ah_25degC_0p5C_cell3,11,anchor_constant,97.027,102.13637254901961,102.13637254901961,5.109372549019611,20,persistent,102Ah_25degC_0p5C_cell3,0,0
102Ah_25degC_0p5C_cell3,11,age_ridge,97.027,102.13637254901961,92.16779448927312,-4.859205510726881,20,persistent,102Ah_25degC_0p5C_cell3,0,0
102Ah_25degC_0p5C_cell3,11,fixed_window_ridge,97.027,102.13637254901961,91.97355107557067,-5.053448924429333,20,persistent,102Ah_25degC_0p5C_cell3,0,0
102Ah_25degC_0p5C_cell3,11,mask_ridge,97.027,102.13637254901961,91.61143042491169,-5.415569575088313,20,persistent,102Ah_25degC_0p5C_cell3,0,0
102Ah_25degC_0p5C_cell3,11,within_cell_ratio_ridge,97.027,102.13637254901961,92.07853594078207,-4.948464059217926,20,persistent,102Ah_25degC_0p5C_cell3,0,0
102Ah_25degC_0p5C_cell3,11,rbf_residual,97.027,102.13637254901961,95.46490719759902,-1.5620928024009828,20,persistent,102Ah_25degC_0p5C_cell3,0,0
102Ah_25degC_0p5C_cell3,12,anchor_constant,96.825,102.13637254901961,102.13637254901961,5.311372549019609,20,persistent,102Ah_25degC_0p5C_cell3,0,0
102Ah_25degC_0p5C_cell3,12,age_ridge,96.825,102.13637254901961,91.92093636231385,-4.90406363768615,20,persistent,102Ah_25degC_0p5C_cell3,0,0
102Ah_25degC_0p5C_cell3,12,fixed_window_ridge,96.825,102.13637254901961,91.74204844113977,-5.0829515588602305,20,persistent,102Ah_25degC_0p5C_cell3,0,0
102Ah_25degC_0p5C_cell3,12,mask_ridge,96.825,102.13637254901961,91.87893165482694,-4.94606834517306,20,persistent,102Ah_25degC_0p5C_cell3,0,0
102Ah_25degC_0p5C_cell3,12,within_cell_ratio_ridge,96.825,102.13637254901961,91.84650846742215,-4.9784915325778485,20,persistent,102Ah_25degC_0p5C_cell3,0,0
102Ah_25degC_0p5C_cell3,12,rbf_residual,96.825,102.13637254901961,95.87542992111312,-0.9495700788868788,20,persistent,102Ah_25degC_0p5C_cell3,0,0
102Ah_25degC_0p5C_cell3,13,anchor_constant,96.653,102.13637254901961,102.13637254901961,5.483372549019606,20,persistent,102Ah_25degC_0p5C_cell3,0,0
102Ah_25degC_0p5C_cell3,13,age_ridge,96.653,102.13637254901961,91.69181137795827,-4.961188622041732,20,persistent,102Ah_25degC_0p5C_cell3,0,0
102Ah_25degC_0p5C_cell3,13,fixed_window_ridge,96.653,102.13637254901961,91.52747620323781,-5.125523796762195,20,persistent,102Ah_25degC_0p5C_cell3,0,0
102Ah_25degC_0p5C_cell3,13,mask_ridge,96.653,102.13637254901961,91.17795326378459,-5.475046736215418,20,persistent,102Ah_25degC_0p5C_cell3,0,0
102Ah_25degC_0p5C_cell3,13,within_cell_ratio_ridge,96.653,102.13637254901961,91.63128191868311,-5.021718081316891,20,persistent,102Ah_25degC_0p5C_cell3,0,0
102Ah_25degC_0p5C_cell3,13,rbf_residual,96.653,102.13637254901961,95.49715433292715,-1.1558456670728532,20,persistent,102Ah_25degC_0p5C_cell3,0,0
102Ah_25degC_0p5C_cell3,14,anchor_constant,96.449,102.13637254901961,102.13637254901961,5.687372549019614,20,persistent,102Ah_25degC_0p5C_cell3,0,0
102Ah_25degC_0p5C_cell3,14,age_ridge,96.449,102.13637254901961,91.46334031431208,-4.985659685687921,20,persistent,102Ah_25degC_0p5C_cell3,0,0
102Ah_25degC_0p5C_cell3,14,fixed_window_ridge,96.449,102.13637254901961,91.31394453673467,-5.135055463265331,20,persistent,102Ah_25degC_0p5C_cell3,0,0
102Ah_25degC_0p5C_cell3,14,mask_ridge,96.449,102.13637254901961,91.45715857213357,-4.991841427866433,20,persistent,102Ah_25degC_0p5C_cell3,0,0
102Ah_25degC_0p5C_cell3,14,within_cell_ratio_ridge,96.449,102.13637254901961,91.41681683154029,-5.03218316845971,20,persistent,102Ah_25degC_0p5C_cell3,0,0
102Ah_25degC_0p5C_cell3,14,rbf_residual,96.449,102.13637254901961,95.71035639015243,-0.7386436098475713,20,persistent,102Ah_25degC_0p5C_cell3,0,0
102Ah_25degC_0p5C_cell3,15,anchor_constant,96.24,102.13637254901961,102.13637254901961,5.896372549019617,20,persistent,102Ah_25degC_0p5C_cell3,0,0
102Ah_25degC_0p5C_cell3,15,age_ridge,96.24,102.13637254901961,91.24286330095757,-4.997136699042429,20,persistent,102Ah_25degC_0p5C_cell3,0,0
102Ah_25degC_0p5C_cell3,15,fixed_window_ridge,96.24,102.13637254901961,91.10813180925086,-5.131868190749131,20,persistent,102Ah_25degC_0p5C_cell3,0,0
102Ah_25degC_0p5C_cell3,15,mask_ridge,96.24,102.13637254901961,90.75099251996704,-5.489007480032953,20,persistent,102Ah_25degC_0p5C_cell3,0,0
102Ah_25degC_0p5C_cell3,15,within_cell_ratio_ridge,96.24,102.13637254901961,91.20996969581995,-5.030030304180045,20,persistent,102Ah_25degC_0p5C_cell3,0,0
102Ah_25degC_0p5C_cell3,15,rbf_residual,96.24,102.13637254901961,95.0527243377609,-1.187275662239088,20,persistent,102Ah_25degC_0p5C_cell3,0,0
102Ah_25degC_0p5C_cell3,16,anchor_constant,96.134,102.13637254901961,102.13637254901961,6.002372549019611,20,persistent,102Ah_25degC_0p5C_cell3,0,0
102Ah_25degC_0p5C_cell3,16,age_ridge,96.134,102.13637254901961,90.99638618506533,-5.137613814934667,20,persistent,102Ah_25degC_0p5C_cell3,0,0
102Ah_25degC_0p5C_cell3,16,fixed_window_ridge,96.134,102.13637254901961,90.87899626262113,-5.255003737378871,20,persistent,102Ah_25degC_0p5C_cell3,0,0
102Ah_25degC_0p5C_cell3,16,mask_ridge,96.134,102.13637254901961,91.02899697638722,-5.105003023612781,20,persistent,102Ah_25degC_0p5C_cell3,0,0
102Ah_25degC_0p5C_cell3,16,within_cell_ratio_ridge,96.134,102.13637254901961,90.97959917637027,-5.154400823629729,20,persistent,102Ah_25degC_0p5C_cell3,0,0
102Ah_25degC_0p5C_cell3,16,rbf_residual,96.134,102.13637254901961,95.12236120558416,-1.0116387944158447,20,persistent,102Ah_25degC_0p5C_cell3,0,0
102Ah_25degC_0p5C_cell3,17,anchor_constant,95.949,102.13637254901961,102.13637254901961,6.187372549019614,20,persistent,102Ah_25degC_0p5C_cell3,0,0
102Ah_25degC_0p5C_cell3,17,age_ridge,95.949,102.13637254901961,90.77962275487658,-5.169377245123414,20,persistent,102Ah_25degC_0p5C_cell3,0,0
102Ah_25degC_0p5C_cell3,17,fixed_window_ridge,95.949,102.13637254901961,90.67742711675956,-5.271572883240438,20,persistent,102Ah_25degC_0p5C_cell3,0,0
102Ah_25degC_0p5C_cell3,17,mask_ridge,95.949,102.13637254901961,90.8306783386249,-5.1183216613750915,20,persistent,102Ah_25degC_0p5C_cell3,0,0
102Ah_25degC_0p5C_cell3,17,within_cell_ratio_ridge,95.949,102.13637254901961,90.77668425958694,-5.172315740413055,20,persistent,102Ah_25degC_0p5C_cell3,0,0
102Ah_25degC_0p5C_cell3,17,rbf_residual,95.949,102.13637254901961,94.87079599775393,-1.0782040022460677,20,persistent,102Ah_25degC_0p5C_cell3,0,0
102Ah_25degC_0p5C_cell3,18,anchor_constant,95.782,102.13637254901961,102.13637254901961,6.354372549019615,20,persistent,102Ah_25degC_0p5C_cell3,0,0
102Ah_25degC_0p5C_cell3,18,age_ridge,95.782,102.13637254901961,90.5790425800891,-5.202957419910902,20,persistent,102Ah_25degC_0p5C_cell3,0,0
102Ah_25degC_0p5C_cell3,18,fixed_window_ridge,95.782,102.13637254901961,90.49103472096994,-5.290965279030061,20,persistent,102Ah_25degC_0p5C_cell3,0,0
102Ah_25degC_0p5C_cell3,18,mask_ridge,95.782,102.13637254901961,90.20673575658743,-5.575264243412562,20,persistent,102Ah_25degC_0p5C_cell3,0,0
102Ah_25degC_0p5C_cell3,18,within_cell_ratio_ridge,95.782,102.13637254901961,90.58883348271793,-5.193166517282066,20,persistent,102Ah_25degC_0p5C_cell3,0,0
102Ah_25degC_0p5C_cell3,18,rbf_residual,95.782,102.13637254901961,94.30852275535248,-1.473477244647512,20,persistent,102Ah_25degC_0p5C_cell3,0,0
102Ah_25degC_0p5C_cell3,19,anchor_constant,95.643,102.13637254901961,102.13637254901961,6.493372549019611,20,persistent,102Ah_25degC_0p5C_cell3,0,0
102Ah_25degC_0p5C_cell3,19,age_ridge,95.643,102.13637254901961,90.38928668314223,-5.25371331685777,20,persistent,102Ah_25degC_0p5C_cell3,0,0
102Ah_25degC_0p5C_cell3,19,fixed_window_ridge,95.643,102.13637254901961,90.31500494029129,-5.327995059708712,20,persistent,102Ah_25degC_0p5C_cell3,0,0
102Ah_25degC_0p5C_cell3,19,mask_ridge,95.643,102.13637254901961,90.47434732222025,-5.168652677779747,20,persistent,102Ah_25degC_0p5C_cell3,0,0
102Ah_25degC_0p5C_cell3,19,within_cell_ratio_ridge,95.643,102.13637254901961,90.4112155259793,-5.231784474020699,20,persistent,102Ah_25degC_0p5C_cell3,0,0
102Ah_25degC_0p5C_cell3,19,rbf_residual,95.643,102.13637254901961,94.29848346352344,-1.3445165364765614,20,persistent,102Ah_25degC_0p5C_cell3,0,0
102Ah_25degC_0p5C_cell3,20,anchor_constant,95.469,102.13637254901961,102.13637254901961,6.667372549019618,20,persistent,102Ah_25degC_0p5C_cell3,0,0
102Ah_25degC_0p5C_cell3,20,age_ridge,95.469,102.13637254901961,90.18842724111812,-5.280572758881874,20,persistent,102Ah_25degC_0p5C_cell3,0,0
102Ah_25degC_0p5C_cell3,20,fixed_window_ridge,95.469,102.13637254901961,90.12895925051052,-5.340040749489475,20,persistent,102Ah_25degC_0p5C_cell3,0,0
102Ah_25degC_0p5C_cell3,20,mask_ridge,95.469,102.13637254901961,89.86754002220545,-5.601459977794548,20,persistent,102Ah_25degC_0p5C_cell3,0,0
102Ah_25degC_0p5C_cell3,20,within_cell_ratio_ridge,95.469,102.13637254901961,90.22347935965755,-5.245520640342448,20,persistent,102Ah_25degC_0p5C_cell3,0,0
102Ah_25degC_0p5C_cell3,20,rbf_residual,95.469,102.13637254901961,93.86724710936528,-1.6017528906347138,20,persistent,102Ah_25degC_0p5C_cell3,0,0
102Ah_25degC_0p5C_cell3,21,anchor_constant,95.318,102.13637254901961,102.13637254901961,6.818372549019614,20,persistent,102Ah_25degC_0p5C_cell3,0,0
102Ah_25degC_0p5C_cell3,21,age_ridge,95.318,102.13637254901961,90.00738512095278,-5.310614879047222,20,persistent,102Ah_25degC_0p5C_cell3,0,0
102Ah_25degC_0p5C_cell3,21,fixed_window_ridge,95.318,102.13637254901961,89.961328732373,-5.356671267626993,20,persistent,102Ah_25degC_0p5C_cell3,0,0
102Ah_25degC_0p5C_cell3,21,mask_ridge,95.318,102.13637254901961,89.70789807067466,-5.610101929325339,20,persistent,102Ah_25degC_0p5C_cell3,0,0
102Ah_25degC_0p5C_cell3,21,within_cell_ratio_ridge,95.318,102.13637254901961,90.05415788972763,-5.263842110272364,20,persistent,102Ah_25degC_0p5C_cell3,0,0
102Ah_25degC_0p5C_cell3,21,rbf_residual,95.318,102.13637254901961,93.7441111806446,-1.5738888193554033,20,persistent,102Ah_25degC_0p5C_cell3,0,0
102Ah_25degC_0p5C_cell3,22,anchor_constant,95.076,102.13637254901961,102.13637254901961,7.060372549019618,20,persistent,102Ah_25degC_0p5C_cell3,0,0
102Ah_25degC_0p5C_cell3,22,age_ridge,95.076,102.13637254901961,89.63522056460624,-5.44077943539375,20,persistent,102Ah_25degC_0p5C_cell3,0,0
102Ah_25degC_0p5C_cell3,22,fixed_window_ridge,95.076,102.13637254901961,89.6207644744822,-5.455235525517793,20,persistent,102Ah_25degC_0p5C_cell3,0,0
102Ah_25degC_0p5C_cell3,22,mask_ridge,95.076,102.13637254901961,89.36535015730449,-5.710649842695503,20,persistent,102Ah_25degC_0p5C_cell3,0,0
102Ah_25degC_0p5C_cell3,22,within_cell_ratio_ridge,95.076,102.13637254901961,89.71067392169738,-5.3653260783026155,20,persistent,102Ah_25degC_0p5C_cell3,0,0
102Ah_25degC_0p5C_cell3,22,rbf_residual,95.076,102.13637254901961,93.24424769570905,-1.8317523042909443,20,persistent,102Ah_25degC_0p5C_cell3,0,0
102Ah_25degC_0p5C_cell3,23,anchor_constant,94.944,102.13637254901961,102.13637254901961,7.192372549019609,20,persistent,102Ah_25degC_0p5C_cell3,0,0
102Ah_25degC_0p5C_cell3,23,age_ridge,94.944,102.13637254901961,89.46502910895406,-5.478970891045947,20,persistent,102Ah_25degC_0p5C_cell3,0,0
102Ah_25degC_0p5C_cell3,23,fixed_window_ridge,94.944,102.13637254901961,89.4637362102893,-5.480263789710705,20,persistent,102Ah_25degC_0p5C_cell3,0,0
102Ah_25degC_0p5C_cell3,23,mask_ridge,94.944,102.13637254901961,89.22099687768787,-5.723003122312136,20,persistent,102Ah_25degC_0p5C_cell3,0,0
102Ah_25degC_0p5C_cell3,23,within_cell_ratio_ridge,94.944,102.13637254901961,89.55171052095936,-5.392289479040642,20,persistent,102Ah_25degC_0p5C_cell3,0,0
102Ah_25degC_0p5C_cell3,23,rbf_residual,94.944,102.13637254901961,93.16329028894002,-1.780709711059984,20,persistent,102Ah_25degC_0p5C_cell3,0,0
102Ah_25degC_0p5C_cell3,24,anchor_constant,94.756,102.13637254901961,102.13637254901961,7.3803725490196115,20,persistent,102Ah_25degC_0p5C_cell3,0,0
102Ah_25degC_0p5C_cell3,24,age_ridge,94.756,102.13637254901961,89.29131200981182,-5.464687990188182,20,persistent,102Ah_25degC_0p5C_cell3,0,0
102Ah_25degC_0p5C_cell3,24,fixed_window_ridge,94.756,102.13637254901961,89.30376878067352,-5.452231219326478,20,persistent,102Ah_25degC_0p5C_cell3,0,0
102Ah_25degC_0p5C_cell3,24,mask_ridge,94.756,102.13637254901961,89.48138597926484,-5.274614020735157,20,persistent,102Ah_25degC_0p5C_cell3,0,0
102Ah_25degC_0p5C_cell3,24,within_cell_ratio_ridge,94.756,102.13637254901961,89.38953388171046,-5.366466118289537,20,persistent,102Ah_25degC_0p5C_cell3,0,0
102Ah_25degC_0p5C_cell3,24,rbf_residual,94.756,102.13637254901961,93.0892623969096,-1.6667376030903966,20,persistent,102Ah_25degC_0p5C_cell3,0,0
102Ah_25degC_0p5C_cell3,25,anchor_constant,94.621,102.13637254901961,102.13637254901961,7.515372549019617,20,persistent,102Ah_25degC_0p5C_cell3,0,0
102Ah_25degC_0p5C_cell3,25,age_ridge,94.621,102.13637254901961,89.11273208397395,-5.508267916026043,20,persistent,102Ah_25degC_0p5C_cell3,0,0
102Ah_25degC_0p5C_cell3,25,fixed_window_ridge,94.621,102.13637254901961,89.13946591603474,-5.481534083965258,20,persistent,102Ah_25degC_0p5C_cell3,0,0
102Ah_25degC_0p5C_cell3,25,mask_ridge,94.621,102.13637254901961,88.82293189434859,-5.79806810565141,20,persistent,102Ah_25degC_0p5C_cell3,0,0
102Ah_25degC_0p5C_cell3,25,within_cell_ratio_ridge,94.621,102.13637254901961,89.22305878367196,-5.397941216328036,20,persistent,102Ah_25degC_0p5C_cell3,0,0
102Ah_25degC_0p5C_cell3,25,rbf_residual,94.621,102.13637254901961,92.76850252667538,-1.8524974733246182,20,persistent,102Ah_25degC_0p5C_cell3,0,0
102Ah_25degC_0p5C_cell3,26,anchor_constant,94.566,102.13637254901961,102.13637254901961,7.570372549019609,20,persistent,102Ah_25degC_0p5C_cell3,0,0
102Ah_25degC_0p5C_cell3,26,age_ridge,94.566,102.13637254901961,88.91663262715838,-5.649367372841624,20,persistent,102Ah_25degC_0p5C_cell3,0,0
102Ah_25degC_0p5C_cell3,26,fixed_window_ridge,94.566,102.13637254901961,88.95955132620834,-5.606448673791661,20,persistent,102Ah_25degC_0p5C_cell3,0,0
102Ah_25degC_0p5C_cell3,26,mask_ridge,94.566,102.13637254901961,88.73944023343068,-5.826559766569318,20,persistent,102Ah_25degC_0p5C_cell3,0,0
102Ah_25degC_0p5C_cell3,26,within_cell_ratio_ridge,94.566,102.13637254901961,89.04082557330804,-5.525174426691962,20,persistent,102Ah_25degC_0p5C_cell3,0,0
102Ah_25degC_0p5C_cell3,26,rbf_residual,94.566,102.13637254901961,92.56462989560444,-2.001370104395562,20,persistent,102Ah_25degC_0p5C_cell3,0,0
102Ah_25degC_0p5C_cell3,27,anchor_constant,94.418,102.13637254901961,102.13637254901961,7.718372549019605,20,persistent,102Ah_25degC_0p5C_cell3,0,0
102Ah_25degC_0p5C_cell3,27,age_ridge,94.418,102.13637254901961,88.75146306636702,-5.666536933632983,20,persistent,102Ah_25degC_0p5C_cell3,0,0
102Ah_25degC_0p5C_cell3,27,fixed_window_ridge,94.418,102.13637254901961,88.80779495993686,-5.61020504006315,20,persistent,102Ah_25degC_0p5C_cell3,0,0
102Ah_25degC_0p5C_cell3,27,mask_ridge,94.418,102.13637254901961,88.99493813105317,-5.4230618689468315,20,persistent,102Ah_25degC_0p5C_cell3,0,0
102Ah_25degC_0p5C_cell3,27,within_cell_ratio_ridge,94.418,102.13637254901961,88.88677851929423,-5.531221480705781,20,persistent,102Ah_25degC_0p5C_cell3,0,0
102Ah_25degC_0p5C_cell3,27,rbf_residual,94.418,102.13637254901961,92.38929478756667,-2.028705212433337,20,persistent,102Ah_25degC_0p5C_cell3,0,0
102Ah_25degC_0p5C_cell3,28,anchor_constant,94.238,102.13637254901961,102.13637254901961,7.898372549019612,20,persistent,102Ah_25degC_0p5C_cell3,0,0
102Ah_25degC_0p5C_cell3,28,age_ridge,94.238,102.13637254901961,88.58842163178868,-5.649578368211323,20,persistent,102Ah_25degC_0p5C_cell3,0,0
102Ah_25degC_0p5C_cell3,28,fixed_window_ridge,94.238,102.13637254901961,88.6581218567403,-5.579878143259705,20,persistent,102Ah_25degC_0p5C_cell3,0,0
102Ah_25degC_0p5C_cell3,28,mask_ridge,94.238,102.13637254901961,88.84825301937187,-5.389746980628132,20,persistent,102Ah_25degC_0p5C_cell3,0,0
102Ah_25degC_0p5C_cell3,28,within_cell_ratio_ridge,94.238,102.13637254901961,88.73476145425931,-5.503238545740686,20,persistent,102Ah_25degC_0p5C_cell3,0,0
102Ah_25degC_0p5C_cell3,28,rbf_residual,94.238,102.13637254901961,92.05955322361572,-2.178446776384277,20,persistent,102Ah_25degC_0p5C_cell3,0,0
102Ah_25degC_0p5C_cell3,29,anchor_constant,94.035,102.13637254901961,102.13637254901961,8.101372549019615,20,persistent,102Ah_25degC_0p5C_cell3,0,0
102Ah_25degC_0p5C_cell3,29,age_ridge,94.035,102.13637254901961,88.4322098047029,-5.6027901952971035,20,persistent,102Ah_25degC_0p5C_cell3,0,0
102Ah_25degC_0p5C_cell3,29,fixed_window_ridge,94.035,102.13637254901961,88.51486431653508,-5.520135683464915,20,persistent,102Ah_25degC_0p5C_cell3,0,0
102Ah_25degC_0p5C_cell3,29,mask_ridge,94.035,102.13637254901961,88.20252241292295,-5.832477587077051,20,persistent,102Ah_25degC_0p5C_cell3,0,0
102Ah_25degC_0p5C_cell3,29,within_cell_ratio_ridge,94.035,102.13637254901961,88.5891629422061,-5.445837057793895,20,persistent,102Ah_25degC_0p5C_cell3,0,0
102Ah_25degC_0p5C_cell3,29,rbf_residual,94.035,102.13637254901961,91.98012529178268,-2.054874708217312,20,persistent,102Ah_25degC_0p5C_cell3,0,0
102Ah_25degC_0p5C_cell3,30,anchor_constant,93.975,102.13637254901961,102.13637254901961,8.161372549019617,20,persistent,102Ah_25degC_0p5C_cell3,0,0
102Ah_25degC_0p5C_cell3,30,age_ridge,93.975,102.13637254901961,88.27343218737289,-5.701567812627104,20,persistent,102Ah_25degC_0p5C_cell3,0,0
102Ah_25degC_0p5C_cell3,30,fixed_window_ridge,93.975,102.13637254901961,88.3692147775727,-5.605785222427301,20,persistent,102Ah_25degC_0p5C_cell3,0,0
102Ah_25degC_0p5C_cell3,30,mask_ridge,93.975,102.13637254901961,88.56516366136381,-5.4098363386361825,20,persistent,102Ah_25degC_0p5C_cell3,0,0
102Ah_25degC_0p5C_cell3,30,within_cell_ratio_ridge,93.975,102.13637254901961,88.44118769172003,-5.533812308279963,20,persistent,102Ah_25degC_0p5C_cell3,0,0
102Ah_25degC_0p5C_cell3,30,rbf_residual,93.975,102.13637254901961,91.88388900860286,-2.09111099139713,20,persistent,102Ah_25degC_0p5C_cell3,0,0
102Ah_25degC_1C_cell3,1,anchor_constant,98.416,102.52715686274509,102.52715686274509,4.111156862745091,20,persistent,102Ah_25degC_1C_cell3,0,0
102Ah_25degC_1C_cell3,1,age_ridge,98.416,102.52715686274509,96.63746068844824,-1.7785393115517536,20,persistent,102Ah_25degC_1C_cell3,0,0
102Ah_25degC_1C_cell3,1,fixed_window_ridge,98.416,102.52715686274509,96.28550644146264,-2.130493558537353,20,persistent,102Ah_25degC_1C_cell3,0,0
102Ah_25degC_1C_cell3,1,mask_ridge,98.416,102.52715686274509,96.16238497674458,-2.2536150232554206,20,persistent,102Ah_25degC_1C_cell3,0,0
102Ah_25degC_1C_cell3,1,within_cell_ratio_ridge,98.416,102.52715686274509,96.36100280149883,-2.0549971985011695,20,persistent,102Ah_25degC_1C_cell3,0,0
102Ah_25degC_1C_cell3,1,rbf_residual,98.416,102.52715686274509,98.27106883141258,-0.14493116858741928,20,persistent,102Ah_25degC_1C_cell3,0,0
102Ah_25degC_1C_cell3,2,anchor_constant,97.313,102.52715686274509,102.52715686274509,5.214156862745085,20,persistent,102Ah_25degC_1C_cell3,0,0
102Ah_25degC_1C_cell3,2,age_ridge,97.313,102.52715686274509,95.40502675981517,-1.9079732401848304,20,persistent,102Ah_25degC_1C_cell3,0,0
102Ah_25degC_1C_cell3,2,fixed_window_ridge,97.313,102.52715686274509,95.1203663761985,-2.1926336238014983,20,persistent,102Ah_25degC_1C_cell3,0,0
102Ah_25degC_1C_cell3,2,mask_ridge,97.313,102.52715686274509,95.01229027699539,-2.3007097230046156,20,persistent,102Ah_25degC_1C_cell3,0,0
102Ah_25degC_1C_cell3,2,within_cell_ratio_ridge,97.313,102.52715686274509,95.2009135432319,-2.112086456768097,20,persistent,102Ah_25degC_1C_cell3,0,0
102Ah_25degC_1C_cell3,2,rbf_residual,97.313,102.52715686274509,97.11095771037125,-0.20204228962874993,20,persistent,102Ah_25degC_1C_cell3,0,0
102Ah_25degC_1C_cell3,3,anchor_constant,96.453,102.52715686274509,102.52715686274509,6.074156862745085,20,persistent,102Ah_25degC_1C_cell3,0,0
102Ah_25degC_1C_cell3,3,age_ridge,96.453,102.52715686274509,94.34590859206608,-2.107091407933922,20,persistent,102Ah_25degC_1C_cell3,0,0
102Ah_25degC_1C_cell3,3,fixed_window_ridge,96.453,102.52715686274509,94.12722833482037,-2.32577166517963,20,persistent,102Ah_25degC_1C_cell3,0,0
102Ah_25degC_1C_cell3,3,mask_ridge,96.453,102.52715686274509,94.03475408240281,-2.41824591759719,20,persistent,102Ah_25degC_1C_cell3,0,0
102Ah_25degC_1C_cell3,3,within_cell_ratio_ridge,96.453,102.52715686274509,94.20798458178857,-2.2450154182114375,20,persistent,102Ah_25degC_1C_cell3,0,0
102Ah_25degC_1C_cell3,3,rbf_residual,96.453,102.52715686274509,96.12360269203587,-0.329397307964129,20,persistent,102Ah_25degC_1C_cell3,0,0
102Ah_25degC_1C_cell3,4,anchor_constant,95.685,102.52715686274509,102.52715686274509,6.842156862745085,20,persistent,102Ah_25degC_1C_cell3,0,0
102Ah_25degC_1C_cell3,4,age_ridge,95.685,102.52715686274509,93.46919388106714,-2.2158061189328606,20,persistent,102Ah_25degC_1C_cell3,0,0
102Ah_25degC_1C_cell3,4,fixed_window_ridge,95.685,102.52715686274509,93.31010794540953,-2.3748920545904753,20,persistent,102Ah_25degC_1C_cell3,0,0
102Ah_25degC_1C_cell3,4,mask_ridge,95.685,102.52715686274509,93.23285074107841,-2.452149258921594,20,persistent,102Ah_25degC_1C_cell3,0,0
102Ah_25degC_1C_cell3,4,within_cell_ratio_ridge,95.685,102.52715686274509,93.38776449964149,-2.2972355003585108,20,persistent,102Ah_25degC_1C_cell3,0,0
102Ah_25degC_1C_cell3,4,rbf_residual,95.685,102.52715686274509,95.23793871865702,-0.4470612813429824,20,persistent,102Ah_25degC_1C_cell3,0,0
102Ah_25degC_1C_cell3,5,anchor_constant,95.032,102.52715686274509,102.52715686274509,7.495156862745091,20,persistent,102Ah_25degC_1C_cell3,0,0
102Ah_25degC_1C_cell3,5,age_ridge,95.032,102.52715686274509,92.74193796369968,-2.290062036300313,20,persistent,102Ah_25degC_1C_cell3,0,0
102Ah_25degC_1C_cell3,5,fixed_window_ridge,95.032,102.52715686274509,92.63467496147096,-2.397325038529033,20,persistent,102Ah_25degC_1C_cell3,0,0
102Ah_25degC_1C_cell3,5,mask_ridge,95.032,102.52715686274509,92.57188332972083,-2.460116670279163,20,persistent,102Ah_25degC_1C_cell3,0,0
102Ah_25degC_1C_cell3,5,within_cell_ratio_ridge,95.032,102.52715686274509,92.707319941209,-2.324680058791003,20,persistent,102Ah_25degC_1C_cell3,0,0
102Ah_25degC_1C_cell3,5,rbf_residual,95.032,102.52715686274509,94.37045581356531,-0.661544186434682,20,persistent,102Ah_25degC_1C_cell3,0,0
102Ah_25degC_1C_cell3,6,anchor_constant,94.387,102.52715686274509,102.52715686274509,8.140156862745087,20,persistent,102Ah_25degC_1C_cell3,0,0
102Ah_25degC_1C_cell3,6,age_ridge,94.387,102.52715686274509,92.04361491554243,-2.343385084457566,20,persistent,102Ah_25degC_1C_cell3,0,0
102Ah_25degC_1C_cell3,6,fixed_window_ridge,94.387,102.52715686274509,91.98907450581402,-2.3979254941859836,20,persistent,102Ah_25degC_1C_cell3,0,0
102Ah_25degC_1C_cell3,6,mask_ridge,94.387,102.52715686274509,91.94107383732529,-2.4459261626747093,20,persistent,102Ah_25degC_1C_cell3,0,0
102Ah_25degC_1C_cell3,6,within_cell_ratio_ridge,94.387,102.52715686274509,92.05549463884492,-2.331505361155081,20,persistent,102Ah_25degC_1C_cell3,0,0
102Ah_25degC_1C_cell3,6,rbf_residual,94.387,102.52715686274509,93.62229014960569,-0.7647098503943113,20,persistent,102Ah_25degC_1C_cell3,0,0
102Ah_25degC_1C_cell3,7,anchor_constant,93.84,102.52715686274509,102.52715686274509,8.687156862745084,20,persistent,102Ah_25degC_1C_cell3,0,0
102Ah_25degC_1C_cell3,7,age_ridge,93.84,102.52715686274509,91.40119963758906,-2.4388003624109444,20,persistent,102Ah_25degC_1C_cell3,0,0
102Ah_25degC_1C_cell3,7,fixed_window_ridge,93.84,102.52715686274509,91.3968164925308,-2.4431835074692003,20,persistent,102Ah_25degC_1C_cell3,0,0
102Ah_25degC_1C_cell3,7,mask_ridge,93.84,102.52715686274509,91.36343588456555,-2.4765641154344564,20,persistent,102Ah_25degC_1C_cell3,0,0
102Ah_25degC_1C_cell3,7,within_cell_ratio_ridge,93.84,102.52715686274509,91.45612009285846,-2.383879907141548,20,persistent,102Ah_25degC_1C_cell3,0,0
102Ah_25degC_1C_cell3,7,rbf_residual,93.84,102.52715686274509,92.91633222264517,-0.9236677773548365,20,persistent,102Ah_25degC_1C_cell3,0,0
102Ah_25degC_1C_cell3,8,anchor_constant,91.223,102.52715686274509,102.52715686274509,11.304156862745089,20,persistent,102Ah_25degC_1C_cell3,0,0
102Ah_25degC_1C_cell3,8,age_ridge,91.223,102.52715686274509,89.25576918579354,-1.9672308142064594,20,persistent,102Ah_25degC_1C_cell3,0,0
102Ah_25degC_1C_cell3,8,fixed_window_ridge,91.223,102.52715686274509,89.4817583729055,-1.741241627094496,20,persistent,102Ah_25degC_1C_cell3,0,0
102Ah_25degC_1C_cell3,8,mask_ridge,91.223,102.52715686274509,89.49137750397621,-1.731622496023789,20,persistent,102Ah_25degC_1C_cell3,0,0
102Ah_25degC_1C_cell3,8,within_cell_ratio_ridge,91.223,102.52715686274509,89.51661177986554,-1.706388220134457,20,persistent,102Ah_25degC_1C_cell3,0,0
102Ah_25degC_1C_cell3,8,rbf_residual,91.223,102.52715686274509,86.51329644508988,-4.709703554910121,20,persistent,102Ah_25degC_1C_cell3,0,0
102Ah_25degC_1C_cell3,9,anchor_constant,90.681,102.52715686274509,102.52715686274509,11.84615686274509,20,persistent,102Ah_25degC_1C_cell3,0,0
102Ah_25degC_1C_cell3,9,age_ridge,90.681,102.52715686274509,88.75784601951332,-1.9231539804866742,20,persistent,102Ah_25degC_1C_cell3,0,0
102Ah_25degC_1C_cell3,9,fixed_window_ridge,90.681,102.52715686274509,89.02829451007264,-1.6527054899273566,20,persistent,102Ah_25degC_1C_cell3,0,0
102Ah_25degC_1C_cell3,9,mask_ridge,90.681,102.52715686274509,89.05209036201528,-1.6289096379847194,20,persistent,102Ah_25degC_1C_cell3,0,0
102Ah_25degC_1C_cell3,9,within_cell_ratio_ridge,90.681,102.52715686274509,89.05357721934368,-1.6274227806563175,20,persistent,102Ah_25degC_1C_cell3,0,0
102Ah_25degC_1C_cell3,9,rbf_residual,90.681,102.52715686274509,90.03064035878022,-0.6503596412197794,20,persistent,102Ah_25degC_1C_cell3,0,0
102Ah_25degC_1C_cell3,10,anchor_constant,90.145,102.52715686274509,102.52715686274509,12.382156862745092,20,persistent,102Ah_25degC_1C_cell3,0,0
102Ah_25degC_1C_cell3,10,age_ridge,90.145,102.52715686274509,88.26984929264543,-1.875150707354564,20,persistent,102Ah_25degC_1C_cell3,0,0
102Ah_25degC_1C_cell3,10,fixed_window_ridge,90.145,102.52715686274509,88.5843077106496,-1.5606922893503992,20,persistent,102Ah_25degC_1C_cell3,0,0
102Ah_25degC_1C_cell3,10,mask_ridge,90.145,102.52715686274509,88.6222232233561,-1.5227767766438944,20,persistent,102Ah_25degC_1C_cell3,0,0
102Ah_25degC_1C_cell3,10,within_cell_ratio_ridge,90.145,102.52715686274509,88.59991728421346,-1.5450827157865348,20,persistent,102Ah_25degC_1C_cell3,0,0
102Ah_25degC_1C_cell3,10,rbf_residual,90.145,102.52715686274509,85.89521488823453,-4.249785111765462,20,persistent,102Ah_25degC_1C_cell3,0,0
102Ah_25degC_1C_cell3,11,anchor_constant,88.091,102.52715686274509,102.52715686274509,14.436156862745094,20,persistent,102Ah_25degC_1C_cell3,0,0
102Ah_25degC_1C_cell3,11,age_ridge,88.091,102.52715686274509,86.5855201084087,-1.5054798915912926,20,persistent,102Ah_25degC_1C_cell3,0,0
102Ah_25degC_1C_cell3,11,fixed_window_ridge,88.091,102.52715686274509,87.11428821891806,-0.9767117810819315,20,persistent,102Ah_25degC_1C_cell3,0,0
102Ah_25degC_1C_cell3,11,mask_ridge,88.091,102.52715686274509,87.19424123419236,-0.8967587658076326,20,persistent,102Ah_25degC_1C_cell3,0,0
102Ah_25degC_1C_cell3,11,within_cell_ratio_ridge,88.091,102.52715686274509,87.09706943958977,-0.9939305604102202,20,persistent,102Ah_25degC_1C_cell3,0,0
102Ah_25degC_1C_cell3,11,rbf_residual,88.091,102.52715686274509,82.89527418521368,-5.195725814786314,20,persistent,102Ah_25degC_1C_cell3,0,0
102Ah_25degC_1C_cell3,12,anchor_constant,87.634,102.52715686274509,102.52715686274509,14.893156862745087,20,persistent,102Ah_25degC_1C_cell3,0,0
102Ah_25degC_1C_cell3,12,age_ridge,87.634,102.52715686274509,86.13401651504083,-1.4999834849591736,20,persistent,102Ah_25degC_1C_cell3,0,0
102Ah_25degC_1C_cell3,12,fixed_window_ridge,87.634,102.52715686274509,86.70620687069362,-0.9277931293063801,20,persistent,102Ah_25degC_1C_cell3,0,0
102Ah_25degC_1C_cell3,12,mask_ridge,87.634,102.52715686274509,86.80026282716804,-0.8337371728319596,20,persistent,102Ah_25degC_1C_cell3,0,0
102Ah_25degC_1C_cell3,12,within_cell_ratio_ridge,87.634,102.52715686274509,86.67852537699622,-0.9554746230037807,20,persistent,102Ah_25degC_1C_cell3,0,0
102Ah_25degC_1C_cell3,12,rbf_residual,87.634,102.52715686274509,82.65295141330276,-4.981048586697241,20,persistent,102Ah_25degC_1C_cell3,0,0
102Ah_25degC_1C_cell3,13,anchor_constant,87.186,102.52715686274509,102.52715686274509,15.34115686274508,20,persistent,102Ah_25degC_1C_cell3,0,0
102Ah_25degC_1C_cell3,13,age_ridge,87.186,102.52715686274509,85.58873689408455,-1.5972631059154594,20,persistent,102Ah_25degC_1C_cell3,0,0
102Ah_25degC_1C_cell3,13,fixed_window_ridge,87.186,102.52715686274509,86.21887569926467,-0.9671243007353354,20,persistent,102Ah_25degC_1C_cell3,0,0
102Ah_25degC_1C_cell3,13,mask_ridge,87.186,102.52715686274509,86.32942259490639,-0.856577405093617,20,persistent,102Ah_25degC_1C_cell3,0,0
102Ah_25degC_1C_cell3,13,within_cell_ratio_ridge,87.186,102.52715686274509,86.17860032839857,-1.0073996716014335,20,persistent,102Ah_25degC_1C_cell3,0,0
102Ah_25degC_1C_cell3,13,rbf_residual,87.186,102.52715686274509,85.7890853042757,-1.3969146957243055,20,persistent,102Ah_25degC_1C_cell3,0,0
102Ah_25degC_1C_cell3,14,anchor_constant,86.59,102.52715686274509,102.52715686274509,15.937156862745084,20,persistent,102Ah_25degC_1C_cell3,0,0
102Ah_25degC_1C_cell3,14,age_ridge,86.59,102.52715686274509,85.15114003571416,-1.4388599642858395,20,persistent,102Ah_25degC_1C_cell3,0,0
102Ah_25degC_1C_cell3,14,fixed_window_ridge,86.59,102.52715686274509,85.82392880579553,-0.7660711942044713,20,persistent,102Ah_25degC_1C_cell3,0,0
102Ah_25degC_1C_cell3,14,mask_ridge,86.59,102.52715686274509,85.94853537171497,-0.6414646282850356,20,persistent,102Ah_25degC_1C_cell3,0,0
102Ah_25degC_1C_cell3,14,within_cell_ratio_ridge,86.59,102.52715686274509,85.77292590567586,-0.8170740943241412,20,persistent,102Ah_25degC_1C_cell3,0,0
102Ah_25degC_1C_cell3,14,rbf_residual,86.59,102.52715686274509,86.33863242014148,-0.251367579858524,20,persistent,102Ah_25degC_1C_cell3,0,0
102Ah_25degC_1C_cell3,15,anchor_constant,86.06,102.52715686274509,102.52715686274509,16.467156862745085,20,persistent,102Ah_25degC_1C_cell3,0,0
102Ah_25degC_1C_cell3,15,age_ridge,86.06,102.52715686274509,84.65308333294786,-1.406916667052144,20,persistent,102Ah_25degC_1C_cell3,0,0
102Ah_25degC_1C_cell3,15,fixed_window_ridge,86.06,102.52715686274509,85.3779712158322,-0.6820287841677981,20,persistent,102Ah_25degC_1C_cell3,0,0
102Ah_25degC_1C_cell3,15,mask_ridge,86.06,102.52715686274509,85.51824073366032,-0.5417592663396817,20,persistent,102Ah_25degC_1C_cell3,0,0
102Ah_25degC_1C_cell3,15,within_cell_ratio_ridge,86.06,102.52715686274509,85.31480121692555,-0.7451987830744571,20,persistent,102Ah_25degC_1C_cell3,0,0
102Ah_25degC_1C_cell3,15,rbf_residual,86.06,102.52715686274509,81.16278640923495,-4.897213590765048,20,persistent,102Ah_25degC_1C_cell3,0,0
102Ah_25degC_1C_cell3,16,anchor_constant,85.611,102.52715686274509,102.52715686274509,16.916156862745083,20,persistent,102Ah_25degC_1C_cell3,0,0
102Ah_25degC_1C_cell3,16,age_ridge,85.611,102.52715686274509,84.22816230482897,-1.382837695171034,20,persistent,102Ah_25degC_1C_cell3,0,0
102Ah_25degC_1C_cell3,16,fixed_window_ridge,85.611,102.52715686274509,84.99425855302243,-0.6167414469775707,20,persistent,102Ah_25degC_1C_cell3,0,0
102Ah_25degC_1C_cell3,16,mask_ridge,85.611,102.52715686274509,85.14838331605948,-0.46261668394052435,20,persistent,102Ah_25degC_1C_cell3,0,0
102Ah_25degC_1C_cell3,16,within_cell_ratio_ridge,85.611,102.52715686274509,84.9205150428204,-0.6904849571796063,20,persistent,102Ah_25degC_1C_cell3,0,0
102Ah_25degC_1C_cell3,16,rbf_residual,85.611,102.52715686274509,85.59435615241328,-0.016643847586720995,20,persistent,102Ah_25degC_1C_cell3,0,0
102Ah_25degC_1C_cell3,17,anchor_constant,85.114,102.52715686274509,102.52715686274509,17.413156862745083,20,persistent,102Ah_25degC_1C_cell3,0,0
102Ah_25degC_1C_cell3,17,age_ridge,85.114,102.52715686274509,83.76600322315484,-1.3479967768451644,20,persistent,102Ah_25degC_1C_cell3,0,0
102Ah_25degC_1C_cell3,17,fixed_window_ridge,85.114,102.52715686274509,84.57972949500095,-0.534270504999057,20,persistent,102Ah_25degC_1C_cell3,0,0
102Ah_25degC_1C_cell3,17,mask_ridge,85.114,102.52715686274509,84.7487370039403,-0.36526299605969825,20,persistent,102Ah_25degC_1C_cell3,0,0
102Ah_25degC_1C_cell3,17,within_cell_ratio_ridge,85.114,102.52715686274509,84.49438228182812,-0.6196177181718809,20,persistent,102Ah_25degC_1C_cell3,0,0
102Ah_25degC_1C_cell3,17,rbf_residual,85.114,102.52715686274509,85.32779799962108,0.21379799962107882,20,persistent,102Ah_25degC_1C_cell3,0,0
102Ah_25degC_1C_cell3,18,anchor_constant,84.615,102.52715686274509,102.52715686274509,17.912156862745093,20,persistent,102Ah_25degC_1C_cell3,0,0
102Ah_25degC_1C_cell3,18,age_ridge,84.615,102.52715686274509,83.34318833242224,-1.2718116675777509,20,persistent,102Ah_25degC_1C_cell3,0,0
102Ah_25degC_1C_cell3,18,fixed_window_ridge,84.615,102.52715686274509,84.19843861667269,-0.41656138332730563,20,persistent,102Ah_25degC_1C_cell3,0,0
102Ah_25degC_1C_cell3,18,mask_ridge,84.615,102.52715686274509,84.38135704428248,-0.2336429557175137,20,persistent,102Ah_25degC_1C_cell3,0,0
102Ah_25degC_1C_cell3,18,within_cell_ratio_ridge,84.615,102.52715686274509,84.10238844396665,-0.5126115560333488,20,persistent,102Ah_25degC_1C_cell3,0,0
102Ah_25degC_1C_cell3,18,rbf_residual,84.615,102.52715686274509,80.41946933277397,-4.1955306672260235,20,persistent,102Ah_25degC_1C_cell3,0,0
102Ah_25degC_1C_cell3,19,anchor_constant,84.043,102.52715686274509,102.52715686274509,18.48415686274508,20,persistent,102Ah_25degC_1C_cell3,0,0
102Ah_25degC_1C_cell3,19,age_ridge,84.043,102.52715686274509,82.87255423818777,-1.170445761812232,20,persistent,102Ah_25degC_1C_cell3,0,0
102Ah_25degC_1C_cell3,19,fixed_window_ridge,84.043,102.52715686274509,83.7775984739558,-0.26540152604420086,20,persistent,102Ah_25degC_1C_cell3,0,0
102Ah_25degC_1C_cell3,19,mask_ridge,84.043,102.52715686274509,83.97589251677628,-0.0671074832237224,20,persistent,102Ah_25degC_1C_cell3,0,0
102Ah_25degC_1C_cell3,19,within_cell_ratio_ridge,84.043,102.52715686274509,83.66925646082183,-0.3737435391781787,20,persistent,102Ah_25degC_1C_cell3,0,0
102Ah_25degC_1C_cell3,19,rbf_residual,84.043,102.52715686274509,80.69202838238957,-3.3509716176104405,20,persistent,102Ah_25degC_1C_cell3,0,0
102Ah_25degC_1C_cell3,20,anchor_constant,83.473,102.52715686274509,102.52715686274509,19.05415686274509,20,persistent,102Ah_25degC_1C_cell3,0,0
102Ah_25degC_1C_cell3,20,age_ridge,83.473,102.52715686274509,82.45952535615422,-1.0134746438457825,20,persistent,102Ah_25degC_1C_cell3,0,0
102Ah_25degC_1C_cell3,20,fixed_window_ridge,83.473,102.52715686274509,83.40534492457684,-0.06765507542316129,20,persistent,102Ah_25degC_1C_cell3,0,0
102Ah_25degC_1C_cell3,20,mask_ridge,83.473,102.52715686274509,83.61738164205177,0.14438164205176918,20,persistent,102Ah_25degC_1C_cell3,0,0
102Ah_25degC_1C_cell3,20,within_cell_ratio_ridge,83.473,102.52715686274509,83.28635355715512,-0.18664644284487508,20,persistent,102Ah_25degC_1C_cell3,0,0
102Ah_25degC_1C_cell3,20,rbf_residual,83.473,102.52715686274509,80.06424379981904,-3.40875620018096,20,persistent,102Ah_25degC_1C_cell3,0,0
102Ah_25degC_1C_cell3,21,anchor_constant,82.835,102.52715686274509,102.52715686274509,19.692156862745094,20,persistent,102Ah_25degC_1C_cell3,0,0
102Ah_25degC_1C_cell3,21,age_ridge,82.835,102.52715686274509,82.041429639835,-0.7935703601649919,20,persistent,102Ah_25degC_1C_cell3,0,0
102Ah_25degC_1C_cell3,21,fixed_window_ridge,82.835,102.52715686274509,83.0289172455122,0.19391724551221046,20,persistent,102Ah_25degC_1C_cell3,0,0
102Ah_25degC_1C_cell3,21,mask_ridge,82.835,102.52715686274509,83.25490946780658,0.41990946780659044,20,persistent,102Ah_25degC_1C_cell3,0,0
102Ah_25degC_1C_cell3,21,within_cell_ratio_ridge,82.835,102.52715686274509,82.89904692919104,0.0640469291910506,20,persistent,102Ah_25degC_1C_cell3,0,0
102Ah_25degC_1C_cell3,21,rbf_residual,82.835,102.52715686274509,79.59751452270928,-3.2374854772907184,20,persistent,102Ah_25degC_1C_cell3,0,0
102Ah_25degC_1C_cell3,22,anchor_constant,81.961,102.52715686274509,102.52715686274509,20.56615686274509,20,persistent,102Ah_25degC_1C_cell3,0,0
102Ah_25degC_1C_cell3,22,age_ridge,81.961,102.52715686274509,81.50006725208311,-0.46093274791688543,20,persistent,102Ah_25degC_1C_cell3,0,0
102Ah_25degC_1C_cell3,22,fixed_window_ridge,81.961,102.52715686274509,82.55011204877019,0.5891120487701897,20,persistent,102Ah_25degC_1C_cell3,0,0
102Ah_25degC_1C_cell3,22,mask_ridge,81.961,102.52715686274509,82.79365036345415,0.8326503634541496,20,persistent,102Ah_25degC_1C_cell3,0,0
102Ah_25degC_1C_cell3,22,within_cell_ratio_ridge,81.961,102.52715686274509,82.40568080505678,0.44468080505677676,20,persistent,102Ah_25degC_1C_cell3,0,0
102Ah_25degC_1C_cell3,22,rbf_residual,81.961,102.52715686274509,83.50794816664904,1.5469481666490452,20,persistent,102Ah_25degC_1C_cell3,0,0
102Ah_25degC_1C_cell3,23,anchor_constant,81.241,102.52715686274509,102.52715686274509,21.286156862745088,20,persistent,102Ah_25degC_1C_cell3,0,0
102Ah_25degC_1C_cell3,23,age_ridge,81.241,102.52715686274509,81.0833080068179,-0.15769199318209814,20,persistent,102Ah_25degC_1C_cell3,0,0
102Ah_25degC_1C_cell3,23,fixed_window_ridge,81.241,102.52715686274509,82.1755483209257,0.9345483209256997,20,persistent,102Ah_25degC_1C_cell3,0,0
102Ah_25degC_1C_cell3,23,mask_ridge,81.241,102.52715686274509,82.43317485572473,1.1921748557247298,20,persistent,102Ah_25degC_1C_cell3,0,0
102Ah_25degC_1C_cell3,23,within_cell_ratio_ridge,81.241,102.52715686274509,82.01995575668667,0.7789557566866705,20,persistent,102Ah_25degC_1C_cell3,0,0
102Ah_25degC_1C_cell3,23,rbf_residual,81.241,102.52715686274509,83.05986597769414,1.818865977694145,20,persistent,102Ah_25degC_1C_cell3,0,0
102Ah_25degC_1C_cell3,24,anchor_constant,80.472,102.52715686274509,102.52715686274509,22.055156862745093,20,persistent,102Ah_25degC_1C_cell3,0,0
102Ah_25degC_1C_cell3,24,age_ridge,80.472,102.52715686274509,80.67410803507464,0.20210803507464448,20,persistent,102Ah_25degC_1C_cell3,0,0
102Ah_25degC_1C_cell3,24,fixed_window_ridge,80.472,102.52715686274509,81.80750633109645,1.335506331096454,20,persistent,102Ah_25degC_1C_cell3,0,0
102Ah_25degC_1C_cell3,24,mask_ridge,80.472,102.52715686274509,82.07905057572128,1.6070505757212885,20,persistent,102Ah_25degC_1C_cell3,0,0
102Ah_25degC_1C_cell3,24,within_cell_ratio_ridge,80.472,102.52715686274509,81.64088931819751,1.1688893181975146,20,persistent,102Ah_25degC_1C_cell3,0,0
102Ah_25degC_1C_cell3,24,rbf_residual,80.472,102.52715686274509,82.67890159061344,2.206901590613441,20,persistent,102Ah_25degC_1C_cell3,0,0
102Ah_25degC_1C_cell3,25,anchor_constant,79.606,102.52715686274509,102.52715686274509,22.921156862745093,20,persistent,102Ah_25degC_1C_cell3,0,0
102Ah_25degC_1C_cell3,25,age_ridge,79.606,102.52715686274509,80.2722397771887,0.6662397771887072,20,persistent,102Ah_25degC_1C_cell3,0,0
102Ah_25degC_1C_cell3,25,fixed_window_ridge,79.606,102.52715686274509,81.44575538003828,1.8397553800382838,20,persistent,102Ah_25degC_1C_cell3,0,0
102Ah_25degC_1C_cell3,25,mask_ridge,79.606,102.52715686274509,81.73104238934059,2.1250423893405923,20,persistent,102Ah_25degC_1C_cell3,0,0
102Ah_25degC_1C_cell3,25,within_cell_ratio_ridge,79.606,102.52715686274509,81.2682659567142,1.662265956714208,20,persistent,102Ah_25degC_1C_cell3,0,0
102Ah_25degC_1C_cell3,25,rbf_residual,79.606,102.52715686274509,82.23154012774665,2.6255401277466603,20,persistent,102Ah_25degC_1C_cell3,0,0
102Ah_25degC_1C_cell3,26,anchor_constant,78.648,102.52715686274509,102.52715686274509,23.87915686274509,20,persistent,102Ah_25degC_1C_cell3,0,0
102Ah_25degC_1C_cell3,26,age_ridge,78.648,102.52715686274509,79.87740988643858,1.2294098864385887,20,persistent,102Ah_25degC_1C_cell3,0,0
102Ah_25degC_1C_cell3,26,fixed_window_ridge,78.648,102.52715686274509,81.09004139451264,2.4420413945126427,20,persistent,102Ah_25degC_1C_cell3,0,0
102Ah_25degC_1C_cell3,26,mask_ridge,78.648,102.52715686274509,81.38890689189267,2.7409068918926778,20,persistent,102Ah_25degC_1C_cell3,0,0
102Ah_25degC_1C_cell3,26,within_cell_ratio_ridge,78.648,102.52715686274509,80.9018154362444,2.253815436244409,20,persistent,102Ah_25degC_1C_cell3,0,0
102Ah_25degC_1C_cell3,26,rbf_residual,78.648,102.52715686274509,81.9288261712685,3.280826171268501,20,persistent,102Ah_25degC_1C_cell3,0,0
102Ah_25degC_1C_cell3,27,anchor_constant,77.549,102.52715686274509,102.52715686274509,24.97815686274508,20,persistent,102Ah_25degC_1C_cell3,0,0
102Ah_25degC_1C_cell3,27,age_ridge,77.549,102.52715686274509,79.47208228979045,1.9230822897904432,20,persistent,102Ah_25degC_1C_cell3,0,0
102Ah_25degC_1C_cell3,27,fixed_window_ridge,77.549,102.52715686274509,80.72588225876245,3.176882258762447,20,persistent,102Ah_25degC_1C_cell3,0,0
102Ah_25degC_1C_cell3,27,mask_ridge,77.549,102.52715686274509,81.03870229063318,3.4897022906331756,20,persistent,102Ah_25degC_1C_cell3,0,0
102Ah_25degC_1C_cell3,27,within_cell_ratio_ridge,77.549,102.52715686274509,80.52646821678357,2.9774682167835635,20,persistent,102Ah_25degC_1C_cell3,0,0
102Ah_25degC_1C_cell3,27,rbf_residual,77.549,102.52715686274509,81.71192041807257,4.162920418072559,20,persistent,102Ah_25degC_1C_cell3,0,0
102Ah_25degC_1C_cell3,28,anchor_constant,76.204,102.52715686274509,102.52715686274509,26.323156862745094,20,persistent,102Ah_25degC_1C_cell3,0,0
102Ah_25degC_1C_cell3,28,age_ridge,76.204,102.52715686274509,79.06258495318784,2.858584953187844,20,persistent,102Ah_25degC_1C_cell3,0,0
102Ah_25degC_1C_cell3,28,fixed_window_ridge,76.204,102.52715686274509,80.35851021973451,4.154510219734519,20,persistent,102Ah_25degC_1C_cell3,0,0
102Ah_25degC_1C_cell3,28,mask_ridge,76.204,102.52715686274509,80.68546672171387,4.481466721713872,20,persistent,102Ah_25degC_1C_cell3,0,0
102Ah_25degC_1C_cell3,28,within_cell_ratio_ridge,76.204,102.52715686274509,80.14766732440867,3.943667324408679,20,persistent,102Ah_25degC_1C_cell3,0,0
102Ah_25degC_1C_cell3,28,rbf_residual,76.204,102.52715686274509,81.27220620111521,5.068206201115217,20,persistent,102Ah_25degC_1C_cell3,0,0
102Ah_25degC_1C_cell3,29,anchor_constant,73.38,102.52715686274509,102.52715686274509,29.147156862745092,20,persistent,102Ah_25degC_1C_cell3,0,0
102Ah_25degC_1C_cell3,29,age_ridge,73.38,102.52715686274509,76.25506300995346,2.8750630099534646,20,persistent,102Ah_25degC_1C_cell3,0,0
102Ah_25degC_1C_cell3,29,fixed_window_ridge,73.38,102.52715686274509,78.46423114497547,5.084231144975476,20,persistent,102Ah_25degC_1C_cell3,0,0
102Ah_25degC_1C_cell3,29,mask_ridge,73.38,102.52715686274509,78.42378850680323,5.043788506803239,20,persistent,102Ah_25degC_1C_cell3,0,0
102Ah_25degC_1C_cell3,29,within_cell_ratio_ridge,73.38,102.52715686274509,77.70675268177625,4.326752681776256,20,persistent,102Ah_25degC_1C_cell3,0,0
102Ah_25degC_1C_cell3,29,rbf_residual,73.38,102.52715686274509,74.98570799951203,1.6057079995120347,20,persistent,102Ah_25degC_1C_cell3,0,0
102Ah_25degC_1C_cell3,30,anchor_constant,70.854,102.52715686274509,102.52715686274509,31.67315686274509,20,persistent,102Ah_25degC_1C_cell3,0,0
102Ah_25degC_1C_cell3,30,age_ridge,70.854,102.52715686274509,76.47752653173319,5.623526531733191,20,persistent,102Ah_25degC_1C_cell3,0,0
102Ah_25degC_1C_cell3,30,fixed_window_ridge,70.854,102.52715686274509,78.54851497687321,7.694514976873208,20,persistent,102Ah_25degC_1C_cell3,0,0
102Ah_25degC_1C_cell3,30,mask_ridge,70.854,102.52715686274509,78.40617291545172,7.55217291545172,20,persistent,102Ah_25degC_1C_cell3,0,0
102Ah_25degC_1C_cell3,30,within_cell_ratio_ridge,70.854,102.52715686274509,77.89985005956493,7.045850059564927,20,persistent,102Ah_25degC_1C_cell3,0,0
102Ah_25degC_1C_cell3,30,rbf_residual,70.854,102.52715686274509,75.49320604350771,4.639206043507713,20,persistent,102Ah_25degC_1C_cell3,0,0
102Ah_35degC_1C_cell1,1,anchor_constant,97.944,102.1385294117647,102.1385294117647,4.194529411764691,20,persistent,102Ah_35degC_1C_cell1,0,0
102Ah_35degC_1C_cell1,1,age_ridge,97.944,102.1385294117647,95.74789517075062,-2.1961048292493786,20,persistent,102Ah_35degC_1C_cell1,0,0
102Ah_35degC_1C_cell1,1,fixed_window_ridge,97.944,102.1385294117647,95.49616620004534,-2.4478337999546653,20,persistent,102Ah_35degC_1C_cell1,0,0
102Ah_35degC_1C_cell1,1,mask_ridge,97.944,102.1385294117647,95.38827916430645,-2.555720835693549,20,persistent,102Ah_35degC_1C_cell1,0,0
102Ah_35degC_1C_cell1,1,within_cell_ratio_ridge,97.944,102.1385294117647,95.56618881125672,-2.37781118874328,20,persistent,102Ah_35degC_1C_cell1,0,0
102Ah_35degC_1C_cell1,1,rbf_residual,97.944,102.1385294117647,97.46081643257831,-0.48318356742169044,20,persistent,102Ah_35degC_1C_cell1,0,0
102Ah_35degC_1C_cell1,2,anchor_constant,96.746,102.1385294117647,102.1385294117647,5.3925294117646985,20,persistent,102Ah_35degC_1C_cell1,0,0
102Ah_35degC_1C_cell1,2,age_ridge,96.746,102.1385294117647,94.23857419378328,-2.507425806216716,20,persistent,102Ah_35degC_1C_cell1,0,0
102Ah_35degC_1C_cell1,2,fixed_window_ridge,96.746,102.1385294117647,94.04431269218458,-2.701687307815419,20,persistent,102Ah_35degC_1C_cell1,0,0
102Ah_35degC_1C_cell1,2,mask_ridge,96.746,102.1385294117647,93.94851155888799,-2.7974884411120087,20,persistent,102Ah_35degC_1C_cell1,0,0
102Ah_35degC_1C_cell1,2,within_cell_ratio_ridge,96.746,102.1385294117647,94.11882060638345,-2.6271793936165437,20,persistent,102Ah_35degC_1C_cell1,0,0
102Ah_35degC_1C_cell1,2,rbf_residual,96.746,102.1385294117647,96.96685540619072,0.2208554061907222,20,persistent,102Ah_35degC_1C_cell1,0,0
102Ah_35degC_1C_cell1,3,anchor_constant,95.84,102.1385294117647,102.1385294117647,6.29852941176469,20,persistent,102Ah_35degC_1C_cell1,0,0
102Ah_35degC_1C_cell1,3,age_ridge,95.84,102.1385294117647,93.07477425520595,-2.7652257447940514,20,persistent,102Ah_35degC_1C_cell1,0,0
102Ah_35degC_1C_cell1,3,fixed_window_ridge,95.84,102.1385294117647,92.9354284317514,-2.904571568248599,20,persistent,102Ah_35degC_1C_cell1,0,0
102Ah_35degC_1C_cell1,3,mask_ridge,95.84,102.1385294117647,92.85362050237498,-2.9863794976250233,20,persistent,102Ah_35degC_1C_cell1,0,0
102Ah_35degC_1C_cell1,3,within_cell_ratio_ridge,95.84,102.1385294117647,93.00677746965289,-2.833222530347115,20,persistent,102Ah_35degC_1C_cell1,0,0
102Ah_35degC_1C_cell1,3,rbf_residual,95.84,102.1385294117647,96.04475368537828,0.20475368537827876,20,persistent,102Ah_35degC_1C_cell1,0,0
102Ah_35degC_1C_cell1,4,anchor_constant,95.05,102.1385294117647,102.1385294117647,7.088529411764696,20,persistent,102Ah_35degC_1C_cell1,0,0
102Ah_35degC_1C_cell1,4,age_ridge,95.05,102.1385294117647,92.06374327724437,-2.986256722755627,20,persistent,102Ah_35degC_1C_cell1,0,0
102Ah_35degC_1C_cell1,4,fixed_window_ridge,95.05,102.1385294117647,91.97825109219723,-3.071748907802771,20,persistent,102Ah_35degC_1C_cell1,0,0
102Ah_35degC_1C_cell1,4,mask_ridge,95.05,102.1385294117647,91.91129606931806,-3.1387039306819418,20,persistent,102Ah_35degC_1C_cell1,0,0
102Ah_35degC_1C_cell1,4,within_cell_ratio_ridge,95.05,102.1385294117647,92.0430266243115,-3.006973375688503,20,persistent,102Ah_35degC_1C_cell1,0,0
102Ah_35degC_1C_cell1,4,rbf_residual,95.05,102.1385294117647,95.04656315124087,-0.003436848759122313,20,persistent,102Ah_35degC_1C_cell1,0,0
102Ah_35degC_1C_cell1,5,anchor_constant,94.325,102.1385294117647,102.1385294117647,7.813529411764691,20,persistent,102Ah_35degC_1C_cell1,0,0
102Ah_35degC_1C_cell1,5,age_ridge,94.325,102.1385294117647,91.13318459881621,-3.1918154011837885,20,persistent,102Ah_35degC_1C_cell1,0,0
102Ah_35degC_1C_cell1,5,fixed_window_ridge,94.325,102.1385294117647,91.10131639743152,-3.223683602568485,20,persistent,102Ah_35degC_1C_cell1,0,0
102Ah_35degC_1C_cell1,5,mask_ridge,94.325,102.1385294117647,91.04969127043196,-3.2753087295680388,20,persistent,102Ah_35degC_1C_cell1,0,0
102Ah_35degC_1C_cell1,5,within_cell_ratio_ridge,94.325,102.1385294117647,91.15765815612141,-3.1673418438785887,20,persistent,102Ah_35degC_1C_cell1,0,0
102Ah_35degC_1C_cell1,5,rbf_residual,94.325,102.1385294117647,94.1992160494021,-0.12578395059790637,20,persistent,102Ah_35degC_1C_cell1,0,0
102Ah_35degC_1C_cell1,6,anchor_constant,93.595,102.1385294117647,102.1385294117647,8.543529411764695,20,persistent,102Ah_35degC_1C_cell1,0,0
102Ah_35degC_1C_cell1,6,age_ridge,93.595,102.1385294117647,90.2392494147301,-3.3557505852699023,20,persistent,102Ah_35degC_1C_cell1,0,0
102Ah_35degC_1C_cell1,6,fixed_window_ridge,93.595,102.1385294117647,90.26230500216998,-3.3326949978300178,20,persistent,102Ah_35degC_1C_cell1,0,0
102Ah_35degC_1C_cell1,6,mask_ridge,93.595,102.1385294117647,90.22653409807772,-3.368465901922278,20,persistent,102Ah_35degC_1C_cell1,0,0
102Ah_35degC_1C_cell1,6,within_cell_ratio_ridge,93.595,102.1385294117647,90.30870686616505,-3.2862931338349455,20,persistent,102Ah_35degC_1C_cell1,0,0
102Ah_35degC_1C_cell1,6,rbf_residual,93.595,102.1385294117647,93.23346292137084,-0.36153707862915496,20,persistent,102Ah_35degC_1C_cell1,0,0
102Ah_35degC_1C_cell1,7,anchor_constant,92.852,102.1385294117647,102.1385294117647,9.28652941176469,20,persistent,102Ah_35degC_1C_cell1,0,0
102Ah_35degC_1C_cell1,7,age_ridge,92.852,102.1385294117647,89.26661949318438,-3.585380506815625,20,persistent,102Ah_35degC_1C_cell1,0,0
102Ah_35degC_1C_cell1,7,fixed_window_ridge,92.852,102.1385294117647,89.35342989417137,-3.498570105828634,20,persistent,102Ah_35degC_1C_cell1,0,0
102Ah_35degC_1C_cell1,7,mask_ridge,92.852,102.1385294117647,89.33454834608013,-3.5174516539198777,20,persistent,102Ah_35degC_1C_cell1,0,0
102Ah_35degC_1C_cell1,7,within_cell_ratio_ridge,92.852,102.1385294117647,89.38841021849862,-3.4635897815013834,20,persistent,102Ah_35degC_1C_cell1,0,0
102Ah_35degC_1C_cell1,7,rbf_residual,92.852,102.1385294117647,92.38233980185517,-0.4696601981448367,20,persistent,102Ah_35degC_1C_cell1,0,0
102Ah_35degC_1C_cell1,8,anchor_constant,92.207,102.1385294117647,102.1385294117647,9.9315294117647,20,persistent,102Ah_35degC_1C_cell1,0,0
102Ah_35degC_1C_cell1,8,age_ridge,92.207,102.1385294117647,88.47643183566007,-3.730568164339928,20,persistent,102Ah_35degC_1C_cell1,0,0
102Ah_35degC_1C_cell1,8,fixed_window_ridge,92.207,102.1385294117647,88.61640078406498,-3.590599215935015,20,persistent,102Ah_35degC_1C_cell1,0,0
102Ah_35degC_1C_cell1,8,mask_ridge,92.207,102.1385294117647,88.6137512911933,-3.5932487088066978,20,persistent,102Ah_35degC_1C_cell1,0,0
102Ah_35degC_1C_cell1,8,within_cell_ratio_ridge,92.207,102.1385294117647,88.63956904039928,-3.5674309596007134,20,persistent,102Ah_35degC_1C_cell1,0,0
102Ah_35degC_1C_cell1,8,rbf_residual,92.207,102.1385294117647,91.40755637358119,-0.7994436264188067,20,persistent,102Ah_35degC_1C_cell1,0,0
102Ah_35degC_1C_cell1,9,anchor_constant,91.607,102.1385294117647,102.1385294117647,10.531529411764694,20,persistent,102Ah_35degC_1C_cell1,0,0
102Ah_35degC_1C_cell1,9,age_ridge,91.607,102.1385294117647,87.62842991083657,-3.9785700891634264,20,persistent,102Ah_35degC_1C_cell1,0,0
102Ah_35degC_1C_cell1,9,fixed_window_ridge,91.607,102.1385294117647,87.82818940326923,-3.7788105967307644,20,persistent,102Ah_35degC_1C_cell1,0,0
102Ah_35degC_1C_cell1,9,mask_ridge,91.607,102.1385294117647,87.84257653975251,-3.7644234602474853,20,persistent,102Ah_35degC_1C_cell1,0,0
102Ah_35degC_1C_cell1,9,within_cell_ratio_ridge,91.607,102.1385294117647,87.83836498084763,-3.76863501915237,20,persistent,102Ah_35degC_1C_cell1,0,0
102Ah_35degC_1C_cell1,9,rbf_residual,91.607,102.1385294117647,90.52655699447301,-1.0804430055269876,20,persistent,102Ah_35degC_1C_cell1,0,0
102Ah_35degC_1C_cell1,10,anchor_constant,90.941,102.1385294117647,102.1385294117647,11.197529411764691,20,persistent,102Ah_35degC_1C_cell1,0,0
102Ah_35degC_1C_cell1,10,age_ridge,90.941,102.1385294117647,86.88434190322769,-4.05665809677231,20,persistent,102Ah_35degC_1C_cell1,0,0
102Ah_35degC_1C_cell1,10,fixed_window_ridge,90.941,102.1385294117647,87.13693457285997,-3.8040654271400314,20,persistent,102Ah_35degC_1C_cell1,0,0
102Ah_35degC_1C_cell1,10,mask_ridge,90.941,102.1385294117647,87.16781450834647,-3.7731854916535355,20,persistent,102Ah_35degC_1C_cell1,0,0
102Ah_35degC_1C_cell1,10,within_cell_ratio_ridge,90.941,102.1385294117647,87.13426533629443,-3.8067346637055692,20,persistent,102Ah_35degC_1C_cell1,0,0
102Ah_35degC_1C_cell1,10,rbf_residual,90.941,102.1385294117647,87.4999786579302,-3.441021342069803,20,persistent,102Ah_35degC_1C_cell1,0,0
102Ah_35degC_1C_cell1,11,anchor_constant,89.839,102.1385294117647,102.1385294117647,12.299529411764695,20,persistent,102Ah_35degC_1C_cell1,0,0
102Ah_35degC_1C_cell1,11,age_ridge,89.839,102.1385294117647,86.15165007884258,-3.68734992115742,20,persistent,102Ah_35degC_1C_cell1,0,0
102Ah_35degC_1C_cell1,11,fixed_window_ridge,89.839,102.1385294117647,86.45730829936487,-3.3816917006351304,20,persistent,102Ah_35degC_1C_cell1,0,0
102Ah_35degC_1C_cell1,11,mask_ridge,89.839,102.1385294117647,86.50490664076085,-3.334093359239148,20,persistent,102Ah_35degC_1C_cell1,0,0
102Ah_35degC_1C_cell1,11,within_cell_ratio_ridge,89.839,102.1385294117647,86.44128918374275,-3.397710816257245,20,persistent,102Ah_35degC_1C_cell1,0,0
102Ah_35degC_1C_cell1,11,rbf_residual,89.839,102.1385294117647,88.49265618373381,-1.3463438162661845,20,persistent,102Ah_35degC_1C_cell1,0,0
102Ah_35degC_1C_cell1,12,anchor_constant,89.102,102.1385294117647,102.1385294117647,13.03652941176469,20,persistent,102Ah_35degC_1C_cell1,0,0
102Ah_35degC_1C_cell1,12,age_ridge,89.102,102.1385294117647,85.28162357379075,-3.8203764262092506,20,persistent,102Ah_35degC_1C_cell1,0,0
102Ah_35degC_1C_cell1,12,fixed_window_ridge,89.102,102.1385294117647,85.6544270897818,-3.4475729102181987,20,persistent,102Ah_35degC_1C_cell1,0,0
102Ah_35degC_1C_cell1,12,mask_ridge,89.102,102.1385294117647,85.72021074983407,-3.3817892501659372,20,persistent,102Ah_35degC_1C_cell1,0,0
102Ah_35degC_1C_cell1,12,within_cell_ratio_ridge,89.102,102.1385294117647,85.62311417500905,-3.478885824990954,20,persistent,102Ah_35degC_1C_cell1,0,0
102Ah_35degC_1C_cell1,12,rbf_residual,89.102,102.1385294117647,87.67506356926236,-1.4269364307376406,20,persistent,102Ah_35degC_1C_cell1,0,0
102Ah_35degC_1C_cell1,13,anchor_constant,88.517,102.1385294117647,102.1385294117647,13.621529411764698,20,persistent,102Ah_35degC_1C_cell1,0,0
102Ah_35degC_1C_cell1,13,age_ridge,88.517,102.1385294117647,84.58228710390719,-3.9347128960928046,20,persistent,102Ah_35degC_1C_cell1,0,0
102Ah_35degC_1C_cell1,13,fixed_window_ridge,88.517,102.1385294117647,85.00744611998383,-3.5095538800161705,20,persistent,102Ah_35degC_1C_cell1,0,0
102Ah_35degC_1C_cell1,13,mask_ridge,88.517,102.1385294117647,85.08994531110969,-3.4270546888903084,20,persistent,102Ah_35degC_1C_cell1,0,0
102Ah_35degC_1C_cell1,13,within_cell_ratio_ridge,88.517,102.1385294117647,84.96235209267546,-3.5546479073245365,20,persistent,102Ah_35degC_1C_cell1,0,0
102Ah_35degC_1C_cell1,13,rbf_residual,88.517,102.1385294117647,86.68504177423084,-1.8319582257691565,20,persistent,102Ah_35degC_1C_cell1,0,0
102Ah_35degC_1C_cell1,14,anchor_constant,87.874,102.1385294117647,102.1385294117647,14.264529411764698,20,persistent,102Ah_35degC_1C_cell1,0,0
102Ah_35degC_1C_cell1,14,age_ridge,87.874,102.1385294117647,83.89197294828482,-3.9820270517151783,20,persistent,102Ah_35degC_1C_cell1,0,0
102Ah_35degC_1C_cell1,14,fixed_window_ridge,87.874,102.1385294117647,84.36938534940236,-3.504614650597631,20,persistent,102Ah_35degC_1C_cell1,0,0
102Ah_35degC_1C_cell1,14,mask_ridge,87.874,102.1385294117647,84.46864624835027,-3.405353751649727,20,persistent,102Ah_35degC_1C_cell1,0,0
102Ah_35degC_1C_cell1,14,within_cell_ratio_ridge,87.874,102.1385294117647,84.31031923112914,-3.563680768870853,20,persistent,102Ah_35degC_1C_cell1,0,0
102Ah_35degC_1C_cell1,14,rbf_residual,87.874,102.1385294117647,85.74164648380162,-2.1323535161983784,20,persistent,102Ah_35degC_1C_cell1,0,0
102Ah_35degC_1C_cell1,15,anchor_constant,87.254,102.1385294117647,102.1385294117647,14.884529411764689,20,persistent,102Ah_35degC_1C_cell1,0,0
102Ah_35degC_1C_cell1,15,age_ridge,87.254,102.1385294117647,83.20634653655115,-4.047653463448853,20,persistent,102Ah_35degC_1C_cell1,0,0
102Ah_35degC_1C_cell1,15,fixed_window_ridge,87.254,102.1385294117647,83.73624740314426,-3.5177525968557433,20,persistent,102Ah_35degC_1C_cell1,0,0
102Ah_35degC_1C_cell1,15,mask_ridge,87.254,102.1385294117647,83.85234475716473,-3.4016552428352753,20,persistent,102Ah_35degC_1C_cell1,0,0
102Ah_35degC_1C_cell1,15,within_cell_ratio_ridge,87.254,102.1385294117647,83.6629985192372,-3.591001480762799,20,persistent,102Ah_35degC_1C_cell1,0,0
102Ah_35degC_1C_cell1,15,rbf_residual,87.254,102.1385294117647,82.80222210478142,-4.451777895218584,20,persistent,102Ah_35degC_1C_cell1,0,0
102Ah_35degC_1C_cell1,16,anchor_constant,86.669,102.1385294117647,102.1385294117647,15.469529411764697,20,persistent,102Ah_35degC_1C_cell1,0,0
102Ah_35degC_1C_cell1,16,age_ridge,86.669,102.1385294117647,82.5001652574014,-4.168834742598591,20,persistent,102Ah_35degC_1C_cell1,0,0
102Ah_35degC_1C_cell1,16,fixed_window_ridge,86.669,102.1385294117647,83.0850407839772,-3.583959216022791,20,persistent,102Ah_35degC_1C_cell1,0,0
102Ah_35degC_1C_cell1,16,mask_ridge,86.669,102.1385294117647,83.21815719295203,-3.4508428070479624,20,persistent,102Ah_35degC_1C_cell1,0,0
102Ah_35degC_1C_cell1,16,within_cell_ratio_ridge,86.669,102.1385294117647,82.99738466043384,-3.6716153395661593,20,persistent,102Ah_35degC_1C_cell1,0,0
102Ah_35degC_1C_cell1,16,rbf_residual,86.669,102.1385294117647,81.44470303734415,-5.224296962655842,20,persistent,102Ah_35degC_1C_cell1,0,0
102Ah_35degC_1C_cell1,17,anchor_constant,86.04,102.1385294117647,102.1385294117647,16.098529411764687,20,persistent,102Ah_35degC_1C_cell1,0,0
102Ah_35degC_1C_cell1,17,age_ridge,86.04,102.1385294117647,81.77214791380636,-4.267852086193642,20,persistent,102Ah_35degC_1C_cell1,0,0
102Ah_35degC_1C_cell1,17,fixed_window_ridge,86.04,102.1385294117647,82.415360637318,-3.6246393626820037,20,persistent,102Ah_35degC_1C_cell1,0,0
102Ah_35degC_1C_cell1,17,mask_ridge,86.04,102.1385294117647,82.5660462631729,-3.473953736827113,20,persistent,102Ah_35degC_1C_cell1,0,0
102Ah_35degC_1C_cell1,17,within_cell_ratio_ridge,86.04,102.1385294117647,82.31233467021882,-3.727665329781189,20,persistent,102Ah_35degC_1C_cell1,0,0
102Ah_35degC_1C_cell1,17,rbf_residual,86.04,102.1385294117647,79.89861458570172,-6.141385414298284,20,persistent,102Ah_35degC_1C_cell1,0,0
102Ah_35degC_1C_cell1,18,anchor_constant,85.225,102.1385294117647,102.1385294117647,16.9135294117647,20,persistent,102Ah_35degC_1C_cell1,0,0
102Ah_35degC_1C_cell1,18,age_ridge,85.225,102.1385294117647,81.03659059597393,-4.188409404026061,20,persistent,102Ah_35degC_1C_cell1,0,0
102Ah_35degC_1C_cell1,18,fixed_window_ridge,85.225,102.1385294117647,81.73998025766193,-3.4850197423380678,20,persistent,102Ah_35degC_1C_cell1,0,0
102Ah_35degC_1C_cell1,18,mask_ridge,85.225,102.1385294117647,81.90859232104603,-3.316407678953965,20,persistent,102Ah_35degC_1C_cell1,0,0
102Ah_35degC_1C_cell1,18,within_cell_ratio_ridge,85.225,102.1385294117647,81.62089688234569,-3.6041031176543044,20,persistent,102Ah_35degC_1C_cell1,0,0
102Ah_35degC_1C_cell1,18,rbf_residual,85.225,102.1385294117647,79.36826698863608,-5.856733011363914,20,persistent,102Ah_35degC_1C_cell1,0,0
102Ah_35degC_1C_cell1,19,anchor_constant,84.635,102.1385294117647,102.1385294117647,17.50352941176469,20,persistent,102Ah_35degC_1C_cell1,0,0
102Ah_35degC_1C_cell1,19,age_ridge,84.635,102.1385294117647,80.37813155836284,-4.256868441637167,20,persistent,102Ah_35degC_1C_cell1,0,0
102Ah_35degC_1C_cell1,19,fixed_window_ridge,84.635,102.1385294117647,81.13379385172553,-3.501206148274477,20,persistent,102Ah_35degC_1C_cell1,0,0
102Ah_35degC_1C_cell1,19,mask_ridge,84.635,102.1385294117647,81.31932275593465,-3.3156772440653555,20,persistent,102Ah_35degC_1C_cell1,0,0
102Ah_35degC_1C_cell1,19,within_cell_ratio_ridge,84.635,102.1385294117647,80.99998526849112,-3.635014731508889,20,persistent,102Ah_35degC_1C_cell1,0,0
102Ah_35degC_1C_cell1,19,rbf_residual,84.635,102.1385294117647,78.80870339274934,-5.826296607250669,20,persistent,102Ah_35degC_1C_cell1,0,0
102Ah_35degC_1C_cell1,20,anchor_constant,84.066,102.1385294117647,102.1385294117647,18.07252941176469,20,persistent,102Ah_35degC_1C_cell1,0,0
102Ah_35degC_1C_cell1,20,age_ridge,84.066,102.1385294117647,79.72727482135751,-4.338725178642491,20,persistent,102Ah_35degC_1C_cell1,0,0
102Ah_35degC_1C_cell1,20,fixed_window_ridge,84.066,102.1385294117647,80.53463768367686,-3.53136231632314,20,persistent,102Ah_35degC_1C_cell1,0,0
102Ah_35degC_1C_cell1,20,mask_ridge,84.066,102.1385294117647,80.73709914748041,-3.3289008525195953,20,persistent,102Ah_35degC_1C_cell1,0,0
102Ah_35degC_1C_cell1,20,within_cell_ratio_ridge,84.066,102.1385294117647,80.38608694397095,-3.6799130560290507,20,persistent,102Ah_35degC_1C_cell1,0,0
102Ah_35degC_1C_cell1,20,rbf_residual,84.066,102.1385294117647,77.56416970278508,-6.501830297214923,20,persistent,102Ah_35degC_1C_cell1,0,0
102Ah_35degC_1C_cell1,21,anchor_constant,83.481,102.1385294117647,102.1385294117647,18.6575294117647,20,persistent,102Ah_35degC_1C_cell1,0,0
102Ah_35degC_1C_cell1,21,age_ridge,83.481,102.1385294117647,79.0676957464653,-4.41330425353469,20,persistent,102Ah_35degC_1C_cell1,0,0
102Ah_35degC_1C_cell1,21,fixed_window_ridge,83.481,102.1385294117647,79.92802411777168,-3.55297588222831,20,persistent,102Ah_35degC_1C_cell1,0,0
102Ah_35degC_1C_cell1,21,mask_ridge,83.481,102.1385294117647,80.14765794466813,-3.333342055331869,20,persistent,102Ah_35degC_1C_cell1,0,0
102Ah_35degC_1C_cell1,21,within_cell_ratio_ridge,83.481,102.1385294117647,79.7643885175676,-3.7166114824323984,20,persistent,102Ah_35degC_1C_cell1,0,0
102Ah_35degC_1C_cell1,21,rbf_residual,83.481,102.1385294117647,76.49758677277836,-6.983413227221632,20,persistent,102Ah_35degC_1C_cell1,0,0
102Ah_35degC_1C_cell1,22,anchor_constant,82.816,102.1385294117647,102.1385294117647,19.32252941176469,20,persistent,102Ah_35degC_1C_cell1,0,0
102Ah_35degC_1C_cell1,22,age_ridge,82.816,102.1385294117647,78.42609314175783,-4.3899068582421705,20,persistent,102Ah_35degC_1C_cell1,0,0
102Ah_35degC_1C_cell1,22,fixed_window_ridge,82.816,102.1385294117647,79.33782724274991,-3.4781727572500927,20,persistent,102Ah_35degC_1C_cell1,0,0
102Ah_35degC_1C_cell1,22,mask_ridge,82.816,102.1385294117647,79.57440538344763,-3.2415946165523764,20,persistent,102Ah_35degC_1C_cell1,0,0
102Ah_35degC_1C_cell1,22,within_cell_ratio_ridge,82.816,102.1385294117647,79.15933125355082,-3.656668746449185,20,persistent,102Ah_35degC_1C_cell1,0,0
102Ah_35degC_1C_cell1,22,rbf_residual,82.816,102.1385294117647,75.42983065726554,-7.386169342734462,20,persistent,102Ah_35degC_1C_cell1,0,0
102Ah_35degC_1C_cell1,23,anchor_constant,82.089,102.1385294117647,102.1385294117647,20.049529411764695,20,persistent,102Ah_35degC_1C_cell1,0,0
102Ah_35degC_1C_cell1,23,age_ridge,82.089,102.1385294117647,77.76235254801003,-4.32664745198997,20,persistent,102Ah_35degC_1C_cell1,0,0
102Ah_35degC_1C_cell1,23,fixed_window_ridge,82.089,102.1385294117647,78.72858824326038,-3.360411756739623,20,persistent,102Ah_35degC_1C_cell1,0,0
102Ah_35degC_1C_cell1,23,mask_ridge,82.089,102.1385294117647,78.98243828669712,-3.106561713302881,20,persistent,102Ah_35degC_1C_cell1,0,0
102Ah_35degC_1C_cell1,23,within_cell_ratio_ridge,82.089,102.1385294117647,78.53463984383633,-3.5543601561636677,20,persistent,102Ah_35degC_1C_cell1,0,0
102Ah_35degC_1C_cell1,23,rbf_residual,82.089,102.1385294117647,74.42904451958906,-7.659955480410943,20,persistent,102Ah_35degC_1C_cell1,0,0
102Ah_35degC_1C_cell1,24,anchor_constant,81.26,102.1385294117647,102.1385294117647,20.87852941176469,20,persistent,102Ah_35degC_1C_cell1,0,0
102Ah_35degC_1C_cell1,24,age_ridge,81.26,102.1385294117647,77.01773657822167,-4.242263421778333,20,persistent,102Ah_35degC_1C_cell1,0,0
102Ah_35degC_1C_cell1,24,fixed_window_ridge,81.26,102.1385294117647,78.048607658907,-3.2113923410930028,20,persistent,102Ah_35degC_1C_cell1,0,0
102Ah_35degC_1C_cell1,24,mask_ridge,81.26,102.1385294117647,78.3210020465165,-2.938997953483508,20,persistent,102Ah_35degC_1C_cell1,0,0
102Ah_35degC_1C_cell1,24,within_cell_ratio_ridge,81.26,102.1385294117647,77.83723167983419,-3.4227683201658152,20,persistent,102Ah_35degC_1C_cell1,0,0
102Ah_35degC_1C_cell1,24,rbf_residual,81.26,102.1385294117647,71.5778467634258,-9.682153236574209,20,persistent,102Ah_35degC_1C_cell1,0,0
102Ah_35degC_1C_cell1,25,anchor_constant,80.436,102.1385294117647,102.1385294117647,21.702529411764687,20,persistent,102Ah_35degC_1C_cell1,0,0
102Ah_35degC_1C_cell1,25,age_ridge,80.436,102.1385294117647,76.35017577369979,-4.085824226300218,20,persistent,102Ah_35degC_1C_cell1,0,0
102Ah_35degC_1C_cell1,25,fixed_window_ridge,80.436,102.1385294117647,77.43674127833214,-2.9992587216678714,20,persistent,102Ah_35degC_1C_cell1,0,0
102Ah_35degC_1C_cell1,25,mask_ridge,80.436,102.1385294117647,76.83042011739583,-3.605579882604175,20,persistent,102Ah_35degC_1C_cell1,0,0
102Ah_35degC_1C_cell1,25,within_cell_ratio_ridge,80.436,102.1385294117647,77.20947201235862,-3.22652798764139,20,persistent,102Ah_35degC_1C_cell1,0,0
102Ah_35degC_1C_cell1,25,rbf_residual,80.436,102.1385294117647,71.06458953789839,-9.371410462101622,20,persistent,102Ah_35degC_1C_cell1,0,0
102Ah_35degC_1C_cell1,26,anchor_constant,79.583,102.1385294117647,102.1385294117647,22.555529411764695,20,persistent,102Ah_35degC_1C_cell1,0,0
102Ah_35degC_1C_cell1,26,age_ridge,79.583,102.1385294117647,75.7252239318841,-3.8577760681158964,20,persistent,102Ah_35degC_1C_cell1,0,0
102Ah_35degC_1C_cell1,26,fixed_window_ridge,79.583,102.1385294117647,76.86259470168406,-2.7204052983159386,20,persistent,102Ah_35degC_1C_cell1,0,0
102Ah_35degC_1C_cell1,26,mask_ridge,79.583,102.1385294117647,76.30572638503844,-3.2772736149615582,20,persistent,102Ah_35degC_1C_cell1,0,0
102Ah_35degC_1C_cell1,26,within_cell_ratio_ridge,79.583,102.1385294117647,76.6202913705757,-2.9627086294242986,20,persistent,102Ah_35degC_1C_cell1,0,0
102Ah_35degC_1C_cell1,26,rbf_residual,79.583,102.1385294117647,70.18138046525235,-9.401619534747653,20,persistent,102Ah_35degC_1C_cell1,0,0
102Ah_35degC_1C_cell1,27,anchor_constant,78.65,102.1385294117647,102.1385294117647,23.488529411764688,20,persistent,102Ah_35degC_1C_cell1,0,0
102Ah_35degC_1C_cell1,27,age_ridge,78.65,102.1385294117647,75.10313739297334,-3.546862607026668,20,persistent,102Ah_35degC_1C_cell1,0,0
102Ah_35degC_1C_cell1,27,fixed_window_ridge,78.65,102.1385294117647,76.29124314984955,-2.3587568501504563,20,persistent,102Ah_35degC_1C_cell1,0,0
102Ah_35degC_1C_cell1,27,mask_ridge,78.65,102.1385294117647,76.61508931885948,-2.0349106811405306,20,persistent,102Ah_35degC_1C_cell1,0,0
102Ah_35degC_1C_cell1,27,within_cell_ratio_ridge,78.65,102.1385294117647,76.03382951881156,-2.6161704811884476,20,persistent,102Ah_35degC_1C_cell1,0,0
102Ah_35degC_1C_cell1,27,rbf_residual,78.65,102.1385294117647,69.32884602553654,-9.32115397446347,20,persistent,102Ah_35degC_1C_cell1,0,0
102Ah_35degC_1C_cell1,28,anchor_constant,77.59,102.1385294117647,102.1385294117647,24.54852941176469,20,persistent,102Ah_35degC_1C_cell1,0,0
102Ah_35degC_1C_cell1,28,age_ridge,77.59,102.1385294117647,74.4823182833033,-3.1076817166967032,20,persistent,102Ah_35degC_1C_cell1,0,0
102Ah_35degC_1C_cell1,28,fixed_window_ridge,77.59,102.1385294117647,75.72117400873196,-1.8688259912680394,20,persistent,102Ah_35degC_1C_cell1,0,0
102Ah_35degC_1C_cell1,28,mask_ridge,77.59,102.1385294117647,75.20597826932945,-2.384021730670554,20,persistent,102Ah_35degC_1C_cell1,0,0
102Ah_35degC_1C_cell1,28,within_cell_ratio_ridge,77.59,102.1385294117647,75.4486526888141,-2.1413473111859105,20,persistent,102Ah_35degC_1C_cell1,0,0
102Ah_35degC_1C_cell1,28,rbf_residual,77.59,102.1385294117647,68.44961691542987,-9.140383084570132,20,persistent,102Ah_35degC_1C_cell1,0,0
102Ah_35degC_1C_cell1,29,anchor_constant,76.374,102.1385294117647,102.1385294117647,25.7645294117647,20,persistent,102Ah_35degC_1C_cell1,0,0
102Ah_35degC_1C_cell1,29,age_ridge,76.374,102.1385294117647,73.76414024143423,-2.6098597585657615,20,persistent,102Ah_35degC_1C_cell1,0,0
102Ah_35degC_1C_cell1,29,fixed_window_ridge,76.374,102.1385294117647,75.06669459234146,-1.3073054076585322,20,persistent,102Ah_35degC_1C_cell1,0,0
102Ah_35degC_1C_cell1,29,mask_ridge,76.374,102.1385294117647,75.4260220310359,-0.9479779689640964,20,persistent,102Ah_35degC_1C_cell1,0,0
102Ah_35degC_1C_cell1,29,within_cell_ratio_ridge,76.374,102.1385294117647,74.77644722757618,-1.5975527724238106,20,persistent,102Ah_35degC_1C_cell1,0,0
102Ah_35degC_1C_cell1,29,rbf_residual,76.374,102.1385294117647,68.83273767047095,-7.541262329529047,20,persistent,102Ah_35degC_1C_cell1,0,0
102Ah_35degC_1C_cell1,30,anchor_constant,75.089,102.1385294117647,102.1385294117647,27.049529411764695,20,persistent,102Ah_35degC_1C_cell1,0,0
102Ah_35degC_1C_cell1,30,age_ridge,75.089,102.1385294117647,73.14839709109312,-1.9406029089068824,20,persistent,102Ah_35degC_1C_cell1,0,0
102Ah_35degC_1C_cell1,30,fixed_window_ridge,75.089,102.1385294117647,74.50156155566714,-0.5874384443328609,20,persistent,102Ah_35degC_1C_cell1,0,0
102Ah_35degC_1C_cell1,30,mask_ridge,75.089,102.1385294117647,73.96009951741661,-1.12890048258339,20,persistent,102Ah_35degC_1C_cell1,0,0
102Ah_35degC_1C_cell1,30,within_cell_ratio_ridge,75.089,102.1385294117647,74.19614499323168,-0.8928550067683148,20,persistent,102Ah_35degC_1C_cell1,0,0
102Ah_35degC_1C_cell1,30,rbf_residual,75.089,102.1385294117647,67.44835748924305,-7.640642510756948,20,persistent,102Ah_35degC_1C_cell1,0,0
102Ah_45degC_0p5C_cell3,1,anchor_constant,97.213,103.01980392156864,103.01980392156864,5.806803921568644,20,persistent,102Ah_45degC_0p5C_cell3,0,0
102Ah_45degC_0p5C_cell3,1,age_ridge,97.213,103.01980392156864,95.02559703324043,-2.1874029667595636,20,persistent,102Ah_45degC_0p5C_cell3,0,0
102Ah_45degC_0p5C_cell3,1,fixed_window_ridge,97.213,103.01980392156864,95.02559703324043,-2.1874029667595636,20,persistent,102Ah_45degC_0p5C_cell3,0,0
102Ah_45degC_0p5C_cell3,1,mask_ridge,97.213,103.01980392156864,97.4781792039015,0.2651792039015106,20,persistent,102Ah_45degC_0p5C_cell3,0,0
102Ah_45degC_0p5C_cell3,1,within_cell_ratio_ridge,97.213,103.01980392156864,95.02559703324043,-2.1874029667595636,20,persistent,102Ah_45degC_0p5C_cell3,0,0
102Ah_45degC_0p5C_cell3,1,rbf_residual,97.213,103.01980392156864,97.76152909273297,0.5485290927329771,20,persistent,102Ah_45degC_0p5C_cell3,0,0
102Ah_45degC_0p5C_cell3,2,anchor_constant,96.093,103.01980392156864,103.01980392156864,6.926803921568634,20,persistent,102Ah_45degC_0p5C_cell3,0,0
102Ah_45degC_0p5C_cell3,2,age_ridge,96.093,103.01980392156864,93.86514074499665,-2.2278592550033522,20,persistent,102Ah_45degC_0p5C_cell3,0,0
102Ah_45degC_0p5C_cell3,2,fixed_window_ridge,96.093,103.01980392156864,93.86514074499665,-2.2278592550033522,20,persistent,102Ah_45degC_0p5C_cell3,0,0
102Ah_45degC_0p5C_cell3,2,mask_ridge,96.093,103.01980392156864,96.35565120317187,0.2626512031718704,20,persistent,102Ah_45degC_0p5C_cell3,0,0
102Ah_45degC_0p5C_cell3,2,within_cell_ratio_ridge,96.093,103.01980392156864,93.86514074499665,-2.2278592550033522,20,persistent,102Ah_45degC_0p5C_cell3,0,0
102Ah_45degC_0p5C_cell3,2,rbf_residual,96.093,103.01980392156864,96.47867166171841,0.38567166171840483,20,persistent,102Ah_45degC_0p5C_cell3,0,0
102Ah_45degC_0p5C_cell3,3,anchor_constant,95.183,103.01980392156864,103.01980392156864,7.836803921568631,20,persistent,102Ah_45degC_0p5C_cell3,0,0
102Ah_45degC_0p5C_cell3,3,age_ridge,95.183,103.01980392156864,92.92240197355125,-2.2605980264487613,20,persistent,102Ah_45degC_0p5C_cell3,0,0
102Ah_45degC_0p5C_cell3,3,fixed_window_ridge,95.183,103.01980392156864,92.92240197355125,-2.2605980264487613,20,persistent,102Ah_45degC_0p5C_cell3,0,0
102Ah_45degC_0p5C_cell3,3,mask_ridge,95.183,103.01980392156864,95.46794809680209,0.2849480968020828,20,persistent,102Ah_45degC_0p5C_cell3,0,0
102Ah_45degC_0p5C_cell3,3,within_cell_ratio_ridge,95.183,103.01980392156864,92.92240197355125,-2.2605980264487613,20,persistent,102Ah_45degC_0p5C_cell3,0,0
102Ah_45degC_0p5C_cell3,3,rbf_residual,95.183,103.01980392156864,93.89395390089283,-1.289046099107182,20,persistent,102Ah_45degC_0p5C_cell3,0,0
102Ah_45degC_0p5C_cell3,4,anchor_constant,94.405,103.01980392156864,103.01980392156864,8.614803921568637,20,persistent,102Ah_45degC_0p5C_cell3,0,0
102Ah_45degC_0p5C_cell3,4,age_ridge,94.405,103.01980392156864,92.03601272218275,-2.3689872778172543,20,persistent,102Ah_45degC_0p5C_cell3,0,0
102Ah_45degC_0p5C_cell3,4,fixed_window_ridge,94.405,103.01980392156864,92.03601272218275,-2.3689872778172543,20,persistent,102Ah_45degC_0p5C_cell3,0,0
102Ah_45degC_0p5C_cell3,4,mask_ridge,94.405,103.01980392156864,91.92283447524645,-2.4821655247535546,20,persistent,102Ah_45degC_0p5C_cell3,0,0
102Ah_45degC_0p5C_cell3,4,within_cell_ratio_ridge,94.405,103.01980392156864,92.03601272218275,-2.3689872778172543,20,persistent,102Ah_45degC_0p5C_cell3,0,0
102Ah_45degC_0p5C_cell3,4,rbf_residual,94.405,103.01980392156864,93.44106282381145,-0.9639371761885513,20,persistent,102Ah_45degC_0p5C_cell3,0,0
102Ah_45degC_0p5C_cell3,5,anchor_constant,93.579,103.01980392156864,103.01980392156864,9.440803921568644,20,persistent,102Ah_45degC_0p5C_cell3,0,0
102Ah_45degC_0p5C_cell3,5,age_ridge,93.579,103.01980392156864,91.11298617604743,-2.466013823952565,20,persistent,102Ah_45degC_0p5C_cell3,0,0
102Ah_45degC_0p5C_cell3,5,fixed_window_ridge,93.579,103.01980392156864,91.11298617604743,-2.466013823952565,20,persistent,102Ah_45degC_0p5C_cell3,0,0
102Ah_45degC_0p5C_cell3,5,mask_ridge,93.579,103.01980392156864,91.02227661096441,-2.5567233890355823,20,persistent,102Ah_45degC_0p5C_cell3,0,0
102Ah_45degC_0p5C_cell3,5,within_cell_ratio_ridge,93.579,103.01980392156864,91.11298617604743,-2.466013823952565,20,persistent,102Ah_45degC_0p5C_cell3,0,0
102Ah_45degC_0p5C_cell3,5,rbf_residual,93.579,103.01980392156864,90.60019077306114,-2.97880922693885,20,persistent,102Ah_45degC_0p5C_cell3,0,0
102Ah_45degC_0p5C_cell3,6,anchor_constant,92.867,103.01980392156864,103.01980392156864,10.152803921568633,20,persistent,102Ah_45degC_0p5C_cell3,0,0
102Ah_45degC_0p5C_cell3,6,age_ridge,92.867,103.01980392156864,90.4192138400652,-2.4477861599348074,20,persistent,102Ah_45degC_0p5C_cell3,0,0
102Ah_45degC_0p5C_cell3,6,fixed_window_ridge,92.867,103.01980392156864,90.4192138400652,-2.4477861599348074,20,persistent,102Ah_45degC_0p5C_cell3,0,0
102Ah_45degC_0p5C_cell3,6,mask_ridge,92.867,103.01980392156864,90.34852366734184,-2.5184763326581674,20,persistent,102Ah_45degC_0p5C_cell3,0,0
102Ah_45degC_0p5C_cell3,6,within_cell_ratio_ridge,92.867,103.01980392156864,90.4192138400652,-2.4477861599348074,20,persistent,102Ah_45degC_0p5C_cell3,0,0
102Ah_45degC_0p5C_cell3,6,rbf_residual,92.867,103.01980392156864,90.69147632010343,-2.175523679896571,20,persistent,102Ah_45degC_0p5C_cell3,0,0
102Ah_45degC_0p5C_cell3,7,anchor_constant,92.307,103.01980392156864,103.01980392156864,10.712803921568636,20,persistent,102Ah_45degC_0p5C_cell3,0,0
102Ah_45degC_0p5C_cell3,7,age_ridge,92.307,103.01980392156864,89.29971519272351,-3.0072848072764913,20,persistent,102Ah_45degC_0p5C_cell3,0,0
102Ah_45degC_0p5C_cell3,7,fixed_window_ridge,92.307,103.01980392156864,89.29971519272351,-3.0072848072764913,20,persistent,102Ah_45degC_0p5C_cell3,0,0
102Ah_45degC_0p5C_cell3,7,mask_ridge,92.307,103.01980392156864,91.89592397471208,-0.411076025287926,20,persistent,102Ah_45degC_0p5C_cell3,0,0
102Ah_45degC_0p5C_cell3,7,within_cell_ratio_ridge,92.307,103.01980392156864,89.29971519272351,-3.0072848072764913,20,persistent,102Ah_45degC_0p5C_cell3,0,0
102Ah_45degC_0p5C_cell3,7,rbf_residual,92.307,103.01980392156864,90.9680957056827,-1.3389042943173024,20,persistent,102Ah_45degC_0p5C_cell3,0,0
102Ah_45degC_0p5C_cell3,8,anchor_constant,91.334,103.01980392156864,103.01980392156864,11.685803921568635,20,persistent,102Ah_45degC_0p5C_cell3,0,0
102Ah_45degC_0p5C_cell3,8,age_ridge,91.334,103.01980392156864,88.38322363014079,-2.950776369859213,20,persistent,102Ah_45degC_0p5C_cell3,0,0
102Ah_45degC_0p5C_cell3,8,fixed_window_ridge,91.334,103.01980392156864,88.38322363014079,-2.950776369859213,20,persistent,102Ah_45degC_0p5C_cell3,0,0
102Ah_45degC_0p5C_cell3,8,mask_ridge,91.334,103.01980392156864,88.36453925745984,-2.9694607425401642,20,persistent,102Ah_45degC_0p5C_cell3,0,0
102Ah_45degC_0p5C_cell3,8,within_cell_ratio_ridge,91.334,103.01980392156864,88.38322363014079,-2.950776369859213,20,persistent,102Ah_45degC_0p5C_cell3,0,0
102Ah_45degC_0p5C_cell3,8,rbf_residual,91.334,103.01980392156864,86.08499685730303,-5.249003142696978,20,persistent,102Ah_45degC_0p5C_cell3,0,0
102Ah_45degC_0p5C_cell3,9,anchor_constant,90.546,103.01980392156864,103.01980392156864,12.473803921568631,20,persistent,102Ah_45degC_0p5C_cell3,0,0
102Ah_45degC_0p5C_cell3,9,age_ridge,90.546,103.01980392156864,87.77206049063568,-2.7739395093643253,20,persistent,102Ah_45degC_0p5C_cell3,0,0
102Ah_45degC_0p5C_cell3,9,fixed_window_ridge,90.546,103.01980392156864,87.77206049063568,-2.7739395093643253,20,persistent,102Ah_45degC_0p5C_cell3,0,0
102Ah_45degC_0p5C_cell3,9,mask_ridge,90.546,103.01980392156864,90.45738199646962,-0.08861800353038518,20,persistent,102Ah_45degC_0p5C_cell3,0,0
102Ah_45degC_0p5C_cell3,9,within_cell_ratio_ridge,90.546,103.01980392156864,87.77206049063568,-2.7739395093643253,20,persistent,102Ah_45degC_0p5C_cell3,0,0
102Ah_45degC_0p5C_cell3,9,rbf_residual,90.546,103.01980392156864,88.17556174300623,-2.370438256993779,20,persistent,102Ah_45degC_0p5C_cell3,0,0
102Ah_45degC_0p5C_cell3,10,anchor_constant,89.71,103.01980392156864,103.01980392156864,13.309803921568644,20,persistent,102Ah_45degC_0p5C_cell3,0,0
102Ah_45degC_0p5C_cell3,10,age_ridge,89.71,103.01980392156864,87.09236828436067,-2.6176317156393196,20,persistent,102Ah_45degC_0p5C_cell3,0,0
102Ah_45degC_0p5C_cell3,10,fixed_window_ridge,89.71,103.01980392156864,87.09236828436067,-2.6176317156393196,20,persistent,102Ah_45degC_0p5C_cell3,0,0
102Ah_45degC_0p5C_cell3,10,mask_ridge,89.71,103.01980392156864,87.11559280454217,-2.594407195457819,20,persistent,102Ah_45degC_0p5C_cell3,0,0
102Ah_45degC_0p5C_cell3,10,within_cell_ratio_ridge,89.71,103.01980392156864,87.09236828436067,-2.6176317156393196,20,persistent,102Ah_45degC_0p5C_cell3,0,0
102Ah_45degC_0p5C_cell3,10,rbf_residual,89.71,103.01980392156864,85.30732928547036,-4.402670714529634,20,persistent,102Ah_45degC_0p5C_cell3,0,0
102Ah_45degC_0p5C_cell3,11,anchor_constant,88.797,103.01980392156864,103.01980392156864,14.22280392156864,20,persistent,102Ah_45degC_0p5C_cell3,0,0
102Ah_45degC_0p5C_cell3,11,age_ridge,88.797,103.01980392156864,86.43278086242799,-2.3642191375720074,20,persistent,102Ah_45degC_0p5C_cell3,0,0
102Ah_45degC_0p5C_cell3,11,fixed_window_ridge,88.797,103.01980392156864,86.43278086242799,-2.3642191375720074,20,persistent,102Ah_45degC_0p5C_cell3,0,0
102Ah_45degC_0p5C_cell3,11,mask_ridge,88.797,103.01980392156864,89.11251998901861,0.3155199890186111,20,persistent,102Ah_45degC_0p5C_cell3,0,0
102Ah_45degC_0p5C_cell3,11,within_cell_ratio_ridge,88.797,103.01980392156864,86.43278086242799,-2.3642191375720074,20,persistent,102Ah_45degC_0p5C_cell3,0,0
102Ah_45degC_0p5C_cell3,11,rbf_residual,88.797,103.01980392156864,87.3766251706275,-1.4203748293724914,20,persistent,102Ah_45degC_0p5C_cell3,0,0
102Ah_45degC_0p5C_cell3,12,anchor_constant,88.025,103.01980392156864,103.01980392156864,14.994803921568632,20,persistent,102Ah_45degC_0p5C_cell3,0,0
102Ah_45degC_0p5C_cell3,12,age_ridge,88.025,103.01980392156864,85.88738845232254,-2.1376115476774658,20,persistent,102Ah_45degC_0p5C_cell3,0,0
102Ah_45degC_0p5C_cell3,12,fixed_window_ridge,88.025,103.01980392156864,85.88738845232254,-2.1376115476774658,20,persistent,102Ah_45degC_0p5C_cell3,0,0
102Ah_45degC_0p5C_cell3,12,mask_ridge,88.025,103.01980392156864,88.58524819202704,0.5602481920270321,20,persistent,102Ah_45degC_0p5C_cell3,0,0
102Ah_45degC_0p5C_cell3,12,within_cell_ratio_ridge,88.025,103.01980392156864,85.88738845232254,-2.1376115476774658,20,persistent,102Ah_45degC_0p5C_cell3,0,0
102Ah_45degC_0p5C_cell3,12,rbf_residual,88.025,103.01980392156864,86.17756392294663,-1.8474360770533735,20,persistent,102Ah_45degC_0p5C_cell3,0,0
102Ah_45degC_0p5C_cell3,13,anchor_constant,87.256,103.01980392156864,103.01980392156864,15.763803921568638,20,persistent,102Ah_45degC_0p5C_cell3,0,0
102Ah_45degC_0p5C_cell3,13,age_ridge,87.256,103.01980392156864,85.36884214772306,-1.8871578522769425,20,persistent,102Ah_45degC_0p5C_cell3,0,0
102Ah_45degC_0p5C_cell3,13,fixed_window_ridge,87.256,103.01980392156864,85.36884214772306,-1.8871578522769425,20,persistent,102Ah_45degC_0p5C_cell3,0,0
102Ah_45degC_0p5C_cell3,13,mask_ridge,87.256,103.01980392156864,85.4527409897559,-1.8032590102441048,20,persistent,102Ah_45degC_0p5C_cell3,0,0
102Ah_45degC_0p5C_cell3,13,within_cell_ratio_ridge,87.256,103.01980392156864,85.36884214772306,-1.8871578522769425,20,persistent,102Ah_45degC_0p5C_cell3,0,0
102Ah_45degC_0p5C_cell3,13,rbf_residual,87.256,103.01980392156864,83.0374579512389,-4.218542048761094,20,persistent,102Ah_45degC_0p5C_cell3,0,0
102Ah_45degC_0p5C_cell3,14,anchor_constant,86.448,103.01980392156864,103.01980392156864,16.571803921568645,20,persistent,102Ah_45degC_0p5C_cell3,0,0
102Ah_45degC_0p5C_cell3,14,age_ridge,86.448,103.01980392156864,84.85638222591163,-1.5916177740883626,20,persistent,102Ah_45degC_0p5C_cell3,0,0
102Ah_45degC_0p5C_cell3,14,fixed_window_ridge,86.448,103.01980392156864,84.85638222591163,-1.5916177740883626,20,persistent,102Ah_45degC_0p5C_cell3,0,0
102Ah_45degC_0p5C_cell3,14,mask_ridge,86.448,103.01980392156864,84.95944440943647,-1.4885555905635215,20,persistent,102Ah_45degC_0p5C_cell3,0,0
102Ah_45degC_0p5C_cell3,14,within_cell_ratio_ridge,86.448,103.01980392156864,84.85638222591163,-1.5916177740883626,20,persistent,102Ah_45degC_0p5C_cell3,0,0
102Ah_45degC_0p5C_cell3,14,rbf_residual,86.448,103.01980392156864,81.30059694091133,-5.14740305908866,20,persistent,102Ah_45degC_0p5C_cell3,0,0
102Ah_45degC_0p5C_cell3,15,anchor_constant,85.454,103.01980392156864,103.01980392156864,17.565803921568644,20,persistent,102Ah_45degC_0p5C_cell3,0,0
102Ah_45degC_0p5C_cell3,15,age_ridge,85.454,103.01980392156864,83.94021182407346,-1.5137881759265355,20,persistent,102Ah_45degC_0p5C_cell3,0,0
102Ah_45degC_0p5C_cell3,15,fixed_window_ridge,85.454,103.01980392156864,83.94021182407346,-1.5137881759265355,20,persistent,102Ah_45degC_0p5C_cell3,0,0
102Ah_45degC_0p5C_cell3,15,mask_ridge,85.454,103.01980392156864,84.12689312974152,-1.3271068702584756,20,persistent,102Ah_45degC_0p5C_cell3,0,0
102Ah_45degC_0p5C_cell3,15,within_cell_ratio_ridge,85.454,103.01980392156864,83.94021182407346,-1.5137881759265355,20,persistent,102Ah_45degC_0p5C_cell3,0,0
102Ah_45degC_0p5C_cell3,15,rbf_residual,85.454,103.01980392156864,81.34276959777856,-4.111230402221437,20,persistent,102Ah_45degC_0p5C_cell3,0,0
102Ah_45degC_0p5C_cell3,16,anchor_constant,84.767,103.01980392156864,103.01980392156864,18.252803921568642,20,persistent,102Ah_45degC_0p5C_cell3,1,0
102Ah_45degC_0p5C_cell3,16,age_ridge,84.767,103.01980392156864,83.74153623523941,-1.0254637647605875,20,persistent,102Ah_45degC_0p5C_cell3,1,0
102Ah_45degC_0p5C_cell3,16,fixed_window_ridge,84.767,103.01980392156864,83.74153623523941,-1.0254637647605875,20,persistent,102Ah_45degC_0p5C_cell3,1,0
102Ah_45degC_0p5C_cell3,16,mask_ridge,84.767,103.01980392156864,86.50395583151811,1.7369558315181166,20,persistent,102Ah_45degC_0p5C_cell3,1,0
102Ah_45degC_0p5C_cell3,16,within_cell_ratio_ridge,84.767,103.01980392156864,83.74153623523941,-1.0254637647605875,20,persistent,102Ah_45degC_0p5C_cell3,1,0
102Ah_45degC_0p5C_cell3,16,rbf_residual,84.767,103.01980392156864,82.89058345096254,-1.876416549037458,20,persistent,102Ah_45degC_0p5C_cell3,1,0
102Ah_45degC_0p5C_cell3,17,anchor_constant,83.861,103.01980392156864,103.01980392156864,19.158803921568634,20,persistent,102Ah_45degC_0p5C_cell3,1,0
102Ah_45degC_0p5C_cell3,17,age_ridge,83.861,103.01980392156864,83.21410802299728,-0.6468919770027242,20,persistent,102Ah_45degC_0p5C_cell3,1,0
102Ah_45degC_0p5C_cell3,17,fixed_window_ridge,83.861,103.01980392156864,83.21410802299728,-0.6468919770027242,20,persistent,102Ah_45degC_0p5C_cell3,1,0
102Ah_45degC_0p5C_cell3,17,mask_ridge,83.861,103.01980392156864,86.0166988046967,2.155698804696698,20,persistent,102Ah_45degC_0p5C_cell3,1,0
102Ah_45degC_0p5C_cell3,17,within_cell_ratio_ridge,83.861,103.01980392156864,83.21410802299728,-0.6468919770027242,20,persistent,102Ah_45degC_0p5C_cell3,1,0
102Ah_45degC_0p5C_cell3,17,rbf_residual,83.861,103.01980392156864,82.31785106106128,-1.543148938938728,20,persistent,102Ah_45degC_0p5C_cell3,1,0
102Ah_45degC_0p5C_cell3,18,anchor_constant,82.921,103.01980392156864,103.01980392156864,20.09880392156863,20,persistent,102Ah_45degC_0p5C_cell3,1,0
102Ah_45degC_0p5C_cell3,18,age_ridge,82.921,103.01980392156864,82.73552424476426,-0.18547575523574267,20,persistent,102Ah_45degC_0p5C_cell3,1,0
102Ah_45degC_0p5C_cell3,18,fixed_window_ridge,82.921,103.01980392156864,82.73552424476426,-0.18547575523574267,20,persistent,102Ah_45degC_0p5C_cell3,1,0
102Ah_45degC_0p5C_cell3,18,mask_ridge,82.921,103.01980392156864,82.91829350030461,-0.0027064996953924947,20,persistent,102Ah_45degC_0p5C_cell3,1,0
102Ah_45degC_0p5C_cell3,18,within_cell_ratio_ridge,82.921,103.01980392156864,82.73552424476426,-0.18547575523574267,20,persistent,102Ah_45degC_0p5C_cell3,1,0
102Ah_45degC_0p5C_cell3,18,rbf_residual,82.921,103.01980392156864,81.79540500211048,-1.1255949978895217,20,persistent,102Ah_45degC_0p5C_cell3,1,0
102Ah_45degC_0p5C_cell3,19,anchor_constant,81.859,103.01980392156864,103.01980392156864,21.160803921568643,20,persistent,102Ah_45degC_0p5C_cell3,1,0
102Ah_45degC_0p5C_cell3,19,age_ridge,81.859,103.01980392156864,82.26430440839127,0.4053044083912738,20,persistent,102Ah_45degC_0p5C_cell3,1,0
102Ah_45degC_0p5C_cell3,19,fixed_window_ridge,81.859,103.01980392156864,82.26430440839127,0.4053044083912738,20,persistent,102Ah_45degC_0p5C_cell3,1,0
102Ah_45degC_0p5C_cell3,19,mask_ridge,81.859,103.01980392156864,85.09972290185684,3.2407229018568415,20,persistent,102Ah_45degC_0p5C_cell3,1,0
102Ah_45degC_0p5C_cell3,19,within_cell_ratio_ridge,81.859,103.01980392156864,82.26430440839127,0.4053044083912738,20,persistent,102Ah_45degC_0p5C_cell3,1,0
102Ah_45degC_0p5C_cell3,19,rbf_residual,81.859,103.01980392156864,81.2826444027072,-0.576355597292789,20,persistent,102Ah_45degC_0p5C_cell3,1,0
102Ah_45degC_0p5C_cell3,20,anchor_constant,80.568,103.01980392156864,103.01980392156864,22.45180392156864,20,persistent,102Ah_45degC_0p5C_cell3,1,0
102Ah_45degC_0p5C_cell3,20,age_ridge,80.568,103.01980392156864,81.67807374466156,1.1100737446615625,20,persistent,102Ah_45degC_0p5C_cell3,1,0
102Ah_45degC_0p5C_cell3,20,fixed_window_ridge,80.568,103.01980392156864,81.67807374466156,1.1100737446615625,20,persistent,102Ah_45degC_0p5C_cell3,1,0
102Ah_45degC_0p5C_cell3,20,mask_ridge,80.568,103.01980392156864,81.90118171751115,1.3331817175111524,20,persistent,102Ah_45degC_0p5C_cell3,1,0
102Ah_45degC_0p5C_cell3,20,within_cell_ratio_ridge,80.568,103.01980392156864,81.67807374466156,1.1100737446615625,20,persistent,102Ah_45degC_0p5C_cell3,1,0
102Ah_45degC_0p5C_cell3,20,rbf_residual,80.568,103.01980392156864,80.65960697246072,0.09160697246072402,20,persistent,102Ah_45degC_0p5C_cell3,1,0
102Ah_45degC_0p5C_cell3,21,anchor_constant,78.862,103.01980392156864,103.01980392156864,24.157803921568643,20,persistent,102Ah_45degC_0p5C_cell3,1,0
102Ah_45degC_0p5C_cell3,21,age_ridge,78.862,103.01980392156864,81.05568880019018,2.1936888001901877,20,persistent,102Ah_45degC_0p5C_cell3,1,0
102Ah_45degC_0p5C_cell3,21,fixed_window_ridge,78.862,103.01980392156864,81.05568880019018,2.1936888001901877,20,persistent,102Ah_45degC_0p5C_cell3,1,0
102Ah_45degC_0p5C_cell3,21,mask_ridge,78.862,103.01980392156864,83.83746800900494,4.975468009004942,20,persistent,102Ah_45degC_0p5C_cell3,1,0
102Ah_45degC_0p5C_cell3,21,within_cell_ratio_ridge,78.862,103.01980392156864,81.05568880019018,2.1936888001901877,20,persistent,102Ah_45degC_0p5C_cell3,1,0
102Ah_45degC_0p5C_cell3,21,rbf_residual,78.862,103.01980392156864,80.00620448720592,1.1442044872059256,20,persistent,102Ah_45degC_0p5C_cell3,1,0
102Ah_45degC_0p5C_cell3,22,anchor_constant,77.351,103.01980392156864,103.01980392156864,25.66880392156864,20,persistent,102Ah_45degC_0p5C_cell3,1,0
102Ah_45degC_0p5C_cell3,22,age_ridge,77.351,103.01980392156864,80.60490108986198,3.2539010898619836,20,persistent,102Ah_45degC_0p5C_cell3,1,0
102Ah_45degC_0p5C_cell3,22,fixed_window_ridge,77.351,103.01980392156864,80.60490108986198,3.2539010898619836,20,persistent,102Ah_45degC_0p5C_cell3,1,0
102Ah_45degC_0p5C_cell3,22,mask_ridge,77.351,103.01980392156864,80.86896646827414,3.517966468274139,20,persistent,102Ah_45degC_0p5C_cell3,1,0
102Ah_45degC_0p5C_cell3,22,within_cell_ratio_ridge,77.351,103.01980392156864,80.60490108986198,3.2539010898619836,20,persistent,102Ah_45degC_0p5C_cell3,1,0
102Ah_45degC_0p5C_cell3,22,rbf_residual,77.351,103.01980392156864,79.51861181990606,2.167611819906057,20,persistent,102Ah_45degC_0p5C_cell3,1,0
102Ah_45degC_0p5C_cell3,23,anchor_constant,75.585,103.01980392156864,103.01980392156864,27.434803921568644,20,persistent,102Ah_45degC_0p5C_cell3,1,0
102Ah_45degC_0p5C_cell3,23,age_ridge,75.585,103.01980392156864,80.08235244435926,4.497352444359265,20,persistent,102Ah_45degC_0p5C_cell3,1,0
102Ah_45degC_0p5C_cell3,23,fixed_window_ridge,75.585,103.01980392156864,80.08235244435926,4.497352444359265,20,persistent,102Ah_45degC_0p5C_cell3,1,0
102Ah_45degC_0p5C_cell3,23,mask_ridge,75.585,103.01980392156864,82.91814354389263,7.333143543892632,20,persistent,102Ah_45degC_0p5C_cell3,1,0
102Ah_45degC_0p5C_cell3,23,within_cell_ratio_ridge,75.585,103.01980392156864,80.08235244435926,4.497352444359265,20,persistent,102Ah_45degC_0p5C_cell3,1,0
102Ah_45degC_0p5C_cell3,23,rbf_residual,75.585,103.01980392156864,78.96504492525942,3.3800449252594262,20,persistent,102Ah_45degC_0p5C_cell3,1,0
102Ah_45degC_0p5C_cell3,24,anchor_constant,73.377,103.01980392156864,103.01980392156864,29.642803921568643,20,persistent,102Ah_45degC_0p5C_cell3,1,0
102Ah_45degC_0p5C_cell3,24,age_ridge,73.377,103.01980392156864,79.33423210428921,5.9572321042892185,20,persistent,102Ah_45degC_0p5C_cell3,1,0
102Ah_45degC_0p5C_cell3,24,fixed_window_ridge,73.377,103.01980392156864,79.33423210428921,5.9572321042892185,20,persistent,102Ah_45degC_0p5C_cell3,1,0
102Ah_45degC_0p5C_cell3,24,mask_ridge,73.377,103.01980392156864,82.29087430316463,8.913874303164633,20,persistent,102Ah_45degC_0p5C_cell3,1,0
102Ah_45degC_0p5C_cell3,24,within_cell_ratio_ridge,73.377,103.01980392156864,79.33423210428921,5.9572321042892185,20,persistent,102Ah_45degC_0p5C_cell3,1,0
102Ah_45degC_0p5C_cell3,24,rbf_residual,73.377,103.01980392156864,78.20159494680027,4.824594946800275,20,persistent,102Ah_45degC_0p5C_cell3,1,0
102Ah_45degC_0p5C_cell3,25,anchor_constant,71.212,103.01980392156864,103.01980392156864,31.807803921568635,20,persistent,102Ah_45degC_0p5C_cell3,1,0
102Ah_45degC_0p5C_cell3,25,age_ridge,71.212,103.01980392156864,78.86741539044351,7.655415390443508,20,persistent,102Ah_45degC_0p5C_cell3,1,0
102Ah_45degC_0p5C_cell3,25,fixed_window_ridge,71.212,103.01980392156864,78.86741539044351,7.655415390443508,20,persistent,102Ah_45degC_0p5C_cell3,1,0
102Ah_45degC_0p5C_cell3,25,mask_ridge,71.212,103.01980392156864,79.19627780488631,7.984277804886304,20,persistent,102Ah_45degC_0p5C_cell3,1,0
102Ah_45degC_0p5C_cell3,25,within_cell_ratio_ridge,71.212,103.01980392156864,78.86741539044351,7.655415390443508,20,persistent,102Ah_45degC_0p5C_cell3,1,0
102Ah_45degC_0p5C_cell3,25,rbf_residual,71.212,103.01980392156864,77.70403735243849,6.492037352438487,20,persistent,102Ah_45degC_0p5C_cell3,1,0
102Ah_45degC_0p5C_cell3,26,anchor_constant,68.96,103.01980392156864,103.01980392156864,34.059803921568644,20,persistent,102Ah_45degC_0p5C_cell3,1,0
102Ah_45degC_0p5C_cell3,26,age_ridge,68.96,103.01980392156864,78.44710108453246,9.487101084532469,20,persistent,102Ah_45degC_0p5C_cell3,1,0
102Ah_45degC_0p5C_cell3,26,fixed_window_ridge,68.96,103.01980392156864,78.44710108453246,9.487101084532469,20,persistent,102Ah_45degC_0p5C_cell3,1,0
102Ah_45degC_0p5C_cell3,26,mask_ridge,68.96,103.01980392156864,78.79424954336935,9.834249543369353,20,persistent,102Ah_45degC_0p5C_cell3,1,0
102Ah_45degC_0p5C_cell3,26,within_cell_ratio_ridge,68.96,103.01980392156864,78.44710108453246,9.487101084532469,20,persistent,102Ah_45degC_0p5C_cell3,1,0
102Ah_45degC_0p5C_cell3,26,rbf_residual,68.96,103.01980392156864,77.2508236919909,8.290823691990909,20,persistent,102Ah_45degC_0p5C_cell3,1,0
102Ah_45degC_0p5C_cell3,27,anchor_constant,66.665,103.01980392156864,103.01980392156864,36.35480392156863,20,persistent,102Ah_45degC_0p5C_cell3,1,0
102Ah_45degC_0p5C_cell3,27,age_ridge,66.665,103.01980392156864,78.03160281070576,11.366602810705757,20,persistent,102Ah_45degC_0p5C_cell3,1,0
102Ah_45degC_0p5C_cell3,27,fixed_window_ridge,66.665,103.01980392156864,78.03160281070576,11.366602810705757,20,persistent,102Ah_45degC_0p5C_cell3,1,0
102Ah_45degC_0p5C_cell3,27,mask_ridge,66.665,103.01980392156864,80.95110990726292,14.286109907262912,20,persistent,102Ah_45degC_0p5C_cell3,1,0
102Ah_45degC_0p5C_cell3,27,within_cell_ratio_ridge,66.665,103.01980392156864,78.03160281070576,11.366602810705757,20,persistent,102Ah_45degC_0p5C_cell3,1,0
102Ah_45degC_0p5C_cell3,27,rbf_residual,66.665,103.01980392156864,76.80317186624674,10.138171866246736,20,persistent,102Ah_45degC_0p5C_cell3,1,0
102Ah_45degC_0p5C_cell3,28,anchor_constant,64.205,103.01980392156864,103.01980392156864,38.81480392156864,20,persistent,102Ah_45degC_0p5C_cell3,1,0
102Ah_45degC_0p5C_cell3,28,age_ridge,64.205,103.01980392156864,76.08852659631765,11.883526596317651,20,persistent,102Ah_45degC_0p5C_cell3,1,0
102Ah_45degC_0p5C_cell3,28,fixed_window_ridge,64.205,103.01980392156864,76.08852659631766,11.883526596317665,20,persistent,102Ah_45degC_0p5C_cell3,1,0
102Ah_45degC_0p5C_cell3,28,mask_ridge,64.205,103.01980392156864,79.22447253306547,15.019472533065468,20,persistent,102Ah_45degC_0p5C_cell3,1,0
102Ah_45degC_0p5C_cell3,28,within_cell_ratio_ridge,64.205,103.01980392156864,76.08852659631766,11.883526596317665,20,persistent,102Ah_45degC_0p5C_cell3,1,0
102Ah_45degC_0p5C_cell3,28,rbf_residual,64.205,103.01980392156864,74.50867570159802,10.303675701598024,20,persistent,102Ah_45degC_0p5C_cell3,1,0
102Ah_45degC_0p5C_cell3,29,anchor_constant,63.18,103.01980392156864,103.01980392156864,39.83980392156864,20,persistent,102Ah_45degC_0p5C_cell3,1,0
102Ah_45degC_0p5C_cell3,29,age_ridge,63.18,103.01980392156864,57.05969517261314,-6.12030482738686,20,persistent,102Ah_45degC_0p5C_cell3,1,0
102Ah_45degC_0p5C_cell3,29,fixed_window_ridge,63.18,103.01980392156864,57.05969517261315,-6.120304827386853,20,persistent,102Ah_45degC_0p5C_cell3,1,0
102Ah_45degC_0p5C_cell3,29,mask_ridge,63.18,103.01980392156864,63.16635943991061,-0.013640560089392295,20,persistent,102Ah_45degC_0p5C_cell3,1,0
102Ah_45degC_0p5C_cell3,29,within_cell_ratio_ridge,63.18,103.01980392156864,57.05969517261315,-6.120304827386853,20,persistent,102Ah_45degC_0p5C_cell3,1,0
102Ah_45degC_0p5C_cell3,29,rbf_residual,63.18,103.01980392156864,51.093414762187095,-12.086585237812905,20,persistent,102Ah_45degC_0p5C_cell3,1,0
102Ah_45degC_0p5C_cell3,30,anchor_constant,61.901,103.01980392156864,103.01980392156864,41.118803921568635,20,persistent,102Ah_45degC_0p5C_cell3,1,0
102Ah_45degC_0p5C_cell3,30,age_ridge,61.901,103.01980392156864,77.22140542182854,15.320405421828532,20,persistent,102Ah_45degC_0p5C_cell3,1,0
102Ah_45degC_0p5C_cell3,30,fixed_window_ridge,61.901,103.01980392156864,77.22140542182854,15.320405421828532,20,persistent,102Ah_45degC_0p5C_cell3,1,0
102Ah_45degC_0p5C_cell3,30,mask_ridge,61.901,103.01980392156864,80.11539369510763,18.214393695107624,20,persistent,102Ah_45degC_0p5C_cell3,1,0
102Ah_45degC_0p5C_cell3,30,within_cell_ratio_ridge,61.901,103.01980392156864,77.22140542182854,15.320405421828532,20,persistent,102Ah_45degC_0p5C_cell3,1,0
102Ah_45degC_0p5C_cell3,30,rbf_residual,61.901,103.01980392156864,75.98329393118293,14.082293931182924,20,persistent,102Ah_45degC_0p5C_cell3,1,0
102Ah_45degC_1C_cell1,1,anchor_constant,98.462,102.61176470588235,102.61176470588235,4.1497647058823475,20,persistent,102Ah_45degC_1C_cell1,0,0
102Ah_45degC_1C_cell1,1,age_ridge,98.462,102.61176470588235,98.2272080859684,-0.2347919140316037,20,persistent,102Ah_45degC_1C_cell1,0,0
102Ah_45degC_1C_cell1,1,fixed_window_ridge,98.462,102.61176470588235,97.87539793578696,-0.5866020642130394,20,persistent,102Ah_45degC_1C_cell1,0,0
102Ah_45degC_1C_cell1,1,mask_ridge,98.462,102.61176470588235,97.81161659900168,-0.6503834009983223,20,persistent,102Ah_45degC_1C_cell1,0,0
102Ah_45degC_1C_cell1,1,within_cell_ratio_ridge,98.462,102.61176470588235,97.93454657698025,-0.5274534230197503,20,persistent,102Ah_45degC_1C_cell1,0,0
102Ah_45degC_1C_cell1,1,rbf_residual,98.462,102.61176470588235,99.72755356969671,1.2655535696967064,20,persistent,102Ah_45degC_1C_cell1,0,0
102Ah_45degC_1C_cell1,2,anchor_constant,97.488,102.61176470588235,102.61176470588235,5.123764705882351,20,persistent,102Ah_45degC_1C_cell1,0,0
102Ah_45degC_1C_cell1,2,age_ridge,97.488,102.61176470588235,97.1696044124273,-0.31839558757269515,20,persistent,102Ah_45degC_1C_cell1,0,0
102Ah_45degC_1C_cell1,2,fixed_window_ridge,97.488,102.61176470588235,96.85357190304504,-0.6344280969549629,20,persistent,102Ah_45degC_1C_cell1,0,0
102Ah_45degC_1C_cell1,2,mask_ridge,97.488,102.61176470588235,96.78890741607185,-0.6990925839281488,20,persistent,102Ah_45degC_1C_cell1,0,0
102Ah_45degC_1C_cell1,2,within_cell_ratio_ridge,97.488,102.61176470588235,96.9231396690786,-0.5648603309214053,20,persistent,102Ah_45degC_1C_cell1,0,0
102Ah_45degC_1C_cell1,2,rbf_residual,97.488,102.61176470588235,98.59850103840262,1.1105010384026173,20,persistent,102Ah_45degC_1C_cell1,0,0
102Ah_45degC_1C_cell1,3,anchor_constant,96.668,102.61176470588235,102.61176470588235,5.943764705882344,20,persistent,102Ah_45degC_1C_cell1,0,0
102Ah_45degC_1C_cell1,3,age_ridge,96.668,102.61176470588235,96.37307011244333,-0.2949298875566768,20,persistent,102Ah_45degC_1C_cell1,0,0
102Ah_45degC_1C_cell1,3,fixed_window_ridge,96.668,102.61176470588235,96.08699114113175,-0.5810088588682589,20,persistent,102Ah_45degC_1C_cell1,0,0
102Ah_45degC_1C_cell1,3,mask_ridge,96.668,102.61176470588235,96.02431298522775,-0.6436870147722544,20,persistent,102Ah_45degC_1C_cell1,0,0
102Ah_45degC_1C_cell1,3,within_cell_ratio_ridge,96.668,102.61176470588235,96.16214684196837,-0.5058531580316412,20,persistent,102Ah_45degC_1C_cell1,0,0
102Ah_45degC_1C_cell1,3,rbf_residual,96.668,102.61176470588235,97.62130437197592,0.9533043719759178,20,persistent,102Ah_45degC_1C_cell1,0,0
102Ah_45degC_1C_cell1,4,anchor_constant,96.07,102.61176470588235,102.61176470588235,6.541764705882358,20,persistent,102Ah_45degC_1C_cell1,0,0
102Ah_45degC_1C_cell1,4,age_ridge,96.07,102.61176470588235,95.70788546690005,-0.3621145330999411,20,persistent,102Ah_45degC_1C_cell1,0,0
102Ah_45degC_1C_cell1,4,fixed_window_ridge,96.07,102.61176470588235,95.44886213092767,-0.6211378690723279,20,persistent,102Ah_45degC_1C_cell1,0,0
102Ah_45degC_1C_cell1,4,mask_ridge,96.07,102.61176470588235,95.38960206498118,-0.6803979350188172,20,persistent,102Ah_45degC_1C_cell1,0,0
102Ah_45degC_1C_cell1,4,within_cell_ratio_ridge,96.07,102.61176470588235,95.52721283243446,-0.5427871675655354,20,persistent,102Ah_45degC_1C_cell1,0,0
102Ah_45degC_1C_cell1,4,rbf_residual,96.07,102.61176470588235,96.86549499689811,0.795494996898114,20,persistent,102Ah_45degC_1C_cell1,0,0
102Ah_45degC_1C_cell1,5,anchor_constant,95.532,102.61176470588235,102.61176470588235,7.079764705882354,20,persistent,102Ah_45degC_1C_cell1,0,0
102Ah_45degC_1C_cell1,5,age_ridge,95.532,102.61176470588235,95.03657290612666,-0.4954270938733316,20,persistent,102Ah_45degC_1C_cell1,0,0
102Ah_45degC_1C_cell1,5,fixed_window_ridge,95.532,102.61176470588235,94.80744625002987,-0.7245537499701271,20,persistent,102Ah_45degC_1C_cell1,0,0
102Ah_45degC_1C_cell1,5,mask_ridge,95.532,102.61176470588235,94.75231645219111,-0.7796835478088866,20,persistent,102Ah_45degC_1C_cell1,0,0
102Ah_45degC_1C_cell1,5,within_cell_ratio_ridge,95.532,102.61176470588235,94.88813968351214,-0.64386031648786,20,persistent,102Ah_45degC_1C_cell1,0,0
102Ah_45degC_1C_cell1,5,rbf_residual,95.532,102.61176470588235,96.22083032938396,0.6888303293839613,20,persistent,102Ah_45degC_1C_cell1,0,0
102Ah_45degC_1C_cell1,6,anchor_constant,95.047,102.61176470588235,102.61176470588235,7.564764705882354,20,persistent,102Ah_45degC_1C_cell1,0,0
102Ah_45degC_1C_cell1,6,age_ridge,95.047,102.61176470588235,94.5240044808537,-0.522995519146292,20,persistent,102Ah_45degC_1C_cell1,0,0
102Ah_45degC_1C_cell1,6,fixed_window_ridge,95.047,102.61176470588235,94.31862158036054,-0.7283784196394549,20,persistent,102Ah_45degC_1C_cell1,0,0
102Ah_45degC_1C_cell1,6,mask_ridge,95.047,102.61176470588235,94.26860552599983,-0.7783944740001658,20,persistent,102Ah_45degC_1C_cell1,0,0
102Ah_45degC_1C_cell1,6,within_cell_ratio_ridge,95.047,102.61176470588235,94.39967245041196,-0.6473275495880415,20,persistent,102Ah_45degC_1C_cell1,0,0
102Ah_45degC_1C_cell1,6,rbf_residual,95.047,102.61176470588235,95.59980213009071,0.5528021300907113,20,persistent,102Ah_45degC_1C_cell1,0,0
102Ah_45degC_1C_cell1,7,anchor_constant,94.61,102.61176470588235,102.61176470588235,8.001764705882351,20,persistent,102Ah_45degC_1C_cell1,0,0
102Ah_45degC_1C_cell1,7,age_ridge,94.61,102.61176470588235,94.01147173201626,-0.5985282679837383,20,persistent,102Ah_45degC_1C_cell1,0,0
102Ah_45degC_1C_cell1,7,fixed_window_ridge,94.61,102.61176470588235,93.8314092437181,-0.7785907562819006,20,persistent,102Ah_45degC_1C_cell1,0,0
102Ah_45degC_1C_cell1,7,mask_ridge,94.61,102.61176470588235,93.7869728626402,-0.8230271373598015,20,persistent,102Ah_45degC_1C_cell1,0,0
102Ah_45degC_1C_cell1,7,within_cell_ratio_ridge,94.61,102.61176470588235,93.91222849470668,-0.6977715052933178,20,persistent,102Ah_45degC_1C_cell1,0,0
102Ah_45degC_1C_cell1,7,rbf_residual,94.61,102.61176470588235,94.97570516720977,0.365705167209768,20,persistent,102Ah_45degC_1C_cell1,0,0
102Ah_45degC_1C_cell1,8,anchor_constant,94.15,102.61176470588235,102.61176470588235,8.461764705882345,20,persistent,102Ah_45degC_1C_cell1,0,0
102Ah_45degC_1C_cell1,8,age_ridge,94.15,102.61176470588235,93.5617779955713,-0.588222004428701,20,persistent,102Ah_45degC_1C_cell1,0,0
102Ah_45degC_1C_cell1,8,fixed_window_ridge,94.15,102.61176470588235,93.40452183158142,-0.745478168418586,20,persistent,102Ah_45degC_1C_cell1,0,0
102Ah_45degC_1C_cell1,8,mask_ridge,94.15,102.61176470588235,93.36600690703683,-0.783993092963172,20,persistent,102Ah_45degC_1C_cell1,0,0
102Ah_45degC_1C_cell1,8,within_cell_ratio_ridge,94.15,102.61176470588235,93.48440935605767,-0.6655906439423376,20,persistent,102Ah_45degC_1C_cell1,0,0
102Ah_45degC_1C_cell1,8,rbf_residual,94.15,102.61176470588235,94.4909733579464,0.34097335794639605,20,persistent,102Ah_45degC_1C_cell1,0,0
102Ah_45degC_1C_cell1,9,anchor_constant,93.732,102.61176470588235,102.61176470588235,8.879764705882351,20,persistent,102Ah_45degC_1C_cell1,0,0
102Ah_45degC_1C_cell1,9,age_ridge,93.732,102.61176470588235,93.14212902482954,-0.5898709751704558,20,persistent,102Ah_45degC_1C_cell1,0,0
102Ah_45degC_1C_cell1,9,fixed_window_ridge,93.732,102.61176470588235,93.00691038264756,-0.7250896173524382,20,persistent,102Ah_45degC_1C_cell1,0,0
102Ah_45degC_1C_cell1,9,mask_ridge,93.732,102.61176470588235,92.97463216505331,-0.7573678349466917,20,persistent,102Ah_45degC_1C_cell1,0,0
102Ah_45degC_1C_cell1,9,within_cell_ratio_ridge,93.732,102.61176470588235,93.08531425069874,-0.6466857493012554,20,persistent,102Ah_45degC_1C_cell1,0,0
102Ah_45degC_1C_cell1,9,rbf_residual,93.732,102.61176470588235,93.9468656720116,0.214865672011598,20,persistent,102Ah_45degC_1C_cell1,0,0
102Ah_45degC_1C_cell1,10,anchor_constant,93.34,102.61176470588235,102.61176470588235,9.271764705882347,20,persistent,102Ah_45degC_1C_cell1,0,0
102Ah_45degC_1C_cell1,10,age_ridge,93.34,102.61176470588235,92.751205104721,-0.5887948952790083,20,persistent,102Ah_45degC_1C_cell1,0,0
102Ah_45degC_1C_cell1,10,fixed_window_ridge,93.34,102.61176470588235,92.6369264972901,-0.7030735027098984,20,persistent,102Ah_45degC_1C_cell1,0,0
102Ah_45degC_1C_cell1,10,mask_ridge,93.34,102.61176470588235,92.61104975444405,-0.72895024555595,20,persistent,102Ah_45degC_1C_cell1,0,0
102Ah_45degC_1C_cell1,10,within_cell_ratio_ridge,93.34,102.61176470588235,92.71352300268839,-0.6264769973116131,20,persistent,102Ah_45degC_1C_cell1,0,0
102Ah_45degC_1C_cell1,10,rbf_residual,93.34,102.61176470588235,93.56695065168863,0.22695065168862527,20,persistent,102Ah_45degC_1C_cell1,0,0
102Ah_45degC_1C_cell1,11,anchor_constant,92.94,102.61176470588235,102.61176470588235,9.671764705882353,20,persistent,102Ah_45degC_1C_cell1,0,0
102Ah_45degC_1C_cell1,11,age_ridge,92.94,102.61176470588235,92.36241279155519,-0.577587208444811,20,persistent,102Ah_45degC_1C_cell1,0,0
102Ah_45degC_1C_cell1,11,fixed_window_ridge,92.94,102.61176470588235,92.2698198283638,-0.6701801716362041,20,persistent,102Ah_45degC_1C_cell1,0,0
102Ah_45degC_1C_cell1,11,mask_ridge,92.94,102.61176470588235,92.25061660402223,-0.6893833959777709,20,persistent,102Ah_45degC_1C_cell1,0,0
102Ah_45degC_1C_cell1,11,within_cell_ratio_ridge,92.94,102.61176470588235,92.34423996995554,-0.5957600300444597,20,persistent,102Ah_45degC_1C_cell1,0,0
102Ah_45degC_1C_cell1,11,rbf_residual,92.94,102.61176470588235,93.02597775009112,0.08597775009111785,20,persistent,102Ah_45degC_1C_cell1,0,0
102Ah_45degC_1C_cell1,12,anchor_constant,92.564,102.61176470588235,102.61176470588235,10.047764705882358,20,persistent,102Ah_45degC_1C_cell1,0,0
102Ah_45degC_1C_cell1,12,age_ridge,92.564,102.61176470588235,92.00250389173371,-0.561496108266283,20,persistent,102Ah_45degC_1C_cell1,0,0
102Ah_45degC_1C_cell1,12,fixed_window_ridge,92.564,102.61176470588235,91.93021825122705,-0.6337817487729467,20,persistent,102Ah_45degC_1C_cell1,0,0
102Ah_45degC_1C_cell1,12,mask_ridge,92.564,102.61176470588235,91.91778970135512,-0.6462102986448741,20,persistent,102Ah_45degC_1C_cell1,0,0
102Ah_45degC_1C_cell1,12,within_cell_ratio_ridge,92.564,102.61176470588235,92.0022006074439,-0.5617993925560967,20,persistent,102Ah_45degC_1C_cell1,0,0
102Ah_45degC_1C_cell1,12,rbf_residual,92.564,102.61176470588235,92.50864089123259,-0.05535910876740502,20,persistent,102Ah_45degC_1C_cell1,0,0
102Ah_45degC_1C_cell1,13,anchor_constant,92.197,102.61176470588235,102.61176470588235,10.414764705882348,20,persistent,102Ah_45degC_1C_cell1,0,0
102Ah_45degC_1C_cell1,13,age_ridge,92.197,102.61176470588235,91.65165834097365,-0.5453416590263487,20,persistent,102Ah_45degC_1C_cell1,0,0
102Ah_45degC_1C_cell1,13,fixed_window_ridge,92.197,102.61176470588235,91.59954475881887,-0.5974552411811374,20,persistent,102Ah_45degC_1C_cell1,0,0
102Ah_45degC_1C_cell1,13,mask_ridge,92.197,102.61176470588235,91.59399241348922,-0.6030075865107847,20,persistent,102Ah_45degC_1C_cell1,0,0
102Ah_45degC_1C_cell1,13,within_cell_ratio_ridge,92.197,102.61176470588235,91.6689380037756,-0.5280619962244089,20,persistent,102Ah_45degC_1C_cell1,0,0
102Ah_45degC_1C_cell1,13,rbf_residual,92.197,102.61176470588235,92.16197624895483,-0.03502375104517341,20,persistent,102Ah_45degC_1C_cell1,0,0
102Ah_45degC_1C_cell1,14,anchor_constant,91.821,102.61176470588235,102.61176470588235,10.790764705882353,20,persistent,102Ah_45degC_1C_cell1,0,0
102Ah_45degC_1C_cell1,14,age_ridge,91.821,102.61176470588235,91.28705772827209,-0.5339422717279092,20,persistent,102Ah_45degC_1C_cell1,0,0
102Ah_45degC_1C_cell1,14,fixed_window_ridge,91.821,102.61176470588235,91.25691087814283,-0.5640891218571653,20,persistent,102Ah_45degC_1C_cell1,0,0
102Ah_45degC_1C_cell1,14,mask_ridge,91.821,102.61176470588235,91.25853763726167,-0.5624623627383301,20,persistent,102Ah_45degC_1C_cell1,0,0
102Ah_45degC_1C_cell1,14,within_cell_ratio_ridge,91.821,102.61176470588235,91.32337981458171,-0.4976201854182847,20,persistent,102Ah_45degC_1C_cell1,0,0
102Ah_45degC_1C_cell1,14,rbf_residual,91.821,102.61176470588235,91.62790816857992,-0.1930918314200767,20,persistent,102Ah_45degC_1C_cell1,0,0
102Ah_45degC_1C_cell1,15,anchor_constant,91.424,102.61176470588235,102.61176470588235,11.187764705882344,20,persistent,102Ah_45degC_1C_cell1,0,0
102Ah_45degC_1C_cell1,15,age_ridge,91.424,102.61176470588235,90.94837141772976,-0.4756285822702466,20,persistent,102Ah_45degC_1C_cell1,0,0
102Ah_45degC_1C_cell1,15,fixed_window_ridge,91.424,102.61176470588235,90.93861844148267,-0.4853815585173322,20,persistent,102Ah_45degC_1C_cell1,0,0
102Ah_45degC_1C_cell1,15,mask_ridge,91.424,102.61176470588235,90.94739888566959,-0.4766011143304212,20,persistent,102Ah_45degC_1C_cell1,0,0
102Ah_45degC_1C_cell1,15,within_cell_ratio_ridge,91.424,102.61176470588235,91.00209323297992,-0.42190676702009,20,persistent,102Ah_45degC_1C_cell1,0,0
102Ah_45degC_1C_cell1,15,rbf_residual,91.424,102.61176470588235,91.32310692410002,-0.10089307589998953,20,persistent,102Ah_45degC_1C_cell1,0,0
102Ah_45degC_1C_cell1,16,anchor_constant,90.943,102.61176470588235,102.61176470588235,11.668764705882353,20,persistent,102Ah_45degC_1C_cell1,0,0
102Ah_45degC_1C_cell1,16,age_ridge,90.943,102.61176470588235,90.44568374884082,-0.49731625115917666,20,persistent,102Ah_45degC_1C_cell1,0,0
102Ah_45degC_1C_cell1,16,fixed_window_ridge,90.943,102.61176470588235,90.4710352028023,-0.4719647971976997,20,persistent,102Ah_45degC_1C_cell1,0,0
102Ah_45degC_1C_cell1,16,mask_ridge,90.943,102.61176470588235,90.48853350742152,-0.4544664925784758,20,persistent,102Ah_45degC_1C_cell1,0,0
102Ah_45degC_1C_cell1,16,within_cell_ratio_ridge,90.943,102.61176470588235,90.53035074169296,-0.4126492583070416,20,persistent,102Ah_45degC_1C_cell1,0,0
102Ah_45degC_1C_cell1,16,rbf_residual,90.943,102.61176470588235,90.4884477303298,-0.45455226967020224,20,persistent,102Ah_45degC_1C_cell1,0,0
102Ah_45degC_1C_cell1,17,anchor_constant,90.603,102.61176470588235,102.61176470588235,12.008764705882356,20,persistent,102Ah_45degC_1C_cell1,0,0
102Ah_45degC_1C_cell1,17,age_ridge,90.603,102.61176470588235,90.13604975648752,-0.4669502435124713,20,persistent,102Ah_45degC_1C_cell1,0,0
102Ah_45degC_1C_cell1,17,fixed_window_ridge,90.603,102.61176470588235,90.18062500609287,-0.42237499390712685,20,persistent,102Ah_45degC_1C_cell1,0,0
102Ah_45degC_1C_cell1,17,mask_ridge,90.603,102.61176470588235,90.20544167235731,-0.3975583276426846,20,persistent,102Ah_45degC_1C_cell1,0,0
102Ah_45degC_1C_cell1,17,within_cell_ratio_ridge,90.603,102.61176470588235,90.23660486920203,-0.3663951307979687,20,persistent,102Ah_45degC_1C_cell1,0,0
102Ah_45degC_1C_cell1,17,rbf_residual,90.603,102.61176470588235,90.21049333890572,-0.39250666109427357,20,persistent,102Ah_45degC_1C_cell1,0,0
102Ah_45degC_1C_cell1,18,anchor_constant,90.278,102.61176470588235,102.61176470588235,12.333764705882345,20,persistent,102Ah_45degC_1C_cell1,0,0
102Ah_45degC_1C_cell1,18,age_ridge,90.278,102.61176470588235,89.82605689240042,-0.45194310759958967,20,persistent,102Ah_45degC_1C_cell1,0,0
102Ah_45degC_1C_cell1,18,fixed_window_ridge,90.278,102.61176470588235,89.89017014161224,-0.38782985838776085,20,persistent,102Ah_45degC_1C_cell1,0,0
102Ah_45degC_1C_cell1,18,mask_ridge,90.278,102.61176470588235,88.71801270453948,-1.5599872954605303,20,persistent,102Ah_45degC_1C_cell1,0,0
102Ah_45degC_1C_cell1,18,within_cell_ratio_ridge,90.278,102.61176470588235,89.94276735163298,-0.3352326483670254,20,persistent,102Ah_45degC_1C_cell1,0,0
102Ah_45degC_1C_cell1,18,rbf_residual,90.278,102.61176470588235,88.81921821979829,-1.4587817802017184,20,persistent,102Ah_45degC_1C_cell1,0,0
102Ah_45degC_1C_cell1,19,anchor_constant,89.822,102.61176470588235,102.61176470588235,12.789764705882348,20,persistent,102Ah_45degC_1C_cell1,0,0
102Ah_45degC_1C_cell1,19,age_ridge,89.822,102.61176470588235,89.52337897521468,-0.2986210247853194,20,persistent,102Ah_45degC_1C_cell1,0,0
102Ah_45degC_1C_cell1,19,fixed_window_ridge,89.822,102.61176470588235,89.60701402192362,-0.21498597807638475,20,persistent,102Ah_45degC_1C_cell1,0,0
102Ah_45degC_1C_cell1,19,mask_ridge,89.822,102.61176470588235,87.63013309512523,-2.1918669048747716,20,persistent,102Ah_45degC_1C_cell1,0,0
102Ah_45degC_1C_cell1,19,within_cell_ratio_ridge,89.822,102.61176470588235,89.65588656059695,-0.16611343940304835,20,persistent,102Ah_45degC_1C_cell1,0,0
102Ah_45degC_1C_cell1,19,rbf_residual,89.822,102.61176470588235,89.45451660308629,-0.36748339691371257,20,persistent,102Ah_45degC_1C_cell1,0,0
102Ah_45degC_1C_cell1,20,anchor_constant,89.494,102.61176470588235,102.61176470588235,13.117764705882351,20,persistent,102Ah_45degC_1C_cell1,0,0
102Ah_45degC_1C_cell1,20,age_ridge,89.494,102.61176470588235,89.18003371368954,-0.3139662863104604,20,persistent,102Ah_45degC_1C_cell1,0,0
102Ah_45degC_1C_cell1,20,fixed_window_ridge,89.494,102.61176470588235,89.28732022808403,-0.2066797719159723,20,persistent,102Ah_45degC_1C_cell1,0,0
102Ah_45degC_1C_cell1,20,mask_ridge,89.494,102.61176470588235,89.33512925541781,-0.1588707445821882,20,persistent,102Ah_45degC_1C_cell1,0,0
102Ah_45degC_1C_cell1,20,within_cell_ratio_ridge,89.494,102.61176470588235,89.33207925634991,-0.1619207436500858,20,persistent,102Ah_45degC_1C_cell1,0,0
102Ah_45degC_1C_cell1,20,rbf_residual,89.494,102.61176470588235,88.8060288862018,-0.6879711137981985,20,persistent,102Ah_45degC_1C_cell1,0,0
102Ah_45degC_1C_cell1,21,anchor_constant,89.036,102.61176470588235,102.61176470588235,13.57576470588235,20,persistent,102Ah_45degC_1C_cell1,0,0
102Ah_45degC_1C_cell1,21,age_ridge,89.036,102.61176470588235,88.7816635637862,-0.254336436213805,20,persistent,102Ah_45degC_1C_cell1,0,0
102Ah_45degC_1C_cell1,21,fixed_window_ridge,89.036,102.61176470588235,88.91842049996622,-0.11757950003378426,20,persistent,102Ah_45degC_1C_cell1,0,0
102Ah_45degC_1C_cell1,21,mask_ridge,89.036,102.61176470588235,87.35930136051873,-1.6766986394812733,20,persistent,102Ah_45degC_1C_cell1,0,0
102Ah_45degC_1C_cell1,21,within_cell_ratio_ridge,89.036,102.61176470588235,88.95842414015112,-0.07757585984887783,20,persistent,102Ah_45degC_1C_cell1,0,0
102Ah_45degC_1C_cell1,21,rbf_residual,89.036,102.61176470588235,88.18450703406062,-0.8514929659393857,20,persistent,102Ah_45degC_1C_cell1,0,0
102Ah_45degC_1C_cell1,22,anchor_constant,88.696,102.61176470588235,102.61176470588235,13.915764705882353,20,persistent,102Ah_45degC_1C_cell1,0,0
102Ah_45degC_1C_cell1,22,age_ridge,88.696,102.61176470588235,88.49816352857744,-0.197836471422562,20,persistent,102Ah_45degC_1C_cell1,0,0
102Ah_45degC_1C_cell1,22,fixed_window_ridge,88.696,102.61176470588235,88.65369541332088,-0.042304586679122735,20,persistent,102Ah_45degC_1C_cell1,0,0
102Ah_45degC_1C_cell1,22,mask_ridge,88.696,102.61176470588235,88.71793808651375,0.021938086513756616,20,persistent,102Ah_45degC_1C_cell1,0,0
102Ah_45degC_1C_cell1,22,within_cell_ratio_ridge,88.696,102.61176470588235,88.68979482172145,-0.0062051782785488285,20,persistent,102Ah_45degC_1C_cell1,0,0
102Ah_45degC_1C_cell1,22,rbf_residual,88.696,102.61176470588235,87.42104056125768,-1.2749594387423144,20,persistent,102Ah_45degC_1C_cell1,0,0
102Ah_45degC_1C_cell1,23,anchor_constant,88.347,102.61176470588235,102.61176470588235,14.264764705882357,20,persistent,102Ah_45degC_1C_cell1,0,0
102Ah_45degC_1C_cell1,23,age_ridge,88.347,102.61176470588235,88.2217921903501,-0.12520780964989342,20,persistent,102Ah_45degC_1C_cell1,0,0
102Ah_45degC_1C_cell1,23,fixed_window_ridge,88.347,102.61176470588235,88.39557051536515,0.04857051536515655,20,persistent,102Ah_45degC_1C_cell1,0,0
102Ah_45degC_1C_cell1,23,mask_ridge,88.347,102.61176470588235,86.89228088597086,-1.4547191140291318,20,persistent,102Ah_45degC_1C_cell1,0,0
102Ah_45degC_1C_cell1,23,within_cell_ratio_ridge,88.347,102.61176470588235,88.42781092388505,0.0808109238850534,20,persistent,102Ah_45degC_1C_cell1,0,0
102Ah_45degC_1C_cell1,23,rbf_residual,88.347,102.61176470588235,87.51175535065025,-0.8352446493497467,20,persistent,102Ah_45degC_1C_cell1,0,0
102Ah_45degC_1C_cell1,24,anchor_constant,88.0,102.61176470588235,102.61176470588235,14.61176470588235,20,persistent,102Ah_45degC_1C_cell1,0,0
102Ah_45degC_1C_cell1,24,age_ridge,88.0,102.61176470588235,87.95093937091912,-0.049060629080884155,20,persistent,102Ah_45degC_1C_cell1,0,0
102Ah_45degC_1C_cell1,24,fixed_window_ridge,88.0,102.61176470588235,88.14263792912148,0.1426379291214772,20,persistent,102Ah_45degC_1C_cell1,0,0
102Ah_45degC_1C_cell1,24,mask_ridge,88.0,102.61176470588235,86.73847511732,-1.261524882680007,20,persistent,102Ah_45degC_1C_cell1,0,0
102Ah_45degC_1C_cell1,24,within_cell_ratio_ridge,88.0,102.61176470588235,88.17099182612355,0.17099182612355435,20,persistent,102Ah_45degC_1C_cell1,0,0
102Ah_45degC_1C_cell1,24,rbf_residual,88.0,102.61176470588235,86.96148926932712,-1.0385107306728827,20,persistent,102Ah_45degC_1C_cell1,0,0
102Ah_45degC_1C_cell1,25,anchor_constant,87.625,102.61176470588235,102.61176470588235,14.98676470588235,20,persistent,102Ah_45degC_1C_cell1,0,0
102Ah_45degC_1C_cell1,25,age_ridge,87.625,102.61176470588235,87.68051367006345,0.05551367006344776,20,persistent,102Ah_45degC_1C_cell1,0,0
102Ah_45degC_1C_cell1,25,fixed_window_ridge,87.625,102.61176470588235,87.89036455843909,0.2653645584390887,20,persistent,102Ah_45degC_1C_cell1,0,0
102Ah_45degC_1C_cell1,25,mask_ridge,87.625,102.61176470588235,87.97753744053324,0.35253744053324,20,persistent,102Ah_45degC_1C_cell1,0,0
102Ah_45degC_1C_cell1,25,within_cell_ratio_ridge,87.625,102.61176470588235,87.91470148791348,0.28970148791347583,20,persistent,102Ah_45degC_1C_cell1,0,0
102Ah_45degC_1C_cell1,25,rbf_residual,87.625,102.61176470588235,86.34122010170735,-1.28377989829265,20,persistent,102Ah_45degC_1C_cell1,0,0
102Ah_45degC_1C_cell1,26,anchor_constant,87.258,102.61176470588235,102.61176470588235,15.353764705882355,20,persistent,102Ah_45degC_1C_cell1,0,0
102Ah_45degC_1C_cell1,26,age_ridge,87.258,102.61176470588235,87.41268718850728,0.1546871885072818,20,persistent,102Ah_45degC_1C_cell1,0,0
102Ah_45degC_1C_cell1,26,fixed_window_ridge,87.258,102.61176470588235,87.6407103724174,0.3827103724174066,20,persistent,102Ah_45degC_1C_cell1,0,0
102Ah_45degC_1C_cell1,26,mask_ridge,87.258,102.61176470588235,86.34984568890572,-0.9081543110942789,20,persistent,102Ah_45degC_1C_cell1,0,0
102Ah_45degC_1C_cell1,26,within_cell_ratio_ridge,87.258,102.61176470588235,87.66104963131278,0.4030496313127827,20,persistent,102Ah_45degC_1C_cell1,0,0
102Ah_45degC_1C_cell1,26,rbf_residual,87.258,102.61176470588235,86.23608656165888,-1.021913438341116,20,persistent,102Ah_45degC_1C_cell1,0,0
102Ah_45degC_1C_cell1,27,anchor_constant,86.915,102.61176470588235,102.61176470588235,15.696764705882345,20,persistent,102Ah_45degC_1C_cell1,0,0
102Ah_45degC_1C_cell1,27,age_ridge,86.915,102.61176470588235,87.11340946513981,0.19840946513980384,20,persistent,102Ah_45degC_1C_cell1,0,0
102Ah_45degC_1C_cell1,27,fixed_window_ridge,86.915,102.61176470588235,87.36309222791641,0.4480922279164048,20,persistent,102Ah_45degC_1C_cell1,0,0
102Ah_45degC_1C_cell1,27,mask_ridge,86.915,102.61176470588235,86.05262366265436,-0.8623763373456512,20,persistent,102Ah_45degC_1C_cell1,0,0
102Ah_45degC_1C_cell1,27,within_cell_ratio_ridge,86.915,102.61176470588235,87.3788819277822,0.4638819277821966,20,persistent,102Ah_45degC_1C_cell1,0,0
102Ah_45degC_1C_cell1,27,rbf_residual,86.915,102.61176470588235,86.08727413693487,-0.8277258630651403,20,persistent,102Ah_45degC_1C_cell1,0,0
102Ah_45degC_1C_cell1,28,anchor_constant,86.361,102.61176470588235,102.61176470588235,16.250764705882347,20,persistent,102Ah_45degC_1C_cell1,0,0
102Ah_45degC_1C_cell1,28,age_ridge,86.361,102.61176470588235,86.66944767650149,0.30844767650148697,20,persistent,102Ah_45degC_1C_cell1,0,0
102Ah_45degC_1C_cell1,28,fixed_window_ridge,86.361,102.61176470588235,86.95695767908367,0.5959576790836678,20,persistent,102Ah_45degC_1C_cell1,0,0
102Ah_45degC_1C_cell1,28,mask_ridge,86.361,102.61176470588235,87.07034774709442,0.7093477470944123,20,persistent,102Ah_45degC_1C_cell1,0,0
102Ah_45degC_1C_cell1,28,within_cell_ratio_ridge,86.361,102.61176470588235,86.96615071145077,0.6051507114507615,20,persistent,102Ah_45degC_1C_cell1,0,0
102Ah_45degC_1C_cell1,28,rbf_residual,86.361,102.61176470588235,85.01799425555285,-1.3430057444471544,20,persistent,102Ah_45degC_1C_cell1,0,0
102Ah_45degC_1C_cell1,29,anchor_constant,85.894,102.61176470588235,102.61176470588235,16.717764705882345,20,persistent,102Ah_45degC_1C_cell1,0,0
102Ah_45degC_1C_cell1,29,age_ridge,85.894,102.61176470588235,86.36667847256153,0.47267847256152606,20,persistent,102Ah_45degC_1C_cell1,0,0
102Ah_45degC_1C_cell1,29,fixed_window_ridge,85.894,102.61176470588235,86.67693104047916,0.7829310404791556,20,persistent,102Ah_45degC_1C_cell1,0,0
102Ah_45degC_1C_cell1,29,mask_ridge,85.894,102.61176470588235,85.56767533171868,-0.32632466828133033,20,persistent,102Ah_45degC_1C_cell1,0,0
102Ah_45degC_1C_cell1,29,within_cell_ratio_ridge,85.894,102.61176470588235,86.68131218814938,0.7873121881493717,20,persistent,102Ah_45degC_1C_cell1,0,0
102Ah_45degC_1C_cell1,29,rbf_residual,85.894,102.61176470588235,84.88851385363814,-1.0054861463618607,20,persistent,102Ah_45degC_1C_cell1,0,0
102Ah_45degC_1C_cell1,30,anchor_constant,85.512,102.61176470588235,102.61176470588235,17.09976470588235,20,persistent,102Ah_45degC_1C_cell1,0,0
102Ah_45degC_1C_cell1,30,age_ridge,85.512,102.61176470588235,86.11476226590835,0.6027622659083534,20,persistent,102Ah_45degC_1C_cell1,0,0
102Ah_45degC_1C_cell1,30,fixed_window_ridge,85.512,102.61176470588235,86.44240194036246,0.9304019403624579,20,persistent,102Ah_45degC_1C_cell1,0,0
102Ah_45degC_1C_cell1,30,mask_ridge,85.512,102.61176470588235,86.5720653668792,1.0600653668792006,20,persistent,102Ah_45degC_1C_cell1,0,0
102Ah_45degC_1C_cell1,30,within_cell_ratio_ridge,85.512,102.61176470588235,86.44255165459313,0.9305516545931312,20,persistent,102Ah_45degC_1C_cell1,0,0
102Ah_45degC_1C_cell1,30,rbf_residual,85.512,102.61176470588235,84.33868622055564,-1.1733137794443564,20,persistent,102Ah_45degC_1C_cell1,0,0
102Ah_55degC_1C_cell3,1,anchor_constant,98.15,102.83911764705883,102.83911764705883,4.689117647058822,20,persistent,102Ah_55degC_1C_cell3,0,0
102Ah_55degC_1C_cell3,1,age_ridge,98.15,102.83911764705883,99.80087813976583,1.6508781397658225,20,persistent,102Ah_55degC_1C_cell3,0,0
102Ah_55degC_1C_cell3,1,fixed_window_ridge,98.15,102.83911764705883,99.80087813976583,1.6508781397658225,20,persistent,102Ah_55degC_1C_cell3,0,0
102Ah_55degC_1C_cell3,1,mask_ridge,98.15,102.83911764705883,99.43610888455123,1.2861088845512256,20,persistent,102Ah_55degC_1C_cell3,0,0
102Ah_55degC_1C_cell3,1,within_cell_ratio_ridge,98.15,102.83911764705883,99.80087813976583,1.6508781397658225,20,persistent,102Ah_55degC_1C_cell3,0,0
102Ah_55degC_1C_cell3,1,rbf_residual,98.15,102.83911764705883,98.74129847168304,0.5912984716830323,20,persistent,102Ah_55degC_1C_cell3,0,0
102Ah_55degC_1C_cell3,2,anchor_constant,97.002,102.83911764705883,102.83911764705883,5.837117647058832,20,persistent,102Ah_55degC_1C_cell3,0,0
102Ah_55degC_1C_cell3,2,age_ridge,97.002,102.83911764705883,99.2159259386573,2.2139259386573116,20,persistent,102Ah_55degC_1C_cell3,0,0
102Ah_55degC_1C_cell3,2,fixed_window_ridge,97.002,102.83911764705883,99.2159259386573,2.2139259386573116,20,persistent,102Ah_55degC_1C_cell3,0,0
102Ah_55degC_1C_cell3,2,mask_ridge,97.002,102.83911764705883,99.19856817529667,2.196568175296676,20,persistent,102Ah_55degC_1C_cell3,0,0
102Ah_55degC_1C_cell3,2,within_cell_ratio_ridge,97.002,102.83911764705883,99.2159259386573,2.2139259386573116,20,persistent,102Ah_55degC_1C_cell3,0,0
102Ah_55degC_1C_cell3,2,rbf_residual,97.002,102.83911764705883,98.64450515806381,1.6425051580638126,20,persistent,102Ah_55degC_1C_cell3,0,0
102Ah_55degC_1C_cell3,3,anchor_constant,93.692,102.83911764705883,102.83911764705883,9.147117647058835,20,persistent,102Ah_55degC_1C_cell3,0,0
102Ah_55degC_1C_cell3,3,age_ridge,93.692,102.83911764705883,97.34621581552487,3.6542158155248785,20,persistent,102Ah_55degC_1C_cell3,0,0
102Ah_55degC_1C_cell3,3,fixed_window_ridge,93.692,102.83911764705883,97.34621581552487,3.6542158155248785,20,persistent,102Ah_55degC_1C_cell3,0,0
102Ah_55degC_1C_cell3,3,mask_ridge,93.692,102.83911764705883,96.33365536713518,2.6416553671351863,20,persistent,102Ah_55degC_1C_cell3,0,0
102Ah_55degC_1C_cell3,3,within_cell_ratio_ridge,93.692,102.83911764705883,97.34621581552487,3.6542158155248785,20,persistent,102Ah_55degC_1C_cell3,0,0
102Ah_55degC_1C_cell3,3,rbf_residual,93.692,102.83911764705883,96.44236872792455,2.7503687279245526,20,persistent,102Ah_55degC_1C_cell3,0,0
102Ah_55degC_1C_cell3,4,anchor_constant,93.086,102.83911764705883,102.83911764705883,9.75311764705883,20,persistent,102Ah_55degC_1C_cell3,0,0
102Ah_55degC_1C_cell3,4,age_ridge,93.086,102.83911764705883,96.98024867982737,3.8942486798273706,20,persistent,102Ah_55degC_1C_cell3,0,0
102Ah_55degC_1C_cell3,4,fixed_window_ridge,93.086,102.83911764705883,96.98024867982737,3.8942486798273706,20,persistent,102Ah_55degC_1C_cell3,0,0
102Ah_55degC_1C_cell3,4,mask_ridge,93.086,102.83911764705883,95.97616080554185,2.8901608055418535,20,persistent,102Ah_55degC_1C_cell3,0,0
102Ah_55degC_1C_cell3,4,within_cell_ratio_ridge,93.086,102.83911764705883,96.98024867982737,3.8942486798273706,20,persistent,102Ah_55degC_1C_cell3,0,0
102Ah_55degC_1C_cell3,4,rbf_residual,93.086,102.83911764705883,96.2697050469397,3.183705046939707,20,persistent,102Ah_55degC_1C_cell3,0,0
102Ah_55degC_1C_cell3,5,anchor_constant,92.505,102.83911764705883,102.83911764705883,10.334117647058832,20,persistent,102Ah_55degC_1C_cell3,0,0
102Ah_55degC_1C_cell3,5,age_ridge,92.505,102.83911764705883,96.61822886698695,4.113228866986958,20,persistent,102Ah_55degC_1C_cell3,0,0
102Ah_55degC_1C_cell3,5,fixed_window_ridge,92.505,102.83911764705883,96.61822886698695,4.113228866986958,20,persistent,102Ah_55degC_1C_cell3,0,0
102Ah_55degC_1C_cell3,5,mask_ridge,92.505,102.83911764705883,96.1904475902711,3.68544759027111,20,persistent,102Ah_55degC_1C_cell3,0,0
102Ah_55degC_1C_cell3,5,within_cell_ratio_ridge,92.505,102.83911764705883,96.61822886698695,4.113228866986958,20,persistent,102Ah_55degC_1C_cell3,0,0
102Ah_55degC_1C_cell3,5,rbf_residual,92.505,102.83911764705883,96.26705282363378,3.7620528236337805,20,persistent,102Ah_55degC_1C_cell3,0,0
102Ah_55degC_1C_cell3,6,anchor_constant,91.953,102.83911764705883,102.83911764705883,10.886117647058825,20,persistent,102Ah_55degC_1C_cell3,0,0
102Ah_55degC_1C_cell3,6,age_ridge,91.953,102.83911764705883,96.2625145007044,4.309514500704395,20,persistent,102Ah_55degC_1C_cell3,0,0
102Ah_55degC_1C_cell3,6,fixed_window_ridge,91.953,102.83911764705883,96.2625145007044,4.309514500704395,20,persistent,102Ah_55degC_1C_cell3,0,0
102Ah_55degC_1C_cell3,6,mask_ridge,91.953,102.83911764705883,95.42901346759743,3.4760134675974257,20,persistent,102Ah_55degC_1C_cell3,0,0
102Ah_55degC_1C_cell3,6,within_cell_ratio_ridge,91.953,102.83911764705883,96.2625145007044,4.309514500704395,20,persistent,102Ah_55degC_1C_cell3,0,0
102Ah_55degC_1C_cell3,6,rbf_residual,91.953,102.83911764705883,95.36303552474357,3.410035524743563,20,persistent,102Ah_55degC_1C_cell3,0,0
102Ah_55degC_1C_cell3,7,anchor_constant,91.407,102.83911764705883,102.83911764705883,11.432117647058831,20,persistent,102Ah_55degC_1C_cell3,0,0
102Ah_55degC_1C_cell3,7,age_ridge,91.407,102.83911764705883,95.86707022379248,4.460070223792485,20,persistent,102Ah_55degC_1C_cell3,0,0
102Ah_55degC_1C_cell3,7,fixed_window_ridge,91.407,102.83911764705883,95.86707022379248,4.460070223792485,20,persistent,102Ah_55degC_1C_cell3,0,0
102Ah_55degC_1C_cell3,7,mask_ridge,91.407,102.83911764705883,95.05343460928556,3.6464346092855635,20,persistent,102Ah_55degC_1C_cell3,0,0
102Ah_55degC_1C_cell3,7,within_cell_ratio_ridge,91.407,102.83911764705883,95.86707022379248,4.460070223792485,20,persistent,102Ah_55degC_1C_cell3,0,0
102Ah_55degC_1C_cell3,7,rbf_residual,91.407,102.83911764705883,95.19288486125824,3.785884861258239,20,persistent,102Ah_55degC_1C_cell3,0,0
102Ah_55degC_1C_cell3,8,anchor_constant,90.846,102.83911764705883,102.83911764705883,11.993117647058824,20,persistent,102Ah_55degC_1C_cell3,0,0
102Ah_55degC_1C_cell3,8,age_ridge,90.846,102.83911764705883,95.53125889977082,4.685258899770815,20,persistent,102Ah_55degC_1C_cell3,0,0
102Ah_55degC_1C_cell3,8,fixed_window_ridge,90.846,102.83911764705883,95.53125889977082,4.685258899770815,20,persistent,102Ah_55degC_1C_cell3,0,0
102Ah_55degC_1C_cell3,8,mask_ridge,90.846,102.83911764705883,95.08742611342464,4.241426113424637,20,persistent,102Ah_55degC_1C_cell3,0,0
102Ah_55degC_1C_cell3,8,within_cell_ratio_ridge,90.846,102.83911764705883,95.53125889977082,4.685258899770815,20,persistent,102Ah_55degC_1C_cell3,0,0
102Ah_55degC_1C_cell3,8,rbf_residual,90.846,102.83911764705883,95.18875111461584,4.342751114615837,20,persistent,102Ah_55degC_1C_cell3,0,0
102Ah_55degC_1C_cell3,9,anchor_constant,90.301,102.83911764705883,102.83911764705883,12.538117647058826,20,persistent,102Ah_55degC_1C_cell3,0,0
102Ah_55degC_1C_cell3,9,age_ridge,90.301,102.83911764705883,95.20021736482848,4.899217364828473,20,persistent,102Ah_55degC_1C_cell3,0,0
102Ah_55degC_1C_cell3,9,fixed_window_ridge,90.301,102.83911764705883,95.20021736482848,4.899217364828473,20,persistent,102Ah_55degC_1C_cell3,0,0
102Ah_55degC_1C_cell3,9,mask_ridge,90.301,102.83911764705883,94.75894023989696,4.457940239896956,20,persistent,102Ah_55degC_1C_cell3,0,0
102Ah_55degC_1C_cell3,9,within_cell_ratio_ridge,90.301,102.83911764705883,95.20021736482848,4.899217364828473,20,persistent,102Ah_55degC_1C_cell3,0,0
102Ah_55degC_1C_cell3,9,rbf_residual,90.301,102.83911764705883,95.13949362352017,4.838493623520165,20,persistent,102Ah_55degC_1C_cell3,0,0
102Ah_55degC_1C_cell3,10,anchor_constant,89.744,102.83911764705883,102.83911764705883,13.095117647058828,20,persistent,102Ah_55degC_1C_cell3,0,0
102Ah_55degC_1C_cell3,10,age_ridge,89.744,102.83911764705883,94.86888288966523,5.12488288966523,20,persistent,102Ah_55degC_1C_cell3,0,0
102Ah_55degC_1C_cell3,10,fixed_window_ridge,89.744,102.83911764705883,94.86888288966523,5.12488288966523,20,persistent,102Ah_55degC_1C_cell3,0,0
102Ah_55degC_1C_cell3,10,mask_ridge,89.744,102.83911764705883,94.16952881790111,4.42552881790111,20,persistent,102Ah_55degC_1C_cell3,0,0
102Ah_55degC_1C_cell3,10,within_cell_ratio_ridge,89.744,102.83911764705883,94.86888288966523,5.12488288966523,20,persistent,102Ah_55degC_1C_cell3,0,0
102Ah_55degC_1C_cell3,10,rbf_residual,89.744,102.83911764705883,94.20031363082003,4.456313630820034,20,persistent,102Ah_55degC_1C_cell3,0,0
102Ah_55degC_1C_cell3,11,anchor_constant,89.204,102.83911764705883,102.83911764705883,13.635117647058834,20,persistent,102Ah_55degC_1C_cell3,0,0
102Ah_55degC_1C_cell3,11,age_ridge,89.204,102.83911764705883,94.54596215869708,5.341962158697086,20,persistent,102Ah_55degC_1C_cell3,0,0
102Ah_55degC_1C_cell3,11,fixed_window_ridge,89.204,102.83911764705883,94.54596215869708,5.341962158697086,20,persistent,102Ah_55degC_1C_cell3,0,0
102Ah_55degC_1C_cell3,11,mask_ridge,89.204,102.83911764705883,93.8233313080145,4.619331308014509,20,persistent,102Ah_55degC_1C_cell3,0,0
102Ah_55degC_1C_cell3,11,within_cell_ratio_ridge,89.204,102.83911764705883,94.54596215869708,5.341962158697086,20,persistent,102Ah_55degC_1C_cell3,0,0
102Ah_55degC_1C_cell3,11,rbf_residual,89.204,102.83911764705883,94.12486814622025,4.920868146220258,20,persistent,102Ah_55degC_1C_cell3,0,0
102Ah_55degC_1C_cell3,12,anchor_constant,88.661,102.83911764705883,102.83911764705883,14.178117647058826,20,persistent,102Ah_55degC_1C_cell3,0,0
102Ah_55degC_1C_cell3,12,age_ridge,88.661,102.83911764705883,94.2217237546645,5.560723754664494,20,persistent,102Ah_55degC_1C_cell3,0,0
102Ah_55degC_1C_cell3,12,fixed_window_ridge,88.661,102.83911764705883,94.2217237546645,5.560723754664494,20,persistent,102Ah_55degC_1C_cell3,0,0
102Ah_55degC_1C_cell3,12,mask_ridge,88.661,102.83911764705883,93.80437284247009,5.143372842470086,20,persistent,102Ah_55degC_1C_cell3,0,0
102Ah_55degC_1C_cell3,12,within_cell_ratio_ridge,88.661,102.83911764705883,94.2217237546645,5.560723754664494,20,persistent,102Ah_55degC_1C_cell3,0,0
102Ah_55degC_1C_cell3,12,rbf_residual,88.661,102.83911764705883,94.1617317082396,5.500731708239599,20,persistent,102Ah_55degC_1C_cell3,0,0
102Ah_55degC_1C_cell3,13,anchor_constant,88.039,102.83911764705883,102.83911764705883,14.800117647058826,20,persistent,102Ah_55degC_1C_cell3,0,0
102Ah_55degC_1C_cell3,13,age_ridge,88.039,102.83911764705883,93.69630355449615,5.657303554496153,20,persistent,102Ah_55degC_1C_cell3,0,0
102Ah_55degC_1C_cell3,13,fixed_window_ridge,88.039,102.83911764705883,93.69630355449615,5.657303554496153,20,persistent,102Ah_55degC_1C_cell3,0,0
102Ah_55degC_1C_cell3,13,mask_ridge,88.039,102.83911764705883,93.11186007978814,5.072860079788143,20,persistent,102Ah_55degC_1C_cell3,0,0
102Ah_55degC_1C_cell3,13,within_cell_ratio_ridge,88.039,102.83911764705883,93.69630355449615,5.657303554496153,20,persistent,102Ah_55degC_1C_cell3,0,0
102Ah_55degC_1C_cell3,13,rbf_residual,88.039,102.83911764705883,92.99720418937036,4.958204189370363,20,persistent,102Ah_55degC_1C_cell3,0,0
102Ah_55degC_1C_cell3,14,anchor_constant,87.512,102.83911764705883,102.83911764705883,15.327117647058827,20,persistent,102Ah_55degC_1C_cell3,0,0
102Ah_55degC_1C_cell3,14,age_ridge,87.512,102.83911764705883,93.3803349626464,5.868334962646401,20,persistent,102Ah_55degC_1C_cell3,0,0
102Ah_55degC_1C_cell3,14,fixed_window_ridge,87.512,102.83911764705883,93.3803349626464,5.868334962646401,20,persistent,102Ah_55degC_1C_cell3,0,0
102Ah_55degC_1C_cell3,14,mask_ridge,87.512,102.83911764705883,92.91135515719782,5.399355157197817,20,persistent,102Ah_55degC_1C_cell3,0,0
102Ah_55degC_1C_cell3,14,within_cell_ratio_ridge,87.512,102.83911764705883,93.3803349626464,5.868334962646401,20,persistent,102Ah_55degC_1C_cell3,0,0
102Ah_55degC_1C_cell3,14,rbf_residual,87.512,102.83911764705883,93.02296855060335,5.5109685506033514,20,persistent,102Ah_55degC_1C_cell3,0,0
102Ah_55degC_1C_cell3,15,anchor_constant,86.962,102.83911764705883,102.83911764705883,15.877117647058824,20,persistent,102Ah_55degC_1C_cell3,0,0
102Ah_55degC_1C_cell3,15,age_ridge,86.962,102.83911764705883,93.07147875562168,6.10947875562168,20,persistent,102Ah_55degC_1C_cell3,0,0
102Ah_55degC_1C_cell3,15,fixed_window_ridge,86.962,102.83911764705883,93.07147875562168,6.10947875562168,20,persistent,102Ah_55degC_1C_cell3,0,0
102Ah_55degC_1C_cell3,15,mask_ridge,86.962,102.83911764705883,92.72503756817218,5.76303756817218,20,persistent,102Ah_55degC_1C_cell3,0,0
102Ah_55degC_1C_cell3,15,within_cell_ratio_ridge,86.962,102.83911764705883,93.07147875562168,6.10947875562168,20,persistent,102Ah_55degC_1C_cell3,0,0
102Ah_55degC_1C_cell3,15,rbf_residual,86.962,102.83911764705883,92.99641534517626,6.0344153451762566,20,persistent,102Ah_55degC_1C_cell3,0,0
102Ah_55degC_1C_cell3,16,anchor_constant,86.38,102.83911764705883,102.83911764705883,16.459117647058832,20,persistent,102Ah_55degC_1C_cell3,0,0
102Ah_55degC_1C_cell3,16,age_ridge,86.38,102.83911764705883,92.76023146687379,6.380231466873795,20,persistent,102Ah_55degC_1C_cell3,0,0
102Ah_55degC_1C_cell3,16,fixed_window_ridge,86.38,102.83911764705883,92.76023146687379,6.380231466873795,20,persistent,102Ah_55degC_1C_cell3,0,0
102Ah_55degC_1C_cell3,16,mask_ridge,86.38,102.83911764705883,91.76184410588141,5.381844105881413,20,persistent,102Ah_55degC_1C_cell3,0,0
102Ah_55degC_1C_cell3,16,within_cell_ratio_ridge,86.38,102.83911764705883,92.76023146687379,6.380231466873795,20,persistent,102Ah_55degC_1C_cell3,0,0
102Ah_55degC_1C_cell3,16,rbf_residual,86.38,102.83911764705883,92.25243347932073,5.872433479320733,20,persistent,102Ah_55degC_1C_cell3,0,0
102Ah_55degC_1C_cell3,17,anchor_constant,85.815,102.83911764705883,102.83911764705883,17.02411764705883,20,persistent,102Ah_55degC_1C_cell3,0,0
102Ah_55degC_1C_cell3,17,age_ridge,85.815,102.83911764705883,92.45643017792534,6.6414301779253435,20,persistent,102Ah_55degC_1C_cell3,0,0
102Ah_55degC_1C_cell3,17,fixed_window_ridge,85.815,102.83911764705883,92.45643017792534,6.6414301779253435,20,persistent,102Ah_55degC_1C_cell3,0,0
102Ah_55degC_1C_cell3,17,mask_ridge,85.815,102.83911764705883,92.05862757252926,6.243627572529263,20,persistent,102Ah_55degC_1C_cell3,0,0
102Ah_55degC_1C_cell3,17,within_cell_ratio_ridge,85.815,102.83911764705883,92.45643017792534,6.6414301779253435,20,persistent,102Ah_55degC_1C_cell3,0,0
102Ah_55degC_1C_cell3,17,rbf_residual,85.815,102.83911764705883,92.03265349899311,6.217653498993116,20,persistent,102Ah_55degC_1C_cell3,0,0
102Ah_55degC_1C_cell3,18,anchor_constant,85.108,102.83911764705883,102.83911764705883,17.731117647058824,20,persistent,102Ah_55degC_1C_cell3,0,0
102Ah_55degC_1C_cell3,18,age_ridge,85.108,102.83911764705883,92.14981861963832,7.04181861963832,20,persistent,102Ah_55degC_1C_cell3,0,0
102Ah_55degC_1C_cell3,18,fixed_window_ridge,85.108,102.83911764705883,92.14981861963832,7.04181861963832,20,persistent,102Ah_55degC_1C_cell3,0,0
102Ah_55degC_1C_cell3,18,mask_ridge,85.108,102.83911764705883,91.80777992942762,6.699779929427621,20,persistent,102Ah_55degC_1C_cell3,0,0
102Ah_55degC_1C_cell3,18,within_cell_ratio_ridge,85.108,102.83911764705883,92.14981861963832,7.04181861963832,20,persistent,102Ah_55degC_1C_cell3,0,0
102Ah_55degC_1C_cell3,18,rbf_residual,85.108,102.83911764705883,91.83974173755901,6.731741737559005,20,persistent,102Ah_55degC_1C_cell3,0,0
102Ah_55degC_1C_cell3,19,anchor_constant,84.207,102.83911764705883,102.83911764705883,18.632117647058834,20,persistent,102Ah_55degC_1C_cell3,0,0
102Ah_55degC_1C_cell3,19,age_ridge,84.207,102.83911764705883,91.75398401117958,7.546984011179589,20,persistent,102Ah_55degC_1C_cell3,0,0
102Ah_55degC_1C_cell3,19,fixed_window_ridge,84.207,102.83911764705883,91.75398401117958,7.546984011179589,20,persistent,102Ah_55degC_1C_cell3,0,0
102Ah_55degC_1C_cell3,19,mask_ridge,84.207,102.83911764705883,91.48437588656783,7.277375886567839,20,persistent,102Ah_55degC_1C_cell3,0,0
102Ah_55degC_1C_cell3,19,within_cell_ratio_ridge,84.207,102.83911764705883,91.75398401117958,7.546984011179589,20,persistent,102Ah_55degC_1C_cell3,0,0
102Ah_55degC_1C_cell3,19,rbf_residual,84.207,102.83911764705883,91.35450058544085,7.147500585440852,20,persistent,102Ah_55degC_1C_cell3,0,0
102Ah_55degC_1C_cell3,20,anchor_constant,83.035,102.83911764705883,102.83911764705883,19.80411764705883,20,persistent,102Ah_55degC_1C_cell3,0,0
102Ah_55degC_1C_cell3,20,age_ridge,83.035,102.83911764705883,91.45243720404132,8.41743720404132,20,persistent,102Ah_55degC_1C_cell3,0,0
102Ah_55degC_1C_cell3,20,fixed_window_ridge,83.035,102.83911764705883,91.45243720404132,8.41743720404132,20,persistent,102Ah_55degC_1C_cell3,0,0
102Ah_55degC_1C_cell3,20,mask_ridge,83.035,102.83911764705883,91.22585367854404,8.190853678544045,20,persistent,102Ah_55degC_1C_cell3,0,0
102Ah_55degC_1C_cell3,20,within_cell_ratio_ridge,83.035,102.83911764705883,91.45243720404132,8.41743720404132,20,persistent,102Ah_55degC_1C_cell3,0,0
102Ah_55degC_1C_cell3,20,rbf_residual,83.035,102.83911764705883,91.48749761989167,8.452497619891673,20,persistent,102Ah_55degC_1C_cell3,0,0
102Ah_55degC_1C_cell3,21,anchor_constant,81.814,102.83911764705883,102.83911764705883,21.025117647058835,20,persistent,102Ah_55degC_1C_cell3,0,0
102Ah_55degC_1C_cell3,21,age_ridge,81.814,102.83911764705883,91.15821946743293,9.344219467432936,20,persistent,102Ah_55degC_1C_cell3,0,0
102Ah_55degC_1C_cell3,21,fixed_window_ridge,81.814,102.83911764705883,91.15821946743293,9.344219467432936,20,persistent,102Ah_55degC_1C_cell3,0,0
102Ah_55degC_1C_cell3,21,mask_ridge,81.814,102.83911764705883,90.96265892477412,9.148658924774125,20,persistent,102Ah_55degC_1C_cell3,0,0
102Ah_55degC_1C_cell3,21,within_cell_ratio_ridge,81.814,102.83911764705883,91.15821946743293,9.344219467432936,20,persistent,102Ah_55degC_1C_cell3,0,0
102Ah_55degC_1C_cell3,21,rbf_residual,81.814,102.83911764705883,90.82203357609613,9.008033576096139,20,persistent,102Ah_55degC_1C_cell3,0,0
102Ah_55degC_1C_cell3,22,anchor_constant,80.494,102.83911764705883,102.83911764705883,22.345117647058828,20,persistent,102Ah_55degC_1C_cell3,0,0
102Ah_55degC_1C_cell3,22,age_ridge,80.494,102.83911764705883,90.8619271220855,10.367927122085504,20,persistent,102Ah_55degC_1C_cell3,0,0
102Ah_55degC_1C_cell3,22,fixed_window_ridge,80.494,102.83911764705883,90.8619271220855,10.367927122085504,20,persistent,102Ah_55degC_1C_cell3,0,0
102Ah_55degC_1C_cell3,22,mask_ridge,80.494,102.83911764705883,90.62371726809475,10.129717268094751,20,persistent,102Ah_55degC_1C_cell3,0,0
102Ah_55degC_1C_cell3,22,within_cell_ratio_ridge,80.494,102.83911764705883,90.8619271220855,10.367927122085504,20,persistent,102Ah_55degC_1C_cell3,0,0
102Ah_55degC_1C_cell3,22,rbf_residual,80.494,102.83911764705883,90.8002391216991,10.306239121699093,20,persistent,102Ah_55degC_1C_cell3,0,0
102Ah_55degC_1C_cell3,23,anchor_constant,79.116,102.83911764705883,102.83911764705883,23.723117647058828,20,persistent,102Ah_55degC_1C_cell3,0,0
102Ah_55degC_1C_cell3,23,age_ridge,79.116,102.83911764705883,90.57262550341142,11.456625503411416,20,persistent,102Ah_55degC_1C_cell3,0,0
102Ah_55degC_1C_cell3,23,fixed_window_ridge,79.116,102.83911764705883,90.57262550341142,11.456625503411416,20,persistent,102Ah_55degC_1C_cell3,0,0
102Ah_55degC_1C_cell3,23,mask_ridge,79.116,102.83911764705883,90.41687489244929,11.300874892449286,20,persistent,102Ah_55degC_1C_cell3,0,0
102Ah_55degC_1C_cell3,23,within_cell_ratio_ridge,79.116,102.83911764705883,90.57262550341142,11.456625503411416,20,persistent,102Ah_55degC_1C_cell3,0,0
102Ah_55degC_1C_cell3,23,rbf_residual,79.116,102.83911764705883,90.79469008660162,11.67869008660162,20,persistent,102Ah_55degC_1C_cell3,0,0
102Ah_55degC_1C_cell3,24,anchor_constant,77.658,102.83911764705883,102.83911764705883,25.181117647058826,20,persistent,102Ah_55degC_1C_cell3,0,0
102Ah_55degC_1C_cell3,24,age_ridge,77.658,102.83911764705883,90.28588485671158,12.627884856711574,20,persistent,102Ah_55degC_1C_cell3,0,0
102Ah_55degC_1C_cell3,24,fixed_window_ridge,77.658,102.83911764705883,90.28588485671158,12.627884856711574,20,persistent,102Ah_55degC_1C_cell3,0,0
102Ah_55degC_1C_cell3,24,mask_ridge,77.658,102.83911764705883,90.1543657838836,12.496365783883604,20,persistent,102Ah_55degC_1C_cell3,0,0
102Ah_55degC_1C_cell3,24,within_cell_ratio_ridge,77.658,102.83911764705883,90.28588485671158,12.627884856711574,20,persistent,102Ah_55degC_1C_cell3,0,0
102Ah_55degC_1C_cell3,24,rbf_residual,77.658,102.83911764705883,90.58419697098012,12.926196970980115,20,persistent,102Ah_55degC_1C_cell3,0,0
102Ah_55degC_1C_cell3,25,anchor_constant,76.068,102.83911764705883,102.83911764705883,26.77111764705883,20,persistent,102Ah_55degC_1C_cell3,0,0
102Ah_55degC_1C_cell3,25,age_ridge,76.068,102.83911764705883,89.99246666320751,13.924466663207511,20,persistent,102Ah_55degC_1C_cell3,0,0
102Ah_55degC_1C_cell3,25,fixed_window_ridge,76.068,102.83911764705883,89.99246666320751,13.924466663207511,20,persistent,102Ah_55degC_1C_cell3,0,0
102Ah_55degC_1C_cell3,25,mask_ridge,76.068,102.83911764705883,89.88677867189638,13.818778671896382,20,persistent,102Ah_55degC_1C_cell3,0,0
102Ah_55degC_1C_cell3,25,within_cell_ratio_ridge,76.068,102.83911764705883,89.99246666320751,13.924466663207511,20,persistent,102Ah_55degC_1C_cell3,0,0
102Ah_55degC_1C_cell3,25,rbf_residual,76.068,102.83911764705883,90.30453261914536,14.236532619145365,20,persistent,102Ah_55degC_1C_cell3,0,0
102Ah_55degC_1C_cell3,26,anchor_constant,74.402,102.83911764705883,102.83911764705883,28.437117647058827,20,persistent,102Ah_55degC_1C_cell3,0,0
102Ah_55degC_1C_cell3,26,age_ridge,74.402,102.83911764705883,89.68507349676487,15.283073496764871,20,persistent,102Ah_55degC_1C_cell3,0,0
102Ah_55degC_1C_cell3,26,fixed_window_ridge,74.402,102.83911764705883,89.68507349676487,15.283073496764871,20,persistent,102Ah_55degC_1C_cell3,0,0
102Ah_55degC_1C_cell3,26,mask_ridge,74.402,102.83911764705883,89.6094139236089,15.207413923608897,20,persistent,102Ah_55degC_1C_cell3,0,0
102Ah_55degC_1C_cell3,26,within_cell_ratio_ridge,74.402,102.83911764705883,89.68507349676487,15.283073496764871,20,persistent,102Ah_55degC_1C_cell3,0,0
102Ah_55degC_1C_cell3,26,rbf_residual,74.402,102.83911764705883,89.96404850223925,15.56204850223925,20,persistent,102Ah_55degC_1C_cell3,0,0
102Ah_55degC_1C_cell3,27,anchor_constant,72.733,102.83911764705883,102.83911764705883,30.106117647058824,20,persistent,102Ah_55degC_1C_cell3,0,0
102Ah_55degC_1C_cell3,27,age_ridge,72.733,102.83911764705883,89.12135264758575,16.388352647585748,20,persistent,102Ah_55degC_1C_cell3,0,0
102Ah_55degC_1C_cell3,27,fixed_window_ridge,72.733,102.83911764705883,89.12135264758575,16.388352647585748,20,persistent,102Ah_55degC_1C_cell3,0,0
102Ah_55degC_1C_cell3,27,mask_ridge,72.733,102.83911764705883,89.13192904503774,16.398929045037733,20,persistent,102Ah_55degC_1C_cell3,0,0
102Ah_55degC_1C_cell3,27,within_cell_ratio_ridge,72.733,102.83911764705883,89.12135264758575,16.388352647585748,20,persistent,102Ah_55degC_1C_cell3,0,0
102Ah_55degC_1C_cell3,27,rbf_residual,72.733,102.83911764705883,89.34451058322531,16.61151058322531,20,persistent,102Ah_55degC_1C_cell3,0,0
102Ah_55degC_1C_cell3,28,anchor_constant,71.205,102.83911764705883,102.83911764705883,31.63411764705883,20,persistent,102Ah_55degC_1C_cell3,0,0
102Ah_55degC_1C_cell3,28,age_ridge,71.205,102.83911764705883,88.84629864018714,17.641298640187145,20,persistent,102Ah_55degC_1C_cell3,0,0
102Ah_55degC_1C_cell3,28,fixed_window_ridge,71.205,102.83911764705883,88.84629864018714,17.641298640187145,20,persistent,102Ah_55degC_1C_cell3,0,0
102Ah_55degC_1C_cell3,28,mask_ridge,71.205,102.83911764705883,88.88234851621338,17.677348516213385,20,persistent,102Ah_55degC_1C_cell3,0,0
102Ah_55degC_1C_cell3,28,within_cell_ratio_ridge,71.205,102.83911764705883,88.84629864018714,17.641298640187145,20,persistent,102Ah_55degC_1C_cell3,0,0
102Ah_55degC_1C_cell3,28,rbf_residual,71.205,102.83911764705883,89.17211708362225,17.967117083622256,20,persistent,102Ah_55degC_1C_cell3,0,0
102Ah_55degC_1C_cell3,29,anchor_constant,69.634,102.83911764705883,102.83911764705883,33.20511764705883,20,persistent,102Ah_55degC_1C_cell3,0,0
102Ah_55degC_1C_cell3,29,age_ridge,69.634,102.83911764705883,88.56991097945833,18.935910979458328,20,persistent,102Ah_55degC_1C_cell3,0,0
102Ah_55degC_1C_cell3,29,fixed_window_ridge,69.634,102.83911764705883,88.56991097945833,18.935910979458328,20,persistent,102Ah_55degC_1C_cell3,0,0
102Ah_55degC_1C_cell3,29,mask_ridge,69.634,102.83911764705883,88.63167254506625,18.99767254506625,20,persistent,102Ah_55degC_1C_cell3,0,0
102Ah_55degC_1C_cell3,29,within_cell_ratio_ridge,69.634,102.83911764705883,88.56991097945833,18.935910979458328,20,persistent,102Ah_55degC_1C_cell3,0,0
102Ah_55degC_1C_cell3,29,rbf_residual,69.634,102.83911764705883,88.30115246068472,18.66715246068472,20,persistent,102Ah_55degC_1C_cell3,0,0
102Ah_55degC_1C_cell3,30,anchor_constant,68.083,102.83911764705883,102.83911764705883,34.75611764705883,20,persistent,102Ah_55degC_1C_cell3,0,0
102Ah_55degC_1C_cell3,30,age_ridge,68.083,102.83911764705883,88.23696892103675,20.15396892103675,20,persistent,102Ah_55degC_1C_cell3,0,0
102Ah_55degC_1C_cell3,30,fixed_window_ridge,68.083,102.83911764705883,88.23696892103675,20.15396892103675,20,persistent,102Ah_55degC_1C_cell3,0,0
102Ah_55degC_1C_cell3,30,mask_ridge,68.083,102.83911764705883,88.33851163296356,20.25551163296356,20,persistent,102Ah_55degC_1C_cell3,0,0
102Ah_55degC_1C_cell3,30,within_cell_ratio_ridge,68.083,102.83911764705883,88.23696892103675,20.15396892103675,20,persistent,102Ah_55degC_1C_cell3,0,0
102Ah_55degC_1C_cell3,30,rbf_residual,68.083,102.83911764705883,88.65015322480025,20.56715322480025,20,persistent,102Ah_55degC_1C_cell3,0,0
