run_id,method,cell_id,target_cycle,event_id,event_end,quality_pass,reference_only,used_for_update,reason
M4_multi_efc_T_v1_final_candidate,final,102Ah_25degC_0p5C_cell3,52,102Ah_25degC_0p5C_cell3|42|2021-05-09T16:34:22|2021-05-09T18:38:22,2021-05-09T18:38:22,True,False,True,new qualified event in recent-five partial-charge feature
M4_multi_efc_T_v1_final_candidate,final,102Ah_25degC_0p5C_cell3,52,102Ah_25degC_0p5C_cell3|48|2021-05-10T23:23:16|2021-05-11T01:27:44,2021-05-11T01:27:44,True,False,True,new qualified event in recent-five partial-charge feature
M4_multi_efc_T_v1_final_candidate,final,102Ah_25degC_0p5C_cell3,52,102Ah_25degC_0p5C_cell3|49|2021-05-11T04:31:20|2021-05-11T06:35:50,2021-05-11T06:35:50,True,False,True,new qualified event in recent-five partial-charge feature
M4_multi_efc_T_v1_final_candidate,final,102Ah_25degC_0p5C_cell3,52,102Ah_25degC_0p5C_cell3|50|2021-05-11T09:39:21|2021-05-11T11:43:51,2021-05-11T11:43:51,True,False,True,new qualified event in recent-five partial-charge feature
M4_multi_efc_T_v1_final_candidate,final,102Ah_25degC_0p5C_cell3,52,102Ah_25degC_0p5C_cell3|51|2021-05-11T14:47:47|2021-05-11T16:51:47,2021-05-11T16:51:47,True,False,True,new qualified event in recent-five partial-charge feature
M4_multi_efc_T_v1_final_candidate,final,102Ah_25degC_0p5C_cell3,83,102Ah_25degC_0p5C_cell3|52|2021-05-11T19:55:07|2021-05-11T21:59:37,2021-05-11T21:59:37,True,False,True,new qualified event in recent-five partial-charge feature
M4_multi_efc_T_v1_final_candidate,final,102Ah_25degC_0p5C_cell3,83,102Ah_25degC_0p5C_cell3|53|2021-05-12T01:02:56|2021-05-12T03:07:26,2021-05-12T03:07:26,True,False,True,new qualified event in recent-five partial-charge feature
M4_multi_efc_T_v1_final_candidate,final,102Ah_25degC_0p5C_cell3,207,102Ah_25degC_0p5C_cell3|200|2021-06-18T18:39:55|2021-06-18T20:41:55,2021-06-18T20:41:55,True,False,True,new qualified event in recent-five partial-charge feature
M4_multi_efc_T_v1_final_candidate,final,102Ah_25degC_0p5C_cell3,207,102Ah_25degC_0p5C_cell3|203|2021-06-19T04:44:58|2021-06-19T06:46:28,2021-06-19T06:46:28,True,False,True,new qualified event in recent-five partial-charge feature
M4_multi_efc_T_v1_final_candidate,final,102Ah_25degC_0p5C_cell3,207,102Ah_25degC_0p5C_cell3|204|2021-06-19T09:47:21|2021-06-19T11:48:51,2021-06-19T11:48:51,True,False,True,new qualified event in recent-five partial-charge feature
M4_multi_efc_T_v1_final_candidate,final,102Ah_25degC_0p5C_cell3,207,102Ah_25degC_0p5C_cell3|205|2021-06-19T14:49:47|2021-06-19T16:51:17,2021-06-19T16:51:17,True,False,True,new qualified event in recent-five partial-charge feature
M4_multi_efc_T_v1_final_candidate,final,102Ah_25degC_0p5C_cell3,207,102Ah_25degC_0p5C_cell3|206|2021-06-19T19:51:42|2021-06-19T21:53:42,2021-06-19T21:53:42,True,False,True,new qualified event in recent-five partial-charge feature
M4_multi_efc_T_v1_final_candidate,final,102Ah_25degC_0p5C_cell3,238,102Ah_25degC_0p5C_cell3|233|2021-06-25T11:52:59|2021-06-25T13:54:29,2021-06-25T13:54:29,True,False,True,new qualified event in recent-five partial-charge feature
M4_multi_efc_T_v1_final_candidate,final,102Ah_25degC_0p5C_cell3,238,102Ah_25degC_0p5C_cell3|234|2021-06-25T16:54:36|2021-06-25T18:56:36,2021-06-25T18:56:36,True,False,True,new qualified event in recent-five partial-charge feature
M4_multi_efc_T_v1_final_candidate,final,102Ah_25degC_0p5C_cell3,238,102Ah_25degC_0p5C_cell3|235|2021-06-25T21:57:05|2021-06-25T23:58:35,2021-06-25T23:58:35,True,False,True,new qualified event in recent-five partial-charge feature
M4_multi_efc_T_v1_final_candidate,final,102Ah_25degC_0p5C_cell3,238,102Ah_25degC_0p5C_cell3|236|2021-06-26T02:59:03|2021-06-26T05:00:33,2021-06-26T05:00:33,True,False,True,new qualified event in recent-five partial-charge feature
M4_multi_efc_T_v1_final_candidate,final,102Ah_25degC_0p5C_cell3,238,102Ah_25degC_0p5C_cell3|237|2021-06-26T08:01:01|2021-06-26T10:02:30,2021-06-26T10:02:30,True,False,True,new qualified event in recent-five partial-charge feature
M4_multi_efc_T_v1_final_candidate,final,102Ah_25degC_0p5C_cell3,271,102Ah_25degC_0p5C_cell3|266|2021-07-02T09:48:54|2021-07-02T11:50:24,2021-07-02T11:50:24,True,False,True,new qualified event in recent-five partial-charge feature
M4_multi_efc_T_v1_final_candidate,final,102Ah_25degC_0p5C_cell3,271,102Ah_25degC_0p5C_cell3|267|2021-07-02T14:50:47|2021-07-02T16:51:47,2021-07-02T16:51:47,True,False,True,new qualified event in recent-five partial-charge feature
M4_multi_efc_T_v1_final_candidate,final,102Ah_25degC_0p5C_cell3,271,102Ah_25degC_0p5C_cell3|268|2021-07-02T19:52:06|2021-07-02T21:53:06,2021-07-02T21:53:06,True,False,True,new qualified event in recent-five partial-charge feature
M4_multi_efc_T_v1_final_candidate,final,102Ah_25degC_0p5C_cell3,271,102Ah_25degC_0p5C_cell3|269|2021-07-03T00:52:55|2021-07-03T02:54:25,2021-07-03T02:54:25,True,False,True,new qualified event in recent-five partial-charge feature
M4_multi_efc_T_v1_final_candidate,final,102Ah_25degC_0p5C_cell3,271,102Ah_25degC_0p5C_cell3|270|2021-07-03T05:54:13|2021-07-03T07:55:43,2021-07-03T07:55:43,True,False,True,new qualified event in recent-five partial-charge feature
M4_multi_efc_T_v1_final_candidate,final,102Ah_25degC_0p5C_cell3,301,102Ah_25degC_0p5C_cell3|297|2021-07-08T21:23:06|2021-07-08T23:24:06,2021-07-08T23:24:06,True,False,True,new qualified event in recent-five partial-charge feature
M4_multi_efc_T_v1_final_candidate,final,102Ah_25degC_0p5C_cell3,301,102Ah_25degC_0p5C_cell3|298|2021-07-09T02:23:25|2021-07-09T04:24:54,2021-07-09T04:24:54,True,False,True,new qualified event in recent-five partial-charge feature
M4_multi_efc_T_v1_final_candidate,final,102Ah_25degC_0p5C_cell3,301,102Ah_25degC_0p5C_cell3|299|2021-07-09T07:24:13|2021-07-09T09:25:42,2021-07-09T09:25:42,True,False,True,new qualified event in recent-five partial-charge feature
M4_multi_efc_T_v1_final_candidate,final,102Ah_25degC_0p5C_cell3,301,102Ah_25degC_0p5C_cell3|300|2021-07-09T12:25:30|2021-07-09T14:26:30,2021-07-09T14:26:30,True,False,True,new qualified event in recent-five partial-charge feature
M4_multi_efc_T_v1_final_candidate,final,102Ah_25degC_0p5C_cell3,301,102Ah_25degC_0p5C_cell3|301|2021-07-09T22:26:32|2021-07-10T00:28:02,2021-07-10T00:28:02,True,False,True,new qualified event in recent-five partial-charge feature
M4_multi_efc_T_v1_final_candidate,final,102Ah_25degC_0p5C_cell3,334,102Ah_25degC_0p5C_cell3|329|2021-07-15T13:40:25|2021-07-15T15:41:25,2021-07-15T15:41:25,True,False,True,new qualified event in recent-five partial-charge feature
M4_multi_efc_T_v1_final_candidate,final,102Ah_25degC_0p5C_cell3,334,102Ah_25degC_0p5C_cell3|330|2021-07-15T19:15:09|2021-07-15T21:16:09,2021-07-15T21:16:09,True,False,True,new qualified event in recent-five partial-charge feature
M4_multi_efc_T_v1_final_candidate,final,102Ah_25degC_0p5C_cell3,334,102Ah_25degC_0p5C_cell3|331|2021-07-16T00:15:27|2021-07-16T02:16:27,2021-07-16T02:16:27,True,False,True,new qualified event in recent-five partial-charge feature
M4_multi_efc_T_v1_final_candidate,final,102Ah_25degC_0p5C_cell3,334,102Ah_25degC_0p5C_cell3|332|2021-07-16T05:16:12|2021-07-16T07:16:42,2021-07-16T07:16:42,True,False,True,new qualified event in recent-five partial-charge feature
M4_multi_efc_T_v1_final_candidate,final,102Ah_25degC_0p5C_cell3,334,102Ah_25degC_0p5C_cell3|333|2021-07-16T10:15:57|2021-07-16T12:16:57,2021-07-16T12:16:57,True,False,True,new qualified event in recent-five partial-charge feature
M4_multi_efc_T_v1_final_candidate,final,102Ah_25degC_0p5C_cell3,364,102Ah_25degC_0p5C_cell3|359|2021-07-21T20:16:27|2021-07-21T22:17:28,2021-07-21T22:17:28,True,False,True,new qualified event in recent-five partial-charge feature
M4_multi_efc_T_v1_final_candidate,final,102Ah_25degC_0p5C_cell3,364,102Ah_25degC_0p5C_cell3|360|2021-07-22T01:16:44|2021-07-22T03:17:14,2021-07-22T03:17:14,True,False,True,new qualified event in recent-five partial-charge feature
M4_multi_efc_T_v1_final_candidate,final,102Ah_25degC_0p5C_cell3,364,102Ah_25degC_0p5C_cell3|361|2021-07-22T06:16:02|2021-07-22T08:17:01,2021-07-22T08:17:01,True,False,True,new qualified event in recent-five partial-charge feature
M4_multi_efc_T_v1_final_candidate,final,102Ah_25degC_0p5C_cell3,364,102Ah_25degC_0p5C_cell3|362|2021-07-22T11:16:18|2021-07-22T13:16:48,2021-07-22T13:16:48,True,False,True,new qualified event in recent-five partial-charge feature
M4_multi_efc_T_v1_final_candidate,final,102Ah_25degC_0p5C_cell3,364,102Ah_25degC_0p5C_cell3|363|2021-07-22T16:15:33|2021-07-22T18:16:32,2021-07-22T18:16:32,True,False,True,new qualified event in recent-five partial-charge feature
M4_multi_efc_T_v1_final_candidate,final,102Ah_25degC_0p5C_cell3,395,102Ah_25degC_0p5C_cell3|390|2021-07-28T07:03:50|2021-07-28T09:04:19,2021-07-28T09:04:19,True,False,True,new qualified event in recent-five partial-charge feature
M4_multi_efc_T_v1_final_candidate,final,102Ah_25degC_0p5C_cell3,395,102Ah_25degC_0p5C_cell3|391|2021-07-28T12:03:43|2021-07-28T14:03:43,2021-07-28T14:03:43,True,False,True,new qualified event in recent-five partial-charge feature
M4_multi_efc_T_v1_final_candidate,final,102Ah_25degC_0p5C_cell3,395,102Ah_25degC_0p5C_cell3|392|2021-07-28T17:03:03|2021-07-28T19:03:03,2021-07-28T19:03:03,True,False,True,new qualified event in recent-five partial-charge feature
M4_multi_efc_T_v1_final_candidate,final,102Ah_25degC_0p5C_cell3,395,102Ah_25degC_0p5C_cell3|393|2021-07-28T22:02:21|2021-07-29T00:02:21,2021-07-29T00:02:21,True,False,True,new qualified event in recent-five partial-charge feature
M4_multi_efc_T_v1_final_candidate,final,102Ah_25degC_0p5C_cell3,395,102Ah_25degC_0p5C_cell3|394|2021-07-29T03:01:39|2021-07-29T05:01:39,2021-07-29T05:01:39,True,False,True,new qualified event in recent-five partial-charge feature
M4_multi_efc_T_v1_final_candidate,final,102Ah_25degC_0p5C_cell3,425,102Ah_25degC_0p5C_cell3|420|2021-08-03T12:38:00|2021-08-03T14:38:30,2021-08-03T14:38:30,True,False,True,new qualified event in recent-five partial-charge feature
M4_multi_efc_T_v1_final_candidate,final,102Ah_25degC_0p5C_cell3,425,102Ah_25degC_0p5C_cell3|421|2021-08-03T17:36:55|2021-08-03T19:37:24,2021-08-03T19:37:24,True,False,True,new qualified event in recent-five partial-charge feature
M4_multi_efc_T_v1_final_candidate,final,102Ah_25degC_0p5C_cell3,425,102Ah_25degC_0p5C_cell3|422|2021-08-03T22:36:16|2021-08-04T00:36:16,2021-08-04T00:36:16,True,False,True,new qualified event in recent-five partial-charge feature
M4_multi_efc_T_v1_final_candidate,final,102Ah_25degC_0p5C_cell3,425,102Ah_25degC_0p5C_cell3|423|2021-08-04T03:35:08|2021-08-04T05:35:08,2021-08-04T05:35:08,True,False,True,new qualified event in recent-five partial-charge feature
M4_multi_efc_T_v1_final_candidate,final,102Ah_25degC_0p5C_cell3,425,102Ah_25degC_0p5C_cell3|424|2021-08-04T08:33:30|2021-08-04T10:33:59,2021-08-04T10:33:59,True,False,True,new qualified event in recent-five partial-charge feature
M4_multi_efc_T_v1_final_candidate,final,102Ah_25degC_0p5C_cell3,456,102Ah_25degC_0p5C_cell3|451|2021-08-09T22:58:19|2021-08-10T00:58:18,2021-08-10T00:58:18,True,False,True,new qualified event in recent-five partial-charge feature
M4_multi_efc_T_v1_final_candidate,final,102Ah_25degC_0p5C_cell3,456,102Ah_25degC_0p5C_cell3|452|2021-08-10T03:56:49|2021-08-10T05:56:49,2021-08-10T05:56:49,True,False,True,new qualified event in recent-five partial-charge feature
M4_multi_efc_T_v1_final_candidate,final,102Ah_25degC_0p5C_cell3,456,102Ah_25degC_0p5C_cell3|453|2021-08-10T08:55:20|2021-08-10T10:55:19,2021-08-10T10:55:19,True,False,True,new qualified event in recent-five partial-charge feature
M4_multi_efc_T_v1_final_candidate,final,102Ah_25degC_0p5C_cell3,456,102Ah_25degC_0p5C_cell3|454|2021-08-10T13:54:19|2021-08-10T15:53:49,2021-08-10T15:53:49,True,False,True,new qualified event in recent-five partial-charge feature
M4_multi_efc_T_v1_final_candidate,final,102Ah_25degC_0p5C_cell3,456,102Ah_25degC_0p5C_cell3|455|2021-08-10T18:52:19|2021-08-10T20:52:19,2021-08-10T20:52:19,True,False,True,new qualified event in recent-five partial-charge feature
M4_multi_efc_T_v1_final_candidate,final,102Ah_25degC_0p5C_cell3,487,102Ah_25degC_0p5C_cell3|482|2021-08-16T09:06:34|2021-08-16T11:06:34,2021-08-16T11:06:34,True,False,True,new qualified event in recent-five partial-charge feature
M4_multi_efc_T_v1_final_candidate,final,102Ah_25degC_0p5C_cell3,487,102Ah_25degC_0p5C_cell3|483|2021-08-16T14:04:42|2021-08-16T16:04:42,2021-08-16T16:04:42,True,False,True,new qualified event in recent-five partial-charge feature
M4_multi_efc_T_v1_final_candidate,final,102Ah_25degC_0p5C_cell3,487,102Ah_25degC_0p5C_cell3|484|2021-08-16T19:03:20|2021-08-16T21:02:50,2021-08-16T21:02:50,True,False,True,new qualified event in recent-five partial-charge feature
M4_multi_efc_T_v1_final_candidate,final,102Ah_25degC_0p5C_cell3,487,102Ah_25degC_0p5C_cell3|485|2021-08-17T00:01:24|2021-08-17T02:00:54,2021-08-17T02:00:54,True,False,True,new qualified event in recent-five partial-charge feature
M4_multi_efc_T_v1_final_candidate,final,102Ah_25degC_0p5C_cell3,487,102Ah_25degC_0p5C_cell3|486|2021-08-17T04:58:58|2021-08-17T06:58:58,2021-08-17T06:58:58,True,False,True,new qualified event in recent-five partial-charge feature
M4_multi_efc_T_v1_final_candidate,final,102Ah_25degC_0p5C_cell3,519,102Ah_25degC_0p5C_cell3|514|2021-08-24T02:05:33|2021-08-24T04:05:33,2021-08-24T04:05:33,True,False,True,new qualified event in recent-five partial-charge feature
M4_multi_efc_T_v1_final_candidate,final,102Ah_25degC_0p5C_cell3,519,102Ah_25degC_0p5C_cell3|515|2021-08-24T07:03:28|2021-08-24T09:03:27,2021-08-24T09:03:27,True,False,True,new qualified event in recent-five partial-charge feature
M4_multi_efc_T_v1_final_candidate,final,102Ah_25degC_0p5C_cell3,519,102Ah_25degC_0p5C_cell3|516|2021-08-24T12:01:55|2021-08-24T14:01:25,2021-08-24T14:01:25,True,False,True,new qualified event in recent-five partial-charge feature
M4_multi_efc_T_v1_final_candidate,final,102Ah_25degC_0p5C_cell3,519,102Ah_25degC_0p5C_cell3|517|2021-08-24T16:59:20|2021-08-24T18:59:20,2021-08-24T18:59:20,True,False,True,new qualified event in recent-five partial-charge feature
M4_multi_efc_T_v1_final_candidate,final,102Ah_25degC_0p5C_cell3,519,102Ah_25degC_0p5C_cell3|518|2021-08-24T21:57:46|2021-08-24T23:57:16,2021-08-24T23:57:16,True,False,True,new qualified event in recent-five partial-charge feature
M4_multi_efc_T_v1_final_candidate,final,102Ah_25degC_0p5C_cell3,552,102Ah_25degC_0p5C_cell3|547|2021-08-30T21:47:18|2021-08-30T23:46:48,2021-08-30T23:46:48,True,False,True,new qualified event in recent-five partial-charge feature
M4_multi_efc_T_v1_final_candidate,final,102Ah_25degC_0p5C_cell3,552,102Ah_25degC_0p5C_cell3|548|2021-08-31T02:44:39|2021-08-31T04:44:09,2021-08-31T04:44:09,True,False,True,new qualified event in recent-five partial-charge feature
M4_multi_efc_T_v1_final_candidate,final,102Ah_25degC_0p5C_cell3,552,102Ah_25degC_0p5C_cell3|549|2021-08-31T07:42:32|2021-08-31T09:41:31,2021-08-31T09:41:31,True,False,True,new qualified event in recent-five partial-charge feature
M4_multi_efc_T_v1_final_candidate,final,102Ah_25degC_0p5C_cell3,552,102Ah_25degC_0p5C_cell3|550|2021-08-31T12:39:55|2021-08-31T14:38:55,2021-08-31T14:38:55,True,False,True,new qualified event in recent-five partial-charge feature
M4_multi_efc_T_v1_final_candidate,final,102Ah_25degC_0p5C_cell3,552,102Ah_25degC_0p5C_cell3|551|2021-08-31T17:37:16|2021-08-31T19:36:16,2021-08-31T19:36:16,True,False,True,new qualified event in recent-five partial-charge feature
M4_multi_efc_T_v1_final_candidate,final,102Ah_25degC_0p5C_cell3,583,102Ah_25degC_0p5C_cell3|578|2021-09-06T07:19:51|2021-09-06T09:19:20,2021-09-06T09:19:20,True,False,True,new qualified event in recent-five partial-charge feature
M4_multi_efc_T_v1_final_candidate,final,102Ah_25degC_0p5C_cell3,583,102Ah_25degC_0p5C_cell3|579|2021-09-06T12:17:20|2021-09-06T14:16:20,2021-09-06T14:16:20,True,False,True,new qualified event in recent-five partial-charge feature
M4_multi_efc_T_v1_final_candidate,final,102Ah_25degC_0p5C_cell3,583,102Ah_25degC_0p5C_cell3|580|2021-09-06T17:13:48|2021-09-06T19:13:17,2021-09-06T19:13:17,True,False,True,new qualified event in recent-five partial-charge feature
M4_multi_efc_T_v1_final_candidate,final,102Ah_25degC_0p5C_cell3,583,102Ah_25degC_0p5C_cell3|581|2021-09-06T22:11:13|2021-09-07T00:10:12,2021-09-07T00:10:12,True,False,True,new qualified event in recent-five partial-charge feature
M4_multi_efc_T_v1_final_candidate,final,102Ah_25degC_0p5C_cell3,583,102Ah_25degC_0p5C_cell3|582|2021-09-07T03:08:06|2021-09-07T05:07:06,2021-09-07T05:07:06,True,False,True,new qualified event in recent-five partial-charge feature
M4_multi_efc_T_v1_final_candidate,final,102Ah_25degC_0p5C_cell3,613,102Ah_25degC_0p5C_cell3|608|2021-09-12T11:43:00|2021-09-12T13:42:00,2021-09-12T13:42:00,True,False,True,new qualified event in recent-five partial-charge feature
M4_multi_efc_T_v1_final_candidate,final,102Ah_25degC_0p5C_cell3,613,102Ah_25degC_0p5C_cell3|609|2021-09-12T16:39:34|2021-09-12T18:38:33,2021-09-12T18:38:33,True,False,True,new qualified event in recent-five partial-charge feature
M4_multi_efc_T_v1_final_candidate,final,102Ah_25degC_0p5C_cell3,613,102Ah_25degC_0p5C_cell3|610|2021-09-12T21:35:38|2021-09-12T23:35:08,2021-09-12T23:35:08,True,False,True,new qualified event in recent-five partial-charge feature
M4_multi_efc_T_v1_final_candidate,final,102Ah_25degC_0p5C_cell3,613,102Ah_25degC_0p5C_cell3|611|2021-09-13T02:32:40|2021-09-13T04:31:40,2021-09-13T04:31:40,True,False,True,new qualified event in recent-five partial-charge feature
M4_multi_efc_T_v1_final_candidate,final,102Ah_25degC_0p5C_cell3,613,102Ah_25degC_0p5C_cell3|612|2021-09-13T07:29:14|2021-09-13T09:28:14,2021-09-13T09:28:14,True,False,True,new qualified event in recent-five partial-charge feature
M4_multi_efc_T_v1_final_candidate,final,102Ah_25degC_0p5C_cell3,646,102Ah_25degC_0p5C_cell3|641|2021-09-19T06:43:39|2021-09-19T08:42:09,2021-09-19T08:42:09,True,False,True,new qualified event in recent-five partial-charge feature
M4_multi_efc_T_v1_final_candidate,final,102Ah_25degC_0p5C_cell3,646,102Ah_25degC_0p5C_cell3|642|2021-09-19T11:39:49|2021-09-19T13:38:19,2021-09-19T13:38:19,True,False,True,new qualified event in recent-five partial-charge feature
M4_multi_efc_T_v1_final_candidate,final,102Ah_25degC_0p5C_cell3,646,102Ah_25degC_0p5C_cell3|643|2021-09-19T16:35:59|2021-09-19T18:34:29,2021-09-19T18:34:29,True,False,True,new qualified event in recent-five partial-charge feature
M4_multi_efc_T_v1_final_candidate,final,102Ah_25degC_0p5C_cell3,646,102Ah_25degC_0p5C_cell3|644|2021-09-19T21:31:39|2021-09-19T23:30:39,2021-09-19T23:30:39,True,False,True,new qualified event in recent-five partial-charge feature
M4_multi_efc_T_v1_final_candidate,final,102Ah_25degC_0p5C_cell3,646,102Ah_25degC_0p5C_cell3|645|2021-09-20T02:27:48|2021-09-20T04:26:48,2021-09-20T04:26:48,True,False,True,new qualified event in recent-five partial-charge feature
M4_multi_efc_T_v1_final_candidate,final,102Ah_25degC_0p5C_cell3,676,102Ah_25degC_0p5C_cell3|671|2021-09-25T10:42:47|2021-09-25T12:41:46,2021-09-25T12:41:46,True,False,True,new qualified event in recent-five partial-charge feature
M4_multi_efc_T_v1_final_candidate,final,102Ah_25degC_0p5C_cell3,676,102Ah_25degC_0p5C_cell3|672|2021-09-25T15:38:33|2021-09-25T17:37:32,2021-09-25T17:37:32,True,False,True,new qualified event in recent-five partial-charge feature
M4_multi_efc_T_v1_final_candidate,final,102Ah_25degC_0p5C_cell3,676,102Ah_25degC_0p5C_cell3|673|2021-09-25T20:34:50|2021-09-25T22:33:20,2021-09-25T22:33:20,True,False,True,new qualified event in recent-five partial-charge feature
M4_multi_efc_T_v1_final_candidate,final,102Ah_25degC_0p5C_cell3,676,102Ah_25degC_0p5C_cell3|674|2021-09-26T01:30:06|2021-09-26T03:29:05,2021-09-26T03:29:05,True,False,True,new qualified event in recent-five partial-charge feature
M4_multi_efc_T_v1_final_candidate,final,102Ah_25degC_0p5C_cell3,676,102Ah_25degC_0p5C_cell3|675|2021-09-26T06:25:52|2021-09-26T08:24:52,2021-09-26T08:24:52,True,False,True,new qualified event in recent-five partial-charge feature
M4_multi_efc_T_v1_final_candidate,final,102Ah_25degC_0p5C_cell3,709,102Ah_25degC_0p5C_cell3|704|2021-10-10T12:33:04|2021-10-10T14:31:04,2021-10-10T14:31:04,True,False,True,new qualified event in recent-five partial-charge feature
M4_multi_efc_T_v1_final_candidate,final,102Ah_25degC_0p5C_cell3,709,102Ah_25degC_0p5C_cell3|705|2021-10-10T17:27:51|2021-10-10T19:26:20,2021-10-10T19:26:20,True,False,True,new qualified event in recent-five partial-charge feature
M4_multi_efc_T_v1_final_candidate,final,102Ah_25degC_0p5C_cell3,709,102Ah_25degC_0p5C_cell3|706|2021-10-10T22:23:04|2021-10-11T00:21:33,2021-10-11T00:21:33,True,False,True,new qualified event in recent-five partial-charge feature
M4_multi_efc_T_v1_final_candidate,final,102Ah_25degC_0p5C_cell3,709,102Ah_25degC_0p5C_cell3|707|2021-10-11T03:18:18|2021-10-11T05:16:48,2021-10-11T05:16:48,True,False,True,new qualified event in recent-five partial-charge feature
M4_multi_efc_T_v1_final_candidate,final,102Ah_25degC_0p5C_cell3,709,102Ah_25degC_0p5C_cell3|708|2021-10-11T08:13:30|2021-10-11T10:12:00,2021-10-11T10:12:00,True,False,True,new qualified event in recent-five partial-charge feature
M4_multi_efc_T_v1_final_candidate,final,102Ah_25degC_0p5C_cell3,739,102Ah_25degC_0p5C_cell3|734|2021-10-16T16:04:32|2021-10-16T18:03:01,2021-10-16T18:03:01,True,False,True,new qualified event in recent-five partial-charge feature
M4_multi_efc_T_v1_final_candidate,final,102Ah_25degC_0p5C_cell3,739,102Ah_25degC_0p5C_cell3|735|2021-10-16T20:59:27|2021-10-16T22:57:57,2021-10-16T22:57:57,True,False,True,new qualified event in recent-five partial-charge feature
M4_multi_efc_T_v1_final_candidate,final,102Ah_25degC_0p5C_cell3,739,102Ah_25degC_0p5C_cell3|736|2021-10-17T01:54:23|2021-10-17T03:52:52,2021-10-17T03:52:52,True,False,True,new qualified event in recent-five partial-charge feature
M4_multi_efc_T_v1_final_candidate,final,102Ah_25degC_0p5C_cell3,739,102Ah_25degC_0p5C_cell3|737|2021-10-17T06:49:19|2021-10-17T08:47:49,2021-10-17T08:47:49,True,False,True,new qualified event in recent-five partial-charge feature
M4_multi_efc_T_v1_final_candidate,final,102Ah_25degC_0p5C_cell3,739,102Ah_25degC_0p5C_cell3|738|2021-10-17T11:44:15|2021-10-17T13:42:44,2021-10-17T13:42:44,True,False,True,new qualified event in recent-five partial-charge feature
M4_multi_efc_T_v1_final_candidate,final,102Ah_25degC_0p5C_cell3,770,102Ah_25degC_0p5C_cell3|765|2021-10-23T00:24:35|2021-10-23T02:23:05,2021-10-23T02:23:05,True,False,True,new qualified event in recent-five partial-charge feature
M4_multi_efc_T_v1_final_candidate,final,102Ah_25degC_0p5C_cell3,770,102Ah_25degC_0p5C_cell3|766|2021-10-23T05:19:18|2021-10-23T07:17:48,2021-10-23T07:17:48,True,False,True,new qualified event in recent-five partial-charge feature
M4_multi_efc_T_v1_final_candidate,final,102Ah_25degC_0p5C_cell3,770,102Ah_25degC_0p5C_cell3|767|2021-10-23T10:14:01|2021-10-23T12:12:31,2021-10-23T12:12:31,True,False,True,new qualified event in recent-five partial-charge feature
M4_multi_efc_T_v1_final_candidate,final,102Ah_25degC_0p5C_cell3,770,102Ah_25degC_0p5C_cell3|768|2021-10-23T15:08:43|2021-10-23T17:07:13,2021-10-23T17:07:13,True,False,True,new qualified event in recent-five partial-charge feature
M4_multi_efc_T_v1_final_candidate,final,102Ah_25degC_0p5C_cell3,770,102Ah_25degC_0p5C_cell3|769|2021-10-23T20:03:53|2021-10-23T22:01:53,2021-10-23T22:01:53,True,False,True,new qualified event in recent-five partial-charge feature
M4_multi_efc_T_v1_final_candidate,final,102Ah_25degC_0p5C_cell3,803,102Ah_25degC_0p5C_cell3|796|2021-10-29T13:30:10|2021-10-29T15:28:40,2021-10-29T15:28:40,True,False,True,new qualified event in recent-five partial-charge feature
M4_multi_efc_T_v1_final_candidate,final,102Ah_25degC_0p5C_cell3,803,102Ah_25degC_0p5C_cell3|799|2021-10-29T23:18:52|2021-10-30T01:17:22,2021-10-30T01:17:22,True,False,True,new qualified event in recent-five partial-charge feature
M4_multi_efc_T_v1_final_candidate,final,102Ah_25degC_0p5C_cell3,803,102Ah_25degC_0p5C_cell3|800|2021-10-30T04:13:15|2021-10-30T06:11:45,2021-10-30T06:11:45,True,False,True,new qualified event in recent-five partial-charge feature
M4_multi_efc_T_v1_final_candidate,final,102Ah_25degC_0p5C_cell3,803,102Ah_25degC_0p5C_cell3|801|2021-10-30T09:08:05|2021-10-30T11:06:05,2021-10-30T11:06:05,True,False,True,new qualified event in recent-five partial-charge feature
M4_multi_efc_T_v1_final_candidate,final,102Ah_25degC_0p5C_cell3,803,102Ah_25degC_0p5C_cell3|802|2021-10-30T14:02:27|2021-10-30T16:00:27,2021-10-30T16:00:27,True,False,True,new qualified event in recent-five partial-charge feature
M4_multi_efc_T_v1_final_candidate,final,102Ah_25degC_0p5C_cell3,833,102Ah_25degC_0p5C_cell3|829|2021-11-06T13:31:28|2021-11-06T15:29:28,2021-11-06T15:29:28,True,False,True,new qualified event in recent-five partial-charge feature
M4_multi_efc_T_v1_final_candidate,final,102Ah_25degC_0p5C_cell3,833,102Ah_25degC_0p5C_cell3|830|2021-11-06T18:25:33|2021-11-06T20:23:33,2021-11-06T20:23:33,True,False,True,new qualified event in recent-five partial-charge feature
M4_multi_efc_T_v1_final_candidate,final,102Ah_25degC_0p5C_cell3,833,102Ah_25degC_0p5C_cell3|831|2021-11-06T23:19:38|2021-11-07T01:17:37,2021-11-07T01:17:37,True,False,True,new qualified event in recent-five partial-charge feature
M4_multi_efc_T_v1_final_candidate,final,102Ah_25degC_0p5C_cell3,833,102Ah_25degC_0p5C_cell3|832|2021-11-07T04:13:40|2021-11-07T06:11:40,2021-11-07T06:11:40,True,False,True,new qualified event in recent-five partial-charge feature
M4_multi_efc_T_v1_final_candidate,final,102Ah_25degC_0p5C_cell3,833,102Ah_25degC_0p5C_cell3|833|2021-11-07T09:07:40|2021-11-07T11:05:40,2021-11-07T11:05:40,True,False,True,new qualified event in recent-five partial-charge feature
M4_multi_efc_T_v1_final_candidate,final,102Ah_25degC_0p5C_cell3,864,102Ah_25degC_0p5C_cell3|860|2021-11-12T21:22:06|2021-11-12T23:20:06,2021-11-12T23:20:06,True,False,True,new qualified event in recent-five partial-charge feature
M4_multi_efc_T_v1_final_candidate,final,102Ah_25degC_0p5C_cell3,864,102Ah_25degC_0p5C_cell3|861|2021-11-13T02:15:49|2021-11-13T04:13:49,2021-11-13T04:13:49,True,False,True,new qualified event in recent-five partial-charge feature
M4_multi_efc_T_v1_final_candidate,final,102Ah_25degC_0p5C_cell3,864,102Ah_25degC_0p5C_cell3|862|2021-11-13T07:09:32|2021-11-13T09:07:31,2021-11-13T09:07:31,True,False,True,new qualified event in recent-five partial-charge feature
M4_multi_efc_T_v1_final_candidate,final,102Ah_25degC_0p5C_cell3,864,102Ah_25degC_0p5C_cell3|863|2021-11-13T12:03:13|2021-11-13T14:01:13,2021-11-13T14:01:13,True,False,True,new qualified event in recent-five partial-charge feature
M4_multi_efc_T_v1_final_candidate,final,102Ah_25degC_0p5C_cell3,864,102Ah_25degC_0p5C_cell3|864|2021-11-13T16:56:53|2021-11-13T18:54:53,2021-11-13T18:54:53,True,False,True,new qualified event in recent-five partial-charge feature
M4_multi_efc_T_v1_final_candidate,final,102Ah_25degC_0p5C_cell3,895,102Ah_25degC_0p5C_cell3|891|2021-11-19T05:02:23|2021-11-19T07:00:22,2021-11-19T07:00:22,True,False,True,new qualified event in recent-five partial-charge feature
M4_multi_efc_T_v1_final_candidate,final,102Ah_25degC_0p5C_cell3,895,102Ah_25degC_0p5C_cell3|892|2021-11-19T09:55:48|2021-11-19T11:53:48,2021-11-19T11:53:48,True,False,True,new qualified event in recent-five partial-charge feature
M4_multi_efc_T_v1_final_candidate,final,102Ah_25degC_0p5C_cell3,895,102Ah_25degC_0p5C_cell3|893|2021-11-19T14:49:13|2021-11-19T16:47:13,2021-11-19T16:47:13,True,False,True,new qualified event in recent-five partial-charge feature
M4_multi_efc_T_v1_final_candidate,final,102Ah_25degC_0p5C_cell3,895,102Ah_25degC_0p5C_cell3|894|2021-11-19T19:42:35|2021-11-19T21:40:35,2021-11-19T21:40:35,True,False,True,new qualified event in recent-five partial-charge feature
M4_multi_efc_T_v1_final_candidate,final,102Ah_25degC_0p5C_cell3,895,102Ah_25degC_0p5C_cell3|895|2021-11-20T00:35:57|2021-11-20T02:33:57,2021-11-20T02:33:57,True,False,True,new qualified event in recent-five partial-charge feature
M4_multi_efc_T_v1_final_candidate,final,102Ah_25degC_0p5C_cell3,925,102Ah_25degC_0p5C_cell3|921|2021-11-25T07:57:50|2021-11-25T09:55:20,2021-11-25T09:55:20,True,False,True,new qualified event in recent-five partial-charge feature
M4_multi_efc_T_v1_final_candidate,final,102Ah_25degC_0p5C_cell3,925,102Ah_25degC_0p5C_cell3|922|2021-11-25T12:50:57|2021-11-25T14:48:27,2021-11-25T14:48:27,True,False,True,new qualified event in recent-five partial-charge feature
M4_multi_efc_T_v1_final_candidate,final,102Ah_25degC_0p5C_cell3,925,102Ah_25degC_0p5C_cell3|923|2021-11-25T17:44:04|2021-11-25T19:41:33,2021-11-25T19:41:33,True,False,True,new qualified event in recent-five partial-charge feature
M4_multi_efc_T_v1_final_candidate,final,102Ah_25degC_0p5C_cell3,925,102Ah_25degC_0p5C_cell3|924|2021-11-25T22:37:10|2021-11-26T00:35:10,2021-11-26T00:35:10,True,False,True,new qualified event in recent-five partial-charge feature
M4_multi_efc_T_v1_final_candidate,final,102Ah_25degC_0p5C_cell3,925,102Ah_25degC_0p5C_cell3|925|2021-11-26T03:30:18|2021-11-26T05:28:17,2021-11-26T05:28:17,True,False,True,new qualified event in recent-five partial-charge feature
M4_multi_efc_T_v1_final_candidate,final,102Ah_25degC_0p5C_cell3,956,102Ah_25degC_0p5C_cell3|952|2021-12-01T15:22:48|2021-12-01T17:20:17,2021-12-01T17:20:17,True,False,True,new qualified event in recent-five partial-charge feature
M4_multi_efc_T_v1_final_candidate,final,102Ah_25degC_0p5C_cell3,956,102Ah_25degC_0p5C_cell3|953|2021-12-01T20:15:39|2021-12-01T22:13:09,2021-12-01T22:13:09,True,False,True,new qualified event in recent-five partial-charge feature
M4_multi_efc_T_v1_final_candidate,final,102Ah_25degC_0p5C_cell3,956,102Ah_25degC_0p5C_cell3|954|2021-12-02T01:08:27|2021-12-02T03:05:57,2021-12-02T03:05:57,True,False,True,new qualified event in recent-five partial-charge feature
M4_multi_efc_T_v1_final_candidate,final,102Ah_25degC_0p5C_cell3,956,102Ah_25degC_0p5C_cell3|955|2021-12-02T06:01:16|2021-12-02T07:58:46,2021-12-02T07:58:46,True,False,True,new qualified event in recent-five partial-charge feature
M4_multi_efc_T_v1_final_candidate,final,102Ah_25degC_0p5C_cell3,956,102Ah_25degC_0p5C_cell3|956|2021-12-02T10:54:06|2021-12-02T12:51:36,2021-12-02T12:51:36,True,False,True,new qualified event in recent-five partial-charge feature
M4_multi_efc_T_v1_final_candidate,final,102Ah_25degC_1C_cell3,212,102Ah_25degC_1C_cell3|207|2021-05-27T04:55:17|2021-05-27T05:57:17,2021-05-27T05:57:17,True,False,True,new qualified event in recent-five partial-charge feature
M4_multi_efc_T_v1_final_candidate,final,102Ah_25degC_1C_cell3,212,102Ah_25degC_1C_cell3|208|2021-05-27T07:58:04|2021-05-27T08:59:34,2021-05-27T08:59:34,True,False,True,new qualified event in recent-five partial-charge feature
M4_multi_efc_T_v1_final_candidate,final,102Ah_25degC_1C_cell3,212,102Ah_25degC_1C_cell3|209|2021-05-27T11:00:21|2021-05-27T12:01:51,2021-05-27T12:01:51,True,False,True,new qualified event in recent-five partial-charge feature
M4_multi_efc_T_v1_final_candidate,final,102Ah_25degC_1C_cell3,212,102Ah_25degC_1C_cell3|210|2021-05-27T14:02:36|2021-05-27T15:04:06,2021-05-27T15:04:06,True,False,True,new qualified event in recent-five partial-charge feature
M4_multi_efc_T_v1_final_candidate,final,102Ah_25degC_1C_cell3,212,102Ah_25degC_1C_cell3|211|2021-05-27T17:04:22|2021-05-27T18:06:22,2021-05-27T18:06:22,True,False,True,new qualified event in recent-five partial-charge feature
M4_multi_efc_T_v1_final_candidate,final,102Ah_25degC_1C_cell3,341,102Ah_25degC_1C_cell3|336|2021-06-12T11:36:33|2021-06-12T12:38:03,2021-06-12T12:38:03,True,False,True,new qualified event in recent-five partial-charge feature
M4_multi_efc_T_v1_final_candidate,final,102Ah_25degC_1C_cell3,341,102Ah_25degC_1C_cell3|337|2021-06-12T14:37:42|2021-06-12T15:39:12,2021-06-12T15:39:12,True,False,True,new qualified event in recent-five partial-charge feature
M4_multi_efc_T_v1_final_candidate,final,102Ah_25degC_1C_cell3,341,102Ah_25degC_1C_cell3|338|2021-06-12T17:39:19|2021-06-12T18:40:19,2021-06-12T18:40:19,True,False,True,new qualified event in recent-five partial-charge feature
M4_multi_efc_T_v1_final_candidate,final,102Ah_25degC_1C_cell3,341,102Ah_25degC_1C_cell3|339|2021-06-12T20:39:55|2021-06-12T21:41:25,2021-06-12T21:41:25,True,False,True,new qualified event in recent-five partial-charge feature
M4_multi_efc_T_v1_final_candidate,final,102Ah_25degC_1C_cell3,341,102Ah_25degC_1C_cell3|340|2021-06-12T23:41:02|2021-06-13T00:42:32,2021-06-13T00:42:32,True,False,True,new qualified event in recent-five partial-charge feature
M4_multi_efc_T_v1_final_candidate,final,102Ah_25degC_1C_cell3,469,102Ah_25degC_1C_cell3|464|2021-06-30T17:56:52|2021-06-30T18:57:21,2021-06-30T18:57:21,True,False,True,new qualified event in recent-five partial-charge feature
M4_multi_efc_T_v1_final_candidate,final,102Ah_25degC_1C_cell3,469,102Ah_25degC_1C_cell3|465|2021-06-30T20:56:39|2021-06-30T21:57:39,2021-06-30T21:57:39,True,False,True,new qualified event in recent-five partial-charge feature
M4_multi_efc_T_v1_final_candidate,final,102Ah_25degC_1C_cell3,469,102Ah_25degC_1C_cell3|466|2021-06-30T23:57:25|2021-07-01T00:57:55,2021-07-01T00:57:55,True,False,True,new qualified event in recent-five partial-charge feature
M4_multi_efc_T_v1_final_candidate,final,102Ah_25degC_1C_cell3,469,102Ah_25degC_1C_cell3|467|2021-07-01T02:57:39|2021-07-01T03:58:09,2021-07-01T03:58:09,True,False,True,new qualified event in recent-five partial-charge feature
M4_multi_efc_T_v1_final_candidate,final,102Ah_25degC_1C_cell3,469,102Ah_25degC_1C_cell3|468|2021-07-01T05:57:55|2021-07-01T06:58:25,2021-07-01T06:58:25,True,False,True,new qualified event in recent-five partial-charge feature
M4_multi_efc_T_v1_final_candidate,final,102Ah_25degC_1C_cell3,606,102Ah_25degC_1C_cell3|601|2021-07-18T13:19:38|2021-07-18T14:19:38,2021-07-18T14:19:38,True,False,True,new qualified event in recent-five partial-charge feature
M4_multi_efc_T_v1_final_candidate,final,102Ah_25degC_1C_cell3,606,102Ah_25degC_1C_cell3|602|2021-07-18T16:19:09|2021-07-18T17:19:09,2021-07-18T17:19:09,True,False,True,new qualified event in recent-five partial-charge feature
M4_multi_efc_T_v1_final_candidate,final,102Ah_25degC_1C_cell3,606,102Ah_25degC_1C_cell3|603|2021-07-18T19:18:09|2021-07-18T20:18:39,2021-07-18T20:18:39,True,False,True,new qualified event in recent-five partial-charge feature
M4_multi_efc_T_v1_final_candidate,final,102Ah_25degC_1C_cell3,606,102Ah_25degC_1C_cell3|604|2021-07-18T22:18:08|2021-07-18T23:18:08,2021-07-18T23:18:08,True,False,True,new qualified event in recent-five partial-charge feature
M4_multi_efc_T_v1_final_candidate,final,102Ah_25degC_1C_cell3,606,102Ah_25degC_1C_cell3|605|2021-07-19T01:17:09|2021-07-19T02:17:39,2021-07-19T02:17:39,True,False,True,new qualified event in recent-five partial-charge feature
M4_multi_efc_T_v1_final_candidate,final,102Ah_25degC_1C_cell3,735,102Ah_25degC_1C_cell3|730|2021-08-03T14:28:51|2021-08-03T15:28:51,2021-08-03T15:28:51,True,False,True,new qualified event in recent-five partial-charge feature
M4_multi_efc_T_v1_final_candidate,final,102Ah_25degC_1C_cell3,735,102Ah_25degC_1C_cell3|731|2021-08-03T17:27:08|2021-08-03T18:27:38,2021-08-03T18:27:38,True,False,True,new qualified event in recent-five partial-charge feature
M4_multi_efc_T_v1_final_candidate,final,102Ah_25degC_1C_cell3,735,102Ah_25degC_1C_cell3|732|2021-08-03T20:25:52|2021-08-03T21:26:22,2021-08-03T21:26:22,True,False,True,new qualified event in recent-five partial-charge feature
M4_multi_efc_T_v1_final_candidate,final,102Ah_25degC_1C_cell3,735,102Ah_25degC_1C_cell3|733|2021-08-03T23:24:36|2021-08-04T00:25:05,2021-08-04T00:25:05,True,False,True,new qualified event in recent-five partial-charge feature
M4_multi_efc_T_v1_final_candidate,final,102Ah_25degC_1C_cell3,735,102Ah_25degC_1C_cell3|734|2021-08-04T02:23:20|2021-08-04T03:23:50,2021-08-04T03:23:50,True,False,True,new qualified event in recent-five partial-charge feature
M4_multi_efc_T_v1_final_candidate,final,102Ah_25degC_1C_cell3,872,102Ah_25degC_1C_cell3|867|2021-08-20T13:56:21|2021-08-20T14:55:51,2021-08-20T14:55:51,True,False,True,new qualified event in recent-five partial-charge feature
M4_multi_efc_T_v1_final_candidate,final,102Ah_25degC_1C_cell3,872,102Ah_25degC_1C_cell3|868|2021-08-20T16:53:56|2021-08-20T17:53:56,2021-08-20T17:53:56,True,False,True,new qualified event in recent-five partial-charge feature
M4_multi_efc_T_v1_final_candidate,final,102Ah_25degC_1C_cell3,872,102Ah_25degC_1C_cell3|869|2021-08-20T19:51:58|2021-08-20T20:51:58,2021-08-20T20:51:58,True,False,True,new qualified event in recent-five partial-charge feature
M4_multi_efc_T_v1_final_candidate,final,102Ah_25degC_1C_cell3,872,102Ah_25degC_1C_cell3|870|2021-08-20T22:50:00|2021-08-20T23:50:00,2021-08-20T23:50:00,True,False,True,new qualified event in recent-five partial-charge feature
M4_multi_efc_T_v1_final_candidate,final,102Ah_25degC_1C_cell3,872,102Ah_25degC_1C_cell3|871|2021-08-21T01:48:34|2021-08-21T02:48:04,2021-08-21T02:48:04,True,False,True,new qualified event in recent-five partial-charge feature
M4_multi_efc_T_v1_final_candidate,final,102Ah_25degC_1C_cell3,1001,102Ah_25degC_1C_cell3|997|2021-09-05T15:04:58|2021-09-05T16:04:28,2021-09-05T16:04:28,True,False,True,new qualified event in recent-five partial-charge feature
M4_multi_efc_T_v1_final_candidate,final,102Ah_25degC_1C_cell3,1001,102Ah_25degC_1C_cell3|998|2021-09-05T18:01:54|2021-09-05T19:01:54,2021-09-05T19:01:54,True,False,True,new qualified event in recent-five partial-charge feature
M4_multi_efc_T_v1_final_candidate,final,102Ah_25degC_1C_cell3,1001,102Ah_25degC_1C_cell3|999|2021-09-05T20:59:51|2021-09-05T21:59:21,2021-09-05T21:59:21,True,False,True,new qualified event in recent-five partial-charge feature
M4_multi_efc_T_v1_final_candidate,final,102Ah_25degC_1C_cell3,1001,102Ah_25degC_1C_cell3|1000|2021-09-06T10:27:51|2021-09-06T11:27:51,2021-09-06T11:27:51,True,False,True,new qualified event in recent-five partial-charge feature
M4_multi_efc_T_v1_final_candidate,final,102Ah_25degC_1C_cell3,1001,102Ah_25degC_1C_cell3|1001|2021-09-06T13:25:21|2021-09-06T14:25:21,2021-09-06T14:25:21,True,False,True,new qualified event in recent-five partial-charge feature
M4_multi_efc_T_v1_final_candidate,final,102Ah_25degC_1C_cell3,1627,102Ah_25degC_1C_cell3|1623|2021-12-03T15:37:45|2021-12-03T16:36:15,2021-12-03T16:36:15,True,False,True,new qualified event in recent-five partial-charge feature
M4_multi_efc_T_v1_final_candidate,final,102Ah_25degC_1C_cell3,1627,102Ah_25degC_1C_cell3|1624|2021-12-03T18:32:20|2021-12-03T19:30:50,2021-12-03T19:30:50,True,False,True,new qualified event in recent-five partial-charge feature
M4_multi_efc_T_v1_final_candidate,final,102Ah_25degC_1C_cell3,1627,102Ah_25degC_1C_cell3|1625|2021-12-03T21:26:56|2021-12-03T22:25:26,2021-12-03T22:25:26,True,False,True,new qualified event in recent-five partial-charge feature
M4_multi_efc_T_v1_final_candidate,final,102Ah_25degC_1C_cell3,1627,102Ah_25degC_1C_cell3|1626|2021-12-04T00:21:30|2021-12-04T01:20:00,2021-12-04T01:20:00,True,False,True,new qualified event in recent-five partial-charge feature
M4_multi_efc_T_v1_final_candidate,final,102Ah_25degC_1C_cell3,1627,102Ah_25degC_1C_cell3|1627|2021-12-04T03:16:04|2021-12-04T04:14:34,2021-12-04T04:14:34,True,False,True,new qualified event in recent-five partial-charge feature
M4_multi_efc_T_v1_final_candidate,final,102Ah_25degC_1C_cell3,1756,102Ah_25degC_1C_cell3|1752|2021-12-19T06:32:57|2021-12-19T07:31:26,2021-12-19T07:31:26,True,False,True,new qualified event in recent-five partial-charge feature
M4_multi_efc_T_v1_final_candidate,final,102Ah_25degC_1C_cell3,1756,102Ah_25degC_1C_cell3|1753|2021-12-19T09:27:11|2021-12-19T10:25:41,2021-12-19T10:25:41,True,False,True,new qualified event in recent-five partial-charge feature
M4_multi_efc_T_v1_final_candidate,final,102Ah_25degC_1C_cell3,1756,102Ah_25degC_1C_cell3|1754|2021-12-19T12:21:26|2021-12-19T13:19:56,2021-12-19T13:19:56,True,False,True,new qualified event in recent-five partial-charge feature
M4_multi_efc_T_v1_final_candidate,final,102Ah_25degC_1C_cell3,1756,102Ah_25degC_1C_cell3|1755|2021-12-19T15:15:42|2021-12-19T16:14:11,2021-12-19T16:14:11,True,False,True,new qualified event in recent-five partial-charge feature
M4_multi_efc_T_v1_final_candidate,final,102Ah_25degC_1C_cell3,1756,102Ah_25degC_1C_cell3|1756|2021-12-19T18:09:56|2021-12-19T19:08:26,2021-12-19T19:08:26,True,False,True,new qualified event in recent-five partial-charge feature
M4_multi_efc_T_v1_final_candidate,final,102Ah_25degC_1C_cell3,1885,102Ah_25degC_1C_cell3|1881|2022-01-03T20:49:32|2022-01-03T21:48:02,2022-01-03T21:48:02,True,False,True,new qualified event in recent-five partial-charge feature
M4_multi_efc_T_v1_final_candidate,final,102Ah_25degC_1C_cell3,1885,102Ah_25degC_1C_cell3|1882|2022-01-03T23:43:26|2022-01-04T00:41:56,2022-01-04T00:41:56,True,False,True,new qualified event in recent-five partial-charge feature
M4_multi_efc_T_v1_final_candidate,final,102Ah_25degC_1C_cell3,1885,102Ah_25degC_1C_cell3|1883|2022-01-04T02:37:20|2022-01-04T03:35:50,2022-01-04T03:35:50,True,False,True,new qualified event in recent-five partial-charge feature
M4_multi_efc_T_v1_final_candidate,final,102Ah_25degC_1C_cell3,1885,102Ah_25degC_1C_cell3|1884|2022-01-04T05:31:16|2022-01-04T06:29:46,2022-01-04T06:29:46,True,False,True,new qualified event in recent-five partial-charge feature
M4_multi_efc_T_v1_final_candidate,final,102Ah_25degC_1C_cell3,1885,102Ah_25degC_1C_cell3|1885|2022-01-04T08:25:11|2022-01-04T09:23:41,2022-01-04T09:23:41,True,False,True,new qualified event in recent-five partial-charge feature
M4_multi_efc_T_v1_final_candidate,final,102Ah_25degC_1C_cell3,2495,102Ah_25degC_1C_cell3|2491|2022-04-01T00:03:53|2022-04-01T01:00:53,2022-04-01T01:00:53,True,False,True,new qualified event in recent-five partial-charge feature
M4_multi_efc_T_v1_final_candidate,final,102Ah_25degC_1C_cell3,2495,102Ah_25degC_1C_cell3|2492|2022-04-01T02:55:15|2022-04-01T03:52:15,2022-04-01T03:52:15,True,False,True,new qualified event in recent-five partial-charge feature
M4_multi_efc_T_v1_final_candidate,final,102Ah_25degC_1C_cell3,2495,102Ah_25degC_1C_cell3|2493|2022-04-01T05:46:36|2022-04-01T06:43:36,2022-04-01T06:43:36,True,False,True,new qualified event in recent-five partial-charge feature
M4_multi_efc_T_v1_final_candidate,final,102Ah_25degC_1C_cell3,2495,102Ah_25degC_1C_cell3|2494|2022-04-01T08:37:57|2022-04-01T09:34:56,2022-04-01T09:34:56,True,False,True,new qualified event in recent-five partial-charge feature
M4_multi_efc_T_v1_final_candidate,final,102Ah_25degC_1C_cell3,2495,102Ah_25degC_1C_cell3|2495|2022-04-01T20:03:26|2022-04-01T21:00:56,2022-04-01T21:00:56,True,False,True,new qualified event in recent-five partial-charge feature
M4_multi_efc_T_v1_final_candidate,final,102Ah_25degC_1C_cell3,2632,102Ah_25degC_1C_cell3|2628|2022-04-17T06:55:12|2022-04-17T07:52:12,2022-04-17T07:52:12,True,False,True,new qualified event in recent-five partial-charge feature
M4_multi_efc_T_v1_final_candidate,final,102Ah_25degC_1C_cell3,2632,102Ah_25degC_1C_cell3|2629|2022-04-17T09:46:12|2022-04-17T10:43:12,2022-04-17T10:43:12,True,False,True,new qualified event in recent-five partial-charge feature
M4_multi_efc_T_v1_final_candidate,final,102Ah_25degC_1C_cell3,2632,102Ah_25degC_1C_cell3|2630|2022-04-17T12:37:13|2022-04-17T13:34:13,2022-04-17T13:34:13,True,False,True,new qualified event in recent-five partial-charge feature
M4_multi_efc_T_v1_final_candidate,final,102Ah_25degC_1C_cell3,2632,102Ah_25degC_1C_cell3|2631|2022-04-17T15:28:13|2022-04-17T16:25:13,2022-04-17T16:25:13,True,False,True,new qualified event in recent-five partial-charge feature
M4_multi_efc_T_v1_final_candidate,final,102Ah_25degC_1C_cell3,2632,102Ah_25degC_1C_cell3|2632|2022-04-17T18:19:14|2022-04-17T19:16:14,2022-04-17T19:16:14,True,False,True,new qualified event in recent-five partial-charge feature
M4_multi_efc_T_v1_final_candidate,final,102Ah_25degC_1C_cell3,2767,102Ah_25degC_1C_cell3|2763|2022-05-09T14:41:33|2022-05-09T15:38:03,2022-05-09T15:38:03,True,False,True,new qualified event in recent-five partial-charge feature
M4_multi_efc_T_v1_final_candidate,final,102Ah_25degC_1C_cell3,2767,102Ah_25degC_1C_cell3|2764|2022-05-09T17:31:42|2022-05-09T18:28:11,2022-05-09T18:28:11,True,False,True,new qualified event in recent-five partial-charge feature
M4_multi_efc_T_v1_final_candidate,final,102Ah_25degC_1C_cell3,2767,102Ah_25degC_1C_cell3|2765|2022-05-09T20:21:50|2022-05-09T21:18:20,2022-05-09T21:18:20,True,False,True,new qualified event in recent-five partial-charge feature
M4_multi_efc_T_v1_final_candidate,final,102Ah_25degC_1C_cell3,2767,102Ah_25degC_1C_cell3|2766|2022-05-09T23:11:58|2022-05-10T00:08:28,2022-05-10T00:08:28,True,False,True,new qualified event in recent-five partial-charge feature
M4_multi_efc_T_v1_final_candidate,final,102Ah_25degC_1C_cell3,2767,102Ah_25degC_1C_cell3|2767|2022-05-10T02:02:06|2022-05-10T02:58:36,2022-05-10T02:58:36,True,False,True,new qualified event in recent-five partial-charge feature
M4_multi_efc_T_v1_final_candidate,final,102Ah_25degC_1C_cell3,2899,102Ah_25degC_1C_cell3|2895|2022-05-25T05:04:19|2022-05-25T06:00:49,2022-05-25T06:00:49,True,False,True,new qualified event in recent-five partial-charge feature
M4_multi_efc_T_v1_final_candidate,final,102Ah_25degC_1C_cell3,2899,102Ah_25degC_1C_cell3|2896|2022-05-25T07:54:16|2022-05-25T08:50:46,2022-05-25T08:50:46,True,False,True,new qualified event in recent-five partial-charge feature
M4_multi_efc_T_v1_final_candidate,final,102Ah_25degC_1C_cell3,2899,102Ah_25degC_1C_cell3|2897|2022-05-25T10:44:12|2022-05-25T11:40:42,2022-05-25T11:40:42,True,False,True,new qualified event in recent-five partial-charge feature
M4_multi_efc_T_v1_final_candidate,final,102Ah_25degC_1C_cell3,2899,102Ah_25degC_1C_cell3|2898|2022-05-25T13:34:11|2022-05-25T14:30:41,2022-05-25T14:30:41,True,False,True,new qualified event in recent-five partial-charge feature
M4_multi_efc_T_v1_final_candidate,final,102Ah_25degC_1C_cell3,2899,102Ah_25degC_1C_cell3|2899|2022-05-25T16:24:08|2022-05-25T17:20:38,2022-05-25T17:20:38,True,False,True,new qualified event in recent-five partial-charge feature
M4_multi_efc_T_v1_final_candidate,final,102Ah_25degC_1C_cell3,3031,102Ah_25degC_1C_cell3|3027|2022-06-14T00:30:08|2022-06-14T01:26:38,2022-06-14T01:26:38,True,False,True,new qualified event in recent-five partial-charge feature
M4_multi_efc_T_v1_final_candidate,final,102Ah_25degC_1C_cell3,3031,102Ah_25degC_1C_cell3|3028|2022-06-14T03:19:38|2022-06-14T04:16:08,2022-06-14T04:16:08,True,False,True,new qualified event in recent-five partial-charge feature
M4_multi_efc_T_v1_final_candidate,final,102Ah_25degC_1C_cell3,3031,102Ah_25degC_1C_cell3|3029|2022-06-14T06:09:07|2022-06-14T07:05:37,2022-06-14T07:05:37,True,False,True,new qualified event in recent-five partial-charge feature
M4_multi_efc_T_v1_final_candidate,final,102Ah_25degC_1C_cell3,3031,102Ah_25degC_1C_cell3|3030|2022-06-14T08:58:36|2022-06-14T09:55:05,2022-06-14T09:55:05,True,False,True,new qualified event in recent-five partial-charge feature
M4_multi_efc_T_v1_final_candidate,final,102Ah_25degC_1C_cell3,3031,102Ah_25degC_1C_cell3|3031|2022-06-14T11:48:05|2022-06-14T12:44:35,2022-06-14T12:44:35,True,False,True,new qualified event in recent-five partial-charge feature
M4_multi_efc_T_v1_final_candidate,final,102Ah_25degC_1C_cell3,3160,102Ah_25degC_1C_cell3|3156|2022-06-29T04:26:55|2022-06-29T05:23:25,2022-06-29T05:23:25,True,False,True,new qualified event in recent-five partial-charge feature
M4_multi_efc_T_v1_final_candidate,final,102Ah_25degC_1C_cell3,3160,102Ah_25degC_1C_cell3|3157|2022-06-29T07:16:01|2022-06-29T08:12:30,2022-06-29T08:12:30,True,False,True,new qualified event in recent-five partial-charge feature
M4_multi_efc_T_v1_final_candidate,final,102Ah_25degC_1C_cell3,3160,102Ah_25degC_1C_cell3|3158|2022-06-29T10:05:07|2022-06-29T11:01:37,2022-06-29T11:01:37,True,False,True,new qualified event in recent-five partial-charge feature
M4_multi_efc_T_v1_final_candidate,final,102Ah_25degC_1C_cell3,3160,102Ah_25degC_1C_cell3|3159|2022-06-29T12:54:13|2022-06-29T13:50:43,2022-06-29T13:50:43,True,False,True,new qualified event in recent-five partial-charge feature
M4_multi_efc_T_v1_final_candidate,final,102Ah_25degC_1C_cell3,3160,102Ah_25degC_1C_cell3|3160|2022-06-29T15:43:20|2022-06-29T16:39:50,2022-06-29T16:39:50,True,False,True,new qualified event in recent-five partial-charge feature
M4_multi_efc_T_v1_final_candidate,final,102Ah_25degC_1C_cell3,3313,102Ah_25degC_1C_cell3|3309|2022-07-17T04:59:47|2022-07-17T05:55:47,2022-07-17T05:55:47,True,False,True,new qualified event in recent-five partial-charge feature
M4_multi_efc_T_v1_final_candidate,final,102Ah_25degC_1C_cell3,3313,102Ah_25degC_1C_cell3|3310|2022-07-17T07:48:15|2022-07-17T08:44:14,2022-07-17T08:44:14,True,False,True,new qualified event in recent-five partial-charge feature
M4_multi_efc_T_v1_final_candidate,final,102Ah_25degC_1C_cell3,3313,102Ah_25degC_1C_cell3|3311|2022-07-17T10:36:42|2022-07-17T11:32:41,2022-07-17T11:32:41,True,False,True,new qualified event in recent-five partial-charge feature
M4_multi_efc_T_v1_final_candidate,final,102Ah_25degC_1C_cell3,3313,102Ah_25degC_1C_cell3|3312|2022-07-17T13:25:09|2022-07-17T14:21:09,2022-07-17T14:21:09,True,False,True,new qualified event in recent-five partial-charge feature
M4_multi_efc_T_v1_final_candidate,final,102Ah_25degC_1C_cell3,3313,102Ah_25degC_1C_cell3|3313|2022-07-17T16:13:36|2022-07-17T17:09:36,2022-07-17T17:09:36,True,False,True,new qualified event in recent-five partial-charge feature
M4_multi_efc_T_v1_final_candidate,final,102Ah_25degC_1C_cell3,3445,102Ah_25degC_1C_cell3|3441|2022-08-01T15:11:25|2022-08-01T16:07:25,2022-08-01T16:07:25,True,False,True,new qualified event in recent-five partial-charge feature
M4_multi_efc_T_v1_final_candidate,final,102Ah_25degC_1C_cell3,3445,102Ah_25degC_1C_cell3|3442|2022-08-01T17:59:26|2022-08-01T18:55:25,2022-08-01T18:55:25,True,False,True,new qualified event in recent-five partial-charge feature
M4_multi_efc_T_v1_final_candidate,final,102Ah_25degC_1C_cell3,3445,102Ah_25degC_1C_cell3|3443|2022-08-01T20:47:25|2022-08-01T21:43:25,2022-08-01T21:43:25,True,False,True,new qualified event in recent-five partial-charge feature
M4_multi_efc_T_v1_final_candidate,final,102Ah_25degC_1C_cell3,3445,102Ah_25degC_1C_cell3|3444|2022-08-01T23:35:24|2022-08-02T00:31:24,2022-08-02T00:31:24,True,False,True,new qualified event in recent-five partial-charge feature
M4_multi_efc_T_v1_final_candidate,final,102Ah_25degC_1C_cell3,3445,102Ah_25degC_1C_cell3|3445|2022-08-02T02:23:21|2022-08-02T03:19:21,2022-08-02T03:19:21,True,False,True,new qualified event in recent-five partial-charge feature
M4_multi_efc_T_v1_final_candidate,final,102Ah_25degC_1C_cell3,3586,102Ah_25degC_1C_cell3|3582|2022-08-20T12:42:18|2022-08-20T13:38:18,2022-08-20T13:38:18,True,False,True,new qualified event in recent-five partial-charge feature
M4_multi_efc_T_v1_final_candidate,final,102Ah_25degC_1C_cell3,3586,102Ah_25degC_1C_cell3|3583|2022-08-20T15:29:48|2022-08-20T16:25:48,2022-08-20T16:25:48,True,False,True,new qualified event in recent-five partial-charge feature
M4_multi_efc_T_v1_final_candidate,final,102Ah_25degC_1C_cell3,3586,102Ah_25degC_1C_cell3|3584|2022-08-20T18:17:20|2022-08-20T19:13:20,2022-08-20T19:13:20,True,False,True,new qualified event in recent-five partial-charge feature
M4_multi_efc_T_v1_final_candidate,final,102Ah_25degC_1C_cell3,3586,102Ah_25degC_1C_cell3|3585|2022-08-20T21:04:56|2022-08-20T22:00:56,2022-08-20T22:00:56,True,False,True,new qualified event in recent-five partial-charge feature
M4_multi_efc_T_v1_final_candidate,final,102Ah_25degC_1C_cell3,3586,102Ah_25degC_1C_cell3|3586|2022-08-20T23:52:32|2022-08-21T00:48:31,2022-08-21T00:48:31,True,False,True,new qualified event in recent-five partial-charge feature
M4_multi_efc_T_v1_final_candidate,final,102Ah_25degC_1C_cell3,3717,102Ah_25degC_1C_cell3|3713|2022-09-04T17:40:26|2022-09-04T18:35:56,2022-09-04T18:35:56,True,False,True,new qualified event in recent-five partial-charge feature
M4_multi_efc_T_v1_final_candidate,final,102Ah_25degC_1C_cell3,3717,102Ah_25degC_1C_cell3|3714|2022-09-04T20:27:14|2022-09-04T21:22:43,2022-09-04T21:22:43,True,False,True,new qualified event in recent-five partial-charge feature
M4_multi_efc_T_v1_final_candidate,final,102Ah_25degC_1C_cell3,3717,102Ah_25degC_1C_cell3|3715|2022-09-04T23:14:01|2022-09-05T00:09:30,2022-09-05T00:09:30,True,False,True,new qualified event in recent-five partial-charge feature
M4_multi_efc_T_v1_final_candidate,final,102Ah_25degC_1C_cell3,3717,102Ah_25degC_1C_cell3|3716|2022-09-05T02:00:50|2022-09-05T02:56:20,2022-09-05T02:56:20,True,False,True,new qualified event in recent-five partial-charge feature
M4_multi_efc_T_v1_final_candidate,final,102Ah_25degC_1C_cell3,3717,102Ah_25degC_1C_cell3|3717|2022-09-05T04:47:41|2022-09-05T05:43:11,2022-09-05T05:43:11,True,False,True,new qualified event in recent-five partial-charge feature
M4_multi_efc_T_v1_final_candidate,final,102Ah_25degC_1C_cell3,3852,102Ah_25degC_1C_cell3|3848|2022-09-20T08:07:12|2022-09-20T09:02:12,2022-09-20T09:02:12,True,False,True,new qualified event in recent-five partial-charge feature
M4_multi_efc_T_v1_final_candidate,final,102Ah_25degC_1C_cell3,3852,102Ah_25degC_1C_cell3|3849|2022-09-20T10:53:19|2022-09-20T11:48:19,2022-09-20T11:48:19,True,False,True,new qualified event in recent-five partial-charge feature
M4_multi_efc_T_v1_final_candidate,final,102Ah_25degC_1C_cell3,3852,102Ah_25degC_1C_cell3|3850|2022-09-20T13:39:28|2022-09-20T14:34:28,2022-09-20T14:34:28,True,False,True,new qualified event in recent-five partial-charge feature
M4_multi_efc_T_v1_final_candidate,final,102Ah_25degC_1C_cell3,3852,102Ah_25degC_1C_cell3|3851|2022-09-20T16:25:36|2022-09-20T17:20:36,2022-09-20T17:20:36,True,False,True,new qualified event in recent-five partial-charge feature
M4_multi_efc_T_v1_final_candidate,final,102Ah_25degC_1C_cell3,3852,102Ah_25degC_1C_cell3|3852|2022-09-20T19:11:44|2022-09-20T20:06:44,2022-09-20T20:06:44,True,False,True,new qualified event in recent-five partial-charge feature
M4_multi_efc_T_v1_final_candidate,final,102Ah_25degC_1C_cell3,3987,102Ah_25degC_1C_cell3|3983|2022-10-14T23:46:58|2022-10-15T00:41:57,2022-10-15T00:41:57,True,False,True,new qualified event in recent-five partial-charge feature
M4_multi_efc_T_v1_final_candidate,final,102Ah_25degC_1C_cell3,3987,102Ah_25degC_1C_cell3|3984|2022-10-15T02:32:16|2022-10-15T03:27:16,2022-10-15T03:27:16,True,False,True,new qualified event in recent-five partial-charge feature
M4_multi_efc_T_v1_final_candidate,final,102Ah_25degC_1C_cell3,3987,102Ah_25degC_1C_cell3|3985|2022-10-15T05:17:34|2022-10-15T06:12:34,2022-10-15T06:12:34,True,False,True,new qualified event in recent-five partial-charge feature
M4_multi_efc_T_v1_final_candidate,final,102Ah_25degC_1C_cell3,3987,102Ah_25degC_1C_cell3|3986|2022-10-15T08:02:52|2022-10-15T08:57:52,2022-10-15T08:57:52,True,False,True,new qualified event in recent-five partial-charge feature
M4_multi_efc_T_v1_final_candidate,final,102Ah_25degC_1C_cell3,3987,102Ah_25degC_1C_cell3|3987|2022-10-15T10:48:09|2022-10-15T11:43:09,2022-10-15T11:43:09,True,False,True,new qualified event in recent-five partial-charge feature
M4_multi_efc_T_v1_final_candidate,final,102Ah_25degC_1C_cell3,4122,102Ah_25degC_1C_cell3|4118|2022-10-30T19:49:01|2022-10-30T20:43:31,2022-10-30T20:43:31,True,False,True,new qualified event in recent-five partial-charge feature
M4_multi_efc_T_v1_final_candidate,final,102Ah_25degC_1C_cell3,4122,102Ah_25degC_1C_cell3|4119|2022-10-30T22:33:41|2022-10-30T23:28:11,2022-10-30T23:28:11,True,False,True,new qualified event in recent-five partial-charge feature
M4_multi_efc_T_v1_final_candidate,final,102Ah_25degC_1C_cell3,4122,102Ah_25degC_1C_cell3|4120|2022-10-31T01:18:19|2022-10-31T02:12:49,2022-10-31T02:12:49,True,False,True,new qualified event in recent-five partial-charge feature
M4_multi_efc_T_v1_final_candidate,final,102Ah_25degC_1C_cell3,4122,102Ah_25degC_1C_cell3|4121|2022-10-31T04:02:58|2022-10-31T04:57:28,2022-10-31T04:57:28,True,False,True,new qualified event in recent-five partial-charge feature
M4_multi_efc_T_v1_final_candidate,final,102Ah_25degC_1C_cell3,4122,102Ah_25degC_1C_cell3|4122|2022-10-31T06:47:38|2022-10-31T07:42:08,2022-10-31T07:42:08,True,False,True,new qualified event in recent-five partial-charge feature
M4_multi_efc_T_v1_final_candidate,final,102Ah_25degC_1C_cell3,4257,102Ah_25degC_1C_cell3|4253|2022-11-15T05:33:36|2022-11-15T06:28:06,2022-11-15T06:28:06,True,False,True,new qualified event in recent-five partial-charge feature
M4_multi_efc_T_v1_final_candidate,final,102Ah_25degC_1C_cell3,4257,102Ah_25degC_1C_cell3|4254|2022-11-15T08:17:33|2022-11-15T09:12:04,2022-11-15T09:12:04,True,False,True,new qualified event in recent-five partial-charge feature
M4_multi_efc_T_v1_final_candidate,final,102Ah_25degC_1C_cell3,4257,102Ah_25degC_1C_cell3|4255|2022-11-15T11:01:30|2022-11-15T11:56:00,2022-11-15T11:56:00,True,False,True,new qualified event in recent-five partial-charge feature
M4_multi_efc_T_v1_final_candidate,final,102Ah_25degC_1C_cell3,4257,102Ah_25degC_1C_cell3|4256|2022-11-15T13:45:25|2022-11-15T14:39:55,2022-11-15T14:39:55,True,False,True,new qualified event in recent-five partial-charge feature
M4_multi_efc_T_v1_final_candidate,final,102Ah_25degC_1C_cell3,4257,102Ah_25degC_1C_cell3|4257|2022-11-15T16:29:19|2022-11-15T17:23:48,2022-11-15T17:23:48,True,False,True,new qualified event in recent-five partial-charge feature
M4_multi_efc_T_v1_final_candidate,final,102Ah_25degC_1C_cell3,4389,102Ah_25degC_1C_cell3|4385|2022-11-30T05:06:29|2022-11-30T06:00:29,2022-11-30T06:00:29,True,False,True,new qualified event in recent-five partial-charge feature
M4_multi_efc_T_v1_final_candidate,final,102Ah_25degC_1C_cell3,4389,102Ah_25degC_1C_cell3|4386|2022-11-30T07:49:28|2022-11-30T08:43:28,2022-11-30T08:43:28,True,False,True,new qualified event in recent-five partial-charge feature
M4_multi_efc_T_v1_final_candidate,final,102Ah_25degC_1C_cell3,4389,102Ah_25degC_1C_cell3|4387|2022-11-30T10:32:27|2022-11-30T11:26:27,2022-11-30T11:26:27,True,False,True,new qualified event in recent-five partial-charge feature
M4_multi_efc_T_v1_final_candidate,final,102Ah_25degC_1C_cell3,4389,102Ah_25degC_1C_cell3|4388|2022-11-30T13:15:25|2022-11-30T14:09:25,2022-11-30T14:09:25,True,False,True,new qualified event in recent-five partial-charge feature
M4_multi_efc_T_v1_final_candidate,final,102Ah_25degC_1C_cell3,4389,102Ah_25degC_1C_cell3|4389|2022-11-30T15:58:23|2022-11-30T16:52:23,2022-11-30T16:52:23,True,False,True,new qualified event in recent-five partial-charge feature
M4_multi_efc_T_v1_final_candidate,final,102Ah_25degC_1C_cell3,4518,102Ah_25degC_1C_cell3|4514|2022-12-14T18:29:39|2022-12-14T19:23:09,2022-12-14T19:23:09,True,False,True,new qualified event in recent-five partial-charge feature
M4_multi_efc_T_v1_final_candidate,final,102Ah_25degC_1C_cell3,4518,102Ah_25degC_1C_cell3|4515|2022-12-14T21:11:41|2022-12-14T22:05:11,2022-12-14T22:05:11,True,False,True,new qualified event in recent-five partial-charge feature
M4_multi_efc_T_v1_final_candidate,final,102Ah_25degC_1C_cell3,4518,102Ah_25degC_1C_cell3|4516|2022-12-14T23:53:43|2022-12-15T00:47:12,2022-12-15T00:47:12,True,False,True,new qualified event in recent-five partial-charge feature
M4_multi_efc_T_v1_final_candidate,final,102Ah_25degC_1C_cell3,4518,102Ah_25degC_1C_cell3|4517|2022-12-15T02:35:44|2022-12-15T03:29:14,2022-12-15T03:29:14,True,False,True,new qualified event in recent-five partial-charge feature
M4_multi_efc_T_v1_final_candidate,final,102Ah_25degC_1C_cell3,4518,102Ah_25degC_1C_cell3|4518|2022-12-15T05:17:45|2022-12-15T06:11:15,2022-12-15T06:11:15,True,False,True,new qualified event in recent-five partial-charge feature
M4_multi_efc_T_v1_final_candidate,final,102Ah_25degC_1C_cell3,4650,102Ah_25degC_1C_cell3|4646|2022-12-30T04:37:41|2022-12-30T05:31:11,2022-12-30T05:31:11,True,False,True,new qualified event in recent-five partial-charge feature
M4_multi_efc_T_v1_final_candidate,final,102Ah_25degC_1C_cell3,4650,102Ah_25degC_1C_cell3|4647|2022-12-30T07:18:47|2022-12-30T08:12:17,2022-12-30T08:12:17,True,False,True,new qualified event in recent-five partial-charge feature
M4_multi_efc_T_v1_final_candidate,final,102Ah_25degC_1C_cell3,4650,102Ah_25degC_1C_cell3|4648|2022-12-30T09:59:51|2022-12-30T10:53:21,2022-12-30T10:53:21,True,False,True,new qualified event in recent-five partial-charge feature
M4_multi_efc_T_v1_final_candidate,final,102Ah_25degC_1C_cell3,4650,102Ah_25degC_1C_cell3|4649|2022-12-30T12:40:55|2022-12-30T13:34:25,2022-12-30T13:34:25,True,False,True,new qualified event in recent-five partial-charge feature
M4_multi_efc_T_v1_final_candidate,final,102Ah_25degC_1C_cell3,4650,102Ah_25degC_1C_cell3|4650|2022-12-30T15:21:59|2022-12-30T16:15:29,2022-12-30T16:15:29,True,False,True,new qualified event in recent-five partial-charge feature
M4_multi_efc_T_v1_final_candidate,final,102Ah_25degC_1C_cell3,4792,102Ah_25degC_1C_cell3|4788|2023-01-15T00:29:19|2023-01-15T01:22:19,2023-01-15T01:22:19,True,False,True,new qualified event in recent-five partial-charge feature
M4_multi_efc_T_v1_final_candidate,final,102Ah_25degC_1C_cell3,4792,102Ah_25degC_1C_cell3|4789|2023-01-15T03:09:10|2023-01-15T04:02:10,2023-01-15T04:02:10,True,False,True,new qualified event in recent-five partial-charge feature
M4_multi_efc_T_v1_final_candidate,final,102Ah_25degC_1C_cell3,4792,102Ah_25degC_1C_cell3|4790|2023-01-15T05:49:02|2023-01-15T06:42:02,2023-01-15T06:42:02,True,False,True,new qualified event in recent-five partial-charge feature
M4_multi_efc_T_v1_final_candidate,final,102Ah_25degC_1C_cell3,4792,102Ah_25degC_1C_cell3|4791|2023-01-15T08:28:54|2023-01-15T09:21:53,2023-01-15T09:21:53,True,False,True,new qualified event in recent-five partial-charge feature
M4_multi_efc_T_v1_final_candidate,final,102Ah_25degC_1C_cell3,4792,102Ah_25degC_1C_cell3|4792|2023-01-15T11:08:46|2023-01-15T12:01:45,2023-01-15T12:01:45,True,False,True,new qualified event in recent-five partial-charge feature
M4_multi_efc_T_v1_final_candidate,final,102Ah_25degC_1C_cell3,4970,102Ah_25degC_1C_cell3|4948|2023-03-15T19:41:14|2023-03-15T20:32:44,2023-03-15T20:32:44,True,False,True,new qualified event in recent-five partial-charge feature
M4_multi_efc_T_v1_final_candidate,final,102Ah_25degC_1C_cell3,4970,102Ah_25degC_1C_cell3|4949|2023-03-15T22:18:07|2023-03-15T23:09:37,2023-03-15T23:09:37,True,False,True,new qualified event in recent-five partial-charge feature
M4_multi_efc_T_v1_final_candidate,final,102Ah_25degC_1C_cell3,4970,102Ah_25degC_1C_cell3|4950|2023-03-16T00:54:58|2023-03-16T01:46:28,2023-03-16T01:46:28,True,False,True,new qualified event in recent-five partial-charge feature
M4_multi_efc_T_v1_final_candidate,final,102Ah_25degC_1C_cell3,4970,102Ah_25degC_1C_cell3|4951|2023-03-16T03:31:51|2023-03-16T04:23:21,2023-03-16T04:23:21,True,False,True,new qualified event in recent-five partial-charge feature
M4_multi_efc_T_v1_final_candidate,final,102Ah_25degC_1C_cell3,4970,102Ah_25degC_1C_cell3|4952|2023-03-16T06:08:43|2023-03-16T07:00:13,2023-03-16T07:00:13,True,False,True,new qualified event in recent-five partial-charge feature
M4_multi_efc_T_v1_final_candidate,final,102Ah_25degC_1C_cell3,5099,102Ah_25degC_1C_cell3|5029|2023-03-25T03:17:35|2023-03-25T04:09:05,2023-03-25T04:09:05,True,False,True,new qualified event in recent-five partial-charge feature
M4_multi_efc_T_v1_final_candidate,final,102Ah_25degC_1C_cell3,5099,102Ah_25degC_1C_cell3|5081|2023-03-30T17:49:36|2023-03-30T18:40:36,2023-03-30T18:40:36,True,False,True,new qualified event in recent-five partial-charge feature
M4_multi_efc_T_v1_final_candidate,final,102Ah_35degC_1C_cell1,270,102Ah_35degC_1C_cell1|266|2021-06-03T00:25:48|2021-06-03T01:27:47,2021-06-03T01:27:47,True,False,True,new qualified event in recent-five partial-charge feature
M4_multi_efc_T_v1_final_candidate,final,102Ah_35degC_1C_cell1,270,102Ah_35degC_1C_cell1|267|2021-06-03T03:28:10|2021-06-03T04:30:10,2021-06-03T04:30:10,True,False,True,new qualified event in recent-five partial-charge feature
M4_multi_efc_T_v1_final_candidate,final,102Ah_35degC_1C_cell1,270,102Ah_35degC_1C_cell1|268|2021-06-03T06:30:33|2021-06-03T07:32:33,2021-06-03T07:32:33,True,False,True,new qualified event in recent-five partial-charge feature
M4_multi_efc_T_v1_final_candidate,final,102Ah_35degC_1C_cell1,270,102Ah_35degC_1C_cell1|269|2021-06-03T09:32:56|2021-06-03T10:34:56,2021-06-03T10:34:56,True,False,True,new qualified event in recent-five partial-charge feature
M4_multi_efc_T_v1_final_candidate,final,102Ah_35degC_1C_cell1,270,102Ah_35degC_1C_cell1|270|2021-06-03T12:35:17|2021-06-03T13:37:17,2021-06-03T13:37:17,True,False,True,new qualified event in recent-five partial-charge feature
M4_multi_efc_T_v1_final_candidate,final,102Ah_35degC_1C_cell1,436,102Ah_35degC_1C_cell1|432|2021-06-25T22:54:47|2021-06-25T23:56:17,2021-06-25T23:56:17,True,False,True,new qualified event in recent-five partial-charge feature
M4_multi_efc_T_v1_final_candidate,final,102Ah_35degC_1C_cell1,436,102Ah_35degC_1C_cell1|433|2021-06-26T01:55:58|2021-06-26T02:57:27,2021-06-26T02:57:27,True,False,True,new qualified event in recent-five partial-charge feature
M4_multi_efc_T_v1_final_candidate,final,102Ah_35degC_1C_cell1,436,102Ah_35degC_1C_cell1|434|2021-06-26T04:57:06|2021-06-26T05:58:36,2021-06-26T05:58:36,True,False,True,new qualified event in recent-five partial-charge feature
M4_multi_efc_T_v1_final_candidate,final,102Ah_35degC_1C_cell1,436,102Ah_35degC_1C_cell1|435|2021-06-26T07:58:14|2021-06-26T08:59:44,2021-06-26T08:59:44,True,False,True,new qualified event in recent-five partial-charge feature
M4_multi_efc_T_v1_final_candidate,final,102Ah_35degC_1C_cell1,436,102Ah_35degC_1C_cell1|436|2021-06-26T10:59:23|2021-06-26T12:00:53,2021-06-26T12:00:53,True,False,True,new qualified event in recent-five partial-charge feature
M4_multi_efc_T_v1_final_candidate,final,102Ah_35degC_1C_cell1,602,102Ah_35degC_1C_cell1|598|2021-07-17T08:01:54|2021-07-17T09:03:24,2021-07-17T09:03:24,True,False,True,new qualified event in recent-five partial-charge feature
M4_multi_efc_T_v1_final_candidate,final,102Ah_35degC_1C_cell1,602,102Ah_35degC_1C_cell1|599|2021-07-17T11:02:08|2021-07-17T12:03:38,2021-07-17T12:03:38,True,False,True,new qualified event in recent-five partial-charge feature
M4_multi_efc_T_v1_final_candidate,final,102Ah_35degC_1C_cell1,602,102Ah_35degC_1C_cell1|600|2021-07-17T14:02:23|2021-07-17T15:03:53,2021-07-17T15:03:53,True,False,True,new qualified event in recent-five partial-charge feature
M4_multi_efc_T_v1_final_candidate,final,102Ah_35degC_1C_cell1,602,102Ah_35degC_1C_cell1|601|2021-07-17T17:02:35|2021-07-17T18:04:05,2021-07-17T18:04:05,True,False,True,new qualified event in recent-five partial-charge feature
M4_multi_efc_T_v1_final_candidate,final,102Ah_35degC_1C_cell1,602,102Ah_35degC_1C_cell1|602|2021-07-17T20:02:49|2021-07-17T21:04:18,2021-07-17T21:04:18,True,False,True,new qualified event in recent-five partial-charge feature
M4_multi_efc_T_v1_final_candidate,final,102Ah_35degC_1C_cell1,768,102Ah_35degC_1C_cell1|764|2021-08-07T01:25:38|2021-08-07T02:26:38,2021-08-07T02:26:38,True,False,True,new qualified event in recent-five partial-charge feature
M4_multi_efc_T_v1_final_candidate,final,102Ah_35degC_1C_cell1,768,102Ah_35degC_1C_cell1|765|2021-08-07T04:24:56|2021-08-07T05:25:56,2021-08-07T05:25:56,True,False,True,new qualified event in recent-five partial-charge feature
M4_multi_efc_T_v1_final_candidate,final,102Ah_35degC_1C_cell1,768,102Ah_35degC_1C_cell1|766|2021-08-07T07:24:17|2021-08-07T08:25:16,2021-08-07T08:25:16,True,False,True,new qualified event in recent-five partial-charge feature
M4_multi_efc_T_v1_final_candidate,final,102Ah_35degC_1C_cell1,768,102Ah_35degC_1C_cell1|767|2021-08-07T10:23:35|2021-08-07T11:24:35,2021-08-07T11:24:35,True,False,True,new qualified event in recent-five partial-charge feature
M4_multi_efc_T_v1_final_candidate,final,102Ah_35degC_1C_cell1,768,102Ah_35degC_1C_cell1|768|2021-08-07T13:22:54|2021-08-07T14:23:53,2021-08-07T14:23:53,True,False,True,new qualified event in recent-five partial-charge feature
M4_multi_efc_T_v1_final_candidate,final,102Ah_35degC_1C_cell1,934,102Ah_35degC_1C_cell1|930|2021-08-27T18:30:07|2021-08-27T19:30:37,2021-08-27T19:30:37,True,False,True,new qualified event in recent-five partial-charge feature
M4_multi_efc_T_v1_final_candidate,final,102Ah_35degC_1C_cell1,934,102Ah_35degC_1C_cell1|931|2021-08-27T21:28:40|2021-08-27T22:29:10,2021-08-27T22:29:10,True,False,True,new qualified event in recent-five partial-charge feature
M4_multi_efc_T_v1_final_candidate,final,102Ah_35degC_1C_cell1,934,102Ah_35degC_1C_cell1|932|2021-08-28T00:27:13|2021-08-28T01:27:43,2021-08-28T01:27:43,True,False,True,new qualified event in recent-five partial-charge feature
M4_multi_efc_T_v1_final_candidate,final,102Ah_35degC_1C_cell1,934,102Ah_35degC_1C_cell1|933|2021-08-28T03:25:44|2021-08-28T04:26:14,2021-08-28T04:26:14,True,False,True,new qualified event in recent-five partial-charge feature
M4_multi_efc_T_v1_final_candidate,final,102Ah_35degC_1C_cell1,934,102Ah_35degC_1C_cell1|934|2021-08-28T06:24:17|2021-08-28T07:24:47,2021-08-28T07:24:47,True,False,True,new qualified event in recent-five partial-charge feature
M4_multi_efc_T_v1_final_candidate,final,102Ah_35degC_1C_cell1,1101,102Ah_35degC_1C_cell1|1097|2021-09-18T07:00:38|2021-09-18T08:00:38,2021-09-18T08:00:38,True,False,True,new qualified event in recent-five partial-charge feature
M4_multi_efc_T_v1_final_candidate,final,102Ah_35degC_1C_cell1,1101,102Ah_35degC_1C_cell1|1098|2021-09-18T09:58:20|2021-09-18T10:58:20,2021-09-18T10:58:20,True,False,True,new qualified event in recent-five partial-charge feature
M4_multi_efc_T_v1_final_candidate,final,102Ah_35degC_1C_cell1,1101,102Ah_35degC_1C_cell1|1099|2021-09-18T12:56:02|2021-09-18T13:56:02,2021-09-18T13:56:02,True,False,True,new qualified event in recent-five partial-charge feature
M4_multi_efc_T_v1_final_candidate,final,102Ah_35degC_1C_cell1,1101,102Ah_35degC_1C_cell1|1100|2021-09-18T15:53:43|2021-09-18T16:53:43,2021-09-18T16:53:43,True,False,True,new qualified event in recent-five partial-charge feature
M4_multi_efc_T_v1_final_candidate,final,102Ah_35degC_1C_cell1,1101,102Ah_35degC_1C_cell1|1101|2021-09-18T18:51:26|2021-09-18T19:51:26,2021-09-18T19:51:26,True,False,True,new qualified event in recent-five partial-charge feature
M4_multi_efc_T_v1_final_candidate,final,102Ah_35degC_1C_cell1,1267,102Ah_35degC_1C_cell1|1263|2021-10-15T22:34:04|2021-10-15T23:34:04,2021-10-15T23:34:04,True,False,True,new qualified event in recent-five partial-charge feature
M4_multi_efc_T_v1_final_candidate,final,102Ah_35degC_1C_cell1,1267,102Ah_35degC_1C_cell1|1264|2021-10-16T01:30:58|2021-10-16T02:30:58,2021-10-16T02:30:58,True,False,True,new qualified event in recent-five partial-charge feature
M4_multi_efc_T_v1_final_candidate,final,102Ah_35degC_1C_cell1,1267,102Ah_35degC_1C_cell1|1265|2021-10-16T04:27:53|2021-10-16T05:27:53,2021-10-16T05:27:53,True,False,True,new qualified event in recent-five partial-charge feature
M4_multi_efc_T_v1_final_candidate,final,102Ah_35degC_1C_cell1,1267,102Ah_35degC_1C_cell1|1266|2021-10-16T07:24:47|2021-10-16T08:24:47,2021-10-16T08:24:47,True,False,True,new qualified event in recent-five partial-charge feature
M4_multi_efc_T_v1_final_candidate,final,102Ah_35degC_1C_cell1,1267,102Ah_35degC_1C_cell1|1267|2021-10-16T10:21:41|2021-10-16T11:21:41,2021-10-16T11:21:41,True,False,True,new qualified event in recent-five partial-charge feature
M4_multi_efc_T_v1_final_candidate,final,102Ah_35degC_1C_cell1,1433,102Ah_35degC_1C_cell1|1429|2021-11-05T08:16:05|2021-11-05T09:15:35,2021-11-05T09:15:35,True,False,True,new qualified event in recent-five partial-charge feature
M4_multi_efc_T_v1_final_candidate,final,102Ah_35degC_1C_cell1,1433,102Ah_35degC_1C_cell1|1430|2021-11-05T11:12:16|2021-11-05T12:11:46,2021-11-05T12:11:46,True,False,True,new qualified event in recent-five partial-charge feature
M4_multi_efc_T_v1_final_candidate,final,102Ah_35degC_1C_cell1,1433,102Ah_35degC_1C_cell1|1431|2021-11-05T14:08:26|2021-11-05T15:07:56,2021-11-05T15:07:56,True,False,True,new qualified event in recent-five partial-charge feature
M4_multi_efc_T_v1_final_candidate,final,102Ah_35degC_1C_cell1,1433,102Ah_35degC_1C_cell1|1432|2021-11-05T17:04:34|2021-11-05T18:04:04,2021-11-05T18:04:04,True,False,True,new qualified event in recent-five partial-charge feature
M4_multi_efc_T_v1_final_candidate,final,102Ah_35degC_1C_cell1,1433,102Ah_35degC_1C_cell1|1433|2021-11-05T20:00:43|2021-11-05T21:00:13,2021-11-05T21:00:13,True,False,True,new qualified event in recent-five partial-charge feature
M4_multi_efc_T_v1_final_candidate,final,102Ah_35degC_1C_cell1,1599,102Ah_35degC_1C_cell1|1595|2021-11-30T07:07:00|2021-11-30T08:06:00,2021-11-30T08:06:00,True,False,True,new qualified event in recent-five partial-charge feature
M4_multi_efc_T_v1_final_candidate,final,102Ah_35degC_1C_cell1,1599,102Ah_35degC_1C_cell1|1596|2021-11-30T10:02:34|2021-11-30T11:01:33,2021-11-30T11:01:33,True,False,True,new qualified event in recent-five partial-charge feature
M4_multi_efc_T_v1_final_candidate,final,102Ah_35degC_1C_cell1,1599,102Ah_35degC_1C_cell1|1597|2021-11-30T12:58:07|2021-11-30T13:57:07,2021-11-30T13:57:07,True,False,True,new qualified event in recent-five partial-charge feature
M4_multi_efc_T_v1_final_candidate,final,102Ah_35degC_1C_cell1,1599,102Ah_35degC_1C_cell1|1598|2021-11-30T15:53:40|2021-11-30T16:52:40,2021-11-30T16:52:40,True,False,True,new qualified event in recent-five partial-charge feature
M4_multi_efc_T_v1_final_candidate,final,102Ah_35degC_1C_cell1,1599,102Ah_35degC_1C_cell1|1599|2021-11-30T18:49:13|2021-11-30T19:48:13,2021-11-30T19:48:13,True,False,True,new qualified event in recent-five partial-charge feature
M4_multi_efc_T_v1_final_candidate,final,102Ah_35degC_1C_cell1,1765,102Ah_35degC_1C_cell1|1761|2021-12-20T11:50:08|2021-12-20T12:49:08,2021-12-20T12:49:08,True,False,True,new qualified event in recent-five partial-charge feature
M4_multi_efc_T_v1_final_candidate,final,102Ah_35degC_1C_cell1,1765,102Ah_35degC_1C_cell1|1762|2021-12-20T14:44:57|2021-12-20T15:43:56,2021-12-20T15:43:56,True,False,True,new qualified event in recent-five partial-charge feature
M4_multi_efc_T_v1_final_candidate,final,102Ah_35degC_1C_cell1,1765,102Ah_35degC_1C_cell1|1763|2021-12-20T17:39:45|2021-12-20T18:38:45,2021-12-20T18:38:45,True,False,True,new qualified event in recent-five partial-charge feature
M4_multi_efc_T_v1_final_candidate,final,102Ah_35degC_1C_cell1,1765,102Ah_35degC_1C_cell1|1764|2021-12-20T20:34:35|2021-12-20T21:33:34,2021-12-20T21:33:34,True,False,True,new qualified event in recent-five partial-charge feature
M4_multi_efc_T_v1_final_candidate,final,102Ah_35degC_1C_cell1,1765,102Ah_35degC_1C_cell1|1765|2021-12-20T23:29:22|2021-12-21T00:28:22,2021-12-21T00:28:22,True,False,True,new qualified event in recent-five partial-charge feature
M4_multi_efc_T_v1_final_candidate,final,102Ah_35degC_1C_cell1,1932,102Ah_35degC_1C_cell1|1928|2022-01-09T15:59:14|2022-01-09T16:57:44,2022-01-09T16:57:44,True,False,True,new qualified event in recent-five partial-charge feature
M4_multi_efc_T_v1_final_candidate,final,102Ah_35degC_1C_cell1,1932,102Ah_35degC_1C_cell1|1929|2022-01-09T18:52:59|2022-01-09T19:51:29,2022-01-09T19:51:29,True,False,True,new qualified event in recent-five partial-charge feature
M4_multi_efc_T_v1_final_candidate,final,102Ah_35degC_1C_cell1,1932,102Ah_35degC_1C_cell1|1930|2022-01-09T21:46:45|2022-01-09T22:45:15,2022-01-09T22:45:15,True,False,True,new qualified event in recent-five partial-charge feature
M4_multi_efc_T_v1_final_candidate,final,102Ah_35degC_1C_cell1,1932,102Ah_35degC_1C_cell1|1931|2022-01-10T00:40:30|2022-01-10T01:39:00,2022-01-10T01:39:00,True,False,True,new qualified event in recent-five partial-charge feature
M4_multi_efc_T_v1_final_candidate,final,102Ah_35degC_1C_cell1,1932,102Ah_35degC_1C_cell1|1932|2022-01-10T03:34:14|2022-01-10T04:32:44,2022-01-10T04:32:44,True,False,True,new qualified event in recent-five partial-charge feature
M4_multi_efc_T_v1_final_candidate,final,102Ah_35degC_1C_cell1,2098,102Ah_35degC_1C_cell1|2094|2022-02-08T18:47:21|2022-02-08T19:45:21,2022-02-08T19:45:21,True,False,True,new qualified event in recent-five partial-charge feature
M4_multi_efc_T_v1_final_candidate,final,102Ah_35degC_1C_cell1,2098,102Ah_35degC_1C_cell1|2095|2022-02-08T21:40:08|2022-02-08T22:38:08,2022-02-08T22:38:08,True,False,True,new qualified event in recent-five partial-charge feature
M4_multi_efc_T_v1_final_candidate,final,102Ah_35degC_1C_cell1,2098,102Ah_35degC_1C_cell1|2096|2022-02-09T00:32:59|2022-02-09T01:30:59,2022-02-09T01:30:59,True,False,True,new qualified event in recent-five partial-charge feature
M4_multi_efc_T_v1_final_candidate,final,102Ah_35degC_1C_cell1,2098,102Ah_35degC_1C_cell1|2097|2022-02-09T03:25:47|2022-02-09T04:23:46,2022-02-09T04:23:46,True,False,True,new qualified event in recent-five partial-charge feature
M4_multi_efc_T_v1_final_candidate,final,102Ah_35degC_1C_cell1,2098,102Ah_35degC_1C_cell1|2098|2022-02-09T06:18:35|2022-02-09T07:16:35,2022-02-09T07:16:35,True,False,True,new qualified event in recent-five partial-charge feature
M4_multi_efc_T_v1_final_candidate,final,102Ah_35degC_1C_cell1,2264,102Ah_35degC_1C_cell1|2260|2022-02-28T16:03:28|2022-02-28T17:00:58,2022-02-28T17:00:58,True,False,True,new qualified event in recent-five partial-charge feature
M4_multi_efc_T_v1_final_candidate,final,102Ah_35degC_1C_cell1,2264,102Ah_35degC_1C_cell1|2261|2022-02-28T18:55:39|2022-02-28T19:53:08,2022-02-28T19:53:08,True,False,True,new qualified event in recent-five partial-charge feature
M4_multi_efc_T_v1_final_candidate,final,102Ah_35degC_1C_cell1,2264,102Ah_35degC_1C_cell1|2262|2022-02-28T21:47:49|2022-02-28T22:45:19,2022-02-28T22:45:19,True,False,True,new qualified event in recent-five partial-charge feature
M4_multi_efc_T_v1_final_candidate,final,102Ah_35degC_1C_cell1,2264,102Ah_35degC_1C_cell1|2263|2022-03-01T00:39:58|2022-03-01T01:37:28,2022-03-01T01:37:28,True,False,True,new qualified event in recent-five partial-charge feature
M4_multi_efc_T_v1_final_candidate,final,102Ah_35degC_1C_cell1,2264,102Ah_35degC_1C_cell1|2264|2022-03-01T03:32:09|2022-03-01T04:29:39,2022-03-01T04:29:39,True,False,True,new qualified event in recent-five partial-charge feature
M4_multi_efc_T_v1_final_candidate,final,102Ah_35degC_1C_cell1,2430,102Ah_35degC_1C_cell1|2426|2022-03-20T11:33:54|2022-03-20T12:31:23,2022-03-20T12:31:23,True,False,True,new qualified event in recent-five partial-charge feature
M4_multi_efc_T_v1_final_candidate,final,102Ah_35degC_1C_cell1,2430,102Ah_35degC_1C_cell1|2427|2022-03-20T14:25:26|2022-03-20T15:22:56,2022-03-20T15:22:56,True,False,True,new qualified event in recent-five partial-charge feature
M4_multi_efc_T_v1_final_candidate,final,102Ah_35degC_1C_cell1,2430,102Ah_35degC_1C_cell1|2428|2022-03-20T17:16:58|2022-03-20T18:14:28,2022-03-20T18:14:28,True,False,True,new qualified event in recent-five partial-charge feature
M4_multi_efc_T_v1_final_candidate,final,102Ah_35degC_1C_cell1,2430,102Ah_35degC_1C_cell1|2429|2022-03-20T20:08:30|2022-03-20T21:06:00,2022-03-20T21:06:00,True,False,True,new qualified event in recent-five partial-charge feature
M4_multi_efc_T_v1_final_candidate,final,102Ah_35degC_1C_cell1,2430,102Ah_35degC_1C_cell1|2430|2022-03-20T23:00:02|2022-03-20T23:57:32,2022-03-20T23:57:32,True,False,True,new qualified event in recent-five partial-charge feature
M4_multi_efc_T_v1_final_candidate,final,102Ah_35degC_1C_cell1,2596,102Ah_35degC_1C_cell1|2592|2022-04-09T11:01:47|2022-04-09T11:59:17,2022-04-09T11:59:17,True,False,True,new qualified event in recent-five partial-charge feature
M4_multi_efc_T_v1_final_candidate,final,102Ah_35degC_1C_cell1,2596,102Ah_35degC_1C_cell1|2593|2022-04-09T13:52:56|2022-04-09T14:50:26,2022-04-09T14:50:26,True,False,True,new qualified event in recent-five partial-charge feature
M4_multi_efc_T_v1_final_candidate,final,102Ah_35degC_1C_cell1,2596,102Ah_35degC_1C_cell1|2594|2022-04-09T16:43:55|2022-04-09T17:41:25,2022-04-09T17:41:25,True,False,True,new qualified event in recent-five partial-charge feature
M4_multi_efc_T_v1_final_candidate,final,102Ah_35degC_1C_cell1,2596,102Ah_35degC_1C_cell1|2595|2022-04-09T19:34:50|2022-04-09T20:32:21,2022-04-09T20:32:21,True,False,True,new qualified event in recent-five partial-charge feature
M4_multi_efc_T_v1_final_candidate,final,102Ah_35degC_1C_cell1,2596,102Ah_35degC_1C_cell1|2596|2022-04-09T22:25:47|2022-04-09T23:22:47,2022-04-09T23:22:47,True,False,True,new qualified event in recent-five partial-charge feature
M4_multi_efc_T_v1_final_candidate,final,102Ah_35degC_1C_cell1,2762,102Ah_35degC_1C_cell1|2758|2022-05-01T12:20:22|2022-05-01T13:17:21,2022-05-01T13:17:21,True,False,True,new qualified event in recent-five partial-charge feature
M4_multi_efc_T_v1_final_candidate,final,102Ah_35degC_1C_cell1,2762,102Ah_35degC_1C_cell1|2759|2022-05-01T15:10:46|2022-05-01T16:07:46,2022-05-01T16:07:46,True,False,True,new qualified event in recent-five partial-charge feature
M4_multi_efc_T_v1_final_candidate,final,102Ah_35degC_1C_cell1,2762,102Ah_35degC_1C_cell1|2760|2022-05-01T18:01:11|2022-05-01T18:58:11,2022-05-01T18:58:11,True,False,True,new qualified event in recent-five partial-charge feature
M4_multi_efc_T_v1_final_candidate,final,102Ah_35degC_1C_cell1,2762,102Ah_35degC_1C_cell1|2761|2022-05-01T20:51:34|2022-05-01T21:48:34,2022-05-01T21:48:34,True,False,True,new qualified event in recent-five partial-charge feature
M4_multi_efc_T_v1_final_candidate,final,102Ah_35degC_1C_cell1,2762,102Ah_35degC_1C_cell1|2762|2022-05-01T23:41:59|2022-05-02T00:38:59,2022-05-02T00:38:59,True,False,True,new qualified event in recent-five partial-charge feature
M4_multi_efc_T_v1_final_candidate,final,102Ah_35degC_1C_cell1,2928,102Ah_35degC_1C_cell1|2924|2022-05-25T14:44:22|2022-05-25T15:40:52,2022-05-25T15:40:52,True,False,True,new qualified event in recent-five partial-charge feature
M4_multi_efc_T_v1_final_candidate,final,102Ah_35degC_1C_cell1,2928,102Ah_35degC_1C_cell1|2925|2022-05-25T17:33:53|2022-05-25T18:30:23,2022-05-25T18:30:23,True,False,True,new qualified event in recent-five partial-charge feature
M4_multi_efc_T_v1_final_candidate,final,102Ah_35degC_1C_cell1,2928,102Ah_35degC_1C_cell1|2926|2022-05-25T20:23:21|2022-05-25T21:19:51,2022-05-25T21:19:51,True,False,True,new qualified event in recent-five partial-charge feature
M4_multi_efc_T_v1_final_candidate,final,102Ah_35degC_1C_cell1,2928,102Ah_35degC_1C_cell1|2927|2022-05-25T23:12:51|2022-05-26T00:09:20,2022-05-26T00:09:20,True,False,True,new qualified event in recent-five partial-charge feature
M4_multi_efc_T_v1_final_candidate,final,102Ah_35degC_1C_cell1,2928,102Ah_35degC_1C_cell1|2928|2022-05-26T02:02:17|2022-05-26T02:58:47,2022-05-26T02:58:47,True,False,True,new qualified event in recent-five partial-charge feature
M4_multi_efc_T_v1_final_candidate,final,102Ah_35degC_1C_cell1,3094,102Ah_35degC_1C_cell1|3090|2022-06-19T18:10:54|2022-06-19T19:07:24,2022-06-19T19:07:24,True,False,True,new qualified event in recent-five partial-charge feature
M4_multi_efc_T_v1_final_candidate,final,102Ah_35degC_1C_cell1,3094,102Ah_35degC_1C_cell1|3091|2022-06-19T20:59:52|2022-06-19T21:56:22,2022-06-19T21:56:22,True,False,True,new qualified event in recent-five partial-charge feature
M4_multi_efc_T_v1_final_candidate,final,102Ah_35degC_1C_cell1,3094,102Ah_35degC_1C_cell1|3092|2022-06-19T23:48:49|2022-06-20T00:45:19,2022-06-20T00:45:19,True,False,True,new qualified event in recent-five partial-charge feature
M4_multi_efc_T_v1_final_candidate,final,102Ah_35degC_1C_cell1,3094,102Ah_35degC_1C_cell1|3093|2022-06-20T02:37:48|2022-06-20T03:34:18,2022-06-20T03:34:18,True,False,True,new qualified event in recent-five partial-charge feature
M4_multi_efc_T_v1_final_candidate,final,102Ah_35degC_1C_cell1,3094,102Ah_35degC_1C_cell1|3094|2022-06-20T05:26:45|2022-06-20T06:23:15,2022-06-20T06:23:15,True,False,True,new qualified event in recent-five partial-charge feature
M4_multi_efc_T_v1_final_candidate,final,102Ah_35degC_1C_cell1,3260,102Ah_35degC_1C_cell1|3256|2022-07-09T16:20:57|2022-07-09T17:17:27,2022-07-09T17:17:27,True,False,True,new qualified event in recent-five partial-charge feature
M4_multi_efc_T_v1_final_candidate,final,102Ah_35degC_1C_cell1,3260,102Ah_35degC_1C_cell1|3257|2022-07-09T19:09:28|2022-07-09T20:05:58,2022-07-09T20:05:58,True,False,True,new qualified event in recent-five partial-charge feature
M4_multi_efc_T_v1_final_candidate,final,102Ah_35degC_1C_cell1,3260,102Ah_35degC_1C_cell1|3258|2022-07-09T21:57:59|2022-07-09T22:54:29,2022-07-09T22:54:29,True,False,True,new qualified event in recent-five partial-charge feature
M4_multi_efc_T_v1_final_candidate,final,102Ah_35degC_1C_cell1,3260,102Ah_35degC_1C_cell1|3259|2022-07-10T00:46:30|2022-07-10T01:43:00,2022-07-10T01:43:00,True,False,True,new qualified event in recent-five partial-charge feature
M4_multi_efc_T_v1_final_candidate,final,102Ah_35degC_1C_cell1,3260,102Ah_35degC_1C_cell1|3260|2022-07-10T03:35:01|2022-07-10T04:31:31,2022-07-10T04:31:31,True,False,True,new qualified event in recent-five partial-charge feature
M4_multi_efc_T_v1_final_candidate,final,102Ah_35degC_1C_cell1,3426,102Ah_35degC_1C_cell1|3422|2022-07-29T03:13:57|2022-07-29T04:09:57,2022-07-29T04:09:57,True,False,True,new qualified event in recent-five partial-charge feature
M4_multi_efc_T_v1_final_candidate,final,102Ah_35degC_1C_cell1,3426,102Ah_35degC_1C_cell1|3423|2022-07-29T06:01:48|2022-07-29T06:57:48,2022-07-29T06:57:48,True,False,True,new qualified event in recent-five partial-charge feature
M4_multi_efc_T_v1_final_candidate,final,102Ah_35degC_1C_cell1,3426,102Ah_35degC_1C_cell1|3424|2022-07-29T08:49:38|2022-07-29T09:45:38,2022-07-29T09:45:38,True,False,True,new qualified event in recent-five partial-charge feature
M4_multi_efc_T_v1_final_candidate,final,102Ah_35degC_1C_cell1,3426,102Ah_35degC_1C_cell1|3425|2022-07-29T11:37:27|2022-07-29T12:33:27,2022-07-29T12:33:27,True,False,True,new qualified event in recent-five partial-charge feature
M4_multi_efc_T_v1_final_candidate,final,102Ah_35degC_1C_cell1,3426,102Ah_35degC_1C_cell1|3426|2022-07-29T14:25:19|2022-07-29T15:21:19,2022-07-29T15:21:19,True,False,True,new qualified event in recent-five partial-charge feature
M4_multi_efc_T_v1_final_candidate,final,102Ah_35degC_1C_cell1,3593,102Ah_35degC_1C_cell1|3589|2022-08-18T08:48:21|2022-08-18T09:44:21,2022-08-18T09:44:21,True,False,True,new qualified event in recent-five partial-charge feature
M4_multi_efc_T_v1_final_candidate,final,102Ah_35degC_1C_cell1,3593,102Ah_35degC_1C_cell1|3590|2022-08-18T11:35:36|2022-08-18T12:31:35,2022-08-18T12:31:35,True,False,True,new qualified event in recent-five partial-charge feature
M4_multi_efc_T_v1_final_candidate,final,102Ah_35degC_1C_cell1,3593,102Ah_35degC_1C_cell1|3591|2022-08-18T14:22:50|2022-08-18T15:18:50,2022-08-18T15:18:50,True,False,True,new qualified event in recent-five partial-charge feature
M4_multi_efc_T_v1_final_candidate,final,102Ah_35degC_1C_cell1,3593,102Ah_35degC_1C_cell1|3592|2022-08-18T17:10:04|2022-08-18T18:06:04,2022-08-18T18:06:04,True,False,True,new qualified event in recent-five partial-charge feature
M4_multi_efc_T_v1_final_candidate,final,102Ah_35degC_1C_cell1,3593,102Ah_35degC_1C_cell1|3593|2022-08-18T19:57:17|2022-08-18T20:53:17,2022-08-18T20:53:17,True,False,True,new qualified event in recent-five partial-charge feature
M4_multi_efc_T_v1_final_candidate,final,102Ah_35degC_1C_cell1,3759,102Ah_35degC_1C_cell1|3755|2022-09-06T14:48:42|2022-09-06T15:44:12,2022-09-06T15:44:12,True,False,True,new qualified event in recent-five partial-charge feature
M4_multi_efc_T_v1_final_candidate,final,102Ah_35degC_1C_cell1,3759,102Ah_35degC_1C_cell1|3756|2022-09-06T17:35:18|2022-09-06T18:30:48,2022-09-06T18:30:48,True,False,True,new qualified event in recent-five partial-charge feature
M4_multi_efc_T_v1_final_candidate,final,102Ah_35degC_1C_cell1,3759,102Ah_35degC_1C_cell1|3757|2022-09-06T20:21:53|2022-09-06T21:17:23,2022-09-06T21:17:23,True,False,True,new qualified event in recent-five partial-charge feature
M4_multi_efc_T_v1_final_candidate,final,102Ah_35degC_1C_cell1,3759,102Ah_35degC_1C_cell1|3758|2022-09-06T23:08:28|2022-09-07T00:03:58,2022-09-07T00:03:58,True,False,True,new qualified event in recent-five partial-charge feature
M4_multi_efc_T_v1_final_candidate,final,102Ah_35degC_1C_cell1,3759,102Ah_35degC_1C_cell1|3759|2022-09-07T01:55:02|2022-09-07T02:50:32,2022-09-07T02:50:32,True,False,True,new qualified event in recent-five partial-charge feature
M4_multi_efc_T_v1_final_candidate,final,102Ah_35degC_1C_cell1,3925,102Ah_35degC_1C_cell1|3921|2022-09-28T02:46:12|2022-09-28T03:41:42,2022-09-28T03:41:42,True,False,True,new qualified event in recent-five partial-charge feature
M4_multi_efc_T_v1_final_candidate,final,102Ah_35degC_1C_cell1,3925,102Ah_35degC_1C_cell1|3922|2022-09-28T05:32:00|2022-09-28T06:27:30,2022-09-28T06:27:30,True,False,True,new qualified event in recent-five partial-charge feature
M4_multi_efc_T_v1_final_candidate,final,102Ah_35degC_1C_cell1,3925,102Ah_35degC_1C_cell1|3923|2022-09-28T08:17:47|2022-09-28T09:13:17,2022-09-28T09:13:17,True,False,True,new qualified event in recent-five partial-charge feature
M4_multi_efc_T_v1_final_candidate,final,102Ah_35degC_1C_cell1,3925,102Ah_35degC_1C_cell1|3924|2022-09-28T11:03:34|2022-09-28T11:58:34,2022-09-28T11:58:34,True,False,True,new qualified event in recent-five partial-charge feature
M4_multi_efc_T_v1_final_candidate,final,102Ah_35degC_1C_cell1,3925,102Ah_35degC_1C_cell1|3925|2022-09-28T13:49:20|2022-09-28T14:44:19,2022-09-28T14:44:19,True,False,True,new qualified event in recent-five partial-charge feature
M4_multi_efc_T_v1_final_candidate,final,102Ah_35degC_1C_cell1,4091,102Ah_35degC_1C_cell1|4013|2022-10-18T02:41:45|2022-10-18T03:36:45,2022-10-18T03:36:45,True,False,True,new qualified event in recent-five partial-charge feature
M4_multi_efc_T_v1_final_candidate,final,102Ah_35degC_1C_cell1,4091,102Ah_35degC_1C_cell1|4014|2022-10-18T05:26:54|2022-10-18T06:21:54,2022-10-18T06:21:54,True,False,True,new qualified event in recent-five partial-charge feature
M4_multi_efc_T_v1_final_candidate,final,102Ah_35degC_1C_cell1,4091,102Ah_35degC_1C_cell1|4015|2022-10-18T08:12:02|2022-10-18T09:07:02,2022-10-18T09:07:02,True,False,True,new qualified event in recent-five partial-charge feature
M4_multi_efc_T_v1_final_candidate,final,102Ah_35degC_1C_cell1,4091,102Ah_35degC_1C_cell1|4016|2022-10-18T10:57:11|2022-10-18T11:52:11,2022-10-18T11:52:11,True,False,True,new qualified event in recent-five partial-charge feature
M4_multi_efc_T_v1_final_candidate,final,102Ah_35degC_1C_cell1,4091,102Ah_35degC_1C_cell1|4017|2022-10-18T13:42:18|2022-10-18T14:37:18,2022-10-18T14:37:18,True,False,True,new qualified event in recent-five partial-charge feature
M4_multi_efc_T_v1_final_candidate,final,102Ah_35degC_1C_cell1,4755,102Ah_35degC_1C_cell1|4751|2023-01-13T06:15:43|2023-01-13T07:09:13,2023-01-13T07:09:13,True,False,True,new qualified event in recent-five partial-charge feature
M4_multi_efc_T_v1_final_candidate,final,102Ah_35degC_1C_cell1,4755,102Ah_35degC_1C_cell1|4752|2023-01-13T08:56:49|2023-01-13T09:50:19,2023-01-13T09:50:19,True,False,True,new qualified event in recent-five partial-charge feature
M4_multi_efc_T_v1_final_candidate,final,102Ah_35degC_1C_cell1,4755,102Ah_35degC_1C_cell1|4753|2023-01-13T11:37:55|2023-01-13T12:31:25,2023-01-13T12:31:25,True,False,True,new qualified event in recent-five partial-charge feature
M4_multi_efc_T_v1_final_candidate,final,102Ah_35degC_1C_cell1,4755,102Ah_35degC_1C_cell1|4754|2023-01-13T14:19:00|2023-01-13T15:12:30,2023-01-13T15:12:30,True,False,True,new qualified event in recent-five partial-charge feature
M4_multi_efc_T_v1_final_candidate,final,102Ah_35degC_1C_cell1,4755,102Ah_35degC_1C_cell1|4755|2023-01-13T17:00:04|2023-01-13T17:53:34,2023-01-13T17:53:34,True,False,True,new qualified event in recent-five partial-charge feature
M4_multi_efc_T_v1_final_candidate,final,102Ah_35degC_1C_cell1,4921,102Ah_35degC_1C_cell1|4879|2023-02-05T20:19:31|2023-02-05T21:12:31,2023-02-05T21:12:31,True,False,True,new qualified event in recent-five partial-charge feature
M4_multi_efc_T_v1_final_candidate,final,102Ah_35degC_1C_cell1,4921,102Ah_35degC_1C_cell1|4880|2023-02-05T22:59:37|2023-02-05T23:52:37,2023-02-05T23:52:37,True,False,True,new qualified event in recent-five partial-charge feature
M4_multi_efc_T_v1_final_candidate,final,102Ah_35degC_1C_cell1,4921,102Ah_35degC_1C_cell1|4881|2023-02-06T01:39:43|2023-02-06T02:32:43,2023-02-06T02:32:43,True,False,True,new qualified event in recent-five partial-charge feature
M4_multi_efc_T_v1_final_candidate,final,102Ah_35degC_1C_cell1,4921,102Ah_35degC_1C_cell1|4882|2023-02-06T04:19:48|2023-02-06T05:12:48,2023-02-06T05:12:48,True,False,True,new qualified event in recent-five partial-charge feature
M4_multi_efc_T_v1_final_candidate,final,102Ah_35degC_1C_cell1,4921,102Ah_35degC_1C_cell1|4883|2023-02-06T06:59:51|2023-02-06T07:52:50,2023-02-06T07:52:50,True,False,True,new qualified event in recent-five partial-charge feature
M4_multi_efc_T_v1_final_candidate,final,102Ah_45degC_0p5C_cell3,217,102Ah_45degC_0p5C_cell3|213|2021-07-02T21:15:41|2021-07-02T23:15:53,2021-07-02T23:15:53,True,False,True,new qualified event in recent-five partial-charge feature
M4_multi_efc_T_v1_final_candidate,final,102Ah_45degC_0p5C_cell3,217,102Ah_45degC_0p5C_cell3|214|2021-07-03T02:14:57|2021-07-03T04:14:57,2021-07-03T04:14:57,True,False,True,new qualified event in recent-five partial-charge feature
M4_multi_efc_T_v1_final_candidate,final,102Ah_45degC_0p5C_cell3,217,102Ah_45degC_0p5C_cell3|215|2021-07-03T07:14:10|2021-07-03T09:14:12,2021-07-03T09:14:12,True,False,True,new qualified event in recent-five partial-charge feature
M4_multi_efc_T_v1_final_candidate,final,102Ah_45degC_0p5C_cell3,217,102Ah_45degC_0p5C_cell3|216|2021-07-03T12:13:23|2021-07-03T14:13:23,2021-07-03T14:13:23,True,False,True,new qualified event in recent-five partial-charge feature
M4_multi_efc_T_v1_final_candidate,final,102Ah_45degC_0p5C_cell3,217,102Ah_45degC_0p5C_cell3|217|2021-07-03T17:12:33|2021-07-03T19:12:33,2021-07-03T19:12:33,True,False,True,new qualified event in recent-five partial-charge feature
M4_multi_efc_T_v1_final_candidate,final,102Ah_45degC_0p5C_cell3,350,102Ah_45degC_0p5C_cell3|346|2021-07-31T04:02:20|2021-07-31T06:01:15,2021-07-31T06:01:15,True,False,True,new qualified event in recent-five partial-charge feature
M4_multi_efc_T_v1_final_candidate,final,102Ah_45degC_0p5C_cell3,350,102Ah_45degC_0p5C_cell3|347|2021-07-31T08:58:56|2021-07-31T10:57:27,2021-07-31T10:57:27,True,False,True,new qualified event in recent-five partial-charge feature
M4_multi_efc_T_v1_final_candidate,final,102Ah_45degC_0p5C_cell3,350,102Ah_45degC_0p5C_cell3|348|2021-07-31T13:55:33|2021-07-31T15:54:02,2021-07-31T15:54:02,True,False,True,new qualified event in recent-five partial-charge feature
M4_multi_efc_T_v1_final_candidate,final,102Ah_45degC_0p5C_cell3,350,102Ah_45degC_0p5C_cell3|349|2021-07-31T18:52:08|2021-07-31T20:50:37,2021-07-31T20:50:37,True,False,True,new qualified event in recent-five partial-charge feature
M4_multi_efc_T_v1_final_candidate,final,102Ah_45degC_0p5C_cell3,350,102Ah_45degC_0p5C_cell3|350|2021-07-31T23:48:41|2021-08-01T01:47:11,2021-08-01T01:47:11,True,False,True,new qualified event in recent-five partial-charge feature
M4_multi_efc_T_v1_final_candidate,final,102Ah_45degC_0p5C_cell3,483,102Ah_45degC_0p5C_cell3|479|2021-08-27T12:04:34|2021-08-27T14:02:04,2021-08-27T14:02:04,True,False,True,new qualified event in recent-five partial-charge feature
M4_multi_efc_T_v1_final_candidate,final,102Ah_45degC_0p5C_cell3,483,102Ah_45degC_0p5C_cell3|480|2021-08-27T16:59:02|2021-08-27T18:56:33,2021-08-27T18:56:33,True,False,True,new qualified event in recent-five partial-charge feature
M4_multi_efc_T_v1_final_candidate,final,102Ah_45degC_0p5C_cell3,483,102Ah_45degC_0p5C_cell3|481|2021-08-27T21:53:29|2021-08-27T23:51:21,2021-08-27T23:51:21,True,False,True,new qualified event in recent-five partial-charge feature
M4_multi_efc_T_v1_final_candidate,final,102Ah_45degC_0p5C_cell3,483,102Ah_45degC_0p5C_cell3|482|2021-08-28T02:47:55|2021-08-28T04:45:25,2021-08-28T04:45:25,True,False,True,new qualified event in recent-five partial-charge feature
M4_multi_efc_T_v1_final_candidate,final,102Ah_45degC_0p5C_cell3,483,102Ah_45degC_0p5C_cell3|483|2021-08-28T07:42:19|2021-08-28T09:39:50,2021-08-28T09:39:50,True,False,True,new qualified event in recent-five partial-charge feature
M4_multi_efc_T_v1_final_candidate,final,102Ah_45degC_0p5C_cell3,620,102Ah_45degC_0p5C_cell3|616|2021-09-26T00:51:29|2021-09-26T02:48:27,2021-09-26T02:48:27,True,False,True,new qualified event in recent-five partial-charge feature
M4_multi_efc_T_v1_final_candidate,final,102Ah_45degC_0p5C_cell3,620,102Ah_45degC_0p5C_cell3|617|2021-09-26T05:44:02|2021-09-26T07:41:00,2021-09-26T07:41:00,True,False,True,new qualified event in recent-five partial-charge feature
M4_multi_efc_T_v1_final_candidate,final,102Ah_45degC_0p5C_cell3,620,102Ah_45degC_0p5C_cell3|618|2021-09-26T10:36:35|2021-09-26T12:33:05,2021-09-26T12:33:05,True,False,True,new qualified event in recent-five partial-charge feature
M4_multi_efc_T_v1_final_candidate,final,102Ah_45degC_0p5C_cell3,620,102Ah_45degC_0p5C_cell3|619|2021-09-26T15:29:06|2021-09-26T17:26:03,2021-09-26T17:26:03,True,False,True,new qualified event in recent-five partial-charge feature
M4_multi_efc_T_v1_final_candidate,final,102Ah_45degC_0p5C_cell3,620,102Ah_45degC_0p5C_cell3|620|2021-09-26T20:21:37|2021-09-26T22:18:34,2021-09-26T22:18:34,True,False,True,new qualified event in recent-five partial-charge feature
M4_multi_efc_T_v1_final_candidate,final,102Ah_45degC_0p5C_cell3,754,102Ah_45degC_0p5C_cell3|750|2021-10-31T09:10:25|2021-10-31T11:06:28,2021-10-31T11:06:28,True,False,True,new qualified event in recent-five partial-charge feature
M4_multi_efc_T_v1_final_candidate,final,102Ah_45degC_0p5C_cell3,754,102Ah_45degC_0p5C_cell3|751|2021-10-31T14:01:04|2021-10-31T15:57:05,2021-10-31T15:57:05,True,False,True,new qualified event in recent-five partial-charge feature
M4_multi_efc_T_v1_final_candidate,final,102Ah_45degC_0p5C_cell3,754,102Ah_45degC_0p5C_cell3|752|2021-10-31T18:51:42|2021-10-31T20:47:41,2021-10-31T20:47:41,True,False,True,new qualified event in recent-five partial-charge feature
M4_multi_efc_T_v1_final_candidate,final,102Ah_45degC_0p5C_cell3,754,102Ah_45degC_0p5C_cell3|753|2021-10-31T23:42:18|2021-11-01T01:38:18,2021-11-01T01:38:18,True,False,True,new qualified event in recent-five partial-charge feature
M4_multi_efc_T_v1_final_candidate,final,102Ah_45degC_0p5C_cell3,754,102Ah_45degC_0p5C_cell3|754|2021-11-01T04:32:54|2021-11-01T06:28:54,2021-11-01T06:28:54,True,False,True,new qualified event in recent-five partial-charge feature
M4_multi_efc_T_v1_final_candidate,final,102Ah_45degC_0p5C_cell3,888,102Ah_45degC_0p5C_cell3|884|2021-11-27T09:04:38|2021-11-27T10:59:50,2021-11-27T10:59:50,True,False,True,new qualified event in recent-five partial-charge feature
M4_multi_efc_T_v1_final_candidate,final,102Ah_45degC_0p5C_cell3,888,102Ah_45degC_0p5C_cell3|885|2021-11-27T13:53:32|2021-11-27T15:48:32,2021-11-27T15:48:32,True,False,True,new qualified event in recent-five partial-charge feature
M4_multi_efc_T_v1_final_candidate,final,102Ah_45degC_0p5C_cell3,888,102Ah_45degC_0p5C_cell3|886|2021-11-27T18:42:25|2021-11-27T20:37:35,2021-11-27T20:37:35,True,False,True,new qualified event in recent-five partial-charge feature
M4_multi_efc_T_v1_final_candidate,final,102Ah_45degC_0p5C_cell3,888,102Ah_45degC_0p5C_cell3|887|2021-11-27T23:31:16|2021-11-28T01:26:17,2021-11-28T01:26:17,True,False,True,new qualified event in recent-five partial-charge feature
M4_multi_efc_T_v1_final_candidate,final,102Ah_45degC_0p5C_cell3,888,102Ah_45degC_0p5C_cell3|888|2021-11-28T04:20:08|2021-11-28T06:15:08,2021-11-28T06:15:08,True,False,True,new qualified event in recent-five partial-charge feature
M4_multi_efc_T_v1_final_candidate,final,102Ah_45degC_0p5C_cell3,1023,102Ah_45degC_0p5C_cell3|1019|2022-01-20T12:54:31|2022-01-20T14:48:01,2022-01-20T14:48:01,True,False,True,new qualified event in recent-five partial-charge feature
M4_multi_efc_T_v1_final_candidate,final,102Ah_45degC_0p5C_cell3,1023,102Ah_45degC_0p5C_cell3|1020|2022-01-20T18:56:24|2022-01-20T20:50:24,2022-01-20T20:50:24,True,False,True,new qualified event in recent-five partial-charge feature
M4_multi_efc_T_v1_final_candidate,final,102Ah_45degC_0p5C_cell3,1023,102Ah_45degC_0p5C_cell3|1021|2022-01-20T23:43:53|2022-01-21T01:38:25,2022-01-21T01:38:25,True,False,True,new qualified event in recent-five partial-charge feature
M4_multi_efc_T_v1_final_candidate,final,102Ah_45degC_0p5C_cell3,1023,102Ah_45degC_0p5C_cell3|1022|2022-01-21T04:31:27|2022-01-21T06:25:58,2022-01-21T06:25:58,True,False,True,new qualified event in recent-five partial-charge feature
M4_multi_efc_T_v1_final_candidate,final,102Ah_45degC_0p5C_cell3,1023,102Ah_45degC_0p5C_cell3|1023|2022-01-21T09:18:57|2022-01-21T11:13:27,2022-01-21T11:13:27,True,False,True,new qualified event in recent-five partial-charge feature
M4_multi_efc_T_v1_final_candidate,final,102Ah_45degC_0p5C_cell3,1168,102Ah_45degC_0p5C_cell3|1164|2022-03-08T01:18:56|2022-03-08T03:12:18,2022-03-08T03:12:18,True,False,True,new qualified event in recent-five partial-charge feature
M4_multi_efc_T_v1_final_candidate,final,102Ah_45degC_0p5C_cell3,1168,102Ah_45degC_0p5C_cell3|1165|2022-03-08T06:04:07|2022-03-08T07:57:07,2022-03-08T07:57:07,True,False,True,new qualified event in recent-five partial-charge feature
M4_multi_efc_T_v1_final_candidate,final,102Ah_45degC_0p5C_cell3,1168,102Ah_45degC_0p5C_cell3|1166|2022-03-08T10:49:19|2022-03-08T12:42:40,2022-03-08T12:42:40,True,False,True,new qualified event in recent-five partial-charge feature
M4_multi_efc_T_v1_final_candidate,final,102Ah_45degC_0p5C_cell3,1168,102Ah_45degC_0p5C_cell3|1167|2022-03-08T15:34:29|2022-03-08T17:27:29,2022-03-08T17:27:29,True,False,True,new qualified event in recent-five partial-charge feature
M4_multi_efc_T_v1_final_candidate,final,102Ah_45degC_0p5C_cell3,1168,102Ah_45degC_0p5C_cell3|1168|2022-03-08T20:19:39|2022-03-08T22:13:00,2022-03-08T22:13:00,True,False,True,new qualified event in recent-five partial-charge feature
M4_multi_efc_T_v1_final_candidate,final,102Ah_45degC_0p5C_cell3,1314,102Ah_45degC_0p5C_cell3|1310|2022-04-05T22:16:07|2022-04-06T00:08:32,2022-04-06T00:08:32,True,False,True,new qualified event in recent-five partial-charge feature
M4_multi_efc_T_v1_final_candidate,final,102Ah_45degC_0p5C_cell3,1314,102Ah_45degC_0p5C_cell3|1311|2022-04-06T02:59:23|2022-04-06T04:51:46,2022-04-06T04:51:46,True,False,True,new qualified event in recent-five partial-charge feature
M4_multi_efc_T_v1_final_candidate,final,102Ah_45degC_0p5C_cell3,1314,102Ah_45degC_0p5C_cell3|1312|2022-04-06T07:42:36|2022-04-06T09:34:38,2022-04-06T09:34:38,True,False,True,new qualified event in recent-five partial-charge feature
M4_multi_efc_T_v1_final_candidate,final,102Ah_45degC_0p5C_cell3,1314,102Ah_45degC_0p5C_cell3|1313|2022-04-06T12:25:51|2022-04-06T14:18:14,2022-04-06T14:18:14,True,False,True,new qualified event in recent-five partial-charge feature
M4_multi_efc_T_v1_final_candidate,final,102Ah_45degC_0p5C_cell3,1314,102Ah_45degC_0p5C_cell3|1314|2022-04-06T17:09:02|2022-04-06T19:01:02,2022-04-06T19:01:02,True,False,True,new qualified event in recent-five partial-charge feature
M4_multi_efc_T_v1_final_candidate,final,102Ah_45degC_0p5C_cell3,1457,102Ah_45degC_0p5C_cell3|1449|2022-05-10T18:50:05|2022-05-10T19:47:35,2022-05-10T19:47:35,True,False,True,new qualified event in recent-five partial-charge feature
M4_multi_efc_T_v1_final_candidate,final,102Ah_45degC_0p5C_cell3,1457,102Ah_45degC_0p5C_cell3|1455|2022-05-10T22:37:28|2022-05-11T00:28:45,2022-05-11T00:28:45,True,False,True,new qualified event in recent-five partial-charge feature
M4_multi_efc_T_v1_final_candidate,final,102Ah_45degC_0p5C_cell3,1457,102Ah_45degC_0p5C_cell3|1456|2022-05-11T03:18:32|2022-05-11T05:09:52,2022-05-11T05:09:52,True,False,True,new qualified event in recent-five partial-charge feature
M4_multi_efc_T_v1_final_candidate,final,102Ah_45degC_0p5C_cell3,1457,102Ah_45degC_0p5C_cell3|1457|2022-05-11T07:59:39|2022-05-11T09:51:01,2022-05-11T09:51:01,True,False,True,new qualified event in recent-five partial-charge feature
M4_multi_efc_T_v1_final_candidate,final,102Ah_45degC_0p5C_cell3,1605,102Ah_45degC_0p5C_cell3|1601|2022-06-14T01:08:45|2022-06-14T02:59:02,2022-06-14T02:59:02,True,False,True,new qualified event in recent-five partial-charge feature
M4_multi_efc_T_v1_final_candidate,final,102Ah_45degC_0p5C_cell3,1605,102Ah_45degC_0p5C_cell3|1602|2022-06-14T05:47:45|2022-06-14T07:38:02,2022-06-14T07:38:02,True,False,True,new qualified event in recent-five partial-charge feature
M4_multi_efc_T_v1_final_candidate,final,102Ah_45degC_0p5C_cell3,1605,102Ah_45degC_0p5C_cell3|1603|2022-06-14T10:26:46|2022-06-14T12:16:46,2022-06-14T12:16:46,True,False,True,new qualified event in recent-five partial-charge feature
M4_multi_efc_T_v1_final_candidate,final,102Ah_45degC_0p5C_cell3,1605,102Ah_45degC_0p5C_cell3|1604|2022-06-14T15:05:45|2022-06-14T16:55:45,2022-06-14T16:55:45,True,False,True,new qualified event in recent-five partial-charge feature
M4_multi_efc_T_v1_final_candidate,final,102Ah_45degC_0p5C_cell3,1605,102Ah_45degC_0p5C_cell3|1605|2022-06-14T19:44:44|2022-06-14T21:35:00,2022-06-14T21:35:00,True,False,True,new qualified event in recent-five partial-charge feature
M4_multi_efc_T_v1_final_candidate,final,102Ah_45degC_0p5C_cell3,1739,102Ah_45degC_0p5C_cell3|1735|2022-07-10T23:45:11|2022-07-11T01:34:11,2022-07-11T01:34:11,True,False,True,new qualified event in recent-five partial-charge feature
M4_multi_efc_T_v1_final_candidate,final,102Ah_45degC_0p5C_cell3,1739,102Ah_45degC_0p5C_cell3|1736|2022-07-11T04:22:21|2022-07-11T06:11:21,2022-07-11T06:11:21,True,False,True,new qualified event in recent-five partial-charge feature
M4_multi_efc_T_v1_final_candidate,final,102Ah_45degC_0p5C_cell3,1739,102Ah_45degC_0p5C_cell3|1737|2022-07-11T08:59:31|2022-07-11T10:48:55,2022-07-11T10:48:55,True,False,True,new qualified event in recent-five partial-charge feature
M4_multi_efc_T_v1_final_candidate,final,102Ah_45degC_0p5C_cell3,1739,102Ah_45degC_0p5C_cell3|1738|2022-07-11T13:36:40|2022-07-11T15:26:02,2022-07-11T15:26:02,True,False,True,new qualified event in recent-five partial-charge feature
M4_multi_efc_T_v1_final_candidate,final,102Ah_45degC_0p5C_cell3,1739,102Ah_45degC_0p5C_cell3|1739|2022-07-11T18:13:49|2022-07-11T20:02:49,2022-07-11T20:02:49,True,False,True,new qualified event in recent-five partial-charge feature
M4_multi_efc_T_v1_final_candidate,final,102Ah_45degC_0p5C_cell3,1872,102Ah_45degC_0p5C_cell3|1868|2022-08-05T14:14:24|2022-08-05T16:02:24,2022-08-05T16:02:24,True,False,True,new qualified event in recent-five partial-charge feature
M4_multi_efc_T_v1_final_candidate,final,102Ah_45degC_0p5C_cell3,1872,102Ah_45degC_0p5C_cell3|1869|2022-08-05T18:49:41|2022-08-05T20:37:41,2022-08-05T20:37:41,True,False,True,new qualified event in recent-five partial-charge feature
M4_multi_efc_T_v1_final_candidate,final,102Ah_45degC_0p5C_cell3,1872,102Ah_45degC_0p5C_cell3|1870|2022-08-05T23:24:57|2022-08-06T01:13:23,2022-08-06T01:13:23,True,False,True,new qualified event in recent-five partial-charge feature
M4_multi_efc_T_v1_final_candidate,final,102Ah_45degC_0p5C_cell3,1872,102Ah_45degC_0p5C_cell3|1871|2022-08-06T04:00:12|2022-08-06T05:48:12,2022-08-06T05:48:12,True,False,True,new qualified event in recent-five partial-charge feature
M4_multi_efc_T_v1_final_candidate,final,102Ah_45degC_0p5C_cell3,1872,102Ah_45degC_0p5C_cell3|1872|2022-08-06T08:35:27|2022-08-06T10:23:28,2022-08-06T10:23:28,True,False,True,new qualified event in recent-five partial-charge feature
M4_multi_efc_T_v1_final_candidate,final,102Ah_45degC_0p5C_cell3,2005,102Ah_45degC_0p5C_cell3|2001|2022-08-31T10:09:06|2022-08-31T11:56:06,2022-08-31T11:56:06,True,False,True,new qualified event in recent-five partial-charge feature
M4_multi_efc_T_v1_final_candidate,final,102Ah_45degC_0p5C_cell3,2005,102Ah_45degC_0p5C_cell3|2002|2022-08-31T14:42:26|2022-08-31T16:29:54,2022-08-31T16:29:54,True,False,True,new qualified event in recent-five partial-charge feature
M4_multi_efc_T_v1_final_candidate,final,102Ah_45degC_0p5C_cell3,2005,102Ah_45degC_0p5C_cell3|2003|2022-08-31T19:15:45|2022-08-31T21:02:45,2022-08-31T21:02:45,True,False,True,new qualified event in recent-five partial-charge feature
M4_multi_efc_T_v1_final_candidate,final,102Ah_45degC_0p5C_cell3,2005,102Ah_45degC_0p5C_cell3|2004|2022-08-31T23:49:04|2022-09-01T01:36:32,2022-09-01T01:36:32,True,False,True,new qualified event in recent-five partial-charge feature
M4_multi_efc_T_v1_final_candidate,final,102Ah_45degC_0p5C_cell3,2005,102Ah_45degC_0p5C_cell3|2005|2022-09-01T04:22:21|2022-09-01T06:09:48,2022-09-01T06:09:48,True,False,True,new qualified event in recent-five partial-charge feature
M4_multi_efc_T_v1_final_candidate,final,102Ah_45degC_0p5C_cell3,2138,102Ah_45degC_0p5C_cell3|2134|2022-09-25T18:39:23|2022-09-25T20:25:23,2022-09-25T20:25:23,True,False,True,new qualified event in recent-five partial-charge feature
M4_multi_efc_T_v1_final_candidate,final,102Ah_45degC_0p5C_cell3,2138,102Ah_45degC_0p5C_cell3|2135|2022-09-25T23:10:42|2022-09-26T00:57:11,2022-09-26T00:57:11,True,False,True,new qualified event in recent-five partial-charge feature
M4_multi_efc_T_v1_final_candidate,final,102Ah_45degC_0p5C_cell3,2138,102Ah_45degC_0p5C_cell3|2136|2022-09-26T03:42:02|2022-09-26T05:28:02,2022-09-26T05:28:02,True,False,True,new qualified event in recent-five partial-charge feature
M4_multi_efc_T_v1_final_candidate,final,102Ah_45degC_0p5C_cell3,2138,102Ah_45degC_0p5C_cell3|2137|2022-09-26T08:13:20|2022-09-26T09:59:21,2022-09-26T09:59:21,True,False,True,new qualified event in recent-five partial-charge feature
M4_multi_efc_T_v1_final_candidate,final,102Ah_45degC_0p5C_cell3,2138,102Ah_45degC_0p5C_cell3|2138|2022-09-26T12:44:38|2022-09-26T14:31:05,2022-09-26T14:31:05,True,False,True,new qualified event in recent-five partial-charge feature
M4_multi_efc_T_v1_final_candidate,final,102Ah_45degC_0p5C_cell3,2272,102Ah_45degC_0p5C_cell3|2268|2022-10-30T02:22:05|2022-10-30T04:07:33,2022-10-30T04:07:33,True,False,True,new qualified event in recent-five partial-charge feature
M4_multi_efc_T_v1_final_candidate,final,102Ah_45degC_0p5C_cell3,2272,102Ah_45degC_0p5C_cell3|2269|2022-10-30T06:51:19|2022-10-30T08:36:47,2022-10-30T08:36:47,True,False,True,new qualified event in recent-five partial-charge feature
M4_multi_efc_T_v1_final_candidate,final,102Ah_45degC_0p5C_cell3,2272,102Ah_45degC_0p5C_cell3|2270|2022-10-30T11:20:34|2022-10-30T13:06:01,2022-10-30T13:06:01,True,False,True,new qualified event in recent-five partial-charge feature
M4_multi_efc_T_v1_final_candidate,final,102Ah_45degC_0p5C_cell3,2272,102Ah_45degC_0p5C_cell3|2271|2022-10-30T15:49:47|2022-10-30T17:35:13,2022-10-30T17:35:13,True,False,True,new qualified event in recent-five partial-charge feature
M4_multi_efc_T_v1_final_candidate,final,102Ah_45degC_0p5C_cell3,2272,102Ah_45degC_0p5C_cell3|2272|2022-10-30T20:18:59|2022-10-30T22:03:59,2022-10-30T22:03:59,True,False,True,new qualified event in recent-five partial-charge feature
M4_multi_efc_T_v1_final_candidate,final,102Ah_45degC_0p5C_cell3,2405,102Ah_45degC_0p5C_cell3|2401|2022-11-27T08:07:09|2022-11-27T09:51:31,2022-11-27T09:51:31,True,False,True,new qualified event in recent-five partial-charge feature
M4_multi_efc_T_v1_final_candidate,final,102Ah_45degC_0p5C_cell3,2405,102Ah_45degC_0p5C_cell3|2402|2022-11-27T12:34:12|2022-11-27T14:18:33,2022-11-27T14:18:33,True,False,True,new qualified event in recent-five partial-charge feature
M4_multi_efc_T_v1_final_candidate,final,102Ah_45degC_0p5C_cell3,2405,102Ah_45degC_0p5C_cell3|2403|2022-11-27T17:01:13|2022-11-27T18:45:14,2022-11-27T18:45:14,True,False,True,new qualified event in recent-five partial-charge feature
M4_multi_efc_T_v1_final_candidate,final,102Ah_45degC_0p5C_cell3,2405,102Ah_45degC_0p5C_cell3|2404|2022-11-27T21:28:14|2022-11-27T23:12:33,2022-11-27T23:12:33,True,False,True,new qualified event in recent-five partial-charge feature
M4_multi_efc_T_v1_final_candidate,final,102Ah_45degC_0p5C_cell3,2405,102Ah_45degC_0p5C_cell3|2405|2022-11-28T01:55:13|2022-11-28T03:39:31,2022-11-28T03:39:31,True,False,True,new qualified event in recent-five partial-charge feature
M4_multi_efc_T_v1_final_candidate,final,102Ah_45degC_0p5C_cell3,2538,102Ah_45degC_0p5C_cell3|2534|2022-12-21T21:50:55|2022-12-21T23:34:07,2022-12-21T23:34:07,True,False,True,new qualified event in recent-five partial-charge feature
M4_multi_efc_T_v1_final_candidate,final,102Ah_45degC_0p5C_cell3,2538,102Ah_45degC_0p5C_cell3|2535|2022-12-22T02:15:40|2022-12-22T03:58:51,2022-12-22T03:58:51,True,False,True,new qualified event in recent-five partial-charge feature
M4_multi_efc_T_v1_final_candidate,final,102Ah_45degC_0p5C_cell3,2538,102Ah_45degC_0p5C_cell3|2536|2022-12-22T06:40:23|2022-12-22T08:23:23,2022-12-22T08:23:23,True,False,True,new qualified event in recent-five partial-charge feature
M4_multi_efc_T_v1_final_candidate,final,102Ah_45degC_0p5C_cell3,2538,102Ah_45degC_0p5C_cell3|2537|2022-12-22T11:05:06|2022-12-22T12:48:16,2022-12-22T12:48:16,True,False,True,new qualified event in recent-five partial-charge feature
M4_multi_efc_T_v1_final_candidate,final,102Ah_45degC_0p5C_cell3,2538,102Ah_45degC_0p5C_cell3|2538|2022-12-22T15:29:47|2022-12-22T17:12:47,2022-12-22T17:12:47,True,False,True,new qualified event in recent-five partial-charge feature
M4_multi_efc_T_v1_final_candidate,final,102Ah_45degC_0p5C_cell3,2671,102Ah_45degC_0p5C_cell3|2667|2023-01-15T08:04:35|2023-01-15T09:46:33,2023-01-15T09:46:33,True,False,True,new qualified event in recent-five partial-charge feature
M4_multi_efc_T_v1_final_candidate,final,102Ah_45degC_0p5C_cell3,2671,102Ah_45degC_0p5C_cell3|2668|2023-01-15T12:26:48|2023-01-15T14:08:44,2023-01-15T14:08:44,True,False,True,new qualified event in recent-five partial-charge feature
M4_multi_efc_T_v1_final_candidate,final,102Ah_45degC_0p5C_cell3,2671,102Ah_45degC_0p5C_cell3|2669|2023-01-15T16:48:59|2023-01-15T18:30:55,2023-01-15T18:30:55,True,False,True,new qualified event in recent-five partial-charge feature
M4_multi_efc_T_v1_final_candidate,final,102Ah_45degC_0p5C_cell3,2671,102Ah_45degC_0p5C_cell3|2670|2023-01-15T21:11:10|2023-01-15T22:52:39,2023-01-15T22:52:39,True,False,True,new qualified event in recent-five partial-charge feature
M4_multi_efc_T_v1_final_candidate,final,102Ah_45degC_0p5C_cell3,2671,102Ah_45degC_0p5C_cell3|2671|2023-01-16T01:33:19|2023-01-16T03:15:13,2023-01-16T03:15:13,True,False,True,new qualified event in recent-five partial-charge feature
M4_multi_efc_T_v1_final_candidate,final,102Ah_45degC_0p5C_cell3,2805,102Ah_45degC_0p5C_cell3|2801|2023-02-18T10:04:30|2023-02-18T11:44:30,2023-02-18T11:44:30,True,False,True,new qualified event in recent-five partial-charge feature
M4_multi_efc_T_v1_final_candidate,final,102Ah_45degC_0p5C_cell3,2805,102Ah_45degC_0p5C_cell3|2802|2023-02-18T14:23:38|2023-02-18T16:03:38,2023-02-18T16:03:38,True,False,True,new qualified event in recent-five partial-charge feature
M4_multi_efc_T_v1_final_candidate,final,102Ah_45degC_0p5C_cell3,2805,102Ah_45degC_0p5C_cell3|2803|2023-02-18T18:42:45|2023-02-18T20:23:11,2023-02-18T20:23:11,True,False,True,new qualified event in recent-five partial-charge feature
M4_multi_efc_T_v1_final_candidate,final,102Ah_45degC_0p5C_cell3,2805,102Ah_45degC_0p5C_cell3|2804|2023-02-18T23:01:50|2023-02-19T00:41:51,2023-02-19T00:41:51,True,False,True,new qualified event in recent-five partial-charge feature
M4_multi_efc_T_v1_final_candidate,final,102Ah_45degC_0p5C_cell3,2805,102Ah_45degC_0p5C_cell3|2805|2023-02-19T03:20:55|2023-02-19T05:00:54,2023-02-19T05:00:54,True,False,True,new qualified event in recent-five partial-charge feature
M4_multi_efc_T_v1_final_candidate,final,102Ah_45degC_0p5C_cell3,2939,102Ah_45degC_0p5C_cell3|2935|2023-03-28T08:41:39|2023-03-28T10:19:40,2023-03-28T10:19:40,True,False,True,new qualified event in recent-five partial-charge feature
M4_multi_efc_T_v1_final_candidate,final,102Ah_45degC_0p5C_cell3,2939,102Ah_45degC_0p5C_cell3|2936|2023-03-28T12:56:45|2023-03-28T14:35:15,2023-03-28T14:35:15,True,False,True,new qualified event in recent-five partial-charge feature
M4_multi_efc_T_v1_final_candidate,final,102Ah_45degC_0p5C_cell3,2939,102Ah_45degC_0p5C_cell3|2937|2023-03-28T17:11:50|2023-03-28T18:50:19,2023-03-28T18:50:19,True,False,True,new qualified event in recent-five partial-charge feature
M4_multi_efc_T_v1_final_candidate,final,102Ah_45degC_0p5C_cell3,2939,102Ah_45degC_0p5C_cell3|2938|2023-03-28T21:26:54|2023-03-28T23:05:21,2023-03-28T23:05:21,True,False,True,new qualified event in recent-five partial-charge feature
M4_multi_efc_T_v1_final_candidate,final,102Ah_45degC_0p5C_cell3,2939,102Ah_45degC_0p5C_cell3|2939|2023-03-29T01:41:55|2023-03-29T03:20:22,2023-03-29T03:20:22,True,False,True,new qualified event in recent-five partial-charge feature
M4_multi_efc_T_v1_final_candidate,final,102Ah_45degC_0p5C_cell3,3072,102Ah_45degC_0p5C_cell3|3068|2023-04-20T19:19:15|2023-04-20T20:56:07,2023-04-20T20:56:07,True,False,True,new qualified event in recent-five partial-charge feature
M4_multi_efc_T_v1_final_candidate,final,102Ah_45degC_0p5C_cell3,3072,102Ah_45degC_0p5C_cell3|3069|2023-04-20T23:30:53|2023-04-21T01:07:23,2023-04-21T01:07:23,True,False,True,new qualified event in recent-five partial-charge feature
M4_multi_efc_T_v1_final_candidate,final,102Ah_45degC_0p5C_cell3,3072,102Ah_45degC_0p5C_cell3|3070|2023-04-21T03:42:29|2023-04-21T05:19:20,2023-04-21T05:19:20,True,False,True,new qualified event in recent-five partial-charge feature
M4_multi_efc_T_v1_final_candidate,final,102Ah_45degC_0p5C_cell3,3072,102Ah_45degC_0p5C_cell3|3071|2023-04-21T07:54:03|2023-04-21T09:30:55,2023-04-21T09:30:55,True,False,True,new qualified event in recent-five partial-charge feature
M4_multi_efc_T_v1_final_candidate,final,102Ah_45degC_0p5C_cell3,3072,102Ah_45degC_0p5C_cell3|3072|2023-04-21T12:05:37|2023-04-21T13:42:07,2023-04-21T13:42:07,True,False,True,new qualified event in recent-five partial-charge feature
M4_multi_efc_T_v1_final_candidate,final,102Ah_45degC_0p5C_cell3,3205,102Ah_45degC_0p5C_cell3|3201|2023-05-20T20:41:57|2023-05-20T22:16:50,2023-05-20T22:16:50,True,False,True,new qualified event in recent-five partial-charge feature
M4_multi_efc_T_v1_final_candidate,final,102Ah_45degC_0p5C_cell3,3205,102Ah_45degC_0p5C_cell3|3202|2023-05-21T00:49:25|2023-05-21T02:23:55,2023-05-21T02:23:55,True,False,True,new qualified event in recent-five partial-charge feature
M4_multi_efc_T_v1_final_candidate,final,102Ah_45degC_0p5C_cell3,3205,102Ah_45degC_0p5C_cell3|3203|2023-05-21T04:56:51|2023-05-21T06:31:20,2023-05-21T06:31:20,True,False,True,new qualified event in recent-five partial-charge feature
M4_multi_efc_T_v1_final_candidate,final,102Ah_45degC_0p5C_cell3,3205,102Ah_45degC_0p5C_cell3|3204|2023-05-21T09:04:15|2023-05-21T10:38:44,2023-05-21T10:38:44,True,False,True,new qualified event in recent-five partial-charge feature
M4_multi_efc_T_v1_final_candidate,final,102Ah_45degC_0p5C_cell3,3205,102Ah_45degC_0p5C_cell3|3205|2023-05-21T13:11:37|2023-05-21T14:46:26,2023-05-21T14:46:26,True,False,True,new qualified event in recent-five partial-charge feature
M4_multi_efc_T_v1_final_candidate,final,102Ah_45degC_0p5C_cell3,3340,102Ah_45degC_0p5C_cell3|3336|2023-07-10T01:50:45|2023-07-10T03:22:44,2023-07-10T03:22:44,True,False,True,new qualified event in recent-five partial-charge feature
M4_multi_efc_T_v1_final_candidate,final,102Ah_45degC_0p5C_cell3,3340,102Ah_45degC_0p5C_cell3|3337|2023-07-10T05:52:43|2023-07-10T07:24:43,2023-07-10T07:24:43,True,False,True,new qualified event in recent-five partial-charge feature
M4_multi_efc_T_v1_final_candidate,final,102Ah_45degC_0p5C_cell3,3340,102Ah_45degC_0p5C_cell3|3338|2023-07-10T09:54:40|2023-07-10T11:26:39,2023-07-10T11:26:39,True,False,True,new qualified event in recent-five partial-charge feature
M4_multi_efc_T_v1_final_candidate,final,102Ah_45degC_0p5C_cell3,3340,102Ah_45degC_0p5C_cell3|3339|2023-07-10T13:56:34|2023-07-10T15:28:34,2023-07-10T15:28:34,True,False,True,new qualified event in recent-five partial-charge feature
M4_multi_efc_T_v1_final_candidate,final,102Ah_45degC_0p5C_cell3,3340,102Ah_45degC_0p5C_cell3|3340|2023-07-10T17:58:27|2023-07-10T19:30:26,2023-07-10T19:30:26,True,False,True,new qualified event in recent-five partial-charge feature
M4_multi_efc_T_v1_final_candidate,final,102Ah_45degC_0p5C_cell3,3473,102Ah_45degC_0p5C_cell3|3469|2023-08-04T17:07:07|2023-08-04T18:36:37,2023-08-04T18:36:37,True,False,True,new qualified event in recent-five partial-charge feature
M4_multi_efc_T_v1_final_candidate,final,102Ah_45degC_0p5C_cell3,3473,102Ah_45degC_0p5C_cell3|3470|2023-08-04T21:04:03|2023-08-04T22:33:33,2023-08-04T22:33:33,True,False,True,new qualified event in recent-five partial-charge feature
M4_multi_efc_T_v1_final_candidate,final,102Ah_45degC_0p5C_cell3,3473,102Ah_45degC_0p5C_cell3|3471|2023-08-05T01:00:58|2023-08-05T02:30:28,2023-08-05T02:30:28,True,False,True,new qualified event in recent-five partial-charge feature
M4_multi_efc_T_v1_final_candidate,final,102Ah_45degC_0p5C_cell3,3473,102Ah_45degC_0p5C_cell3|3472|2023-08-05T04:57:50|2023-08-05T06:27:20,2023-08-05T06:27:20,True,False,True,new qualified event in recent-five partial-charge feature
M4_multi_efc_T_v1_final_candidate,final,102Ah_45degC_0p5C_cell3,3473,102Ah_45degC_0p5C_cell3|3473|2023-08-05T08:54:41|2023-08-05T10:24:10,2023-08-05T10:24:10,True,False,True,new qualified event in recent-five partial-charge feature
M4_multi_efc_T_v1_final_candidate,final,102Ah_45degC_0p5C_cell3,3606,102Ah_45degC_0p5C_cell3|3602|2023-08-26T08:52:39|2023-08-26T10:19:38,2023-08-26T10:19:38,True,False,True,new qualified event in recent-five partial-charge feature
M4_multi_efc_T_v1_final_candidate,final,102Ah_45degC_0p5C_cell3,3606,102Ah_45degC_0p5C_cell3|3603|2023-08-26T12:44:16|2023-08-26T14:11:16,2023-08-26T14:11:16,True,False,True,new qualified event in recent-five partial-charge feature
M4_multi_efc_T_v1_final_candidate,final,102Ah_45degC_0p5C_cell3,3606,102Ah_45degC_0p5C_cell3|3604|2023-08-26T16:35:50|2023-08-26T18:02:50,2023-08-26T18:02:50,True,False,True,new qualified event in recent-five partial-charge feature
M4_multi_efc_T_v1_final_candidate,final,102Ah_45degC_0p5C_cell3,3606,102Ah_45degC_0p5C_cell3|3605|2023-08-26T20:27:24|2023-08-26T21:54:24,2023-08-26T21:54:24,True,False,True,new qualified event in recent-five partial-charge feature
M4_multi_efc_T_v1_final_candidate,final,102Ah_45degC_0p5C_cell3,3606,102Ah_45degC_0p5C_cell3|3606|2023-08-27T00:18:55|2023-08-27T01:45:55,2023-08-27T01:45:55,True,False,True,new qualified event in recent-five partial-charge feature
M4_multi_efc_T_v1_final_candidate,final,102Ah_45degC_0p5C_cell3,3740,102Ah_45degC_0p5C_cell3|3736|2023-09-16T16:04:29|2023-09-16T17:28:29,2023-09-16T17:28:29,True,False,True,new qualified event in recent-five partial-charge feature
M4_multi_efc_T_v1_final_candidate,final,102Ah_45degC_0p5C_cell3,3740,102Ah_45degC_0p5C_cell3|3737|2023-09-16T19:50:32|2023-09-16T21:14:54,2023-09-16T21:14:54,True,False,True,new qualified event in recent-five partial-charge feature
M4_multi_efc_T_v1_final_candidate,final,102Ah_45degC_0p5C_cell3,3740,102Ah_45degC_0p5C_cell3|3738|2023-09-16T23:36:34|2023-09-17T01:00:33,2023-09-17T01:00:33,True,False,True,new qualified event in recent-five partial-charge feature
M4_multi_efc_T_v1_final_candidate,final,102Ah_45degC_0p5C_cell3,3740,102Ah_45degC_0p5C_cell3|3739|2023-09-17T03:22:31|2023-09-17T04:46:31,2023-09-17T04:46:31,True,False,True,new qualified event in recent-five partial-charge feature
M4_multi_efc_T_v1_final_candidate,final,102Ah_45degC_0p5C_cell3,3740,102Ah_45degC_0p5C_cell3|3740|2023-09-17T07:08:28|2023-09-17T08:32:28,2023-09-17T08:32:28,True,False,True,new qualified event in recent-five partial-charge feature
M4_multi_efc_T_v1_final_candidate,final,102Ah_45degC_0p5C_cell3,3870,102Ah_45degC_0p5C_cell3|3861|2023-10-17T09:49:30|2023-10-17T11:10:29,2023-10-17T11:10:29,True,False,True,new qualified event in recent-five partial-charge feature
M4_multi_efc_T_v1_final_candidate,final,102Ah_45degC_0p5C_cell3,3870,102Ah_45degC_0p5C_cell3|3862|2023-10-17T13:29:38|2023-10-17T14:50:38,2023-10-17T14:50:38,True,False,True,new qualified event in recent-five partial-charge feature
M4_multi_efc_T_v1_final_candidate,final,102Ah_45degC_0p5C_cell3,3870,102Ah_45degC_0p5C_cell3|3863|2023-10-17T17:09:45|2023-10-17T18:30:45,2023-10-17T18:30:45,True,False,True,new qualified event in recent-five partial-charge feature
M4_multi_efc_T_v1_final_candidate,final,102Ah_45degC_0p5C_cell3,3870,102Ah_45degC_0p5C_cell3|3864|2023-10-17T20:49:48|2023-10-17T22:10:48,2023-10-17T22:10:48,True,False,True,new qualified event in recent-five partial-charge feature
M4_multi_efc_T_v1_final_candidate,final,102Ah_45degC_0p5C_cell3,3870,102Ah_45degC_0p5C_cell3|3865|2023-10-18T00:29:50|2023-10-18T01:50:50,2023-10-18T01:50:50,True,False,True,new qualified event in recent-five partial-charge feature
M4_multi_efc_T_v1_final_candidate,final,102Ah_45degC_0p5C_cell3,4018,102Ah_45degC_0p5C_cell3|4014|2023-11-10T14:19:06|2023-11-10T15:37:06,2023-11-10T15:37:06,True,False,True,new qualified event in recent-five partial-charge feature
M4_multi_efc_T_v1_final_candidate,final,102Ah_45degC_0p5C_cell3,4018,102Ah_45degC_0p5C_cell3|4015|2023-11-10T17:53:24|2023-11-10T19:11:24,2023-11-10T19:11:24,True,False,True,new qualified event in recent-five partial-charge feature
M4_multi_efc_T_v1_final_candidate,final,102Ah_45degC_0p5C_cell3,4018,102Ah_45degC_0p5C_cell3|4016|2023-11-10T21:27:41|2023-11-10T22:45:40,2023-11-10T22:45:40,True,False,True,new qualified event in recent-five partial-charge feature
M4_multi_efc_T_v1_final_candidate,final,102Ah_45degC_0p5C_cell3,4018,102Ah_45degC_0p5C_cell3|4017|2023-11-11T01:01:51|2023-11-11T02:19:51,2023-11-11T02:19:51,True,False,True,new qualified event in recent-five partial-charge feature
M4_multi_efc_T_v1_final_candidate,final,102Ah_45degC_0p5C_cell3,4018,102Ah_45degC_0p5C_cell3|4018|2023-11-11T04:36:03|2023-11-11T05:54:03,2023-11-11T05:54:03,True,False,True,new qualified event in recent-five partial-charge feature
M4_multi_efc_T_v1_final_candidate,final,102Ah_45degC_1C_cell1,118,102Ah_45degC_1C_cell1|114|2021-05-15T15:37:22|2021-05-15T16:39:21,2021-05-15T16:39:21,True,False,True,new qualified event in recent-five partial-charge feature
M4_multi_efc_T_v1_final_candidate,final,102Ah_45degC_1C_cell1,118,102Ah_45degC_1C_cell1|115|2021-05-15T18:39:44|2021-05-15T19:41:44,2021-05-15T19:41:44,True,False,True,new qualified event in recent-five partial-charge feature
M4_multi_efc_T_v1_final_candidate,final,102Ah_45degC_1C_cell1,118,102Ah_45degC_1C_cell1|116|2021-05-15T21:42:05|2021-05-15T22:44:05,2021-05-15T22:44:05,True,False,True,new qualified event in recent-five partial-charge feature
M4_multi_efc_T_v1_final_candidate,final,102Ah_45degC_1C_cell1,118,102Ah_45degC_1C_cell1|117|2021-05-16T00:44:25|2021-05-16T01:46:25,2021-05-16T01:46:25,True,False,True,new qualified event in recent-five partial-charge feature
M4_multi_efc_T_v1_final_candidate,final,102Ah_45degC_1C_cell1,118,102Ah_45degC_1C_cell1|118|2021-05-16T03:46:44|2021-05-16T04:48:44,2021-05-16T04:48:44,True,False,True,new qualified event in recent-five partial-charge feature
M4_multi_efc_T_v1_final_candidate,final,102Ah_45degC_1C_cell1,190,102Ah_45degC_1C_cell1|186|2021-05-24T23:02:33|2021-05-25T00:04:02,2021-05-25T00:04:02,True,False,True,new qualified event in recent-five partial-charge feature
M4_multi_efc_T_v1_final_candidate,final,102Ah_45degC_1C_cell1,190,102Ah_45degC_1C_cell1|187|2021-05-25T02:03:48|2021-05-25T03:05:18,2021-05-25T03:05:18,True,False,True,new qualified event in recent-five partial-charge feature
M4_multi_efc_T_v1_final_candidate,final,102Ah_45degC_1C_cell1,190,102Ah_45degC_1C_cell1|188|2021-05-25T05:05:02|2021-05-25T06:06:32,2021-05-25T06:06:32,True,False,True,new qualified event in recent-five partial-charge feature
M4_multi_efc_T_v1_final_candidate,final,102Ah_45degC_1C_cell1,190,102Ah_45degC_1C_cell1|189|2021-05-25T08:06:15|2021-05-25T09:07:45,2021-05-25T09:07:45,True,False,True,new qualified event in recent-five partial-charge feature
M4_multi_efc_T_v1_final_candidate,final,102Ah_45degC_1C_cell1,190,102Ah_45degC_1C_cell1|190|2021-05-25T11:07:28|2021-05-25T12:08:58,2021-05-25T12:08:58,True,False,True,new qualified event in recent-five partial-charge feature
M4_multi_efc_T_v1_final_candidate,final,102Ah_45degC_1C_cell1,262,102Ah_45degC_1C_cell1|258|2021-06-02T23:56:04|2021-06-03T00:57:04,2021-06-03T00:57:04,True,False,True,new qualified event in recent-five partial-charge feature
M4_multi_efc_T_v1_final_candidate,final,102Ah_45degC_1C_cell1,262,102Ah_45degC_1C_cell1|259|2021-06-03T02:56:23|2021-06-03T03:57:23,2021-06-03T03:57:23,True,False,True,new qualified event in recent-five partial-charge feature
M4_multi_efc_T_v1_final_candidate,final,102Ah_45degC_1C_cell1,262,102Ah_45degC_1C_cell1|260|2021-06-03T05:56:41|2021-06-03T06:57:41,2021-06-03T06:57:41,True,False,True,new qualified event in recent-five partial-charge feature
M4_multi_efc_T_v1_final_candidate,final,102Ah_45degC_1C_cell1,262,102Ah_45degC_1C_cell1|261|2021-06-03T08:56:58|2021-06-03T09:57:58,2021-06-03T09:57:58,True,False,True,new qualified event in recent-five partial-charge feature
M4_multi_efc_T_v1_final_candidate,final,102Ah_45degC_1C_cell1,262,102Ah_45degC_1C_cell1|262|2021-06-03T11:57:14|2021-06-03T12:58:14,2021-06-03T12:58:14,True,False,True,new qualified event in recent-five partial-charge feature
M4_multi_efc_T_v1_final_candidate,final,102Ah_45degC_1C_cell1,334,102Ah_45degC_1C_cell1|330|2021-06-11T23:54:47|2021-06-12T00:55:17,2021-06-12T00:55:17,True,False,True,new qualified event in recent-five partial-charge feature
M4_multi_efc_T_v1_final_candidate,final,102Ah_45degC_1C_cell1,334,102Ah_45degC_1C_cell1|331|2021-06-12T02:54:23|2021-06-12T03:54:52,2021-06-12T03:54:52,True,False,True,new qualified event in recent-five partial-charge feature
M4_multi_efc_T_v1_final_candidate,final,102Ah_45degC_1C_cell1,334,102Ah_45degC_1C_cell1|332|2021-06-12T05:53:57|2021-06-12T06:54:27,2021-06-12T06:54:27,True,False,True,new qualified event in recent-five partial-charge feature
M4_multi_efc_T_v1_final_candidate,final,102Ah_45degC_1C_cell1,334,102Ah_45degC_1C_cell1|333|2021-06-12T08:53:31|2021-06-12T09:54:01,2021-06-12T09:54:01,True,False,True,new qualified event in recent-five partial-charge feature
M4_multi_efc_T_v1_final_candidate,final,102Ah_45degC_1C_cell1,334,102Ah_45degC_1C_cell1|334|2021-06-12T11:53:06|2021-06-12T12:53:36,2021-06-12T12:53:36,True,False,True,new qualified event in recent-five partial-charge feature
M4_multi_efc_T_v1_final_candidate,final,102Ah_45degC_1C_cell1,406,102Ah_45degC_1C_cell1|402|2021-06-22T20:12:44|2021-06-22T21:12:44,2021-06-22T21:12:44,True,False,True,new qualified event in recent-five partial-charge feature
M4_multi_efc_T_v1_final_candidate,final,102Ah_45degC_1C_cell1,406,102Ah_45degC_1C_cell1|403|2021-06-22T23:11:42|2021-06-23T00:11:42,2021-06-23T00:11:42,True,False,True,new qualified event in recent-five partial-charge feature
M4_multi_efc_T_v1_final_candidate,final,102Ah_45degC_1C_cell1,406,102Ah_45degC_1C_cell1|404|2021-06-23T02:10:39|2021-06-23T03:10:39,2021-06-23T03:10:39,True,False,True,new qualified event in recent-five partial-charge feature
M4_multi_efc_T_v1_final_candidate,final,102Ah_45degC_1C_cell1,406,102Ah_45degC_1C_cell1|405|2021-06-23T05:09:36|2021-06-23T06:09:36,2021-06-23T06:09:36,True,False,True,new qualified event in recent-five partial-charge feature
M4_multi_efc_T_v1_final_candidate,final,102Ah_45degC_1C_cell1,406,102Ah_45degC_1C_cell1|406|2021-06-23T08:08:33|2021-06-23T09:08:33,2021-06-23T09:08:33,True,False,True,new qualified event in recent-five partial-charge feature
M4_multi_efc_T_v1_final_candidate,final,102Ah_45degC_1C_cell1,478,102Ah_45degC_1C_cell1|474|2021-07-01T18:37:55|2021-07-01T19:37:54,2021-07-01T19:37:54,True,False,True,new qualified event in recent-five partial-charge feature
M4_multi_efc_T_v1_final_candidate,final,102Ah_45degC_1C_cell1,478,102Ah_45degC_1C_cell1|475|2021-07-01T21:36:18|2021-07-01T22:36:18,2021-07-01T22:36:18,True,False,True,new qualified event in recent-five partial-charge feature
M4_multi_efc_T_v1_final_candidate,final,102Ah_45degC_1C_cell1,478,102Ah_45degC_1C_cell1|476|2021-07-02T00:34:42|2021-07-02T01:34:42,2021-07-02T01:34:42,True,False,True,new qualified event in recent-five partial-charge feature
M4_multi_efc_T_v1_final_candidate,final,102Ah_45degC_1C_cell1,478,102Ah_45degC_1C_cell1|477|2021-07-02T03:33:04|2021-07-02T04:33:04,2021-07-02T04:33:04,True,False,True,new qualified event in recent-five partial-charge feature
M4_multi_efc_T_v1_final_candidate,final,102Ah_45degC_1C_cell1,478,102Ah_45degC_1C_cell1|478|2021-07-02T06:31:26|2021-07-02T07:31:26,2021-07-02T07:31:26,True,False,True,new qualified event in recent-five partial-charge feature
M4_multi_efc_T_v1_final_candidate,final,102Ah_45degC_1C_cell1,551,102Ah_45degC_1C_cell1|547|2021-07-11T17:51:55|2021-07-11T18:51:55,2021-07-11T18:51:55,True,False,True,new qualified event in recent-five partial-charge feature
M4_multi_efc_T_v1_final_candidate,final,102Ah_45degC_1C_cell1,551,102Ah_45degC_1C_cell1|548|2021-07-11T20:49:50|2021-07-11T21:49:50,2021-07-11T21:49:50,True,False,True,new qualified event in recent-five partial-charge feature
M4_multi_efc_T_v1_final_candidate,final,102Ah_45degC_1C_cell1,551,102Ah_45degC_1C_cell1|549|2021-07-11T23:47:45|2021-07-12T00:47:15,2021-07-12T00:47:15,True,False,True,new qualified event in recent-five partial-charge feature
M4_multi_efc_T_v1_final_candidate,final,102Ah_45degC_1C_cell1,551,102Ah_45degC_1C_cell1|550|2021-07-12T02:45:39|2021-07-12T03:45:09,2021-07-12T03:45:09,True,False,True,new qualified event in recent-five partial-charge feature
M4_multi_efc_T_v1_final_candidate,final,102Ah_45degC_1C_cell1,551,102Ah_45degC_1C_cell1|551|2021-07-12T05:43:32|2021-07-12T06:43:02,2021-07-12T06:43:02,True,False,True,new qualified event in recent-five partial-charge feature
M4_multi_efc_T_v1_final_candidate,final,102Ah_45degC_1C_cell1,624,102Ah_45degC_1C_cell1|620|2021-07-20T23:50:04|2021-07-21T00:49:34,2021-07-21T00:49:34,True,False,True,new qualified event in recent-five partial-charge feature
M4_multi_efc_T_v1_final_candidate,final,102Ah_45degC_1C_cell1,624,102Ah_45degC_1C_cell1|621|2021-07-21T02:47:27|2021-07-21T03:46:57,2021-07-21T03:46:57,True,False,True,new qualified event in recent-five partial-charge feature
M4_multi_efc_T_v1_final_candidate,final,102Ah_45degC_1C_cell1,624,102Ah_45degC_1C_cell1|622|2021-07-21T05:44:49|2021-07-21T06:44:19,2021-07-21T06:44:19,True,False,True,new qualified event in recent-five partial-charge feature
M4_multi_efc_T_v1_final_candidate,final,102Ah_45degC_1C_cell1,624,102Ah_45degC_1C_cell1|623|2021-07-21T08:42:11|2021-07-21T09:41:40,2021-07-21T09:41:40,True,False,True,new qualified event in recent-five partial-charge feature
M4_multi_efc_T_v1_final_candidate,final,102Ah_45degC_1C_cell1,624,102Ah_45degC_1C_cell1|624|2021-07-21T11:39:32|2021-07-21T12:39:02,2021-07-21T12:39:02,True,False,True,new qualified event in recent-five partial-charge feature
M4_multi_efc_T_v1_final_candidate,final,102Ah_45degC_1C_cell1,698,102Ah_45degC_1C_cell1|694|2021-07-30T02:16:22|2021-07-30T03:15:22,2021-07-30T03:15:22,True,False,True,new qualified event in recent-five partial-charge feature
M4_multi_efc_T_v1_final_candidate,final,102Ah_45degC_1C_cell1,698,102Ah_45degC_1C_cell1|695|2021-07-30T05:13:13|2021-07-30T06:12:13,2021-07-30T06:12:13,True,False,True,new qualified event in recent-five partial-charge feature
M4_multi_efc_T_v1_final_candidate,final,102Ah_45degC_1C_cell1,698,102Ah_45degC_1C_cell1|696|2021-07-30T08:10:04|2021-07-30T09:09:04,2021-07-30T09:09:04,True,False,True,new qualified event in recent-five partial-charge feature
M4_multi_efc_T_v1_final_candidate,final,102Ah_45degC_1C_cell1,698,102Ah_45degC_1C_cell1|697|2021-07-30T11:06:54|2021-07-30T12:05:54,2021-07-30T12:05:54,True,False,True,new qualified event in recent-five partial-charge feature
M4_multi_efc_T_v1_final_candidate,final,102Ah_45degC_1C_cell1,698,102Ah_45degC_1C_cell1|698|2021-07-30T14:03:44|2021-07-30T15:02:44,2021-07-30T15:02:44,True,False,True,new qualified event in recent-five partial-charge feature
M4_multi_efc_T_v1_final_candidate,final,102Ah_45degC_1C_cell1,770,102Ah_45degC_1C_cell1|766|2021-08-07T22:12:52|2021-08-07T23:11:52,2021-08-07T23:11:52,True,False,True,new qualified event in recent-five partial-charge feature
M4_multi_efc_T_v1_final_candidate,final,102Ah_45degC_1C_cell1,770,102Ah_45degC_1C_cell1|767|2021-08-08T01:09:17|2021-08-08T02:08:16,2021-08-08T02:08:16,True,False,True,new qualified event in recent-five partial-charge feature
M4_multi_efc_T_v1_final_candidate,final,102Ah_45degC_1C_cell1,770,102Ah_45degC_1C_cell1|768|2021-08-08T04:05:39|2021-08-08T05:04:39,2021-08-08T05:04:39,True,False,True,new qualified event in recent-five partial-charge feature
M4_multi_efc_T_v1_final_candidate,final,102Ah_45degC_1C_cell1,770,102Ah_45degC_1C_cell1|769|2021-08-08T07:02:01|2021-08-08T08:01:01,2021-08-08T08:01:01,True,False,True,new qualified event in recent-five partial-charge feature
M4_multi_efc_T_v1_final_candidate,final,102Ah_45degC_1C_cell1,770,102Ah_45degC_1C_cell1|770|2021-08-08T09:58:23|2021-08-08T10:57:23,2021-08-08T10:57:23,True,False,True,new qualified event in recent-five partial-charge feature
M4_multi_efc_T_v1_final_candidate,final,102Ah_45degC_1C_cell1,845,102Ah_45degC_1C_cell1|841|2021-08-17T02:23:17|2021-08-17T03:22:16,2021-08-17T03:22:16,True,False,True,new qualified event in recent-five partial-charge feature
M4_multi_efc_T_v1_final_candidate,final,102Ah_45degC_1C_cell1,845,102Ah_45degC_1C_cell1|842|2021-08-17T05:19:09|2021-08-17T06:18:09,2021-08-17T06:18:09,True,False,True,new qualified event in recent-five partial-charge feature
M4_multi_efc_T_v1_final_candidate,final,102Ah_45degC_1C_cell1,845,102Ah_45degC_1C_cell1|843|2021-08-17T08:15:03|2021-08-17T09:14:03,2021-08-17T09:14:03,True,False,True,new qualified event in recent-five partial-charge feature
M4_multi_efc_T_v1_final_candidate,final,102Ah_45degC_1C_cell1,845,102Ah_45degC_1C_cell1|844|2021-08-17T11:10:55|2021-08-17T12:09:55,2021-08-17T12:09:55,True,False,True,new qualified event in recent-five partial-charge feature
M4_multi_efc_T_v1_final_candidate,final,102Ah_45degC_1C_cell1,845,102Ah_45degC_1C_cell1|845|2021-08-17T17:02:40|2021-08-17T18:01:10,2021-08-17T18:01:10,True,False,True,new qualified event in recent-five partial-charge feature
M4_multi_efc_T_v1_final_candidate,final,102Ah_45degC_1C_cell1,918,102Ah_45degC_1C_cell1|914|2021-08-26T00:07:24|2021-08-26T01:05:54,2021-08-26T01:05:54,True,False,True,new qualified event in recent-five partial-charge feature
M4_multi_efc_T_v1_final_candidate,final,102Ah_45degC_1C_cell1,918,102Ah_45degC_1C_cell1|915|2021-08-26T03:02:50|2021-08-26T04:01:20,2021-08-26T04:01:20,True,False,True,new qualified event in recent-five partial-charge feature
M4_multi_efc_T_v1_final_candidate,final,102Ah_45degC_1C_cell1,918,102Ah_45degC_1C_cell1|916|2021-08-26T05:58:17|2021-08-26T06:56:46,2021-08-26T06:56:46,True,False,True,new qualified event in recent-five partial-charge feature
M4_multi_efc_T_v1_final_candidate,final,102Ah_45degC_1C_cell1,918,102Ah_45degC_1C_cell1|917|2021-08-26T08:53:43|2021-08-26T09:52:13,2021-08-26T09:52:13,True,False,True,new qualified event in recent-five partial-charge feature
M4_multi_efc_T_v1_final_candidate,final,102Ah_45degC_1C_cell1,918,102Ah_45degC_1C_cell1|918|2021-08-26T11:49:07|2021-08-26T12:47:37,2021-08-26T12:47:37,True,False,True,new qualified event in recent-five partial-charge feature
M4_multi_efc_T_v1_final_candidate,final,102Ah_45degC_1C_cell1,991,102Ah_45degC_1C_cell1|987|2021-09-03T21:18:36|2021-09-03T22:17:06,2021-09-03T22:17:06,True,False,True,new qualified event in recent-five partial-charge feature
M4_multi_efc_T_v1_final_candidate,final,102Ah_45degC_1C_cell1,991,102Ah_45degC_1C_cell1|988|2021-09-04T00:13:37|2021-09-04T01:12:07,2021-09-04T01:12:07,True,False,True,new qualified event in recent-five partial-charge feature
M4_multi_efc_T_v1_final_candidate,final,102Ah_45degC_1C_cell1,991,102Ah_45degC_1C_cell1|989|2021-09-04T03:08:35|2021-09-04T04:07:05,2021-09-04T04:07:05,True,False,True,new qualified event in recent-five partial-charge feature
M4_multi_efc_T_v1_final_candidate,final,102Ah_45degC_1C_cell1,991,102Ah_45degC_1C_cell1|990|2021-09-04T06:03:34|2021-09-04T07:02:04,2021-09-04T07:02:04,True,False,True,new qualified event in recent-five partial-charge feature
M4_multi_efc_T_v1_final_candidate,final,102Ah_45degC_1C_cell1,991,102Ah_45degC_1C_cell1|991|2021-09-04T08:58:32|2021-09-04T09:57:02,2021-09-04T09:57:02,True,False,True,new qualified event in recent-five partial-charge feature
M4_multi_efc_T_v1_final_candidate,final,102Ah_45degC_1C_cell1,1065,102Ah_45degC_1C_cell1|1061|2021-09-13T16:56:36|2021-09-13T17:54:36,2021-09-13T17:54:36,True,False,True,new qualified event in recent-five partial-charge feature
M4_multi_efc_T_v1_final_candidate,final,102Ah_45degC_1C_cell1,1065,102Ah_45degC_1C_cell1|1062|2021-09-13T19:51:09|2021-09-13T20:49:09,2021-09-13T20:49:09,True,False,True,new qualified event in recent-five partial-charge feature
M4_multi_efc_T_v1_final_candidate,final,102Ah_45degC_1C_cell1,1065,102Ah_45degC_1C_cell1|1063|2021-09-13T22:45:43|2021-09-13T23:43:43,2021-09-13T23:43:43,True,False,True,new qualified event in recent-five partial-charge feature
M4_multi_efc_T_v1_final_candidate,final,102Ah_45degC_1C_cell1,1065,102Ah_45degC_1C_cell1|1064|2021-09-14T01:40:15|2021-09-14T02:38:15,2021-09-14T02:38:15,True,False,True,new qualified event in recent-five partial-charge feature
M4_multi_efc_T_v1_final_candidate,final,102Ah_45degC_1C_cell1,1065,102Ah_45degC_1C_cell1|1065|2021-09-14T04:34:47|2021-09-14T05:32:47,2021-09-14T05:32:47,True,False,True,new qualified event in recent-five partial-charge feature
M4_multi_efc_T_v1_final_candidate,final,102Ah_45degC_1C_cell1,1141,102Ah_45degC_1C_cell1|1137|2021-09-22T21:44:05|2021-09-22T22:42:05,2021-09-22T22:42:05,True,False,True,new qualified event in recent-five partial-charge feature
M4_multi_efc_T_v1_final_candidate,final,102Ah_45degC_1C_cell1,1141,102Ah_45degC_1C_cell1|1138|2021-09-23T00:38:10|2021-09-23T01:36:10,2021-09-23T01:36:10,True,False,True,new qualified event in recent-five partial-charge feature
M4_multi_efc_T_v1_final_candidate,final,102Ah_45degC_1C_cell1,1141,102Ah_45degC_1C_cell1|1139|2021-09-23T03:32:13|2021-09-23T04:30:13,2021-09-23T04:30:13,True,False,True,new qualified event in recent-five partial-charge feature
M4_multi_efc_T_v1_final_candidate,final,102Ah_45degC_1C_cell1,1141,102Ah_45degC_1C_cell1|1140|2021-09-23T06:26:17|2021-09-23T07:24:17,2021-09-23T07:24:17,True,False,True,new qualified event in recent-five partial-charge feature
M4_multi_efc_T_v1_final_candidate,final,102Ah_45degC_1C_cell1,1141,102Ah_45degC_1C_cell1|1141|2021-09-23T09:20:19|2021-09-23T10:18:19,2021-09-23T10:18:19,True,False,True,new qualified event in recent-five partial-charge feature
M4_multi_efc_T_v1_final_candidate,final,102Ah_45degC_1C_cell1,1219,102Ah_45degC_1C_cell1|1215|2021-10-09T12:05:58|2021-10-09T13:03:28,2021-10-09T13:03:28,True,False,True,new qualified event in recent-five partial-charge feature
M4_multi_efc_T_v1_final_candidate,final,102Ah_45degC_1C_cell1,1219,102Ah_45degC_1C_cell1|1216|2021-10-09T14:59:26|2021-10-09T15:56:56,2021-10-09T15:56:56,True,False,True,new qualified event in recent-five partial-charge feature
M4_multi_efc_T_v1_final_candidate,final,102Ah_45degC_1C_cell1,1219,102Ah_45degC_1C_cell1|1217|2021-10-09T17:52:53|2021-10-09T18:50:23,2021-10-09T18:50:23,True,False,True,new qualified event in recent-five partial-charge feature
M4_multi_efc_T_v1_final_candidate,final,102Ah_45degC_1C_cell1,1219,102Ah_45degC_1C_cell1|1218|2021-10-09T20:46:21|2021-10-09T21:43:51,2021-10-09T21:43:51,True,False,True,new qualified event in recent-five partial-charge feature
M4_multi_efc_T_v1_final_candidate,final,102Ah_45degC_1C_cell1,1219,102Ah_45degC_1C_cell1|1219|2021-10-09T23:39:47|2021-10-10T00:37:16,2021-10-10T00:37:16,True,False,True,new qualified event in recent-five partial-charge feature
M4_multi_efc_T_v1_final_candidate,final,102Ah_45degC_1C_cell1,1292,102Ah_45degC_1C_cell1|1288|2021-10-18T07:59:55|2021-10-18T08:57:25,2021-10-18T08:57:25,True,False,True,new qualified event in recent-five partial-charge feature
M4_multi_efc_T_v1_final_candidate,final,102Ah_45degC_1C_cell1,1292,102Ah_45degC_1C_cell1|1289|2021-10-18T10:53:00|2021-10-18T11:50:30,2021-10-18T11:50:30,True,False,True,new qualified event in recent-five partial-charge feature
M4_multi_efc_T_v1_final_candidate,final,102Ah_45degC_1C_cell1,1292,102Ah_45degC_1C_cell1|1290|2021-10-18T13:46:03|2021-10-18T14:43:33,2021-10-18T14:43:33,True,False,True,new qualified event in recent-five partial-charge feature
M4_multi_efc_T_v1_final_candidate,final,102Ah_45degC_1C_cell1,1292,102Ah_45degC_1C_cell1|1291|2021-10-18T16:39:06|2021-10-18T17:36:36,2021-10-18T17:36:36,True,False,True,new qualified event in recent-five partial-charge feature
M4_multi_efc_T_v1_final_candidate,final,102Ah_45degC_1C_cell1,1292,102Ah_45degC_1C_cell1|1292|2021-10-18T19:32:08|2021-10-18T20:29:38,2021-10-18T20:29:38,True,False,True,new qualified event in recent-five partial-charge feature
M4_multi_efc_T_v1_final_candidate,final,102Ah_45degC_1C_cell1,1368,102Ah_45degC_1C_cell1|1364|2021-10-27T11:01:47|2021-10-27T11:58:47,2021-10-27T11:58:47,True,False,True,new qualified event in recent-five partial-charge feature
M4_multi_efc_T_v1_final_candidate,final,102Ah_45degC_1C_cell1,1368,102Ah_45degC_1C_cell1|1365|2021-10-27T13:54:10|2021-10-27T14:51:09,2021-10-27T14:51:09,True,False,True,new qualified event in recent-five partial-charge feature
M4_multi_efc_T_v1_final_candidate,final,102Ah_45degC_1C_cell1,1368,102Ah_45degC_1C_cell1|1366|2021-10-27T16:46:30|2021-10-27T17:43:29,2021-10-27T17:43:29,True,False,True,new qualified event in recent-five partial-charge feature
M4_multi_efc_T_v1_final_candidate,final,102Ah_45degC_1C_cell1,1368,102Ah_45degC_1C_cell1|1367|2021-10-27T19:38:51|2021-10-27T20:35:51,2021-10-27T20:35:51,True,False,True,new qualified event in recent-five partial-charge feature
M4_multi_efc_T_v1_final_candidate,final,102Ah_45degC_1C_cell1,1368,102Ah_45degC_1C_cell1|1368|2021-10-27T22:31:09|2021-10-27T23:28:09,2021-10-27T23:28:09,True,False,True,new qualified event in recent-five partial-charge feature
M4_multi_efc_T_v1_final_candidate,final,102Ah_45degC_1C_cell1,1443,102Ah_45degC_1C_cell1|1439|2021-11-05T10:26:28|2021-11-05T11:23:28,2021-11-05T11:23:28,True,False,True,new qualified event in recent-five partial-charge feature
M4_multi_efc_T_v1_final_candidate,final,102Ah_45degC_1C_cell1,1443,102Ah_45degC_1C_cell1|1440|2021-11-05T13:18:34|2021-11-05T14:15:34,2021-11-05T14:15:34,True,False,True,new qualified event in recent-five partial-charge feature
M4_multi_efc_T_v1_final_candidate,final,102Ah_45degC_1C_cell1,1443,102Ah_45degC_1C_cell1|1441|2021-11-05T16:10:40|2021-11-05T17:07:40,2021-11-05T17:07:40,True,False,True,new qualified event in recent-five partial-charge feature
M4_multi_efc_T_v1_final_candidate,final,102Ah_45degC_1C_cell1,1443,102Ah_45degC_1C_cell1|1442|2021-11-05T19:02:47|2021-11-05T19:59:47,2021-11-05T19:59:47,True,False,True,new qualified event in recent-five partial-charge feature
M4_multi_efc_T_v1_final_candidate,final,102Ah_45degC_1C_cell1,1443,102Ah_45degC_1C_cell1|1443|2021-11-05T21:54:53|2021-11-05T22:51:52,2021-11-05T22:51:52,True,False,True,new qualified event in recent-five partial-charge feature
M4_multi_efc_T_v1_final_candidate,final,102Ah_45degC_1C_cell1,1521,102Ah_45degC_1C_cell1|1517|2021-11-16T15:51:56|2021-11-16T16:48:26,2021-11-16T16:48:26,True,False,True,new qualified event in recent-five partial-charge feature
M4_multi_efc_T_v1_final_candidate,final,102Ah_45degC_1C_cell1,1521,102Ah_45degC_1C_cell1|1518|2021-11-16T18:43:39|2021-11-16T19:40:09,2021-11-16T19:40:09,True,False,True,new qualified event in recent-five partial-charge feature
M4_multi_efc_T_v1_final_candidate,final,102Ah_45degC_1C_cell1,1521,102Ah_45degC_1C_cell1|1519|2021-11-16T21:35:25|2021-11-16T22:31:55,2021-11-16T22:31:55,True,False,True,new qualified event in recent-five partial-charge feature
M4_multi_efc_T_v1_final_candidate,final,102Ah_45degC_1C_cell1,1521,102Ah_45degC_1C_cell1|1520|2021-11-17T00:27:07|2021-11-17T01:23:37,2021-11-17T01:23:37,True,False,True,new qualified event in recent-five partial-charge feature
M4_multi_efc_T_v1_final_candidate,final,102Ah_45degC_1C_cell1,1521,102Ah_45degC_1C_cell1|1521|2021-11-17T03:18:51|2021-11-17T04:15:21,2021-11-17T04:15:21,True,False,True,new qualified event in recent-five partial-charge feature
M4_multi_efc_T_v1_final_candidate,final,102Ah_45degC_1C_cell1,1596,102Ah_45degC_1C_cell1|1592|2021-12-01T00:54:00|2021-12-01T01:50:30,2021-12-01T01:50:30,True,False,True,new qualified event in recent-five partial-charge feature
M4_multi_efc_T_v1_final_candidate,final,102Ah_45degC_1C_cell1,1596,102Ah_45degC_1C_cell1|1593|2021-12-01T03:45:11|2021-12-01T04:41:41,2021-12-01T04:41:41,True,False,True,new qualified event in recent-five partial-charge feature
M4_multi_efc_T_v1_final_candidate,final,102Ah_45degC_1C_cell1,1596,102Ah_45degC_1C_cell1|1594|2021-12-01T06:36:21|2021-12-01T07:32:51,2021-12-01T07:32:51,True,False,True,new qualified event in recent-five partial-charge feature
M4_multi_efc_T_v1_final_candidate,final,102Ah_45degC_1C_cell1,1596,102Ah_45degC_1C_cell1|1595|2021-12-01T09:27:32|2021-12-01T10:24:02,2021-12-01T10:24:02,True,False,True,new qualified event in recent-five partial-charge feature
M4_multi_efc_T_v1_final_candidate,final,102Ah_45degC_1C_cell1,1596,102Ah_45degC_1C_cell1|1596|2021-12-01T12:18:43|2021-12-01T13:15:13,2021-12-01T13:15:13,True,False,True,new qualified event in recent-five partial-charge feature
M4_multi_efc_T_v1_final_candidate,final,102Ah_45degC_1C_cell1,1670,102Ah_45degC_1C_cell1|1666|2021-12-09T20:56:43|2021-12-09T21:53:13,2021-12-09T21:53:13,True,False,True,new qualified event in recent-five partial-charge feature
M4_multi_efc_T_v1_final_candidate,final,102Ah_45degC_1C_cell1,1670,102Ah_45degC_1C_cell1|1667|2021-12-09T23:47:31|2021-12-10T00:43:31,2021-12-10T00:43:31,True,False,True,new qualified event in recent-five partial-charge feature
M4_multi_efc_T_v1_final_candidate,final,102Ah_45degC_1C_cell1,1670,102Ah_45degC_1C_cell1|1668|2021-12-10T02:38:18|2021-12-10T03:34:48,2021-12-10T03:34:48,True,False,True,new qualified event in recent-five partial-charge feature
M4_multi_efc_T_v1_final_candidate,final,102Ah_45degC_1C_cell1,1670,102Ah_45degC_1C_cell1|1669|2021-12-10T05:29:05|2021-12-10T06:25:35,2021-12-10T06:25:35,True,False,True,new qualified event in recent-five partial-charge feature
M4_multi_efc_T_v1_final_candidate,final,102Ah_45degC_1C_cell1,1670,102Ah_45degC_1C_cell1|1670|2021-12-10T08:19:52|2021-12-10T09:15:52,2021-12-10T09:15:52,True,False,True,new qualified event in recent-five partial-charge feature
M4_multi_efc_T_v1_final_candidate,final,102Ah_45degC_1C_cell1,1743,102Ah_45degC_1C_cell1|1739|2021-12-18T12:28:53|2021-12-18T13:24:53,2021-12-18T13:24:53,True,False,True,new qualified event in recent-five partial-charge feature
M4_multi_efc_T_v1_final_candidate,final,102Ah_45degC_1C_cell1,1743,102Ah_45degC_1C_cell1|1740|2021-12-18T15:19:15|2021-12-18T16:15:15,2021-12-18T16:15:15,True,False,True,new qualified event in recent-five partial-charge feature
M4_multi_efc_T_v1_final_candidate,final,102Ah_45degC_1C_cell1,1743,102Ah_45degC_1C_cell1|1741|2021-12-18T18:09:36|2021-12-18T19:05:36,2021-12-18T19:05:36,True,False,True,new qualified event in recent-five partial-charge feature
M4_multi_efc_T_v1_final_candidate,final,102Ah_45degC_1C_cell1,1743,102Ah_45degC_1C_cell1|1742|2021-12-18T20:59:57|2021-12-18T21:55:57,2021-12-18T21:55:57,True,False,True,new qualified event in recent-five partial-charge feature
M4_multi_efc_T_v1_final_candidate,final,102Ah_45degC_1C_cell1,1743,102Ah_45degC_1C_cell1|1743|2021-12-18T23:50:17|2021-12-19T00:46:17,2021-12-19T00:46:17,True,False,True,new qualified event in recent-five partial-charge feature
M4_multi_efc_T_v1_final_candidate,final,102Ah_45degC_1C_cell1,1815,102Ah_45degC_1C_cell1|1811|2021-12-27T00:38:25|2021-12-27T01:34:24,2021-12-27T01:34:24,True,False,True,new qualified event in recent-five partial-charge feature
M4_multi_efc_T_v1_final_candidate,final,102Ah_45degC_1C_cell1,1815,102Ah_45degC_1C_cell1|1812|2021-12-27T03:28:20|2021-12-27T04:24:20,2021-12-27T04:24:20,True,False,True,new qualified event in recent-five partial-charge feature
M4_multi_efc_T_v1_final_candidate,final,102Ah_45degC_1C_cell1,1815,102Ah_45degC_1C_cell1|1813|2021-12-27T06:18:15|2021-12-27T07:14:15,2021-12-27T07:14:15,True,False,True,new qualified event in recent-five partial-charge feature
M4_multi_efc_T_v1_final_candidate,final,102Ah_45degC_1C_cell1,1815,102Ah_45degC_1C_cell1|1814|2021-12-27T09:08:11|2021-12-27T10:04:11,2021-12-27T10:04:11,True,False,True,new qualified event in recent-five partial-charge feature
M4_multi_efc_T_v1_final_candidate,final,102Ah_45degC_1C_cell1,1815,102Ah_45degC_1C_cell1|1815|2021-12-27T11:58:05|2021-12-27T12:54:05,2021-12-27T12:54:05,True,False,True,new qualified event in recent-five partial-charge feature
M4_multi_efc_T_v1_final_candidate,final,102Ah_45degC_1C_cell1,1888,102Ah_45degC_1C_cell1|1884|2022-01-04T15:22:21|2022-01-04T16:17:51,2022-01-04T16:17:51,True,False,True,new qualified event in recent-five partial-charge feature
M4_multi_efc_T_v1_final_candidate,final,102Ah_45degC_1C_cell1,1888,102Ah_45degC_1C_cell1|1885|2022-01-04T18:11:50|2022-01-04T19:07:20,2022-01-04T19:07:20,True,False,True,new qualified event in recent-five partial-charge feature
M4_multi_efc_T_v1_final_candidate,final,102Ah_45degC_1C_cell1,1888,102Ah_45degC_1C_cell1|1886|2022-01-04T21:01:19|2022-01-04T21:56:49,2022-01-04T21:56:49,True,False,True,new qualified event in recent-five partial-charge feature
M4_multi_efc_T_v1_final_candidate,final,102Ah_45degC_1C_cell1,1888,102Ah_45degC_1C_cell1|1887|2022-01-04T23:50:48|2022-01-05T00:46:17,2022-01-05T00:46:17,True,False,True,new qualified event in recent-five partial-charge feature
M4_multi_efc_T_v1_final_candidate,final,102Ah_45degC_1C_cell1,1888,102Ah_45degC_1C_cell1|1888|2022-01-05T02:40:16|2022-01-05T03:35:46,2022-01-05T03:35:46,True,False,True,new qualified event in recent-five partial-charge feature
M4_multi_efc_T_v1_final_candidate,final,102Ah_45degC_1C_cell1,1962,102Ah_45degC_1C_cell1|1957|2022-01-13T05:18:52|2022-01-13T06:14:22,2022-01-13T06:14:22,True,False,True,new qualified event in recent-five partial-charge feature
M4_multi_efc_T_v1_final_candidate,final,102Ah_45degC_1C_cell1,1962,102Ah_45degC_1C_cell1|1958|2022-01-13T10:56:59|2022-01-13T11:44:09,2022-01-13T11:44:09,True,False,True,new qualified event in recent-five partial-charge feature
M4_multi_efc_T_v1_final_candidate,final,102Ah_45degC_1C_cell1,1962,102Ah_45degC_1C_cell1|1960|2022-01-13T14:03:00|2022-01-13T14:58:30,2022-01-13T14:58:30,True,False,True,new qualified event in recent-five partial-charge feature
M4_multi_efc_T_v1_final_candidate,final,102Ah_45degC_1C_cell1,1962,102Ah_45degC_1C_cell1|1961|2022-01-13T16:52:01|2022-01-13T17:47:31,2022-01-13T17:47:31,True,False,True,new qualified event in recent-five partial-charge feature
M4_multi_efc_T_v1_final_candidate,final,102Ah_45degC_1C_cell1,1962,102Ah_45degC_1C_cell1|1962|2022-01-13T19:41:02|2022-01-13T20:36:32,2022-01-13T20:36:32,True,False,True,new qualified event in recent-five partial-charge feature
M4_multi_efc_T_v1_final_candidate,final,102Ah_45degC_1C_cell1,2036,102Ah_45degC_1C_cell1|2032|2022-01-23T20:59:07|2022-01-23T21:54:07,2022-01-23T21:54:07,True,False,True,new qualified event in recent-five partial-charge feature
M4_multi_efc_T_v1_final_candidate,final,102Ah_45degC_1C_cell1,2036,102Ah_45degC_1C_cell1|2033|2022-01-23T23:47:46|2022-01-24T00:42:46,2022-01-24T00:42:46,True,False,True,new qualified event in recent-five partial-charge feature
M4_multi_efc_T_v1_final_candidate,final,102Ah_45degC_1C_cell1,2036,102Ah_45degC_1C_cell1|2034|2022-01-24T02:36:25|2022-01-24T03:31:25,2022-01-24T03:31:25,True,False,True,new qualified event in recent-five partial-charge feature
M4_multi_efc_T_v1_final_candidate,final,102Ah_45degC_1C_cell1,2036,102Ah_45degC_1C_cell1|2035|2022-01-24T05:25:03|2022-01-24T06:20:03,2022-01-24T06:20:03,True,False,True,new qualified event in recent-five partial-charge feature
M4_multi_efc_T_v1_final_candidate,final,102Ah_45degC_1C_cell1,2036,102Ah_45degC_1C_cell1|2036|2022-01-24T08:13:41|2022-01-24T09:08:41,2022-01-24T09:08:41,True,False,True,new qualified event in recent-five partial-charge feature
M4_multi_efc_T_v1_final_candidate,final,102Ah_45degC_1C_cell1,2122,102Ah_45degC_1C_cell1|2118|2022-02-12T02:10:13|2022-02-12T03:05:13,2022-02-12T03:05:13,True,False,True,new qualified event in recent-five partial-charge feature
M4_multi_efc_T_v1_final_candidate,final,102Ah_45degC_1C_cell1,2122,102Ah_45degC_1C_cell1|2119|2022-02-12T04:58:11|2022-02-12T05:53:11,2022-02-12T05:53:11,True,False,True,new qualified event in recent-five partial-charge feature
M4_multi_efc_T_v1_final_candidate,final,102Ah_45degC_1C_cell1,2122,102Ah_45degC_1C_cell1|2120|2022-02-12T07:46:08|2022-02-12T08:41:08,2022-02-12T08:41:08,True,False,True,new qualified event in recent-five partial-charge feature
M4_multi_efc_T_v1_final_candidate,final,102Ah_45degC_1C_cell1,2122,102Ah_45degC_1C_cell1|2121|2022-02-12T10:34:06|2022-02-12T11:29:06,2022-02-12T11:29:06,True,False,True,new qualified event in recent-five partial-charge feature
M4_multi_efc_T_v1_final_candidate,final,102Ah_45degC_1C_cell1,2122,102Ah_45degC_1C_cell1|2122|2022-02-12T13:22:03|2022-02-12T14:17:03,2022-02-12T14:17:03,True,False,True,new qualified event in recent-five partial-charge feature
M4_multi_efc_T_v1_final_candidate,final,102Ah_45degC_1C_cell1,2208,102Ah_45degC_1C_cell1|2204|2022-02-23T08:27:51|2022-02-23T09:22:11,2022-02-23T09:22:11,True,False,True,new qualified event in recent-five partial-charge feature
M4_multi_efc_T_v1_final_candidate,final,102Ah_45degC_1C_cell1,2208,102Ah_45degC_1C_cell1|2205|2022-02-23T11:15:05|2022-02-23T12:09:34,2022-02-23T12:09:34,True,False,True,new qualified event in recent-five partial-charge feature
M4_multi_efc_T_v1_final_candidate,final,102Ah_45degC_1C_cell1,2208,102Ah_45degC_1C_cell1|2206|2022-02-23T14:02:28|2022-02-23T14:56:58,2022-02-23T14:56:58,True,False,True,new qualified event in recent-five partial-charge feature
M4_multi_efc_T_v1_final_candidate,final,102Ah_45degC_1C_cell1,2208,102Ah_45degC_1C_cell1|2207|2022-02-23T16:49:52|2022-02-23T17:44:21,2022-02-23T17:44:21,True,False,True,new qualified event in recent-five partial-charge feature
M4_multi_efc_T_v1_final_candidate,final,102Ah_45degC_1C_cell1,2208,102Ah_45degC_1C_cell1|2208|2022-02-23T19:37:13|2022-02-23T20:31:43,2022-02-23T20:31:43,True,False,True,new qualified event in recent-five partial-charge feature
M4_multi_efc_T_v1_final_candidate,final,102Ah_45degC_1C_cell1,2280,102Ah_45degC_1C_cell1|2276|2022-03-03T17:03:45|2022-03-03T17:58:15,2022-03-03T17:58:15,True,False,True,new qualified event in recent-five partial-charge feature
M4_multi_efc_T_v1_final_candidate,final,102Ah_45degC_1C_cell1,2280,102Ah_45degC_1C_cell1|2277|2022-03-03T19:50:42|2022-03-03T20:45:12,2022-03-03T20:45:12,True,False,True,new qualified event in recent-five partial-charge feature
M4_multi_efc_T_v1_final_candidate,final,102Ah_45degC_1C_cell1,2280,102Ah_45degC_1C_cell1|2278|2022-03-03T22:37:39|2022-03-03T23:32:09,2022-03-03T23:32:09,True,False,True,new qualified event in recent-five partial-charge feature
M4_multi_efc_T_v1_final_candidate,final,102Ah_45degC_1C_cell1,2280,102Ah_45degC_1C_cell1|2279|2022-03-04T01:24:30|2022-03-04T02:19:00,2022-03-04T02:19:00,True,False,True,new qualified event in recent-five partial-charge feature
M4_multi_efc_T_v1_final_candidate,final,102Ah_45degC_1C_cell1,2280,102Ah_45degC_1C_cell1|2280|2022-03-04T04:11:26|2022-03-04T05:05:56,2022-03-04T05:05:56,True,False,True,new qualified event in recent-five partial-charge feature
M4_multi_efc_T_v1_final_candidate,final,102Ah_55degC_1C_cell3,111,102Ah_55degC_1C_cell3|107|2021-05-17T13:47:59|2021-05-17T14:48:59,2021-05-17T14:48:59,True,False,True,new qualified event in recent-five partial-charge feature
M4_multi_efc_T_v1_final_candidate,final,102Ah_55degC_1C_cell3,111,102Ah_55degC_1C_cell3|108|2021-05-17T16:49:14|2021-05-17T17:50:14,2021-05-17T17:50:14,True,False,True,new qualified event in recent-five partial-charge feature
M4_multi_efc_T_v1_final_candidate,final,102Ah_55degC_1C_cell3,111,102Ah_55degC_1C_cell3|109|2021-05-17T19:50:28|2021-05-17T20:51:28,2021-05-17T20:51:28,True,False,True,new qualified event in recent-five partial-charge feature
M4_multi_efc_T_v1_final_candidate,final,102Ah_55degC_1C_cell3,111,102Ah_55degC_1C_cell3|110|2021-05-17T22:51:40|2021-05-17T23:52:40,2021-05-17T23:52:40,True,False,True,new qualified event in recent-five partial-charge feature
M4_multi_efc_T_v1_final_candidate,final,102Ah_55degC_1C_cell3,111,102Ah_55degC_1C_cell3|111|2021-05-18T01:52:51|2021-05-18T02:53:51,2021-05-18T02:53:51,True,False,True,new qualified event in recent-five partial-charge feature
M4_multi_efc_T_v1_final_candidate,final,102Ah_55degC_1C_cell3,178,102Ah_55degC_1C_cell3|174|2021-05-26T00:03:34|2021-05-26T01:03:34,2021-05-26T01:03:34,True,False,True,new qualified event in recent-five partial-charge feature
M4_multi_efc_T_v1_final_candidate,final,102Ah_55degC_1C_cell3,178,102Ah_55degC_1C_cell3|175|2021-05-26T03:03:27|2021-05-26T04:03:27,2021-05-26T04:03:27,True,False,True,new qualified event in recent-five partial-charge feature
M4_multi_efc_T_v1_final_candidate,final,102Ah_55degC_1C_cell3,178,102Ah_55degC_1C_cell3|176|2021-05-26T06:03:19|2021-05-26T07:03:19,2021-05-26T07:03:19,True,False,True,new qualified event in recent-five partial-charge feature
M4_multi_efc_T_v1_final_candidate,final,102Ah_55degC_1C_cell3,178,102Ah_55degC_1C_cell3|177|2021-05-26T09:03:10|2021-05-26T10:03:10,2021-05-26T10:03:10,True,False,True,new qualified event in recent-five partial-charge feature
M4_multi_efc_T_v1_final_candidate,final,102Ah_55degC_1C_cell3,178,102Ah_55degC_1C_cell3|178|2021-05-26T12:03:00|2021-05-26T13:03:00,2021-05-26T13:03:00,True,False,True,new qualified event in recent-five partial-charge feature
M4_multi_efc_T_v1_final_candidate,final,102Ah_55degC_1C_cell3,463,102Ah_55degC_1C_cell3|459|2021-07-11T07:16:42|2021-07-11T08:15:11,2021-07-11T08:15:11,True,False,True,new qualified event in recent-five partial-charge feature
M4_multi_efc_T_v1_final_candidate,final,102Ah_55degC_1C_cell3,463,102Ah_55degC_1C_cell3|460|2021-07-11T10:12:39|2021-07-11T11:11:09,2021-07-11T11:11:09,True,False,True,new qualified event in recent-five partial-charge feature
M4_multi_efc_T_v1_final_candidate,final,102Ah_55degC_1C_cell3,463,102Ah_55degC_1C_cell3|461|2021-07-11T13:08:36|2021-07-11T14:07:06,2021-07-11T14:07:06,True,False,True,new qualified event in recent-five partial-charge feature
M4_multi_efc_T_v1_final_candidate,final,102Ah_55degC_1C_cell3,463,102Ah_55degC_1C_cell3|462|2021-07-11T16:04:32|2021-07-11T17:03:02,2021-07-11T17:03:02,True,False,True,new qualified event in recent-five partial-charge feature
M4_multi_efc_T_v1_final_candidate,final,102Ah_55degC_1C_cell3,463,102Ah_55degC_1C_cell3|463|2021-07-11T19:00:28|2021-07-11T19:58:58,2021-07-11T19:58:58,True,False,True,new qualified event in recent-five partial-charge feature
M4_multi_efc_T_v1_final_candidate,final,102Ah_55degC_1C_cell3,530,102Ah_55degC_1C_cell3|526|2021-07-19T11:21:42|2021-07-19T12:19:42,2021-07-19T12:19:42,True,False,True,new qualified event in recent-five partial-charge feature
M4_multi_efc_T_v1_final_candidate,final,102Ah_55degC_1C_cell3,530,102Ah_55degC_1C_cell3|527|2021-07-19T14:16:57|2021-07-19T15:14:57,2021-07-19T15:14:57,True,False,True,new qualified event in recent-five partial-charge feature
M4_multi_efc_T_v1_final_candidate,final,102Ah_55degC_1C_cell3,530,102Ah_55degC_1C_cell3|528|2021-07-19T17:12:10|2021-07-19T18:10:11,2021-07-19T18:10:11,True,False,True,new qualified event in recent-five partial-charge feature
M4_multi_efc_T_v1_final_candidate,final,102Ah_55degC_1C_cell3,530,102Ah_55degC_1C_cell3|529|2021-07-19T20:07:24|2021-07-19T21:05:24,2021-07-19T21:05:24,True,False,True,new qualified event in recent-five partial-charge feature
M4_multi_efc_T_v1_final_candidate,final,102Ah_55degC_1C_cell3,530,102Ah_55degC_1C_cell3|530|2021-07-19T23:02:37|2021-07-20T00:00:38,2021-07-20T00:00:38,True,False,True,new qualified event in recent-five partial-charge feature
M4_multi_efc_T_v1_final_candidate,final,102Ah_55degC_1C_cell3,598,102Ah_55degC_1C_cell3|594|2021-07-27T17:33:50|2021-07-27T18:31:21,2021-07-27T18:31:21,True,False,True,new qualified event in recent-five partial-charge feature
M4_multi_efc_T_v1_final_candidate,final,102Ah_55degC_1C_cell3,598,102Ah_55degC_1C_cell3|595|2021-07-27T20:28:22|2021-07-27T21:25:51,2021-07-27T21:25:51,True,False,True,new qualified event in recent-five partial-charge feature
M4_multi_efc_T_v1_final_candidate,final,102Ah_55degC_1C_cell3,598,102Ah_55degC_1C_cell3|596|2021-07-27T23:22:52|2021-07-28T00:20:22,2021-07-28T00:20:22,True,False,True,new qualified event in recent-five partial-charge feature
M4_multi_efc_T_v1_final_candidate,final,102Ah_55degC_1C_cell3,598,102Ah_55degC_1C_cell3|597|2021-07-28T02:17:22|2021-07-28T03:14:52,2021-07-28T03:14:52,True,False,True,new qualified event in recent-five partial-charge feature
M4_multi_efc_T_v1_final_candidate,final,102Ah_55degC_1C_cell3,598,102Ah_55degC_1C_cell3|598|2021-07-28T05:11:51|2021-07-28T06:09:21,2021-07-28T06:09:21,True,False,True,new qualified event in recent-five partial-charge feature
M4_multi_efc_T_v1_final_candidate,final,102Ah_55degC_1C_cell3,667,102Ah_55degC_1C_cell3|663|2021-08-05T01:55:28|2021-08-05T02:52:58,2021-08-05T02:52:58,True,False,True,new qualified event in recent-five partial-charge feature
M4_multi_efc_T_v1_final_candidate,final,102Ah_55degC_1C_cell3,667,102Ah_55degC_1C_cell3|664|2021-08-05T04:49:19|2021-08-05T05:46:49,2021-08-05T05:46:49,True,False,True,new qualified event in recent-five partial-charge feature
M4_multi_efc_T_v1_final_candidate,final,102Ah_55degC_1C_cell3,667,102Ah_55degC_1C_cell3|665|2021-08-05T07:43:10|2021-08-05T08:40:40,2021-08-05T08:40:40,True,False,True,new qualified event in recent-five partial-charge feature
M4_multi_efc_T_v1_final_candidate,final,102Ah_55degC_1C_cell3,667,102Ah_55degC_1C_cell3|666|2021-08-05T10:37:02|2021-08-05T11:34:32,2021-08-05T11:34:32,True,False,True,new qualified event in recent-five partial-charge feature
M4_multi_efc_T_v1_final_candidate,final,102Ah_55degC_1C_cell3,667,102Ah_55degC_1C_cell3|667|2021-08-05T13:30:51|2021-08-05T14:28:21,2021-08-05T14:28:21,True,False,True,new qualified event in recent-five partial-charge feature
M4_multi_efc_T_v1_final_candidate,final,102Ah_55degC_1C_cell3,739,102Ah_55degC_1C_cell3|735|2021-08-14T23:41:23|2021-08-15T00:38:23,2021-08-15T00:38:23,True,False,True,new qualified event in recent-five partial-charge feature
M4_multi_efc_T_v1_final_candidate,final,102Ah_55degC_1C_cell3,739,102Ah_55degC_1C_cell3|736|2021-08-15T02:34:36|2021-08-15T03:31:36,2021-08-15T03:31:36,True,False,True,new qualified event in recent-five partial-charge feature
M4_multi_efc_T_v1_final_candidate,final,102Ah_55degC_1C_cell3,739,102Ah_55degC_1C_cell3|737|2021-08-15T05:27:47|2021-08-15T06:24:47,2021-08-15T06:24:47,True,False,True,new qualified event in recent-five partial-charge feature
M4_multi_efc_T_v1_final_candidate,final,102Ah_55degC_1C_cell3,739,102Ah_55degC_1C_cell3|738|2021-08-15T08:20:57|2021-08-15T09:17:58,2021-08-15T09:17:58,True,False,True,new qualified event in recent-five partial-charge feature
M4_multi_efc_T_v1_final_candidate,final,102Ah_55degC_1C_cell3,739,102Ah_55degC_1C_cell3|739|2021-08-15T11:14:08|2021-08-15T12:11:08,2021-08-15T12:11:08,True,False,True,new qualified event in recent-five partial-charge feature
M4_multi_efc_T_v1_final_candidate,final,102Ah_55degC_1C_cell3,806,102Ah_55degC_1C_cell3|802|2021-08-23T00:43:29|2021-08-23T01:39:59,2021-08-23T01:39:59,True,False,True,new qualified event in recent-five partial-charge feature
M4_multi_efc_T_v1_final_candidate,final,102Ah_55degC_1C_cell3,806,102Ah_55degC_1C_cell3|803|2021-08-23T03:36:00|2021-08-23T04:32:30,2021-08-23T04:32:30,True,False,True,new qualified event in recent-five partial-charge feature
M4_multi_efc_T_v1_final_candidate,final,102Ah_55degC_1C_cell3,806,102Ah_55degC_1C_cell3|804|2021-08-23T06:28:30|2021-08-23T07:25:00,2021-08-23T07:25:00,True,False,True,new qualified event in recent-five partial-charge feature
M4_multi_efc_T_v1_final_candidate,final,102Ah_55degC_1C_cell3,806,102Ah_55degC_1C_cell3|805|2021-08-23T09:21:00|2021-08-23T10:17:30,2021-08-23T10:17:30,True,False,True,new qualified event in recent-five partial-charge feature
M4_multi_efc_T_v1_final_candidate,final,102Ah_55degC_1C_cell3,806,102Ah_55degC_1C_cell3|806|2021-08-23T12:13:29|2021-08-23T13:09:59,2021-08-23T13:09:59,True,False,True,new qualified event in recent-five partial-charge feature
M4_multi_efc_T_v1_final_candidate,final,102Ah_55degC_1C_cell3,873,102Ah_55degC_1C_cell3|869|2021-08-31T01:00:23|2021-08-31T01:56:53,2021-08-31T01:56:53,True,False,True,new qualified event in recent-five partial-charge feature
M4_multi_efc_T_v1_final_candidate,final,102Ah_55degC_1C_cell3,873,102Ah_55degC_1C_cell3|870|2021-08-31T03:52:13|2021-08-31T04:48:43,2021-08-31T04:48:43,True,False,True,new qualified event in recent-five partial-charge feature
M4_multi_efc_T_v1_final_candidate,final,102Ah_55degC_1C_cell3,873,102Ah_55degC_1C_cell3|871|2021-08-31T06:44:02|2021-08-31T07:40:32,2021-08-31T07:40:32,True,False,True,new qualified event in recent-five partial-charge feature
M4_multi_efc_T_v1_final_candidate,final,102Ah_55degC_1C_cell3,873,102Ah_55degC_1C_cell3|872|2021-08-31T09:35:51|2021-08-31T10:32:21,2021-08-31T10:32:21,True,False,True,new qualified event in recent-five partial-charge feature
M4_multi_efc_T_v1_final_candidate,final,102Ah_55degC_1C_cell3,873,102Ah_55degC_1C_cell3|873|2021-08-31T12:27:40|2021-08-31T13:24:10,2021-08-31T13:24:10,True,False,True,new qualified event in recent-five partial-charge feature
M4_multi_efc_T_v1_final_candidate,final,102Ah_55degC_1C_cell3,941,102Ah_55degC_1C_cell3|937|2021-09-08T03:23:16|2021-09-08T04:19:16,2021-09-08T04:19:16,True,False,True,new qualified event in recent-five partial-charge feature
M4_multi_efc_T_v1_final_candidate,final,102Ah_55degC_1C_cell3,941,102Ah_55degC_1C_cell3|938|2021-09-08T06:14:26|2021-09-08T07:10:26,2021-09-08T07:10:26,True,False,True,new qualified event in recent-five partial-charge feature
M4_multi_efc_T_v1_final_candidate,final,102Ah_55degC_1C_cell3,941,102Ah_55degC_1C_cell3|939|2021-09-08T09:05:37|2021-09-08T10:01:37,2021-09-08T10:01:37,True,False,True,new qualified event in recent-five partial-charge feature
M4_multi_efc_T_v1_final_candidate,final,102Ah_55degC_1C_cell3,941,102Ah_55degC_1C_cell3|940|2021-09-08T11:56:46|2021-09-08T12:52:46,2021-09-08T12:52:46,True,False,True,new qualified event in recent-five partial-charge feature
M4_multi_efc_T_v1_final_candidate,final,102Ah_55degC_1C_cell3,941,102Ah_55degC_1C_cell3|941|2021-09-08T14:47:54|2021-09-08T15:43:54,2021-09-08T15:43:54,True,False,True,new qualified event in recent-five partial-charge feature
M4_multi_efc_T_v1_final_candidate,final,102Ah_55degC_1C_cell3,1008,102Ah_55degC_1C_cell3|1004|2021-09-16T02:09:44|2021-09-16T03:05:14,2021-09-16T03:05:14,True,False,True,new qualified event in recent-five partial-charge feature
M4_multi_efc_T_v1_final_candidate,final,102Ah_55degC_1C_cell3,1008,102Ah_55degC_1C_cell3|1005|2021-09-16T05:00:15|2021-09-16T05:55:45,2021-09-16T05:55:45,True,False,True,new qualified event in recent-five partial-charge feature
M4_multi_efc_T_v1_final_candidate,final,102Ah_55degC_1C_cell3,1008,102Ah_55degC_1C_cell3|1006|2021-09-16T07:50:44|2021-09-16T08:46:14,2021-09-16T08:46:14,True,False,True,new qualified event in recent-five partial-charge feature
M4_multi_efc_T_v1_final_candidate,final,102Ah_55degC_1C_cell3,1008,102Ah_55degC_1C_cell3|1007|2021-09-16T10:41:14|2021-09-16T11:36:44,2021-09-16T11:36:44,True,False,True,new qualified event in recent-five partial-charge feature
M4_multi_efc_T_v1_final_candidate,final,102Ah_55degC_1C_cell3,1008,102Ah_55degC_1C_cell3|1008|2021-09-16T13:31:43|2021-09-16T14:27:13,2021-09-16T14:27:13,True,False,True,new qualified event in recent-five partial-charge feature
M4_multi_efc_T_v1_final_candidate,final,102Ah_55degC_1C_cell3,1076,102Ah_55degC_1C_cell3|1072|2021-09-24T03:01:46|2021-09-24T03:57:16,2021-09-24T03:57:16,True,False,True,new qualified event in recent-five partial-charge feature
M4_multi_efc_T_v1_final_candidate,final,102Ah_55degC_1C_cell3,1076,102Ah_55degC_1C_cell3|1073|2021-09-24T05:51:36|2021-09-24T06:47:06,2021-09-24T06:47:06,True,False,True,new qualified event in recent-five partial-charge feature
M4_multi_efc_T_v1_final_candidate,final,102Ah_55degC_1C_cell3,1076,102Ah_55degC_1C_cell3|1074|2021-09-24T08:41:25|2021-09-24T09:36:57,2021-09-24T09:36:57,True,False,True,new qualified event in recent-five partial-charge feature
M4_multi_efc_T_v1_final_candidate,final,102Ah_55degC_1C_cell3,1076,102Ah_55degC_1C_cell3|1075|2021-09-24T11:31:16|2021-09-24T12:26:46,2021-09-24T12:26:46,True,False,True,new qualified event in recent-five partial-charge feature
M4_multi_efc_T_v1_final_candidate,final,102Ah_55degC_1C_cell3,1076,102Ah_55degC_1C_cell3|1076|2021-09-24T14:21:04|2021-09-24T15:16:34,2021-09-24T15:16:34,True,False,True,new qualified event in recent-five partial-charge feature
M4_multi_efc_T_v1_final_candidate,final,102Ah_55degC_1C_cell3,1143,102Ah_55degC_1C_cell3|1139|2021-10-10T05:28:28|2021-10-10T06:23:28,2021-10-10T06:23:28,True,False,True,new qualified event in recent-five partial-charge feature
M4_multi_efc_T_v1_final_candidate,final,102Ah_55degC_1C_cell3,1143,102Ah_55degC_1C_cell3|1140|2021-10-10T08:17:31|2021-10-10T09:12:31,2021-10-10T09:12:31,True,False,True,new qualified event in recent-five partial-charge feature
M4_multi_efc_T_v1_final_candidate,final,102Ah_55degC_1C_cell3,1143,102Ah_55degC_1C_cell3|1141|2021-10-10T11:06:33|2021-10-10T12:01:33,2021-10-10T12:01:33,True,False,True,new qualified event in recent-five partial-charge feature
M4_multi_efc_T_v1_final_candidate,final,102Ah_55degC_1C_cell3,1143,102Ah_55degC_1C_cell3|1142|2021-10-10T13:55:35|2021-10-10T14:50:35,2021-10-10T14:50:35,True,False,True,new qualified event in recent-five partial-charge feature
M4_multi_efc_T_v1_final_candidate,final,102Ah_55degC_1C_cell3,1143,102Ah_55degC_1C_cell3|1143|2021-10-10T16:44:36|2021-10-10T17:39:36,2021-10-10T17:39:36,True,False,True,new qualified event in recent-five partial-charge feature
M4_multi_efc_T_v1_final_candidate,final,102Ah_55degC_1C_cell3,1211,102Ah_55degC_1C_cell3|1207|2021-10-18T04:42:56|2021-10-18T05:37:26,2021-10-18T05:37:26,True,False,True,new qualified event in recent-five partial-charge feature
M4_multi_efc_T_v1_final_candidate,final,102Ah_55degC_1C_cell3,1211,102Ah_55degC_1C_cell3|1208|2021-10-18T07:31:20|2021-10-18T08:25:50,2021-10-18T08:25:50,True,False,True,new qualified event in recent-five partial-charge feature
M4_multi_efc_T_v1_final_candidate,final,102Ah_55degC_1C_cell3,1211,102Ah_55degC_1C_cell3|1209|2021-10-18T10:19:44|2021-10-18T11:14:14,2021-10-18T11:14:14,True,False,True,new qualified event in recent-five partial-charge feature
M4_multi_efc_T_v1_final_candidate,final,102Ah_55degC_1C_cell3,1211,102Ah_55degC_1C_cell3|1210|2021-10-18T13:08:08|2021-10-18T14:02:38,2021-10-18T14:02:38,True,False,True,new qualified event in recent-five partial-charge feature
M4_multi_efc_T_v1_final_candidate,final,102Ah_55degC_1C_cell3,1211,102Ah_55degC_1C_cell3|1211|2021-10-18T15:56:30|2021-10-18T16:51:00,2021-10-18T16:51:00,True,False,True,new qualified event in recent-five partial-charge feature
M4_multi_efc_T_v1_final_candidate,final,102Ah_55degC_1C_cell3,1278,102Ah_55degC_1C_cell3|1274|2021-10-26T00:24:21|2021-10-26T01:18:21,2021-10-26T01:18:21,True,False,True,new qualified event in recent-five partial-charge feature
M4_multi_efc_T_v1_final_candidate,final,102Ah_55degC_1C_cell3,1278,102Ah_55degC_1C_cell3|1275|2021-10-26T03:12:06|2021-10-26T04:06:06,2021-10-26T04:06:06,True,False,True,new qualified event in recent-five partial-charge feature
M4_multi_efc_T_v1_final_candidate,final,102Ah_55degC_1C_cell3,1278,102Ah_55degC_1C_cell3|1276|2021-10-26T05:59:50|2021-10-26T06:53:50,2021-10-26T06:53:50,True,False,True,new qualified event in recent-five partial-charge feature
M4_multi_efc_T_v1_final_candidate,final,102Ah_55degC_1C_cell3,1278,102Ah_55degC_1C_cell3|1277|2021-10-26T08:47:32|2021-10-26T09:41:34,2021-10-26T09:41:34,True,False,True,new qualified event in recent-five partial-charge feature
M4_multi_efc_T_v1_final_candidate,final,102Ah_55degC_1C_cell3,1278,102Ah_55degC_1C_cell3|1278|2021-10-26T11:35:16|2021-10-26T12:29:16,2021-10-26T12:29:16,True,False,True,new qualified event in recent-five partial-charge feature
M4_multi_efc_T_v1_final_candidate,final,102Ah_55degC_1C_cell3,1346,102Ah_55degC_1C_cell3|1342|2021-11-02T22:08:14|2021-11-02T23:02:14,2021-11-02T23:02:14,True,False,True,new qualified event in recent-five partial-charge feature
M4_multi_efc_T_v1_final_candidate,final,102Ah_55degC_1C_cell3,1346,102Ah_55degC_1C_cell3|1343|2021-11-03T00:55:17|2021-11-03T01:49:17,2021-11-03T01:49:17,True,False,True,new qualified event in recent-five partial-charge feature
M4_multi_efc_T_v1_final_candidate,final,102Ah_55degC_1C_cell3,1346,102Ah_55degC_1C_cell3|1344|2021-11-03T03:42:20|2021-11-03T04:36:20,2021-11-03T04:36:20,True,False,True,new qualified event in recent-five partial-charge feature
M4_multi_efc_T_v1_final_candidate,final,102Ah_55degC_1C_cell3,1346,102Ah_55degC_1C_cell3|1345|2021-11-03T06:29:22|2021-11-03T07:23:22,2021-11-03T07:23:22,True,False,True,new qualified event in recent-five partial-charge feature
M4_multi_efc_T_v1_final_candidate,final,102Ah_55degC_1C_cell3,1346,102Ah_55degC_1C_cell3|1346|2021-11-03T09:16:24|2021-11-03T10:10:24,2021-11-03T10:10:24,True,False,True,new qualified event in recent-five partial-charge feature
M4_multi_efc_T_v1_final_candidate,final,102Ah_55degC_1C_cell3,1413,102Ah_55degC_1C_cell3|1409|2021-11-10T16:18:25|2021-11-10T17:11:55,2021-11-10T17:11:55,True,False,True,new qualified event in recent-five partial-charge feature
M4_multi_efc_T_v1_final_candidate,final,102Ah_55degC_1C_cell3,1413,102Ah_55degC_1C_cell3|1410|2021-11-10T19:04:47|2021-11-10T19:58:17,2021-11-10T19:58:17,True,False,True,new qualified event in recent-five partial-charge feature
M4_multi_efc_T_v1_final_candidate,final,102Ah_55degC_1C_cell3,1413,102Ah_55degC_1C_cell3|1411|2021-11-10T21:51:07|2021-11-10T22:44:37,2021-11-10T22:44:37,True,False,True,new qualified event in recent-five partial-charge feature
M4_multi_efc_T_v1_final_candidate,final,102Ah_55degC_1C_cell3,1413,102Ah_55degC_1C_cell3|1412|2021-11-11T00:37:26|2021-11-11T01:30:56,2021-11-11T01:30:56,True,False,True,new qualified event in recent-five partial-charge feature
M4_multi_efc_T_v1_final_candidate,final,102Ah_55degC_1C_cell3,1413,102Ah_55degC_1C_cell3|1413|2021-11-11T03:23:45|2021-11-11T04:17:15,2021-11-11T04:17:15,True,False,True,new qualified event in recent-five partial-charge feature
M4_multi_efc_T_v1_final_candidate,final,102Ah_55degC_1C_cell3,1481,102Ah_55degC_1C_cell3|1477|2021-11-18T12:23:57|2021-11-18T13:16:57,2021-11-18T13:16:57,True,False,True,new qualified event in recent-five partial-charge feature
M4_multi_efc_T_v1_final_candidate,final,102Ah_55degC_1C_cell3,1481,102Ah_55degC_1C_cell3|1478|2021-11-18T15:09:29|2021-11-18T16:02:29,2021-11-18T16:02:29,True,False,True,new qualified event in recent-five partial-charge feature
M4_multi_efc_T_v1_final_candidate,final,102Ah_55degC_1C_cell3,1481,102Ah_55degC_1C_cell3|1479|2021-11-18T17:55:01|2021-11-18T18:48:01,2021-11-18T18:48:01,True,False,True,new qualified event in recent-five partial-charge feature
M4_multi_efc_T_v1_final_candidate,final,102Ah_55degC_1C_cell3,1481,102Ah_55degC_1C_cell3|1480|2021-11-18T20:40:32|2021-11-18T21:33:32,2021-11-18T21:33:32,True,False,True,new qualified event in recent-five partial-charge feature
M4_multi_efc_T_v1_final_candidate,final,102Ah_55degC_1C_cell3,1481,102Ah_55degC_1C_cell3|1481|2021-11-18T23:26:02|2021-11-19T00:19:03,2021-11-19T00:19:03,True,False,True,new qualified event in recent-five partial-charge feature
M4_multi_efc_T_v1_final_candidate,final,102Ah_55degC_1C_cell3,1550,102Ah_55degC_1C_cell3|1546|2021-11-30T03:50:13|2021-11-30T04:42:43,2021-11-30T04:42:43,True,False,True,new qualified event in recent-five partial-charge feature
M4_multi_efc_T_v1_final_candidate,final,102Ah_55degC_1C_cell3,1550,102Ah_55degC_1C_cell3|1547|2021-11-30T06:34:46|2021-11-30T07:27:16,2021-11-30T07:27:16,True,False,True,new qualified event in recent-five partial-charge feature
M4_multi_efc_T_v1_final_candidate,final,102Ah_55degC_1C_cell3,1550,102Ah_55degC_1C_cell3|1548|2021-11-30T09:19:19|2021-11-30T10:11:49,2021-11-30T10:11:49,True,False,True,new qualified event in recent-five partial-charge feature
M4_multi_efc_T_v1_final_candidate,final,102Ah_55degC_1C_cell3,1550,102Ah_55degC_1C_cell3|1549|2021-11-30T12:03:51|2021-11-30T12:56:21,2021-11-30T12:56:21,True,False,True,new qualified event in recent-five partial-charge feature
M4_multi_efc_T_v1_final_candidate,final,102Ah_55degC_1C_cell3,1550,102Ah_55degC_1C_cell3|1550|2021-11-30T14:48:21|2021-11-30T15:40:51,2021-11-30T15:40:51,True,False,True,new qualified event in recent-five partial-charge feature
M4_multi_efc_T_v1_final_candidate,final,102Ah_55degC_1C_cell3,1618,102Ah_55degC_1C_cell3|1614|2021-12-07T21:37:06|2021-12-07T22:29:06,2021-12-07T22:29:06,True,False,True,new qualified event in recent-five partial-charge feature
M4_multi_efc_T_v1_final_candidate,final,102Ah_55degC_1C_cell3,1618,102Ah_55degC_1C_cell3|1615|2021-12-08T00:20:20|2021-12-08T01:12:20,2021-12-08T01:12:20,True,False,True,new qualified event in recent-five partial-charge feature
M4_multi_efc_T_v1_final_candidate,final,102Ah_55degC_1C_cell3,1618,102Ah_55degC_1C_cell3|1616|2021-12-08T03:03:32|2021-12-08T03:55:32,2021-12-08T03:55:32,True,False,True,new qualified event in recent-five partial-charge feature
M4_multi_efc_T_v1_final_candidate,final,102Ah_55degC_1C_cell3,1618,102Ah_55degC_1C_cell3|1617|2021-12-08T05:46:43|2021-12-08T06:38:43,2021-12-08T06:38:43,True,False,True,new qualified event in recent-five partial-charge feature
M4_multi_efc_T_v1_final_candidate,final,102Ah_55degC_1C_cell3,1618,102Ah_55degC_1C_cell3|1618|2021-12-08T08:29:52|2021-12-08T09:21:53,2021-12-08T09:21:53,True,False,True,new qualified event in recent-five partial-charge feature
M4_multi_efc_T_v1_final_candidate,final,102Ah_55degC_1C_cell3,1685,102Ah_55degC_1C_cell3|1681|2021-12-15T11:06:03|2021-12-15T11:57:32,2021-12-15T11:57:32,True,False,True,new qualified event in recent-five partial-charge feature
M4_multi_efc_T_v1_final_candidate,final,102Ah_55degC_1C_cell3,1685,102Ah_55degC_1C_cell3|1682|2021-12-15T13:47:49|2021-12-15T14:39:19,2021-12-15T14:39:19,True,False,True,new qualified event in recent-five partial-charge feature
M4_multi_efc_T_v1_final_candidate,final,102Ah_55degC_1C_cell3,1685,102Ah_55degC_1C_cell3|1683|2021-12-15T16:29:35|2021-12-15T17:21:05,2021-12-15T17:21:05,True,False,True,new qualified event in recent-five partial-charge feature
M4_multi_efc_T_v1_final_candidate,final,102Ah_55degC_1C_cell3,1685,102Ah_55degC_1C_cell3|1684|2021-12-15T19:11:20|2021-12-15T20:02:50,2021-12-15T20:02:50,True,False,True,new qualified event in recent-five partial-charge feature
M4_multi_efc_T_v1_final_candidate,final,102Ah_55degC_1C_cell3,1685,102Ah_55degC_1C_cell3|1685|2021-12-15T21:53:02|2021-12-15T22:44:32,2021-12-15T22:44:32,True,False,True,new qualified event in recent-five partial-charge feature
M4_multi_efc_T_v1_final_candidate,final,102Ah_55degC_1C_cell3,1753,102Ah_55degC_1C_cell3|1749|2021-12-23T01:35:20|2021-12-23T02:25:49,2021-12-23T02:25:49,True,False,True,new qualified event in recent-five partial-charge feature
M4_multi_efc_T_v1_final_candidate,final,102Ah_55degC_1C_cell3,1753,102Ah_55degC_1C_cell3|1750|2021-12-23T04:15:32|2021-12-23T05:06:02,2021-12-23T05:06:02,True,False,True,new qualified event in recent-five partial-charge feature
M4_multi_efc_T_v1_final_candidate,final,102Ah_55degC_1C_cell3,1753,102Ah_55degC_1C_cell3|1751|2021-12-23T06:55:42|2021-12-23T07:46:12,2021-12-23T07:46:12,True,False,True,new qualified event in recent-five partial-charge feature
M4_multi_efc_T_v1_final_candidate,final,102Ah_55degC_1C_cell3,1753,102Ah_55degC_1C_cell3|1752|2021-12-23T09:35:52|2021-12-23T10:26:22,2021-12-23T10:26:22,True,False,True,new qualified event in recent-five partial-charge feature
M4_multi_efc_T_v1_final_candidate,final,102Ah_55degC_1C_cell3,1753,102Ah_55degC_1C_cell3|1753|2021-12-23T12:16:00|2021-12-23T13:06:30,2021-12-23T13:06:30,True,False,True,new qualified event in recent-five partial-charge feature
M4_multi_efc_T_v1_final_candidate,final,102Ah_55degC_1C_cell3,1820,102Ah_55degC_1C_cell3|1816|2021-12-30T11:36:15|2021-12-30T12:26:14,2021-12-30T12:26:14,True,False,True,new qualified event in recent-five partial-charge feature
M4_multi_efc_T_v1_final_candidate,final,102Ah_55degC_1C_cell3,1820,102Ah_55degC_1C_cell3|1817|2021-12-30T14:14:49|2021-12-30T15:04:49,2021-12-30T15:04:49,True,False,True,new qualified event in recent-five partial-charge feature
M4_multi_efc_T_v1_final_candidate,final,102Ah_55degC_1C_cell3,1820,102Ah_55degC_1C_cell3|1818|2021-12-30T16:53:22|2021-12-30T17:43:22,2021-12-30T17:43:22,True,False,True,new qualified event in recent-five partial-charge feature
M4_multi_efc_T_v1_final_candidate,final,102Ah_55degC_1C_cell3,1820,102Ah_55degC_1C_cell3|1819|2021-12-30T19:31:54|2021-12-30T20:21:54,2021-12-30T20:21:54,True,False,True,new qualified event in recent-five partial-charge feature
M4_multi_efc_T_v1_final_candidate,final,102Ah_55degC_1C_cell3,1820,102Ah_55degC_1C_cell3|1820|2021-12-30T22:10:23|2021-12-30T23:00:23,2021-12-30T23:00:23,True,False,True,new qualified event in recent-five partial-charge feature
M4_multi_efc_T_v1_final_candidate,final,102Ah_55degC_1C_cell3,1887,102Ah_55degC_1C_cell3|1883|2022-01-06T19:44:55|2022-01-06T20:33:55,2022-01-06T20:33:55,True,False,True,new qualified event in recent-five partial-charge feature
M4_multi_efc_T_v1_final_candidate,final,102Ah_55degC_1C_cell3,1887,102Ah_55degC_1C_cell3|1884|2022-01-06T22:21:49|2022-01-06T23:10:49,2022-01-06T23:10:49,True,False,True,new qualified event in recent-five partial-charge feature
M4_multi_efc_T_v1_final_candidate,final,102Ah_55degC_1C_cell3,1887,102Ah_55degC_1C_cell3|1885|2022-01-07T00:58:42|2022-01-07T01:47:42,2022-01-07T01:47:42,True,False,True,new qualified event in recent-five partial-charge feature
M4_multi_efc_T_v1_final_candidate,final,102Ah_55degC_1C_cell3,1887,102Ah_55degC_1C_cell3|1886|2022-01-07T03:35:33|2022-01-07T04:24:33,2022-01-07T04:24:33,True,False,True,new qualified event in recent-five partial-charge feature
M4_multi_efc_T_v1_final_candidate,final,102Ah_55degC_1C_cell3,1887,102Ah_55degC_1C_cell3|1887|2022-01-07T06:12:22|2022-01-07T07:01:22,2022-01-07T07:01:22,True,False,True,new qualified event in recent-five partial-charge feature
M4_multi_efc_T_v1_final_candidate,final,102Ah_55degC_1C_cell3,1957,102Ah_55degC_1C_cell3|1951|2022-01-14T04:35:40|2022-01-14T05:23:40,2022-01-14T05:23:40,True,False,True,new qualified event in recent-five partial-charge feature
M4_multi_efc_T_v1_final_candidate,final,102Ah_55degC_1C_cell3,1957,102Ah_55degC_1C_cell3|1952|2022-01-14T07:10:47|2022-01-14T07:58:47,2022-01-14T07:58:47,True,False,True,new qualified event in recent-five partial-charge feature
M4_multi_efc_T_v1_final_candidate,final,102Ah_55degC_1C_cell3,1957,102Ah_55degC_1C_cell3|1953|2022-01-14T14:56:00|2022-01-14T15:44:30,2022-01-14T15:44:30,True,False,True,new qualified event in recent-five partial-charge feature
M4_multi_efc_T_v1_final_candidate,final,102Ah_55degC_1C_cell3,1957,102Ah_55degC_1C_cell3|1956|2022-01-14T17:31:20|2022-01-14T18:19:22,2022-01-14T18:19:22,True,False,True,new qualified event in recent-five partial-charge feature
M4_multi_efc_T_v1_final_candidate,final,102Ah_55degC_1C_cell3,1957,102Ah_55degC_1C_cell3|1957|2022-01-14T20:06:10|2022-01-14T20:54:10,2022-01-14T20:54:10,True,False,True,new qualified event in recent-five partial-charge feature
M4_multi_efc_T_v1_final_candidate,final,102Ah_55degC_1C_cell3,2027,102Ah_55degC_1C_cell3|2023|2022-01-22T16:37:04|2022-01-22T17:24:04,2022-01-22T17:24:04,True,False,True,new qualified event in recent-five partial-charge feature
M4_multi_efc_T_v1_final_candidate,final,102Ah_55degC_1C_cell3,2027,102Ah_55degC_1C_cell3|2024|2022-01-22T19:10:12|2022-01-22T19:57:12,2022-01-22T19:57:12,True,False,True,new qualified event in recent-five partial-charge feature
M4_multi_efc_T_v1_final_candidate,final,102Ah_55degC_1C_cell3,2027,102Ah_55degC_1C_cell3|2025|2022-01-22T21:43:17|2022-01-22T22:30:17,2022-01-22T22:30:17,True,False,True,new qualified event in recent-five partial-charge feature
M4_multi_efc_T_v1_final_candidate,final,102Ah_55degC_1C_cell3,2027,102Ah_55degC_1C_cell3|2026|2022-01-23T00:16:20|2022-01-23T01:03:20,2022-01-23T01:03:20,True,False,True,new qualified event in recent-five partial-charge feature
M4_multi_efc_T_v1_final_candidate,final,102Ah_55degC_1C_cell3,2027,102Ah_55degC_1C_cell3|2027|2022-01-23T02:49:22|2022-01-23T03:36:22,2022-01-23T03:36:22,True,False,True,new qualified event in recent-five partial-charge feature
M4_multi_efc_T_v1_final_candidate,final,102Ah_55degC_1C_cell3,2099,102Ah_55degC_1C_cell3|2095|2022-02-10T22:56:45|2022-02-10T23:42:44,2022-02-10T23:42:44,True,False,True,new qualified event in recent-five partial-charge feature
M4_multi_efc_T_v1_final_candidate,final,102Ah_55degC_1C_cell3,2099,102Ah_55degC_1C_cell3|2096|2022-02-11T01:27:38|2022-02-11T02:13:38,2022-02-11T02:13:38,True,False,True,new qualified event in recent-five partial-charge feature
M4_multi_efc_T_v1_final_candidate,final,102Ah_55degC_1C_cell3,2099,102Ah_55degC_1C_cell3|2097|2022-02-11T03:58:31|2022-02-11T04:44:31,2022-02-11T04:44:31,True,False,True,new qualified event in recent-five partial-charge feature
M4_multi_efc_T_v1_final_candidate,final,102Ah_55degC_1C_cell3,2099,102Ah_55degC_1C_cell3|2098|2022-02-11T06:29:24|2022-02-11T07:15:24,2022-02-11T07:15:24,True,False,True,new qualified event in recent-five partial-charge feature
M4_multi_efc_T_v1_final_candidate,final,102Ah_55degC_1C_cell3,2099,102Ah_55degC_1C_cell3|2099|2022-02-11T09:00:16|2022-02-11T09:46:16,2022-02-11T09:46:16,True,False,True,new qualified event in recent-five partial-charge feature
M4_multi_efc_T_v1_final_candidate,final,102Ah_55degC_1C_cell3,2166,102Ah_55degC_1C_cell3|2162|2022-02-17T22:41:23|2022-02-17T23:26:53,2022-02-17T23:26:53,True,False,True,new qualified event in recent-five partial-charge feature
M4_multi_efc_T_v1_final_candidate,final,102Ah_55degC_1C_cell3,2166,102Ah_55degC_1C_cell3|2163|2022-02-18T01:10:34|2022-02-18T01:55:34,2022-02-18T01:55:34,True,False,True,new qualified event in recent-five partial-charge feature
M4_multi_efc_T_v1_final_candidate,final,102Ah_55degC_1C_cell3,2166,102Ah_55degC_1C_cell3|2164|2022-02-18T03:39:42|2022-02-18T04:24:42,2022-02-18T04:24:42,True,False,True,new qualified event in recent-five partial-charge feature
M4_multi_efc_T_v1_final_candidate,final,102Ah_55degC_1C_cell3,2166,102Ah_55degC_1C_cell3|2165|2022-02-18T06:08:49|2022-02-18T06:53:49,2022-02-18T06:53:49,True,False,True,new qualified event in recent-five partial-charge feature
M4_multi_efc_T_v1_final_candidate,final,102Ah_55degC_1C_cell3,2166,102Ah_55degC_1C_cell3|2166|2022-02-18T08:37:55|2022-02-18T09:22:56,2022-02-18T09:22:56,True,False,True,new qualified event in recent-five partial-charge feature
M4_multi_efc_T_v1_final_candidate,final,102Ah_55degC_1C_cell3,2234,102Ah_55degC_1C_cell3|2230|2022-02-24T22:39:38|2022-02-24T23:24:08,2022-02-24T23:24:08,True,False,True,new qualified event in recent-five partial-charge feature
M4_multi_efc_T_v1_final_candidate,final,102Ah_55degC_1C_cell3,2234,102Ah_55degC_1C_cell3|2231|2022-02-25T01:06:52|2022-02-25T01:51:22,2022-02-25T01:51:22,True,False,True,new qualified event in recent-five partial-charge feature
M4_multi_efc_T_v1_final_candidate,final,102Ah_55degC_1C_cell3,2234,102Ah_55degC_1C_cell3|2232|2022-02-25T03:34:04|2022-02-25T04:18:04,2022-02-25T04:18:04,True,False,True,new qualified event in recent-five partial-charge feature
M4_multi_efc_T_v1_final_candidate,final,102Ah_55degC_1C_cell3,2234,102Ah_55degC_1C_cell3|2233|2022-02-25T06:01:13|2022-02-25T06:45:13,2022-02-25T06:45:13,True,False,True,new qualified event in recent-five partial-charge feature
M4_multi_efc_T_v1_final_candidate,final,102Ah_55degC_1C_cell3,2234,102Ah_55degC_1C_cell3|2234|2022-02-25T08:28:21|2022-02-25T09:12:23,2022-02-25T09:12:23,True,False,True,new qualified event in recent-five partial-charge feature
M4_multi_efc_T_v1_final_candidate,final,102Ah_55degC_1C_cell3,2306,102Ah_55degC_1C_cell3|2302|2022-03-06T11:50:17|2022-03-06T12:33:17,2022-03-06T12:33:17,True,False,True,new qualified event in recent-five partial-charge feature
M4_multi_efc_T_v1_final_candidate,final,102Ah_55degC_1C_cell3,2306,102Ah_55degC_1C_cell3|2303|2022-03-06T14:15:31|2022-03-06T14:58:31,2022-03-06T14:58:31,True,False,True,new qualified event in recent-five partial-charge feature
M4_multi_efc_T_v1_final_candidate,final,102Ah_55degC_1C_cell3,2306,102Ah_55degC_1C_cell3|2304|2022-03-06T16:40:43|2022-03-06T17:23:43,2022-03-06T17:23:43,True,False,True,new qualified event in recent-five partial-charge feature
M4_multi_efc_T_v1_final_candidate,final,102Ah_55degC_1C_cell3,2306,102Ah_55degC_1C_cell3|2305|2022-03-06T19:05:55|2022-03-06T19:48:55,2022-03-06T19:48:55,True,False,True,new qualified event in recent-five partial-charge feature
M4_multi_efc_T_v1_final_candidate,final,102Ah_55degC_1C_cell3,2306,102Ah_55degC_1C_cell3|2306|2022-03-06T21:31:04|2022-03-06T22:14:04,2022-03-06T22:14:04,True,False,True,new qualified event in recent-five partial-charge feature
