cell_id,target_ordinal,method,target_soh_pp,anchor_soh_pp,pred_soh_pp,error_pp,budget_Ah,history_mode,held_cell,w01_visible,w03_visible
102Ah_25degC_0p5C_cell3,1,anchor_constant,100.57,102.13637254901961,102.13637254901961,1.5663725490196185,20,persistent,102Ah_25degC_0p5C_cell3,0,1
102Ah_25degC_0p5C_cell3,1,age_ridge,100.57,102.13637254901961,97.96969772239716,-2.600302277602836,20,persistent,102Ah_25degC_0p5C_cell3,0,1
102Ah_25degC_0p5C_cell3,1,fixed_window_ridge,100.57,102.13637254901961,98.53603707331277,-2.0339629266872237,20,persistent,102Ah_25degC_0p5C_cell3,0,1
102Ah_25degC_0p5C_cell3,1,mask_ridge,100.57,102.13637254901961,94.98559637877611,-5.584403621223885,20,persistent,102Ah_25degC_0p5C_cell3,0,1
102Ah_25degC_0p5C_cell3,1,within_cell_ratio_ridge,100.57,102.13637254901961,102.46270083141216,1.8927008314121707,20,persistent,102Ah_25degC_0p5C_cell3,0,1
102Ah_25degC_0p5C_cell3,1,rbf_residual,100.57,102.13637254901961,98.04966059596245,-2.520339404037543,20,persistent,102Ah_25degC_0p5C_cell3,0,1
102Ah_25degC_0p5C_cell3,2,anchor_constant,99.885,102.13637254901961,102.13637254901961,2.2513725490196066,20,persistent,102Ah_25degC_0p5C_cell3,0,1
102Ah_25degC_0p5C_cell3,2,age_ridge,99.885,102.13637254901961,97.52312884063011,-2.3618711593698976,20,persistent,102Ah_25degC_0p5C_cell3,0,1
102Ah_25degC_0p5C_cell3,2,fixed_window_ridge,99.885,102.13637254901961,97.8766098534711,-2.0083901465289102,20,persistent,102Ah_25degC_0p5C_cell3,0,1
102Ah_25degC_0p5C_cell3,2,mask_ridge,99.885,102.13637254901961,94.21427419493259,-5.67072580506742,20,persistent,102Ah_25degC_0p5C_cell3,0,1
102Ah_25degC_0p5C_cell3,2,within_cell_ratio_ridge,99.885,102.13637254901961,100.68729331508845,0.8022933150884484,20,persistent,102Ah_25degC_0p5C_cell3,0,1
102Ah_25degC_0p5C_cell3,2,rbf_residual,99.885,102.13637254901961,97.56758208387929,-2.317417916120718,20,persistent,102Ah_25degC_0p5C_cell3,0,1
102Ah_25degC_0p5C_cell3,3,anchor_constant,99.386,102.13637254901961,102.13637254901961,2.750372549019616,20,persistent,102Ah_25degC_0p5C_cell3,0,1
102Ah_25degC_0p5C_cell3,3,age_ridge,99.386,102.13637254901961,97.22984507968854,-2.156154920311451,20,persistent,102Ah_25degC_0p5C_cell3,0,1
102Ah_25degC_0p5C_cell3,3,fixed_window_ridge,99.386,102.13637254901961,97.44095631920699,-1.945043680793006,20,persistent,102Ah_25degC_0p5C_cell3,0,1
102Ah_25degC_0p5C_cell3,3,mask_ridge,99.386,102.13637254901961,93.70063796312526,-5.685362036874736,20,persistent,102Ah_25degC_0p5C_cell3,0,1
102Ah_25degC_0p5C_cell3,3,within_cell_ratio_ridge,99.386,102.13637254901961,100.38885564103002,1.002855641030024,20,persistent,102Ah_25degC_0p5C_cell3,0,1
102Ah_25degC_0p5C_cell3,3,rbf_residual,99.386,102.13637254901961,97.24238595678018,-2.143614043219813,20,persistent,102Ah_25degC_0p5C_cell3,0,1
102Ah_25degC_0p5C_cell3,4,anchor_constant,98.994,102.13637254901961,102.13637254901961,3.142372549019612,20,persistent,102Ah_25degC_0p5C_cell3,0,1
102Ah_25degC_0p5C_cell3,4,age_ridge,98.994,102.13637254901961,97.0033794212459,-1.990620578754104,20,persistent,102Ah_25degC_0p5C_cell3,0,1
102Ah_25degC_0p5C_cell3,4,fixed_window_ridge,98.994,102.13637254901961,97.10672189567491,-1.887278104325091,20,persistent,102Ah_25degC_0p5C_cell3,0,1
102Ah_25degC_0p5C_cell3,4,mask_ridge,98.994,102.13637254901961,93.27651866191246,-5.717481338087538,20,persistent,102Ah_25degC_0p5C_cell3,0,1
102Ah_25degC_0p5C_cell3,4,within_cell_ratio_ridge,98.994,102.13637254901961,100.1582813378727,1.1642813378726942,20,persistent,102Ah_25degC_0p5C_cell3,0,1
102Ah_25degC_0p5C_cell3,4,rbf_residual,98.994,102.13637254901961,96.98857846409214,-2.005421535907857,20,persistent,102Ah_25degC_0p5C_cell3,0,1
102Ah_25degC_0p5C_cell3,5,anchor_constant,98.602,102.13637254901961,102.13637254901961,3.534372549019608,20,persistent,102Ah_25degC_0p5C_cell3,0,1
102Ah_25degC_0p5C_cell3,5,age_ridge,98.602,102.13637254901961,96.82726634090211,-1.7747336590978904,20,persistent,102Ah_25degC_0p5C_cell3,0,1
102Ah_25degC_0p5C_cell3,5,fixed_window_ridge,98.602,102.13637254901961,96.84872406818386,-1.7532759318161482,20,persistent,102Ah_25degC_0p5C_cell3,0,1
102Ah_25degC_0p5C_cell3,5,mask_ridge,98.602,102.13637254901961,92.92227704575666,-5.679722954243346,20,persistent,102Ah_25degC_0p5C_cell3,0,1
102Ah_25degC_0p5C_cell3,5,within_cell_ratio_ridge,98.602,102.13637254901961,99.97885864676516,1.3768586467651573,20,persistent,102Ah_25degC_0p5C_cell3,0,1
102Ah_25degC_0p5C_cell3,5,rbf_residual,98.602,102.13637254901961,96.79045599760356,-1.8115440023964453,20,persistent,102Ah_25degC_0p5C_cell3,0,1
102Ah_25degC_0p5C_cell3,6,anchor_constant,98.235,102.13637254901961,102.13637254901961,3.9013725490196123,20,persistent,102Ah_25degC_0p5C_cell3,0,1
102Ah_25degC_0p5C_cell3,6,age_ridge,98.235,102.13637254901961,95.68034322508753,-2.5546567749124733,20,persistent,102Ah_25degC_0p5C_cell3,0,1
102Ah_25degC_0p5C_cell3,6,fixed_window_ridge,98.235,102.13637254901961,95.62516369179356,-2.6098363082064395,20,persistent,102Ah_25degC_0p5C_cell3,0,1
102Ah_25degC_0p5C_cell3,6,mask_ridge,98.235,102.13637254901961,92.77871838625039,-5.45628161374961,20,persistent,102Ah_25degC_0p5C_cell3,0,1
102Ah_25degC_0p5C_cell3,6,within_cell_ratio_ridge,98.235,102.13637254901961,106.8286193023654,8.593619302365397,20,persistent,102Ah_25degC_0p5C_cell3,0,1
102Ah_25degC_0p5C_cell3,6,rbf_residual,98.235,102.13637254901961,95.70699425319788,-2.5280057468021226,20,persistent,102Ah_25degC_0p5C_cell3,0,1
102Ah_25degC_0p5C_cell3,7,anchor_constant,97.993,102.13637254901961,102.13637254901961,4.143372549019617,20,persistent,102Ah_25degC_0p5C_cell3,0,1
102Ah_25degC_0p5C_cell3,7,age_ridge,97.993,102.13637254901961,95.34298053030999,-2.650019469690008,20,persistent,102Ah_25degC_0p5C_cell3,0,1
102Ah_25degC_0p5C_cell3,7,fixed_window_ridge,97.993,102.13637254901961,95.24680630645818,-2.7461936935418123,20,persistent,102Ah_25degC_0p5C_cell3,0,1
102Ah_25degC_0p5C_cell3,7,mask_ridge,97.993,102.13637254901961,92.30526666232018,-5.687733337679816,20,persistent,102Ah_25degC_0p5C_cell3,0,1
102Ah_25degC_0p5C_cell3,7,within_cell_ratio_ridge,97.993,102.13637254901961,105.54021533710298,7.547215337102983,20,persistent,102Ah_25degC_0p5C_cell3,0,1
102Ah_25degC_0p5C_cell3,7,rbf_residual,97.993,102.13637254901961,95.28121369618982,-2.7117863038101717,20,persistent,102Ah_25degC_0p5C_cell3,0,1
102Ah_25degC_0p5C_cell3,8,anchor_constant,97.71,102.13637254901961,102.13637254901961,4.426372549019618,20,persistent,102Ah_25degC_0p5C_cell3,0,1
102Ah_25degC_0p5C_cell3,8,age_ridge,97.71,102.13637254901961,95.00838746179366,-2.7016125382063336,20,persistent,102Ah_25degC_0p5C_cell3,0,1
102Ah_25degC_0p5C_cell3,8,fixed_window_ridge,97.71,102.13637254901961,94.87822356994718,-2.8317764300528125,20,persistent,102Ah_25degC_0p5C_cell3,0,1
102Ah_25degC_0p5C_cell3,8,mask_ridge,97.71,102.13637254901961,92.10033550622005,-5.609664493779945,20,persistent,102Ah_25degC_0p5C_cell3,0,1
102Ah_25degC_0p5C_cell3,8,within_cell_ratio_ridge,97.71,102.13637254901961,105.11881741315703,7.408817413157038,20,persistent,102Ah_25degC_0p5C_cell3,0,1
102Ah_25degC_0p5C_cell3,8,rbf_residual,97.71,102.13637254901961,95.08162037566359,-2.6283796243364037,20,persistent,102Ah_25degC_0p5C_cell3,0,1
102Ah_25degC_0p5C_cell3,9,anchor_constant,97.441,102.13637254901961,102.13637254901961,4.695372549019609,20,persistent,102Ah_25degC_0p5C_cell3,0,1
102Ah_25degC_0p5C_cell3,9,age_ridge,97.441,102.13637254901961,94.69539518409705,-2.7456048159029507,20,persistent,102Ah_25degC_0p5C_cell3,0,1
102Ah_25degC_0p5C_cell3,9,fixed_window_ridge,97.441,102.13637254901961,94.53928746169528,-2.9017125383047215,20,persistent,102Ah_25degC_0p5C_cell3,0,1
102Ah_25degC_0p5C_cell3,9,mask_ridge,97.441,102.13637254901961,91.7495281379577,-5.691471862042306,20,persistent,102Ah_25degC_0p5C_cell3,0,1
102Ah_25degC_0p5C_cell3,9,within_cell_ratio_ridge,97.441,102.13637254901961,103.787210305942,6.3462103059419945,20,persistent,102Ah_25degC_0p5C_cell3,0,1
102Ah_25degC_0p5C_cell3,9,rbf_residual,97.441,102.13637254901961,94.64853186060492,-2.7924681393950834,20,persistent,102Ah_25degC_0p5C_cell3,0,1
102Ah_25degC_0p5C_cell3,10,anchor_constant,97.212,102.13637254901961,102.13637254901961,4.924372549019608,20,persistent,102Ah_25degC_0p5C_cell3,0,1
102Ah_25degC_0p5C_cell3,10,age_ridge,97.212,102.13637254901961,94.40282249271522,-2.8091775072847867,20,persistent,102Ah_25degC_0p5C_cell3,0,1
102Ah_25degC_0p5C_cell3,10,fixed_window_ridge,97.212,102.13637254901961,94.22718421370197,-2.9848157862980287,20,persistent,102Ah_25degC_0p5C_cell3,0,1
102Ah_25degC_0p5C_cell3,10,mask_ridge,97.212,102.13637254901961,91.54746078322526,-5.664539216774742,20,persistent,102Ah_25degC_0p5C_cell3,0,1
102Ah_25degC_0p5C_cell3,10,within_cell_ratio_ridge,97.212,102.13637254901961,104.56882502080413,7.3568250208041235,20,persistent,102Ah_25degC_0p5C_cell3,0,1
102Ah_25degC_0p5C_cell3,10,rbf_residual,97.212,102.13637254901961,94.33308663390315,-2.878913366096853,20,persistent,102Ah_25degC_0p5C_cell3,0,1
102Ah_25degC_0p5C_cell3,11,anchor_constant,97.027,102.13637254901961,102.13637254901961,5.109372549019611,20,persistent,102Ah_25degC_0p5C_cell3,0,1
102Ah_25degC_0p5C_cell3,11,age_ridge,97.027,102.13637254901961,94.12618226260484,-2.9008177373951582,20,persistent,102Ah_25degC_0p5C_cell3,0,1
102Ah_25degC_0p5C_cell3,11,fixed_window_ridge,97.027,102.13637254901961,93.93588029897298,-3.0911197010270257,20,persistent,102Ah_25degC_0p5C_cell3,0,1
102Ah_25degC_0p5C_cell3,11,mask_ridge,97.027,102.13637254901961,91.2844659935623,-5.742534006437694,20,persistent,102Ah_25degC_0p5C_cell3,0,1
102Ah_25degC_0p5C_cell3,11,within_cell_ratio_ridge,97.027,102.13637254901961,103.47123846354333,6.4442384635433285,20,persistent,102Ah_25degC_0p5C_cell3,0,1
102Ah_25degC_0p5C_cell3,11,rbf_residual,97.027,102.13637254901961,94.0578867895926,-2.9691132104074,20,persistent,102Ah_25degC_0p5C_cell3,0,1
102Ah_25degC_0p5C_cell3,12,anchor_constant,96.825,102.13637254901961,102.13637254901961,5.311372549019609,20,persistent,102Ah_25degC_0p5C_cell3,0,1
102Ah_25degC_0p5C_cell3,12,age_ridge,96.825,102.13637254901961,93.84822690973603,-2.9767730902639755,20,persistent,102Ah_25degC_0p5C_cell3,0,1
102Ah_25degC_0p5C_cell3,12,fixed_window_ridge,96.825,102.13637254901961,93.6467030514698,-3.1782969485302033,20,persistent,102Ah_25degC_0p5C_cell3,0,1
102Ah_25degC_0p5C_cell3,12,mask_ridge,96.825,102.13637254901961,91.05502118291903,-5.769978817080968,20,persistent,102Ah_25degC_0p5C_cell3,0,1
102Ah_25degC_0p5C_cell3,12,within_cell_ratio_ridge,96.825,102.13637254901961,104.02391804814043,7.198918048140428,20,persistent,102Ah_25degC_0p5C_cell3,0,1
102Ah_25degC_0p5C_cell3,12,rbf_residual,96.825,102.13637254901961,93.7489041728009,-3.0760958271990972,20,persistent,102Ah_25degC_0p5C_cell3,0,1
102Ah_25degC_0p5C_cell3,13,anchor_constant,96.653,102.13637254901961,102.13637254901961,5.483372549019606,20,persistent,102Ah_25degC_0p5C_cell3,0,1
102Ah_25degC_0p5C_cell3,13,age_ridge,96.653,102.13637254901961,93.58589379719255,-3.0671062028074516,20,persistent,102Ah_25degC_0p5C_cell3,0,1
102Ah_25degC_0p5C_cell3,13,fixed_window_ridge,96.653,102.13637254901961,93.37680774735695,-3.2761922526430567,20,persistent,102Ah_25degC_0p5C_cell3,0,1
102Ah_25degC_0p5C_cell3,13,mask_ridge,96.653,102.13637254901961,90.83122128306171,-5.821778716938297,20,persistent,102Ah_25degC_0p5C_cell3,0,1
102Ah_25degC_0p5C_cell3,13,within_cell_ratio_ridge,96.653,102.13637254901961,103.12410947236704,6.471109472367033,20,persistent,102Ah_25degC_0p5C_cell3,0,1
102Ah_25degC_0p5C_cell3,13,rbf_residual,96.653,102.13637254901961,93.55085847068749,-3.1021415293125187,20,persistent,102Ah_25degC_0p5C_cell3,0,1
102Ah_25degC_0p5C_cell3,14,anchor_constant,96.449,102.13637254901961,102.13637254901961,5.687372549019614,20,persistent,102Ah_25degC_0p5C_cell3,0,1
102Ah_25degC_0p5C_cell3,14,age_ridge,96.449,102.13637254901961,93.32084182236363,-3.128158177636365,20,persistent,102Ah_25degC_0p5C_cell3,0,1
102Ah_25degC_0p5C_cell3,14,fixed_window_ridge,96.449,102.13637254901961,93.10691756169675,-3.342082438303251,20,persistent,102Ah_25degC_0p5C_cell3,0,1
102Ah_25degC_0p5C_cell3,14,mask_ridge,96.449,102.13637254901961,90.58897246895893,-5.860027531041069,20,persistent,102Ah_25degC_0p5C_cell3,0,1
102Ah_25degC_0p5C_cell3,14,within_cell_ratio_ridge,96.449,102.13637254901961,102.81626363123173,6.3672636312317366,20,persistent,102Ah_25degC_0p5C_cell3,0,1
102Ah_25degC_0p5C_cell3,14,rbf_residual,96.449,102.13637254901961,93.18146979990172,-3.267530200098278,20,persistent,102Ah_25degC_0p5C_cell3,0,1
102Ah_25degC_0p5C_cell3,15,anchor_constant,96.24,102.13637254901961,102.13637254901961,5.896372549019617,20,persistent,102Ah_25degC_0p5C_cell3,0,1
102Ah_25degC_0p5C_cell3,15,age_ridge,96.24,102.13637254901961,93.0611880630242,-3.178811936975791,20,persistent,102Ah_25degC_0p5C_cell3,0,1
102Ah_25degC_0p5C_cell3,15,fixed_window_ridge,96.24,102.13637254901961,92.84509120641204,-3.394908793587959,20,persistent,102Ah_25degC_0p5C_cell3,0,1
102Ah_25degC_0p5C_cell3,15,mask_ridge,96.24,102.13637254901961,90.33499975921299,-5.905000240787004,20,persistent,102Ah_25degC_0p5C_cell3,0,1
102Ah_25degC_0p5C_cell3,15,within_cell_ratio_ridge,96.24,102.13637254901961,101.83956624091563,5.599566240915635,20,persistent,102Ah_25degC_0p5C_cell3,0,1
102Ah_25degC_0p5C_cell3,15,rbf_residual,96.24,102.13637254901961,92.97493169714546,-3.26506830285453,20,persistent,102Ah_25degC_0p5C_cell3,0,1
102Ah_25degC_0p5C_cell3,16,anchor_constant,96.134,102.13637254901961,102.13637254901961,6.002372549019611,20,persistent,102Ah_25degC_0p5C_cell3,0,1
102Ah_25degC_0p5C_cell3,16,age_ridge,96.134,102.13637254901961,92.77889296333156,-3.355107036668443,20,persistent,102Ah_25degC_0p5C_cell3,0,1
102Ah_25degC_0p5C_cell3,16,fixed_window_ridge,96.134,102.13637254901961,92.56522535904413,-3.5687746409558656,20,persistent,102Ah_25degC_0p5C_cell3,0,1
102Ah_25degC_0p5C_cell3,16,mask_ridge,96.134,102.13637254901961,90.20273448850182,-5.931265511498182,20,persistent,102Ah_25degC_0p5C_cell3,0,1
102Ah_25degC_0p5C_cell3,16,within_cell_ratio_ridge,96.134,102.13637254901961,105.39016037111233,9.25616037111233,20,persistent,102Ah_25degC_0p5C_cell3,0,1
102Ah_25degC_0p5C_cell3,16,rbf_residual,96.134,102.13637254901961,92.65399007958939,-3.480009920410609,20,persistent,102Ah_25degC_0p5C_cell3,0,1
102Ah_25degC_0p5C_cell3,17,anchor_constant,95.949,102.13637254901961,102.13637254901961,6.187372549019614,20,persistent,102Ah_25degC_0p5C_cell3,0,1
102Ah_25degC_0p5C_cell3,17,age_ridge,95.949,102.13637254901961,92.51959895000077,-3.4294010499992282,20,persistent,102Ah_25degC_0p5C_cell3,0,1
102Ah_25degC_0p5C_cell3,17,fixed_window_ridge,95.949,102.13637254901961,92.30940463281343,-3.6395953671865726,20,persistent,102Ah_25degC_0p5C_cell3,0,1
102Ah_25degC_0p5C_cell3,17,mask_ridge,95.949,102.13637254901961,90.0645252138687,-5.8844747861312925,20,persistent,102Ah_25degC_0p5C_cell3,0,1
102Ah_25degC_0p5C_cell3,17,within_cell_ratio_ridge,95.949,102.13637254901961,105.35567436338027,9.406674363380276,20,persistent,102Ah_25degC_0p5C_cell3,0,1
102Ah_25degC_0p5C_cell3,17,rbf_residual,95.949,102.13637254901961,92.47631654404145,-3.4726834559585456,20,persistent,102Ah_25degC_0p5C_cell3,0,1
102Ah_25degC_0p5C_cell3,18,anchor_constant,95.782,102.13637254901961,102.13637254901961,6.354372549019615,20,persistent,102Ah_25degC_0p5C_cell3,0,1
102Ah_25degC_0p5C_cell3,18,age_ridge,95.782,102.13637254901961,92.27389189855498,-3.5081081014450177,20,persistent,102Ah_25degC_0p5C_cell3,0,1
102Ah_25degC_0p5C_cell3,18,fixed_window_ridge,95.782,102.13637254901961,92.0683592705571,-3.7136407294429006,20,persistent,102Ah_25degC_0p5C_cell3,0,1
102Ah_25degC_0p5C_cell3,18,mask_ridge,95.782,102.13637254901961,89.91095670018566,-5.871043299814332,20,persistent,102Ah_25degC_0p5C_cell3,0,1
102Ah_25degC_0p5C_cell3,18,within_cell_ratio_ridge,95.782,102.13637254901961,104.99936332419962,9.217363324199624,20,persistent,102Ah_25degC_0p5C_cell3,0,1
102Ah_25degC_0p5C_cell3,18,rbf_residual,95.782,102.13637254901961,92.37578600840979,-3.4062139915902065,20,persistent,102Ah_25degC_0p5C_cell3,0,1
102Ah_25degC_0p5C_cell3,19,anchor_constant,95.643,102.13637254901961,102.13637254901961,6.493372549019611,20,persistent,102Ah_25degC_0p5C_cell3,0,1
102Ah_25degC_0p5C_cell3,19,age_ridge,95.643,102.13637254901961,92.03942127965868,-3.603578720341318,20,persistent,102Ah_25degC_0p5C_cell3,0,1
102Ah_25degC_0p5C_cell3,19,fixed_window_ridge,95.643,102.13637254901961,91.83997908699386,-3.8030209130061365,20,persistent,102Ah_25degC_0p5C_cell3,0,1
102Ah_25degC_0p5C_cell3,19,mask_ridge,95.643,102.13637254901961,89.75233953973873,-5.890660460261273,20,persistent,102Ah_25degC_0p5C_cell3,0,1
102Ah_25degC_0p5C_cell3,19,within_cell_ratio_ridge,95.643,102.13637254901961,105.24229311170235,9.599293111702352,20,persistent,102Ah_25degC_0p5C_cell3,0,1
102Ah_25degC_0p5C_cell3,19,rbf_residual,95.643,102.13637254901961,92.02073113326756,-3.6222688667324405,20,persistent,102Ah_25degC_0p5C_cell3,0,1
102Ah_25degC_0p5C_cell3,20,anchor_constant,95.469,102.13637254901961,102.13637254901961,6.667372549019618,20,persistent,102Ah_25degC_0p5C_cell3,0,1
102Ah_25degC_0p5C_cell3,20,age_ridge,95.469,102.13637254901961,91.79135002812245,-3.6776499718775426,20,persistent,102Ah_25degC_0p5C_cell3,0,1
102Ah_25degC_0p5C_cell3,20,fixed_window_ridge,95.469,102.13637254901961,91.60076996899926,-3.868230031000735,20,persistent,102Ah_25degC_0p5C_cell3,0,1
102Ah_25degC_0p5C_cell3,20,mask_ridge,95.469,102.13637254901961,89.58727311140399,-5.881726888596006,20,persistent,102Ah_25degC_0p5C_cell3,0,1
102Ah_25degC_0p5C_cell3,20,within_cell_ratio_ridge,95.469,102.13637254901961,106.08733843079625,10.618338430796257,20,persistent,102Ah_25degC_0p5C_cell3,0,1
102Ah_25degC_0p5C_cell3,20,rbf_residual,95.469,102.13637254901961,91.9225575567514,-3.546442443248594,20,persistent,102Ah_25degC_0p5C_cell3,0,1
102Ah_25degC_0p5C_cell3,21,anchor_constant,95.318,102.13637254901961,102.13637254901961,6.818372549019614,20,persistent,102Ah_25degC_0p5C_cell3,0,1
102Ah_25degC_0p5C_cell3,21,age_ridge,95.318,102.13637254901961,91.56280005782564,-3.7551999421743574,20,persistent,102Ah_25degC_0p5C_cell3,0,1
102Ah_25degC_0p5C_cell3,21,fixed_window_ridge,95.318,102.13637254901961,91.38113673388922,-3.9368632661107767,20,persistent,102Ah_25degC_0p5C_cell3,0,1
102Ah_25degC_0p5C_cell3,21,mask_ridge,95.318,102.13637254901961,89.41410341441728,-5.903896585582714,20,persistent,102Ah_25degC_0p5C_cell3,0,1
102Ah_25degC_0p5C_cell3,21,within_cell_ratio_ridge,95.318,102.13637254901961,105.05952309613986,9.741523096139858,20,persistent,102Ah_25degC_0p5C_cell3,0,1
102Ah_25degC_0p5C_cell3,21,rbf_residual,95.318,102.13637254901961,91.53392243648875,-3.7840775635112465,20,persistent,102Ah_25degC_0p5C_cell3,0,1
102Ah_25degC_0p5C_cell3,22,anchor_constant,95.076,102.13637254901961,102.13637254901961,7.060372549019618,20,persistent,102Ah_25degC_0p5C_cell3,0,1
102Ah_25degC_0p5C_cell3,22,age_ridge,95.076,102.13637254901961,91.1470514777393,-3.928948522260697,20,persistent,102Ah_25degC_0p5C_cell3,0,1
102Ah_25degC_0p5C_cell3,22,fixed_window_ridge,95.076,102.13637254901961,91.0030867518125,-4.07291324818749,20,persistent,102Ah_25degC_0p5C_cell3,0,1
102Ah_25degC_0p5C_cell3,22,mask_ridge,95.076,102.13637254901961,89.0610221866934,-6.0149778133065865,20,persistent,102Ah_25degC_0p5C_cell3,0,1
102Ah_25degC_0p5C_cell3,22,within_cell_ratio_ridge,95.076,102.13637254901961,104.83069277841368,9.754692778413684,20,persistent,102Ah_25degC_0p5C_cell3,0,1
102Ah_25degC_0p5C_cell3,22,rbf_residual,95.076,102.13637254901961,91.24899701589436,-3.8270029841056328,20,persistent,102Ah_25degC_0p5C_cell3,0,1
102Ah_25degC_0p5C_cell3,23,anchor_constant,94.944,102.13637254901961,102.13637254901961,7.192372549019609,20,persistent,102Ah_25degC_0p5C_cell3,0,1
102Ah_25degC_0p5C_cell3,23,age_ridge,94.944,102.13637254901961,90.92618199556628,-4.017818004433721,20,persistent,102Ah_25degC_0p5C_cell3,0,1
102Ah_25degC_0p5C_cell3,23,fixed_window_ridge,94.944,102.13637254901961,90.79482523089507,-4.149174769104931,20,persistent,102Ah_25degC_0p5C_cell3,0,1
102Ah_25degC_0p5C_cell3,23,mask_ridge,94.944,102.13637254901961,88.89825142209439,-6.045748577905613,20,persistent,102Ah_25degC_0p5C_cell3,0,1
102Ah_25degC_0p5C_cell3,23,within_cell_ratio_ridge,94.944,102.13637254901961,104.66964902685008,9.725649026850078,20,persistent,102Ah_25degC_0p5C_cell3,0,1
102Ah_25degC_0p5C_cell3,23,rbf_residual,94.944,102.13637254901961,90.88767521245444,-4.056324787545563,20,persistent,102Ah_25degC_0p5C_cell3,0,1
102Ah_25degC_0p5C_cell3,24,anchor_constant,94.756,102.13637254901961,102.13637254901961,7.3803725490196115,20,persistent,102Ah_25degC_0p5C_cell3,0,1
102Ah_25degC_0p5C_cell3,24,age_ridge,94.756,102.13637254901961,90.69990370229011,-4.056096297709885,20,persistent,102Ah_25degC_0p5C_cell3,0,1
102Ah_25degC_0p5C_cell3,24,fixed_window_ridge,94.756,102.13637254901961,90.58252183603062,-4.173478163969378,20,persistent,102Ah_25degC_0p5C_cell3,0,1
102Ah_25degC_0p5C_cell3,24,mask_ridge,94.756,102.13637254901961,88.5292848117911,-6.2267151882089,20,persistent,102Ah_25degC_0p5C_cell3,0,1
102Ah_25degC_0p5C_cell3,24,within_cell_ratio_ridge,94.756,102.13637254901961,100.55895604569463,5.8029560456946285,20,persistent,102Ah_25degC_0p5C_cell3,0,1
102Ah_25degC_0p5C_cell3,24,rbf_residual,94.756,102.13637254901961,90.58808787931832,-4.167912120681677,20,persistent,102Ah_25degC_0p5C_cell3,0,1
102Ah_25degC_0p5C_cell3,25,anchor_constant,94.621,102.13637254901961,102.13637254901961,7.515372549019617,20,persistent,102Ah_25degC_0p5C_cell3,0,1
102Ah_25degC_0p5C_cell3,25,age_ridge,94.621,102.13637254901961,90.4675778864671,-4.153422113532898,20,persistent,102Ah_25degC_0p5C_cell3,0,1
102Ah_25degC_0p5C_cell3,25,fixed_window_ridge,94.621,102.13637254901961,90.36657839594677,-4.254421604053221,20,persistent,102Ah_25degC_0p5C_cell3,0,1
102Ah_25degC_0p5C_cell3,25,mask_ridge,94.621,102.13637254901961,88.317647007053,-6.303352992946998,20,persistent,102Ah_25degC_0p5C_cell3,0,1
102Ah_25degC_0p5C_cell3,25,within_cell_ratio_ridge,94.621,102.13637254901961,99.72140397338897,5.100403973388978,20,persistent,102Ah_25degC_0p5C_cell3,0,1
102Ah_25degC_0p5C_cell3,25,rbf_residual,94.621,102.13637254901961,90.19833042017984,-4.422669579820152,20,persistent,102Ah_25degC_0p5C_cell3,0,1
102Ah_25degC_0p5C_cell3,26,anchor_constant,94.566,102.13637254901961,102.13637254901961,7.570372549019609,20,persistent,102Ah_25degC_0p5C_cell3,0,1
102Ah_25degC_0p5C_cell3,26,age_ridge,94.566,102.13637254901961,90.21705940174077,-4.348940598259233,20,persistent,102Ah_25degC_0p5C_cell3,0,1
102Ah_25degC_0p5C_cell3,26,fixed_window_ridge,94.566,102.13637254901961,90.13745346330624,-4.428546536693759,20,persistent,102Ah_25degC_0p5C_cell3,0,1
102Ah_25degC_0p5C_cell3,26,mask_ridge,94.566,102.13637254901961,88.41178818015786,-6.154211819842146,20,persistent,102Ah_25degC_0p5C_cell3,0,1
102Ah_25degC_0p5C_cell3,26,within_cell_ratio_ridge,94.566,102.13637254901961,104.7041412332001,10.138141233200102,20,persistent,102Ah_25degC_0p5C_cell3,0,1
102Ah_25degC_0p5C_cell3,26,rbf_residual,94.566,102.13637254901961,90.20525014940267,-4.36074985059733,20,persistent,102Ah_25degC_0p5C_cell3,0,1
102Ah_25degC_0p5C_cell3,27,anchor_constant,94.418,102.13637254901961,102.13637254901961,7.718372549019605,20,persistent,102Ah_25degC_0p5C_cell3,0,1
102Ah_25degC_0p5C_cell3,27,age_ridge,94.418,102.13637254901961,89.99657182071874,-4.421428179281264,20,persistent,102Ah_25degC_0p5C_cell3,0,1
102Ah_25degC_0p5C_cell3,27,fixed_window_ridge,94.418,102.13637254901961,89.9336346753949,-4.484365324605108,20,persistent,102Ah_25degC_0p5C_cell3,0,1
102Ah_25degC_0p5C_cell3,27,mask_ridge,94.418,102.13637254901961,88.25991867701697,-6.158081322983037,20,persistent,102Ah_25degC_0p5C_cell3,0,1
102Ah_25degC_0p5C_cell3,27,within_cell_ratio_ridge,94.418,102.13637254901961,105.29168552922607,10.873685529226066,20,persistent,102Ah_25degC_0p5C_cell3,0,1
102Ah_25degC_0p5C_cell3,27,rbf_residual,94.418,102.13637254901961,90.06024661856061,-4.3577533814393945,20,persistent,102Ah_25degC_0p5C_cell3,0,1
102Ah_25degC_0p5C_cell3,28,anchor_constant,94.238,102.13637254901961,102.13637254901961,7.898372549019612,20,persistent,102Ah_25degC_0p5C_cell3,0,1
102Ah_25degC_0p5C_cell3,28,age_ridge,94.238,102.13637254901961,89.77763699076186,-4.4603630092381366,20,persistent,102Ah_25degC_0p5C_cell3,0,1
102Ah_25degC_0p5C_cell3,28,fixed_window_ridge,94.238,102.13637254901961,89.73206654986679,-4.505933450133213,20,persistent,102Ah_25degC_0p5C_cell3,0,1
102Ah_25degC_0p5C_cell3,28,mask_ridge,94.238,102.13637254901961,88.02494988673155,-6.2130501132684515,20,persistent,102Ah_25degC_0p5C_cell3,0,1
102Ah_25degC_0p5C_cell3,28,within_cell_ratio_ridge,94.238,102.13637254901961,103.07227771831255,8.83427771831255,20,persistent,102Ah_25degC_0p5C_cell3,0,1
102Ah_25degC_0p5C_cell3,28,rbf_residual,94.238,102.13637254901961,89.68817665869122,-4.54982334130878,20,persistent,102Ah_25degC_0p5C_cell3,0,1
102Ah_25degC_0p5C_cell3,29,anchor_constant,94.035,102.13637254901961,102.13637254901961,8.101372549019615,20,persistent,102Ah_25degC_0p5C_cell3,0,1
102Ah_25degC_0p5C_cell3,29,age_ridge,94.035,102.13637254901961,89.56690809413796,-4.468091905862039,20,persistent,102Ah_25degC_0p5C_cell3,0,1
102Ah_25degC_0p5C_cell3,29,fixed_window_ridge,94.035,102.13637254901961,89.53882060455341,-4.496179395446589,20,persistent,102Ah_25degC_0p5C_cell3,0,1
102Ah_25degC_0p5C_cell3,29,mask_ridge,94.035,102.13637254901961,87.64071817253297,-6.394281827467026,20,persistent,102Ah_25degC_0p5C_cell3,0,1
102Ah_25degC_0p5C_cell3,29,within_cell_ratio_ridge,94.035,102.13637254901961,98.60197085093412,4.566970850934126,20,persistent,102Ah_25degC_0p5C_cell3,0,1
102Ah_25degC_0p5C_cell3,29,rbf_residual,94.035,102.13637254901961,89.36285047057451,-4.672149529425482,20,persistent,102Ah_25degC_0p5C_cell3,0,1
102Ah_25degC_0p5C_cell3,30,anchor_constant,93.975,102.13637254901961,102.13637254901961,8.161372549019617,20,persistent,102Ah_25degC_0p5C_cell3,0,1
102Ah_25degC_0p5C_cell3,30,age_ridge,93.975,102.13637254901961,89.35069556552662,-4.624304434473373,20,persistent,102Ah_25degC_0p5C_cell3,0,1
102Ah_25degC_0p5C_cell3,30,fixed_window_ridge,93.975,102.13637254901961,89.34123415219848,-4.633765847801513,20,persistent,102Ah_25degC_0p5C_cell3,0,1
102Ah_25degC_0p5C_cell3,30,mask_ridge,93.975,102.13637254901961,87.61680236849944,-6.358197631500559,20,persistent,102Ah_25degC_0p5C_cell3,0,1
102Ah_25degC_0p5C_cell3,30,within_cell_ratio_ridge,93.975,102.13637254901961,101.27657087627463,7.3015708762746385,20,persistent,102Ah_25degC_0p5C_cell3,0,1
102Ah_25degC_0p5C_cell3,30,rbf_residual,93.975,102.13637254901961,89.2951259465688,-4.679874053431192,20,persistent,102Ah_25degC_0p5C_cell3,0,1
102Ah_25degC_1C_cell3,1,anchor_constant,98.416,102.52715686274509,102.52715686274509,4.111156862745091,20,persistent,102Ah_25degC_1C_cell3,0,1
102Ah_25degC_1C_cell3,1,age_ridge,98.416,102.52715686274509,97.1865360367477,-1.2294639632523001,20,persistent,102Ah_25degC_1C_cell3,0,1
102Ah_25degC_1C_cell3,1,fixed_window_ridge,98.416,102.52715686274509,96.82580944651843,-1.5901905534815626,20,persistent,102Ah_25degC_1C_cell3,0,1
102Ah_25degC_1C_cell3,1,mask_ridge,98.416,102.52715686274509,97.30769226886153,-1.108307731138467,20,persistent,102Ah_25degC_1C_cell3,0,1
102Ah_25degC_1C_cell3,1,within_cell_ratio_ridge,98.416,102.52715686274509,96.73326291535234,-1.6827370846476555,20,persistent,102Ah_25degC_1C_cell3,0,1
102Ah_25degC_1C_cell3,1,rbf_residual,98.416,102.52715686274509,97.11386571017974,-1.302134289820259,20,persistent,102Ah_25degC_1C_cell3,0,1
102Ah_25degC_1C_cell3,2,anchor_constant,97.313,102.52715686274509,102.52715686274509,5.214156862745085,20,persistent,102Ah_25degC_1C_cell3,0,1
102Ah_25degC_1C_cell3,2,age_ridge,97.313,102.52715686274509,95.90931594304759,-1.4036840569524145,20,persistent,102Ah_25degC_1C_cell3,0,1
102Ah_25degC_1C_cell3,2,fixed_window_ridge,97.313,102.52715686274509,95.61338459605386,-1.6996154039461402,20,persistent,102Ah_25degC_1C_cell3,0,1
102Ah_25degC_1C_cell3,2,mask_ridge,97.313,102.52715686274509,96.08022867153183,-1.232771328468175,20,persistent,102Ah_25degC_1C_cell3,0,1
102Ah_25degC_1C_cell3,2,within_cell_ratio_ridge,97.313,102.52715686274509,95.5315908191254,-1.7814091808746042,20,persistent,102Ah_25degC_1C_cell3,0,1
102Ah_25degC_1C_cell3,2,rbf_residual,97.313,102.52715686274509,96.08144363607529,-1.2315563639247102,20,persistent,102Ah_25degC_1C_cell3,0,1
102Ah_25degC_1C_cell3,3,anchor_constant,96.453,102.52715686274509,102.52715686274509,6.074156862745085,20,persistent,102Ah_25degC_1C_cell3,0,1
102Ah_25degC_1C_cell3,3,age_ridge,96.453,102.52715686274509,94.79996131943395,-1.6530386805660555,20,persistent,102Ah_25degC_1C_cell3,0,1
102Ah_25degC_1C_cell3,3,fixed_window_ridge,96.453,102.52715686274509,94.56836112132788,-1.8846388786721207,20,persistent,102Ah_25degC_1C_cell3,0,1
102Ah_25degC_1C_cell3,3,mask_ridge,96.453,102.52715686274509,95.052198359864,-1.4008016401360095,20,persistent,102Ah_25degC_1C_cell3,0,1
102Ah_25degC_1C_cell3,3,within_cell_ratio_ridge,96.453,102.52715686274509,94.49236342007207,-1.960636579927936,20,persistent,102Ah_25degC_1C_cell3,0,1
102Ah_25degC_1C_cell3,3,rbf_residual,96.453,102.52715686274509,94.97742691814689,-1.4755730818531134,20,persistent,102Ah_25degC_1C_cell3,0,1
102Ah_25degC_1C_cell3,4,anchor_constant,95.685,102.52715686274509,102.52715686274509,6.842156862745085,20,persistent,102Ah_25degC_1C_cell3,0,1
102Ah_25degC_1C_cell3,4,age_ridge,95.685,102.52715686274509,93.86973208314551,-1.815267916854495,20,persistent,102Ah_25degC_1C_cell3,0,1
102Ah_25degC_1C_cell3,4,fixed_window_ridge,95.685,102.52715686274509,93.69740622570825,-1.9875937742917529,20,persistent,102Ah_25degC_1C_cell3,0,1
102Ah_25degC_1C_cell3,4,mask_ridge,95.685,102.52715686274509,94.18480657191071,-1.5001934280892897,20,persistent,102Ah_25degC_1C_cell3,0,1
102Ah_25degC_1C_cell3,4,within_cell_ratio_ridge,95.685,102.52715686274509,93.62512965397906,-2.0598703460209435,20,persistent,102Ah_25degC_1C_cell3,0,1
102Ah_25degC_1C_cell3,4,rbf_residual,95.685,102.52715686274509,94.07015292807998,-1.6148470719200247,20,persistent,102Ah_25degC_1C_cell3,0,1
102Ah_25degC_1C_cell3,5,anchor_constant,95.032,102.52715686274509,102.52715686274509,7.495156862745091,20,persistent,102Ah_25degC_1C_cell3,0,1
102Ah_25degC_1C_cell3,5,age_ridge,95.032,102.52715686274509,93.0887275110637,-1.9432724889363016,20,persistent,102Ah_25degC_1C_cell3,0,1
102Ah_25degC_1C_cell3,5,fixed_window_ridge,95.032,102.52715686274509,92.96901990051693,-2.0629800994830703,20,persistent,102Ah_25degC_1C_cell3,0,1
102Ah_25degC_1C_cell3,5,mask_ridge,95.032,102.52715686274509,93.45501102309261,-1.576988976907387,20,persistent,102Ah_25degC_1C_cell3,0,1
102Ah_25degC_1C_cell3,5,within_cell_ratio_ridge,95.032,102.52715686274509,92.90045690240618,-2.13154309759382,20,persistent,102Ah_25degC_1C_cell3,0,1
102Ah_25degC_1C_cell3,5,rbf_residual,95.032,102.52715686274509,93.28253089352103,-1.7494691064789691,20,persistent,102Ah_25degC_1C_cell3,0,1
102Ah_25degC_1C_cell3,6,anchor_constant,94.387,102.52715686274509,102.52715686274509,8.140156862745087,20,persistent,102Ah_25degC_1C_cell3,0,1
102Ah_25degC_1C_cell3,6,age_ridge,94.387,102.52715686274509,92.33565748094632,-2.0513425190536765,20,persistent,102Ah_25degC_1C_cell3,0,1
102Ah_25degC_1C_cell3,6,fixed_window_ridge,94.387,102.52715686274509,92.2695518779858,-2.1174481220141956,20,persistent,102Ah_25degC_1C_cell3,0,1
102Ah_25degC_1C_cell3,6,mask_ridge,94.387,102.52715686274509,92.77198895154184,-1.6150110484581575,20,persistent,102Ah_25degC_1C_cell3,0,1
102Ah_25degC_1C_cell3,6,within_cell_ratio_ridge,94.387,102.52715686274509,92.20313050416237,-2.1838694958376266,20,persistent,102Ah_25degC_1C_cell3,0,1
102Ah_25degC_1C_cell3,6,rbf_residual,94.387,102.52715686274509,92.47809409977727,-1.9089059002227344,20,persistent,102Ah_25degC_1C_cell3,0,1
102Ah_25degC_1C_cell3,7,anchor_constant,93.84,102.52715686274509,102.52715686274509,8.687156862745084,20,persistent,102Ah_25degC_1C_cell3,0,1
102Ah_25degC_1C_cell3,7,age_ridge,93.84,102.52715686274509,91.63736668388044,-2.2026333161195595,20,persistent,102Ah_25degC_1C_cell3,0,1
102Ah_25degC_1C_cell3,7,fixed_window_ridge,93.84,102.52715686274509,91.62273747452413,-2.217262525475874,20,persistent,102Ah_25degC_1C_cell3,0,1
102Ah_25degC_1C_cell3,7,mask_ridge,93.84,102.52715686274509,92.14505108216181,-1.6949489178381896,20,persistent,102Ah_25degC_1C_cell3,0,1
102Ah_25degC_1C_cell3,7,within_cell_ratio_ridge,93.84,102.52715686274509,91.55835695693092,-2.2816430430690815,20,persistent,102Ah_25degC_1C_cell3,0,1
102Ah_25degC_1C_cell3,7,rbf_residual,93.84,102.52715686274509,91.73528453362806,-2.1047154663719425,20,persistent,102Ah_25degC_1C_cell3,0,1
102Ah_25degC_1C_cell3,8,anchor_constant,91.223,102.52715686274509,102.52715686274509,11.304156862745089,20,persistent,102Ah_25degC_1C_cell3,0,1
102Ah_25degC_1C_cell3,8,age_ridge,91.223,102.52715686274509,89.41826181234771,-1.8047381876522905,20,persistent,102Ah_25degC_1C_cell3,0,1
102Ah_25degC_1C_cell3,8,fixed_window_ridge,91.223,102.52715686274509,89.618916864027,-1.6040831359729992,20,persistent,102Ah_25degC_1C_cell3,0,1
102Ah_25degC_1C_cell3,8,mask_ridge,91.223,102.52715686274509,90.18203074794089,-1.0409692520591136,20,persistent,102Ah_25degC_1C_cell3,0,1
102Ah_25degC_1C_cell3,8,within_cell_ratio_ridge,91.223,102.52715686274509,89.48917163293818,-1.7338283670618182,20,persistent,102Ah_25degC_1C_cell3,0,1
102Ah_25degC_1C_cell3,8,rbf_residual,91.223,102.52715686274509,88.99133286849391,-2.231667131506086,20,persistent,102Ah_25degC_1C_cell3,0,1
102Ah_25degC_1C_cell3,9,anchor_constant,90.681,102.52715686274509,102.52715686274509,11.84615686274509,20,persistent,102Ah_25degC_1C_cell3,0,1
102Ah_25degC_1C_cell3,9,age_ridge,90.681,102.52715686274509,88.86335959760244,-1.8176404023975579,20,persistent,102Ah_25degC_1C_cell3,0,1
102Ah_25degC_1C_cell3,9,fixed_window_ridge,90.681,102.52715686274509,89.11051579611548,-1.5704842038845186,20,persistent,102Ah_25degC_1C_cell3,0,1
102Ah_25degC_1C_cell3,9,mask_ridge,90.681,102.52715686274509,89.75341719400043,-0.9275828059995632,20,persistent,102Ah_25degC_1C_cell3,0,1
102Ah_25degC_1C_cell3,9,within_cell_ratio_ridge,90.681,102.52715686274509,88.98167931704347,-1.6993206829565253,20,persistent,102Ah_25degC_1C_cell3,0,1
102Ah_25degC_1C_cell3,9,rbf_residual,90.681,102.52715686274509,89.21780458950408,-1.4631954104959135,20,persistent,102Ah_25degC_1C_cell3,0,1
102Ah_25degC_1C_cell3,10,anchor_constant,90.145,102.52715686274509,102.52715686274509,12.382156862745092,20,persistent,102Ah_25degC_1C_cell3,0,1
102Ah_25degC_1C_cell3,10,age_ridge,90.145,102.52715686274509,88.31795950494917,-1.8270404950508237,20,persistent,102Ah_25degC_1C_cell3,0,1
102Ah_25degC_1C_cell3,10,fixed_window_ridge,90.145,102.52715686274509,88.61134445793626,-1.533655542063741,20,persistent,102Ah_25degC_1C_cell3,0,1
102Ah_25degC_1C_cell3,10,mask_ridge,90.145,102.52715686274509,89.32354868647761,-0.8214513135223882,20,persistent,102Ah_25degC_1C_cell3,0,1
102Ah_25degC_1C_cell3,10,within_cell_ratio_ridge,90.145,102.52715686274509,88.48330855214867,-1.6616914478513252,20,persistent,102Ah_25degC_1C_cell3,0,1
102Ah_25degC_1C_cell3,10,rbf_residual,90.145,102.52715686274509,87.71993530267336,-2.4250646973266328,20,persistent,102Ah_25degC_1C_cell3,0,1
102Ah_25degC_1C_cell3,11,anchor_constant,88.091,102.52715686274509,102.52715686274509,14.436156862745094,20,persistent,102Ah_25degC_1C_cell3,0,1
102Ah_25degC_1C_cell3,11,age_ridge,88.091,102.52715686274509,86.55746579939492,-1.5335342006050752,20,persistent,102Ah_25degC_1C_cell3,0,1
102Ah_25degC_1C_cell3,11,fixed_window_ridge,88.091,102.52715686274509,87.05319054166374,-1.0378094583362554,20,persistent,102Ah_25degC_1C_cell3,0,1
102Ah_25degC_1C_cell3,11,mask_ridge,88.091,102.52715686274509,87.72479722924278,-0.3662027707572122,20,persistent,102Ah_25degC_1C_cell3,0,1
102Ah_25degC_1C_cell3,11,within_cell_ratio_ridge,88.091,102.52715686274509,86.85409818585529,-1.2369018141447015,20,persistent,102Ah_25degC_1C_cell3,0,1
102Ah_25degC_1C_cell3,11,rbf_residual,88.091,102.52715686274509,85.95406477908783,-2.1369352209121644,20,persistent,102Ah_25degC_1C_cell3,0,1
102Ah_25degC_1C_cell3,12,anchor_constant,87.634,102.52715686274509,102.52715686274509,14.893156862745087,20,persistent,102Ah_25degC_1C_cell3,0,1
102Ah_25degC_1C_cell3,12,age_ridge,87.634,102.52715686274509,86.04784508110285,-1.5861549188971509,20,persistent,102Ah_25degC_1C_cell3,0,1
102Ah_25degC_1C_cell3,12,fixed_window_ridge,87.634,102.52715686274509,86.58949690758773,-1.0445030924122705,20,persistent,102Ah_25degC_1C_cell3,0,1
102Ah_25degC_1C_cell3,12,mask_ridge,87.634,102.52715686274509,87.29159125261324,-0.34240874738675586,20,persistent,102Ah_25degC_1C_cell3,0,1
102Ah_25degC_1C_cell3,12,within_cell_ratio_ridge,87.634,102.52715686274509,86.39016577965654,-1.2438342203434587,20,persistent,102Ah_25degC_1C_cell3,0,1
102Ah_25degC_1C_cell3,12,rbf_residual,87.634,102.52715686274509,85.29812414813351,-2.33587585186649,20,persistent,102Ah_25degC_1C_cell3,0,1
102Ah_25degC_1C_cell3,13,anchor_constant,87.186,102.52715686274509,102.52715686274509,15.34115686274508,20,persistent,102Ah_25degC_1C_cell3,0,1
102Ah_25degC_1C_cell3,13,age_ridge,87.186,102.52715686274509,85.43992705073282,-1.7460729492671874,20,persistent,102Ah_25degC_1C_cell3,0,1
102Ah_25degC_1C_cell3,13,fixed_window_ridge,87.186,102.52715686274509,86.04120669817713,-1.1447933018228724,20,persistent,102Ah_25degC_1C_cell3,0,1
102Ah_25degC_1C_cell3,13,mask_ridge,87.186,102.52715686274509,86.69683560577776,-0.489164394222243,20,persistent,102Ah_25degC_1C_cell3,0,1
102Ah_25degC_1C_cell3,13,within_cell_ratio_ridge,87.186,102.52715686274509,85.83520288549423,-1.3507971145057809,20,persistent,102Ah_25degC_1C_cell3,0,1
102Ah_25degC_1C_cell3,13,rbf_residual,87.186,102.52715686274509,85.50791554282335,-1.6780844571766522,20,persistent,102Ah_25degC_1C_cell3,0,1
102Ah_25degC_1C_cell3,14,anchor_constant,86.59,102.52715686274509,102.52715686274509,15.937156862745084,20,persistent,102Ah_25degC_1C_cell3,0,1
102Ah_25degC_1C_cell3,14,age_ridge,86.59,102.52715686274509,84.94085397389598,-1.6491460261040203,20,persistent,102Ah_25degC_1C_cell3,0,1
102Ah_25degC_1C_cell3,14,fixed_window_ridge,86.59,102.52715686274509,85.58731576861125,-1.0026842313887556,20,persistent,102Ah_25degC_1C_cell3,0,1
102Ah_25degC_1C_cell3,14,mask_ridge,86.59,102.52715686274509,86.3416360345062,-0.2483639654938088,20,persistent,102Ah_25degC_1C_cell3,0,1
102Ah_25degC_1C_cell3,14,within_cell_ratio_ridge,86.59,102.52715686274509,85.38151776797275,-1.2084822320272508,20,persistent,102Ah_25degC_1C_cell3,0,1
102Ah_25degC_1C_cell3,14,rbf_residual,86.59,102.52715686274509,83.72409667619893,-2.865903323801078,20,persistent,102Ah_25degC_1C_cell3,0,1
102Ah_25degC_1C_cell3,15,anchor_constant,86.06,102.52715686274509,102.52715686274509,16.467156862745085,20,persistent,102Ah_25degC_1C_cell3,0,1
102Ah_25degC_1C_cell3,15,age_ridge,86.06,102.52715686274509,84.3829210097568,-1.6770789902432028,20,persistent,102Ah_25degC_1C_cell3,0,1
102Ah_25degC_1C_cell3,15,fixed_window_ridge,86.06,102.52715686274509,85.0833732467695,-0.9766267532305051,20,persistent,102Ah_25degC_1C_cell3,0,1
102Ah_25degC_1C_cell3,15,mask_ridge,86.06,102.52715686274509,85.85184949782436,-0.20815050217564135,20,persistent,102Ah_25degC_1C_cell3,0,1
102Ah_25degC_1C_cell3,15,within_cell_ratio_ridge,86.06,102.52715686274509,84.87330240781057,-1.1866975921894323,20,persistent,102Ah_25degC_1C_cell3,0,1
102Ah_25degC_1C_cell3,15,rbf_residual,86.06,102.52715686274509,83.01434327101644,-3.045656728983559,20,persistent,102Ah_25degC_1C_cell3,0,1
102Ah_25degC_1C_cell3,16,anchor_constant,85.611,102.52715686274509,102.52715686274509,16.916156862745083,20,persistent,102Ah_25degC_1C_cell3,0,1
102Ah_25degC_1C_cell3,16,age_ridge,85.611,102.52715686274509,83.89941118379717,-1.711588816202834,20,persistent,102Ah_25degC_1C_cell3,0,1
102Ah_25degC_1C_cell3,16,fixed_window_ridge,85.611,102.52715686274509,84.64386143343778,-0.9671385665622267,20,persistent,102Ah_25degC_1C_cell3,0,1
102Ah_25degC_1C_cell3,16,mask_ridge,85.611,102.52715686274509,85.4436261553522,-0.16737384464779836,20,persistent,102Ah_25degC_1C_cell3,0,1
102Ah_25degC_1C_cell3,16,within_cell_ratio_ridge,85.611,102.52715686274509,84.43421471683689,-1.1767852831631131,20,persistent,102Ah_25degC_1C_cell3,0,1
102Ah_25degC_1C_cell3,16,rbf_residual,85.611,102.52715686274509,83.41997024493482,-2.1910297550651876,20,persistent,102Ah_25degC_1C_cell3,0,1
102Ah_25degC_1C_cell3,17,anchor_constant,85.114,102.52715686274509,102.52715686274509,17.413156862745083,20,persistent,102Ah_25degC_1C_cell3,0,1
102Ah_25degC_1C_cell3,17,age_ridge,85.114,102.52715686274509,83.37806236609796,-1.73593763390204,20,persistent,102Ah_25degC_1C_cell3,0,1
102Ah_25degC_1C_cell3,17,fixed_window_ridge,85.114,102.52715686274509,84.17242561877242,-0.9415743812275821,20,persistent,102Ah_25degC_1C_cell3,0,1
102Ah_25degC_1C_cell3,17,mask_ridge,85.114,102.52715686274509,84.99740040321433,-0.11659959678567589,20,persistent,102Ah_25degC_1C_cell3,0,1
102Ah_25degC_1C_cell3,17,within_cell_ratio_ridge,85.114,102.52715686274509,83.96010100780335,-1.153898992196659,20,persistent,102Ah_25degC_1C_cell3,0,1
102Ah_25degC_1C_cell3,17,rbf_residual,85.114,102.52715686274509,82.75633225590376,-2.357667744096247,20,persistent,102Ah_25degC_1C_cell3,0,1
102Ah_25degC_1C_cell3,18,anchor_constant,84.615,102.52715686274509,102.52715686274509,17.912156862745093,20,persistent,102Ah_25degC_1C_cell3,0,1
102Ah_25degC_1C_cell3,18,age_ridge,84.615,102.52715686274509,82.8961993555924,-1.7188006444075938,20,persistent,102Ah_25degC_1C_cell3,0,1
102Ah_25degC_1C_cell3,18,fixed_window_ridge,84.615,102.52715686274509,83.73498268986428,-0.8800173101357132,20,persistent,102Ah_25degC_1C_cell3,0,1
102Ah_25degC_1C_cell3,18,mask_ridge,84.615,102.52715686274509,84.56043688829655,-0.05456311170344463,20,persistent,102Ah_25degC_1C_cell3,0,1
102Ah_25degC_1C_cell3,18,within_cell_ratio_ridge,84.615,102.52715686274509,83.52273196616494,-1.0922680338350546,20,persistent,102Ah_25degC_1C_cell3,0,1
102Ah_25degC_1C_cell3,18,rbf_residual,84.615,102.52715686274509,80.92303379474461,-3.691966205255383,20,persistent,102Ah_25degC_1C_cell3,0,1
102Ah_25degC_1C_cell3,19,anchor_constant,84.043,102.52715686274509,102.52715686274509,18.48415686274508,20,persistent,102Ah_25degC_1C_cell3,0,1
102Ah_25degC_1C_cell3,19,age_ridge,84.043,102.52715686274509,82.3662708820624,-1.6767291179376116,20,persistent,102Ah_25degC_1C_cell3,0,1
102Ah_25degC_1C_cell3,19,fixed_window_ridge,84.043,102.52715686274509,83.25676320934195,-0.7862367906580516,20,persistent,102Ah_25degC_1C_cell3,0,1
102Ah_25degC_1C_cell3,19,mask_ridge,84.043,102.52715686274509,84.14639437482461,0.10339437482460312,20,persistent,102Ah_25degC_1C_cell3,0,1
102Ah_25degC_1C_cell3,19,within_cell_ratio_ridge,84.043,102.52715686274509,83.04096572144257,-1.0020342785574314,20,persistent,102Ah_25degC_1C_cell3,0,1
102Ah_25degC_1C_cell3,19,rbf_residual,84.043,102.52715686274509,81.3339446379616,-2.709055362038413,20,persistent,102Ah_25degC_1C_cell3,0,1
102Ah_25degC_1C_cell3,20,anchor_constant,83.473,102.52715686274509,102.52715686274509,19.05415686274509,20,persistent,102Ah_25degC_1C_cell3,0,1
102Ah_25degC_1C_cell3,20,age_ridge,83.473,102.52715686274509,81.89447130091409,-1.5785286990859078,20,persistent,102Ah_25degC_1C_cell3,0,1
102Ah_25degC_1C_cell3,20,fixed_window_ridge,83.473,102.52715686274509,82.82871352654384,-0.6442864734561624,20,persistent,102Ah_25degC_1C_cell3,0,1
102Ah_25degC_1C_cell3,20,mask_ridge,83.473,102.52715686274509,83.71144640168175,0.23844640168175602,20,persistent,102Ah_25degC_1C_cell3,0,1
102Ah_25degC_1C_cell3,20,within_cell_ratio_ridge,83.473,102.52715686274509,82.61302026430747,-0.8599797356925336,20,persistent,102Ah_25degC_1C_cell3,0,1
102Ah_25degC_1C_cell3,20,rbf_residual,83.473,102.52715686274509,79.59648501801098,-3.8765149819890183,20,persistent,102Ah_25degC_1C_cell3,0,1
102Ah_25degC_1C_cell3,21,anchor_constant,82.835,102.52715686274509,102.52715686274509,19.692156862745094,20,persistent,102Ah_25degC_1C_cell3,0,1
102Ah_25degC_1C_cell3,21,age_ridge,82.835,102.52715686274509,81.41702679201302,-1.4179732079869751,20,persistent,102Ah_25degC_1C_cell3,0,1
102Ah_25degC_1C_cell3,21,fixed_window_ridge,82.835,102.52715686274509,82.39589650894737,-0.43910349105262014,20,persistent,102Ah_25degC_1C_cell3,0,1
102Ah_25degC_1C_cell3,21,mask_ridge,82.835,102.52715686274509,83.27600299710667,0.4410029971066791,20,persistent,102Ah_25degC_1C_cell3,0,1
102Ah_25degC_1C_cell3,21,within_cell_ratio_ridge,82.835,102.52715686274509,82.17999250205025,-0.6550074979497396,20,persistent,102Ah_25degC_1C_cell3,0,1
102Ah_25degC_1C_cell3,21,rbf_residual,82.835,102.52715686274509,78.92259464557657,-3.912405354423427,20,persistent,102Ah_25degC_1C_cell3,0,1
102Ah_25degC_1C_cell3,22,anchor_constant,81.961,102.52715686274509,102.52715686274509,20.56615686274509,20,persistent,102Ah_25degC_1C_cell3,0,1
102Ah_25degC_1C_cell3,22,age_ridge,81.961,102.52715686274509,80.8140696072279,-1.1469303927720915,20,persistent,102Ah_25degC_1C_cell3,0,1
102Ah_25degC_1C_cell3,22,fixed_window_ridge,81.961,102.52715686274509,81.85657382147943,-0.10442617852056912,20,persistent,102Ah_25degC_1C_cell3,0,1
102Ah_25degC_1C_cell3,22,mask_ridge,81.961,102.52715686274509,82.7725008412401,0.8115008412401039,20,persistent,102Ah_25degC_1C_cell3,0,1
102Ah_25degC_1C_cell3,22,within_cell_ratio_ridge,81.961,102.52715686274509,81.63102008616667,-0.32997991383332703,20,persistent,102Ah_25degC_1C_cell3,0,1
102Ah_25degC_1C_cell3,22,rbf_residual,81.961,102.52715686274509,78.11788674544997,-3.8431132545500333,20,persistent,102Ah_25degC_1C_cell3,0,1
102Ah_25degC_1C_cell3,23,anchor_constant,81.241,102.52715686274509,102.52715686274509,21.286156862745088,20,persistent,102Ah_25degC_1C_cell3,0,1
102Ah_25degC_1C_cell3,23,age_ridge,81.241,102.52715686274509,80.33813446927758,-0.9028655307224227,20,persistent,102Ah_25degC_1C_cell3,0,1
102Ah_25degC_1C_cell3,23,fixed_window_ridge,81.241,102.52715686274509,81.42564297823078,0.18464297823078368,20,persistent,102Ah_25degC_1C_cell3,0,1
102Ah_25degC_1C_cell3,23,mask_ridge,81.241,102.52715686274509,82.34987220881814,1.1088722088181413,20,persistent,102Ah_25degC_1C_cell3,0,1
102Ah_25degC_1C_cell3,23,within_cell_ratio_ridge,81.241,102.52715686274509,81.19956586102214,-0.041434138977862744,20,persistent,102Ah_25degC_1C_cell3,0,1
102Ah_25degC_1C_cell3,23,rbf_residual,81.241,102.52715686274509,77.42250852120753,-3.818491478792467,20,persistent,102Ah_25degC_1C_cell3,0,1
102Ah_25degC_1C_cell3,24,anchor_constant,80.472,102.52715686274509,102.52715686274509,22.055156862745093,20,persistent,102Ah_25degC_1C_cell3,0,1
102Ah_25degC_1C_cell3,24,age_ridge,80.472,102.52715686274509,79.86984392236391,-0.6021560776360815,20,persistent,102Ah_25degC_1C_cell3,0,1
102Ah_25degC_1C_cell3,24,fixed_window_ridge,80.472,102.52715686274509,81.00141547186143,0.5294154718614408,20,persistent,102Ah_25degC_1C_cell3,0,1
102Ah_25degC_1C_cell3,24,mask_ridge,80.472,102.52715686274509,81.94009277318878,1.4680927731887863,20,persistent,102Ah_25degC_1C_cell3,0,1
102Ah_25degC_1C_cell3,24,within_cell_ratio_ridge,80.472,102.52715686274509,80.775237377828,0.30323737782801174,20,persistent,102Ah_25degC_1C_cell3,0,1
102Ah_25degC_1C_cell3,24,rbf_residual,80.472,102.52715686274509,76.73783565481125,-3.734164345188745,20,persistent,102Ah_25degC_1C_cell3,0,1
102Ah_25degC_1C_cell3,25,anchor_constant,79.606,102.52715686274509,102.52715686274509,22.921156862745093,20,persistent,102Ah_25degC_1C_cell3,0,1
102Ah_25degC_1C_cell3,25,age_ridge,79.606,102.52715686274509,79.40893062598435,-0.19706937401564062,20,persistent,102Ah_25degC_1C_cell3,0,1
102Ah_25degC_1C_cell3,25,fixed_window_ridge,79.606,102.52715686274509,80.58363672382382,0.9776367238238208,20,persistent,102Ah_25degC_1C_cell3,0,1
102Ah_25degC_1C_cell3,25,mask_ridge,79.606,102.52715686274509,81.52724332719788,1.9212433271978853,20,persistent,102Ah_25degC_1C_cell3,0,1
102Ah_25degC_1C_cell3,25,within_cell_ratio_ridge,79.606,102.52715686274509,80.35777931649952,0.7517793164995226,20,persistent,102Ah_25degC_1C_cell3,0,1
102Ah_25degC_1C_cell3,25,rbf_residual,79.606,102.52715686274509,77.26342032393524,-2.3425796760647586,20,persistent,102Ah_25degC_1C_cell3,0,1
102Ah_25degC_1C_cell3,26,anchor_constant,78.648,102.52715686274509,102.52715686274509,23.87915686274509,20,persistent,102Ah_25degC_1C_cell3,0,1
102Ah_25degC_1C_cell3,26,age_ridge,78.648,102.52715686274509,78.95517255732668,0.30717255732668036,20,persistent,102Ah_25degC_1C_cell3,0,1
102Ah_25degC_1C_cell3,26,fixed_window_ridge,78.648,102.52715686274509,80.17209301607261,1.5240930160726123,20,persistent,102Ah_25degC_1C_cell3,0,1
102Ah_25degC_1C_cell3,26,mask_ridge,78.648,102.52715686274509,81.13053604205984,2.4825360420598486,20,persistent,102Ah_25degC_1C_cell3,0,1
102Ah_25degC_1C_cell3,26,within_cell_ratio_ridge,78.648,102.52715686274509,79.94698034982332,1.2989803498233243,20,persistent,102Ah_25degC_1C_cell3,0,1
102Ah_25degC_1C_cell3,26,rbf_residual,78.648,102.52715686274509,75.4376816943742,-3.2103183056257905,20,persistent,102Ah_25degC_1C_cell3,0,1
102Ah_25degC_1C_cell3,27,anchor_constant,77.549,102.52715686274509,102.52715686274509,24.97815686274508,20,persistent,102Ah_25degC_1C_cell3,0,1
102Ah_25degC_1C_cell3,27,age_ridge,77.549,102.52715686274509,78.49091858597313,0.9419185859731272,20,persistent,102Ah_25degC_1C_cell3,0,1
102Ah_25degC_1C_cell3,27,fixed_window_ridge,77.549,102.52715686274509,79.75183408445703,2.2028340844570238,20,persistent,102Ah_25degC_1C_cell3,0,1
102Ah_25degC_1C_cell3,27,mask_ridge,77.549,102.52715686274509,80.7345569507339,3.185556950733897,20,persistent,102Ah_25degC_1C_cell3,0,1
102Ah_25degC_1C_cell3,27,within_cell_ratio_ridge,77.549,102.52715686274509,79.52654127663295,1.977541276632948,20,persistent,102Ah_25degC_1C_cell3,0,1
102Ah_25degC_1C_cell3,27,rbf_residual,77.549,102.52715686274509,74.71899357223589,-2.8300064277641184,20,persistent,102Ah_25degC_1C_cell3,0,1
102Ah_25degC_1C_cell3,28,anchor_constant,76.204,102.52715686274509,102.52715686274509,26.323156862745094,20,persistent,102Ah_25degC_1C_cell3,0,1
102Ah_25degC_1C_cell3,28,age_ridge,76.204,102.52715686274509,78.02252960093912,1.8185296009391294,20,persistent,102Ah_25degC_1C_cell3,0,1
102Ah_25degC_1C_cell3,28,fixed_window_ridge,76.204,102.52715686274509,79.32825419434664,3.1242541943466478,20,persistent,102Ah_25degC_1C_cell3,0,1
102Ah_25degC_1C_cell3,28,mask_ridge,76.204,102.52715686274509,80.33262044154864,4.128620441548648,20,persistent,102Ah_25degC_1C_cell3,0,1
102Ah_25degC_1C_cell3,28,within_cell_ratio_ridge,76.204,102.52715686274509,79.1023386542238,2.8983386542238065,20,persistent,102Ah_25degC_1C_cell3,0,1
102Ah_25degC_1C_cell3,28,rbf_residual,76.204,102.52715686274509,74.06312319086655,-2.140876809133445,20,persistent,102Ah_25degC_1C_cell3,0,1
102Ah_25degC_1C_cell3,29,anchor_constant,73.38,102.52715686274509,102.52715686274509,29.147156862745092,20,persistent,102Ah_25degC_1C_cell3,0,1
102Ah_25degC_1C_cell3,29,age_ridge,73.38,102.52715686274509,76.97468231294886,3.594682312948862,20,persistent,102Ah_25degC_1C_cell3,0,1
102Ah_25degC_1C_cell3,29,fixed_window_ridge,73.38,102.52715686274509,78.41676029141601,5.036760291416016,20,persistent,102Ah_25degC_1C_cell3,0,1
102Ah_25degC_1C_cell3,29,mask_ridge,73.38,102.52715686274509,79.37341171293698,5.9934117129369895,20,persistent,102Ah_25degC_1C_cell3,0,1
102Ah_25degC_1C_cell3,29,within_cell_ratio_ridge,73.38,102.52715686274509,78.14877904159893,4.768779041598933,20,persistent,102Ah_25degC_1C_cell3,0,1
102Ah_25degC_1C_cell3,29,rbf_residual,73.38,102.52715686274509,74.11548898148934,0.7354889814893397,20,persistent,102Ah_25degC_1C_cell3,0,1
102Ah_25degC_1C_cell3,30,anchor_constant,70.854,102.52715686274509,102.52715686274509,31.67315686274509,20,persistent,102Ah_25degC_1C_cell3,0,1
102Ah_25degC_1C_cell3,30,age_ridge,70.854,102.52715686274509,76.7872156931194,5.933215693119408,20,persistent,102Ah_25degC_1C_cell3,0,1
102Ah_25degC_1C_cell3,30,fixed_window_ridge,70.854,102.52715686274509,78.25932686216456,7.405326862164557,20,persistent,102Ah_25degC_1C_cell3,0,1
102Ah_25degC_1C_cell3,30,mask_ridge,70.854,102.52715686274509,79.2053340363361,8.351334036336098,20,persistent,102Ah_25degC_1C_cell3,0,1
102Ah_25degC_1C_cell3,30,within_cell_ratio_ridge,70.854,102.52715686274509,77.97477615491812,7.1207761549181186,20,persistent,102Ah_25degC_1C_cell3,0,1
102Ah_25degC_1C_cell3,30,rbf_residual,70.854,102.52715686274509,73.92566706941274,3.07166706941274,20,persistent,102Ah_25degC_1C_cell3,0,1
102Ah_35degC_1C_cell1,1,anchor_constant,97.944,102.1385294117647,102.1385294117647,4.194529411764691,20,persistent,102Ah_35degC_1C_cell1,0,1
102Ah_35degC_1C_cell1,1,age_ridge,97.944,102.1385294117647,98.30486558697108,0.36086558697107307,20,persistent,102Ah_35degC_1C_cell1,0,1
102Ah_35degC_1C_cell1,1,fixed_window_ridge,97.944,102.1385294117647,107.1787110617712,9.234711061771193,20,persistent,102Ah_35degC_1C_cell1,0,1
102Ah_35degC_1C_cell1,1,mask_ridge,97.944,102.1385294117647,105.47895508199143,7.534955081991427,20,persistent,102Ah_35degC_1C_cell1,0,1
102Ah_35degC_1C_cell1,1,within_cell_ratio_ridge,97.944,102.1385294117647,97.44746969639307,-0.4965303036069315,20,persistent,102Ah_35degC_1C_cell1,0,1
102Ah_35degC_1C_cell1,1,rbf_residual,97.944,102.1385294117647,102.68162907418046,4.737629074180461,20,persistent,102Ah_35degC_1C_cell1,0,1
102Ah_35degC_1C_cell1,2,anchor_constant,96.746,102.1385294117647,102.1385294117647,5.3925294117646985,20,persistent,102Ah_35degC_1C_cell1,0,1
102Ah_35degC_1C_cell1,2,age_ridge,96.746,102.1385294117647,96.75611547095022,0.010115470950225358,20,persistent,102Ah_35degC_1C_cell1,0,1
102Ah_35degC_1C_cell1,2,fixed_window_ridge,96.746,102.1385294117647,106.61200709440504,9.866007094405049,20,persistent,102Ah_35degC_1C_cell1,0,1
102Ah_35degC_1C_cell1,2,mask_ridge,96.746,102.1385294117647,104.0888832987246,7.342883298724601,20,persistent,102Ah_35degC_1C_cell1,0,1
102Ah_35degC_1C_cell1,2,within_cell_ratio_ridge,96.746,102.1385294117647,95.97889372040456,-0.7671062795954384,20,persistent,102Ah_35degC_1C_cell1,0,1
102Ah_35degC_1C_cell1,2,rbf_residual,96.746,102.1385294117647,101.68754834010113,4.941548340101136,20,persistent,102Ah_35degC_1C_cell1,0,1
102Ah_35degC_1C_cell1,3,anchor_constant,95.84,102.1385294117647,102.1385294117647,6.29852941176469,20,persistent,102Ah_35degC_1C_cell1,0,1
102Ah_35degC_1C_cell1,3,age_ridge,95.84,102.1385294117647,95.55494529974735,-0.2850547002526582,20,persistent,102Ah_35degC_1C_cell1,0,1
102Ah_35degC_1C_cell1,3,fixed_window_ridge,95.84,102.1385294117647,105.389835743374,9.54983574337399,20,persistent,102Ah_35degC_1C_cell1,0,1
102Ah_35degC_1C_cell1,3,mask_ridge,95.84,102.1385294117647,102.5580156260629,6.718015626062893,20,persistent,102Ah_35degC_1C_cell1,0,1
102Ah_35degC_1C_cell1,3,within_cell_ratio_ridge,95.84,102.1385294117647,94.8497134528178,-0.9902865471822082,20,persistent,102Ah_35degC_1C_cell1,0,1
102Ah_35degC_1C_cell1,3,rbf_residual,95.84,102.1385294117647,100.90357375950813,5.063573759508131,20,persistent,102Ah_35degC_1C_cell1,0,1
102Ah_35degC_1C_cell1,4,anchor_constant,95.05,102.1385294117647,102.1385294117647,7.088529411764696,20,persistent,102Ah_35degC_1C_cell1,0,1
102Ah_35degC_1C_cell1,4,age_ridge,95.05,102.1385294117647,94.5074887103022,-0.5425112896977993,20,persistent,102Ah_35degC_1C_cell1,0,1
102Ah_35degC_1C_cell1,4,fixed_window_ridge,95.05,102.1385294117647,104.05200191645763,9.00200191645763,20,persistent,102Ah_35degC_1C_cell1,0,1
102Ah_35degC_1C_cell1,4,mask_ridge,95.05,102.1385294117647,101.0647300108733,6.014730010873308,20,persistent,102Ah_35degC_1C_cell1,0,1
102Ah_35degC_1C_cell1,4,within_cell_ratio_ridge,95.05,102.1385294117647,93.87064273175109,-1.179357268248907,20,persistent,102Ah_35degC_1C_cell1,0,1
102Ah_35degC_1C_cell1,4,rbf_residual,95.05,102.1385294117647,99.87667602345198,4.826676023451981,20,persistent,102Ah_35degC_1C_cell1,0,1
102Ah_35degC_1C_cell1,5,anchor_constant,94.325,102.1385294117647,102.1385294117647,7.813529411764691,20,persistent,102Ah_35degC_1C_cell1,0,1
102Ah_35degC_1C_cell1,5,age_ridge,94.325,102.1385294117647,93.54029232992599,-0.7847076700740132,20,persistent,102Ah_35degC_1C_cell1,0,1
102Ah_35degC_1C_cell1,5,fixed_window_ridge,94.325,102.1385294117647,102.56785134299257,8.242851342992566,20,persistent,102Ah_35degC_1C_cell1,0,1
102Ah_35degC_1C_cell1,5,mask_ridge,94.325,102.1385294117647,99.5495036876599,5.22450368765989,20,persistent,102Ah_35degC_1C_cell1,0,1
102Ah_35degC_1C_cell1,5,within_cell_ratio_ridge,94.325,102.1385294117647,92.97011466337945,-1.3548853366205549,20,persistent,102Ah_35degC_1C_cell1,0,1
102Ah_35degC_1C_cell1,5,rbf_residual,94.325,102.1385294117647,98.85371239864193,4.528712398641929,20,persistent,102Ah_35degC_1C_cell1,0,1
102Ah_35degC_1C_cell1,6,anchor_constant,93.595,102.1385294117647,102.1385294117647,8.543529411764695,20,persistent,102Ah_35degC_1C_cell1,0,1
102Ah_35degC_1C_cell1,6,age_ridge,93.595,102.1385294117647,92.60973830712885,-0.9852616928711484,20,persistent,102Ah_35degC_1C_cell1,0,1
102Ah_35degC_1C_cell1,6,fixed_window_ridge,93.595,102.1385294117647,101.23792795668345,7.642927956683451,20,persistent,102Ah_35degC_1C_cell1,0,1
102Ah_35degC_1C_cell1,6,mask_ridge,93.595,102.1385294117647,98.16815689666409,4.573156896664088,20,persistent,102Ah_35degC_1C_cell1,0,1
102Ah_35degC_1C_cell1,6,within_cell_ratio_ridge,93.595,102.1385294117647,92.10585056597867,-1.4891494340213285,20,persistent,102Ah_35degC_1C_cell1,0,1
102Ah_35degC_1C_cell1,6,rbf_residual,93.595,102.1385294117647,97.88038897723075,4.2853889772307525,20,persistent,102Ah_35degC_1C_cell1,0,1
102Ah_35degC_1C_cell1,7,anchor_constant,92.852,102.1385294117647,102.1385294117647,9.28652941176469,20,persistent,102Ah_35degC_1C_cell1,0,1
102Ah_35degC_1C_cell1,7,age_ridge,92.852,102.1385294117647,91.5930123442274,-1.2589876557726,20,persistent,102Ah_35degC_1C_cell1,0,1
102Ah_35degC_1C_cell1,7,fixed_window_ridge,92.852,102.1385294117647,99.97666671947212,7.124666719472117,20,persistent,102Ah_35degC_1C_cell1,0,1
102Ah_35degC_1C_cell1,7,mask_ridge,92.852,102.1385294117647,96.89370587477067,4.0417058747706704,20,persistent,102Ah_35degC_1C_cell1,0,1
102Ah_35degC_1C_cell1,7,within_cell_ratio_ridge,92.852,102.1385294117647,91.16051564010911,-1.691484359890893,20,persistent,102Ah_35degC_1C_cell1,0,1
102Ah_35degC_1C_cell1,7,rbf_residual,92.852,102.1385294117647,96.84873707459319,3.9967370745931845,20,persistent,102Ah_35degC_1C_cell1,0,1
102Ah_35degC_1C_cell1,8,anchor_constant,92.207,102.1385294117647,102.1385294117647,9.9315294117647,20,persistent,102Ah_35degC_1C_cell1,0,1
102Ah_35degC_1C_cell1,8,age_ridge,92.207,102.1385294117647,90.76710592151522,-1.4398940784847696,20,persistent,102Ah_35degC_1C_cell1,0,1
102Ah_35degC_1C_cell1,8,fixed_window_ridge,92.207,102.1385294117647,98.36028353527108,6.153283535271086,20,persistent,102Ah_35degC_1C_cell1,0,1
102Ah_35degC_1C_cell1,8,mask_ridge,92.207,102.1385294117647,95.40484381037204,3.1978438103720492,20,persistent,102Ah_35degC_1C_cell1,0,1
102Ah_35degC_1C_cell1,8,within_cell_ratio_ridge,92.207,102.1385294117647,90.39811243733755,-1.8088875626624485,20,persistent,102Ah_35degC_1C_cell1,0,1
102Ah_35degC_1C_cell1,8,rbf_residual,92.207,102.1385294117647,95.85238392052577,3.6453839205257736,20,persistent,102Ah_35degC_1C_cell1,0,1
102Ah_35degC_1C_cell1,9,anchor_constant,91.607,102.1385294117647,102.1385294117647,10.531529411764694,20,persistent,102Ah_35degC_1C_cell1,0,1
102Ah_35degC_1C_cell1,9,age_ridge,91.607,102.1385294117647,89.87996095983806,-1.7270390401619409,20,persistent,102Ah_35degC_1C_cell1,0,1
102Ah_35degC_1C_cell1,9,fixed_window_ridge,91.607,102.1385294117647,96.99026800793541,5.383268007935413,20,persistent,102Ah_35degC_1C_cell1,0,1
102Ah_35degC_1C_cell1,9,mask_ridge,91.607,102.1385294117647,94.11034193327158,2.503341933271585,20,persistent,102Ah_35degC_1C_cell1,0,1
102Ah_35degC_1C_cell1,9,within_cell_ratio_ridge,91.607,102.1385294117647,89.5780395682863,-2.028960431713699,20,persistent,102Ah_35degC_1C_cell1,0,1
102Ah_35degC_1C_cell1,9,rbf_residual,91.607,102.1385294117647,94.8576192542189,3.250619254218904,20,persistent,102Ah_35degC_1C_cell1,0,1
102Ah_35degC_1C_cell1,10,anchor_constant,90.941,102.1385294117647,102.1385294117647,11.197529411764691,20,persistent,102Ah_35degC_1C_cell1,0,1
102Ah_35degC_1C_cell1,10,age_ridge,90.941,102.1385294117647,89.10047520358242,-1.8405247964175828,20,persistent,102Ah_35degC_1C_cell1,0,1
102Ah_35degC_1C_cell1,10,fixed_window_ridge,90.941,102.1385294117647,95.49295814193152,4.551958141931522,20,persistent,102Ah_35degC_1C_cell1,0,1
102Ah_35degC_1C_cell1,10,mask_ridge,90.941,102.1385294117647,92.72023275980374,1.7792327598037332,20,persistent,102Ah_35degC_1C_cell1,0,1
102Ah_35degC_1C_cell1,10,within_cell_ratio_ridge,90.941,102.1385294117647,88.86096330997884,-2.08003669002116,20,persistent,102Ah_35degC_1C_cell1,0,1
102Ah_35degC_1C_cell1,10,rbf_residual,90.941,102.1385294117647,93.85066245658273,2.9096624565827227,20,persistent,102Ah_35degC_1C_cell1,0,1
102Ah_35degC_1C_cell1,11,anchor_constant,89.839,102.1385294117647,102.1385294117647,12.299529411764695,20,persistent,102Ah_35degC_1C_cell1,0,0
102Ah_35degC_1C_cell1,11,age_ridge,89.839,102.1385294117647,88.33275768877657,-1.5062423112234313,20,persistent,102Ah_35degC_1C_cell1,0,0
102Ah_35degC_1C_cell1,11,fixed_window_ridge,89.839,102.1385294117647,87.47575485169406,-2.3632451483059356,20,persistent,102Ah_35degC_1C_cell1,0,0
102Ah_35degC_1C_cell1,11,mask_ridge,89.839,102.1385294117647,87.6267318122884,-2.212268187711601,20,persistent,102Ah_35degC_1C_cell1,0,0
102Ah_35degC_1C_cell1,11,within_cell_ratio_ridge,89.839,102.1385294117647,88.15560903571391,-1.6833909642860903,20,persistent,102Ah_35degC_1C_cell1,0,0
102Ah_35degC_1C_cell1,11,rbf_residual,89.839,102.1385294117647,90.45132503566549,0.6123250356654921,20,persistent,102Ah_35degC_1C_cell1,0,0
102Ah_35degC_1C_cell1,12,anchor_constant,89.102,102.1385294117647,102.1385294117647,13.03652941176469,20,persistent,102Ah_35degC_1C_cell1,0,1
102Ah_35degC_1C_cell1,12,age_ridge,89.102,102.1385294117647,87.4168549520621,-1.6851450479379082,20,persistent,102Ah_35degC_1C_cell1,0,1
102Ah_35degC_1C_cell1,12,fixed_window_ridge,89.102,102.1385294117647,92.68376761032852,3.5817676103285123,20,persistent,102Ah_35degC_1C_cell1,0,1
102Ah_35degC_1C_cell1,12,mask_ridge,89.102,102.1385294117647,90.16529896089902,1.0632989608990187,20,persistent,102Ah_35degC_1C_cell1,0,1
102Ah_35degC_1C_cell1,12,within_cell_ratio_ridge,89.102,102.1385294117647,87.3101755273152,-1.7918244726848087,20,persistent,102Ah_35degC_1C_cell1,0,1
102Ah_35degC_1C_cell1,12,rbf_residual,89.102,102.1385294117647,91.77326953387917,2.671269533879169,20,persistent,102Ah_35degC_1C_cell1,0,1
102Ah_35degC_1C_cell1,13,anchor_constant,88.517,102.1385294117647,102.1385294117647,13.621529411764698,20,persistent,102Ah_35degC_1C_cell1,0,1
102Ah_35degC_1C_cell1,13,age_ridge,88.517,102.1385294117647,86.68249708659611,-1.834502913403881,20,persistent,102Ah_35degC_1C_cell1,0,1
102Ah_35degC_1C_cell1,13,fixed_window_ridge,88.517,102.1385294117647,90.94066990490546,2.4236699049054664,20,persistent,102Ah_35degC_1C_cell1,0,1
102Ah_35degC_1C_cell1,13,mask_ridge,88.517,102.1385294117647,88.66308544187984,0.14608544187984762,20,persistent,102Ah_35degC_1C_cell1,0,1
102Ah_35degC_1C_cell1,13,within_cell_ratio_ridge,88.517,102.1385294117647,86.6371116472409,-1.879888352759096,20,persistent,102Ah_35degC_1C_cell1,0,1
102Ah_35degC_1C_cell1,13,rbf_residual,88.517,102.1385294117647,90.7689743251752,2.2519743251751976,20,persistent,102Ah_35degC_1C_cell1,0,1
102Ah_35degC_1C_cell1,14,anchor_constant,87.874,102.1385294117647,102.1385294117647,14.264529411764698,20,persistent,102Ah_35degC_1C_cell1,0,1
102Ah_35degC_1C_cell1,14,age_ridge,87.874,102.1385294117647,85.95727593533314,-1.9167240646668517,20,persistent,102Ah_35degC_1C_cell1,0,1
102Ah_35degC_1C_cell1,14,fixed_window_ridge,87.874,102.1385294117647,89.40544116042172,1.5314411604217213,20,persistent,102Ah_35degC_1C_cell1,0,1
102Ah_35degC_1C_cell1,14,mask_ridge,87.874,102.1385294117647,87.28452121393067,-0.5894787860693214,20,persistent,102Ah_35degC_1C_cell1,0,1
102Ah_35degC_1C_cell1,14,within_cell_ratio_ridge,87.874,102.1385294117647,85.9729533121631,-1.901046687836896,20,persistent,102Ah_35degC_1C_cell1,0,1
102Ah_35degC_1C_cell1,14,rbf_residual,87.874,102.1385294117647,89.78516969734494,1.9111696973449455,20,persistent,102Ah_35degC_1C_cell1,0,1
102Ah_35degC_1C_cell1,15,anchor_constant,87.254,102.1385294117647,102.1385294117647,14.884529411764689,20,persistent,102Ah_35degC_1C_cell1,0,1
102Ah_35degC_1C_cell1,15,age_ridge,87.254,102.1385294117647,85.23663702521623,-2.0173629747837794,20,persistent,102Ah_35degC_1C_cell1,0,1
102Ah_35degC_1C_cell1,15,fixed_window_ridge,87.254,102.1385294117647,87.89184875855757,0.637848758557567,20,persistent,102Ah_35degC_1C_cell1,0,1
102Ah_35degC_1C_cell1,15,mask_ridge,87.254,102.1385294117647,85.92545851732984,-1.3285414826701611,20,persistent,102Ah_35degC_1C_cell1,0,1
102Ah_35degC_1C_cell1,15,within_cell_ratio_ridge,87.254,102.1385294117647,85.3133617128463,-1.9406382871537033,20,persistent,102Ah_35degC_1C_cell1,0,1
102Ah_35degC_1C_cell1,15,rbf_residual,87.254,102.1385294117647,88.97874412840362,1.7247441284036142,20,persistent,102Ah_35degC_1C_cell1,0,1
102Ah_35degC_1C_cell1,16,anchor_constant,86.669,102.1385294117647,102.1385294117647,15.469529411764697,20,persistent,102Ah_35degC_1C_cell1,0,1
102Ah_35degC_1C_cell1,16,age_ridge,86.669,102.1385294117647,84.48967948576828,-2.179320514231719,20,persistent,102Ah_35degC_1C_cell1,0,1
102Ah_35degC_1C_cell1,16,fixed_window_ridge,86.669,102.1385294117647,83.33495647249663,-3.3340435275033684,20,persistent,102Ah_35degC_1C_cell1,0,1
102Ah_35degC_1C_cell1,16,mask_ridge,86.669,102.1385294117647,82.8585437055483,-3.810456294451697,20,persistent,102Ah_35degC_1C_cell1,0,1
102Ah_35degC_1C_cell1,16,within_cell_ratio_ridge,86.669,102.1385294117647,84.62926050825857,-2.039739491741429,20,persistent,102Ah_35degC_1C_cell1,0,1
102Ah_35degC_1C_cell1,16,rbf_residual,86.669,102.1385294117647,86.20352347571618,-0.46547652428381525,20,persistent,102Ah_35degC_1C_cell1,0,1
102Ah_35degC_1C_cell1,17,anchor_constant,86.04,102.1385294117647,102.1385294117647,16.098529411764687,20,persistent,102Ah_35degC_1C_cell1,0,1
102Ah_35degC_1C_cell1,17,age_ridge,86.04,102.1385294117647,83.71802554941524,-2.3219744505847615,20,persistent,102Ah_35degC_1C_cell1,0,1
102Ah_35degC_1C_cell1,17,fixed_window_ridge,86.04,102.1385294117647,81.46722865490803,-4.572771345091979,20,persistent,102Ah_35degC_1C_cell1,0,1
102Ah_35degC_1C_cell1,17,mask_ridge,86.04,102.1385294117647,81.34582590420999,-4.694174095790018,20,persistent,102Ah_35degC_1C_cell1,0,1
102Ah_35degC_1C_cell1,17,within_cell_ratio_ridge,86.04,102.1385294117647,83.92222192802092,-2.117778071979089,20,persistent,102Ah_35degC_1C_cell1,0,1
102Ah_35degC_1C_cell1,17,rbf_residual,86.04,102.1385294117647,85.00855405115905,-1.031445948840954,20,persistent,102Ah_35degC_1C_cell1,0,1
102Ah_35degC_1C_cell1,18,anchor_constant,85.225,102.1385294117647,102.1385294117647,16.9135294117647,20,persistent,102Ah_35degC_1C_cell1,0,1
102Ah_35degC_1C_cell1,18,age_ridge,85.225,102.1385294117647,82.94160211583109,-2.283397884168906,20,persistent,102Ah_35degC_1C_cell1,0,1
102Ah_35degC_1C_cell1,18,fixed_window_ridge,85.225,102.1385294117647,80.57650436290899,-4.648495637091003,20,persistent,102Ah_35degC_1C_cell1,0,1
102Ah_35degC_1C_cell1,18,mask_ridge,85.225,102.1385294117647,80.41091697241899,-4.814083027581006,20,persistent,102Ah_35degC_1C_cell1,0,1
102Ah_35degC_1C_cell1,18,within_cell_ratio_ridge,85.225,102.1385294117647,83.2108211857778,-2.0141788142221912,20,persistent,102Ah_35degC_1C_cell1,0,1
102Ah_35degC_1C_cell1,18,rbf_residual,85.225,102.1385294117647,84.1820311340827,-1.0429688659172882,20,persistent,102Ah_35degC_1C_cell1,0,1
102Ah_35degC_1C_cell1,19,anchor_constant,84.635,102.1385294117647,102.1385294117647,17.50352941176469,20,persistent,102Ah_35degC_1C_cell1,0,1
102Ah_35degC_1C_cell1,19,age_ridge,84.635,102.1385294117647,82.2484314756327,-2.3865685243673056,20,persistent,102Ah_35degC_1C_cell1,0,1
102Ah_35degC_1C_cell1,19,fixed_window_ridge,84.635,102.1385294117647,79.28473344241542,-5.35026655758459,20,persistent,102Ah_35degC_1C_cell1,0,1
102Ah_35degC_1C_cell1,19,mask_ridge,84.635,102.1385294117647,79.20029245071746,-5.43470754928255,20,persistent,102Ah_35degC_1C_cell1,0,1
102Ah_35degC_1C_cell1,19,within_cell_ratio_ridge,84.635,102.1385294117647,82.57787041969115,-2.057129580308853,20,persistent,102Ah_35degC_1C_cell1,0,1
102Ah_35degC_1C_cell1,19,rbf_residual,84.635,102.1385294117647,83.29851652565605,-1.3364834743439502,20,persistent,102Ah_35degC_1C_cell1,0,1
102Ah_35degC_1C_cell1,20,anchor_constant,84.066,102.1385294117647,102.1385294117647,18.07252941176469,20,persistent,102Ah_35degC_1C_cell1,0,1
102Ah_35degC_1C_cell1,20,age_ridge,84.066,102.1385294117647,81.56050098566539,-2.5054990143346174,20,persistent,102Ah_35degC_1C_cell1,0,1
102Ah_35degC_1C_cell1,20,fixed_window_ridge,84.066,102.1385294117647,77.63460091018601,-6.431399089813993,20,persistent,102Ah_35degC_1C_cell1,0,1
102Ah_35degC_1C_cell1,20,mask_ridge,84.066,102.1385294117647,77.77462990976835,-6.291370090231652,20,persistent,102Ah_35degC_1C_cell1,0,1
102Ah_35degC_1C_cell1,20,within_cell_ratio_ridge,84.066,102.1385294117647,81.9502441347881,-2.1157558652119093,20,persistent,102Ah_35degC_1C_cell1,0,1
102Ah_35degC_1C_cell1,20,rbf_residual,84.066,102.1385294117647,82.25592778617708,-1.8100722138229202,20,persistent,102Ah_35degC_1C_cell1,0,1
102Ah_35degC_1C_cell1,21,anchor_constant,83.481,102.1385294117647,102.1385294117647,18.6575294117647,20,persistent,102Ah_35degC_1C_cell1,0,1
102Ah_35degC_1C_cell1,21,age_ridge,83.481,102.1385294117647,80.8656633642242,-2.6153366357757903,20,persistent,102Ah_35degC_1C_cell1,0,1
102Ah_35degC_1C_cell1,21,fixed_window_ridge,83.481,102.1385294117647,76.13050237356369,-7.350497626436308,20,persistent,102Ah_35degC_1C_cell1,0,1
102Ah_35degC_1C_cell1,21,mask_ridge,83.481,102.1385294117647,76.44408120433698,-7.036918795663013,20,persistent,102Ah_35degC_1C_cell1,0,1
102Ah_35degC_1C_cell1,21,within_cell_ratio_ridge,83.481,102.1385294117647,81.31624546410418,-2.16475453589581,20,persistent,102Ah_35degC_1C_cell1,0,1
102Ah_35degC_1C_cell1,21,rbf_residual,83.481,102.1385294117647,81.2516013213691,-2.2293986786309006,20,persistent,102Ah_35degC_1C_cell1,0,1
102Ah_35degC_1C_cell1,22,anchor_constant,82.816,102.1385294117647,102.1385294117647,19.32252941176469,20,persistent,102Ah_35degC_1C_cell1,0,1
102Ah_35degC_1C_cell1,22,age_ridge,82.816,102.1385294117647,80.1897180022778,-2.6262819977222023,20,persistent,102Ah_35degC_1C_cell1,0,1
102Ah_35degC_1C_cell1,22,fixed_window_ridge,82.816,102.1385294117647,74.64513488256478,-8.170865117435227,20,persistent,102Ah_35degC_1C_cell1,0,1
102Ah_35degC_1C_cell1,22,mask_ridge,82.816,102.1385294117647,75.11918684691332,-7.69681315308668,20,persistent,102Ah_35degC_1C_cell1,0,1
102Ah_35degC_1C_cell1,22,within_cell_ratio_ridge,82.816,102.1385294117647,80.7000324497316,-2.115967550268408,20,persistent,102Ah_35degC_1C_cell1,0,1
102Ah_35degC_1C_cell1,22,rbf_residual,82.816,102.1385294117647,80.2372541419201,-2.5787458580798983,20,persistent,102Ah_35degC_1C_cell1,0,1
102Ah_35degC_1C_cell1,23,anchor_constant,82.089,102.1385294117647,102.1385294117647,20.049529411764695,20,persistent,102Ah_35degC_1C_cell1,0,1
102Ah_35degC_1C_cell1,23,age_ridge,82.089,102.1385294117647,79.48995698569735,-2.5990430143026515,20,persistent,102Ah_35degC_1C_cell1,0,1
102Ah_35degC_1C_cell1,23,fixed_window_ridge,82.089,102.1385294117647,73.11945377736554,-8.969546222634463,20,persistent,102Ah_35degC_1C_cell1,0,1
102Ah_35degC_1C_cell1,23,mask_ridge,82.089,102.1385294117647,73.8054200482724,-8.283579951727603,20,persistent,102Ah_35degC_1C_cell1,0,1
102Ah_35degC_1C_cell1,23,within_cell_ratio_ridge,82.089,102.1385294117647,80.06141413486526,-2.027585865134739,20,persistent,102Ah_35degC_1C_cell1,0,1
102Ah_35degC_1C_cell1,23,rbf_residual,82.089,102.1385294117647,79.17416162644287,-2.9148383735571315,20,persistent,102Ah_35degC_1C_cell1,0,1
102Ah_35degC_1C_cell1,24,anchor_constant,81.26,102.1385294117647,102.1385294117647,20.87852941176469,20,persistent,102Ah_35degC_1C_cell1,0,1
102Ah_35degC_1C_cell1,24,age_ridge,81.26,102.1385294117647,78.90198697396463,-2.3580130260353798,20,persistent,102Ah_35degC_1C_cell1,0,1
102Ah_35degC_1C_cell1,24,fixed_window_ridge,81.26,102.1385294117647,72.64036728171223,-8.619632718287775,20,persistent,102Ah_35degC_1C_cell1,0,1
102Ah_35degC_1C_cell1,24,mask_ridge,81.26,102.1385294117647,73.59382925103509,-7.666170748964916,20,persistent,102Ah_35degC_1C_cell1,0,1
102Ah_35degC_1C_cell1,24,within_cell_ratio_ridge,81.26,102.1385294117647,79.54133078870488,-1.718669211295122,20,persistent,102Ah_35degC_1C_cell1,0,1
102Ah_35degC_1C_cell1,24,rbf_residual,81.26,102.1385294117647,78.45760176083476,-2.8023982391652424,20,persistent,102Ah_35degC_1C_cell1,0,1
102Ah_35degC_1C_cell1,25,anchor_constant,80.436,102.1385294117647,102.1385294117647,21.702529411764687,20,persistent,102Ah_35degC_1C_cell1,0,1
102Ah_35degC_1C_cell1,25,age_ridge,80.436,102.1385294117647,78.65245415186965,-1.783545848130359,20,persistent,102Ah_35degC_1C_cell1,0,1
102Ah_35degC_1C_cell1,25,fixed_window_ridge,80.436,102.1385294117647,73.37872992881431,-7.057270071185698,20,persistent,102Ah_35degC_1C_cell1,0,1
102Ah_35degC_1C_cell1,25,mask_ridge,80.436,102.1385294117647,74.56445410260429,-5.87154589739572,20,persistent,102Ah_35degC_1C_cell1,0,1
102Ah_35degC_1C_cell1,25,within_cell_ratio_ridge,80.436,102.1385294117647,79.364192374861,-1.0718076251390016,20,persistent,102Ah_35degC_1C_cell1,0,1
102Ah_35degC_1C_cell1,25,rbf_residual,80.436,102.1385294117647,78.79551586359042,-1.640484136409583,20,persistent,102Ah_35degC_1C_cell1,0,1
102Ah_35degC_1C_cell1,26,anchor_constant,79.583,102.1385294117647,102.1385294117647,22.555529411764695,20,persistent,102Ah_35degC_1C_cell1,0,1
102Ah_35degC_1C_cell1,26,age_ridge,79.583,102.1385294117647,78.44306878003597,-1.1399312199640264,20,persistent,102Ah_35degC_1C_cell1,0,1
102Ah_35degC_1C_cell1,26,fixed_window_ridge,79.583,102.1385294117647,74.00504459005327,-5.577955409946725,20,persistent,102Ah_35degC_1C_cell1,0,1
102Ah_35degC_1C_cell1,26,mask_ridge,79.583,102.1385294117647,75.3895975634191,-4.193402436580897,20,persistent,102Ah_35degC_1C_cell1,0,1
102Ah_35degC_1C_cell1,26,within_cell_ratio_ridge,79.583,102.1385294117647,79.21617247638312,-0.36682752361687676,20,persistent,102Ah_35degC_1C_cell1,0,1
102Ah_35degC_1C_cell1,26,rbf_residual,79.583,102.1385294117647,79.06225064609646,-0.5207493539035397,20,persistent,102Ah_35degC_1C_cell1,0,1
102Ah_35degC_1C_cell1,27,anchor_constant,78.65,102.1385294117647,102.1385294117647,23.488529411764688,20,persistent,102Ah_35degC_1C_cell1,0,1
102Ah_35degC_1C_cell1,27,age_ridge,78.65,102.1385294117647,78.23670154963764,-0.4132984503623618,20,persistent,102Ah_35degC_1C_cell1,0,1
102Ah_35degC_1C_cell1,27,fixed_window_ridge,78.65,102.1385294117647,74.62813142680926,-4.021868573190744,20,persistent,102Ah_35degC_1C_cell1,0,1
102Ah_35degC_1C_cell1,27,mask_ridge,78.65,102.1385294117647,76.21203000120686,-2.4379699987931502,20,persistent,102Ah_35degC_1C_cell1,0,1
102Ah_35degC_1C_cell1,27,within_cell_ratio_ridge,78.65,102.1385294117647,79.07081794780858,0.4208179478085725,20,persistent,102Ah_35degC_1C_cell1,0,1
102Ah_35degC_1C_cell1,27,rbf_residual,78.65,102.1385294117647,79.30820964867858,0.6582096486785787,20,persistent,102Ah_35degC_1C_cell1,0,1
102Ah_35degC_1C_cell1,28,anchor_constant,77.59,102.1385294117647,102.1385294117647,24.54852941176469,20,persistent,102Ah_35degC_1C_cell1,0,1
102Ah_35degC_1C_cell1,28,age_ridge,77.59,102.1385294117647,77.71490797733468,0.12490797733467218,20,persistent,102Ah_35degC_1C_cell1,0,1
102Ah_35degC_1C_cell1,28,fixed_window_ridge,77.59,102.1385294117647,72.01170043996223,-5.578299560037777,20,persistent,102Ah_35degC_1C_cell1,0,1
102Ah_35degC_1C_cell1,28,mask_ridge,77.59,102.1385294117647,73.80928557665254,-3.7807144233474617,20,persistent,102Ah_35degC_1C_cell1,0,1
102Ah_35degC_1C_cell1,28,within_cell_ratio_ridge,77.59,102.1385294117647,78.41304205297054,0.8230420529705356,20,persistent,102Ah_35degC_1C_cell1,0,1
102Ah_35degC_1C_cell1,28,rbf_residual,77.59,102.1385294117647,77.30154756104392,-0.2884524389560852,20,persistent,102Ah_35degC_1C_cell1,0,1
102Ah_35degC_1C_cell1,29,anchor_constant,76.374,102.1385294117647,102.1385294117647,25.7645294117647,20,persistent,102Ah_35degC_1C_cell1,0,1
102Ah_35degC_1C_cell1,29,age_ridge,76.374,102.1385294117647,77.04917404314162,0.6751740431416238,20,persistent,102Ah_35degC_1C_cell1,0,1
102Ah_35degC_1C_cell1,29,fixed_window_ridge,76.374,102.1385294117647,71.07201703458949,-5.301982965410502,20,persistent,102Ah_35degC_1C_cell1,0,1
102Ah_35degC_1C_cell1,29,mask_ridge,76.374,102.1385294117647,73.12540133906172,-3.2485986609382707,20,persistent,102Ah_35degC_1C_cell1,0,1
102Ah_35degC_1C_cell1,29,within_cell_ratio_ridge,76.374,102.1385294117647,77.81405130004802,1.440051300048026,20,persistent,102Ah_35degC_1C_cell1,0,1
102Ah_35degC_1C_cell1,29,rbf_residual,76.374,102.1385294117647,76.63916294384079,0.2651629438407923,20,persistent,102Ah_35degC_1C_cell1,0,1
102Ah_35degC_1C_cell1,30,anchor_constant,75.089,102.1385294117647,102.1385294117647,27.049529411764695,20,persistent,102Ah_35degC_1C_cell1,0,1
102Ah_35degC_1C_cell1,30,age_ridge,75.089,102.1385294117647,76.84881808009848,1.7598180800984835,20,persistent,102Ah_35degC_1C_cell1,0,1
102Ah_35degC_1C_cell1,30,fixed_window_ridge,75.089,102.1385294117647,71.69473186366699,-3.394268136333011,20,persistent,102Ah_35degC_1C_cell1,0,1
102Ah_35degC_1C_cell1,30,mask_ridge,75.089,102.1385294117647,73.95202365819593,-1.136976341804072,20,persistent,102Ah_35degC_1C_cell1,0,1
102Ah_35degC_1C_cell1,30,within_cell_ratio_ridge,75.089,102.1385294117647,77.67456073498919,2.585560734989187,20,persistent,102Ah_35degC_1C_cell1,0,1
102Ah_35degC_1C_cell1,30,rbf_residual,75.089,102.1385294117647,76.91571862724834,1.82671862724834,20,persistent,102Ah_35degC_1C_cell1,0,1
102Ah_45degC_0p5C_cell3,1,anchor_constant,97.213,103.01980392156864,103.01980392156864,5.806803921568644,20,persistent,102Ah_45degC_0p5C_cell3,0,1
102Ah_45degC_0p5C_cell3,1,age_ridge,97.213,103.01980392156864,98.2001725129837,0.9871725129837046,20,persistent,102Ah_45degC_0p5C_cell3,0,1
102Ah_45degC_0p5C_cell3,1,fixed_window_ridge,97.213,103.01980392156864,98.2001725129837,0.9871725129837046,20,persistent,102Ah_45degC_0p5C_cell3,0,1
102Ah_45degC_0p5C_cell3,1,mask_ridge,97.213,103.01980392156864,98.41480731850494,1.2018073185049474,20,persistent,102Ah_45degC_0p5C_cell3,0,1
102Ah_45degC_0p5C_cell3,1,within_cell_ratio_ridge,97.213,103.01980392156864,94.80276676492115,-2.4102332350788487,20,persistent,102Ah_45degC_0p5C_cell3,0,1
102Ah_45degC_0p5C_cell3,1,rbf_residual,97.213,103.01980392156864,98.11866578673029,0.905665786730296,20,persistent,102Ah_45degC_0p5C_cell3,0,1
102Ah_45degC_0p5C_cell3,2,anchor_constant,96.093,103.01980392156864,103.01980392156864,6.926803921568634,20,persistent,102Ah_45degC_0p5C_cell3,0,1
102Ah_45degC_0p5C_cell3,2,age_ridge,96.093,103.01980392156864,96.8705764810809,0.7775764810808994,20,persistent,102Ah_45degC_0p5C_cell3,0,1
102Ah_45degC_0p5C_cell3,2,fixed_window_ridge,96.093,103.01980392156864,96.8705764810809,0.7775764810808994,20,persistent,102Ah_45degC_0p5C_cell3,0,1
102Ah_45degC_0p5C_cell3,2,mask_ridge,96.093,103.01980392156864,97.21346375878508,1.1204637587850783,20,persistent,102Ah_45degC_0p5C_cell3,0,1
102Ah_45degC_0p5C_cell3,2,within_cell_ratio_ridge,96.093,103.01980392156864,94.11632081920652,-1.9766791807934823,20,persistent,102Ah_45degC_0p5C_cell3,0,1
102Ah_45degC_0p5C_cell3,2,rbf_residual,96.093,103.01980392156864,96.91983702232557,0.826837022325563,20,persistent,102Ah_45degC_0p5C_cell3,0,1
102Ah_45degC_0p5C_cell3,3,anchor_constant,95.183,103.01980392156864,103.01980392156864,7.836803921568631,20,persistent,102Ah_45degC_0p5C_cell3,0,1
102Ah_45degC_0p5C_cell3,3,age_ridge,95.183,103.01980392156864,91.89617442349618,-3.28682557650383,20,persistent,102Ah_45degC_0p5C_cell3,0,1
102Ah_45degC_0p5C_cell3,3,fixed_window_ridge,95.183,103.01980392156864,91.89617442349618,-3.28682557650383,20,persistent,102Ah_45degC_0p5C_cell3,0,1
102Ah_45degC_0p5C_cell3,3,mask_ridge,95.183,103.01980392156864,95.38136639971854,0.19836639971853742,20,persistent,102Ah_45degC_0p5C_cell3,0,1
102Ah_45degC_0p5C_cell3,3,within_cell_ratio_ridge,95.183,103.01980392156864,91.10594453369853,-4.0770554663014735,20,persistent,102Ah_45degC_0p5C_cell3,0,1
102Ah_45degC_0p5C_cell3,3,rbf_residual,95.183,103.01980392156864,92.64210048477689,-2.540899515223117,20,persistent,102Ah_45degC_0p5C_cell3,0,1
102Ah_45degC_0p5C_cell3,4,anchor_constant,94.405,103.01980392156864,103.01980392156864,8.614803921568637,20,persistent,102Ah_45degC_0p5C_cell3,0,1
102Ah_45degC_0p5C_cell3,4,age_ridge,94.405,103.01980392156864,92.5101207601993,-1.8948792398007015,20,persistent,102Ah_45degC_0p5C_cell3,0,1
102Ah_45degC_0p5C_cell3,4,fixed_window_ridge,94.405,103.01980392156864,92.51012076019931,-1.8948792398006873,20,persistent,102Ah_45degC_0p5C_cell3,0,1
102Ah_45degC_0p5C_cell3,4,mask_ridge,94.405,103.01980392156864,94.02853633919264,-0.37646366080736016,20,persistent,102Ah_45degC_0p5C_cell3,0,1
102Ah_45degC_0p5C_cell3,4,within_cell_ratio_ridge,94.405,103.01980392156864,89.11629567275985,-5.288704327240154,20,persistent,102Ah_45degC_0p5C_cell3,0,1
102Ah_45degC_0p5C_cell3,4,rbf_residual,94.405,103.01980392156864,91.19155430163218,-3.2134456983678206,20,persistent,102Ah_45degC_0p5C_cell3,0,1
102Ah_45degC_0p5C_cell3,5,anchor_constant,93.579,103.01980392156864,103.01980392156864,9.440803921568644,20,persistent,102Ah_45degC_0p5C_cell3,0,1
102Ah_45degC_0p5C_cell3,5,age_ridge,93.579,103.01980392156864,92.62027772727333,-0.9587222727266607,20,persistent,102Ah_45degC_0p5C_cell3,0,1
102Ah_45degC_0p5C_cell3,5,fixed_window_ridge,93.579,103.01980392156864,92.62027772727333,-0.9587222727266607,20,persistent,102Ah_45degC_0p5C_cell3,0,1
102Ah_45degC_0p5C_cell3,5,mask_ridge,93.579,103.01980392156864,93.07803907036538,-0.5009609296346156,20,persistent,102Ah_45degC_0p5C_cell3,0,1
102Ah_45degC_0p5C_cell3,5,within_cell_ratio_ridge,93.579,103.01980392156864,88.4135775184929,-5.165422481507093,20,persistent,102Ah_45degC_0p5C_cell3,0,1
102Ah_45degC_0p5C_cell3,5,rbf_residual,93.579,103.01980392156864,90.43048441085742,-3.1485155891425762,20,persistent,102Ah_45degC_0p5C_cell3,0,1
102Ah_45degC_0p5C_cell3,6,anchor_constant,92.867,103.01980392156864,103.01980392156864,10.152803921568633,20,persistent,102Ah_45degC_0p5C_cell3,0,1
102Ah_45degC_0p5C_cell3,6,age_ridge,92.867,103.01980392156864,92.95296803412808,0.08596803412807219,20,persistent,102Ah_45degC_0p5C_cell3,0,1
102Ah_45degC_0p5C_cell3,6,fixed_window_ridge,92.867,103.01980392156864,92.95296803412809,0.0859680341280864,20,persistent,102Ah_45degC_0p5C_cell3,0,1
102Ah_45degC_0p5C_cell3,6,mask_ridge,92.867,103.01980392156864,93.41660375647933,0.5496037564793284,20,persistent,102Ah_45degC_0p5C_cell3,0,1
102Ah_45degC_0p5C_cell3,6,within_cell_ratio_ridge,92.867,103.01980392156864,88.77593678600877,-4.091063213991234,20,persistent,102Ah_45degC_0p5C_cell3,0,1
102Ah_45degC_0p5C_cell3,6,rbf_residual,92.867,103.01980392156864,92.44040938071548,-0.426590619284525,20,persistent,102Ah_45degC_0p5C_cell3,0,1
102Ah_45degC_0p5C_cell3,7,anchor_constant,92.307,103.01980392156864,103.01980392156864,10.712803921568636,20,persistent,102Ah_45degC_0p5C_cell3,0,1
102Ah_45degC_0p5C_cell3,7,age_ridge,92.307,103.01980392156864,92.26625555590057,-0.04074444409943112,20,persistent,102Ah_45degC_0p5C_cell3,0,1
102Ah_45degC_0p5C_cell3,7,fixed_window_ridge,92.307,103.01980392156864,92.26625555590059,-0.04074444409941691,20,persistent,102Ah_45degC_0p5C_cell3,0,1
102Ah_45degC_0p5C_cell3,7,mask_ridge,92.307,103.01980392156864,92.19464845403974,-0.11235154596026575,20,persistent,102Ah_45degC_0p5C_cell3,0,1
102Ah_45degC_0p5C_cell3,7,within_cell_ratio_ridge,92.307,103.01980392156864,87.40887546115911,-4.898124538840889,20,persistent,102Ah_45degC_0p5C_cell3,0,1
102Ah_45degC_0p5C_cell3,7,rbf_residual,92.307,103.01980392156864,91.38327057002145,-0.9237294299785503,20,persistent,102Ah_45degC_0p5C_cell3,0,1
102Ah_45degC_0p5C_cell3,8,anchor_constant,91.334,103.01980392156864,103.01980392156864,11.685803921568635,20,persistent,102Ah_45degC_0p5C_cell3,0,1
102Ah_45degC_0p5C_cell3,8,age_ridge,91.334,103.01980392156864,91.59586734819729,0.26186734819728485,20,persistent,102Ah_45degC_0p5C_cell3,0,1
102Ah_45degC_0p5C_cell3,8,fixed_window_ridge,91.334,103.01980392156864,91.5958673481973,0.26186734819729907,20,persistent,102Ah_45degC_0p5C_cell3,0,1
102Ah_45degC_0p5C_cell3,8,mask_ridge,91.334,103.01980392156864,91.16323748928055,-0.17076251071945592,20,persistent,102Ah_45degC_0p5C_cell3,0,1
102Ah_45degC_0p5C_cell3,8,within_cell_ratio_ridge,91.334,103.01980392156864,85.76535407821841,-5.568645921781595,20,persistent,102Ah_45degC_0p5C_cell3,0,1
102Ah_45degC_0p5C_cell3,8,rbf_residual,91.334,103.01980392156864,90.05900944578428,-1.2749905542157194,20,persistent,102Ah_45degC_0p5C_cell3,0,1
102Ah_45degC_0p5C_cell3,9,anchor_constant,90.546,103.01980392156864,103.01980392156864,12.473803921568631,20,persistent,102Ah_45degC_0p5C_cell3,0,1
102Ah_45degC_0p5C_cell3,9,age_ridge,90.546,103.01980392156864,90.86033676748715,0.31433676748714845,20,persistent,102Ah_45degC_0p5C_cell3,0,1
102Ah_45degC_0p5C_cell3,9,fixed_window_ridge,90.546,103.01980392156864,90.86033676748717,0.31433676748716266,20,persistent,102Ah_45degC_0p5C_cell3,0,1
102Ah_45degC_0p5C_cell3,9,mask_ridge,90.546,103.01980392156864,90.52926669165929,-0.016733308340718622,20,persistent,102Ah_45degC_0p5C_cell3,0,1
102Ah_45degC_0p5C_cell3,9,within_cell_ratio_ridge,90.546,103.01980392156864,85.88089290701859,-4.665107092981415,20,persistent,102Ah_45degC_0p5C_cell3,0,1
102Ah_45degC_0p5C_cell3,9,rbf_residual,90.546,103.01980392156864,89.30357571512414,-1.2424242848758666,20,persistent,102Ah_45degC_0p5C_cell3,0,1
102Ah_45degC_0p5C_cell3,10,anchor_constant,89.71,103.01980392156864,103.01980392156864,13.309803921568644,20,persistent,102Ah_45degC_0p5C_cell3,0,1
102Ah_45degC_0p5C_cell3,10,age_ridge,89.71,103.01980392156864,88.87522719475331,-0.8347728052466863,20,persistent,102Ah_45degC_0p5C_cell3,0,1
102Ah_45degC_0p5C_cell3,10,fixed_window_ridge,89.71,103.01980392156864,88.87522719475331,-0.8347728052466863,20,persistent,102Ah_45degC_0p5C_cell3,0,1
102Ah_45degC_0p5C_cell3,10,mask_ridge,89.71,103.01980392156864,89.4953261821591,-0.21467381784088957,20,persistent,102Ah_45degC_0p5C_cell3,0,1
102Ah_45degC_0p5C_cell3,10,within_cell_ratio_ridge,89.71,103.01980392156864,84.73815985704249,-4.971840142957504,20,persistent,102Ah_45degC_0p5C_cell3,0,1
102Ah_45degC_0p5C_cell3,10,rbf_residual,89.71,103.01980392156864,87.32593383638068,-2.384066163619309,20,persistent,102Ah_45degC_0p5C_cell3,0,1
102Ah_45degC_0p5C_cell3,11,anchor_constant,88.797,103.01980392156864,103.01980392156864,14.22280392156864,20,persistent,102Ah_45degC_0p5C_cell3,0,1
102Ah_45degC_0p5C_cell3,11,age_ridge,88.797,103.01980392156864,89.50947576404317,0.7124757640431767,20,persistent,102Ah_45degC_0p5C_cell3,0,1
102Ah_45degC_0p5C_cell3,11,fixed_window_ridge,88.797,103.01980392156864,89.50947576404317,0.7124757640431767,20,persistent,102Ah_45degC_0p5C_cell3,0,1
102Ah_45degC_0p5C_cell3,11,mask_ridge,88.797,103.01980392156864,89.01337210245563,0.21637210245563665,20,persistent,102Ah_45degC_0p5C_cell3,0,1
102Ah_45degC_0p5C_cell3,11,within_cell_ratio_ridge,88.797,103.01980392156864,83.95058423328874,-4.84641576671126,20,persistent,102Ah_45degC_0p5C_cell3,0,1
102Ah_45degC_0p5C_cell3,11,rbf_residual,88.797,103.01980392156864,87.18735262882092,-1.6096473711790793,20,persistent,102Ah_45degC_0p5C_cell3,0,1
102Ah_45degC_0p5C_cell3,12,anchor_constant,88.025,103.01980392156864,103.01980392156864,14.994803921568632,20,persistent,102Ah_45degC_0p5C_cell3,0,1
102Ah_45degC_0p5C_cell3,12,age_ridge,88.025,103.01980392156864,88.79408904704005,0.7690890470400404,20,persistent,102Ah_45degC_0p5C_cell3,0,1
102Ah_45degC_0p5C_cell3,12,fixed_window_ridge,88.025,103.01980392156864,88.79408904704006,0.7690890470400547,20,persistent,102Ah_45degC_0p5C_cell3,0,1
102Ah_45degC_0p5C_cell3,12,mask_ridge,88.025,103.01980392156864,88.407988288108,0.38298828810799534,20,persistent,102Ah_45degC_0p5C_cell3,0,1
102Ah_45degC_0p5C_cell3,12,within_cell_ratio_ridge,88.025,103.01980392156864,83.44435359165121,-4.580646408348798,20,persistent,102Ah_45degC_0p5C_cell3,0,1
102Ah_45degC_0p5C_cell3,12,rbf_residual,88.025,103.01980392156864,86.3914528656899,-1.6335471343101062,20,persistent,102Ah_45degC_0p5C_cell3,0,1
102Ah_45degC_0p5C_cell3,13,anchor_constant,87.256,103.01980392156864,103.01980392156864,15.763803921568638,20,persistent,102Ah_45degC_0p5C_cell3,0,1
102Ah_45degC_0p5C_cell3,13,age_ridge,87.256,103.01980392156864,88.08178552175687,0.8257855217568704,20,persistent,102Ah_45degC_0p5C_cell3,0,1
102Ah_45degC_0p5C_cell3,13,fixed_window_ridge,87.256,103.01980392156864,88.08178552175687,0.8257855217568704,20,persistent,102Ah_45degC_0p5C_cell3,0,1
102Ah_45degC_0p5C_cell3,13,mask_ridge,87.256,103.01980392156864,87.80498327790377,0.5489832779037727,20,persistent,102Ah_45degC_0p5C_cell3,0,1
102Ah_45degC_0p5C_cell3,13,within_cell_ratio_ridge,87.256,103.01980392156864,82.42803069179182,-4.827969308208182,20,persistent,102Ah_45degC_0p5C_cell3,0,1
102Ah_45degC_0p5C_cell3,13,rbf_residual,87.256,103.01980392156864,85.74901190292343,-1.5069880970765723,20,persistent,102Ah_45degC_0p5C_cell3,0,1
102Ah_45degC_0p5C_cell3,14,anchor_constant,86.448,103.01980392156864,103.01980392156864,16.571803921568645,20,persistent,102Ah_45degC_0p5C_cell3,0,1
102Ah_45degC_0p5C_cell3,14,age_ridge,86.448,103.01980392156864,87.38541469044159,0.9374146904415994,20,persistent,102Ah_45degC_0p5C_cell3,0,1
102Ah_45degC_0p5C_cell3,14,fixed_window_ridge,86.448,103.01980392156864,87.3854146904416,0.9374146904416136,20,persistent,102Ah_45degC_0p5C_cell3,0,1
102Ah_45degC_0p5C_cell3,14,mask_ridge,86.448,103.01980392156864,87.23688935120676,0.7888893512067625,20,persistent,102Ah_45degC_0p5C_cell3,0,1
102Ah_45degC_0p5C_cell3,14,within_cell_ratio_ridge,86.448,103.01980392156864,81.98884242834427,-4.459157571655723,20,persistent,102Ah_45degC_0p5C_cell3,0,1
102Ah_45degC_0p5C_cell3,14,rbf_residual,86.448,103.01980392156864,84.88615316723332,-1.5618468327666761,20,persistent,102Ah_45degC_0p5C_cell3,0,1
102Ah_45degC_0p5C_cell3,15,anchor_constant,85.454,103.01980392156864,103.01980392156864,17.565803921568644,20,persistent,102Ah_45degC_0p5C_cell3,0,1
102Ah_45degC_0p5C_cell3,15,age_ridge,85.454,103.01980392156864,86.69196132404063,1.23796132404064,20,persistent,102Ah_45degC_0p5C_cell3,0,1
102Ah_45degC_0p5C_cell3,15,fixed_window_ridge,85.454,103.01980392156864,86.69196132404065,1.2379613240406542,20,persistent,102Ah_45degC_0p5C_cell3,0,1
102Ah_45degC_0p5C_cell3,15,mask_ridge,85.454,103.01980392156864,86.63593116825263,1.181931168252632,20,persistent,102Ah_45degC_0p5C_cell3,0,1
102Ah_45degC_0p5C_cell3,15,within_cell_ratio_ridge,85.454,103.01980392156864,80.70802671558795,-4.745973284412045,20,persistent,102Ah_45degC_0p5C_cell3,0,1
102Ah_45degC_0p5C_cell3,15,rbf_residual,85.454,103.01980392156864,84.18354314154756,-1.2704568584524338,20,persistent,102Ah_45degC_0p5C_cell3,0,1
102Ah_45degC_0p5C_cell3,16,anchor_constant,84.767,103.01980392156864,103.01980392156864,18.252803921568642,20,persistent,102Ah_45degC_0p5C_cell3,0,1
102Ah_45degC_0p5C_cell3,16,age_ridge,84.767,103.01980392156864,86.06855182506771,1.301551825067719,20,persistent,102Ah_45degC_0p5C_cell3,0,1
102Ah_45degC_0p5C_cell3,16,fixed_window_ridge,84.767,103.01980392156864,86.06855182506771,1.301551825067719,20,persistent,102Ah_45degC_0p5C_cell3,0,1
102Ah_45degC_0p5C_cell3,16,mask_ridge,84.767,103.01980392156864,85.91829329953714,1.1512932995371443,20,persistent,102Ah_45degC_0p5C_cell3,0,1
102Ah_45degC_0p5C_cell3,16,within_cell_ratio_ridge,84.767,103.01980392156864,79.18236692562687,-5.58463307437313,20,persistent,102Ah_45degC_0p5C_cell3,0,1
102Ah_45degC_0p5C_cell3,16,rbf_residual,84.767,103.01980392156864,83.25030173071224,-1.5166982692877582,20,persistent,102Ah_45degC_0p5C_cell3,0,1
102Ah_45degC_0p5C_cell3,17,anchor_constant,83.861,103.01980392156864,103.01980392156864,19.158803921568634,20,persistent,102Ah_45degC_0p5C_cell3,0,1
102Ah_45degC_0p5C_cell3,17,age_ridge,83.861,103.01980392156864,85.4004911560635,1.539491156063491,20,persistent,102Ah_45degC_0p5C_cell3,0,1
102Ah_45degC_0p5C_cell3,17,fixed_window_ridge,83.861,103.01980392156864,85.4004911560635,1.539491156063491,20,persistent,102Ah_45degC_0p5C_cell3,0,1
102Ah_45degC_0p5C_cell3,17,mask_ridge,83.861,103.01980392156864,85.3122973784006,1.4512973784005965,20,persistent,102Ah_45degC_0p5C_cell3,0,1
102Ah_45degC_0p5C_cell3,17,within_cell_ratio_ridge,83.861,103.01980392156864,78.27762660279708,-5.583373397202919,20,persistent,102Ah_45degC_0p5C_cell3,0,1
102Ah_45degC_0p5C_cell3,17,rbf_residual,83.861,103.01980392156864,82.56019236740536,-1.3008076325946405,20,persistent,102Ah_45degC_0p5C_cell3,0,1
102Ah_45degC_0p5C_cell3,18,anchor_constant,82.921,103.01980392156864,103.01980392156864,20.09880392156863,20,persistent,102Ah_45degC_0p5C_cell3,1,1
102Ah_45degC_0p5C_cell3,18,age_ridge,82.921,103.01980392156864,84.70700238202039,1.786002382020385,20,persistent,102Ah_45degC_0p5C_cell3,1,1
102Ah_45degC_0p5C_cell3,18,fixed_window_ridge,82.921,103.01980392156864,84.7070023820204,1.7860023820203992,20,persistent,102Ah_45degC_0p5C_cell3,1,1
102Ah_45degC_0p5C_cell3,18,mask_ridge,82.921,103.01980392156864,84.76516576812256,1.8441657681225507,20,persistent,102Ah_45degC_0p5C_cell3,1,1
102Ah_45degC_0p5C_cell3,18,within_cell_ratio_ridge,82.921,103.01980392156864,77.64846331745824,-5.272536682541769,20,persistent,102Ah_45degC_0p5C_cell3,1,1
102Ah_45degC_0p5C_cell3,18,rbf_residual,82.921,103.01980392156864,81.47119026676913,-1.4498097332308788,20,persistent,102Ah_45degC_0p5C_cell3,1,1
102Ah_45degC_0p5C_cell3,19,anchor_constant,81.859,103.01980392156864,103.01980392156864,21.160803921568643,20,persistent,102Ah_45degC_0p5C_cell3,1,1
102Ah_45degC_0p5C_cell3,19,age_ridge,81.859,103.01980392156864,84.02274601401274,2.1637460140127445,20,persistent,102Ah_45degC_0p5C_cell3,1,1
102Ah_45degC_0p5C_cell3,19,fixed_window_ridge,81.859,103.01980392156864,84.02274601401274,2.1637460140127445,20,persistent,102Ah_45degC_0p5C_cell3,1,1
102Ah_45degC_0p5C_cell3,19,mask_ridge,81.859,103.01980392156864,84.22512573867681,2.366125738676814,20,persistent,102Ah_45degC_0p5C_cell3,1,1
102Ah_45degC_0p5C_cell3,19,within_cell_ratio_ridge,81.859,103.01980392156864,76.8821320053533,-4.976867994646696,20,persistent,102Ah_45degC_0p5C_cell3,1,1
102Ah_45degC_0p5C_cell3,19,rbf_residual,81.859,103.01980392156864,80.76726948727512,-1.0917305127248795,20,persistent,102Ah_45degC_0p5C_cell3,1,1
102Ah_45degC_0p5C_cell3,20,anchor_constant,80.568,103.01980392156864,103.01980392156864,22.45180392156864,20,persistent,102Ah_45degC_0p5C_cell3,1,1
102Ah_45degC_0p5C_cell3,20,age_ridge,80.568,103.01980392156864,83.422779804402,2.854779804402,20,persistent,102Ah_45degC_0p5C_cell3,1,1
102Ah_45degC_0p5C_cell3,20,fixed_window_ridge,80.568,103.01980392156864,83.42277980440201,2.854779804402014,20,persistent,102Ah_45degC_0p5C_cell3,1,1
102Ah_45degC_0p5C_cell3,20,mask_ridge,80.568,103.01980392156864,83.54461016296261,2.976610162962615,20,persistent,102Ah_45degC_0p5C_cell3,1,1
102Ah_45degC_0p5C_cell3,20,within_cell_ratio_ridge,80.568,103.01980392156864,75.90033209782315,-4.667667902176845,20,persistent,102Ah_45degC_0p5C_cell3,1,1
102Ah_45degC_0p5C_cell3,20,rbf_residual,80.568,103.01980392156864,79.9792781777069,-0.5887218222930954,20,persistent,102Ah_45degC_0p5C_cell3,1,1
102Ah_45degC_0p5C_cell3,21,anchor_constant,78.862,103.01980392156864,103.01980392156864,24.157803921568643,20,persistent,102Ah_45degC_0p5C_cell3,1,1
102Ah_45degC_0p5C_cell3,21,age_ridge,78.862,103.01980392156864,82.89155562982054,4.02955562982055,20,persistent,102Ah_45degC_0p5C_cell3,1,1
102Ah_45degC_0p5C_cell3,21,fixed_window_ridge,78.862,103.01980392156864,82.89155562982056,4.029555629820564,20,persistent,102Ah_45degC_0p5C_cell3,1,1
102Ah_45degC_0p5C_cell3,21,mask_ridge,78.862,103.01980392156864,82.77998860510378,3.917988605103787,20,persistent,102Ah_45degC_0p5C_cell3,1,1
102Ah_45degC_0p5C_cell3,21,within_cell_ratio_ridge,78.862,103.01980392156864,74.62631153547974,-4.235688464520251,20,persistent,102Ah_45degC_0p5C_cell3,1,1
102Ah_45degC_0p5C_cell3,21,rbf_residual,78.862,103.01980392156864,79.1790657174987,0.31706571749870704,20,persistent,102Ah_45degC_0p5C_cell3,1,1
102Ah_45degC_0p5C_cell3,22,anchor_constant,77.351,103.01980392156864,103.01980392156864,25.66880392156864,20,persistent,102Ah_45degC_0p5C_cell3,1,1
102Ah_45degC_0p5C_cell3,22,age_ridge,77.351,103.01980392156864,82.1942346090977,4.843234609097706,20,persistent,102Ah_45degC_0p5C_cell3,1,1
102Ah_45degC_0p5C_cell3,22,fixed_window_ridge,77.351,103.01980392156864,82.19423460909772,4.8432346090977205,20,persistent,102Ah_45degC_0p5C_cell3,1,1
102Ah_45degC_0p5C_cell3,22,mask_ridge,77.351,103.01980392156864,82.25536351700202,4.904363517002025,20,persistent,102Ah_45degC_0p5C_cell3,1,1
102Ah_45degC_0p5C_cell3,22,within_cell_ratio_ridge,77.351,103.01980392156864,74.00710227556668,-3.343897724433319,20,persistent,102Ah_45degC_0p5C_cell3,1,1
102Ah_45degC_0p5C_cell3,22,rbf_residual,77.351,103.01980392156864,78.48672624562279,1.1357262456227915,20,persistent,102Ah_45degC_0p5C_cell3,1,1
102Ah_45degC_0p5C_cell3,23,anchor_constant,75.585,103.01980392156864,103.01980392156864,27.434803921568644,20,persistent,102Ah_45degC_0p5C_cell3,1,1
102Ah_45degC_0p5C_cell3,23,age_ridge,75.585,103.01980392156864,81.56489304163394,5.979893041633943,20,persistent,102Ah_45degC_0p5C_cell3,1,1
102Ah_45degC_0p5C_cell3,23,fixed_window_ridge,75.585,103.01980392156864,81.56489304163395,5.979893041633957,20,persistent,102Ah_45degC_0p5C_cell3,1,1
102Ah_45degC_0p5C_cell3,23,mask_ridge,75.585,103.01980392156864,81.61166153903068,6.026661539030684,20,persistent,102Ah_45degC_0p5C_cell3,1,1
102Ah_45degC_0p5C_cell3,23,within_cell_ratio_ridge,75.585,103.01980392156864,73.14343642243125,-2.4415635775687434,20,persistent,102Ah_45degC_0p5C_cell3,1,1
102Ah_45degC_0p5C_cell3,23,rbf_residual,75.585,103.01980392156864,77.74361812533255,2.158618125332552,20,persistent,102Ah_45degC_0p5C_cell3,1,1
102Ah_45degC_0p5C_cell3,24,anchor_constant,73.377,103.01980392156864,103.01980392156864,29.642803921568643,20,persistent,102Ah_45degC_0p5C_cell3,1,1
102Ah_45degC_0p5C_cell3,24,age_ridge,73.377,103.01980392156864,81.17118498161524,7.7941849816152455,20,persistent,102Ah_45degC_0p5C_cell3,1,1
102Ah_45degC_0p5C_cell3,24,fixed_window_ridge,73.377,103.01980392156864,81.17118498161526,7.79418498161526,20,persistent,102Ah_45degC_0p5C_cell3,1,1
102Ah_45degC_0p5C_cell3,24,mask_ridge,73.377,103.01980392156864,80.9510352714868,7.574035271486807,20,persistent,102Ah_45degC_0p5C_cell3,1,1
102Ah_45degC_0p5C_cell3,24,within_cell_ratio_ridge,73.377,103.01980392156864,73.97006518613864,0.5930651861386451,20,persistent,102Ah_45degC_0p5C_cell3,1,1
102Ah_45degC_0p5C_cell3,24,rbf_residual,73.377,103.01980392156864,76.86101600798906,3.4840160079890694,20,persistent,102Ah_45degC_0p5C_cell3,1,1
102Ah_45degC_0p5C_cell3,25,anchor_constant,71.212,103.01980392156864,103.01980392156864,31.807803921568635,20,persistent,102Ah_45degC_0p5C_cell3,1,1
102Ah_45degC_0p5C_cell3,25,age_ridge,71.212,103.01980392156864,80.51491811322407,9.302918113224067,20,persistent,102Ah_45degC_0p5C_cell3,1,1
102Ah_45degC_0p5C_cell3,25,fixed_window_ridge,71.212,103.01980392156864,80.51491811322407,9.302918113224067,20,persistent,102Ah_45degC_0p5C_cell3,1,1
102Ah_45degC_0p5C_cell3,25,mask_ridge,71.212,103.01980392156864,80.31135908964808,9.099359089648075,20,persistent,102Ah_45degC_0p5C_cell3,1,1
102Ah_45degC_0p5C_cell3,25,within_cell_ratio_ridge,71.212,103.01980392156864,71.62921609328012,0.41721609328011766,20,persistent,102Ah_45degC_0p5C_cell3,1,1
102Ah_45degC_0p5C_cell3,25,rbf_residual,71.212,103.01980392156864,76.16602477176323,4.95402477176323,20,persistent,102Ah_45degC_0p5C_cell3,1,1
102Ah_45degC_0p5C_cell3,26,anchor_constant,68.96,103.01980392156864,103.01980392156864,34.059803921568644,20,persistent,102Ah_45degC_0p5C_cell3,1,1
102Ah_45degC_0p5C_cell3,26,age_ridge,68.96,103.01980392156864,79.81552995066508,10.855529950665087,20,persistent,102Ah_45degC_0p5C_cell3,1,1
102Ah_45degC_0p5C_cell3,26,fixed_window_ridge,68.96,103.01980392156864,79.81552995066508,10.855529950665087,20,persistent,102Ah_45degC_0p5C_cell3,1,1
102Ah_45degC_0p5C_cell3,26,mask_ridge,68.96,103.01980392156864,79.78750346761123,10.827503467611237,20,persistent,102Ah_45degC_0p5C_cell3,1,1
102Ah_45degC_0p5C_cell3,26,within_cell_ratio_ridge,68.96,103.01980392156864,71.14926054455044,2.18926054455045,20,persistent,102Ah_45degC_0p5C_cell3,1,1
102Ah_45degC_0p5C_cell3,26,rbf_residual,68.96,103.01980392156864,75.50135986340914,6.541359863409141,20,persistent,102Ah_45degC_0p5C_cell3,1,1
102Ah_45degC_0p5C_cell3,27,anchor_constant,66.665,103.01980392156864,103.01980392156864,36.35480392156863,20,persistent,102Ah_45degC_0p5C_cell3,1,1
102Ah_45degC_0p5C_cell3,27,age_ridge,66.665,103.01980392156864,79.10639659296946,12.441396592969454,20,persistent,102Ah_45degC_0p5C_cell3,1,1
102Ah_45degC_0p5C_cell3,27,fixed_window_ridge,66.665,103.01980392156864,79.10639659296946,12.441396592969454,20,persistent,102Ah_45degC_0p5C_cell3,1,1
102Ah_45degC_0p5C_cell3,27,mask_ridge,66.665,103.01980392156864,79.2899233702549,12.62492337025489,20,persistent,102Ah_45degC_0p5C_cell3,1,1
102Ah_45degC_0p5C_cell3,27,within_cell_ratio_ridge,66.665,103.01980392156864,70.156268161063,3.4912681610629903,20,persistent,102Ah_45degC_0p5C_cell3,1,1
102Ah_45degC_0p5C_cell3,27,rbf_residual,66.665,103.01980392156864,74.83679856126213,8.171798561262122,20,persistent,102Ah_45degC_0p5C_cell3,1,1
102Ah_45degC_0p5C_cell3,28,anchor_constant,64.205,103.01980392156864,103.01980392156864,38.81480392156864,20,persistent,102Ah_45degC_0p5C_cell3,1,1
102Ah_45degC_0p5C_cell3,28,age_ridge,64.205,103.01980392156864,78.59488520827149,14.389885208271494,20,persistent,102Ah_45degC_0p5C_cell3,1,1
102Ah_45degC_0p5C_cell3,28,fixed_window_ridge,64.205,103.01980392156864,78.5948852082715,14.389885208271508,20,persistent,102Ah_45degC_0p5C_cell3,1,1
102Ah_45degC_0p5C_cell3,28,mask_ridge,64.205,103.01980392156864,78.68830294337145,14.483302943371456,20,persistent,102Ah_45degC_0p5C_cell3,1,1
102Ah_45degC_0p5C_cell3,28,within_cell_ratio_ridge,64.205,103.01980392156864,69.83040065476119,5.625400654761194,20,persistent,102Ah_45degC_0p5C_cell3,1,1
102Ah_45degC_0p5C_cell3,28,rbf_residual,64.205,103.01980392156864,74.14389513992342,9.938895139923417,20,persistent,102Ah_45degC_0p5C_cell3,1,1
102Ah_45degC_0p5C_cell3,29,anchor_constant,63.18,103.01980392156864,103.01980392156864,39.83980392156864,20,persistent,102Ah_45degC_0p5C_cell3,1,1
102Ah_45degC_0p5C_cell3,29,age_ridge,63.18,103.01980392156864,79.00558242931035,15.825582429310352,20,persistent,102Ah_45degC_0p5C_cell3,1,1
102Ah_45degC_0p5C_cell3,29,fixed_window_ridge,63.18,103.01980392156864,79.00558242931037,15.825582429310366,20,persistent,102Ah_45degC_0p5C_cell3,1,1
102Ah_45degC_0p5C_cell3,29,mask_ridge,63.18,103.01980392156864,78.58229804189709,15.40229804189709,20,persistent,102Ah_45degC_0p5C_cell3,1,1
102Ah_45degC_0p5C_cell3,29,within_cell_ratio_ridge,63.18,103.01980392156864,69.84264135432974,6.662641354329743,20,persistent,102Ah_45degC_0p5C_cell3,1,1
102Ah_45degC_0p5C_cell3,29,rbf_residual,63.18,103.01980392156864,74.21510295813724,11.035102958137237,20,persistent,102Ah_45degC_0p5C_cell3,1,1
102Ah_45degC_0p5C_cell3,30,anchor_constant,61.901,103.01980392156864,103.01980392156864,41.118803921568635,20,persistent,102Ah_45degC_0p5C_cell3,1,1
102Ah_45degC_0p5C_cell3,30,age_ridge,61.901,103.01980392156864,78.62251868235126,16.721518682351252,20,persistent,102Ah_45degC_0p5C_cell3,1,1
102Ah_45degC_0p5C_cell3,30,fixed_window_ridge,61.901,103.01980392156864,78.62251868235127,16.721518682351267,20,persistent,102Ah_45degC_0p5C_cell3,1,1
102Ah_45degC_0p5C_cell3,30,mask_ridge,61.901,103.01980392156864,78.32004088841482,16.41904088841482,20,persistent,102Ah_45degC_0p5C_cell3,1,1
102Ah_45degC_0p5C_cell3,30,within_cell_ratio_ridge,61.901,103.01980392156864,69.14795562707916,7.246955627079153,20,persistent,102Ah_45degC_0p5C_cell3,1,1
102Ah_45degC_0p5C_cell3,30,rbf_residual,61.901,103.01980392156864,73.85237074346063,11.951370743460622,20,persistent,102Ah_45degC_0p5C_cell3,1,1
102Ah_45degC_1C_cell1,1,anchor_constant,98.462,102.61176470588235,102.61176470588235,4.1497647058823475,20,persistent,102Ah_45degC_1C_cell1,0,1
102Ah_45degC_1C_cell1,1,age_ridge,98.462,102.61176470588235,101.88822707442435,3.4262270744243466,20,persistent,102Ah_45degC_1C_cell1,0,1
102Ah_45degC_1C_cell1,1,fixed_window_ridge,98.462,102.61176470588235,102.03446001470309,3.5724600147030827,20,persistent,102Ah_45degC_1C_cell1,0,1
102Ah_45degC_1C_cell1,1,mask_ridge,98.462,102.61176470588235,104.87082170508492,6.408821705084918,20,persistent,102Ah_45degC_1C_cell1,0,1
102Ah_45degC_1C_cell1,1,within_cell_ratio_ridge,98.462,102.61176470588235,103.35743924136314,4.895439241363135,20,persistent,102Ah_45degC_1C_cell1,0,1
102Ah_45degC_1C_cell1,1,rbf_residual,98.462,102.61176470588235,101.53939842689273,3.077398426892728,20,persistent,102Ah_45degC_1C_cell1,0,1
102Ah_45degC_1C_cell1,2,anchor_constant,97.488,102.61176470588235,102.61176470588235,5.123764705882351,20,persistent,102Ah_45degC_1C_cell1,0,1
102Ah_45degC_1C_cell1,2,age_ridge,97.488,102.61176470588235,100.86925381007093,3.3812538100709304,20,persistent,102Ah_45degC_1C_cell1,0,1
102Ah_45degC_1C_cell1,2,fixed_window_ridge,97.488,102.61176470588235,100.80953361980401,3.321533619804015,20,persistent,102Ah_45degC_1C_cell1,0,1
102Ah_45degC_1C_cell1,2,mask_ridge,97.488,102.61176470588235,103.47069053172414,5.982690531724145,20,persistent,102Ah_45degC_1C_cell1,0,1
102Ah_45degC_1C_cell1,2,within_cell_ratio_ridge,97.488,102.61176470588235,102.99490577599192,5.506905775991925,20,persistent,102Ah_45degC_1C_cell1,0,1
102Ah_45degC_1C_cell1,2,rbf_residual,97.488,102.61176470588235,100.34290854061913,2.8549085406191352,20,persistent,102Ah_45degC_1C_cell1,0,1
102Ah_45degC_1C_cell1,3,anchor_constant,96.668,102.61176470588235,102.61176470588235,5.943764705882344,20,persistent,102Ah_45degC_1C_cell1,0,1
102Ah_45degC_1C_cell1,3,age_ridge,96.668,102.61176470588235,100.04947565163769,3.381475651637686,20,persistent,102Ah_45degC_1C_cell1,0,1
102Ah_45degC_1C_cell1,3,fixed_window_ridge,96.668,102.61176470588235,99.85878338919927,3.190783389199268,20,persistent,102Ah_45degC_1C_cell1,0,1
102Ah_45degC_1C_cell1,3,mask_ridge,96.668,102.61176470588235,102.35488367746196,5.68688367746195,20,persistent,102Ah_45degC_1C_cell1,0,1
102Ah_45degC_1C_cell1,3,within_cell_ratio_ridge,96.668,102.61176470588235,102.1355958811667,5.467595881166687,20,persistent,102Ah_45degC_1C_cell1,0,1
102Ah_45degC_1C_cell1,3,rbf_residual,96.668,102.61176470588235,99.49466258283577,2.826662582835766,20,persistent,102Ah_45degC_1C_cell1,0,1
102Ah_45degC_1C_cell1,4,anchor_constant,96.07,102.61176470588235,102.61176470588235,6.541764705882358,20,persistent,102Ah_45degC_1C_cell1,0,1
102Ah_45degC_1C_cell1,4,age_ridge,96.07,102.61176470588235,99.32732974207718,3.2573297420771894,20,persistent,102Ah_45degC_1C_cell1,0,1
102Ah_45degC_1C_cell1,4,fixed_window_ridge,96.07,102.61176470588235,99.04415131522353,2.974151315223537,20,persistent,102Ah_45degC_1C_cell1,0,1
102Ah_45degC_1C_cell1,4,mask_ridge,96.07,102.61176470588235,101.41662068996467,5.346620689964681,20,persistent,102Ah_45degC_1C_cell1,0,1
102Ah_45degC_1C_cell1,4,within_cell_ratio_ridge,96.07,102.61176470588235,101.37160410454862,5.30160410454863,20,persistent,102Ah_45degC_1C_cell1,0,1
102Ah_45degC_1C_cell1,4,rbf_residual,96.07,102.61176470588235,99.03331564450482,2.9633156445048314,20,persistent,102Ah_45degC_1C_cell1,0,1
102Ah_45degC_1C_cell1,5,anchor_constant,95.532,102.61176470588235,102.61176470588235,7.079764705882354,20,persistent,102Ah_45degC_1C_cell1,0,1
102Ah_45degC_1C_cell1,5,age_ridge,95.532,102.61176470588235,98.59348389214404,3.0614838921440395,20,persistent,102Ah_45degC_1C_cell1,0,1
102Ah_45degC_1C_cell1,5,fixed_window_ridge,95.532,102.61176470588235,98.23487854125855,2.7028785412585563,20,persistent,102Ah_45degC_1C_cell1,0,1
102Ah_45degC_1C_cell1,5,mask_ridge,95.532,102.61176470588235,100.51575996846069,4.983759968460689,20,persistent,102Ah_45degC_1C_cell1,0,1
102Ah_45degC_1C_cell1,5,within_cell_ratio_ridge,95.532,102.61176470588235,100.95689166369458,5.424891663694581,20,persistent,102Ah_45degC_1C_cell1,0,1
102Ah_45degC_1C_cell1,5,rbf_residual,95.532,102.61176470588235,98.64960483590056,3.117604835900565,20,persistent,102Ah_45degC_1C_cell1,0,1
102Ah_45degC_1C_cell1,6,anchor_constant,95.047,102.61176470588235,102.61176470588235,7.564764705882354,20,persistent,102Ah_45degC_1C_cell1,0,1
102Ah_45degC_1C_cell1,6,age_ridge,95.047,102.61176470588235,97.98505592897139,2.9380559289713943,20,persistent,102Ah_45degC_1C_cell1,0,1
102Ah_45degC_1C_cell1,6,fixed_window_ridge,95.047,102.61176470588235,97.57854737922803,2.53154737922803,20,persistent,102Ah_45degC_1C_cell1,0,1
102Ah_45degC_1C_cell1,6,mask_ridge,95.047,102.61176470588235,99.77300955410884,4.726009554108842,20,persistent,102Ah_45degC_1C_cell1,0,1
102Ah_45degC_1C_cell1,6,within_cell_ratio_ridge,95.047,102.61176470588235,100.19751795253548,5.1505179525354805,20,persistent,102Ah_45degC_1C_cell1,0,1
102Ah_45degC_1C_cell1,6,rbf_residual,95.047,102.61176470588235,97.41529501685339,2.368295016853395,20,persistent,102Ah_45degC_1C_cell1,0,1
102Ah_45degC_1C_cell1,7,anchor_constant,94.61,102.61176470588235,102.61176470588235,8.001764705882351,20,persistent,102Ah_45degC_1C_cell1,0,1
102Ah_45degC_1C_cell1,7,age_ridge,94.61,102.61176470588235,97.37280088467237,2.762800884672373,20,persistent,102Ah_45degC_1C_cell1,0,1
102Ah_45degC_1C_cell1,7,fixed_window_ridge,94.61,102.61176470588235,96.92902453707468,2.3190245370746823,20,persistent,102Ah_45degC_1C_cell1,0,1
102Ah_45degC_1C_cell1,7,mask_ridge,94.61,102.61176470588235,99.05307640852016,4.443076408520156,20,persistent,102Ah_45degC_1C_cell1,0,1
102Ah_45degC_1C_cell1,7,within_cell_ratio_ridge,94.61,102.61176470588235,99.60665198839095,4.996651988390951,20,persistent,102Ah_45degC_1C_cell1,0,1
102Ah_45degC_1C_cell1,7,rbf_residual,94.61,102.61176470588235,97.31112460440318,2.7011246044031765,20,persistent,102Ah_45degC_1C_cell1,0,1
102Ah_45degC_1C_cell1,8,anchor_constant,94.15,102.61176470588235,102.61176470588235,8.461764705882345,20,persistent,102Ah_45degC_1C_cell1,0,1
102Ah_45degC_1C_cell1,8,age_ridge,94.15,102.61176470588235,92.83159368985322,-1.3184063101467842,20,persistent,102Ah_45degC_1C_cell1,0,1
102Ah_45degC_1C_cell1,8,fixed_window_ridge,94.15,102.61176470588235,92.55020120923196,-1.5997987907680482,20,persistent,102Ah_45degC_1C_cell1,0,1
102Ah_45degC_1C_cell1,8,mask_ridge,94.15,102.61176470588235,96.22537092827291,2.0753709282729034,20,persistent,102Ah_45degC_1C_cell1,0,1
102Ah_45degC_1C_cell1,8,within_cell_ratio_ridge,94.15,102.61176470588235,91.79074790780888,-2.3592520921911273,20,persistent,102Ah_45degC_1C_cell1,0,1
102Ah_45degC_1C_cell1,8,rbf_residual,94.15,102.61176470588235,93.1184332174907,-1.0315667825093016,20,persistent,102Ah_45degC_1C_cell1,0,1
102Ah_45degC_1C_cell1,9,anchor_constant,93.732,102.61176470588235,102.61176470588235,8.879764705882351,20,persistent,102Ah_45degC_1C_cell1,0,1
102Ah_45degC_1C_cell1,9,age_ridge,93.732,102.61176470588235,96.26591529445972,2.5339152944597174,20,persistent,102Ah_45degC_1C_cell1,0,1
102Ah_45degC_1C_cell1,9,fixed_window_ridge,93.732,102.61176470588235,95.77709151364353,2.045091513643527,20,persistent,102Ah_45degC_1C_cell1,0,1
102Ah_45degC_1C_cell1,9,mask_ridge,93.732,102.61176470588235,97.79408269530971,4.062082695309712,20,persistent,102Ah_45degC_1C_cell1,0,1
102Ah_45degC_1C_cell1,9,within_cell_ratio_ridge,93.732,102.61176470588235,98.35507885688976,4.623078856889762,20,persistent,102Ah_45degC_1C_cell1,0,1
102Ah_45degC_1C_cell1,9,rbf_residual,93.732,102.61176470588235,96.09938208149022,2.36738208149022,20,persistent,102Ah_45degC_1C_cell1,0,1
102Ah_45degC_1C_cell1,10,anchor_constant,93.34,102.61176470588235,102.61176470588235,9.271764705882347,20,persistent,102Ah_45degC_1C_cell1,0,1
102Ah_45degC_1C_cell1,10,age_ridge,93.34,102.61176470588235,91.30909367805098,-2.0309063219490184,20,persistent,102Ah_45degC_1C_cell1,0,1
102Ah_45degC_1C_cell1,10,fixed_window_ridge,93.34,102.61176470588235,91.0459213598987,-2.2940786401013042,20,persistent,102Ah_45degC_1C_cell1,0,1
102Ah_45degC_1C_cell1,10,mask_ridge,93.34,102.61176470588235,94.37078033426323,1.030780334263227,20,persistent,102Ah_45degC_1C_cell1,0,1
102Ah_45degC_1C_cell1,10,within_cell_ratio_ridge,93.34,102.61176470588235,92.29054537317258,-1.0494546268274263,20,persistent,102Ah_45degC_1C_cell1,0,1
102Ah_45degC_1C_cell1,10,rbf_residual,93.34,102.61176470588235,92.07036475960298,-1.2696352403970224,20,persistent,102Ah_45degC_1C_cell1,0,1
102Ah_45degC_1C_cell1,11,anchor_constant,92.94,102.61176470588235,102.61176470588235,9.671764705882353,20,persistent,102Ah_45degC_1C_cell1,0,1
102Ah_45degC_1C_cell1,11,age_ridge,92.94,102.61176470588235,95.23037797396363,2.290377973963629,20,persistent,102Ah_45degC_1C_cell1,0,1
102Ah_45degC_1C_cell1,11,fixed_window_ridge,92.94,102.61176470588235,94.72108466097937,1.7810846609793742,20,persistent,102Ah_45degC_1C_cell1,0,1
102Ah_45degC_1C_cell1,11,mask_ridge,92.94,102.61176470588235,96.66278363772375,3.722783637723751,20,persistent,102Ah_45degC_1C_cell1,0,1
102Ah_45degC_1C_cell1,11,within_cell_ratio_ridge,92.94,102.61176470588235,97.21266276832759,4.272662768327592,20,persistent,102Ah_45degC_1C_cell1,0,1
102Ah_45degC_1C_cell1,11,rbf_residual,92.94,102.61176470588235,95.1263492703802,2.186349270380205,20,persistent,102Ah_45degC_1C_cell1,0,1
102Ah_45degC_1C_cell1,12,anchor_constant,92.564,102.61176470588235,102.61176470588235,10.047764705882358,20,persistent,102Ah_45degC_1C_cell1,0,1
102Ah_45degC_1C_cell1,12,age_ridge,92.564,102.61176470588235,90.30391845491046,-2.260081545089534,20,persistent,102Ah_45degC_1C_cell1,0,1
102Ah_45degC_1C_cell1,12,fixed_window_ridge,92.564,102.61176470588235,90.02859237597443,-2.5354076240255665,20,persistent,102Ah_45degC_1C_cell1,0,1
102Ah_45degC_1C_cell1,12,mask_ridge,92.564,102.61176470588235,93.27336756106693,0.7093675610669408,20,persistent,102Ah_45degC_1C_cell1,0,1
102Ah_45degC_1C_cell1,12,within_cell_ratio_ridge,92.564,102.61176470588235,91.03171328140614,-1.532286718593852,20,persistent,102Ah_45degC_1C_cell1,0,1
102Ah_45degC_1C_cell1,12,rbf_residual,92.564,102.61176470588235,91.09602410040449,-1.4679758995955012,20,persistent,102Ah_45degC_1C_cell1,0,1
102Ah_45degC_1C_cell1,13,anchor_constant,92.197,102.61176470588235,102.61176470588235,10.414764705882348,20,persistent,102Ah_45degC_1C_cell1,0,1
102Ah_45degC_1C_cell1,13,age_ridge,92.197,102.61176470588235,94.24785790171977,2.050857901719766,20,persistent,102Ah_45degC_1C_cell1,0,1
102Ah_45degC_1C_cell1,13,fixed_window_ridge,92.197,102.61176470588235,93.73381704379705,1.5368170437970434,20,persistent,102Ah_45degC_1C_cell1,0,1
102Ah_45degC_1C_cell1,13,mask_ridge,92.197,102.61176470588235,95.60877944051495,3.411779440514948,20,persistent,102Ah_45degC_1C_cell1,0,1
102Ah_45degC_1C_cell1,13,within_cell_ratio_ridge,92.197,102.61176470588235,95.98672382557073,3.789723825570732,20,persistent,102Ah_45degC_1C_cell1,0,1
102Ah_45degC_1C_cell1,13,rbf_residual,92.197,102.61176470588235,94.21502960708574,2.0180296070857366,20,persistent,102Ah_45degC_1C_cell1,0,1
102Ah_45degC_1C_cell1,14,anchor_constant,91.821,102.61176470588235,102.61176470588235,10.790764705882353,20,persistent,102Ah_45degC_1C_cell1,0,1
102Ah_45degC_1C_cell1,14,age_ridge,91.821,102.61176470588235,90.80517878401544,-1.015821215984559,20,persistent,102Ah_45degC_1C_cell1,0,1
102Ah_45degC_1C_cell1,14,fixed_window_ridge,91.821,102.61176470588235,90.41310899851435,-1.4078910014856518,20,persistent,102Ah_45degC_1C_cell1,0,1
102Ah_45degC_1C_cell1,14,mask_ridge,91.821,102.61176470588235,94.03960285474325,2.218602854743253,20,persistent,102Ah_45degC_1C_cell1,0,1
102Ah_45degC_1C_cell1,14,within_cell_ratio_ridge,91.821,102.61176470588235,90.15557441666145,-1.6654255833385463,20,persistent,102Ah_45degC_1C_cell1,0,1
102Ah_45degC_1C_cell1,14,rbf_residual,91.821,102.61176470588235,91.18583907371973,-0.635160926280264,20,persistent,102Ah_45degC_1C_cell1,0,1
102Ah_45degC_1C_cell1,15,anchor_constant,91.424,102.61176470588235,102.61176470588235,11.187764705882344,20,persistent,102Ah_45degC_1C_cell1,0,1
102Ah_45degC_1C_cell1,15,age_ridge,91.424,102.61176470588235,93.26579186732451,1.8417918673245026,20,persistent,102Ah_45degC_1C_cell1,0,1
102Ah_45degC_1C_cell1,15,fixed_window_ridge,91.424,102.61176470588235,92.76307901263085,1.3390790126308474,20,persistent,102Ah_45degC_1C_cell1,0,1
102Ah_45degC_1C_cell1,15,mask_ridge,91.424,102.61176470588235,94.58410107068862,3.1601010706886115,20,persistent,102Ah_45degC_1C_cell1,0,1
102Ah_45degC_1C_cell1,15,within_cell_ratio_ridge,91.424,102.61176470588235,94.88573866091919,3.461738660919181,20,persistent,102Ah_45degC_1C_cell1,0,1
102Ah_45degC_1C_cell1,15,rbf_residual,91.424,102.61176470588235,93.32789663743449,1.9038966374344852,20,persistent,102Ah_45degC_1C_cell1,0,1
102Ah_45degC_1C_cell1,16,anchor_constant,90.943,102.61176470588235,102.61176470588235,11.668764705882353,20,persistent,102Ah_45degC_1C_cell1,0,1
102Ah_45degC_1C_cell1,16,age_ridge,90.943,102.61176470588235,92.62929787380574,1.6862978738057421,20,persistent,102Ah_45degC_1C_cell1,0,1
102Ah_45degC_1C_cell1,16,fixed_window_ridge,90.943,102.61176470588235,92.16012643712565,1.217126437125657,20,persistent,102Ah_45degC_1C_cell1,0,1
102Ah_45degC_1C_cell1,16,mask_ridge,90.943,102.61176470588235,93.93217435323797,2.9891743532379706,20,persistent,102Ah_45degC_1C_cell1,0,1
102Ah_45degC_1C_cell1,16,within_cell_ratio_ridge,90.943,102.61176470588235,94.54089159225522,3.5978915922552233,20,persistent,102Ah_45degC_1C_cell1,0,1
102Ah_45degC_1C_cell1,16,rbf_residual,90.943,102.61176470588235,93.09096769237628,2.147967692376284,20,persistent,102Ah_45degC_1C_cell1,0,1
102Ah_45degC_1C_cell1,17,anchor_constant,90.603,102.61176470588235,102.61176470588235,12.008764705882356,20,persistent,102Ah_45degC_1C_cell1,0,1
102Ah_45degC_1C_cell1,17,age_ridge,90.603,102.61176470588235,92.16810392108745,1.5651039210874558,20,persistent,102Ah_45degC_1C_cell1,0,1
102Ah_45degC_1C_cell1,17,fixed_window_ridge,90.603,102.61176470588235,91.70974671330735,1.1067467133073592,20,persistent,102Ah_45degC_1C_cell1,0,1
102Ah_45degC_1C_cell1,17,mask_ridge,90.603,102.61176470588235,93.46163992260468,2.858639922604681,20,persistent,102Ah_45degC_1C_cell1,0,1
102Ah_45degC_1C_cell1,17,within_cell_ratio_ridge,90.603,102.61176470588235,93.93612680726763,3.3331268072676323,20,persistent,102Ah_45degC_1C_cell1,0,1
102Ah_45degC_1C_cell1,17,rbf_residual,90.603,102.61176470588235,92.2528192544165,1.6498192544164993,20,persistent,102Ah_45degC_1C_cell1,0,1
102Ah_45degC_1C_cell1,18,anchor_constant,90.278,102.61176470588235,102.61176470588235,12.333764705882345,20,persistent,102Ah_45degC_1C_cell1,0,1
102Ah_45degC_1C_cell1,18,age_ridge,90.278,102.61176470588235,91.70903889452069,1.4310388945206824,20,persistent,102Ah_45degC_1C_cell1,0,1
102Ah_45degC_1C_cell1,18,fixed_window_ridge,90.278,102.61176470588235,91.26458445412473,0.9865844541247242,20,persistent,102Ah_45degC_1C_cell1,0,1
102Ah_45degC_1C_cell1,18,mask_ridge,90.278,102.61176470588235,86.91396100760377,-3.3640389923962317,20,persistent,102Ah_45degC_1C_cell1,0,1
102Ah_45degC_1C_cell1,18,within_cell_ratio_ridge,90.278,102.61176470588235,95.43090821529714,5.152908215297131,20,persistent,102Ah_45degC_1C_cell1,0,1
102Ah_45degC_1C_cell1,18,rbf_residual,90.278,102.61176470588235,88.48116545734591,-1.7968345426540964,20,persistent,102Ah_45degC_1C_cell1,0,1
102Ah_45degC_1C_cell1,19,anchor_constant,89.822,102.61176470588235,102.61176470588235,12.789764705882348,20,persistent,102Ah_45degC_1C_cell1,0,1
102Ah_45degC_1C_cell1,19,age_ridge,89.822,102.61176470588235,91.25684838162083,1.4348483816208244,20,persistent,102Ah_45degC_1C_cell1,0,1
102Ah_45degC_1C_cell1,19,fixed_window_ridge,89.822,102.61176470588235,90.82727704638326,1.0052770463832559,20,persistent,102Ah_45degC_1C_cell1,0,1
102Ah_45degC_1C_cell1,19,mask_ridge,89.822,102.61176470588235,92.55518729417226,2.7331872941722537,20,persistent,102Ah_45degC_1C_cell1,0,1
102Ah_45degC_1C_cell1,19,within_cell_ratio_ridge,89.822,102.61176470588235,92.90137624111216,3.0793762411121577,20,persistent,102Ah_45degC_1C_cell1,0,1
102Ah_45degC_1C_cell1,19,rbf_residual,89.822,102.61176470588235,91.39245386951916,1.5704538695191559,20,persistent,102Ah_45degC_1C_cell1,0,1
102Ah_45degC_1C_cell1,20,anchor_constant,89.494,102.61176470588235,102.61176470588235,13.117764705882351,20,persistent,102Ah_45degC_1C_cell1,0,1
102Ah_45degC_1C_cell1,20,age_ridge,89.494,102.61176470588235,86.33335623603509,-3.160643763964913,20,persistent,102Ah_45degC_1C_cell1,0,1
102Ah_45degC_1C_cell1,20,fixed_window_ridge,89.494,102.61176470588235,86.16773817973458,-3.3262618202654153,20,persistent,102Ah_45degC_1C_cell1,0,1
102Ah_45degC_1C_cell1,20,mask_ridge,89.494,102.61176470588235,89.19443080523573,-0.299569194764274,20,persistent,102Ah_45degC_1C_cell1,0,1
102Ah_45degC_1C_cell1,20,within_cell_ratio_ridge,89.494,102.61176470588235,86.67478206837693,-2.819217931623072,20,persistent,102Ah_45degC_1C_cell1,0,1
102Ah_45degC_1C_cell1,20,rbf_residual,89.494,102.61176470588235,86.3107135787509,-3.1832864212490932,20,persistent,102Ah_45degC_1C_cell1,0,1
102Ah_45degC_1C_cell1,21,anchor_constant,89.036,102.61176470588235,102.61176470588235,13.57576470588235,20,persistent,102Ah_45degC_1C_cell1,0,1
102Ah_45degC_1C_cell1,21,age_ridge,89.036,102.61176470588235,90.221408579882,1.1854085798819938,20,persistent,102Ah_45degC_1C_cell1,0,1
102Ah_45degC_1C_cell1,21,fixed_window_ridge,89.036,102.61176470588235,89.85933618067644,0.823336180676435,20,persistent,102Ah_45degC_1C_cell1,0,1
102Ah_45degC_1C_cell1,21,mask_ridge,89.036,102.61176470588235,91.56158610119446,2.525586101194463,20,persistent,102Ah_45degC_1C_cell1,0,1
102Ah_45degC_1C_cell1,21,within_cell_ratio_ridge,89.036,102.61176470588235,92.25393332006249,3.2179333200624853,20,persistent,102Ah_45degC_1C_cell1,0,1
102Ah_45degC_1C_cell1,21,rbf_residual,89.036,102.61176470588235,90.45177917826032,1.4157791782603226,20,persistent,102Ah_45degC_1C_cell1,0,1
102Ah_45degC_1C_cell1,22,anchor_constant,88.696,102.61176470588235,102.61176470588235,13.915764705882353,20,persistent,102Ah_45degC_1C_cell1,0,1
102Ah_45degC_1C_cell1,22,age_ridge,88.696,102.61176470588235,88.67232432109992,-0.02367567890007649,20,persistent,102Ah_45degC_1C_cell1,0,1
102Ah_45degC_1C_cell1,22,fixed_window_ridge,88.696,102.61176470588235,88.38846534084162,-0.3075346591583781,20,persistent,102Ah_45degC_1C_cell1,0,1
102Ah_45degC_1C_cell1,22,mask_ridge,88.696,102.61176470588235,90.42605155630913,1.7300515563091352,20,persistent,102Ah_45degC_1C_cell1,0,1
102Ah_45degC_1C_cell1,22,within_cell_ratio_ridge,88.696,102.61176470588235,90.38633620079737,1.6903362007973755,20,persistent,102Ah_45degC_1C_cell1,0,1
102Ah_45degC_1C_cell1,22,rbf_residual,88.696,102.61176470588235,88.52147105526628,-0.17452894473372282,20,persistent,102Ah_45degC_1C_cell1,0,1
102Ah_45degC_1C_cell1,23,anchor_constant,88.347,102.61176470588235,102.61176470588235,14.264764705882357,20,persistent,102Ah_45degC_1C_cell1,0,1
102Ah_45degC_1C_cell1,23,age_ridge,88.347,102.61176470588235,89.34791746378293,1.0009174637829403,20,persistent,102Ah_45degC_1C_cell1,0,1
102Ah_45degC_1C_cell1,23,fixed_window_ridge,88.347,102.61176470588235,89.02365314093305,0.6766531409330554,20,persistent,102Ah_45degC_1C_cell1,0,1
102Ah_45degC_1C_cell1,23,mask_ridge,88.347,102.61176470588235,90.71921972155059,2.372219721550593,20,persistent,102Ah_45degC_1C_cell1,0,1
102Ah_45degC_1C_cell1,23,within_cell_ratio_ridge,88.347,102.61176470588235,91.2414014055631,2.8944014055631015,20,persistent,102Ah_45degC_1C_cell1,0,1
102Ah_45degC_1C_cell1,23,rbf_residual,88.347,102.61176470588235,89.73279463281328,1.3857946328132869,20,persistent,102Ah_45degC_1C_cell1,0,1
102Ah_45degC_1C_cell1,24,anchor_constant,88.0,102.61176470588235,102.61176470588235,14.61176470588235,20,persistent,102Ah_45degC_1C_cell1,0,1
102Ah_45degC_1C_cell1,24,age_ridge,88.0,102.61176470588235,88.920625233298,0.9206252332979972,20,persistent,102Ah_45degC_1C_cell1,0,1
102Ah_45degC_1C_cell1,24,fixed_window_ridge,88.0,102.61176470588235,88.61565251967805,0.6156525196780507,20,persistent,102Ah_45degC_1C_cell1,0,1
102Ah_45degC_1C_cell1,24,mask_ridge,88.0,102.61176470588235,90.30940440415752,2.309404404157519,20,persistent,102Ah_45degC_1C_cell1,0,1
102Ah_45degC_1C_cell1,24,within_cell_ratio_ridge,88.0,102.61176470588235,90.73266911609666,2.732669116096659,20,persistent,102Ah_45degC_1C_cell1,0,1
102Ah_45degC_1C_cell1,24,rbf_residual,88.0,102.61176470588235,88.86906618856212,0.8690661885621154,20,persistent,102Ah_45degC_1C_cell1,0,1
102Ah_45degC_1C_cell1,25,anchor_constant,87.625,102.61176470588235,102.61176470588235,14.98676470588235,20,persistent,102Ah_45degC_1C_cell1,0,1
102Ah_45degC_1C_cell1,25,age_ridge,87.625,102.61176470588235,88.4934401008179,0.8684401008179066,20,persistent,102Ah_45degC_1C_cell1,0,1
102Ah_45degC_1C_cell1,25,fixed_window_ridge,87.625,102.61176470588235,88.20905955157296,0.5840595515729632,20,persistent,102Ah_45degC_1C_cell1,0,1
102Ah_45degC_1C_cell1,25,mask_ridge,87.625,102.61176470588235,89.89354366749578,2.268543667495777,20,persistent,102Ah_45degC_1C_cell1,0,1
102Ah_45degC_1C_cell1,25,within_cell_ratio_ridge,87.625,102.61176470588235,90.15208221412911,2.527082214129109,20,persistent,102Ah_45degC_1C_cell1,0,1
102Ah_45degC_1C_cell1,25,rbf_residual,87.625,102.61176470588235,88.98736605737642,1.3623660573764198,20,persistent,102Ah_45degC_1C_cell1,0,1
102Ah_45degC_1C_cell1,26,anchor_constant,87.258,102.61176470588235,102.61176470588235,15.353764705882355,20,persistent,102Ah_45degC_1C_cell1,0,1
102Ah_45degC_1C_cell1,26,age_ridge,87.258,102.61176470588235,86.95671608239512,-0.30128391760487716,20,persistent,102Ah_45degC_1C_cell1,0,1
102Ah_45degC_1C_cell1,26,fixed_window_ridge,87.258,102.61176470588235,86.7538079402255,-0.5041920597744962,20,persistent,102Ah_45degC_1C_cell1,0,1
102Ah_45degC_1C_cell1,26,mask_ridge,87.258,102.61176470588235,88.77457181737853,1.5165718173785336,20,persistent,102Ah_45degC_1C_cell1,0,1
102Ah_45degC_1C_cell1,26,within_cell_ratio_ridge,87.258,102.61176470588235,88.27293001587068,1.0149300158706893,20,persistent,102Ah_45degC_1C_cell1,0,1
102Ah_45degC_1C_cell1,26,rbf_residual,87.258,102.61176470588235,87.04763498105962,-0.2103650189403794,20,persistent,102Ah_45degC_1C_cell1,0,1
102Ah_45degC_1C_cell1,27,anchor_constant,86.915,102.61176470588235,102.61176470588235,15.696764705882345,20,persistent,102Ah_45degC_1C_cell1,0,1
102Ah_45degC_1C_cell1,27,age_ridge,86.915,102.61176470588235,87.61067365283957,0.6956736528395595,20,persistent,102Ah_45degC_1C_cell1,0,1
102Ah_45degC_1C_cell1,27,fixed_window_ridge,86.915,102.61176470588235,87.37975741452175,0.4647574145217419,20,persistent,102Ah_45degC_1C_cell1,0,1
102Ah_45degC_1C_cell1,27,mask_ridge,86.915,102.61176470588235,82.09241988722874,-4.822580112771263,20,persistent,102Ah_45degC_1C_cell1,0,1
102Ah_45degC_1C_cell1,27,within_cell_ratio_ridge,86.915,102.61176470588235,89.01092749231333,2.095927492313322,20,persistent,102Ah_45degC_1C_cell1,0,1
102Ah_45degC_1C_cell1,27,rbf_residual,86.915,102.61176470588235,84.2463427799475,-2.668657220052509,20,persistent,102Ah_45degC_1C_cell1,0,1
102Ah_45degC_1C_cell1,28,anchor_constant,86.361,102.61176470588235,102.61176470588235,16.250764705882347,20,persistent,102Ah_45degC_1C_cell1,0,1
102Ah_45degC_1C_cell1,28,age_ridge,86.361,102.61176470588235,87.01718276650463,0.656182766504628,20,persistent,102Ah_45degC_1C_cell1,0,1
102Ah_45degC_1C_cell1,28,fixed_window_ridge,86.361,102.61176470588235,86.86400754526177,0.5030075452617666,20,persistent,102Ah_45degC_1C_cell1,0,1
102Ah_45degC_1C_cell1,28,mask_ridge,86.361,102.61176470588235,81.67609216231054,-4.684907837689465,20,persistent,102Ah_45degC_1C_cell1,0,1
102Ah_45degC_1C_cell1,28,within_cell_ratio_ridge,86.361,102.61176470588235,88.72029705846722,2.35929705846722,20,persistent,102Ah_45degC_1C_cell1,0,1
102Ah_45degC_1C_cell1,28,rbf_residual,86.361,102.61176470588235,83.38992626771915,-2.971073732280857,20,persistent,102Ah_45degC_1C_cell1,0,1
102Ah_45degC_1C_cell1,29,anchor_constant,85.894,102.61176470588235,102.61176470588235,16.717764705882345,20,persistent,102Ah_45degC_1C_cell1,0,1
102Ah_45degC_1C_cell1,29,age_ridge,85.894,102.61176470588235,86.55575533074574,0.6617553307457342,20,persistent,102Ah_45degC_1C_cell1,0,1
102Ah_45degC_1C_cell1,29,fixed_window_ridge,85.894,102.61176470588235,86.44066487003612,0.5466648700361105,20,persistent,102Ah_45degC_1C_cell1,0,1
102Ah_45degC_1C_cell1,29,mask_ridge,85.894,102.61176470588235,81.54964367293822,-4.344356327061789,20,persistent,102Ah_45degC_1C_cell1,0,1
102Ah_45degC_1C_cell1,29,within_cell_ratio_ridge,85.894,102.61176470588235,88.19706521652128,2.3030652165212757,20,persistent,102Ah_45degC_1C_cell1,0,1
102Ah_45degC_1C_cell1,29,rbf_residual,85.894,102.61176470588235,82.79511077676895,-3.0988892232310548,20,persistent,102Ah_45degC_1C_cell1,0,1
102Ah_45degC_1C_cell1,30,anchor_constant,85.512,102.61176470588235,102.61176470588235,17.09976470588235,20,persistent,102Ah_45degC_1C_cell1,0,1
102Ah_45degC_1C_cell1,30,age_ridge,85.512,102.61176470588235,86.14332181523021,0.6313218152302085,20,persistent,102Ah_45degC_1C_cell1,0,1
102Ah_45degC_1C_cell1,30,fixed_window_ridge,85.512,102.61176470588235,86.05169950689006,0.5396995068900594,20,persistent,102Ah_45degC_1C_cell1,0,1
102Ah_45degC_1C_cell1,30,mask_ridge,85.512,102.61176470588235,81.14933343853548,-4.362666561464522,20,persistent,102Ah_45degC_1C_cell1,0,1
102Ah_45degC_1C_cell1,30,within_cell_ratio_ridge,85.512,102.61176470588235,87.63029223926759,2.118292239267589,20,persistent,102Ah_45degC_1C_cell1,0,1
102Ah_45degC_1C_cell1,30,rbf_residual,85.512,102.61176470588235,82.76378422813185,-2.7482157718681464,20,persistent,102Ah_45degC_1C_cell1,0,1
102Ah_55degC_1C_cell3,1,anchor_constant,98.15,102.83911764705883,102.83911764705883,4.689117647058822,20,persistent,102Ah_55degC_1C_cell3,0,1
102Ah_55degC_1C_cell3,1,age_ridge,98.15,102.83911764705883,96.90785790064795,-1.2421420993520513,20,persistent,102Ah_55degC_1C_cell3,0,1
102Ah_55degC_1C_cell3,1,fixed_window_ridge,98.15,102.83911764705883,97.97703196845303,-0.17296803154697216,20,persistent,102Ah_55degC_1C_cell3,0,1
102Ah_55degC_1C_cell3,1,mask_ridge,98.15,102.83911764705883,97.38603776894044,-0.7639622310595655,20,persistent,102Ah_55degC_1C_cell3,0,1
102Ah_55degC_1C_cell3,1,within_cell_ratio_ridge,98.15,102.83911764705883,97.54268248790729,-0.6073175120927203,20,persistent,102Ah_55degC_1C_cell3,0,1
102Ah_55degC_1C_cell3,1,rbf_residual,98.15,102.83911764705883,96.77260620484795,-1.3773937951520594,20,persistent,102Ah_55degC_1C_cell3,0,1
102Ah_55degC_1C_cell3,2,anchor_constant,97.002,102.83911764705883,102.83911764705883,5.837117647058832,20,persistent,102Ah_55degC_1C_cell3,0,1
102Ah_55degC_1C_cell3,2,age_ridge,97.002,102.83911764705883,97.95740429589476,0.9554042958947662,20,persistent,102Ah_55degC_1C_cell3,0,1
102Ah_55degC_1C_cell3,2,fixed_window_ridge,97.002,102.83911764705883,98.3719911124658,1.3699911124658115,20,persistent,102Ah_55degC_1C_cell3,0,1
102Ah_55degC_1C_cell3,2,mask_ridge,97.002,102.83911764705883,98.50503854140024,1.5030385414002438,20,persistent,102Ah_55degC_1C_cell3,0,1
102Ah_55degC_1C_cell3,2,within_cell_ratio_ridge,97.002,102.83911764705883,98.15577022425619,1.153770224256192,20,persistent,102Ah_55degC_1C_cell3,0,1
102Ah_55degC_1C_cell3,2,rbf_residual,97.002,102.83911764705883,97.76267431554137,0.7606743155413795,20,persistent,102Ah_55degC_1C_cell3,0,1
102Ah_55degC_1C_cell3,3,anchor_constant,93.692,102.83911764705883,102.83911764705883,9.147117647058835,20,persistent,102Ah_55degC_1C_cell3,0,1
102Ah_55degC_1C_cell3,3,age_ridge,93.692,102.83911764705883,96.48369973353732,2.791699733537328,20,persistent,102Ah_55degC_1C_cell3,0,1
102Ah_55degC_1C_cell3,3,fixed_window_ridge,93.692,102.83911764705883,96.54208737916333,2.850087379163341,20,persistent,102Ah_55degC_1C_cell3,0,1
102Ah_55degC_1C_cell3,3,mask_ridge,93.692,102.83911764705883,96.29163507058084,2.5996350705808453,20,persistent,102Ah_55degC_1C_cell3,0,1
102Ah_55degC_1C_cell3,3,within_cell_ratio_ridge,93.692,102.83911764705883,96.56049999999993,2.8684999999999405,20,persistent,102Ah_55degC_1C_cell3,0,1
102Ah_55degC_1C_cell3,3,rbf_residual,93.692,102.83911764705883,96.000142310398,2.3081423103980114,20,persistent,102Ah_55degC_1C_cell3,0,1
102Ah_55degC_1C_cell3,4,anchor_constant,93.086,102.83911764705883,102.83911764705883,9.75311764705883,20,persistent,102Ah_55degC_1C_cell3,0,1
102Ah_55degC_1C_cell3,4,age_ridge,93.086,102.83911764705883,96.11577369899514,3.029773698995143,20,persistent,102Ah_55degC_1C_cell3,0,1
102Ah_55degC_1C_cell3,4,fixed_window_ridge,93.086,102.83911764705883,96.14594955881859,3.0599495588185874,20,persistent,102Ah_55degC_1C_cell3,0,1
102Ah_55degC_1C_cell3,4,mask_ridge,93.086,102.83911764705883,95.98157496406346,2.8955749640634565,20,persistent,102Ah_55degC_1C_cell3,0,1
102Ah_55degC_1C_cell3,4,within_cell_ratio_ridge,93.086,102.83911764705883,96.18111457595157,3.0951145759515697,20,persistent,102Ah_55degC_1C_cell3,0,1
102Ah_55degC_1C_cell3,4,rbf_residual,93.086,102.83911764705883,95.90809250970318,2.8220925097031824,20,persistent,102Ah_55degC_1C_cell3,0,1
102Ah_55degC_1C_cell3,5,anchor_constant,92.505,102.83911764705883,102.83911764705883,10.334117647058832,20,persistent,102Ah_55degC_1C_cell3,0,1
102Ah_55degC_1C_cell3,5,age_ridge,92.505,102.83911764705883,94.47039664536618,1.9653966453661837,20,persistent,102Ah_55degC_1C_cell3,0,1
102Ah_55degC_1C_cell3,5,fixed_window_ridge,92.505,102.83911764705883,94.86028013613897,2.3552801361389726,20,persistent,102Ah_55degC_1C_cell3,0,1
102Ah_55degC_1C_cell3,5,mask_ridge,92.505,102.83911764705883,94.78673757841254,2.281737578412546,20,persistent,102Ah_55degC_1C_cell3,0,1
102Ah_55degC_1C_cell3,5,within_cell_ratio_ridge,92.505,102.83911764705883,94.8163966410978,2.311396641097801,20,persistent,102Ah_55degC_1C_cell3,0,1
102Ah_55degC_1C_cell3,5,rbf_residual,92.505,102.83911764705883,94.61003604775873,2.1050360477587304,20,persistent,102Ah_55degC_1C_cell3,0,1
102Ah_55degC_1C_cell3,6,anchor_constant,91.953,102.83911764705883,102.83911764705883,10.886117647058825,20,persistent,102Ah_55degC_1C_cell3,0,1
102Ah_55degC_1C_cell3,6,age_ridge,91.953,102.83911764705883,94.28481875222892,2.331818752228912,20,persistent,102Ah_55degC_1C_cell3,0,1
102Ah_55degC_1C_cell3,6,fixed_window_ridge,91.953,102.83911764705883,94.50157232254394,2.548572322543933,20,persistent,102Ah_55degC_1C_cell3,0,1
102Ah_55degC_1C_cell3,6,mask_ridge,91.953,102.83911764705883,93.48459438288307,1.5315943828830711,20,persistent,102Ah_55degC_1C_cell3,0,1
102Ah_55degC_1C_cell3,6,within_cell_ratio_ridge,91.953,102.83911764705883,94.4451187605053,2.492118760505292,20,persistent,102Ah_55degC_1C_cell3,0,1
102Ah_55degC_1C_cell3,6,rbf_residual,91.953,102.83911764705883,94.04724056123004,2.0942405612300377,20,persistent,102Ah_55degC_1C_cell3,0,1
102Ah_55degC_1C_cell3,7,anchor_constant,91.407,102.83911764705883,102.83911764705883,11.432117647058831,20,persistent,102Ah_55degC_1C_cell3,0,1
102Ah_55degC_1C_cell3,7,age_ridge,91.407,102.83911764705883,94.98169644091941,3.5746964409194106,20,persistent,102Ah_55degC_1C_cell3,0,1
102Ah_55degC_1C_cell3,7,fixed_window_ridge,91.407,102.83911764705883,94.96796893396322,3.560968933963224,20,persistent,102Ah_55degC_1C_cell3,0,1
102Ah_55degC_1C_cell3,7,mask_ridge,91.407,102.83911764705883,95.0513917437278,3.644391743727809,20,persistent,102Ah_55degC_1C_cell3,0,1
102Ah_55degC_1C_cell3,7,within_cell_ratio_ridge,91.407,102.83911764705883,95.03790811972452,3.6309081197245234,20,persistent,102Ah_55degC_1C_cell3,0,1
102Ah_55degC_1C_cell3,7,rbf_residual,91.407,102.83911764705883,94.82641267551736,3.419412675517364,20,persistent,102Ah_55degC_1C_cell3,0,1
102Ah_55degC_1C_cell3,8,anchor_constant,90.846,102.83911764705883,102.83911764705883,11.993117647058824,20,persistent,102Ah_55degC_1C_cell3,0,1
102Ah_55degC_1C_cell3,8,age_ridge,90.846,102.83911764705883,94.6297389854962,3.7837389854962,20,persistent,102Ah_55degC_1C_cell3,0,1
102Ah_55degC_1C_cell3,8,fixed_window_ridge,90.846,102.83911764705883,94.61093999069375,3.7649399906937475,20,persistent,102Ah_55degC_1C_cell3,0,1
102Ah_55degC_1C_cell3,8,mask_ridge,90.846,102.83911764705883,94.72318972373756,3.8771897237375583,20,persistent,102Ah_55degC_1C_cell3,0,1
102Ah_55degC_1C_cell3,8,within_cell_ratio_ridge,90.846,102.83911764705883,94.68677895725249,3.840778957252482,20,persistent,102Ah_55degC_1C_cell3,0,1
102Ah_55degC_1C_cell3,8,rbf_residual,90.846,102.83911764705883,94.68516170922958,3.839161709229572,20,persistent,102Ah_55degC_1C_cell3,0,1
102Ah_55degC_1C_cell3,9,anchor_constant,90.301,102.83911764705883,102.83911764705883,12.538117647058826,20,persistent,102Ah_55degC_1C_cell3,0,1
102Ah_55degC_1C_cell3,9,age_ridge,90.301,102.83911764705883,93.32294748839256,3.0219474883925557,20,persistent,102Ah_55degC_1C_cell3,0,1
102Ah_55degC_1C_cell3,9,fixed_window_ridge,90.301,102.83911764705883,93.4538587704162,3.152858770416202,20,persistent,102Ah_55degC_1C_cell3,0,1
102Ah_55degC_1C_cell3,9,mask_ridge,90.301,102.83911764705883,92.38815990429575,2.0871599042957456,20,persistent,102Ah_55degC_1C_cell3,0,1
102Ah_55degC_1C_cell3,9,within_cell_ratio_ridge,90.301,102.83911764705883,93.41777560095856,3.1167756009585617,20,persistent,102Ah_55degC_1C_cell3,0,1
102Ah_55degC_1C_cell3,9,rbf_residual,90.301,102.83911764705883,93.09382029259439,2.792820292594385,20,persistent,102Ah_55degC_1C_cell3,0,1
102Ah_55degC_1C_cell3,10,anchor_constant,89.744,102.83911764705883,102.83911764705883,13.095117647058828,20,persistent,102Ah_55degC_1C_cell3,0,1
102Ah_55degC_1C_cell3,10,age_ridge,89.744,102.83911764705883,93.92832317211372,4.1843231721137215,20,persistent,102Ah_55degC_1C_cell3,0,1
102Ah_55degC_1C_cell3,10,fixed_window_ridge,89.744,102.83911764705883,93.90909037615434,4.165090376154339,20,persistent,102Ah_55degC_1C_cell3,0,1
102Ah_55degC_1C_cell3,10,mask_ridge,89.744,102.83911764705883,94.14266430134309,4.398664301343089,20,persistent,102Ah_55degC_1C_cell3,0,1
102Ah_55degC_1C_cell3,10,within_cell_ratio_ridge,89.744,102.83911764705883,93.99215496618285,4.248154966182852,20,persistent,102Ah_55degC_1C_cell3,0,1
102Ah_55degC_1C_cell3,10,rbf_residual,89.744,102.83911764705883,93.78063176165571,4.036631761655713,20,persistent,102Ah_55degC_1C_cell3,0,1
102Ah_55degC_1C_cell3,11,anchor_constant,89.204,102.83911764705883,102.83911764705883,13.635117647058834,20,persistent,102Ah_55degC_1C_cell3,0,1
102Ah_55degC_1C_cell3,11,age_ridge,89.204,102.83911764705883,93.58357953434711,4.3795795343471156,20,persistent,102Ah_55degC_1C_cell3,0,1
102Ah_55degC_1C_cell3,11,fixed_window_ridge,89.204,102.83911764705883,93.56813641390758,4.3641364139075876,20,persistent,102Ah_55degC_1C_cell3,0,1
102Ah_55degC_1C_cell3,11,mask_ridge,89.204,102.83911764705883,93.8310660674596,4.627066067459609,20,persistent,102Ah_55degC_1C_cell3,0,1
102Ah_55degC_1C_cell3,11,within_cell_ratio_ridge,89.204,102.83911764705883,93.65286451104176,4.448864511041762,20,persistent,102Ah_55degC_1C_cell3,0,1
102Ah_55degC_1C_cell3,11,rbf_residual,89.204,102.83911764705883,93.6875875117828,4.483587511782801,20,persistent,102Ah_55degC_1C_cell3,0,1
102Ah_55degC_1C_cell3,12,anchor_constant,88.661,102.83911764705883,102.83911764705883,14.178117647058826,20,persistent,102Ah_55degC_1C_cell3,0,1
102Ah_55degC_1C_cell3,12,age_ridge,88.661,102.83911764705883,92.40828747990224,3.7472874799022406,20,persistent,102Ah_55degC_1C_cell3,0,1
102Ah_55degC_1C_cell3,12,fixed_window_ridge,88.661,102.83911764705883,92.48420897291305,3.8232089729130507,20,persistent,102Ah_55degC_1C_cell3,0,1
102Ah_55degC_1C_cell3,12,mask_ridge,88.661,102.83911764705883,91.38893616920956,2.7279361692095563,20,persistent,102Ah_55degC_1C_cell3,0,1
102Ah_55degC_1C_cell3,12,within_cell_ratio_ridge,88.661,102.83911764705883,92.45322376773147,3.792223767731471,20,persistent,102Ah_55degC_1C_cell3,0,1
102Ah_55degC_1C_cell3,12,rbf_residual,88.661,102.83911764705883,92.19609439240448,3.535094392404474,20,persistent,102Ah_55degC_1C_cell3,0,1
102Ah_55degC_1C_cell3,13,anchor_constant,88.039,102.83911764705883,102.83911764705883,14.800117647058826,20,persistent,102Ah_55degC_1C_cell3,0,1
102Ah_55degC_1C_cell3,13,age_ridge,88.039,102.83911764705883,92.71290613297309,4.673906132973087,20,persistent,102Ah_55degC_1C_cell3,0,1
102Ah_55degC_1C_cell3,13,fixed_window_ridge,88.039,102.83911764705883,92.74111234678618,4.70211234678618,20,persistent,102Ah_55degC_1C_cell3,0,1
102Ah_55degC_1C_cell3,13,mask_ridge,88.039,102.83911764705883,93.02256860653404,4.983568606534035,20,persistent,102Ah_55degC_1C_cell3,0,1
102Ah_55degC_1C_cell3,13,within_cell_ratio_ridge,88.039,102.83911764705883,92.82701029226793,4.788010292267927,20,persistent,102Ah_55degC_1C_cell3,0,1
102Ah_55degC_1C_cell3,13,rbf_residual,88.039,102.83911764705883,92.49329033326885,4.454290333268844,20,persistent,102Ah_55degC_1C_cell3,0,1
102Ah_55degC_1C_cell3,14,anchor_constant,87.512,102.83911764705883,102.83911764705883,15.327117647058827,20,persistent,102Ah_55degC_1C_cell3,0,1
102Ah_55degC_1C_cell3,14,age_ridge,87.512,102.83911764705883,92.36973140289479,4.857731402894785,20,persistent,102Ah_55degC_1C_cell3,0,1
102Ah_55degC_1C_cell3,14,fixed_window_ridge,87.512,102.83911764705883,92.40953325828193,4.897533258281925,20,persistent,102Ah_55degC_1C_cell3,0,1
102Ah_55degC_1C_cell3,14,mask_ridge,87.512,102.83911764705883,92.85508029861899,5.343080298618986,20,persistent,102Ah_55degC_1C_cell3,0,1
102Ah_55degC_1C_cell3,14,within_cell_ratio_ridge,87.512,102.83911764705883,92.49338507357966,4.981385073579659,20,persistent,102Ah_55degC_1C_cell3,0,1
102Ah_55degC_1C_cell3,14,rbf_residual,87.512,102.83911764705883,92.5639278430269,5.051927843026903,20,persistent,102Ah_55degC_1C_cell3,0,1
102Ah_55degC_1C_cell3,15,anchor_constant,86.962,102.83911764705883,102.83911764705883,15.877117647058824,20,persistent,102Ah_55degC_1C_cell3,0,1
102Ah_55degC_1C_cell3,15,age_ridge,86.962,102.83911764705883,91.37790810067796,4.415908100677953,20,persistent,102Ah_55degC_1C_cell3,0,1
102Ah_55degC_1C_cell3,15,fixed_window_ridge,86.962,102.83911764705883,91.42817754542754,4.466177545427541,20,persistent,102Ah_55degC_1C_cell3,0,1
102Ah_55degC_1C_cell3,15,mask_ridge,86.962,102.83911764705883,90.2216049137763,3.2596049137763004,20,persistent,102Ah_55degC_1C_cell3,0,1
102Ah_55degC_1C_cell3,15,within_cell_ratio_ridge,86.962,102.83911764705883,91.39289644096047,4.430896440960467,20,persistent,102Ah_55degC_1C_cell3,0,1
102Ah_55degC_1C_cell3,15,rbf_residual,86.962,102.83911764705883,91.19849286883449,4.236492868834489,20,persistent,102Ah_55degC_1C_cell3,0,1
102Ah_55degC_1C_cell3,16,anchor_constant,86.38,102.83911764705883,102.83911764705883,16.459117647058832,20,persistent,102Ah_55degC_1C_cell3,0,1
102Ah_55degC_1C_cell3,16,age_ridge,86.38,102.83911764705883,91.37434925393416,4.9943492539341605,20,persistent,102Ah_55degC_1C_cell3,0,1
102Ah_55degC_1C_cell3,16,fixed_window_ridge,86.38,102.83911764705883,91.53613694395072,5.156136943950727,20,persistent,102Ah_55degC_1C_cell3,0,1
102Ah_55degC_1C_cell3,16,mask_ridge,86.38,102.83911764705883,92.0287808427792,5.648780842779203,20,persistent,102Ah_55degC_1C_cell3,0,1
102Ah_55degC_1C_cell3,16,within_cell_ratio_ridge,86.38,102.83911764705883,91.59075302382992,5.210753023829923,20,persistent,102Ah_55degC_1C_cell3,0,1
102Ah_55degC_1C_cell3,16,rbf_residual,86.38,102.83911764705883,91.29323577573851,4.913235775738514,20,persistent,102Ah_55degC_1C_cell3,0,1
102Ah_55degC_1C_cell3,17,anchor_constant,85.815,102.83911764705883,102.83911764705883,17.02411764705883,20,persistent,102Ah_55degC_1C_cell3,0,1
102Ah_55degC_1C_cell3,17,age_ridge,85.815,102.83911764705883,91.3591693329679,5.544169332967897,20,persistent,102Ah_55degC_1C_cell3,0,1
102Ah_55degC_1C_cell3,17,fixed_window_ridge,85.815,102.83911764705883,91.44117533060175,5.626175330601754,20,persistent,102Ah_55degC_1C_cell3,0,1
102Ah_55degC_1C_cell3,17,mask_ridge,85.815,102.83911764705883,91.94618948725069,6.131189487250694,20,persistent,102Ah_55degC_1C_cell3,0,1
102Ah_55degC_1C_cell3,17,within_cell_ratio_ridge,85.815,102.83911764705883,91.5150532748493,5.700053274849296,20,persistent,102Ah_55degC_1C_cell3,0,1
102Ah_55degC_1C_cell3,17,rbf_residual,85.815,102.83911764705883,91.4916385587788,5.676638558778805,20,persistent,102Ah_55degC_1C_cell3,0,1
102Ah_55degC_1C_cell3,18,anchor_constant,85.108,102.83911764705883,102.83911764705883,17.731117647058824,20,persistent,102Ah_55degC_1C_cell3,0,1
102Ah_55degC_1C_cell3,18,age_ridge,85.108,102.83911764705883,91.02183371367789,5.913833713677889,20,persistent,102Ah_55degC_1C_cell3,0,1
102Ah_55degC_1C_cell3,18,fixed_window_ridge,85.108,102.83911764705883,91.12020422152145,6.0122042215214435,20,persistent,102Ah_55degC_1C_cell3,0,1
102Ah_55degC_1C_cell3,18,mask_ridge,85.108,102.83911764705883,91.68946567159213,6.581465671592127,20,persistent,102Ah_55degC_1C_cell3,0,1
102Ah_55degC_1C_cell3,18,within_cell_ratio_ridge,85.108,102.83911764705883,91.18961292923575,6.081612929235746,20,persistent,102Ah_55degC_1C_cell3,0,1
102Ah_55degC_1C_cell3,18,rbf_residual,85.108,102.83911764705883,91.26034116671134,6.152341166711338,20,persistent,102Ah_55degC_1C_cell3,0,1
102Ah_55degC_1C_cell3,19,anchor_constant,84.207,102.83911764705883,102.83911764705883,18.632117647058834,20,persistent,102Ah_55degC_1C_cell3,0,1
102Ah_55degC_1C_cell3,19,age_ridge,84.207,102.83911764705883,90.60567191280944,6.398671912809448,20,persistent,102Ah_55degC_1C_cell3,0,1
102Ah_55degC_1C_cell3,19,fixed_window_ridge,84.207,102.83911764705883,90.73970694768315,6.5327069476831525,20,persistent,102Ah_55degC_1C_cell3,0,1
102Ah_55degC_1C_cell3,19,mask_ridge,84.207,102.83911764705883,91.32386720615142,7.116867206151426,20,persistent,102Ah_55degC_1C_cell3,0,1
102Ah_55degC_1C_cell3,19,within_cell_ratio_ridge,84.207,102.83911764705883,90.80266919400486,6.59566919400487,20,persistent,102Ah_55degC_1C_cell3,0,1
102Ah_55degC_1C_cell3,19,rbf_residual,84.207,102.83911764705883,90.7714609852988,6.564460985298808,20,persistent,102Ah_55degC_1C_cell3,0,1
102Ah_55degC_1C_cell3,20,anchor_constant,83.035,102.83911764705883,102.83911764705883,19.80411764705883,20,persistent,102Ah_55degC_1C_cell3,0,1
102Ah_55degC_1C_cell3,20,age_ridge,83.035,102.83911764705883,89.84817574740777,6.813175747407769,20,persistent,102Ah_55degC_1C_cell3,0,1
102Ah_55degC_1C_cell3,20,fixed_window_ridge,83.035,102.83911764705883,89.88049953042045,6.8454995304204544,20,persistent,102Ah_55degC_1C_cell3,0,1
102Ah_55degC_1C_cell3,20,mask_ridge,83.035,102.83911764705883,88.59378211690296,5.558782116902961,20,persistent,102Ah_55degC_1C_cell3,0,1
102Ah_55degC_1C_cell3,20,within_cell_ratio_ridge,83.035,102.83911764705883,89.82129272829661,6.7862927282966155,20,persistent,102Ah_55degC_1C_cell3,0,1
102Ah_55degC_1C_cell3,20,rbf_residual,83.035,102.83911764705883,89.71704430533153,6.68204430533153,20,persistent,102Ah_55degC_1C_cell3,0,1
102Ah_55degC_1C_cell3,21,anchor_constant,81.814,102.83911764705883,102.83911764705883,21.025117647058835,20,persistent,102Ah_55degC_1C_cell3,0,1
102Ah_55degC_1C_cell3,21,age_ridge,81.814,102.83911764705883,89.94479002070811,8.130790020708119,20,persistent,102Ah_55degC_1C_cell3,0,1
102Ah_55degC_1C_cell3,21,fixed_window_ridge,81.814,102.83911764705883,90.11588157689994,8.301881576899945,20,persistent,102Ah_55degC_1C_cell3,0,1
102Ah_55degC_1C_cell3,21,mask_ridge,81.814,102.83911764705883,90.78051009448558,8.966510094485585,20,persistent,102Ah_55degC_1C_cell3,0,1
102Ah_55degC_1C_cell3,21,within_cell_ratio_ridge,81.814,102.83911764705883,90.16741311587195,8.353413115871959,20,persistent,102Ah_55degC_1C_cell3,0,1
102Ah_55degC_1C_cell3,21,rbf_residual,81.814,102.83911764705883,90.18015460760985,8.366154607609857,20,persistent,102Ah_55degC_1C_cell3,0,1
102Ah_55degC_1C_cell3,22,anchor_constant,80.494,102.83911764705883,102.83911764705883,22.345117647058828,20,persistent,102Ah_55degC_1C_cell3,0,1
102Ah_55degC_1C_cell3,22,age_ridge,80.494,102.83911764705883,89.27302264105292,8.779022641052919,20,persistent,102Ah_55degC_1C_cell3,0,1
102Ah_55degC_1C_cell3,22,fixed_window_ridge,80.494,102.83911764705883,89.30172771600867,8.80772771600867,20,persistent,102Ah_55degC_1C_cell3,0,1
102Ah_55degC_1C_cell3,22,mask_ridge,80.494,102.83911764705883,88.00294452148498,7.5089445214849775,20,persistent,102Ah_55degC_1C_cell3,0,1
102Ah_55degC_1C_cell3,22,within_cell_ratio_ridge,80.494,102.83911764705883,89.23034679196772,8.73634679196772,20,persistent,102Ah_55degC_1C_cell3,0,1
102Ah_55degC_1C_cell3,22,rbf_residual,80.494,102.83911764705883,89.15853073622281,8.664530736222815,20,persistent,102Ah_55degC_1C_cell3,0,1
102Ah_55degC_1C_cell3,23,anchor_constant,79.116,102.83911764705883,102.83911764705883,23.723117647058828,20,persistent,102Ah_55degC_1C_cell3,0,1
102Ah_55degC_1C_cell3,23,age_ridge,79.116,102.83911764705883,89.29170087712812,10.175700877128122,20,persistent,102Ah_55degC_1C_cell3,0,1
102Ah_55degC_1C_cell3,23,fixed_window_ridge,79.116,102.83911764705883,89.50156862163227,10.385568621632274,20,persistent,102Ah_55degC_1C_cell3,0,1
102Ah_55degC_1C_cell3,23,mask_ridge,79.116,102.83911764705883,90.26948593823346,11.153485938233459,20,persistent,102Ah_55degC_1C_cell3,0,1
102Ah_55degC_1C_cell3,23,within_cell_ratio_ridge,79.116,102.83911764705883,89.54037942355349,10.42437942355349,20,persistent,102Ah_55degC_1C_cell3,0,1
102Ah_55degC_1C_cell3,23,rbf_residual,79.116,102.83911764705883,89.3103643617762,10.194364361776195,20,persistent,102Ah_55degC_1C_cell3,0,1
102Ah_55degC_1C_cell3,24,anchor_constant,77.658,102.83911764705883,102.83911764705883,25.181117647058826,20,persistent,102Ah_55degC_1C_cell3,0,1
102Ah_55degC_1C_cell3,24,age_ridge,77.658,102.83911764705883,88.9706021380891,11.312602138089105,20,persistent,102Ah_55degC_1C_cell3,0,1
102Ah_55degC_1C_cell3,24,fixed_window_ridge,77.658,102.83911764705883,89.2001295349763,11.542129534976297,20,persistent,102Ah_55degC_1C_cell3,0,1
102Ah_55degC_1C_cell3,24,mask_ridge,77.658,102.83911764705883,89.95589293248811,12.29789293248811,20,persistent,102Ah_55degC_1C_cell3,0,1
102Ah_55degC_1C_cell3,24,within_cell_ratio_ridge,77.658,102.83911764705883,89.23223159249207,11.574231592492069,20,persistent,102Ah_55degC_1C_cell3,0,1
102Ah_55degC_1C_cell3,24,rbf_residual,77.658,102.83911764705883,89.13699893850583,11.478998938505825,20,persistent,102Ah_55degC_1C_cell3,0,1
102Ah_55degC_1C_cell3,25,anchor_constant,76.068,102.83911764705883,102.83911764705883,26.77111764705883,20,persistent,102Ah_55degC_1C_cell3,0,1
102Ah_55degC_1C_cell3,25,age_ridge,76.068,102.83911764705883,88.32298328568334,12.254983285683338,20,persistent,102Ah_55degC_1C_cell3,0,1
102Ah_55degC_1C_cell3,25,fixed_window_ridge,76.068,102.83911764705883,88.6690484784891,12.601048478489105,20,persistent,102Ah_55degC_1C_cell3,0,1
102Ah_55degC_1C_cell3,25,mask_ridge,76.068,102.83911764705883,89.46052285105841,13.392522851058416,20,persistent,102Ah_55degC_1C_cell3,0,1
102Ah_55degC_1C_cell3,25,within_cell_ratio_ridge,76.068,102.83911764705883,88.67081202432622,12.602812024326226,20,persistent,102Ah_55degC_1C_cell3,0,1
102Ah_55degC_1C_cell3,25,rbf_residual,76.068,102.83911764705883,88.503958027752,12.435958027752008,20,persistent,102Ah_55degC_1C_cell3,0,1
102Ah_55degC_1C_cell3,26,anchor_constant,74.402,102.83911764705883,102.83911764705883,28.437117647058827,20,persistent,102Ah_55degC_1C_cell3,0,1
102Ah_55degC_1C_cell3,26,age_ridge,74.402,102.83911764705883,88.30179792141901,13.899797921419008,20,persistent,102Ah_55degC_1C_cell3,0,1
102Ah_55degC_1C_cell3,26,fixed_window_ridge,74.402,102.83911764705883,88.57859019052262,14.176590190522617,20,persistent,102Ah_55degC_1C_cell3,0,1
102Ah_55degC_1C_cell3,26,mask_ridge,74.402,102.83911764705883,89.389205887246,14.987205887246006,20,persistent,102Ah_55degC_1C_cell3,0,1
102Ah_55degC_1C_cell3,26,within_cell_ratio_ridge,74.402,102.83911764705883,88.59556965565373,14.193569655653732,20,persistent,102Ah_55degC_1C_cell3,0,1
102Ah_55degC_1C_cell3,26,rbf_residual,74.402,102.83911764705883,88.44898839113779,14.046988391137788,20,persistent,102Ah_55degC_1C_cell3,0,1
102Ah_55degC_1C_cell3,27,anchor_constant,72.733,102.83911764705883,102.83911764705883,30.106117647058824,20,persistent,102Ah_55degC_1C_cell3,0,1
102Ah_55degC_1C_cell3,27,age_ridge,72.733,102.83911764705883,87.72815721460123,14.995157214601221,20,persistent,102Ah_55degC_1C_cell3,0,1
102Ah_55degC_1C_cell3,27,fixed_window_ridge,72.733,102.83911764705883,88.09221078723336,15.359210787233351,20,persistent,102Ah_55degC_1C_cell3,0,1
102Ah_55degC_1C_cell3,27,mask_ridge,72.733,102.83911764705883,88.81683917346533,16.08383917346532,20,persistent,102Ah_55degC_1C_cell3,0,1
102Ah_55degC_1C_cell3,27,within_cell_ratio_ridge,72.733,102.83911764705883,88.09235328278461,15.35935328278461,20,persistent,102Ah_55degC_1C_cell3,0,1
102Ah_55degC_1C_cell3,27,rbf_residual,72.733,102.83911764705883,87.85072973763077,15.117729737630768,20,persistent,102Ah_55degC_1C_cell3,0,1
102Ah_55degC_1C_cell3,28,anchor_constant,71.205,102.83911764705883,102.83911764705883,31.63411764705883,20,persistent,102Ah_55degC_1C_cell3,0,1
102Ah_55degC_1C_cell3,28,age_ridge,71.205,102.83911764705883,87.4136693229894,16.208669322989408,20,persistent,102Ah_55degC_1C_cell3,0,1
102Ah_55degC_1C_cell3,28,fixed_window_ridge,71.205,102.83911764705883,87.79821644145862,16.593216441458623,20,persistent,102Ah_55degC_1C_cell3,0,1
102Ah_55degC_1C_cell3,28,mask_ridge,71.205,102.83911764705883,88.63718700802794,17.432187008027938,20,persistent,102Ah_55degC_1C_cell3,0,1
102Ah_55degC_1C_cell3,28,within_cell_ratio_ridge,71.205,102.83911764705883,87.79048907576934,16.585489075769345,20,persistent,102Ah_55degC_1C_cell3,0,1
102Ah_55degC_1C_cell3,28,rbf_residual,71.205,102.83911764705883,87.67496439337637,16.469964393376372,20,persistent,102Ah_55degC_1C_cell3,0,1
102Ah_55degC_1C_cell3,29,anchor_constant,69.634,102.83911764705883,102.83911764705883,33.20511764705883,20,persistent,102Ah_55degC_1C_cell3,0,1
102Ah_55degC_1C_cell3,29,age_ridge,69.634,102.83911764705883,87.09922260378566,17.465222603785662,20,persistent,102Ah_55degC_1C_cell3,0,1
102Ah_55degC_1C_cell3,29,fixed_window_ridge,69.634,102.83911764705883,87.50471836871225,17.870718368712247,20,persistent,102Ah_55degC_1C_cell3,0,1
102Ah_55degC_1C_cell3,29,mask_ridge,69.634,102.83911764705883,88.40211135527895,18.768111355278947,20,persistent,102Ah_55degC_1C_cell3,0,1
102Ah_55degC_1C_cell3,29,within_cell_ratio_ridge,69.634,102.83911764705883,87.48892776022687,17.85492776022687,20,persistent,102Ah_55degC_1C_cell3,0,1
102Ah_55degC_1C_cell3,29,rbf_residual,69.634,102.83911764705883,86.96221726208917,17.32821726208917,20,persistent,102Ah_55degC_1C_cell3,0,1
102Ah_55degC_1C_cell3,30,anchor_constant,68.083,102.83911764705883,102.83911764705883,34.75611764705883,20,persistent,102Ah_55degC_1C_cell3,0,1
102Ah_55degC_1C_cell3,30,age_ridge,68.083,102.83911764705883,86.73408538693869,18.65108538693869,20,persistent,102Ah_55degC_1C_cell3,0,1
102Ah_55degC_1C_cell3,30,fixed_window_ridge,68.083,102.83911764705883,87.17591929878124,19.09291929878124,20,persistent,102Ah_55degC_1C_cell3,0,1
102Ah_55degC_1C_cell3,30,mask_ridge,68.083,102.83911764705883,88.11139772705648,20.028397727056486,20,persistent,102Ah_55degC_1C_cell3,0,1
102Ah_55degC_1C_cell3,30,within_cell_ratio_ridge,68.083,102.83911764705883,87.14966476306691,19.06666476306691,20,persistent,102Ah_55degC_1C_cell3,0,1
102Ah_55degC_1C_cell3,30,rbf_residual,68.083,102.83911764705883,87.13133514657162,19.048335146571617,20,persistent,102Ah_55degC_1C_cell3,0,1
