cell_id,target_ordinal,held_cell,seed,method,target_soh_pp,pred_soh_pp,error_pp
102Ah_25degC_0p5C_cell3,1,102Ah_25degC_0p5C_cell3,-1,fixed_age_ridge,100.57,96.91532959102179,-3.6546704089782054
102Ah_25degC_0p5C_cell3,2,102Ah_25degC_0p5C_cell3,-1,fixed_age_ridge,99.885,96.1356333089559,-3.749366691044102
102Ah_25degC_0p5C_cell3,3,102Ah_25degC_0p5C_cell3,-1,fixed_age_ridge,99.386,95.55664205454201,-3.8293579454579856
102Ah_25degC_0p5C_cell3,4,102Ah_25degC_0p5C_cell3,-1,fixed_age_ridge,98.994,95.06720965006477,-3.9267903499352315
102Ah_25degC_0p5C_cell3,5,102Ah_25degC_0p5C_cell3,-1,fixed_age_ridge,98.602,94.64899284401078,-3.9530071559892264
102Ah_25degC_0p5C_cell3,6,102Ah_25degC_0p5C_cell3,-1,fixed_age_ridge,98.235,94.02354159784224,-4.21145840215776
102Ah_25degC_0p5C_cell3,7,102Ah_25degC_0p5C_cell3,-1,fixed_age_ridge,97.993,93.69111479600333,-4.301885203996662
102Ah_25degC_0p5C_cell3,8,102Ah_25degC_0p5C_cell3,-1,fixed_age_ridge,97.71,93.36555982020953,-4.3444401797904675
102Ah_25degC_0p5C_cell3,9,102Ah_25degC_0p5C_cell3,-1,fixed_age_ridge,97.441,93.06872012443964,-4.372279875560366
102Ah_25degC_0p5C_cell3,10,102Ah_25degC_0p5C_cell3,-1,fixed_age_ridge,97.212,92.79610513491582,-4.415894865084184
102Ah_25degC_0p5C_cell3,11,102Ah_25degC_0p5C_cell3,-1,fixed_age_ridge,97.027,92.54412013252345,-4.482879867476555
102Ah_25degC_0p5C_cell3,12,102Ah_25degC_0p5C_cell3,-1,fixed_age_ridge,96.825,92.29476386714195,-4.53023613285805
102Ah_25degC_0p5C_cell3,13,102Ah_25degC_0p5C_cell3,-1,fixed_age_ridge,96.653,92.06274659094719,-4.590253409052821
102Ah_25degC_0p5C_cell3,14,102Ah_25degC_0p5C_cell3,-1,fixed_age_ridge,96.449,91.8313879220155,-4.617612077984504
102Ah_25degC_0p5C_cell3,15,102Ah_25degC_0p5C_cell3,-1,fixed_age_ridge,96.24,91.60756568163796,-4.63243431836203
102Ah_25degC_0p5C_cell3,16,102Ah_25degC_0p5C_cell3,-1,fixed_age_ridge,96.134,91.35825578718674,-4.775744212813265
102Ah_25degC_0p5C_cell3,17,102Ah_25degC_0p5C_cell3,-1,fixed_age_ridge,95.949,91.13784370382234,-4.811156296177657
102Ah_25degC_0p5C_cell3,18,102Ah_25degC_0p5C_cell3,-1,fixed_age_ridge,95.782,90.93344137437461,-4.848558625625387
102Ah_25degC_0p5C_cell3,19,102Ah_25degC_0p5C_cell3,-1,fixed_age_ridge,95.643,90.74020834982883,-4.902791650171167
102Ah_25degC_0p5C_cell3,20,102Ah_25degC_0p5C_cell3,-1,fixed_age_ridge,95.469,90.53536307450479,-4.9336369254952075
102Ah_25degC_0p5C_cell3,21,102Ah_25degC_0p5C_cell3,-1,fixed_age_ridge,95.318,90.35033516112058,-4.967664838879415
102Ah_25degC_0p5C_cell3,22,102Ah_25degC_0p5C_cell3,-1,fixed_age_ridge,95.076,89.97332976181103,-5.1026702381889635
102Ah_25degC_0p5C_cell3,23,102Ah_25degC_0p5C_cell3,-1,fixed_age_ridge,94.944,89.79895587465032,-5.145044125349685
102Ah_25degC_0p5C_cell3,24,102Ah_25degC_0p5C_cell3,-1,fixed_age_ridge,94.756,89.6214904385888,-5.134509561411207
102Ah_25degC_0p5C_cell3,25,102Ah_25degC_0p5C_cell3,-1,fixed_age_ridge,94.621,89.43845531281755,-5.1825446871824425
102Ah_25degC_0p5C_cell3,26,102Ah_25degC_0p5C_cell3,-1,fixed_age_ridge,94.566,89.23750351078789,-5.328496489212114
102Ah_25degC_0p5C_cell3,27,102Ah_25degC_0p5C_cell3,-1,fixed_age_ridge,94.418,89.06802841086795,-5.349971589132053
102Ah_25degC_0p5C_cell3,28,102Ah_25degC_0p5C_cell3,-1,fixed_age_ridge,94.238,88.9006712895409,-5.337328710459104
102Ah_25degC_0p5C_cell3,29,102Ah_25degC_0p5C_cell3,-1,fixed_age_ridge,94.035,88.74037091999782,-5.294629080002181
102Ah_25degC_0p5C_cell3,30,102Ah_25degC_0p5C_cell3,-1,fixed_age_ridge,93.975,88.57677821926472,-5.39822178073527
102Ah_25degC_0p5C_cell3,1,102Ah_25degC_0p5C_cell3,-1,prefix_temperature_RBF,100.57,98.25338709704046,-2.316612902959534
102Ah_25degC_0p5C_cell3,2,102Ah_25degC_0p5C_cell3,-1,prefix_temperature_RBF,99.885,97.46241063920655,-2.4225893607934523
102Ah_25degC_0p5C_cell3,3,102Ah_25degC_0p5C_cell3,-1,prefix_temperature_RBF,99.386,96.77462294449474,-2.6113770555052582
102Ah_25degC_0p5C_cell3,4,102Ah_25degC_0p5C_cell3,-1,prefix_temperature_RBF,98.994,96.13797141827061,-2.8560285817293902
102Ah_25degC_0p5C_cell3,5,102Ah_25degC_0p5C_cell3,-1,prefix_temperature_RBF,98.602,95.57062667291693,-3.031373327083074
102Ah_25degC_0p5C_cell3,6,102Ah_25degC_0p5C_cell3,-1,prefix_temperature_RBF,98.235,96.37136127842055,-1.8636387215794485
102Ah_25degC_0p5C_cell3,7,102Ah_25degC_0p5C_cell3,-1,prefix_temperature_RBF,97.993,95.82402367032844,-2.168976329671551
102Ah_25degC_0p5C_cell3,8,102Ah_25degC_0p5C_cell3,-1,prefix_temperature_RBF,97.71,95.68647985862053,-2.023520141379464
102Ah_25degC_0p5C_cell3,9,102Ah_25degC_0p5C_cell3,-1,prefix_temperature_RBF,97.441,95.31297486747924,-2.1280251325207615
102Ah_25degC_0p5C_cell3,10,102Ah_25degC_0p5C_cell3,-1,prefix_temperature_RBF,97.212,95.0946012937357,-2.1173987062642965
102Ah_25degC_0p5C_cell3,11,102Ah_25degC_0p5C_cell3,-1,prefix_temperature_RBF,97.027,95.03654712762686,-1.9904528723731403
102Ah_25degC_0p5C_cell3,12,102Ah_25degC_0p5C_cell3,-1,prefix_temperature_RBF,96.825,94.88677982412536,-1.9382201758746476
102Ah_25degC_0p5C_cell3,13,102Ah_25degC_0p5C_cell3,-1,prefix_temperature_RBF,96.653,94.71131177348103,-1.941688226518977
102Ah_25degC_0p5C_cell3,14,102Ah_25degC_0p5C_cell3,-1,prefix_temperature_RBF,96.449,94.43034338657363,-2.018656613426373
102Ah_25degC_0p5C_cell3,15,102Ah_25degC_0p5C_cell3,-1,prefix_temperature_RBF,96.24,94.19577132179641,-2.044228678203581
102Ah_25degC_0p5C_cell3,16,102Ah_25degC_0p5C_cell3,-1,prefix_temperature_RBF,96.134,93.99574219572528,-2.1382578042747156
102Ah_25degC_0p5C_cell3,17,102Ah_25degC_0p5C_cell3,-1,prefix_temperature_RBF,95.949,93.97812641541286,-1.9708735845871388
102Ah_25degC_0p5C_cell3,18,102Ah_25degC_0p5C_cell3,-1,prefix_temperature_RBF,95.782,93.95316997146693,-1.828830028533062
102Ah_25degC_0p5C_cell3,19,102Ah_25degC_0p5C_cell3,-1,prefix_temperature_RBF,95.643,93.73142519602382,-1.9115748039761797
102Ah_25degC_0p5C_cell3,20,102Ah_25degC_0p5C_cell3,-1,prefix_temperature_RBF,95.469,93.64958261962744,-1.8194173803725562
102Ah_25degC_0p5C_cell3,21,102Ah_25degC_0p5C_cell3,-1,prefix_temperature_RBF,95.318,93.5865159211904,-1.7314840788096006
102Ah_25degC_0p5C_cell3,22,102Ah_25degC_0p5C_cell3,-1,prefix_temperature_RBF,95.076,93.27071786446132,-1.8052821355386754
102Ah_25degC_0p5C_cell3,23,102Ah_25degC_0p5C_cell3,-1,prefix_temperature_RBF,94.944,93.10121331840006,-1.8427866815999465
102Ah_25degC_0p5C_cell3,24,102Ah_25degC_0p5C_cell3,-1,prefix_temperature_RBF,94.756,92.62875365198502,-2.127246348014978
102Ah_25degC_0p5C_cell3,25,102Ah_25degC_0p5C_cell3,-1,prefix_temperature_RBF,94.621,92.44211619074619,-2.1788838092538043
102Ah_25degC_0p5C_cell3,26,102Ah_25degC_0p5C_cell3,-1,prefix_temperature_RBF,94.566,92.74253208192064,-1.8234679180793592
102Ah_25degC_0p5C_cell3,27,102Ah_25degC_0p5C_cell3,-1,prefix_temperature_RBF,94.418,92.58919045557066,-1.8288095444293475
102Ah_25degC_0p5C_cell3,28,102Ah_25degC_0p5C_cell3,-1,prefix_temperature_RBF,94.238,92.31157626419342,-1.9264237358065799
102Ah_25degC_0p5C_cell3,29,102Ah_25degC_0p5C_cell3,-1,prefix_temperature_RBF,94.035,91.76829653848996,-2.2667034615100334
102Ah_25degC_0p5C_cell3,30,102Ah_25degC_0p5C_cell3,-1,prefix_temperature_RBF,93.975,91.87765245407599,-2.097347545924009
102Ah_25degC_0p5C_cell3,1,102Ah_25degC_0p5C_cell3,20260928,prefix_temperature_MLP,100.57,100.27922357677008,-0.29077642322991437
102Ah_25degC_0p5C_cell3,2,102Ah_25degC_0p5C_cell3,20260928,prefix_temperature_MLP,99.885,98.29630931145834,-1.5886906885416607
102Ah_25degC_0p5C_cell3,3,102Ah_25degC_0p5C_cell3,20260928,prefix_temperature_MLP,99.386,97.4169595231852,-1.969040476814797
102Ah_25degC_0p5C_cell3,4,102Ah_25degC_0p5C_cell3,20260928,prefix_temperature_MLP,98.994,96.67764430143959,-2.3163556985604146
102Ah_25degC_0p5C_cell3,5,102Ah_25degC_0p5C_cell3,20260928,prefix_temperature_MLP,98.602,96.1431389526381,-2.458861047361907
102Ah_25degC_0p5C_cell3,6,102Ah_25degC_0p5C_cell3,20260928,prefix_temperature_MLP,98.235,97.6756621880522,-0.559337811947799
102Ah_25degC_0p5C_cell3,7,102Ah_25degC_0p5C_cell3,20260928,prefix_temperature_MLP,97.993,97.17787326653861,-0.8151267334613834
102Ah_25degC_0p5C_cell3,8,102Ah_25degC_0p5C_cell3,20260928,prefix_temperature_MLP,97.71,96.95860433963396,-0.751395660366029
102Ah_25degC_0p5C_cell3,9,102Ah_25degC_0p5C_cell3,20260928,prefix_temperature_MLP,97.441,96.6249573452038,-0.8160426547962061
102Ah_25degC_0p5C_cell3,10,102Ah_25degC_0p5C_cell3,20260928,prefix_temperature_MLP,97.212,96.3772375468726,-0.8347624531273965
102Ah_25degC_0p5C_cell3,11,102Ah_25degC_0p5C_cell3,20260928,prefix_temperature_MLP,97.027,96.25474649627772,-0.7722535037222826
102Ah_25degC_0p5C_cell3,12,102Ah_25degC_0p5C_cell3,20260928,prefix_temperature_MLP,96.825,96.0988541286013,-0.7261458713986997
102Ah_25degC_0p5C_cell3,13,102Ah_25degC_0p5C_cell3,20260928,prefix_temperature_MLP,96.653,95.88028485236076,-0.7727151476392464
102Ah_25degC_0p5C_cell3,14,102Ah_25degC_0p5C_cell3,20260928,prefix_temperature_MLP,96.449,95.64014713450939,-0.8088528654906071
102Ah_25degC_0p5C_cell3,15,102Ah_25degC_0p5C_cell3,20260928,prefix_temperature_MLP,96.24,95.407105247678,-0.832894752321991
102Ah_25degC_0p5C_cell3,16,102Ah_25degC_0p5C_cell3,20260928,prefix_temperature_MLP,96.134,95.26576249151718,-0.8682375084828209
102Ah_25degC_0p5C_cell3,17,102Ah_25degC_0p5C_cell3,20260928,prefix_temperature_MLP,95.949,95.15528640706941,-0.7937135929305867
102Ah_25degC_0p5C_cell3,18,102Ah_25degC_0p5C_cell3,20260928,prefix_temperature_MLP,95.782,95.12064335115073,-0.6613566488492637
102Ah_25degC_0p5C_cell3,19,102Ah_25degC_0p5C_cell3,20260928,prefix_temperature_MLP,95.643,94.83029480994236,-0.8127051900576419
102Ah_25degC_0p5C_cell3,20,102Ah_25degC_0p5C_cell3,20260928,prefix_temperature_MLP,95.469,94.7668698989982,-0.7021301010017993
102Ah_25degC_0p5C_cell3,21,102Ah_25degC_0p5C_cell3,20260928,prefix_temperature_MLP,95.318,94.64074901762693,-0.6772509823730672
102Ah_25degC_0p5C_cell3,22,102Ah_25degC_0p5C_cell3,20260928,prefix_temperature_MLP,95.076,94.32543728668286,-0.7505627133171373
102Ah_25degC_0p5C_cell3,23,102Ah_25degC_0p5C_cell3,20260928,prefix_temperature_MLP,94.944,94.0892986824201,-0.8547013175799094
102Ah_25degC_0p5C_cell3,24,102Ah_25degC_0p5C_cell3,20260928,prefix_temperature_MLP,94.756,93.48748608411186,-1.2685139158881356
102Ah_25degC_0p5C_cell3,25,102Ah_25degC_0p5C_cell3,20260928,prefix_temperature_MLP,94.621,93.24485847291277,-1.3761415270872277
102Ah_25degC_0p5C_cell3,26,102Ah_25degC_0p5C_cell3,20260928,prefix_temperature_MLP,94.566,93.68817661412041,-0.8778233858795943
102Ah_25degC_0p5C_cell3,27,102Ah_25degC_0p5C_cell3,20260928,prefix_temperature_MLP,94.418,93.53926559348514,-0.8787344065148659
102Ah_25degC_0p5C_cell3,28,102Ah_25degC_0p5C_cell3,20260928,prefix_temperature_MLP,94.238,93.18687944231189,-1.0511205576881082
102Ah_25degC_0p5C_cell3,29,102Ah_25degC_0p5C_cell3,20260928,prefix_temperature_MLP,94.035,92.35583560734523,-1.6791643926547692
102Ah_25degC_0p5C_cell3,30,102Ah_25degC_0p5C_cell3,20260928,prefix_temperature_MLP,93.975,92.60067968181966,-1.374320318180338
102Ah_25degC_0p5C_cell3,1,102Ah_25degC_0p5C_cell3,20260929,prefix_temperature_MLP,100.57,99.68795312999274,-0.8820468700072581
102Ah_25degC_0p5C_cell3,2,102Ah_25degC_0p5C_cell3,20260929,prefix_temperature_MLP,99.885,98.3460346055715,-1.5389653944285016
102Ah_25degC_0p5C_cell3,3,102Ah_25degC_0p5C_cell3,20260929,prefix_temperature_MLP,99.386,98.0845665922007,-1.3014334077992942
102Ah_25degC_0p5C_cell3,4,102Ah_25degC_0p5C_cell3,20260929,prefix_temperature_MLP,98.994,98.17357103922492,-0.8204289607750752
102Ah_25degC_0p5C_cell3,5,102Ah_25degC_0p5C_cell3,20260929,prefix_temperature_MLP,98.602,98.29764205970902,-0.3043579402909842
102Ah_25degC_0p5C_cell3,6,102Ah_25degC_0p5C_cell3,20260929,prefix_temperature_MLP,98.235,96.84664764833357,-1.388352351666427
102Ah_25degC_0p5C_cell3,7,102Ah_25degC_0p5C_cell3,20260929,prefix_temperature_MLP,97.993,96.35929287751578,-1.6337071224842106
102Ah_25degC_0p5C_cell3,8,102Ah_25degC_0p5C_cell3,20260929,prefix_temperature_MLP,97.71,96.14355373767474,-1.5664462623252575
102Ah_25degC_0p5C_cell3,9,102Ah_25degC_0p5C_cell3,20260929,prefix_temperature_MLP,97.441,95.81784035988275,-1.623159640117251
102Ah_25degC_0p5C_cell3,10,102Ah_25degC_0p5C_cell3,20260929,prefix_temperature_MLP,97.212,95.57376407427739,-1.6382359257226113
102Ah_25degC_0p5C_cell3,11,102Ah_25degC_0p5C_cell3,20260929,prefix_temperature_MLP,97.027,95.46836811264124,-1.5586318873587572
102Ah_25degC_0p5C_cell3,12,102Ah_25degC_0p5C_cell3,20260929,prefix_temperature_MLP,96.825,95.3058067004702,-1.5191932995298032
102Ah_25degC_0p5C_cell3,13,102Ah_25degC_0p5C_cell3,20260929,prefix_temperature_MLP,96.653,95.07921416220573,-1.5737858377942757
102Ah_25degC_0p5C_cell3,14,102Ah_25degC_0p5C_cell3,20260929,prefix_temperature_MLP,96.449,94.83218352481396,-1.6168164751860417
102Ah_25degC_0p5C_cell3,15,102Ah_25degC_0p5C_cell3,20260929,prefix_temperature_MLP,96.24,94.60263423174783,-1.6373657682521667
102Ah_25degC_0p5C_cell3,16,102Ah_25degC_0p5C_cell3,20260929,prefix_temperature_MLP,96.134,94.47935192137253,-1.6546480786274742
102Ah_25degC_0p5C_cell3,17,102Ah_25degC_0p5C_cell3,20260929,prefix_temperature_MLP,95.949,94.38121805150911,-1.5677819484908895
102Ah_25degC_0p5C_cell3,18,102Ah_25degC_0p5C_cell3,20260929,prefix_temperature_MLP,95.782,94.3663952089083,-1.4156047910916953
102Ah_25degC_0p5C_cell3,19,102Ah_25degC_0p5C_cell3,20260929,prefix_temperature_MLP,95.643,94.06748314917576,-1.5755168508242434
102Ah_25degC_0p5C_cell3,20,102Ah_25degC_0p5C_cell3,20260929,prefix_temperature_MLP,95.469,94.02698742982095,-1.4420125701790454
102Ah_25degC_0p5C_cell3,21,102Ah_25degC_0p5C_cell3,20260929,prefix_temperature_MLP,95.318,93.92027429762571,-1.397725702374288
102Ah_25degC_0p5C_cell3,22,102Ah_25degC_0p5C_cell3,20260929,prefix_temperature_MLP,95.076,93.64191649276806,-1.4340835072319322
102Ah_25degC_0p5C_cell3,23,102Ah_25degC_0p5C_cell3,20260929,prefix_temperature_MLP,94.944,93.40051432153447,-1.5434856784655295
102Ah_25degC_0p5C_cell3,24,102Ah_25degC_0p5C_cell3,20260929,prefix_temperature_MLP,94.756,92.85602112592095,-1.8999788740790535
102Ah_25degC_0p5C_cell3,25,102Ah_25degC_0p5C_cell3,20260929,prefix_temperature_MLP,94.621,92.64343306359575,-1.9775669364042443
102Ah_25degC_0p5C_cell3,26,102Ah_25degC_0p5C_cell3,20260929,prefix_temperature_MLP,94.566,93.0869085610656,-1.4790914389344039
102Ah_25degC_0p5C_cell3,27,102Ah_25degC_0p5C_cell3,20260929,prefix_temperature_MLP,94.418,92.96118231673648,-1.4568176832635231
102Ah_25degC_0p5C_cell3,28,102Ah_25degC_0p5C_cell3,20260929,prefix_temperature_MLP,94.238,92.59890370187915,-1.6390962981208475
102Ah_25degC_0p5C_cell3,29,102Ah_25degC_0p5C_cell3,20260929,prefix_temperature_MLP,94.035,91.8044773843838,-2.230522615616195
102Ah_25degC_0p5C_cell3,30,102Ah_25degC_0p5C_cell3,20260929,prefix_temperature_MLP,93.975,92.09018306545613,-1.8848169345438635
102Ah_25degC_0p5C_cell3,1,102Ah_25degC_0p5C_cell3,20260930,prefix_temperature_MLP,100.57,100.59551395534064,0.02551395534064227
102Ah_25degC_0p5C_cell3,2,102Ah_25degC_0p5C_cell3,20260930,prefix_temperature_MLP,99.885,99.8190856767385,-0.06591432326150937
102Ah_25degC_0p5C_cell3,3,102Ah_25degC_0p5C_cell3,20260930,prefix_temperature_MLP,99.386,99.47038888834328,0.08438888834328395
102Ah_25degC_0p5C_cell3,4,102Ah_25degC_0p5C_cell3,20260930,prefix_temperature_MLP,98.994,99.38096373179084,0.38696373179084276
102Ah_25degC_0p5C_cell3,5,102Ah_25degC_0p5C_cell3,20260930,prefix_temperature_MLP,98.602,99.33572084465165,0.7337208446516428
102Ah_25degC_0p5C_cell3,6,102Ah_25degC_0p5C_cell3,20260930,prefix_temperature_MLP,98.235,99.52316585016158,1.288165850161576
102Ah_25degC_0p5C_cell3,7,102Ah_25degC_0p5C_cell3,20260930,prefix_temperature_MLP,97.993,99.04090727647208,1.0479072764720883
102Ah_25degC_0p5C_cell3,8,102Ah_25degC_0p5C_cell3,20260930,prefix_temperature_MLP,97.71,98.91547131923296,1.20547131923297
102Ah_25degC_0p5C_cell3,9,102Ah_25degC_0p5C_cell3,20260930,prefix_temperature_MLP,97.441,98.57972934074823,1.1387293407482275
102Ah_25degC_0p5C_cell3,10,102Ah_25degC_0p5C_cell3,20260930,prefix_temperature_MLP,97.212,98.37079833788823,1.1587983378882285
102Ah_25degC_0p5C_cell3,11,102Ah_25degC_0p5C_cell3,20260930,prefix_temperature_MLP,97.027,98.30032759864893,1.2733275986489332
102Ah_25degC_0p5C_cell3,12,102Ah_25degC_0p5C_cell3,20260930,prefix_temperature_MLP,96.825,98.14644080805992,1.3214408080599185
102Ah_25degC_0p5C_cell3,13,102Ah_25degC_0p5C_cell3,20260930,prefix_temperature_MLP,96.653,97.95953185019401,1.3065318501940055
102Ah_25degC_0p5C_cell3,14,102Ah_25degC_0p5C_cell3,20260930,prefix_temperature_MLP,96.449,97.6862291543153,1.2372291543153011
102Ah_25degC_0p5C_cell3,15,102Ah_25degC_0p5C_cell3,20260930,prefix_temperature_MLP,96.24,97.44563321322366,1.2056332132236633
102Ah_25degC_0p5C_cell3,16,102Ah_25degC_0p5C_cell3,20260930,prefix_temperature_MLP,96.134,97.25612537413132,1.1221253741313149
102Ah_25degC_0p5C_cell3,17,102Ah_25degC_0p5C_cell3,20260930,prefix_temperature_MLP,95.949,97.225208854274,1.276208854274003
102Ah_25degC_0p5C_cell3,18,102Ah_25degC_0p5C_cell3,20260930,prefix_temperature_MLP,95.782,97.20262405641196,1.4206240564119668
102Ah_25degC_0p5C_cell3,19,102Ah_25degC_0p5C_cell3,20260930,prefix_temperature_MLP,95.643,96.9518558603574,1.3088558603573972
102Ah_25degC_0p5C_cell3,20,102Ah_25degC_0p5C_cell3,20260930,prefix_temperature_MLP,95.469,96.87852036591714,1.409520365917146
102Ah_25degC_0p5C_cell3,21,102Ah_25degC_0p5C_cell3,20260930,prefix_temperature_MLP,95.318,96.75940136137693,1.4414013613769328
102Ah_25degC_0p5C_cell3,22,102Ah_25degC_0p5C_cell3,20260930,prefix_temperature_MLP,95.076,96.4171173365791,1.341117336579103
102Ah_25degC_0p5C_cell3,23,102Ah_25degC_0p5C_cell3,20260930,prefix_temperature_MLP,94.944,96.20467134019597,1.2606713401959695
102Ah_25degC_0p5C_cell3,24,102Ah_25degC_0p5C_cell3,20260930,prefix_temperature_MLP,94.756,95.7832278806054,1.0272278806053947
102Ah_25degC_0p5C_cell3,25,102Ah_25degC_0p5C_cell3,20260930,prefix_temperature_MLP,94.621,95.59827873048113,0.9772787304811317
102Ah_25degC_0p5C_cell3,26,102Ah_25degC_0p5C_cell3,20260930,prefix_temperature_MLP,94.566,95.74279735691826,1.1767973569182573
102Ah_25degC_0p5C_cell3,27,102Ah_25degC_0p5C_cell3,20260930,prefix_temperature_MLP,94.418,95.57716079612186,1.1591607961218529
102Ah_25degC_0p5C_cell3,28,102Ah_25degC_0p5C_cell3,20260930,prefix_temperature_MLP,94.238,95.27812032518543,1.040120325185427
102Ah_25degC_0p5C_cell3,29,102Ah_25degC_0p5C_cell3,20260930,prefix_temperature_MLP,94.035,94.8964807298733,0.8614807298733069
102Ah_25degC_0p5C_cell3,30,102Ah_25degC_0p5C_cell3,20260930,prefix_temperature_MLP,93.975,94.85091857723592,0.8759185772359217
102Ah_25degC_1C_cell3,1,102Ah_25degC_1C_cell3,-1,fixed_age_ridge,98.416,96.64514078067614,-1.770859219323853
102Ah_25degC_1C_cell3,2,102Ah_25degC_1C_cell3,-1,fixed_age_ridge,97.313,95.42948322463155,-1.8835167753684487
102Ah_25degC_1C_cell3,3,102Ah_25degC_1C_cell3,-1,fixed_age_ridge,96.453,94.37718411019392,-2.07581588980608
102Ah_25degC_1C_cell3,4,102Ah_25degC_1C_cell3,-1,fixed_age_ridge,95.685,93.49869961686055,-2.1863003831394536
102Ah_25degC_1C_cell3,5,102Ah_25degC_1C_cell3,-1,fixed_age_ridge,95.032,92.76473205936036,-2.267267940639641
102Ah_25degC_1C_cell3,6,102Ah_25degC_1C_cell3,-1,fixed_age_ridge,94.387,92.0580720357663,-2.3289279642336993
102Ah_25degC_1C_cell3,7,102Ah_25degC_1C_cell3,-1,fixed_age_ridge,93.84,91.40466084005112,-2.4353391599488816
102Ah_25degC_1C_cell3,8,102Ah_25degC_1C_cell3,-1,fixed_age_ridge,91.223,89.28918971592182,-1.9338102840781772
102Ah_25degC_1C_cell3,9,102Ah_25degC_1C_cell3,-1,fixed_age_ridge,90.681,88.77465178574997,-1.9063482142500305
102Ah_25degC_1C_cell3,10,102Ah_25degC_1C_cell3,-1,fixed_age_ridge,90.145,88.26933723946276,-1.8756627605372387
102Ah_25degC_1C_cell3,11,102Ah_25degC_1C_cell3,-1,fixed_age_ridge,88.091,86.59838832495555,-1.4926116750444436
102Ah_25degC_1C_cell3,12,102Ah_25degC_1C_cell3,-1,fixed_age_ridge,87.634,86.12770722994492,-1.506292770055083
102Ah_25degC_1C_cell3,13,102Ah_25degC_1C_cell3,-1,fixed_age_ridge,87.186,85.56301520138494,-1.6229847986150645
102Ah_25degC_1C_cell3,14,102Ah_25degC_1C_cell3,-1,fixed_age_ridge,86.59,85.10284206174835,-1.4871579382516558
102Ah_25degC_1C_cell3,15,102Ah_25degC_1C_cell3,-1,fixed_age_ridge,86.06,84.58618376758557,-1.4738162324144355
102Ah_25degC_1C_cell3,16,102Ah_25degC_1C_cell3,-1,fixed_age_ridge,85.611,84.14086510866723,-1.4701348913327763
102Ah_25degC_1C_cell3,17,102Ah_25degC_1C_cell3,-1,fixed_age_ridge,85.114,83.65920972741692,-1.4547902725830824
102Ah_25degC_1C_cell3,18,102Ah_25degC_1C_cell3,-1,fixed_age_ridge,84.615,83.21554094672902,-1.3994590532709736
102Ah_25degC_1C_cell3,19,102Ah_25degC_1C_cell3,-1,fixed_age_ridge,84.043,82.7258947723252,-1.3171052276748014
102Ah_25degC_1C_cell3,20,102Ah_25degC_1C_cell3,-1,fixed_age_ridge,83.473,82.29178743608915,-1.1812125639108473
102Ah_25degC_1C_cell3,21,102Ah_25degC_1C_cell3,-1,fixed_age_ridge,82.835,81.85243760190254,-0.9825623980974569
102Ah_25degC_1C_cell3,22,102Ah_25degC_1C_cell3,-1,fixed_age_ridge,81.961,81.29303060697745,-0.6679693930225454
102Ah_25degC_1C_cell3,23,102Ah_25degC_1C_cell3,-1,fixed_age_ridge,81.241,80.85519689246001,-0.38580310753998504
102Ah_25degC_1C_cell3,24,102Ah_25degC_1C_cell3,-1,fixed_age_ridge,80.472,80.42469986678033,-0.04730013321966453
102Ah_25degC_1C_cell3,25,102Ah_25degC_1C_cell3,-1,fixed_age_ridge,79.606,80.00128009733444,0.39528009733444947
102Ah_25degC_1C_cell3,26,102Ah_25degC_1C_cell3,-1,fixed_age_ridge,78.648,79.58472697619344,0.9367269761934409
102Ah_25degC_1C_cell3,27,102Ah_25degC_1C_cell3,-1,fixed_age_ridge,77.549,79.15815175946486,1.6091517594648508
102Ah_25degC_1C_cell3,28,102Ah_25degC_1C_cell3,-1,fixed_age_ridge,76.204,78.7276482920998,2.523648292099807
102Ah_25degC_1C_cell3,29,102Ah_25degC_1C_cell3,-1,fixed_age_ridge,73.38,77.76633157946537,4.386331579465377
102Ah_25degC_1C_cell3,30,102Ah_25degC_1C_cell3,-1,fixed_age_ridge,70.854,77.58176307930039,6.727763079300388
102Ah_25degC_1C_cell3,1,102Ah_25degC_1C_cell3,-1,prefix_temperature_RBF,98.416,99.32962928007272,0.9136292800727261
102Ah_25degC_1C_cell3,2,102Ah_25degC_1C_cell3,-1,prefix_temperature_RBF,97.313,98.4077835883943,1.094783588394293
102Ah_25degC_1C_cell3,3,102Ah_25degC_1C_cell3,-1,prefix_temperature_RBF,96.453,97.71127339969067,1.2582733996906654
102Ah_25degC_1C_cell3,4,102Ah_25degC_1C_cell3,-1,prefix_temperature_RBF,95.685,97.07925950918201,1.3942595091820067
102Ah_25degC_1C_cell3,5,102Ah_25degC_1C_cell3,-1,prefix_temperature_RBF,95.032,96.18575503478706,1.1537550347870678
102Ah_25degC_1C_cell3,6,102Ah_25degC_1C_cell3,-1,prefix_temperature_RBF,94.387,95.66630887891777,1.2793088789177745
102Ah_25degC_1C_cell3,7,102Ah_25degC_1C_cell3,-1,prefix_temperature_RBF,93.84,95.25951546683132,1.4195154668313137
102Ah_25degC_1C_cell3,8,102Ah_25degC_1C_cell3,-1,prefix_temperature_RBF,91.223,94.9895740230366,3.766574023036597
102Ah_25degC_1C_cell3,9,102Ah_25degC_1C_cell3,-1,prefix_temperature_RBF,90.681,95.6572501467987,4.976250146798705
102Ah_25degC_1C_cell3,10,102Ah_25degC_1C_cell3,-1,prefix_temperature_RBF,90.145,96.24912818296039,6.104128182960395
102Ah_25degC_1C_cell3,11,102Ah_25degC_1C_cell3,-1,prefix_temperature_RBF,88.091,93.05219124645934,4.96119124645935
102Ah_25degC_1C_cell3,12,102Ah_25degC_1C_cell3,-1,prefix_temperature_RBF,87.634,93.20749703456474,5.573497034564738
102Ah_25degC_1C_cell3,13,102Ah_25degC_1C_cell3,-1,prefix_temperature_RBF,87.186,90.07785622535542,2.8918562253554114
102Ah_25degC_1C_cell3,14,102Ah_25degC_1C_cell3,-1,prefix_temperature_RBF,86.59,92.07169924884772,5.481699248847718
102Ah_25degC_1C_cell3,15,102Ah_25degC_1C_cell3,-1,prefix_temperature_RBF,86.06,91.81365752102879,5.753657521028785
102Ah_25degC_1C_cell3,16,102Ah_25degC_1C_cell3,-1,prefix_temperature_RBF,85.611,91.79663927616943,6.185639276169425
102Ah_25degC_1C_cell3,17,102Ah_25degC_1C_cell3,-1,prefix_temperature_RBF,85.114,90.63843376320906,5.5244337632090605
102Ah_25degC_1C_cell3,18,102Ah_25degC_1C_cell3,-1,prefix_temperature_RBF,84.615,90.0393260579471,5.424326057947098
102Ah_25degC_1C_cell3,19,102Ah_25degC_1C_cell3,-1,prefix_temperature_RBF,84.043,90.42007587153377,6.377075871533762
102Ah_25degC_1C_cell3,20,102Ah_25degC_1C_cell3,-1,prefix_temperature_RBF,83.473,89.28703033406583,5.8140303340658335
102Ah_25degC_1C_cell3,21,102Ah_25degC_1C_cell3,-1,prefix_temperature_RBF,82.835,88.01600103989608,5.181001039896088
102Ah_25degC_1C_cell3,22,102Ah_25degC_1C_cell3,-1,prefix_temperature_RBF,81.961,88.0115831267828,6.050583126782797
102Ah_25degC_1C_cell3,23,102Ah_25degC_1C_cell3,-1,prefix_temperature_RBF,81.241,87.22016308751235,5.979163087512347
102Ah_25degC_1C_cell3,24,102Ah_25degC_1C_cell3,-1,prefix_temperature_RBF,80.472,86.92139796107604,6.449397961076045
102Ah_25degC_1C_cell3,25,102Ah_25degC_1C_cell3,-1,prefix_temperature_RBF,79.606,86.06230511012066,6.456305110120667
102Ah_25degC_1C_cell3,26,102Ah_25degC_1C_cell3,-1,prefix_temperature_RBF,78.648,85.26450854538513,6.6165085453851304
102Ah_25degC_1C_cell3,27,102Ah_25degC_1C_cell3,-1,prefix_temperature_RBF,77.549,85.33414419899879,7.785144198998779
102Ah_25degC_1C_cell3,28,102Ah_25degC_1C_cell3,-1,prefix_temperature_RBF,76.204,85.10067369180898,8.896673691808985
102Ah_25degC_1C_cell3,29,102Ah_25degC_1C_cell3,-1,prefix_temperature_RBF,73.38,83.22547952520924,9.845479525209242
102Ah_25degC_1C_cell3,30,102Ah_25degC_1C_cell3,-1,prefix_temperature_RBF,70.854,82.97347003198612,12.119470031986125
102Ah_25degC_1C_cell3,1,102Ah_25degC_1C_cell3,20260928,prefix_temperature_MLP,98.416,97.6041581170447,-0.8118418829552922
102Ah_25degC_1C_cell3,2,102Ah_25degC_1C_cell3,20260928,prefix_temperature_MLP,97.313,96.51065747904897,-0.8023425209510293
102Ah_25degC_1C_cell3,3,102Ah_25degC_1C_cell3,20260928,prefix_temperature_MLP,96.453,95.73851318886824,-0.7144868111317635
102Ah_25degC_1C_cell3,4,102Ah_25degC_1C_cell3,20260928,prefix_temperature_MLP,95.685,95.11226112790028,-0.5727388720997197
102Ah_25degC_1C_cell3,5,102Ah_25degC_1C_cell3,20260928,prefix_temperature_MLP,95.032,94.58203023326477,-0.44996976673522227
102Ah_25degC_1C_cell3,6,102Ah_25degC_1C_cell3,20260928,prefix_temperature_MLP,94.387,94.19087261483735,-0.19612738516265438
102Ah_25degC_1C_cell3,7,102Ah_25degC_1C_cell3,20260928,prefix_temperature_MLP,93.84,93.82781781675095,-0.012182183249052514
102Ah_25degC_1C_cell3,8,102Ah_25degC_1C_cell3,20260928,prefix_temperature_MLP,91.223,92.17297496372456,0.9499749637245571
102Ah_25degC_1C_cell3,9,102Ah_25degC_1C_cell3,20260928,prefix_temperature_MLP,90.681,92.39744236077743,1.7164423607774353
102Ah_25degC_1C_cell3,10,102Ah_25degC_1C_cell3,20260928,prefix_temperature_MLP,90.145,92.85243565102282,2.70743565102282
102Ah_25degC_1C_cell3,11,102Ah_25degC_1C_cell3,20260928,prefix_temperature_MLP,88.091,90.20047534582957,2.10947534582958
102Ah_25degC_1C_cell3,12,102Ah_25degC_1C_cell3,20260928,prefix_temperature_MLP,87.634,90.25003884920761,2.6160388492076123
102Ah_25degC_1C_cell3,13,102Ah_25degC_1C_cell3,20260928,prefix_temperature_MLP,87.186,87.92234204083196,0.736342040831957
102Ah_25degC_1C_cell3,14,102Ah_25degC_1C_cell3,20260928,prefix_temperature_MLP,86.59,89.30067559980377,2.710675599803764
102Ah_25degC_1C_cell3,15,102Ah_25degC_1C_cell3,20260928,prefix_temperature_MLP,86.06,89.13312409427624,3.0731240942762383
102Ah_25degC_1C_cell3,16,102Ah_25degC_1C_cell3,20260928,prefix_temperature_MLP,85.611,89.23229195803246,3.621291958032458
102Ah_25degC_1C_cell3,17,102Ah_25degC_1C_cell3,20260928,prefix_temperature_MLP,85.114,88.2655811301574,3.151581130157396
102Ah_25degC_1C_cell3,18,102Ah_25degC_1C_cell3,20260928,prefix_temperature_MLP,84.615,87.83545214057668,3.2204521405766826
102Ah_25degC_1C_cell3,19,102Ah_25degC_1C_cell3,20260928,prefix_temperature_MLP,84.043,88.3265732162339,4.28357321623389
102Ah_25degC_1C_cell3,20,102Ah_25degC_1C_cell3,20260928,prefix_temperature_MLP,83.473,87.36734991320097,3.894349913200969
102Ah_25degC_1C_cell3,21,102Ah_25degC_1C_cell3,20260928,prefix_temperature_MLP,82.835,86.22280560574775,3.387805605747758
102Ah_25degC_1C_cell3,22,102Ah_25degC_1C_cell3,20260928,prefix_temperature_MLP,81.961,86.25103698896598,4.29003698896598
102Ah_25degC_1C_cell3,23,102Ah_25degC_1C_cell3,20260928,prefix_temperature_MLP,81.241,85.5523247115213,4.311324711521294
102Ah_25degC_1C_cell3,24,102Ah_25degC_1C_cell3,20260928,prefix_temperature_MLP,80.472,85.31272801161676,4.840728011616761
102Ah_25degC_1C_cell3,25,102Ah_25degC_1C_cell3,20260928,prefix_temperature_MLP,79.606,84.58397367414719,4.977973674147194
102Ah_25degC_1C_cell3,26,102Ah_25degC_1C_cell3,20260928,prefix_temperature_MLP,78.648,83.89160792712117,5.243607927121175
102Ah_25degC_1C_cell3,27,102Ah_25degC_1C_cell3,20260928,prefix_temperature_MLP,77.549,84.02642120297682,6.477421202976814
102Ah_25degC_1C_cell3,28,102Ah_25degC_1C_cell3,20260928,prefix_temperature_MLP,76.204,83.89203742555317,7.688037425553176
102Ah_25degC_1C_cell3,29,102Ah_25degC_1C_cell3,20260928,prefix_temperature_MLP,73.38,81.29501953341435,7.915019533414352
102Ah_25degC_1C_cell3,30,102Ah_25degC_1C_cell3,20260928,prefix_temperature_MLP,70.854,80.84097032798813,9.986970327988132
102Ah_25degC_1C_cell3,1,102Ah_25degC_1C_cell3,20260929,prefix_temperature_MLP,98.416,97.33479602502658,-1.0812039749734197
102Ah_25degC_1C_cell3,2,102Ah_25degC_1C_cell3,20260929,prefix_temperature_MLP,97.313,96.37649082112432,-0.9365091788756814
102Ah_25degC_1C_cell3,3,102Ah_25degC_1C_cell3,20260929,prefix_temperature_MLP,96.453,95.62620063355513,-0.8267993664448738
102Ah_25degC_1C_cell3,4,102Ah_25degC_1C_cell3,20260929,prefix_temperature_MLP,95.685,94.9571678156368,-0.7278321843632085
102Ah_25degC_1C_cell3,5,102Ah_25degC_1C_cell3,20260929,prefix_temperature_MLP,95.032,94.30246323001465,-0.7295367699853443
102Ah_25degC_1C_cell3,6,102Ah_25degC_1C_cell3,20260929,prefix_temperature_MLP,94.387,93.72872347161835,-0.6582765283816485
102Ah_25degC_1C_cell3,7,102Ah_25degC_1C_cell3,20260929,prefix_temperature_MLP,93.84,93.25883593084092,-0.5811640691590867
102Ah_25degC_1C_cell3,8,102Ah_25degC_1C_cell3,20260929,prefix_temperature_MLP,91.223,91.98632182651752,0.7633218265175259
102Ah_25degC_1C_cell3,9,102Ah_25degC_1C_cell3,20260929,prefix_temperature_MLP,90.681,92.02544190492111,1.344441904921112
102Ah_25degC_1C_cell3,10,102Ah_25degC_1C_cell3,20260929,prefix_temperature_MLP,90.145,92.43258911629381,2.287589116293816
102Ah_25degC_1C_cell3,11,102Ah_25degC_1C_cell3,20260929,prefix_temperature_MLP,88.091,90.10327757475719,2.012277574757192
102Ah_25degC_1C_cell3,12,102Ah_25degC_1C_cell3,20260929,prefix_temperature_MLP,87.634,89.88278936037705,2.248789360377046
102Ah_25degC_1C_cell3,13,102Ah_25degC_1C_cell3,20260929,prefix_temperature_MLP,87.186,88.43691227703802,1.2509122770380117
102Ah_25degC_1C_cell3,14,102Ah_25degC_1C_cell3,20260929,prefix_temperature_MLP,86.59,88.64324161313995,2.053241613139946
102Ah_25degC_1C_cell3,15,102Ah_25degC_1C_cell3,20260929,prefix_temperature_MLP,86.06,88.13914177921276,2.0791417792127618
102Ah_25degC_1C_cell3,16,102Ah_25degC_1C_cell3,20260929,prefix_temperature_MLP,85.611,87.86004903048119,2.2490490304811885
102Ah_25degC_1C_cell3,17,102Ah_25degC_1C_cell3,20260929,prefix_temperature_MLP,85.114,86.81669568933098,1.7026956893309801
102Ah_25degC_1C_cell3,18,102Ah_25degC_1C_cell3,20260929,prefix_temperature_MLP,84.615,86.16554290176137,1.550542901761375
102Ah_25degC_1C_cell3,19,102Ah_25degC_1C_cell3,20260929,prefix_temperature_MLP,84.043,86.14569433859413,2.1026943385941195
102Ah_25degC_1C_cell3,20,102Ah_25degC_1C_cell3,20260929,prefix_temperature_MLP,83.473,85.09508328684294,1.622083286842937
102Ah_25degC_1C_cell3,21,102Ah_25degC_1C_cell3,20260929,prefix_temperature_MLP,82.835,84.1046386822248,1.2696386822248087
102Ah_25degC_1C_cell3,22,102Ah_25degC_1C_cell3,20260929,prefix_temperature_MLP,81.961,83.68036638426017,1.7193663842601694
102Ah_25degC_1C_cell3,23,102Ah_25degC_1C_cell3,20260929,prefix_temperature_MLP,81.241,82.94396084471526,1.702960844715264
102Ah_25degC_1C_cell3,24,102Ah_25degC_1C_cell3,20260929,prefix_temperature_MLP,80.472,82.49886044264703,2.0268604426470347
102Ah_25degC_1C_cell3,25,102Ah_25degC_1C_cell3,20260929,prefix_temperature_MLP,79.606,81.73073878702408,2.1247387870240857
102Ah_25degC_1C_cell3,26,102Ah_25degC_1C_cell3,20260929,prefix_temperature_MLP,78.648,81.03542201403523,2.387422014035238
102Ah_25degC_1C_cell3,27,102Ah_25degC_1C_cell3,20260929,prefix_temperature_MLP,77.549,80.76935221131575,3.220352211315742
102Ah_25degC_1C_cell3,28,102Ah_25degC_1C_cell3,20260929,prefix_temperature_MLP,76.204,80.426851068055,4.222851068055007
102Ah_25degC_1C_cell3,29,102Ah_25degC_1C_cell3,20260929,prefix_temperature_MLP,73.38,78.8021742365546,5.422174236554611
102Ah_25degC_1C_cell3,30,102Ah_25degC_1C_cell3,20260929,prefix_temperature_MLP,70.854,78.50236385120438,7.64836385120438
102Ah_25degC_1C_cell3,1,102Ah_25degC_1C_cell3,20260930,prefix_temperature_MLP,98.416,98.37880624698474,-0.03719375301525929
102Ah_25degC_1C_cell3,2,102Ah_25degC_1C_cell3,20260930,prefix_temperature_MLP,97.313,97.33334331679464,0.02034331679463719
102Ah_25degC_1C_cell3,3,102Ah_25degC_1C_cell3,20260930,prefix_temperature_MLP,96.453,96.4381920867259,-0.014807913274097473
102Ah_25degC_1C_cell3,4,102Ah_25degC_1C_cell3,20260930,prefix_temperature_MLP,95.685,95.81422157235066,0.12922157235065868
102Ah_25degC_1C_cell3,5,102Ah_25degC_1C_cell3,20260930,prefix_temperature_MLP,95.032,94.85717099559388,-0.1748290044061207
102Ah_25degC_1C_cell3,6,102Ah_25degC_1C_cell3,20260930,prefix_temperature_MLP,94.387,94.5475432328946,0.1605432328945966
102Ah_25degC_1C_cell3,7,102Ah_25degC_1C_cell3,20260930,prefix_temperature_MLP,93.84,94.14637865545029,0.3063786554502883
102Ah_25degC_1C_cell3,8,102Ah_25degC_1C_cell3,20260930,prefix_temperature_MLP,91.223,93.46925153309101,2.246251533091012
102Ah_25degC_1C_cell3,9,102Ah_25degC_1C_cell3,20260930,prefix_temperature_MLP,90.681,93.6928026875444,3.011802687544403
102Ah_25degC_1C_cell3,10,102Ah_25degC_1C_cell3,20260930,prefix_temperature_MLP,90.145,93.91590363045397,3.7709036304539723
102Ah_25degC_1C_cell3,11,102Ah_25degC_1C_cell3,20260930,prefix_temperature_MLP,88.091,91.03915752051219,2.948157520512197
102Ah_25degC_1C_cell3,12,102Ah_25degC_1C_cell3,20260930,prefix_temperature_MLP,87.634,90.93428968081162,3.300289680811616
102Ah_25degC_1C_cell3,13,102Ah_25degC_1C_cell3,20260930,prefix_temperature_MLP,87.186,88.4058177259516,1.2198177259515859
102Ah_25degC_1C_cell3,14,102Ah_25degC_1C_cell3,20260930,prefix_temperature_MLP,86.59,89.56905910276397,2.9790591027639692
102Ah_25degC_1C_cell3,15,102Ah_25degC_1C_cell3,20260930,prefix_temperature_MLP,86.06,89.14857361820202,3.0885736182020196
102Ah_25degC_1C_cell3,16,102Ah_25degC_1C_cell3,20260930,prefix_temperature_MLP,85.611,89.0334127160891,3.4224127160890987
102Ah_25degC_1C_cell3,17,102Ah_25degC_1C_cell3,20260930,prefix_temperature_MLP,85.114,87.8240003577575,2.710000357757494
102Ah_25degC_1C_cell3,18,102Ah_25degC_1C_cell3,20260930,prefix_temperature_MLP,84.615,87.18634277702077,2.5713427770207744
102Ah_25degC_1C_cell3,19,102Ah_25degC_1C_cell3,20260930,prefix_temperature_MLP,84.043,87.47922977140968,3.4362297714096712
102Ah_25degC_1C_cell3,20,102Ah_25degC_1C_cell3,20260930,prefix_temperature_MLP,83.473,86.29492168673002,2.821921686730022
102Ah_25degC_1C_cell3,21,102Ah_25degC_1C_cell3,20260930,prefix_temperature_MLP,82.835,85.16397272191291,2.328972721912919
102Ah_25degC_1C_cell3,22,102Ah_25degC_1C_cell3,20260930,prefix_temperature_MLP,81.961,84.9595636002941,2.998563600294105
102Ah_25degC_1C_cell3,23,102Ah_25degC_1C_cell3,20260930,prefix_temperature_MLP,81.241,84.32017725630584,3.07917725630584
102Ah_25degC_1C_cell3,24,102Ah_25degC_1C_cell3,20260930,prefix_temperature_MLP,80.472,84.003777825841,3.5317778258410044
102Ah_25degC_1C_cell3,25,102Ah_25degC_1C_cell3,20260930,prefix_temperature_MLP,79.606,83.25555255827194,3.6495525582719495
102Ah_25degC_1C_cell3,26,102Ah_25degC_1C_cell3,20260930,prefix_temperature_MLP,78.648,82.45260350588704,3.8046035058870444
102Ah_25degC_1C_cell3,27,102Ah_25degC_1C_cell3,20260930,prefix_temperature_MLP,77.549,82.51915277417433,4.970152774174323
102Ah_25degC_1C_cell3,28,102Ah_25degC_1C_cell3,20260930,prefix_temperature_MLP,76.204,82.32091287187275,6.116912871872756
102Ah_25degC_1C_cell3,29,102Ah_25degC_1C_cell3,20260930,prefix_temperature_MLP,73.38,80.23287167765568,6.852871677655685
102Ah_25degC_1C_cell3,30,102Ah_25degC_1C_cell3,20260930,prefix_temperature_MLP,70.854,79.93280368103073,9.078803681030735
102Ah_35degC_1C_cell1,1,102Ah_35degC_1C_cell1,-1,fixed_age_ridge,97.944,95.70285608724562,-2.2411439127543815
102Ah_35degC_1C_cell1,2,102Ah_35degC_1C_cell1,-1,fixed_age_ridge,96.746,94.19299611571299,-2.5530038842870084
102Ah_35degC_1C_cell1,3,102Ah_35degC_1C_cell1,-1,fixed_age_ridge,95.84,93.02487195023399,-2.8151280497660167
102Ah_35degC_1C_cell1,4,102Ah_35degC_1C_cell1,-1,fixed_age_ridge,95.05,92.00789355695949,-3.0421064430405096
102Ah_35degC_1C_cell1,5,102Ah_35degC_1C_cell1,-1,fixed_age_ridge,94.325,91.06994443486477,-3.255055565135237
102Ah_35degC_1C_cell1,6,102Ah_35degC_1C_cell1,-1,fixed_age_ridge,93.595,90.16836338412398,-3.4266366158760206
102Ah_35degC_1C_cell1,7,102Ah_35degC_1C_cell1,-1,fixed_age_ridge,92.852,89.1841159032254,-3.6678840967746
102Ah_35degC_1C_cell1,8,102Ah_35degC_1C_cell1,-1,fixed_age_ridge,92.207,88.38519639355722,-3.8218036064427707
102Ah_35degC_1C_cell1,9,102Ah_35degC_1C_cell1,-1,fixed_age_ridge,91.607,87.52756735904454,-4.07943264095546
102Ah_35degC_1C_cell1,10,102Ah_35degC_1C_cell1,-1,fixed_age_ridge,90.941,86.77428929266263,-4.166710707337373
102Ah_35degC_1C_cell1,11,102Ah_35degC_1C_cell1,-1,fixed_age_ridge,89.839,86.03263344672547,-3.806366553274529
102Ah_35degC_1C_cell1,12,102Ah_35degC_1C_cell1,-1,fixed_age_ridge,89.102,85.14853769766002,-3.953462302339986
102Ah_35degC_1C_cell1,13,102Ah_35degC_1C_cell1,-1,fixed_age_ridge,88.517,84.4395907802312,-4.077409219768796
102Ah_35degC_1C_cell1,14,102Ah_35degC_1C_cell1,-1,fixed_age_ridge,87.874,83.73961606313883,-4.13438393686117
102Ah_35degC_1C_cell1,15,102Ah_35degC_1C_cell1,-1,fixed_age_ridge,87.254,83.04421169913145,-4.209788300868553
102Ah_35degC_1C_cell1,16,102Ah_35degC_1C_cell1,-1,fixed_age_ridge,86.669,82.3236591593211,-4.345340840678901
102Ah_35degC_1C_cell1,17,102Ah_35degC_1C_cell1,-1,fixed_age_ridge,86.04,81.57954734555251,-4.460452654447494
102Ah_35degC_1C_cell1,18,102Ah_35degC_1C_cell1,-1,fixed_age_ridge,85.225,80.83106524328946,-4.393934756710536
102Ah_35degC_1C_cell1,19,102Ah_35degC_1C_cell1,-1,fixed_age_ridge,84.635,80.16265260504358,-4.472347394956429
102Ah_35degC_1C_cell1,20,102Ah_35degC_1C_cell1,-1,fixed_age_ridge,84.066,79.49931414389289,-4.566685856107114
102Ah_35degC_1C_cell1,21,102Ah_35degC_1C_cell1,-1,fixed_age_ridge,83.481,78.8294503690177,-4.651549630982288
102Ah_35degC_1C_cell1,22,102Ah_35degC_1C_cell1,-1,fixed_age_ridge,82.816,78.17780337241169,-4.638196627588314
102Ah_35degC_1C_cell1,23,102Ah_35degC_1C_cell1,-1,fixed_age_ridge,82.089,77.50344703602948,-4.585552963970514
102Ah_35degC_1C_cell1,24,102Ah_35degC_1C_cell1,-1,fixed_age_ridge,81.26,77.01462144994959,-4.245378550050418
102Ah_35degC_1C_cell1,25,102Ah_35degC_1C_cell1,-1,fixed_age_ridge,80.436,76.9763382204232,-3.4596617795768054
102Ah_35degC_1C_cell1,26,102Ah_35degC_1C_cell1,-1,fixed_age_ridge,79.583,76.94612771000574,-2.6368722899942583
102Ah_35degC_1C_cell1,27,102Ah_35degC_1C_cell1,-1,fixed_age_ridge,78.65,76.91799731479875,-1.7320026852012518
102Ah_35degC_1C_cell1,28,102Ah_35degC_1C_cell1,-1,fixed_age_ridge,77.59,75.80022659401216,-1.7897734059878445
102Ah_35degC_1C_cell1,29,102Ah_35degC_1C_cell1,-1,fixed_age_ridge,76.374,75.19824104401714,-1.1757589559828574
102Ah_35degC_1C_cell1,30,102Ah_35degC_1C_cell1,-1,fixed_age_ridge,75.089,75.17597111714365,0.0869711171436478
102Ah_35degC_1C_cell1,1,102Ah_35degC_1C_cell1,-1,prefix_temperature_RBF,97.944,98.71262133343814,0.7686213334381335
102Ah_35degC_1C_cell1,2,102Ah_35degC_1C_cell1,-1,prefix_temperature_RBF,96.746,97.14164264504103,0.3956426450410362
102Ah_35degC_1C_cell1,3,102Ah_35degC_1C_cell1,-1,prefix_temperature_RBF,95.84,95.81775908117778,-0.022240918822220124
102Ah_35degC_1C_cell1,4,102Ah_35degC_1C_cell1,-1,prefix_temperature_RBF,95.05,94.6438833131375,-0.4061166868625037
102Ah_35degC_1C_cell1,5,102Ah_35degC_1C_cell1,-1,prefix_temperature_RBF,94.325,93.4656030843127,-0.8593969156872987
102Ah_35degC_1C_cell1,6,102Ah_35degC_1C_cell1,-1,prefix_temperature_RBF,93.595,92.4795492407776,-1.115450759222398
102Ah_35degC_1C_cell1,7,102Ah_35degC_1C_cell1,-1,prefix_temperature_RBF,92.852,91.23674698864802,-1.6152530113519816
102Ah_35degC_1C_cell1,8,102Ah_35degC_1C_cell1,-1,prefix_temperature_RBF,92.207,89.9663294626366,-2.2406705373633997
102Ah_35degC_1C_cell1,9,102Ah_35degC_1C_cell1,-1,prefix_temperature_RBF,91.607,88.95689118772515,-2.6501088122748513
102Ah_35degC_1C_cell1,10,102Ah_35degC_1C_cell1,-1,prefix_temperature_RBF,90.941,87.96934791505896,-2.9716520849410415
102Ah_35degC_1C_cell1,11,102Ah_35degC_1C_cell1,-1,prefix_temperature_RBF,89.839,87.24904682739847,-2.5899531726015255
102Ah_35degC_1C_cell1,12,102Ah_35degC_1C_cell1,-1,prefix_temperature_RBF,89.102,85.91992355490216,-3.1820764450978487
102Ah_35degC_1C_cell1,13,102Ah_35degC_1C_cell1,-1,prefix_temperature_RBF,88.517,84.93807269973664,-3.5789273002633593
102Ah_35degC_1C_cell1,14,102Ah_35degC_1C_cell1,-1,prefix_temperature_RBF,87.874,84.0586382518721,-3.8153617481278985
102Ah_35degC_1C_cell1,15,102Ah_35degC_1C_cell1,-1,prefix_temperature_RBF,87.254,82.60105368782385,-4.652946312176155
102Ah_35degC_1C_cell1,16,102Ah_35degC_1C_cell1,-1,prefix_temperature_RBF,86.669,82.62623204311348,-4.042767956886522
102Ah_35degC_1C_cell1,17,102Ah_35degC_1C_cell1,-1,prefix_temperature_RBF,86.04,80.88806945677705,-5.15193054322296
102Ah_35degC_1C_cell1,18,102Ah_35degC_1C_cell1,-1,prefix_temperature_RBF,85.225,80.80204883377078,-4.422951166229211
102Ah_35degC_1C_cell1,19,102Ah_35degC_1C_cell1,-1,prefix_temperature_RBF,84.635,80.20910140003195,-4.4258985999680505
102Ah_35degC_1C_cell1,20,102Ah_35degC_1C_cell1,-1,prefix_temperature_RBF,84.066,79.07690487196027,-4.989095128039736
102Ah_35degC_1C_cell1,21,102Ah_35degC_1C_cell1,-1,prefix_temperature_RBF,83.481,77.94555696482792,-5.535443035172079
102Ah_35degC_1C_cell1,22,102Ah_35degC_1C_cell1,-1,prefix_temperature_RBF,82.816,77.16091865634587,-5.655081343654132
102Ah_35degC_1C_cell1,23,102Ah_35degC_1C_cell1,-1,prefix_temperature_RBF,82.089,75.34244503153606,-6.74655496846394
102Ah_35degC_1C_cell1,24,102Ah_35degC_1C_cell1,-1,prefix_temperature_RBF,81.26,74.31246602873857,-6.947533971261436
102Ah_35degC_1C_cell1,25,102Ah_35degC_1C_cell1,-1,prefix_temperature_RBF,80.436,75.10130762469596,-5.334692375304044
102Ah_35degC_1C_cell1,26,102Ah_35degC_1C_cell1,-1,prefix_temperature_RBF,79.583,76.64862751382792,-2.93437248617208
102Ah_35degC_1C_cell1,27,102Ah_35degC_1C_cell1,-1,prefix_temperature_RBF,78.65,76.9261460290466,-1.7238539709533995
102Ah_35degC_1C_cell1,28,102Ah_35degC_1C_cell1,-1,prefix_temperature_RBF,77.59,73.0231106722982,-4.5668893277018014
102Ah_35degC_1C_cell1,29,102Ah_35degC_1C_cell1,-1,prefix_temperature_RBF,76.374,72.02045513939322,-4.353544860606775
102Ah_35degC_1C_cell1,30,102Ah_35degC_1C_cell1,-1,prefix_temperature_RBF,75.089,72.02007477226982,-3.068925227730176
102Ah_35degC_1C_cell1,1,102Ah_35degC_1C_cell1,20260928,prefix_temperature_MLP,97.944,99.01193001226393,1.067930012263929
102Ah_35degC_1C_cell1,2,102Ah_35degC_1C_cell1,20260928,prefix_temperature_MLP,96.746,97.69881257536875,0.9528125753687533
102Ah_35degC_1C_cell1,3,102Ah_35degC_1C_cell1,20260928,prefix_temperature_MLP,95.84,96.67396939286094,0.8339693928609364
102Ah_35degC_1C_cell1,4,102Ah_35degC_1C_cell1,20260928,prefix_temperature_MLP,95.05,95.76231407583461,0.7123140758346125
102Ah_35degC_1C_cell1,5,102Ah_35degC_1C_cell1,20260928,prefix_temperature_MLP,94.325,94.88770156453396,0.5627015645339526
102Ah_35degC_1C_cell1,6,102Ah_35degC_1C_cell1,20260928,prefix_temperature_MLP,93.595,93.87669306170577,0.28169306170576647
102Ah_35degC_1C_cell1,7,102Ah_35degC_1C_cell1,20260928,prefix_temperature_MLP,92.852,92.82446266874359,-0.027537331256411335
102Ah_35degC_1C_cell1,8,102Ah_35degC_1C_cell1,20260928,prefix_temperature_MLP,92.207,92.11621684414926,-0.09078315585072971
102Ah_35degC_1C_cell1,9,102Ah_35degC_1C_cell1,20260928,prefix_temperature_MLP,91.607,91.18020436389683,-0.42679563610316507
102Ah_35degC_1C_cell1,10,102Ah_35degC_1C_cell1,20260928,prefix_temperature_MLP,90.941,90.43116299566556,-0.5098370043344431
102Ah_35degC_1C_cell1,11,102Ah_35degC_1C_cell1,20260928,prefix_temperature_MLP,89.839,89.57580747512208,-0.26319252487792255
102Ah_35degC_1C_cell1,12,102Ah_35degC_1C_cell1,20260928,prefix_temperature_MLP,89.102,88.56243187414317,-0.5395681258568317
102Ah_35degC_1C_cell1,13,102Ah_35degC_1C_cell1,20260928,prefix_temperature_MLP,88.517,87.74342593381091,-0.7735740661890844
102Ah_35degC_1C_cell1,14,102Ah_35degC_1C_cell1,20260928,prefix_temperature_MLP,87.874,86.89898672392069,-0.9750132760793093
102Ah_35degC_1C_cell1,15,102Ah_35degC_1C_cell1,20260928,prefix_temperature_MLP,87.254,85.98170025503966,-1.2722997449603497
102Ah_35degC_1C_cell1,16,102Ah_35degC_1C_cell1,20260928,prefix_temperature_MLP,86.669,84.99665591873577,-1.672344081264228
102Ah_35degC_1C_cell1,17,102Ah_35degC_1C_cell1,20260928,prefix_temperature_MLP,86.04,83.34713119259841,-2.692868807401595
102Ah_35degC_1C_cell1,18,102Ah_35degC_1C_cell1,20260928,prefix_temperature_MLP,85.225,82.71818835119961,-2.5068116488003795
102Ah_35degC_1C_cell1,19,102Ah_35degC_1C_cell1,20260928,prefix_temperature_MLP,84.635,81.69037341402642,-2.9446265859735803
102Ah_35degC_1C_cell1,20,102Ah_35degC_1C_cell1,20260928,prefix_temperature_MLP,84.066,80.10414542221702,-3.9618545777829866
102Ah_35degC_1C_cell1,21,102Ah_35degC_1C_cell1,20260928,prefix_temperature_MLP,83.481,78.51768019809066,-4.963319801909336
102Ah_35degC_1C_cell1,22,102Ah_35degC_1C_cell1,20260928,prefix_temperature_MLP,82.816,77.31457695868488,-5.501423041315121
102Ah_35degC_1C_cell1,23,102Ah_35degC_1C_cell1,20260928,prefix_temperature_MLP,82.089,74.96402786183515,-7.12497213816485
102Ah_35degC_1C_cell1,24,102Ah_35degC_1C_cell1,20260928,prefix_temperature_MLP,81.26,68.68138094091638,-12.578619059083621
102Ah_35degC_1C_cell1,25,102Ah_35degC_1C_cell1,20260928,prefix_temperature_MLP,80.436,67.09792406637047,-13.33807593362954
102Ah_35degC_1C_cell1,26,102Ah_35degC_1C_cell1,20260928,prefix_temperature_MLP,79.583,66.96129494633387,-12.621705053666133
102Ah_35degC_1C_cell1,27,102Ah_35degC_1C_cell1,20260928,prefix_temperature_MLP,78.65,66.9199008487343,-11.730099151265705
102Ah_35degC_1C_cell1,28,102Ah_35degC_1C_cell1,20260928,prefix_temperature_MLP,77.59,71.1877821932248,-6.402217806775198
102Ah_35degC_1C_cell1,29,102Ah_35degC_1C_cell1,20260928,prefix_temperature_MLP,76.374,67.64495353791362,-8.729046462086373
102Ah_35degC_1C_cell1,30,102Ah_35degC_1C_cell1,20260928,prefix_temperature_MLP,75.089,65.3948403264332,-9.694159673566801
102Ah_35degC_1C_cell1,1,102Ah_35degC_1C_cell1,20260929,prefix_temperature_MLP,97.944,98.6054487462422,0.6614487462422005
102Ah_35degC_1C_cell1,2,102Ah_35degC_1C_cell1,20260929,prefix_temperature_MLP,96.746,97.42448935034739,0.678489350347391
102Ah_35degC_1C_cell1,3,102Ah_35degC_1C_cell1,20260929,prefix_temperature_MLP,95.84,96.56859958657127,0.7285995865712636
102Ah_35degC_1C_cell1,4,102Ah_35degC_1C_cell1,20260929,prefix_temperature_MLP,95.05,95.74049353063808,0.6904935306380793
102Ah_35degC_1C_cell1,5,102Ah_35degC_1C_cell1,20260929,prefix_temperature_MLP,94.325,94.97072296689296,0.6457229668929614
102Ah_35degC_1C_cell1,6,102Ah_35degC_1C_cell1,20260929,prefix_temperature_MLP,93.595,94.07445078265303,0.4794507826530321
102Ah_35degC_1C_cell1,7,102Ah_35degC_1C_cell1,20260929,prefix_temperature_MLP,92.852,93.10637356504486,0.2543735650448582
102Ah_35degC_1C_cell1,8,102Ah_35degC_1C_cell1,20260929,prefix_temperature_MLP,92.207,92.41248626095835,0.20548626095835232
102Ah_35degC_1C_cell1,9,102Ah_35degC_1C_cell1,20260929,prefix_temperature_MLP,91.607,91.45497724635838,-0.15202275364161721
102Ah_35degC_1C_cell1,10,102Ah_35degC_1C_cell1,20260929,prefix_temperature_MLP,90.941,90.46379439291287,-0.47720560708712867
102Ah_35degC_1C_cell1,11,102Ah_35degC_1C_cell1,20260929,prefix_temperature_MLP,89.839,89.49905147460328,-0.3399485253967214
102Ah_35degC_1C_cell1,12,102Ah_35degC_1C_cell1,20260929,prefix_temperature_MLP,89.102,87.9001384400001,-1.201861559999898
102Ah_35degC_1C_cell1,13,102Ah_35degC_1C_cell1,20260929,prefix_temperature_MLP,88.517,86.69318136403247,-1.8238186359675268
102Ah_35degC_1C_cell1,14,102Ah_35degC_1C_cell1,20260929,prefix_temperature_MLP,87.874,85.64464702894388,-2.229352971056116
102Ah_35degC_1C_cell1,15,102Ah_35degC_1C_cell1,20260929,prefix_temperature_MLP,87.254,83.80859894907805,-3.4454010509219586
102Ah_35degC_1C_cell1,16,102Ah_35degC_1C_cell1,20260929,prefix_temperature_MLP,86.669,84.05229411281994,-2.6167058871800606
102Ah_35degC_1C_cell1,17,102Ah_35degC_1C_cell1,20260929,prefix_temperature_MLP,86.04,81.48356680563457,-4.5564331943654395
102Ah_35degC_1C_cell1,18,102Ah_35degC_1C_cell1,20260929,prefix_temperature_MLP,85.225,81.55258793215512,-3.672412067844874
102Ah_35degC_1C_cell1,19,102Ah_35degC_1C_cell1,20260929,prefix_temperature_MLP,84.635,80.81771903561227,-3.8172809643877343
102Ah_35degC_1C_cell1,20,102Ah_35degC_1C_cell1,20260929,prefix_temperature_MLP,84.066,79.18661840223945,-4.879381597760556
102Ah_35degC_1C_cell1,21,102Ah_35degC_1C_cell1,20260929,prefix_temperature_MLP,83.481,77.56724357618629,-5.913756423813709
102Ah_35degC_1C_cell1,22,102Ah_35degC_1C_cell1,20260929,prefix_temperature_MLP,82.816,76.4835449209499,-6.332455079050106
102Ah_35degC_1C_cell1,23,102Ah_35degC_1C_cell1,20260929,prefix_temperature_MLP,82.089,73.72713063168683,-8.361869368313165
102Ah_35degC_1C_cell1,24,102Ah_35degC_1C_cell1,20260929,prefix_temperature_MLP,81.26,68.81813306951746,-12.441866930482547
102Ah_35degC_1C_cell1,25,102Ah_35degC_1C_cell1,20260929,prefix_temperature_MLP,80.436,67.00642759878014,-13.429572401219872
102Ah_35degC_1C_cell1,26,102Ah_35degC_1C_cell1,20260929,prefix_temperature_MLP,79.583,66.94733983006189,-12.635660169938106
102Ah_35degC_1C_cell1,27,102Ah_35degC_1C_cell1,20260929,prefix_temperature_MLP,78.65,66.91804404484026,-11.731955955159748
102Ah_35degC_1C_cell1,28,102Ah_35degC_1C_cell1,20260929,prefix_temperature_MLP,77.59,70.08937969307222,-7.500620306927786
102Ah_35degC_1C_cell1,29,102Ah_35degC_1C_cell1,20260929,prefix_temperature_MLP,76.374,66.98152999970561,-9.39247000029438
102Ah_35degC_1C_cell1,30,102Ah_35degC_1C_cell1,20260929,prefix_temperature_MLP,75.089,65.21866139424326,-9.870338605756743
102Ah_35degC_1C_cell1,1,102Ah_35degC_1C_cell1,20260930,prefix_temperature_MLP,97.944,98.83485271886794,0.8908527188679329
102Ah_35degC_1C_cell1,2,102Ah_35degC_1C_cell1,20260930,prefix_temperature_MLP,96.746,97.69835934164988,0.9523593416498812
102Ah_35degC_1C_cell1,3,102Ah_35degC_1C_cell1,20260930,prefix_temperature_MLP,95.84,96.76544917115073,0.9254491711507313
102Ah_35degC_1C_cell1,4,102Ah_35degC_1C_cell1,20260930,prefix_temperature_MLP,95.05,95.96000575483546,0.910005754835467
102Ah_35degC_1C_cell1,5,102Ah_35degC_1C_cell1,20260930,prefix_temperature_MLP,94.325,95.08945899556423,0.764458995564226
102Ah_35degC_1C_cell1,6,102Ah_35degC_1C_cell1,20260930,prefix_temperature_MLP,93.595,94.28193884265059,0.6869388426505907
102Ah_35degC_1C_cell1,7,102Ah_35degC_1C_cell1,20260930,prefix_temperature_MLP,92.852,93.29835941061066,0.4463594106106541
102Ah_35degC_1C_cell1,8,102Ah_35degC_1C_cell1,20260930,prefix_temperature_MLP,92.207,92.37369150502268,0.16669150502268337
102Ah_35degC_1C_cell1,9,102Ah_35degC_1C_cell1,20260930,prefix_temperature_MLP,91.607,91.43778249843358,-0.1692175015664219
102Ah_35degC_1C_cell1,10,102Ah_35degC_1C_cell1,20260930,prefix_temperature_MLP,90.941,90.51095740255643,-0.430042597443574
102Ah_35degC_1C_cell1,11,102Ah_35degC_1C_cell1,20260930,prefix_temperature_MLP,89.839,89.5379027357422,-0.30109726425780536
102Ah_35degC_1C_cell1,12,102Ah_35degC_1C_cell1,20260930,prefix_temperature_MLP,89.102,88.40449244009166,-0.6975075599083453
102Ah_35degC_1C_cell1,13,102Ah_35degC_1C_cell1,20260930,prefix_temperature_MLP,88.517,87.33531364628955,-1.1816863537104467
102Ah_35degC_1C_cell1,14,102Ah_35degC_1C_cell1,20260930,prefix_temperature_MLP,87.874,86.17870631506143,-1.6952936849385623
102Ah_35degC_1C_cell1,15,102Ah_35degC_1C_cell1,20260930,prefix_temperature_MLP,87.254,84.07974357760283,-3.1742564223971783
102Ah_35degC_1C_cell1,16,102Ah_35degC_1C_cell1,20260930,prefix_temperature_MLP,86.669,84.07142493881634,-2.5975750611836617
102Ah_35degC_1C_cell1,17,102Ah_35degC_1C_cell1,20260930,prefix_temperature_MLP,86.04,81.46441875389583,-4.5755812461041785
102Ah_35degC_1C_cell1,18,102Ah_35degC_1C_cell1,20260930,prefix_temperature_MLP,85.225,81.63177890162228,-3.593221098377711
102Ah_35degC_1C_cell1,19,102Ah_35degC_1C_cell1,20260930,prefix_temperature_MLP,84.635,80.9244338207113,-3.710566179288705
102Ah_35degC_1C_cell1,20,102Ah_35degC_1C_cell1,20260930,prefix_temperature_MLP,84.066,79.27807413005507,-4.787925869944928
102Ah_35degC_1C_cell1,21,102Ah_35degC_1C_cell1,20260930,prefix_temperature_MLP,83.481,77.50483441366492,-5.976165586335071
102Ah_35degC_1C_cell1,22,102Ah_35degC_1C_cell1,20260930,prefix_temperature_MLP,82.816,76.29545173552509,-6.520548264474911
102Ah_35degC_1C_cell1,23,102Ah_35degC_1C_cell1,20260930,prefix_temperature_MLP,82.089,73.16294668126264,-8.92605331873736
102Ah_35degC_1C_cell1,24,102Ah_35degC_1C_cell1,20260930,prefix_temperature_MLP,81.26,68.06913061285242,-13.190869387147586
102Ah_35degC_1C_cell1,25,102Ah_35degC_1C_cell1,20260930,prefix_temperature_MLP,80.436,66.99078257161949,-13.445217428380516
102Ah_35degC_1C_cell1,26,102Ah_35degC_1C_cell1,20260930,prefix_temperature_MLP,79.583,66.94653492893885,-12.636465071061153
102Ah_35degC_1C_cell1,27,102Ah_35degC_1C_cell1,20260930,prefix_temperature_MLP,78.65,66.91800875889055,-11.731991241109455
102Ah_35degC_1C_cell1,28,102Ah_35degC_1C_cell1,20260930,prefix_temperature_MLP,77.59,69.8917321215085,-7.698267878491507
102Ah_35degC_1C_cell1,29,102Ah_35degC_1C_cell1,20260930,prefix_temperature_MLP,76.374,66.94010906312114,-9.433890936878853
102Ah_35degC_1C_cell1,30,102Ah_35degC_1C_cell1,20260930,prefix_temperature_MLP,75.089,65.21880253804208,-9.870197461957915
102Ah_45degC_0p5C_cell3,1,102Ah_45degC_0p5C_cell3,-1,fixed_age_ridge,97.213,94.67181020528498,-2.5411897947150095
102Ah_45degC_0p5C_cell3,2,102Ah_45degC_0p5C_cell3,-1,fixed_age_ridge,96.093,93.50205668782755,-2.590943312172456
102Ah_45degC_0p5C_cell3,3,102Ah_45degC_0p5C_cell3,-1,fixed_age_ridge,95.183,92.5448763162,-2.6381236838000035
102Ah_45degC_0p5C_cell3,4,102Ah_45degC_0p5C_cell3,-1,fixed_age_ridge,94.405,91.64249615507582,-2.7625038449241828
102Ah_45degC_0p5C_cell3,5,102Ah_45degC_0p5C_cell3,-1,fixed_age_ridge,93.579,90.70090688743512,-2.878093112564869
102Ah_45degC_0p5C_cell3,6,102Ah_45degC_0p5C_cell3,-1,fixed_age_ridge,92.867,89.98710188447521,-2.879898115524796
102Ah_45degC_0p5C_cell3,7,102Ah_45degC_0p5C_cell3,-1,fixed_age_ridge,92.307,88.84523527253927,-3.461764727460732
102Ah_45degC_0p5C_cell3,8,102Ah_45degC_0p5C_cell3,-1,fixed_age_ridge,91.334,87.9023945479041,-3.4316054520959085
102Ah_45degC_0p5C_cell3,9,102Ah_45degC_0p5C_cell3,-1,fixed_age_ridge,90.546,87.2675130260281,-3.2784869739719085
102Ah_45degC_0p5C_cell3,10,102Ah_45degC_0p5C_cell3,-1,fixed_age_ridge,89.71,86.36059449781182,-3.3494055021881763
102Ah_45degC_0p5C_cell3,11,102Ah_45degC_0p5C_cell3,-1,fixed_age_ridge,88.797,85.87600673004161,-2.9209932699583874
102Ah_45degC_0p5C_cell3,12,102Ah_45degC_0p5C_cell3,-1,fixed_age_ridge,88.025,85.30680761899751,-2.7181923810024955
102Ah_45degC_0p5C_cell3,13,102Ah_45degC_0p5C_cell3,-1,fixed_age_ridge,87.256,84.76455570440191,-2.491444295598086
102Ah_45degC_0p5C_cell3,14,102Ah_45degC_0p5C_cell3,-1,fixed_age_ridge,86.448,84.22702139736333,-2.220978602636663
102Ah_45degC_0p5C_cell3,15,102Ah_45degC_0p5C_cell3,-1,fixed_age_ridge,85.454,83.69813174158281,-1.7558682584171805
102Ah_45degC_0p5C_cell3,16,102Ah_45degC_0p5C_cell3,-1,fixed_age_ridge,84.767,83.06247290816721,-1.7045270918327873
102Ah_45degC_0p5C_cell3,17,102Ah_45degC_0p5C_cell3,-1,fixed_age_ridge,83.861,82.50866470014357,-1.3523352998564349
102Ah_45degC_0p5C_cell3,18,102Ah_45degC_0p5C_cell3,-1,fixed_age_ridge,82.921,82.00626469349248,-0.9147353065075237
102Ah_45degC_0p5C_cell3,19,102Ah_45degC_0p5C_cell3,-1,fixed_age_ridge,81.859,81.51051816396492,-0.3484818360350772
102Ah_45degC_0p5C_cell3,20,102Ah_45degC_0p5C_cell3,-1,fixed_age_ridge,80.568,80.89731714333824,0.329317143338244
102Ah_45degC_0p5C_cell3,21,102Ah_45degC_0p5C_cell3,-1,fixed_age_ridge,78.862,80.24834700890068,1.3863470089006853
102Ah_45degC_0p5C_cell3,22,102Ah_45degC_0p5C_cell3,-1,fixed_age_ridge,77.351,79.77213514086931,2.4211351408693105
102Ah_45degC_0p5C_cell3,23,102Ah_45degC_0p5C_cell3,-1,fixed_age_ridge,75.585,79.21962534413966,3.634625344139664
102Ah_45degC_0p5C_cell3,24,102Ah_45degC_0p5C_cell3,-1,fixed_age_ridge,73.377,78.44034598492236,5.063345984922364
102Ah_45degC_0p5C_cell3,25,102Ah_45degC_0p5C_cell3,-1,fixed_age_ridge,71.212,77.94925566244387,6.7372556624438715
102Ah_45degC_0p5C_cell3,26,102Ah_45degC_0p5C_cell3,-1,fixed_age_ridge,68.96,77.50512548771287,8.54512548771288
102Ah_45degC_0p5C_cell3,27,102Ah_45degC_0p5C_cell3,-1,fixed_age_ridge,66.665,77.06484626762858,10.399846267628575
102Ah_45degC_0p5C_cell3,28,102Ah_45degC_0p5C_cell3,-1,fixed_age_ridge,64.205,76.52776611028906,12.322766110289066
102Ah_45degC_0p5C_cell3,29,102Ah_45degC_0p5C_cell3,-1,fixed_age_ridge,63.18,76.47025613890213,13.29025613890213
102Ah_45degC_0p5C_cell3,30,102Ah_45degC_0p5C_cell3,-1,fixed_age_ridge,61.901,76.21643068927975,14.315430689279744
102Ah_45degC_0p5C_cell3,1,102Ah_45degC_0p5C_cell3,-1,prefix_temperature_RBF,97.213,94.67181020528498,-2.5411897947150095
102Ah_45degC_0p5C_cell3,2,102Ah_45degC_0p5C_cell3,-1,prefix_temperature_RBF,96.093,93.50205668782753,-2.5909433121724703
102Ah_45degC_0p5C_cell3,3,102Ah_45degC_0p5C_cell3,-1,prefix_temperature_RBF,95.183,92.54487631619999,-2.6381236838000177
102Ah_45degC_0p5C_cell3,4,102Ah_45degC_0p5C_cell3,-1,prefix_temperature_RBF,94.405,91.6424961550758,-2.762503844924197
102Ah_45degC_0p5C_cell3,5,102Ah_45degC_0p5C_cell3,-1,prefix_temperature_RBF,93.579,90.70090688743511,-2.8780931125648834
102Ah_45degC_0p5C_cell3,6,102Ah_45degC_0p5C_cell3,-1,prefix_temperature_RBF,92.867,89.9871018844752,-2.87989811552481
102Ah_45degC_0p5C_cell3,7,102Ah_45degC_0p5C_cell3,-1,prefix_temperature_RBF,92.307,88.84523527253926,-3.4617647274607464
102Ah_45degC_0p5C_cell3,8,102Ah_45degC_0p5C_cell3,-1,prefix_temperature_RBF,91.334,87.90239454790407,-3.431605452095937
102Ah_45degC_0p5C_cell3,9,102Ah_45degC_0p5C_cell3,-1,prefix_temperature_RBF,90.546,87.26751302602808,-3.2784869739719227
102Ah_45degC_0p5C_cell3,10,102Ah_45degC_0p5C_cell3,-1,prefix_temperature_RBF,89.71,86.36059449781182,-3.3494055021881763
102Ah_45degC_0p5C_cell3,11,102Ah_45degC_0p5C_cell3,-1,prefix_temperature_RBF,88.797,85.8760067300416,-2.9209932699584016
102Ah_45degC_0p5C_cell3,12,102Ah_45degC_0p5C_cell3,-1,prefix_temperature_RBF,88.025,85.3068076189975,-2.7181923810025097
102Ah_45degC_0p5C_cell3,13,102Ah_45degC_0p5C_cell3,-1,prefix_temperature_RBF,87.256,84.7645557044019,-2.4914442955981
102Ah_45degC_0p5C_cell3,14,102Ah_45degC_0p5C_cell3,-1,prefix_temperature_RBF,86.448,84.22702139736332,-2.220978602636677
102Ah_45degC_0p5C_cell3,15,102Ah_45degC_0p5C_cell3,-1,prefix_temperature_RBF,85.454,83.6981317415828,-1.7558682584171947
102Ah_45degC_0p5C_cell3,16,102Ah_45degC_0p5C_cell3,-1,prefix_temperature_RBF,84.767,83.0624729081672,-1.7045270918328015
102Ah_45degC_0p5C_cell3,17,102Ah_45degC_0p5C_cell3,-1,prefix_temperature_RBF,83.861,82.50866470014356,-1.352335299856449
102Ah_45degC_0p5C_cell3,18,102Ah_45degC_0p5C_cell3,-1,prefix_temperature_RBF,82.921,82.00626469349247,-0.9147353065075379
102Ah_45degC_0p5C_cell3,19,102Ah_45degC_0p5C_cell3,-1,prefix_temperature_RBF,81.859,81.5105181639649,-0.3484818360350914
102Ah_45degC_0p5C_cell3,20,102Ah_45degC_0p5C_cell3,-1,prefix_temperature_RBF,80.568,80.89731714333824,0.329317143338244
102Ah_45degC_0p5C_cell3,21,102Ah_45degC_0p5C_cell3,-1,prefix_temperature_RBF,78.862,80.24834700890068,1.3863470089006853
102Ah_45degC_0p5C_cell3,22,102Ah_45degC_0p5C_cell3,-1,prefix_temperature_RBF,77.351,79.77213514086931,2.4211351408693105
102Ah_45degC_0p5C_cell3,23,102Ah_45degC_0p5C_cell3,-1,prefix_temperature_RBF,75.585,79.21962534413966,3.634625344139664
102Ah_45degC_0p5C_cell3,24,102Ah_45degC_0p5C_cell3,-1,prefix_temperature_RBF,73.377,78.44034598492236,5.063345984922364
102Ah_45degC_0p5C_cell3,25,102Ah_45degC_0p5C_cell3,-1,prefix_temperature_RBF,71.212,77.94925566244387,6.7372556624438715
102Ah_45degC_0p5C_cell3,26,102Ah_45degC_0p5C_cell3,-1,prefix_temperature_RBF,68.96,77.50512548771287,8.54512548771288
102Ah_45degC_0p5C_cell3,27,102Ah_45degC_0p5C_cell3,-1,prefix_temperature_RBF,66.665,77.06484626762858,10.399846267628575
102Ah_45degC_0p5C_cell3,28,102Ah_45degC_0p5C_cell3,-1,prefix_temperature_RBF,64.205,76.52776611028906,12.322766110289066
102Ah_45degC_0p5C_cell3,29,102Ah_45degC_0p5C_cell3,-1,prefix_temperature_RBF,63.18,76.47025613890213,13.29025613890213
102Ah_45degC_0p5C_cell3,30,102Ah_45degC_0p5C_cell3,-1,prefix_temperature_RBF,61.901,76.21643068927975,14.315430689279744
102Ah_45degC_0p5C_cell3,1,102Ah_45degC_0p5C_cell3,20260928,prefix_temperature_MLP,97.213,100.35671287328425,3.143712873284258
102Ah_45degC_0p5C_cell3,2,102Ah_45degC_0p5C_cell3,20260928,prefix_temperature_MLP,96.093,98.8509717879252,2.7579717879252
102Ah_45degC_0p5C_cell3,3,102Ah_45degC_0p5C_cell3,20260928,prefix_temperature_MLP,95.183,97.61324999631475,2.4302499963147426
102Ah_45degC_0p5C_cell3,4,102Ah_45degC_0p5C_cell3,20260928,prefix_temperature_MLP,94.405,96.33108048277357,1.9260804827735711
102Ah_45degC_0p5C_cell3,5,102Ah_45degC_0p5C_cell3,20260928,prefix_temperature_MLP,93.579,94.99595750846784,1.4169575084678456
102Ah_45degC_0p5C_cell3,6,102Ah_45degC_0p5C_cell3,20260928,prefix_temperature_MLP,92.867,93.85197720109508,0.9849772010950772
102Ah_45degC_0p5C_cell3,7,102Ah_45degC_0p5C_cell3,20260928,prefix_temperature_MLP,92.307,91.97793643106283,-0.3290635689371726
102Ah_45degC_0p5C_cell3,8,102Ah_45degC_0p5C_cell3,20260928,prefix_temperature_MLP,91.334,90.58288981005009,-0.7511101899499124
102Ah_45degC_0p5C_cell3,9,102Ah_45degC_0p5C_cell3,20260928,prefix_temperature_MLP,90.546,89.467239369183,-1.0787606308170012
102Ah_45degC_0p5C_cell3,10,102Ah_45degC_0p5C_cell3,20260928,prefix_temperature_MLP,89.71,90.8674785958648,1.1574785958648022
102Ah_45degC_0p5C_cell3,11,102Ah_45degC_0p5C_cell3,20260928,prefix_temperature_MLP,88.797,86.91155339046489,-1.8854466095351086
102Ah_45degC_0p5C_cell3,12,102Ah_45degC_0p5C_cell3,20260928,prefix_temperature_MLP,88.025,85.94153152074617,-2.0834684792538383
102Ah_45degC_0p5C_cell3,13,102Ah_45degC_0p5C_cell3,20260928,prefix_temperature_MLP,87.256,84.86497752051253,-2.391022479487475
102Ah_45degC_0p5C_cell3,14,102Ah_45degC_0p5C_cell3,20260928,prefix_temperature_MLP,86.448,83.86701208473363,-2.5809879152663626
102Ah_45degC_0p5C_cell3,15,102Ah_45degC_0p5C_cell3,20260928,prefix_temperature_MLP,85.454,82.91696882396883,-2.5370311760311637
102Ah_45degC_0p5C_cell3,16,102Ah_45degC_0p5C_cell3,20260928,prefix_temperature_MLP,84.767,81.78906735625681,-2.9779326437431877
102Ah_45degC_0p5C_cell3,17,102Ah_45degC_0p5C_cell3,20260928,prefix_temperature_MLP,83.861,80.9950334755113,-2.865966524488698
102Ah_45degC_0p5C_cell3,18,102Ah_45degC_0p5C_cell3,20260928,prefix_temperature_MLP,82.921,80.01235223507268,-2.9086477649273235
102Ah_45degC_0p5C_cell3,19,102Ah_45degC_0p5C_cell3,20260928,prefix_temperature_MLP,81.859,79.16345271520393,-2.6955472847960635
102Ah_45degC_0p5C_cell3,20,102Ah_45degC_0p5C_cell3,20260928,prefix_temperature_MLP,80.568,77.99664136971764,-2.5713586302823614
102Ah_45degC_0p5C_cell3,21,102Ah_45degC_0p5C_cell3,20260928,prefix_temperature_MLP,78.862,76.82591553993706,-2.0360844600629378
102Ah_45degC_0p5C_cell3,22,102Ah_45degC_0p5C_cell3,20260928,prefix_temperature_MLP,77.351,75.98729002711504,-1.363709972884962
102Ah_45degC_0p5C_cell3,23,102Ah_45degC_0p5C_cell3,20260928,prefix_temperature_MLP,75.585,74.97381531224879,-0.611184687751205
102Ah_45degC_0p5C_cell3,24,102Ah_45degC_0p5C_cell3,20260928,prefix_temperature_MLP,73.377,73.07361577175708,-0.3033842282429191
102Ah_45degC_0p5C_cell3,25,102Ah_45degC_0p5C_cell3,20260928,prefix_temperature_MLP,71.212,72.4168507628467,1.2048507628467036
102Ah_45degC_0p5C_cell3,26,102Ah_45degC_0p5C_cell3,20260928,prefix_temperature_MLP,68.96,71.71404596653367,2.754045966533681
102Ah_45degC_0p5C_cell3,27,102Ah_45degC_0p5C_cell3,20260928,prefix_temperature_MLP,66.665,70.99579929344645,4.3307992934464465
102Ah_45degC_0p5C_cell3,28,102Ah_45degC_0p5C_cell3,20260928,prefix_temperature_MLP,64.205,70.16173970876929,5.956739708769291
102Ah_45degC_0p5C_cell3,29,102Ah_45degC_0p5C_cell3,20260928,prefix_temperature_MLP,63.18,70.00446157560867,6.824461575608673
102Ah_45degC_0p5C_cell3,30,102Ah_45degC_0p5C_cell3,20260928,prefix_temperature_MLP,61.901,69.68771984714718,7.786719847147175
102Ah_45degC_0p5C_cell3,1,102Ah_45degC_0p5C_cell3,20260929,prefix_temperature_MLP,97.213,97.9522533968133,0.7392533968133108
102Ah_45degC_0p5C_cell3,2,102Ah_45degC_0p5C_cell3,20260929,prefix_temperature_MLP,96.093,96.51569280004068,0.42269280004067866
102Ah_45degC_0p5C_cell3,3,102Ah_45degC_0p5C_cell3,20260929,prefix_temperature_MLP,95.183,95.19474361241888,0.011743612418868565
102Ah_45degC_0p5C_cell3,4,102Ah_45degC_0p5C_cell3,20260929,prefix_temperature_MLP,94.405,93.94994501905897,-0.4550549809410285
102Ah_45degC_0p5C_cell3,5,102Ah_45degC_0p5C_cell3,20260929,prefix_temperature_MLP,93.579,92.43599642791669,-1.1430035720833018
102Ah_45degC_0p5C_cell3,6,102Ah_45degC_0p5C_cell3,20260929,prefix_temperature_MLP,92.867,91.20649704515026,-1.660502954849747
102Ah_45degC_0p5C_cell3,7,102Ah_45degC_0p5C_cell3,20260929,prefix_temperature_MLP,92.307,88.90396469388665,-3.4030353061133525
102Ah_45degC_0p5C_cell3,8,102Ah_45degC_0p5C_cell3,20260929,prefix_temperature_MLP,91.334,87.03429456039723,-4.299705439602775
102Ah_45degC_0p5C_cell3,9,102Ah_45degC_0p5C_cell3,20260929,prefix_temperature_MLP,90.546,85.66818283918423,-4.8778171608157805
102Ah_45degC_0p5C_cell3,10,102Ah_45degC_0p5C_cell3,20260929,prefix_temperature_MLP,89.71,85.12337969411614,-4.586620305883855
102Ah_45degC_0p5C_cell3,11,102Ah_45degC_0p5C_cell3,20260929,prefix_temperature_MLP,88.797,82.63910735412608,-6.157892645873915
102Ah_45degC_0p5C_cell3,12,102Ah_45degC_0p5C_cell3,20260929,prefix_temperature_MLP,88.025,81.50256548490327,-6.522434515096734
102Ah_45degC_0p5C_cell3,13,102Ah_45degC_0p5C_cell3,20260929,prefix_temperature_MLP,87.256,80.3394534705152,-6.916546529484805
102Ah_45degC_0p5C_cell3,14,102Ah_45degC_0p5C_cell3,20260929,prefix_temperature_MLP,86.448,79.2786347282044,-7.1693652717955985
102Ah_45degC_0p5C_cell3,15,102Ah_45degC_0p5C_cell3,20260929,prefix_temperature_MLP,85.454,78.28109473138994,-7.172905268610052
102Ah_45degC_0p5C_cell3,16,102Ah_45degC_0p5C_cell3,20260929,prefix_temperature_MLP,84.767,77.09374436583933,-7.673255634160668
102Ah_45degC_0p5C_cell3,17,102Ah_45degC_0p5C_cell3,20260929,prefix_temperature_MLP,83.861,76.1988464323213,-7.6621535676787005
102Ah_45degC_0p5C_cell3,18,102Ah_45degC_0p5C_cell3,20260929,prefix_temperature_MLP,82.921,75.28678274845464,-7.6342172515453655
102Ah_45degC_0p5C_cell3,19,102Ah_45degC_0p5C_cell3,20260929,prefix_temperature_MLP,81.859,74.47829732351082,-7.380702676489179
102Ah_45degC_0p5C_cell3,20,102Ah_45degC_0p5C_cell3,20260929,prefix_temperature_MLP,80.568,73.44681474770836,-7.121185252291639
102Ah_45degC_0p5C_cell3,21,102Ah_45degC_0p5C_cell3,20260929,prefix_temperature_MLP,78.862,72.42103453941826,-6.440965460581737
102Ah_45degC_0p5C_cell3,22,102Ah_45degC_0p5C_cell3,20260929,prefix_temperature_MLP,77.351,71.70983541247575,-5.641164587524244
102Ah_45degC_0p5C_cell3,23,102Ah_45degC_0p5C_cell3,20260929,prefix_temperature_MLP,75.585,70.89295946584376,-4.692040534156234
102Ah_45degC_0p5C_cell3,24,102Ah_45degC_0p5C_cell3,20260929,prefix_temperature_MLP,73.377,69.6706774058208,-3.7063225941791984
102Ah_45degC_0p5C_cell3,25,102Ah_45degC_0p5C_cell3,20260929,prefix_temperature_MLP,71.212,69.06137247610354,-2.1506275238964605
102Ah_45degC_0p5C_cell3,26,102Ah_45degC_0p5C_cell3,20260929,prefix_temperature_MLP,68.96,68.50599142399217,-0.45400857600782274
102Ah_45degC_0p5C_cell3,27,102Ah_45degC_0p5C_cell3,20260929,prefix_temperature_MLP,66.665,67.95970939629069,1.2947093962906848
102Ah_45degC_0p5C_cell3,28,102Ah_45degC_0p5C_cell3,20260929,prefix_temperature_MLP,64.205,67.30712592779395,3.1021259277939492
102Ah_45degC_0p5C_cell3,29,102Ah_45degC_0p5C_cell3,20260929,prefix_temperature_MLP,63.18,67.22636823759598,4.046368237595978
102Ah_45degC_0p5C_cell3,30,102Ah_45degC_0p5C_cell3,20260929,prefix_temperature_MLP,61.901,66.93042185444088,5.029421854440876
102Ah_45degC_0p5C_cell3,1,102Ah_45degC_0p5C_cell3,20260930,prefix_temperature_MLP,97.213,102.18024640828791,4.96724640828792
102Ah_45degC_0p5C_cell3,2,102Ah_45degC_0p5C_cell3,20260930,prefix_temperature_MLP,96.093,100.88978537892862,4.796785378928618
102Ah_45degC_0p5C_cell3,3,102Ah_45degC_0p5C_cell3,20260930,prefix_temperature_MLP,95.183,99.78265831769536,4.599658317695358
102Ah_45degC_0p5C_cell3,4,102Ah_45degC_0p5C_cell3,20260930,prefix_temperature_MLP,94.405,98.81004576521376,4.405045765213757
102Ah_45degC_0p5C_cell3,5,102Ah_45degC_0p5C_cell3,20260930,prefix_temperature_MLP,93.579,97.67124570884626,4.092245708846264
102Ah_45degC_0p5C_cell3,6,102Ah_45degC_0p5C_cell3,20260930,prefix_temperature_MLP,92.867,96.77594742356823,3.908947423568222
102Ah_45degC_0p5C_cell3,7,102Ah_45degC_0p5C_cell3,20260930,prefix_temperature_MLP,92.307,95.5758280002004,3.2688280002004007
102Ah_45degC_0p5C_cell3,8,102Ah_45degC_0p5C_cell3,20260930,prefix_temperature_MLP,91.334,94.36492373033818,3.0309237303381735
102Ah_45degC_0p5C_cell3,9,102Ah_45degC_0p5C_cell3,20260930,prefix_temperature_MLP,90.546,93.62934612157864,3.0833461215786286
102Ah_45degC_0p5C_cell3,10,102Ah_45degC_0p5C_cell3,20260930,prefix_temperature_MLP,89.71,93.8510777818084,4.141077781808406
102Ah_45degC_0p5C_cell3,11,102Ah_45degC_0p5C_cell3,20260930,prefix_temperature_MLP,88.797,92.00849784179698,3.2114978417969837
102Ah_45degC_0p5C_cell3,12,102Ah_45degC_0p5C_cell3,20260930,prefix_temperature_MLP,88.025,91.31730566587251,3.2923056658725045
102Ah_45degC_0p5C_cell3,13,102Ah_45degC_0p5C_cell3,20260930,prefix_temperature_MLP,87.256,90.65974642019171,3.403746420191709
102Ah_45degC_0p5C_cell3,14,102Ah_45degC_0p5C_cell3,20260930,prefix_temperature_MLP,86.448,90.0524474990479,3.6044474990479074
102Ah_45degC_0p5C_cell3,15,102Ah_45degC_0p5C_cell3,20260930,prefix_temperature_MLP,85.454,89.45342034250444,3.9994203425044503
102Ah_45degC_0p5C_cell3,16,102Ah_45degC_0p5C_cell3,20260930,prefix_temperature_MLP,84.767,88.60423430648264,3.8372343064826424
102Ah_45degC_0p5C_cell3,17,102Ah_45degC_0p5C_cell3,20260930,prefix_temperature_MLP,83.861,87.86402234708571,4.003022347085704
102Ah_45degC_0p5C_cell3,18,102Ah_45degC_0p5C_cell3,20260930,prefix_temperature_MLP,82.921,87.23280907368047,4.311809073680465
102Ah_45degC_0p5C_cell3,19,102Ah_45degC_0p5C_cell3,20260930,prefix_temperature_MLP,81.859,86.46837195806282,4.609371958062823
102Ah_45degC_0p5C_cell3,20,102Ah_45degC_0p5C_cell3,20260930,prefix_temperature_MLP,80.568,85.47196790780357,4.903967907803576
102Ah_45degC_0p5C_cell3,21,102Ah_45degC_0p5C_cell3,20260930,prefix_temperature_MLP,78.862,84.38693639107231,5.524936391072316
102Ah_45degC_0p5C_cell3,22,102Ah_45degC_0p5C_cell3,20260930,prefix_temperature_MLP,77.351,83.5412272238466,6.190227223846605
102Ah_45degC_0p5C_cell3,23,102Ah_45degC_0p5C_cell3,20260930,prefix_temperature_MLP,75.585,82.60583530889186,7.020835308891861
102Ah_45degC_0p5C_cell3,24,102Ah_45degC_0p5C_cell3,20260930,prefix_temperature_MLP,73.377,81.73667786739917,8.35967786739917
102Ah_45degC_0p5C_cell3,25,102Ah_45degC_0p5C_cell3,20260930,prefix_temperature_MLP,71.212,80.59217591810489,9.380175918104882
102Ah_45degC_0p5C_cell3,26,102Ah_45degC_0p5C_cell3,20260930,prefix_temperature_MLP,68.96,79.77770181980516,10.817701819805166
102Ah_45degC_0p5C_cell3,27,102Ah_45degC_0p5C_cell3,20260930,prefix_temperature_MLP,66.665,78.90517889492503,12.240178894925023
102Ah_45degC_0p5C_cell3,28,102Ah_45degC_0p5C_cell3,20260930,prefix_temperature_MLP,64.205,77.83817959009406,13.633179590094059
102Ah_45degC_0p5C_cell3,29,102Ah_45degC_0p5C_cell3,20260930,prefix_temperature_MLP,63.18,77.97079901800674,14.790799018006744
102Ah_45degC_0p5C_cell3,30,102Ah_45degC_0p5C_cell3,20260930,prefix_temperature_MLP,61.901,77.17742076057644,15.276420760576435
102Ah_45degC_1C_cell1,1,102Ah_45degC_1C_cell1,-1,fixed_age_ridge,98.462,98.20755124407694,-0.2544487559230646
102Ah_45degC_1C_cell1,2,102Ah_45degC_1C_cell1,-1,fixed_age_ridge,97.488,97.16998225585665,-0.31801774414334716
102Ah_45degC_1C_cell1,3,102Ah_45degC_1C_cell1,-1,fixed_age_ridge,96.668,96.38519336380199,-0.2828066361980177
102Ah_45degC_1C_cell1,4,102Ah_45degC_1C_cell1,-1,fixed_age_ridge,96.07,95.7263193921366,-0.3436806078633907
102Ah_45degC_1C_cell1,5,102Ah_45degC_1C_cell1,-1,fixed_age_ridge,95.532,95.0606490582341,-0.4713509417658912
102Ah_45degC_1C_cell1,6,102Ah_45degC_1C_cell1,-1,fixed_age_ridge,95.047,94.54835024961226,-0.4986497503877416
102Ah_45degC_1C_cell1,7,102Ah_45degC_1C_cell1,-1,fixed_age_ridge,94.61,94.03575657362151,-0.5742434263784872
102Ah_45degC_1C_cell1,8,102Ah_45degC_1C_cell1,-1,fixed_age_ridge,94.15,93.58171589874944,-0.568284101250569
102Ah_45degC_1C_cell1,9,102Ah_45degC_1C_cell1,-1,fixed_age_ridge,93.732,93.15857610931852,-0.5734238906814824
102Ah_45degC_1C_cell1,10,102Ah_45degC_1C_cell1,-1,fixed_age_ridge,93.34,92.7628592464959,-0.5771407535040964
102Ah_45degC_1C_cell1,11,102Ah_45degC_1C_cell1,-1,fixed_age_ridge,92.94,92.36929218067843,-0.5707078193215693
102Ah_45degC_1C_cell1,12,102Ah_45degC_1C_cell1,-1,fixed_age_ridge,92.564,92.00365652744256,-0.5603434725574346
102Ah_45degC_1C_cell1,13,102Ah_45degC_1C_cell1,-1,fixed_age_ridge,92.197,91.64640225256578,-0.5505977474342245
102Ah_45degC_1C_cell1,14,102Ah_45degC_1C_cell1,-1,fixed_age_ridge,91.821,91.27587859037972,-0.545121409620279
102Ah_45degC_1C_cell1,15,102Ah_45degC_1C_cell1,-1,fixed_age_ridge,91.424,90.9301835664219,-0.4938164335781039
102Ah_45degC_1C_cell1,16,102Ah_45degC_1C_cell1,-1,fixed_age_ridge,90.943,90.42262003489834,-0.5203799651016539
102Ah_45degC_1C_cell1,17,102Ah_45degC_1C_cell1,-1,fixed_age_ridge,90.603,90.10322760047643,-0.49977239952356456
102Ah_45degC_1C_cell1,18,102Ah_45degC_1C_cell1,-1,fixed_age_ridge,90.278,89.78468207151815,-0.49331792848185785
102Ah_45degC_1C_cell1,19,102Ah_45degC_1C_cell1,-1,fixed_age_ridge,89.822,89.47433071026833,-0.34766928973166955
102Ah_45degC_1C_cell1,20,102Ah_45degC_1C_cell1,-1,fixed_age_ridge,89.494,89.1237223623156,-0.3702776376843957
102Ah_45degC_1C_cell1,21,102Ah_45degC_1C_cell1,-1,fixed_age_ridge,89.036,88.71883373508706,-0.31716626491294164
102Ah_45degC_1C_cell1,22,102Ah_45degC_1C_cell1,-1,fixed_age_ridge,88.696,88.42481691920358,-0.27118308079641906
102Ah_45degC_1C_cell1,23,102Ah_45degC_1C_cell1,-1,fixed_age_ridge,88.347,88.13915853463041,-0.20784146536958303
102Ah_45degC_1C_cell1,24,102Ah_45degC_1C_cell1,-1,fixed_age_ridge,88.0,87.85885566824,-0.14114433176000318
102Ah_45degC_1C_cell1,25,102Ah_45degC_1C_cell1,-1,fixed_age_ridge,87.625,87.57916852201302,-0.04583147798697951
102Ah_45degC_1C_cell1,26,102Ah_45degC_1C_cell1,-1,fixed_age_ridge,87.258,87.02464703895492,-0.23335296104507108
102Ah_45degC_1C_cell1,27,102Ah_45degC_1C_cell1,-1,fixed_age_ridge,86.915,86.9921614093944,0.07716140939439242
102Ah_45degC_1C_cell1,28,102Ah_45degC_1C_cell1,-1,fixed_age_ridge,86.361,86.54220718703249,0.18120718703248428
102Ah_45degC_1C_cell1,29,102Ah_45degC_1C_cell1,-1,fixed_age_ridge,85.894,86.23022199147383,0.3362219914738205
102Ah_45degC_1C_cell1,30,102Ah_45degC_1C_cell1,-1,fixed_age_ridge,85.512,85.96843424358227,0.45643424358226525
102Ah_45degC_1C_cell1,1,102Ah_45degC_1C_cell1,-1,prefix_temperature_RBF,98.462,99.48398288721668,1.02198288721668
102Ah_45degC_1C_cell1,2,102Ah_45degC_1C_cell1,-1,prefix_temperature_RBF,97.488,98.22699451276391,0.7389945127639095
102Ah_45degC_1C_cell1,3,102Ah_45degC_1C_cell1,-1,prefix_temperature_RBF,96.668,97.20971982130925,0.5417198213092433
102Ah_45degC_1C_cell1,4,102Ah_45degC_1C_cell1,-1,prefix_temperature_RBF,96.07,96.34172093919683,0.2717209391968396
102Ah_45degC_1C_cell1,5,102Ah_45degC_1C_cell1,-1,prefix_temperature_RBF,95.532,95.4364862545166,-0.09551374548340164
102Ah_45degC_1C_cell1,6,102Ah_45degC_1C_cell1,-1,prefix_temperature_RBF,95.047,94.71622298667891,-0.33077701332108234
102Ah_45degC_1C_cell1,7,102Ah_45degC_1C_cell1,-1,prefix_temperature_RBF,94.61,93.97677545191986,-0.6332245480801362
102Ah_45degC_1C_cell1,8,102Ah_45degC_1C_cell1,-1,prefix_temperature_RBF,94.15,93.31623493875848,-0.8337650612415217
102Ah_45degC_1C_cell1,9,102Ah_45degC_1C_cell1,-1,prefix_temperature_RBF,93.732,92.68343137973062,-1.0485686202693785
102Ah_45degC_1C_cell1,10,102Ah_45degC_1C_cell1,-1,prefix_temperature_RBF,93.34,92.08785771747107,-1.2521422825289363
102Ah_45degC_1C_cell1,11,102Ah_45degC_1C_cell1,-1,prefix_temperature_RBF,92.94,91.56340247179148,-1.3765975282085208
102Ah_45degC_1C_cell1,12,102Ah_45degC_1C_cell1,-1,prefix_temperature_RBF,92.564,91.0702116986076,-1.4937883013923994
102Ah_45degC_1C_cell1,13,102Ah_45degC_1C_cell1,-1,prefix_temperature_RBF,92.197,90.56690296176205,-1.630097038237949
102Ah_45degC_1C_cell1,14,102Ah_45degC_1C_cell1,-1,prefix_temperature_RBF,91.821,89.95999554401567,-1.8610044559843288
102Ah_45degC_1C_cell1,15,102Ah_45degC_1C_cell1,-1,prefix_temperature_RBF,91.424,89.28315111869098,-2.140848881309026
102Ah_45degC_1C_cell1,16,102Ah_45degC_1C_cell1,-1,prefix_temperature_RBF,90.943,88.44726769489569,-2.495732305104312
102Ah_45degC_1C_cell1,17,102Ah_45degC_1C_cell1,-1,prefix_temperature_RBF,90.603,88.01448671478896,-2.588513285211036
102Ah_45degC_1C_cell1,18,102Ah_45degC_1C_cell1,-1,prefix_temperature_RBF,90.278,84.78387893033043,-5.494121069669575
102Ah_45degC_1C_cell1,19,102Ah_45degC_1C_cell1,-1,prefix_temperature_RBF,89.822,87.20579681014581,-2.6162031898541898
102Ah_45degC_1C_cell1,20,102Ah_45degC_1C_cell1,-1,prefix_temperature_RBF,89.494,86.64293524817607,-2.8510647518239267
102Ah_45degC_1C_cell1,21,102Ah_45degC_1C_cell1,-1,prefix_temperature_RBF,89.036,86.99618863793677,-2.039811362063233
102Ah_45degC_1C_cell1,22,102Ah_45degC_1C_cell1,-1,prefix_temperature_RBF,88.696,86.60228762795037,-2.093712372049623
102Ah_45degC_1C_cell1,23,102Ah_45degC_1C_cell1,-1,prefix_temperature_RBF,88.347,86.10737457378623,-2.239625426213763
102Ah_45degC_1C_cell1,24,102Ah_45degC_1C_cell1,-1,prefix_temperature_RBF,88.0,85.65131574428644,-2.3486842557135645
102Ah_45degC_1C_cell1,25,102Ah_45degC_1C_cell1,-1,prefix_temperature_RBF,87.625,85.22966436703729,-2.3953356329627127
102Ah_45degC_1C_cell1,26,102Ah_45degC_1C_cell1,-1,prefix_temperature_RBF,87.258,85.74715824899073,-1.5108417510092664
102Ah_45degC_1C_cell1,27,102Ah_45degC_1C_cell1,-1,prefix_temperature_RBF,86.915,84.3123018430249,-2.6026981569751086
102Ah_45degC_1C_cell1,28,102Ah_45degC_1C_cell1,-1,prefix_temperature_RBF,86.361,83.56752662998421,-2.793473370015789
102Ah_45degC_1C_cell1,29,102Ah_45degC_1C_cell1,-1,prefix_temperature_RBF,85.894,83.05172330830821,-2.8422766916917936
102Ah_45degC_1C_cell1,30,102Ah_45degC_1C_cell1,-1,prefix_temperature_RBF,85.512,82.6760638625177,-2.8359361374823067
102Ah_45degC_1C_cell1,1,102Ah_45degC_1C_cell1,20260928,prefix_temperature_MLP,98.462,100.59059882479593,2.1285988247959295
102Ah_45degC_1C_cell1,2,102Ah_45degC_1C_cell1,20260928,prefix_temperature_MLP,97.488,99.44314938918795,1.9551493891879517
102Ah_45degC_1C_cell1,3,102Ah_45degC_1C_cell1,20260928,prefix_temperature_MLP,96.668,98.52604605354503,1.8580460535450243
102Ah_45degC_1C_cell1,4,102Ah_45degC_1C_cell1,20260928,prefix_temperature_MLP,96.07,97.74599202435401,1.6759920243540165
102Ah_45degC_1C_cell1,5,102Ah_45degC_1C_cell1,20260928,prefix_temperature_MLP,95.532,96.90176047981919,1.3697604798191918
102Ah_45degC_1C_cell1,6,102Ah_45degC_1C_cell1,20260928,prefix_temperature_MLP,95.047,96.2322755206465,1.185275520646499
102Ah_45degC_1C_cell1,7,102Ah_45degC_1C_cell1,20260928,prefix_temperature_MLP,94.61,95.56948183530974,0.9594818353097452
102Ah_45degC_1C_cell1,8,102Ah_45degC_1C_cell1,20260928,prefix_temperature_MLP,94.15,94.94280953907689,0.7928095390768846
102Ah_45degC_1C_cell1,9,102Ah_45degC_1C_cell1,20260928,prefix_temperature_MLP,93.732,94.33794293632963,0.605942936329626
102Ah_45degC_1C_cell1,10,102Ah_45degC_1C_cell1,20260928,prefix_temperature_MLP,93.34,93.76394977307672,0.4239497730767141
102Ah_45degC_1C_cell1,11,102Ah_45degC_1C_cell1,20260928,prefix_temperature_MLP,92.94,93.2552160431357,0.31521604313570606
102Ah_45degC_1C_cell1,12,102Ah_45degC_1C_cell1,20260928,prefix_temperature_MLP,92.564,92.76880051795922,0.20480051795922805
102Ah_45degC_1C_cell1,13,102Ah_45degC_1C_cell1,20260928,prefix_temperature_MLP,92.197,92.25471992577211,0.05771992577210483
102Ah_45degC_1C_cell1,14,102Ah_45degC_1C_cell1,20260928,prefix_temperature_MLP,91.821,91.6505393803463,-0.17046061965369574
102Ah_45degC_1C_cell1,15,102Ah_45degC_1C_cell1,20260928,prefix_temperature_MLP,91.424,91.00146005234186,-0.4225399476581515
102Ah_45degC_1C_cell1,16,102Ah_45degC_1C_cell1,20260928,prefix_temperature_MLP,90.943,90.19274517067772,-0.750254829322273
102Ah_45degC_1C_cell1,17,102Ah_45degC_1C_cell1,20260928,prefix_temperature_MLP,90.603,89.70218546690671,-0.900814533093282
102Ah_45degC_1C_cell1,18,102Ah_45degC_1C_cell1,20260928,prefix_temperature_MLP,90.278,84.25503233702108,-6.022967662978928
102Ah_45degC_1C_cell1,19,102Ah_45degC_1C_cell1,20260928,prefix_temperature_MLP,89.822,88.75352291951211,-1.0684770804878951
102Ah_45degC_1C_cell1,20,102Ah_45degC_1C_cell1,20260928,prefix_temperature_MLP,89.494,88.10915248373742,-1.3848475162625817
102Ah_45degC_1C_cell1,21,102Ah_45degC_1C_cell1,20260928,prefix_temperature_MLP,89.036,88.41414677152886,-0.6218532284711387
102Ah_45degC_1C_cell1,22,102Ah_45degC_1C_cell1,20260928,prefix_temperature_MLP,88.696,87.9934131332596,-0.702586866740404
102Ah_45degC_1C_cell1,23,102Ah_45degC_1C_cell1,20260928,prefix_temperature_MLP,88.347,87.48453329764234,-0.8624667023576507
102Ah_45degC_1C_cell1,24,102Ah_45degC_1C_cell1,20260928,prefix_temperature_MLP,88.0,87.01140404098551,-0.9885959590144893
102Ah_45degC_1C_cell1,25,102Ah_45degC_1C_cell1,20260928,prefix_temperature_MLP,87.625,86.56291981901009,-1.0620801809899092
102Ah_45degC_1C_cell1,26,102Ah_45degC_1C_cell1,20260928,prefix_temperature_MLP,87.258,85.18690006114883,-2.0710999388511624
102Ah_45degC_1C_cell1,27,102Ah_45degC_1C_cell1,20260928,prefix_temperature_MLP,86.915,85.33491744233812,-1.580082557661882
102Ah_45degC_1C_cell1,28,102Ah_45degC_1C_cell1,20260928,prefix_temperature_MLP,86.361,84.39065069518068,-1.9703493048193224
102Ah_45degC_1C_cell1,29,102Ah_45degC_1C_cell1,20260928,prefix_temperature_MLP,85.894,83.58367801182905,-2.310321988170955
102Ah_45degC_1C_cell1,30,102Ah_45degC_1C_cell1,20260928,prefix_temperature_MLP,85.512,82.98515048541881,-2.526849514581187
102Ah_45degC_1C_cell1,1,102Ah_45degC_1C_cell1,20260929,prefix_temperature_MLP,98.462,101.2538757355778,2.79187573557779
102Ah_45degC_1C_cell1,2,102Ah_45degC_1C_cell1,20260929,prefix_temperature_MLP,97.488,100.30574923888888,2.8177492388888794
102Ah_45degC_1C_cell1,3,102Ah_45degC_1C_cell1,20260929,prefix_temperature_MLP,96.668,99.44419457115367,2.776194571153667
102Ah_45degC_1C_cell1,4,102Ah_45degC_1C_cell1,20260929,prefix_temperature_MLP,96.07,98.59670408528235,2.5267040852823612
102Ah_45degC_1C_cell1,5,102Ah_45degC_1C_cell1,20260929,prefix_temperature_MLP,95.532,97.71574701965989,2.18374701965989
102Ah_45degC_1C_cell1,6,102Ah_45degC_1C_cell1,20260929,prefix_temperature_MLP,95.047,97.00641194471113,1.9594119447111353
102Ah_45degC_1C_cell1,7,102Ah_45degC_1C_cell1,20260929,prefix_temperature_MLP,94.61,96.25832365507293,1.6483236550729288
102Ah_45degC_1C_cell1,8,102Ah_45degC_1C_cell1,20260929,prefix_temperature_MLP,94.15,95.57435579800328,1.4243557980032762
102Ah_45degC_1C_cell1,9,102Ah_45degC_1C_cell1,20260929,prefix_temperature_MLP,93.732,94.91322849026182,1.181228490261816
102Ah_45degC_1C_cell1,10,102Ah_45degC_1C_cell1,20260929,prefix_temperature_MLP,93.34,94.2869916174447,0.9469916174446951
102Ah_45degC_1C_cell1,11,102Ah_45degC_1C_cell1,20260929,prefix_temperature_MLP,92.94,93.79029731049258,0.8502973104925786
102Ah_45degC_1C_cell1,12,102Ah_45degC_1C_cell1,20260929,prefix_temperature_MLP,92.564,93.31199445430718,0.7479944543071895
102Ah_45degC_1C_cell1,13,102Ah_45degC_1C_cell1,20260929,prefix_temperature_MLP,92.197,92.7968359121193,0.5998359121193033
102Ah_45degC_1C_cell1,14,102Ah_45degC_1C_cell1,20260929,prefix_temperature_MLP,91.821,92.13109169605828,0.31009169605827935
102Ah_45degC_1C_cell1,15,102Ah_45degC_1C_cell1,20260929,prefix_temperature_MLP,91.424,91.34352076730195,-0.08047923269805324
102Ah_45degC_1C_cell1,16,102Ah_45degC_1C_cell1,20260929,prefix_temperature_MLP,90.943,90.50996037491662,-0.43303962508338145
102Ah_45degC_1C_cell1,17,102Ah_45degC_1C_cell1,20260929,prefix_temperature_MLP,90.603,90.0885133100885,-0.514486689911493
102Ah_45degC_1C_cell1,18,102Ah_45degC_1C_cell1,20260929,prefix_temperature_MLP,90.278,84.3524716261141,-5.925528373885911
102Ah_45degC_1C_cell1,19,102Ah_45degC_1C_cell1,20260929,prefix_temperature_MLP,89.822,89.24154980669053,-0.5804501933094741
102Ah_45degC_1C_cell1,20,102Ah_45degC_1C_cell1,20260929,prefix_temperature_MLP,89.494,88.65988330820794,-0.8341166917920617
102Ah_45degC_1C_cell1,21,102Ah_45degC_1C_cell1,20260929,prefix_temperature_MLP,89.036,89.17441879759087,0.13841879759087306
102Ah_45degC_1C_cell1,22,102Ah_45degC_1C_cell1,20260929,prefix_temperature_MLP,88.696,88.7407877572735,0.04478775727349671
102Ah_45degC_1C_cell1,23,102Ah_45degC_1C_cell1,20260929,prefix_temperature_MLP,88.347,88.2085465442382,-0.13845345576179113
102Ah_45degC_1C_cell1,24,102Ah_45degC_1C_cell1,20260929,prefix_temperature_MLP,88.0,87.67487183564226,-0.3251281643577357
102Ah_45degC_1C_cell1,25,102Ah_45degC_1C_cell1,20260929,prefix_temperature_MLP,87.625,87.1722924348243,-0.4527075651757002
102Ah_45degC_1C_cell1,26,102Ah_45degC_1C_cell1,20260929,prefix_temperature_MLP,87.258,86.17696754314346,-1.0810324568565335
102Ah_45degC_1C_cell1,27,102Ah_45degC_1C_cell1,20260929,prefix_temperature_MLP,86.915,85.98054780198778,-0.9344521980122238
102Ah_45degC_1C_cell1,28,102Ah_45degC_1C_cell1,20260929,prefix_temperature_MLP,86.361,84.97916049323061,-1.3818395067693956
102Ah_45degC_1C_cell1,29,102Ah_45degC_1C_cell1,20260929,prefix_temperature_MLP,85.894,84.32869256013075,-1.5653074398692581
102Ah_45degC_1C_cell1,30,102Ah_45degC_1C_cell1,20260929,prefix_temperature_MLP,85.512,83.74609079875805,-1.7659092012419535
102Ah_45degC_1C_cell1,1,102Ah_45degC_1C_cell1,20260930,prefix_temperature_MLP,98.462,99.07939470129892,0.6173947012989203
102Ah_45degC_1C_cell1,2,102Ah_45degC_1C_cell1,20260930,prefix_temperature_MLP,97.488,98.26520198718752,0.7772019871875244
102Ah_45degC_1C_cell1,3,102Ah_45degC_1C_cell1,20260930,prefix_temperature_MLP,96.668,97.68235315479473,1.014353154794719
102Ah_45degC_1C_cell1,4,102Ah_45degC_1C_cell1,20260930,prefix_temperature_MLP,96.07,97.17522486012366,1.1052248601236698
102Ah_45degC_1C_cell1,5,102Ah_45degC_1C_cell1,20260930,prefix_temperature_MLP,95.532,96.56153073013962,1.0295307301396264
102Ah_45degC_1C_cell1,6,102Ah_45degC_1C_cell1,20260930,prefix_temperature_MLP,95.047,95.89828554280989,0.8512855428098902
102Ah_45degC_1C_cell1,7,102Ah_45degC_1C_cell1,20260930,prefix_temperature_MLP,94.61,95.26451860422301,0.6545186042230142
102Ah_45degC_1C_cell1,8,102Ah_45degC_1C_cell1,20260930,prefix_temperature_MLP,94.15,94.70757062935552,0.55757062935551
102Ah_45degC_1C_cell1,9,102Ah_45degC_1C_cell1,20260930,prefix_temperature_MLP,93.732,94.15874383678891,0.4267438367889156
102Ah_45degC_1C_cell1,10,102Ah_45degC_1C_cell1,20260930,prefix_temperature_MLP,93.34,93.63900848365182,0.29900848365181787
102Ah_45degC_1C_cell1,11,102Ah_45degC_1C_cell1,20260930,prefix_temperature_MLP,92.94,93.19827095761019,0.25827095761019336
102Ah_45degC_1C_cell1,12,102Ah_45degC_1C_cell1,20260930,prefix_temperature_MLP,92.564,92.71299060289346,0.14899060289346266
102Ah_45degC_1C_cell1,13,102Ah_45degC_1C_cell1,20260930,prefix_temperature_MLP,92.197,92.19598449553148,-0.0010155044685262737
102Ah_45degC_1C_cell1,14,102Ah_45degC_1C_cell1,20260930,prefix_temperature_MLP,91.821,91.54531009200669,-0.2756899079933106
102Ah_45degC_1C_cell1,15,102Ah_45degC_1C_cell1,20260930,prefix_temperature_MLP,91.424,90.74175869605008,-0.6822413039499224
102Ah_45degC_1C_cell1,16,102Ah_45degC_1C_cell1,20260930,prefix_temperature_MLP,90.943,89.60168109008175,-1.3413189099182432
102Ah_45degC_1C_cell1,17,102Ah_45degC_1C_cell1,20260930,prefix_temperature_MLP,90.603,88.93581162395208,-1.6671883760479176
102Ah_45degC_1C_cell1,18,102Ah_45degC_1C_cell1,20260930,prefix_temperature_MLP,90.278,84.2397721174471,-6.038227882552903
102Ah_45degC_1C_cell1,19,102Ah_45degC_1C_cell1,20260930,prefix_temperature_MLP,89.822,87.67414693722756,-2.147853062772441
102Ah_45degC_1C_cell1,20,102Ah_45degC_1C_cell1,20260930,prefix_temperature_MLP,89.494,86.82948522547478,-2.664514774525216
102Ah_45degC_1C_cell1,21,102Ah_45degC_1C_cell1,20260930,prefix_temperature_MLP,89.036,87.0918150449778,-1.9441849550221946
102Ah_45degC_1C_cell1,22,102Ah_45degC_1C_cell1,20260930,prefix_temperature_MLP,88.696,86.51793737494546,-2.1780626250545367
102Ah_45degC_1C_cell1,23,102Ah_45degC_1C_cell1,20260930,prefix_temperature_MLP,88.347,85.83572201691496,-2.511277983085037
102Ah_45degC_1C_cell1,24,102Ah_45degC_1C_cell1,20260930,prefix_temperature_MLP,88.0,85.20654577367823,-2.7934542263217708
102Ah_45degC_1C_cell1,25,102Ah_45degC_1C_cell1,20260930,prefix_temperature_MLP,87.625,84.71346279348214,-2.9115372065178633
102Ah_45degC_1C_cell1,26,102Ah_45degC_1C_cell1,20260930,prefix_temperature_MLP,87.258,84.78303770400925,-2.47496229599075
102Ah_45degC_1C_cell1,27,102Ah_45degC_1C_cell1,20260930,prefix_temperature_MLP,86.915,83.7862116260692,-3.128788373930803
102Ah_45degC_1C_cell1,28,102Ah_45degC_1C_cell1,20260930,prefix_temperature_MLP,86.361,83.02469677290895,-3.336303227091051
102Ah_45degC_1C_cell1,29,102Ah_45degC_1C_cell1,20260930,prefix_temperature_MLP,85.894,82.47711039059797,-3.416889609402034
102Ah_45degC_1C_cell1,30,102Ah_45degC_1C_cell1,20260930,prefix_temperature_MLP,85.512,82.10393705882885,-3.4080629411711527
102Ah_55degC_1C_cell3,1,102Ah_55degC_1C_cell3,-1,fixed_age_ridge,98.15,99.49428558201832,1.3442855820183155
102Ah_55degC_1C_cell3,2,102Ah_55degC_1C_cell3,-1,fixed_age_ridge,97.002,98.6528920720106,1.6508920720106062
102Ah_55degC_1C_cell3,3,102Ah_55degC_1C_cell3,-1,fixed_age_ridge,93.692,96.32810651615459,2.636106516154598
102Ah_55degC_1C_cell3,4,102Ah_55degC_1C_cell3,-1,fixed_age_ridge,93.086,95.93967087203114,2.8536708720311452
102Ah_55degC_1C_cell3,5,102Ah_55degC_1C_cell3,-1,fixed_age_ridge,92.505,95.56412597173255,3.0591259717325556
102Ah_55degC_1C_cell3,6,102Ah_55degC_1C_cell3,-1,fixed_age_ridge,91.953,95.202407470973,3.249407470972997
102Ah_55degC_1C_cell3,7,102Ah_55degC_1C_cell3,-1,fixed_age_ridge,91.407,94.80970227311896,3.402702273118962
102Ah_55degC_1C_cell3,8,102Ah_55degC_1C_cell3,-1,fixed_age_ridge,90.846,94.4806853302944,3.6346853302944027
102Ah_55degC_1C_cell3,9,102Ah_55degC_1C_cell3,-1,fixed_age_ridge,90.301,94.16072897172316,3.8597289717231575
102Ah_55degC_1C_cell3,10,102Ah_55degC_1C_cell3,-1,fixed_age_ridge,89.744,93.84411398965106,4.100113989651064
102Ah_55degC_1C_cell3,11,102Ah_55degC_1C_cell3,-1,fixed_age_ridge,89.204,93.53922631376874,4.335226313768743
102Ah_55degC_1C_cell3,12,102Ah_55degC_1C_cell3,-1,fixed_age_ridge,88.661,93.23616724808052,4.575167248080518
102Ah_55degC_1C_cell3,13,102Ah_55degC_1C_cell3,-1,fixed_age_ridge,88.039,92.76704604700546,4.7280460470054635
102Ah_55degC_1C_cell3,14,102Ah_55degC_1C_cell3,-1,fixed_age_ridge,87.512,92.47921085665456,4.96721085665456
102Ah_55degC_1C_cell3,15,102Ah_55degC_1C_cell3,-1,fixed_age_ridge,86.962,92.1998510606489,5.237851060648893
102Ah_55degC_1C_cell3,16,102Ah_55degC_1C_cell3,-1,fixed_age_ridge,86.38,91.92028186867114,5.540281868671144
102Ah_55degC_1C_cell3,17,102Ah_55degC_1C_cell3,-1,fixed_age_ridge,85.815,91.64846461286457,5.833464612864574
102Ah_55degC_1C_cell3,18,102Ah_55degC_1C_cell3,-1,fixed_age_ridge,85.108,91.37604650518625,6.268046505186248
102Ah_55degC_1C_cell3,19,102Ah_55degC_1C_cell3,-1,fixed_age_ridge,84.207,91.03660765075068,6.829607650750688
102Ah_55degC_1C_cell3,20,102Ah_55degC_1C_cell3,-1,fixed_age_ridge,83.035,90.77202963616905,7.737029636169055
102Ah_55degC_1C_cell3,21,102Ah_55degC_1C_cell3,-1,fixed_age_ridge,81.814,90.51458202214174,8.700582022141745
102Ah_55degC_1C_cell3,22,102Ah_55degC_1C_cell3,-1,fixed_age_ridge,80.494,90.25646845705207,9.762468457052066
102Ah_55degC_1C_cell3,23,102Ah_55degC_1C_cell3,-1,fixed_age_ridge,79.116,90.00520179218545,10.889201792185446
102Ah_55degC_1C_cell3,24,102Ah_55degC_1C_cell3,-1,fixed_age_ridge,77.658,89.75687870182072,12.098878701820723
102Ah_55degC_1C_cell3,25,102Ah_55degC_1C_cell3,-1,fixed_age_ridge,76.068,89.50401146654245,13.436011466542453
102Ah_55degC_1C_cell3,26,102Ah_55degC_1C_cell3,-1,fixed_age_ridge,74.402,89.2424179187239,14.840417918723901
102Ah_55degC_1C_cell3,27,102Ah_55degC_1C_cell3,-1,fixed_age_ridge,72.733,88.79664651669862,16.06364651669861
102Ah_55degC_1C_cell3,28,102Ah_55degC_1C_cell3,-1,fixed_age_ridge,71.205,88.55975062716266,17.35475062716266
102Ah_55degC_1C_cell3,29,102Ah_55degC_1C_cell3,-1,fixed_age_ridge,69.634,88.3236850433075,18.689685043307506
102Ah_55degC_1C_cell3,30,102Ah_55degC_1C_cell3,-1,fixed_age_ridge,68.083,88.04898257496876,19.965982574968763
102Ah_55degC_1C_cell3,1,102Ah_55degC_1C_cell3,-1,prefix_temperature_RBF,98.15,98.7110302483431,0.5610302483431013
102Ah_55degC_1C_cell3,2,102Ah_55degC_1C_cell3,-1,prefix_temperature_RBF,97.002,97.81037978978976,0.8083797897897682
102Ah_55degC_1C_cell3,3,102Ah_55degC_1C_cell3,-1,prefix_temperature_RBF,93.692,95.34773657288206,1.6557365728820628
102Ah_55degC_1C_cell3,4,102Ah_55degC_1C_cell3,-1,prefix_temperature_RBF,93.086,94.91847619579212,1.8324761957921254
102Ah_55degC_1C_cell3,5,102Ah_55degC_1C_cell3,-1,prefix_temperature_RBF,92.505,94.52463259155878,2.019632591558789
102Ah_55degC_1C_cell3,6,102Ah_55degC_1C_cell3,-1,prefix_temperature_RBF,91.953,94.14535311747149,2.192353117471484
102Ah_55degC_1C_cell3,7,102Ah_55degC_1C_cell3,-1,prefix_temperature_RBF,91.407,93.75310514443125,2.346105144431249
102Ah_55degC_1C_cell3,8,102Ah_55degC_1C_cell3,-1,prefix_temperature_RBF,90.846,93.3760577436394,2.5300577436393894
102Ah_55degC_1C_cell3,9,102Ah_55degC_1C_cell3,-1,prefix_temperature_RBF,90.301,93.05298832345342,2.7519883234534177
102Ah_55degC_1C_cell3,10,102Ah_55degC_1C_cell3,-1,prefix_temperature_RBF,89.744,92.68670873385682,2.9427087338568185
102Ah_55degC_1C_cell3,11,102Ah_55degC_1C_cell3,-1,prefix_temperature_RBF,89.204,92.3388020067809,3.1348020067809017
102Ah_55degC_1C_cell3,12,102Ah_55degC_1C_cell3,-1,prefix_temperature_RBF,88.661,92.01500816943565,3.3540081694356445
102Ah_55degC_1C_cell3,13,102Ah_55degC_1C_cell3,-1,prefix_temperature_RBF,88.039,91.49224027733416,3.45324027733416
102Ah_55degC_1C_cell3,14,102Ah_55degC_1C_cell3,-1,prefix_temperature_RBF,87.512,91.20566041765412,3.6936604176541152
102Ah_55degC_1C_cell3,15,102Ah_55degC_1C_cell3,-1,prefix_temperature_RBF,86.962,90.87192399359024,3.9099239935902403
102Ah_55degC_1C_cell3,16,102Ah_55degC_1C_cell3,-1,prefix_temperature_RBF,86.38,90.4059180546872,4.02591805468721
102Ah_55degC_1C_cell3,17,102Ah_55degC_1C_cell3,-1,prefix_temperature_RBF,85.815,90.24598012703021,4.43098012703021
102Ah_55degC_1C_cell3,18,102Ah_55degC_1C_cell3,-1,prefix_temperature_RBF,85.108,89.94642149679675,4.838421496796741
102Ah_55degC_1C_cell3,19,102Ah_55degC_1C_cell3,-1,prefix_temperature_RBF,84.207,89.56193503720611,5.354935037206118
102Ah_55degC_1C_cell3,20,102Ah_55degC_1C_cell3,-1,prefix_temperature_RBF,83.035,89.25201255447145,6.217012554471452
102Ah_55degC_1C_cell3,21,102Ah_55degC_1C_cell3,-1,prefix_temperature_RBF,81.814,88.97246017527314,7.158460175273149
102Ah_55degC_1C_cell3,22,102Ah_55degC_1C_cell3,-1,prefix_temperature_RBF,80.494,88.65805436372483,8.16405436372483
102Ah_55degC_1C_cell3,23,102Ah_55degC_1C_cell3,-1,prefix_temperature_RBF,79.116,88.419886265647,9.303886265646995
102Ah_55degC_1C_cell3,24,102Ah_55degC_1C_cell3,-1,prefix_temperature_RBF,77.658,88.07770117874207,10.419701178742073
102Ah_55degC_1C_cell3,25,102Ah_55degC_1C_cell3,-1,prefix_temperature_RBF,76.068,87.78436307835052,11.716363078350525
102Ah_55degC_1C_cell3,26,102Ah_55degC_1C_cell3,-1,prefix_temperature_RBF,74.402,87.48151952099363,13.079519520993628
102Ah_55degC_1C_cell3,27,102Ah_55degC_1C_cell3,-1,prefix_temperature_RBF,72.733,86.95446801619364,14.22146801619364
102Ah_55degC_1C_cell3,28,102Ah_55degC_1C_cell3,-1,prefix_temperature_RBF,71.205,86.70996337086297,15.504963370862967
102Ah_55degC_1C_cell3,29,102Ah_55degC_1C_cell3,-1,prefix_temperature_RBF,69.634,86.43523330800869,16.80123330800869
102Ah_55degC_1C_cell3,30,102Ah_55degC_1C_cell3,-1,prefix_temperature_RBF,68.083,86.09658821333325,18.01358821333325
102Ah_55degC_1C_cell3,1,102Ah_55degC_1C_cell3,20260928,prefix_temperature_MLP,98.15,97.01319837422413,-1.136801625775874
102Ah_55degC_1C_cell3,2,102Ah_55degC_1C_cell3,20260928,prefix_temperature_MLP,97.002,96.22932024698314,-0.7726797530168596
102Ah_55degC_1C_cell3,3,102Ah_55degC_1C_cell3,20260928,prefix_temperature_MLP,93.692,94.08174359157879,0.38974359157879235
102Ah_55degC_1C_cell3,4,102Ah_55degC_1C_cell3,20260928,prefix_temperature_MLP,93.086,93.67952997618764,0.5935299761876394
102Ah_55degC_1C_cell3,5,102Ah_55degC_1C_cell3,20260928,prefix_temperature_MLP,92.505,93.27644534581702,0.7714453458170283
102Ah_55degC_1C_cell3,6,102Ah_55degC_1C_cell3,20260928,prefix_temperature_MLP,91.953,92.87714587810801,0.924145878108007
102Ah_55degC_1C_cell3,7,102Ah_55degC_1C_cell3,20260928,prefix_temperature_MLP,91.407,92.46988951753424,1.062889517534245
102Ah_55degC_1C_cell3,8,102Ah_55degC_1C_cell3,20260928,prefix_temperature_MLP,90.846,92.11918149080161,1.2731814908016048
102Ah_55degC_1C_cell3,9,102Ah_55degC_1C_cell3,20260928,prefix_temperature_MLP,90.301,91.79094890809401,1.4899489080940072
102Ah_55degC_1C_cell3,10,102Ah_55degC_1C_cell3,20260928,prefix_temperature_MLP,89.744,91.43255655366168,1.6885565536616838
102Ah_55degC_1C_cell3,11,102Ah_55degC_1C_cell3,20260928,prefix_temperature_MLP,89.204,91.09383990400922,1.8898399040092215
102Ah_55degC_1C_cell3,12,102Ah_55degC_1C_cell3,20260928,prefix_temperature_MLP,88.661,90.78615957100227,2.1251595710022713
102Ah_55degC_1C_cell3,13,102Ah_55degC_1C_cell3,20260928,prefix_temperature_MLP,88.039,90.29015286043625,2.2511528604362496
102Ah_55degC_1C_cell3,14,102Ah_55degC_1C_cell3,20260928,prefix_temperature_MLP,87.512,89.95556927035085,2.4435692703508494
102Ah_55degC_1C_cell3,15,102Ah_55degC_1C_cell3,20260928,prefix_temperature_MLP,86.962,89.60046889855478,2.638468898554777
102Ah_55degC_1C_cell3,16,102Ah_55degC_1C_cell3,20260928,prefix_temperature_MLP,86.38,89.02823303291675,2.6482330329167496
102Ah_55degC_1C_cell3,17,102Ah_55degC_1C_cell3,20260928,prefix_temperature_MLP,85.815,88.79155390729817,2.976553907298168
102Ah_55degC_1C_cell3,18,102Ah_55degC_1C_cell3,20260928,prefix_temperature_MLP,85.108,88.38549288770884,3.2774928877088314
102Ah_55degC_1C_cell3,19,102Ah_55degC_1C_cell3,20260928,prefix_temperature_MLP,84.207,87.87615433120112,3.6691543312011277
102Ah_55degC_1C_cell3,20,102Ah_55degC_1C_cell3,20260928,prefix_temperature_MLP,83.035,87.45291209008751,4.417912090087512
102Ah_55degC_1C_cell3,21,102Ah_55degC_1C_cell3,20260928,prefix_temperature_MLP,81.814,87.07365856976442,5.259658569764426
102Ah_55degC_1C_cell3,22,102Ah_55degC_1C_cell3,20260928,prefix_temperature_MLP,80.494,86.65359870798285,6.159598707982852
102Ah_55degC_1C_cell3,23,102Ah_55degC_1C_cell3,20260928,prefix_temperature_MLP,79.116,86.28763744777932,7.171637447779318
102Ah_55degC_1C_cell3,24,102Ah_55degC_1C_cell3,20260928,prefix_temperature_MLP,77.658,85.8627322594074,8.204732259407393
102Ah_55degC_1C_cell3,25,102Ah_55degC_1C_cell3,20260928,prefix_temperature_MLP,76.068,85.63033898119089,9.56233898119089
102Ah_55degC_1C_cell3,26,102Ah_55degC_1C_cell3,20260928,prefix_temperature_MLP,74.402,85.06804381517776,10.666043815177758
102Ah_55degC_1C_cell3,27,102Ah_55degC_1C_cell3,20260928,prefix_temperature_MLP,72.733,84.39259807385804,11.659598073858035
102Ah_55degC_1C_cell3,28,102Ah_55degC_1C_cell3,20260928,prefix_temperature_MLP,71.205,84.04195029604693,12.836950296046936
102Ah_55degC_1C_cell3,29,102Ah_55degC_1C_cell3,20260928,prefix_temperature_MLP,69.634,83.683248393985,14.049248393984996
102Ah_55degC_1C_cell3,30,102Ah_55degC_1C_cell3,20260928,prefix_temperature_MLP,68.083,83.24234767201466,15.159347672014661
102Ah_55degC_1C_cell3,1,102Ah_55degC_1C_cell3,20260929,prefix_temperature_MLP,98.15,96.40110134930653,-1.7488986506934765
102Ah_55degC_1C_cell3,2,102Ah_55degC_1C_cell3,20260929,prefix_temperature_MLP,97.002,95.58054252367076,-1.4214574763292376
102Ah_55degC_1C_cell3,3,102Ah_55degC_1C_cell3,20260929,prefix_temperature_MLP,93.692,93.43944417789776,-0.2525558221022379
102Ah_55degC_1C_cell3,4,102Ah_55degC_1C_cell3,20260929,prefix_temperature_MLP,93.086,93.03704340392201,-0.04895659607798564
102Ah_55degC_1C_cell3,5,102Ah_55degC_1C_cell3,20260929,prefix_temperature_MLP,92.505,92.64431114667457,0.13931114667457223
102Ah_55degC_1C_cell3,6,102Ah_55degC_1C_cell3,20260929,prefix_temperature_MLP,91.953,92.19603287342356,0.24303287342355873
102Ah_55degC_1C_cell3,7,102Ah_55degC_1C_cell3,20260929,prefix_temperature_MLP,91.407,91.81537735055731,0.4083773505573163
102Ah_55degC_1C_cell3,8,102Ah_55degC_1C_cell3,20260929,prefix_temperature_MLP,90.846,91.41268620576743,0.5666862057674251
102Ah_55degC_1C_cell3,9,102Ah_55degC_1C_cell3,20260929,prefix_temperature_MLP,90.301,91.03565482354506,0.734654823545057
102Ah_55degC_1C_cell3,10,102Ah_55degC_1C_cell3,20260929,prefix_temperature_MLP,89.744,90.63119260865436,0.8871926086543596
102Ah_55degC_1C_cell3,11,102Ah_55degC_1C_cell3,20260929,prefix_temperature_MLP,89.204,90.27078535193097,1.0667853519309745
102Ah_55degC_1C_cell3,12,102Ah_55degC_1C_cell3,20260929,prefix_temperature_MLP,88.661,89.89130144913032,1.230301449130323
102Ah_55degC_1C_cell3,13,102Ah_55degC_1C_cell3,20260929,prefix_temperature_MLP,88.039,89.2982545621727,1.2592545621726998
102Ah_55degC_1C_cell3,14,102Ah_55degC_1C_cell3,20260929,prefix_temperature_MLP,87.512,88.93543315241567,1.4234331524156687
102Ah_55degC_1C_cell3,15,102Ah_55degC_1C_cell3,20260929,prefix_temperature_MLP,86.962,88.53715493752573,1.575154937525724
102Ah_55degC_1C_cell3,16,102Ah_55degC_1C_cell3,20260929,prefix_temperature_MLP,86.38,87.91738126823779,1.5373812682377945
102Ah_55degC_1C_cell3,17,102Ah_55degC_1C_cell3,20260929,prefix_temperature_MLP,85.815,87.85941761007221,2.044417610072216
102Ah_55degC_1C_cell3,18,102Ah_55degC_1C_cell3,20260929,prefix_temperature_MLP,85.108,87.52105793020456,2.413057930204559
102Ah_55degC_1C_cell3,19,102Ah_55degC_1C_cell3,20260929,prefix_temperature_MLP,84.207,87.06285920523982,2.855859205239824
102Ah_55degC_1C_cell3,20,102Ah_55degC_1C_cell3,20260929,prefix_temperature_MLP,83.035,86.69367432382164,3.658674323821643
102Ah_55degC_1C_cell3,21,102Ah_55degC_1C_cell3,20260929,prefix_temperature_MLP,81.814,86.39541850895814,4.581418508958151
102Ah_55degC_1C_cell3,22,102Ah_55degC_1C_cell3,20260929,prefix_temperature_MLP,80.494,86.0315324485987,5.5375324485986965
102Ah_55degC_1C_cell3,23,102Ah_55degC_1C_cell3,20260929,prefix_temperature_MLP,79.116,85.68580529636635,6.569805296366354
102Ah_55degC_1C_cell3,24,102Ah_55degC_1C_cell3,20260929,prefix_temperature_MLP,77.658,85.35500940479314,7.6970094047931354
102Ah_55degC_1C_cell3,25,102Ah_55degC_1C_cell3,20260929,prefix_temperature_MLP,76.068,85.59399779085275,9.525997790852756
102Ah_55degC_1C_cell3,26,102Ah_55degC_1C_cell3,20260929,prefix_temperature_MLP,74.402,84.70607529787429,10.304075297874292
102Ah_55degC_1C_cell3,27,102Ah_55degC_1C_cell3,20260929,prefix_temperature_MLP,72.733,84.09021035947205,11.357210359472049
102Ah_55degC_1C_cell3,28,102Ah_55degC_1C_cell3,20260929,prefix_temperature_MLP,71.205,83.773983548763,12.568983548763
102Ah_55degC_1C_cell3,29,102Ah_55degC_1C_cell3,20260929,prefix_temperature_MLP,69.634,83.49100386426088,13.857003864260875
102Ah_55degC_1C_cell3,30,102Ah_55degC_1C_cell3,20260929,prefix_temperature_MLP,68.083,83.09057135823292,15.007571358232923
102Ah_55degC_1C_cell3,1,102Ah_55degC_1C_cell3,20260930,prefix_temperature_MLP,98.15,97.44803619236988,-0.701963807630122
102Ah_55degC_1C_cell3,2,102Ah_55degC_1C_cell3,20260930,prefix_temperature_MLP,97.002,96.57869907121714,-0.42330092878285086
102Ah_55degC_1C_cell3,3,102Ah_55degC_1C_cell3,20260930,prefix_temperature_MLP,93.692,94.4337451393922,0.7417451393922079
102Ah_55degC_1C_cell3,4,102Ah_55degC_1C_cell3,20260930,prefix_temperature_MLP,93.086,94.00209064417928,0.9160906441792775
102Ah_55degC_1C_cell3,5,102Ah_55degC_1C_cell3,20260930,prefix_temperature_MLP,92.505,93.59321375363868,1.0882137536386836
102Ah_55degC_1C_cell3,6,102Ah_55degC_1C_cell3,20260930,prefix_temperature_MLP,91.953,93.19665490749644,1.2436549074964347
102Ah_55degC_1C_cell3,7,102Ah_55degC_1C_cell3,20260930,prefix_temperature_MLP,91.407,92.77462756227301,1.3676275622730145
102Ah_55degC_1C_cell3,8,102Ah_55degC_1C_cell3,20260930,prefix_temperature_MLP,90.846,92.3845897683132,1.5385897683132015
102Ah_55degC_1C_cell3,9,102Ah_55degC_1C_cell3,20260930,prefix_temperature_MLP,90.301,92.03117922997816,1.7301792299781624
102Ah_55degC_1C_cell3,10,102Ah_55degC_1C_cell3,20260930,prefix_temperature_MLP,89.744,91.64881269532428,1.9048126953242814
102Ah_55degC_1C_cell3,11,102Ah_55degC_1C_cell3,20260930,prefix_temperature_MLP,89.204,91.2811861240257,2.077186124025701
102Ah_55degC_1C_cell3,12,102Ah_55degC_1C_cell3,20260930,prefix_temperature_MLP,88.661,90.92853074867561,2.267530748675611
102Ah_55degC_1C_cell3,13,102Ah_55degC_1C_cell3,20260930,prefix_temperature_MLP,88.039,90.37507541254502,2.3360754125450143
102Ah_55degC_1C_cell3,14,102Ah_55degC_1C_cell3,20260930,prefix_temperature_MLP,87.512,90.04619193384877,2.534191933848774
102Ah_55degC_1C_cell3,15,102Ah_55degC_1C_cell3,20260930,prefix_temperature_MLP,86.962,89.68448927476022,2.722489274760221
102Ah_55degC_1C_cell3,16,102Ah_55degC_1C_cell3,20260930,prefix_temperature_MLP,86.38,89.24788950035449,2.8678895003544937
102Ah_55degC_1C_cell3,17,102Ah_55degC_1C_cell3,20260930,prefix_temperature_MLP,85.815,88.98709314336689,3.1720931433668937
102Ah_55degC_1C_cell3,18,102Ah_55degC_1C_cell3,20260930,prefix_temperature_MLP,85.108,88.65441736242502,3.546417362425018
102Ah_55degC_1C_cell3,19,102Ah_55degC_1C_cell3,20260930,prefix_temperature_MLP,84.207,88.24220314406733,4.035203144067339
102Ah_55degC_1C_cell3,20,102Ah_55degC_1C_cell3,20260930,prefix_temperature_MLP,83.035,87.91086554315147,4.875865543151477
102Ah_55degC_1C_cell3,21,102Ah_55degC_1C_cell3,20260930,prefix_temperature_MLP,81.814,87.60416017384462,5.790160173844626
102Ah_55degC_1C_cell3,22,102Ah_55degC_1C_cell3,20260930,prefix_temperature_MLP,80.494,87.27245275385077,6.778452753850772
102Ah_55degC_1C_cell3,23,102Ah_55degC_1C_cell3,20260930,prefix_temperature_MLP,79.116,87.00148341602578,7.885483416025778
102Ah_55degC_1C_cell3,24,102Ah_55degC_1C_cell3,20260930,prefix_temperature_MLP,77.658,86.63864382900273,8.98064382900273
102Ah_55degC_1C_cell3,25,102Ah_55degC_1C_cell3,20260930,prefix_temperature_MLP,76.068,86.31412465814707,10.246124658147068
102Ah_55degC_1C_cell3,26,102Ah_55degC_1C_cell3,20260930,prefix_temperature_MLP,74.402,85.91765700487502,11.515657004875024
102Ah_55degC_1C_cell3,27,102Ah_55degC_1C_cell3,20260930,prefix_temperature_MLP,72.733,85.2286717108667,12.495671710866702
102Ah_55degC_1C_cell3,28,102Ah_55degC_1C_cell3,20260930,prefix_temperature_MLP,71.205,84.83196980822345,13.62696980822345
102Ah_55degC_1C_cell3,29,102Ah_55degC_1C_cell3,20260930,prefix_temperature_MLP,69.634,84.47365295216676,14.839652952166759
102Ah_55degC_1C_cell3,30,102Ah_55degC_1C_cell3,20260930,prefix_temperature_MLP,68.083,84.04414363148732,15.961143631487317
