run_id,scenario,cell_id,target_cycle,target_ordinal,prediction_soh_pp,target_soh_pp_diagnostic,mode,n_new_evidence_events,new_evidence_ids,input_end,temperature_bias_C
M6_event_stress_v1,clean_event_replay,102Ah_25degC_0p5C_cell3,52,1,101.1778903507919,100.57,ridge_event_replay,5,102Ah_25degC_0p5C_cell3|42|2021-05-09T16:34:22|2021-05-09T18:38:22|#|102Ah_25degC_0p5C_cell3|48|2021-05-10T23:23:16|2021-05-11T01:27:44|#|102Ah_25degC_0p5C_cell3|49|2021-05-11T04:31:20|2021-05-11T06:35:50|#|102Ah_25degC_0p5C_cell3|50|2021-05-11T09:39:21|2021-05-11T11:43:51|#|102Ah_25degC_0p5C_cell3|51|2021-05-11T14:47:47|2021-05-11T16:51:47,2021-05-11T16:51:47,0.0
M6_event_stress_v1,clean_event_replay,102Ah_25degC_0p5C_cell3,83,2,101.17126935886594,99.885,ridge_event_replay,2,102Ah_25degC_0p5C_cell3|52|2021-05-11T19:55:07|2021-05-11T21:59:37|#|102Ah_25degC_0p5C_cell3|53|2021-05-12T01:02:56|2021-05-12T03:07:26,2021-05-12T03:07:26,0.0
M6_event_stress_v1,clean_event_replay,102Ah_25degC_0p5C_cell3,113,3,100.76553372697141,99.386,ridge_event_replay,0,,2021-05-12T03:07:26,0.0
M6_event_stress_v1,clean_event_replay,102Ah_25degC_0p5C_cell3,144,4,100.34922649040233,98.994,ridge_event_replay,0,,2021-05-12T03:07:26,0.0
M6_event_stress_v1,clean_event_replay,102Ah_25degC_0p5C_cell3,175,5,99.93401562822746,98.602,ridge_event_replay,0,,2021-05-12T03:07:26,0.0
M6_event_stress_v1,clean_event_replay,102Ah_25degC_0p5C_cell3,207,6,99.78593261927752,98.235,ridge_event_replay,5,102Ah_25degC_0p5C_cell3|200|2021-06-18T18:39:55|2021-06-18T20:41:55|#|102Ah_25degC_0p5C_cell3|203|2021-06-19T04:44:58|2021-06-19T06:46:28|#|102Ah_25degC_0p5C_cell3|204|2021-06-19T09:47:21|2021-06-19T11:48:51|#|102Ah_25degC_0p5C_cell3|205|2021-06-19T14:49:47|2021-06-19T16:51:17|#|102Ah_25degC_0p5C_cell3|206|2021-06-19T19:51:42|2021-06-19T21:53:42,2021-06-19T21:53:42,0.0
M6_event_stress_v1,clean_event_replay,102Ah_25degC_0p5C_cell3,238,7,99.20451103323026,97.993,ridge_event_replay,5,102Ah_25degC_0p5C_cell3|233|2021-06-25T11:52:59|2021-06-25T13:54:29|#|102Ah_25degC_0p5C_cell3|234|2021-06-25T16:54:36|2021-06-25T18:56:36|#|102Ah_25degC_0p5C_cell3|235|2021-06-25T21:57:05|2021-06-25T23:58:35|#|102Ah_25degC_0p5C_cell3|236|2021-06-26T02:59:03|2021-06-26T05:00:33|#|102Ah_25degC_0p5C_cell3|237|2021-06-26T08:01:01|2021-06-26T10:02:30,2021-06-26T10:02:30,0.0
M6_event_stress_v1,clean_event_replay,102Ah_25degC_0p5C_cell3,271,8,99.49047716654867,97.71,ridge_event_replay,5,102Ah_25degC_0p5C_cell3|266|2021-07-02T09:48:54|2021-07-02T11:50:24|#|102Ah_25degC_0p5C_cell3|267|2021-07-02T14:50:47|2021-07-02T16:51:47|#|102Ah_25degC_0p5C_cell3|268|2021-07-02T19:52:06|2021-07-02T21:53:06|#|102Ah_25degC_0p5C_cell3|269|2021-07-03T00:52:55|2021-07-03T02:54:25|#|102Ah_25degC_0p5C_cell3|270|2021-07-03T05:54:13|2021-07-03T07:55:43,2021-07-03T07:55:43,0.0
M6_event_stress_v1,clean_event_replay,102Ah_25degC_0p5C_cell3,301,9,98.89737039848924,97.441,ridge_event_replay,5,102Ah_25degC_0p5C_cell3|297|2021-07-08T21:23:06|2021-07-08T23:24:06|#|102Ah_25degC_0p5C_cell3|298|2021-07-09T02:23:25|2021-07-09T04:24:54|#|102Ah_25degC_0p5C_cell3|299|2021-07-09T07:24:13|2021-07-09T09:25:42|#|102Ah_25degC_0p5C_cell3|300|2021-07-09T12:25:30|2021-07-09T14:26:30|#|102Ah_25degC_0p5C_cell3|301|2021-07-09T22:26:32|2021-07-10T00:28:02,2021-07-10T00:28:02,0.0
M6_event_stress_v1,clean_event_replay,102Ah_25degC_0p5C_cell3,334,10,98.43556185070004,97.212,ridge_event_replay,5,102Ah_25degC_0p5C_cell3|329|2021-07-15T13:40:25|2021-07-15T15:41:25|#|102Ah_25degC_0p5C_cell3|330|2021-07-15T19:15:09|2021-07-15T21:16:09|#|102Ah_25degC_0p5C_cell3|331|2021-07-16T00:15:27|2021-07-16T02:16:27|#|102Ah_25degC_0p5C_cell3|332|2021-07-16T05:16:12|2021-07-16T07:16:42|#|102Ah_25degC_0p5C_cell3|333|2021-07-16T10:15:57|2021-07-16T12:16:57,2021-07-16T12:16:57,0.0
M6_event_stress_v1,clean_event_replay,102Ah_25degC_0p5C_cell3,364,11,98.44176883030482,97.027,ridge_event_replay,5,102Ah_25degC_0p5C_cell3|359|2021-07-21T20:16:27|2021-07-21T22:17:28|#|102Ah_25degC_0p5C_cell3|360|2021-07-22T01:16:44|2021-07-22T03:17:14|#|102Ah_25degC_0p5C_cell3|361|2021-07-22T06:16:02|2021-07-22T08:17:01|#|102Ah_25degC_0p5C_cell3|362|2021-07-22T11:16:18|2021-07-22T13:16:48|#|102Ah_25degC_0p5C_cell3|363|2021-07-22T16:15:33|2021-07-22T18:16:32,2021-07-22T18:16:32,0.0
M6_event_stress_v1,clean_event_replay,102Ah_25degC_0p5C_cell3,395,12,98.00164287355676,96.825,ridge_event_replay,5,102Ah_25degC_0p5C_cell3|390|2021-07-28T07:03:50|2021-07-28T09:04:19|#|102Ah_25degC_0p5C_cell3|391|2021-07-28T12:03:43|2021-07-28T14:03:43|#|102Ah_25degC_0p5C_cell3|392|2021-07-28T17:03:03|2021-07-28T19:03:03|#|102Ah_25degC_0p5C_cell3|393|2021-07-28T22:02:21|2021-07-29T00:02:21|#|102Ah_25degC_0p5C_cell3|394|2021-07-29T03:01:39|2021-07-29T05:01:39,2021-07-29T05:01:39,0.0
M6_event_stress_v1,clean_event_replay,102Ah_25degC_0p5C_cell3,425,13,98.00697745350492,96.653,ridge_event_replay,5,102Ah_25degC_0p5C_cell3|420|2021-08-03T12:38:00|2021-08-03T14:38:30|#|102Ah_25degC_0p5C_cell3|421|2021-08-03T17:36:55|2021-08-03T19:37:24|#|102Ah_25degC_0p5C_cell3|422|2021-08-03T22:36:16|2021-08-04T00:36:16|#|102Ah_25degC_0p5C_cell3|423|2021-08-04T03:35:08|2021-08-04T05:35:08|#|102Ah_25degC_0p5C_cell3|424|2021-08-04T08:33:30|2021-08-04T10:33:59,2021-08-04T10:33:59,0.0
M6_event_stress_v1,clean_event_replay,102Ah_25degC_0p5C_cell3,456,14,97.35510877265983,96.449,ridge_event_replay,5,102Ah_25degC_0p5C_cell3|451|2021-08-09T22:58:19|2021-08-10T00:58:18|#|102Ah_25degC_0p5C_cell3|452|2021-08-10T03:56:49|2021-08-10T05:56:49|#|102Ah_25degC_0p5C_cell3|453|2021-08-10T08:55:20|2021-08-10T10:55:19|#|102Ah_25degC_0p5C_cell3|454|2021-08-10T13:54:19|2021-08-10T15:53:49|#|102Ah_25degC_0p5C_cell3|455|2021-08-10T18:52:19|2021-08-10T20:52:19,2021-08-10T20:52:19,0.0
M6_event_stress_v1,clean_event_replay,102Ah_25degC_0p5C_cell3,487,15,97.22156116143262,96.24,ridge_event_replay,5,102Ah_25degC_0p5C_cell3|482|2021-08-16T09:06:34|2021-08-16T11:06:34|#|102Ah_25degC_0p5C_cell3|483|2021-08-16T14:04:42|2021-08-16T16:04:42|#|102Ah_25degC_0p5C_cell3|484|2021-08-16T19:03:20|2021-08-16T21:02:50|#|102Ah_25degC_0p5C_cell3|485|2021-08-17T00:01:24|2021-08-17T02:00:54|#|102Ah_25degC_0p5C_cell3|486|2021-08-17T04:58:58|2021-08-17T06:58:58,2021-08-17T06:58:58,0.0
M6_event_stress_v1,clean_event_replay,102Ah_25degC_0p5C_cell3,519,16,96.49915667996048,96.134,ridge_event_replay,5,102Ah_25degC_0p5C_cell3|514|2021-08-24T02:05:33|2021-08-24T04:05:33|#|102Ah_25degC_0p5C_cell3|515|2021-08-24T07:03:28|2021-08-24T09:03:27|#|102Ah_25degC_0p5C_cell3|516|2021-08-24T12:01:55|2021-08-24T14:01:25|#|102Ah_25degC_0p5C_cell3|517|2021-08-24T16:59:20|2021-08-24T18:59:20|#|102Ah_25degC_0p5C_cell3|518|2021-08-24T21:57:46|2021-08-24T23:57:16,2021-08-24T23:57:16,0.0
M6_event_stress_v1,clean_event_replay,102Ah_25degC_0p5C_cell3,552,17,96.90131080683895,95.949,ridge_event_replay,5,102Ah_25degC_0p5C_cell3|547|2021-08-30T21:47:18|2021-08-30T23:46:48|#|102Ah_25degC_0p5C_cell3|548|2021-08-31T02:44:39|2021-08-31T04:44:09|#|102Ah_25degC_0p5C_cell3|549|2021-08-31T07:42:32|2021-08-31T09:41:31|#|102Ah_25degC_0p5C_cell3|550|2021-08-31T12:39:55|2021-08-31T14:38:55|#|102Ah_25degC_0p5C_cell3|551|2021-08-31T17:37:16|2021-08-31T19:36:16,2021-08-31T19:36:16,0.0
M6_event_stress_v1,clean_event_replay,102Ah_25degC_0p5C_cell3,583,18,96.87944177813347,95.782,ridge_event_replay,5,102Ah_25degC_0p5C_cell3|578|2021-09-06T07:19:51|2021-09-06T09:19:20|#|102Ah_25degC_0p5C_cell3|579|2021-09-06T12:17:20|2021-09-06T14:16:20|#|102Ah_25degC_0p5C_cell3|580|2021-09-06T17:13:48|2021-09-06T19:13:17|#|102Ah_25degC_0p5C_cell3|581|2021-09-06T22:11:13|2021-09-07T00:10:12|#|102Ah_25degC_0p5C_cell3|582|2021-09-07T03:08:06|2021-09-07T05:07:06,2021-09-07T05:07:06,0.0
M6_event_stress_v1,clean_event_replay,102Ah_25degC_0p5C_cell3,613,19,96.58334944746369,95.643,ridge_event_replay,5,102Ah_25degC_0p5C_cell3|608|2021-09-12T11:43:00|2021-09-12T13:42:00|#|102Ah_25degC_0p5C_cell3|609|2021-09-12T16:39:34|2021-09-12T18:38:33|#|102Ah_25degC_0p5C_cell3|610|2021-09-12T21:35:38|2021-09-12T23:35:08|#|102Ah_25degC_0p5C_cell3|611|2021-09-13T02:32:40|2021-09-13T04:31:40|#|102Ah_25degC_0p5C_cell3|612|2021-09-13T07:29:14|2021-09-13T09:28:14,2021-09-13T09:28:14,0.0
M6_event_stress_v1,clean_event_replay,102Ah_25degC_0p5C_cell3,646,20,96.24507998920357,95.469,ridge_event_replay,5,102Ah_25degC_0p5C_cell3|641|2021-09-19T06:43:39|2021-09-19T08:42:09|#|102Ah_25degC_0p5C_cell3|642|2021-09-19T11:39:49|2021-09-19T13:38:19|#|102Ah_25degC_0p5C_cell3|643|2021-09-19T16:35:59|2021-09-19T18:34:29|#|102Ah_25degC_0p5C_cell3|644|2021-09-19T21:31:39|2021-09-19T23:30:39|#|102Ah_25degC_0p5C_cell3|645|2021-09-20T02:27:48|2021-09-20T04:26:48,2021-09-20T04:26:48,0.0
M6_event_stress_v1,clean_event_replay,102Ah_25degC_0p5C_cell3,676,21,96.83043978892653,95.318,ridge_event_replay,5,102Ah_25degC_0p5C_cell3|671|2021-09-25T10:42:47|2021-09-25T12:41:46|#|102Ah_25degC_0p5C_cell3|672|2021-09-25T15:38:33|2021-09-25T17:37:32|#|102Ah_25degC_0p5C_cell3|673|2021-09-25T20:34:50|2021-09-25T22:33:20|#|102Ah_25degC_0p5C_cell3|674|2021-09-26T01:30:06|2021-09-26T03:29:05|#|102Ah_25degC_0p5C_cell3|675|2021-09-26T06:25:52|2021-09-26T08:24:52,2021-09-26T08:24:52,0.0
M6_event_stress_v1,clean_event_replay,102Ah_25degC_0p5C_cell3,709,22,96.2735228351915,95.076,ridge_event_replay,5,102Ah_25degC_0p5C_cell3|704|2021-10-10T12:33:04|2021-10-10T14:31:04|#|102Ah_25degC_0p5C_cell3|705|2021-10-10T17:27:51|2021-10-10T19:26:20|#|102Ah_25degC_0p5C_cell3|706|2021-10-10T22:23:04|2021-10-11T00:21:33|#|102Ah_25degC_0p5C_cell3|707|2021-10-11T03:18:18|2021-10-11T05:16:48|#|102Ah_25degC_0p5C_cell3|708|2021-10-11T08:13:30|2021-10-11T10:12:00,2021-10-11T10:12:00,0.0
M6_event_stress_v1,clean_event_replay,102Ah_25degC_0p5C_cell3,739,23,96.10014670973094,94.944,ridge_event_replay,5,102Ah_25degC_0p5C_cell3|734|2021-10-16T16:04:32|2021-10-16T18:03:01|#|102Ah_25degC_0p5C_cell3|735|2021-10-16T20:59:27|2021-10-16T22:57:57|#|102Ah_25degC_0p5C_cell3|736|2021-10-17T01:54:23|2021-10-17T03:52:52|#|102Ah_25degC_0p5C_cell3|737|2021-10-17T06:49:19|2021-10-17T08:47:49|#|102Ah_25degC_0p5C_cell3|738|2021-10-17T11:44:15|2021-10-17T13:42:44,2021-10-17T13:42:44,0.0
M6_event_stress_v1,clean_event_replay,102Ah_25degC_0p5C_cell3,770,24,95.63700348406527,94.756,ridge_event_replay,5,102Ah_25degC_0p5C_cell3|765|2021-10-23T00:24:35|2021-10-23T02:23:05|#|102Ah_25degC_0p5C_cell3|766|2021-10-23T05:19:18|2021-10-23T07:17:48|#|102Ah_25degC_0p5C_cell3|767|2021-10-23T10:14:01|2021-10-23T12:12:31|#|102Ah_25degC_0p5C_cell3|768|2021-10-23T15:08:43|2021-10-23T17:07:13|#|102Ah_25degC_0p5C_cell3|769|2021-10-23T20:03:53|2021-10-23T22:01:53,2021-10-23T22:01:53,0.0
M6_event_stress_v1,clean_event_replay,102Ah_25degC_0p5C_cell3,803,25,95.5183659464951,94.621,ridge_event_replay,5,102Ah_25degC_0p5C_cell3|796|2021-10-29T13:30:10|2021-10-29T15:28:40|#|102Ah_25degC_0p5C_cell3|799|2021-10-29T23:18:52|2021-10-30T01:17:22|#|102Ah_25degC_0p5C_cell3|800|2021-10-30T04:13:15|2021-10-30T06:11:45|#|102Ah_25degC_0p5C_cell3|801|2021-10-30T09:08:05|2021-10-30T11:06:05|#|102Ah_25degC_0p5C_cell3|802|2021-10-30T14:02:27|2021-10-30T16:00:27,2021-10-30T16:00:27,0.0
M6_event_stress_v1,clean_event_replay,102Ah_25degC_0p5C_cell3,833,26,95.81247013054825,94.566,ridge_event_replay,5,102Ah_25degC_0p5C_cell3|829|2021-11-06T13:31:28|2021-11-06T15:29:28|#|102Ah_25degC_0p5C_cell3|830|2021-11-06T18:25:33|2021-11-06T20:23:33|#|102Ah_25degC_0p5C_cell3|831|2021-11-06T23:19:38|2021-11-07T01:17:37|#|102Ah_25degC_0p5C_cell3|832|2021-11-07T04:13:40|2021-11-07T06:11:40|#|102Ah_25degC_0p5C_cell3|833|2021-11-07T09:07:40|2021-11-07T11:05:40,2021-11-07T11:05:40,0.0
M6_event_stress_v1,clean_event_replay,102Ah_25degC_0p5C_cell3,864,27,95.35387097434702,94.418,ridge_event_replay,5,102Ah_25degC_0p5C_cell3|860|2021-11-12T21:22:06|2021-11-12T23:20:06|#|102Ah_25degC_0p5C_cell3|861|2021-11-13T02:15:49|2021-11-13T04:13:49|#|102Ah_25degC_0p5C_cell3|862|2021-11-13T07:09:32|2021-11-13T09:07:31|#|102Ah_25degC_0p5C_cell3|863|2021-11-13T12:03:13|2021-11-13T14:01:13|#|102Ah_25degC_0p5C_cell3|864|2021-11-13T16:56:53|2021-11-13T18:54:53,2021-11-13T18:54:53,0.0
M6_event_stress_v1,clean_event_replay,102Ah_25degC_0p5C_cell3,895,28,95.19428893862212,94.238,ridge_event_replay,5,102Ah_25degC_0p5C_cell3|891|2021-11-19T05:02:23|2021-11-19T07:00:22|#|102Ah_25degC_0p5C_cell3|892|2021-11-19T09:55:48|2021-11-19T11:53:48|#|102Ah_25degC_0p5C_cell3|893|2021-11-19T14:49:13|2021-11-19T16:47:13|#|102Ah_25degC_0p5C_cell3|894|2021-11-19T19:42:35|2021-11-19T21:40:35|#|102Ah_25degC_0p5C_cell3|895|2021-11-20T00:35:57|2021-11-20T02:33:57,2021-11-20T02:33:57,0.0
M6_event_stress_v1,clean_event_replay,102Ah_25degC_0p5C_cell3,925,29,94.75458454084692,94.035,ridge_event_replay,5,102Ah_25degC_0p5C_cell3|921|2021-11-25T07:57:50|2021-11-25T09:55:20|#|102Ah_25degC_0p5C_cell3|922|2021-11-25T12:50:57|2021-11-25T14:48:27|#|102Ah_25degC_0p5C_cell3|923|2021-11-25T17:44:04|2021-11-25T19:41:33|#|102Ah_25degC_0p5C_cell3|924|2021-11-25T22:37:10|2021-11-26T00:35:10|#|102Ah_25degC_0p5C_cell3|925|2021-11-26T03:30:18|2021-11-26T05:28:17,2021-11-26T05:28:17,0.0
M6_event_stress_v1,clean_event_replay,102Ah_25degC_0p5C_cell3,956,30,94.52846584064037,93.975,ridge_event_replay,5,102Ah_25degC_0p5C_cell3|952|2021-12-01T15:22:48|2021-12-01T17:20:17|#|102Ah_25degC_0p5C_cell3|953|2021-12-01T20:15:39|2021-12-01T22:13:09|#|102Ah_25degC_0p5C_cell3|954|2021-12-02T01:08:27|2021-12-02T03:05:57|#|102Ah_25degC_0p5C_cell3|955|2021-12-02T06:01:16|2021-12-02T07:58:46|#|102Ah_25degC_0p5C_cell3|956|2021-12-02T10:54:06|2021-12-02T12:51:36,2021-12-02T12:51:36,0.0
M6_event_stress_v1,bias_+1C,102Ah_25degC_0p5C_cell3,52,1,101.10554311133214,100.57,ridge_event_replay,5,102Ah_25degC_0p5C_cell3|42|2021-05-09T16:34:22|2021-05-09T18:38:22|#|102Ah_25degC_0p5C_cell3|48|2021-05-10T23:23:16|2021-05-11T01:27:44|#|102Ah_25degC_0p5C_cell3|49|2021-05-11T04:31:20|2021-05-11T06:35:50|#|102Ah_25degC_0p5C_cell3|50|2021-05-11T09:39:21|2021-05-11T11:43:51|#|102Ah_25degC_0p5C_cell3|51|2021-05-11T14:47:47|2021-05-11T16:51:47,2021-05-11T16:51:47,1.0
M6_event_stress_v1,bias_+1C,102Ah_25degC_0p5C_cell3,83,2,101.09892211940618,99.885,ridge_event_replay,2,102Ah_25degC_0p5C_cell3|52|2021-05-11T19:55:07|2021-05-11T21:59:37|#|102Ah_25degC_0p5C_cell3|53|2021-05-12T01:02:56|2021-05-12T03:07:26,2021-05-12T03:07:26,1.0
M6_event_stress_v1,bias_+1C,102Ah_25degC_0p5C_cell3,113,3,100.69318648751164,99.386,ridge_event_replay,0,,2021-05-12T03:07:26,1.0
M6_event_stress_v1,bias_+1C,102Ah_25degC_0p5C_cell3,144,4,100.27687925094256,98.994,ridge_event_replay,0,,2021-05-12T03:07:26,1.0
M6_event_stress_v1,bias_+1C,102Ah_25degC_0p5C_cell3,175,5,99.8616683887677,98.602,ridge_event_replay,0,,2021-05-12T03:07:26,1.0
M6_event_stress_v1,bias_+1C,102Ah_25degC_0p5C_cell3,207,6,99.71358537981774,98.235,ridge_event_replay,5,102Ah_25degC_0p5C_cell3|200|2021-06-18T18:39:55|2021-06-18T20:41:55|#|102Ah_25degC_0p5C_cell3|203|2021-06-19T04:44:58|2021-06-19T06:46:28|#|102Ah_25degC_0p5C_cell3|204|2021-06-19T09:47:21|2021-06-19T11:48:51|#|102Ah_25degC_0p5C_cell3|205|2021-06-19T14:49:47|2021-06-19T16:51:17|#|102Ah_25degC_0p5C_cell3|206|2021-06-19T19:51:42|2021-06-19T21:53:42,2021-06-19T21:53:42,1.0
M6_event_stress_v1,bias_+1C,102Ah_25degC_0p5C_cell3,238,7,99.13216379377049,97.993,ridge_event_replay,5,102Ah_25degC_0p5C_cell3|233|2021-06-25T11:52:59|2021-06-25T13:54:29|#|102Ah_25degC_0p5C_cell3|234|2021-06-25T16:54:36|2021-06-25T18:56:36|#|102Ah_25degC_0p5C_cell3|235|2021-06-25T21:57:05|2021-06-25T23:58:35|#|102Ah_25degC_0p5C_cell3|236|2021-06-26T02:59:03|2021-06-26T05:00:33|#|102Ah_25degC_0p5C_cell3|237|2021-06-26T08:01:01|2021-06-26T10:02:30,2021-06-26T10:02:30,1.0
M6_event_stress_v1,bias_+1C,102Ah_25degC_0p5C_cell3,271,8,99.41812992708891,97.71,ridge_event_replay,5,102Ah_25degC_0p5C_cell3|266|2021-07-02T09:48:54|2021-07-02T11:50:24|#|102Ah_25degC_0p5C_cell3|267|2021-07-02T14:50:47|2021-07-02T16:51:47|#|102Ah_25degC_0p5C_cell3|268|2021-07-02T19:52:06|2021-07-02T21:53:06|#|102Ah_25degC_0p5C_cell3|269|2021-07-03T00:52:55|2021-07-03T02:54:25|#|102Ah_25degC_0p5C_cell3|270|2021-07-03T05:54:13|2021-07-03T07:55:43,2021-07-03T07:55:43,1.0
M6_event_stress_v1,bias_+1C,102Ah_25degC_0p5C_cell3,301,9,98.82502315902948,97.441,ridge_event_replay,5,102Ah_25degC_0p5C_cell3|297|2021-07-08T21:23:06|2021-07-08T23:24:06|#|102Ah_25degC_0p5C_cell3|298|2021-07-09T02:23:25|2021-07-09T04:24:54|#|102Ah_25degC_0p5C_cell3|299|2021-07-09T07:24:13|2021-07-09T09:25:42|#|102Ah_25degC_0p5C_cell3|300|2021-07-09T12:25:30|2021-07-09T14:26:30|#|102Ah_25degC_0p5C_cell3|301|2021-07-09T22:26:32|2021-07-10T00:28:02,2021-07-10T00:28:02,1.0
M6_event_stress_v1,bias_+1C,102Ah_25degC_0p5C_cell3,334,10,98.36321461124028,97.212,ridge_event_replay,5,102Ah_25degC_0p5C_cell3|329|2021-07-15T13:40:25|2021-07-15T15:41:25|#|102Ah_25degC_0p5C_cell3|330|2021-07-15T19:15:09|2021-07-15T21:16:09|#|102Ah_25degC_0p5C_cell3|331|2021-07-16T00:15:27|2021-07-16T02:16:27|#|102Ah_25degC_0p5C_cell3|332|2021-07-16T05:16:12|2021-07-16T07:16:42|#|102Ah_25degC_0p5C_cell3|333|2021-07-16T10:15:57|2021-07-16T12:16:57,2021-07-16T12:16:57,1.0
M6_event_stress_v1,bias_+1C,102Ah_25degC_0p5C_cell3,364,11,98.36942159084505,97.027,ridge_event_replay,5,102Ah_25degC_0p5C_cell3|359|2021-07-21T20:16:27|2021-07-21T22:17:28|#|102Ah_25degC_0p5C_cell3|360|2021-07-22T01:16:44|2021-07-22T03:17:14|#|102Ah_25degC_0p5C_cell3|361|2021-07-22T06:16:02|2021-07-22T08:17:01|#|102Ah_25degC_0p5C_cell3|362|2021-07-22T11:16:18|2021-07-22T13:16:48|#|102Ah_25degC_0p5C_cell3|363|2021-07-22T16:15:33|2021-07-22T18:16:32,2021-07-22T18:16:32,1.0
M6_event_stress_v1,bias_+1C,102Ah_25degC_0p5C_cell3,395,12,97.929295634097,96.825,ridge_event_replay,5,102Ah_25degC_0p5C_cell3|390|2021-07-28T07:03:50|2021-07-28T09:04:19|#|102Ah_25degC_0p5C_cell3|391|2021-07-28T12:03:43|2021-07-28T14:03:43|#|102Ah_25degC_0p5C_cell3|392|2021-07-28T17:03:03|2021-07-28T19:03:03|#|102Ah_25degC_0p5C_cell3|393|2021-07-28T22:02:21|2021-07-29T00:02:21|#|102Ah_25degC_0p5C_cell3|394|2021-07-29T03:01:39|2021-07-29T05:01:39,2021-07-29T05:01:39,1.0
M6_event_stress_v1,bias_+1C,102Ah_25degC_0p5C_cell3,425,13,97.93463021404516,96.653,ridge_event_replay,5,102Ah_25degC_0p5C_cell3|420|2021-08-03T12:38:00|2021-08-03T14:38:30|#|102Ah_25degC_0p5C_cell3|421|2021-08-03T17:36:55|2021-08-03T19:37:24|#|102Ah_25degC_0p5C_cell3|422|2021-08-03T22:36:16|2021-08-04T00:36:16|#|102Ah_25degC_0p5C_cell3|423|2021-08-04T03:35:08|2021-08-04T05:35:08|#|102Ah_25degC_0p5C_cell3|424|2021-08-04T08:33:30|2021-08-04T10:33:59,2021-08-04T10:33:59,1.0
M6_event_stress_v1,bias_+1C,102Ah_25degC_0p5C_cell3,456,14,97.28276153320007,96.449,ridge_event_replay,5,102Ah_25degC_0p5C_cell3|451|2021-08-09T22:58:19|2021-08-10T00:58:18|#|102Ah_25degC_0p5C_cell3|452|2021-08-10T03:56:49|2021-08-10T05:56:49|#|102Ah_25degC_0p5C_cell3|453|2021-08-10T08:55:20|2021-08-10T10:55:19|#|102Ah_25degC_0p5C_cell3|454|2021-08-10T13:54:19|2021-08-10T15:53:49|#|102Ah_25degC_0p5C_cell3|455|2021-08-10T18:52:19|2021-08-10T20:52:19,2021-08-10T20:52:19,1.0
M6_event_stress_v1,bias_+1C,102Ah_25degC_0p5C_cell3,487,15,97.14921392197286,96.24,ridge_event_replay,5,102Ah_25degC_0p5C_cell3|482|2021-08-16T09:06:34|2021-08-16T11:06:34|#|102Ah_25degC_0p5C_cell3|483|2021-08-16T14:04:42|2021-08-16T16:04:42|#|102Ah_25degC_0p5C_cell3|484|2021-08-16T19:03:20|2021-08-16T21:02:50|#|102Ah_25degC_0p5C_cell3|485|2021-08-17T00:01:24|2021-08-17T02:00:54|#|102Ah_25degC_0p5C_cell3|486|2021-08-17T04:58:58|2021-08-17T06:58:58,2021-08-17T06:58:58,1.0
M6_event_stress_v1,bias_+1C,102Ah_25degC_0p5C_cell3,519,16,96.42680944050072,96.134,ridge_event_replay,5,102Ah_25degC_0p5C_cell3|514|2021-08-24T02:05:33|2021-08-24T04:05:33|#|102Ah_25degC_0p5C_cell3|515|2021-08-24T07:03:28|2021-08-24T09:03:27|#|102Ah_25degC_0p5C_cell3|516|2021-08-24T12:01:55|2021-08-24T14:01:25|#|102Ah_25degC_0p5C_cell3|517|2021-08-24T16:59:20|2021-08-24T18:59:20|#|102Ah_25degC_0p5C_cell3|518|2021-08-24T21:57:46|2021-08-24T23:57:16,2021-08-24T23:57:16,1.0
M6_event_stress_v1,bias_+1C,102Ah_25degC_0p5C_cell3,552,17,96.82896356737919,95.949,ridge_event_replay,5,102Ah_25degC_0p5C_cell3|547|2021-08-30T21:47:18|2021-08-30T23:46:48|#|102Ah_25degC_0p5C_cell3|548|2021-08-31T02:44:39|2021-08-31T04:44:09|#|102Ah_25degC_0p5C_cell3|549|2021-08-31T07:42:32|2021-08-31T09:41:31|#|102Ah_25degC_0p5C_cell3|550|2021-08-31T12:39:55|2021-08-31T14:38:55|#|102Ah_25degC_0p5C_cell3|551|2021-08-31T17:37:16|2021-08-31T19:36:16,2021-08-31T19:36:16,1.0
M6_event_stress_v1,bias_+1C,102Ah_25degC_0p5C_cell3,583,18,96.80709453867371,95.782,ridge_event_replay,5,102Ah_25degC_0p5C_cell3|578|2021-09-06T07:19:51|2021-09-06T09:19:20|#|102Ah_25degC_0p5C_cell3|579|2021-09-06T12:17:20|2021-09-06T14:16:20|#|102Ah_25degC_0p5C_cell3|580|2021-09-06T17:13:48|2021-09-06T19:13:17|#|102Ah_25degC_0p5C_cell3|581|2021-09-06T22:11:13|2021-09-07T00:10:12|#|102Ah_25degC_0p5C_cell3|582|2021-09-07T03:08:06|2021-09-07T05:07:06,2021-09-07T05:07:06,1.0
M6_event_stress_v1,bias_+1C,102Ah_25degC_0p5C_cell3,613,19,96.51100220800392,95.643,ridge_event_replay,5,102Ah_25degC_0p5C_cell3|608|2021-09-12T11:43:00|2021-09-12T13:42:00|#|102Ah_25degC_0p5C_cell3|609|2021-09-12T16:39:34|2021-09-12T18:38:33|#|102Ah_25degC_0p5C_cell3|610|2021-09-12T21:35:38|2021-09-12T23:35:08|#|102Ah_25degC_0p5C_cell3|611|2021-09-13T02:32:40|2021-09-13T04:31:40|#|102Ah_25degC_0p5C_cell3|612|2021-09-13T07:29:14|2021-09-13T09:28:14,2021-09-13T09:28:14,1.0
M6_event_stress_v1,bias_+1C,102Ah_25degC_0p5C_cell3,646,20,96.1727327497438,95.469,ridge_event_replay,5,102Ah_25degC_0p5C_cell3|641|2021-09-19T06:43:39|2021-09-19T08:42:09|#|102Ah_25degC_0p5C_cell3|642|2021-09-19T11:39:49|2021-09-19T13:38:19|#|102Ah_25degC_0p5C_cell3|643|2021-09-19T16:35:59|2021-09-19T18:34:29|#|102Ah_25degC_0p5C_cell3|644|2021-09-19T21:31:39|2021-09-19T23:30:39|#|102Ah_25degC_0p5C_cell3|645|2021-09-20T02:27:48|2021-09-20T04:26:48,2021-09-20T04:26:48,1.0
M6_event_stress_v1,bias_+1C,102Ah_25degC_0p5C_cell3,676,21,96.75809254946675,95.318,ridge_event_replay,5,102Ah_25degC_0p5C_cell3|671|2021-09-25T10:42:47|2021-09-25T12:41:46|#|102Ah_25degC_0p5C_cell3|672|2021-09-25T15:38:33|2021-09-25T17:37:32|#|102Ah_25degC_0p5C_cell3|673|2021-09-25T20:34:50|2021-09-25T22:33:20|#|102Ah_25degC_0p5C_cell3|674|2021-09-26T01:30:06|2021-09-26T03:29:05|#|102Ah_25degC_0p5C_cell3|675|2021-09-26T06:25:52|2021-09-26T08:24:52,2021-09-26T08:24:52,1.0
M6_event_stress_v1,bias_+1C,102Ah_25degC_0p5C_cell3,709,22,96.20117559573173,95.076,ridge_event_replay,5,102Ah_25degC_0p5C_cell3|704|2021-10-10T12:33:04|2021-10-10T14:31:04|#|102Ah_25degC_0p5C_cell3|705|2021-10-10T17:27:51|2021-10-10T19:26:20|#|102Ah_25degC_0p5C_cell3|706|2021-10-10T22:23:04|2021-10-11T00:21:33|#|102Ah_25degC_0p5C_cell3|707|2021-10-11T03:18:18|2021-10-11T05:16:48|#|102Ah_25degC_0p5C_cell3|708|2021-10-11T08:13:30|2021-10-11T10:12:00,2021-10-11T10:12:00,1.0
M6_event_stress_v1,bias_+1C,102Ah_25degC_0p5C_cell3,739,23,96.02779947027118,94.944,ridge_event_replay,5,102Ah_25degC_0p5C_cell3|734|2021-10-16T16:04:32|2021-10-16T18:03:01|#|102Ah_25degC_0p5C_cell3|735|2021-10-16T20:59:27|2021-10-16T22:57:57|#|102Ah_25degC_0p5C_cell3|736|2021-10-17T01:54:23|2021-10-17T03:52:52|#|102Ah_25degC_0p5C_cell3|737|2021-10-17T06:49:19|2021-10-17T08:47:49|#|102Ah_25degC_0p5C_cell3|738|2021-10-17T11:44:15|2021-10-17T13:42:44,2021-10-17T13:42:44,1.0
M6_event_stress_v1,bias_+1C,102Ah_25degC_0p5C_cell3,770,24,95.5646562446055,94.756,ridge_event_replay,5,102Ah_25degC_0p5C_cell3|765|2021-10-23T00:24:35|2021-10-23T02:23:05|#|102Ah_25degC_0p5C_cell3|766|2021-10-23T05:19:18|2021-10-23T07:17:48|#|102Ah_25degC_0p5C_cell3|767|2021-10-23T10:14:01|2021-10-23T12:12:31|#|102Ah_25degC_0p5C_cell3|768|2021-10-23T15:08:43|2021-10-23T17:07:13|#|102Ah_25degC_0p5C_cell3|769|2021-10-23T20:03:53|2021-10-23T22:01:53,2021-10-23T22:01:53,1.0
M6_event_stress_v1,bias_+1C,102Ah_25degC_0p5C_cell3,803,25,95.44601870703532,94.621,ridge_event_replay,5,102Ah_25degC_0p5C_cell3|796|2021-10-29T13:30:10|2021-10-29T15:28:40|#|102Ah_25degC_0p5C_cell3|799|2021-10-29T23:18:52|2021-10-30T01:17:22|#|102Ah_25degC_0p5C_cell3|800|2021-10-30T04:13:15|2021-10-30T06:11:45|#|102Ah_25degC_0p5C_cell3|801|2021-10-30T09:08:05|2021-10-30T11:06:05|#|102Ah_25degC_0p5C_cell3|802|2021-10-30T14:02:27|2021-10-30T16:00:27,2021-10-30T16:00:27,1.0
M6_event_stress_v1,bias_+1C,102Ah_25degC_0p5C_cell3,833,26,95.74012289108848,94.566,ridge_event_replay,5,102Ah_25degC_0p5C_cell3|829|2021-11-06T13:31:28|2021-11-06T15:29:28|#|102Ah_25degC_0p5C_cell3|830|2021-11-06T18:25:33|2021-11-06T20:23:33|#|102Ah_25degC_0p5C_cell3|831|2021-11-06T23:19:38|2021-11-07T01:17:37|#|102Ah_25degC_0p5C_cell3|832|2021-11-07T04:13:40|2021-11-07T06:11:40|#|102Ah_25degC_0p5C_cell3|833|2021-11-07T09:07:40|2021-11-07T11:05:40,2021-11-07T11:05:40,1.0
M6_event_stress_v1,bias_+1C,102Ah_25degC_0p5C_cell3,864,27,95.28152373488726,94.418,ridge_event_replay,5,102Ah_25degC_0p5C_cell3|860|2021-11-12T21:22:06|2021-11-12T23:20:06|#|102Ah_25degC_0p5C_cell3|861|2021-11-13T02:15:49|2021-11-13T04:13:49|#|102Ah_25degC_0p5C_cell3|862|2021-11-13T07:09:32|2021-11-13T09:07:31|#|102Ah_25degC_0p5C_cell3|863|2021-11-13T12:03:13|2021-11-13T14:01:13|#|102Ah_25degC_0p5C_cell3|864|2021-11-13T16:56:53|2021-11-13T18:54:53,2021-11-13T18:54:53,1.0
M6_event_stress_v1,bias_+1C,102Ah_25degC_0p5C_cell3,895,28,95.12194169916236,94.238,ridge_event_replay,5,102Ah_25degC_0p5C_cell3|891|2021-11-19T05:02:23|2021-11-19T07:00:22|#|102Ah_25degC_0p5C_cell3|892|2021-11-19T09:55:48|2021-11-19T11:53:48|#|102Ah_25degC_0p5C_cell3|893|2021-11-19T14:49:13|2021-11-19T16:47:13|#|102Ah_25degC_0p5C_cell3|894|2021-11-19T19:42:35|2021-11-19T21:40:35|#|102Ah_25degC_0p5C_cell3|895|2021-11-20T00:35:57|2021-11-20T02:33:57,2021-11-20T02:33:57,1.0
M6_event_stress_v1,bias_+1C,102Ah_25degC_0p5C_cell3,925,29,94.68223730138716,94.035,ridge_event_replay,5,102Ah_25degC_0p5C_cell3|921|2021-11-25T07:57:50|2021-11-25T09:55:20|#|102Ah_25degC_0p5C_cell3|922|2021-11-25T12:50:57|2021-11-25T14:48:27|#|102Ah_25degC_0p5C_cell3|923|2021-11-25T17:44:04|2021-11-25T19:41:33|#|102Ah_25degC_0p5C_cell3|924|2021-11-25T22:37:10|2021-11-26T00:35:10|#|102Ah_25degC_0p5C_cell3|925|2021-11-26T03:30:18|2021-11-26T05:28:17,2021-11-26T05:28:17,1.0
M6_event_stress_v1,bias_+1C,102Ah_25degC_0p5C_cell3,956,30,94.4561186011806,93.975,ridge_event_replay,5,102Ah_25degC_0p5C_cell3|952|2021-12-01T15:22:48|2021-12-01T17:20:17|#|102Ah_25degC_0p5C_cell3|953|2021-12-01T20:15:39|2021-12-01T22:13:09|#|102Ah_25degC_0p5C_cell3|954|2021-12-02T01:08:27|2021-12-02T03:05:57|#|102Ah_25degC_0p5C_cell3|955|2021-12-02T06:01:16|2021-12-02T07:58:46|#|102Ah_25degC_0p5C_cell3|956|2021-12-02T10:54:06|2021-12-02T12:51:36,2021-12-02T12:51:36,1.0
M6_event_stress_v1,bias_-1C,102Ah_25degC_0p5C_cell3,52,1,101.25023759025166,100.57,ridge_event_replay,5,102Ah_25degC_0p5C_cell3|42|2021-05-09T16:34:22|2021-05-09T18:38:22|#|102Ah_25degC_0p5C_cell3|48|2021-05-10T23:23:16|2021-05-11T01:27:44|#|102Ah_25degC_0p5C_cell3|49|2021-05-11T04:31:20|2021-05-11T06:35:50|#|102Ah_25degC_0p5C_cell3|50|2021-05-11T09:39:21|2021-05-11T11:43:51|#|102Ah_25degC_0p5C_cell3|51|2021-05-11T14:47:47|2021-05-11T16:51:47,2021-05-11T16:51:47,-1.0
M6_event_stress_v1,bias_-1C,102Ah_25degC_0p5C_cell3,83,2,101.24361659832572,99.885,ridge_event_replay,2,102Ah_25degC_0p5C_cell3|52|2021-05-11T19:55:07|2021-05-11T21:59:37|#|102Ah_25degC_0p5C_cell3|53|2021-05-12T01:02:56|2021-05-12T03:07:26,2021-05-12T03:07:26,-1.0
M6_event_stress_v1,bias_-1C,102Ah_25degC_0p5C_cell3,113,3,100.83788096643117,99.386,ridge_event_replay,0,,2021-05-12T03:07:26,-1.0
M6_event_stress_v1,bias_-1C,102Ah_25degC_0p5C_cell3,144,4,100.42157372986209,98.994,ridge_event_replay,0,,2021-05-12T03:07:26,-1.0
M6_event_stress_v1,bias_-1C,102Ah_25degC_0p5C_cell3,175,5,100.00636286768723,98.602,ridge_event_replay,0,,2021-05-12T03:07:26,-1.0
M6_event_stress_v1,bias_-1C,102Ah_25degC_0p5C_cell3,207,6,99.85827985873728,98.235,ridge_event_replay,5,102Ah_25degC_0p5C_cell3|200|2021-06-18T18:39:55|2021-06-18T20:41:55|#|102Ah_25degC_0p5C_cell3|203|2021-06-19T04:44:58|2021-06-19T06:46:28|#|102Ah_25degC_0p5C_cell3|204|2021-06-19T09:47:21|2021-06-19T11:48:51|#|102Ah_25degC_0p5C_cell3|205|2021-06-19T14:49:47|2021-06-19T16:51:17|#|102Ah_25degC_0p5C_cell3|206|2021-06-19T19:51:42|2021-06-19T21:53:42,2021-06-19T21:53:42,-1.0
M6_event_stress_v1,bias_-1C,102Ah_25degC_0p5C_cell3,238,7,99.27685827269002,97.993,ridge_event_replay,5,102Ah_25degC_0p5C_cell3|233|2021-06-25T11:52:59|2021-06-25T13:54:29|#|102Ah_25degC_0p5C_cell3|234|2021-06-25T16:54:36|2021-06-25T18:56:36|#|102Ah_25degC_0p5C_cell3|235|2021-06-25T21:57:05|2021-06-25T23:58:35|#|102Ah_25degC_0p5C_cell3|236|2021-06-26T02:59:03|2021-06-26T05:00:33|#|102Ah_25degC_0p5C_cell3|237|2021-06-26T08:01:01|2021-06-26T10:02:30,2021-06-26T10:02:30,-1.0
M6_event_stress_v1,bias_-1C,102Ah_25degC_0p5C_cell3,271,8,99.56282440600845,97.71,ridge_event_replay,5,102Ah_25degC_0p5C_cell3|266|2021-07-02T09:48:54|2021-07-02T11:50:24|#|102Ah_25degC_0p5C_cell3|267|2021-07-02T14:50:47|2021-07-02T16:51:47|#|102Ah_25degC_0p5C_cell3|268|2021-07-02T19:52:06|2021-07-02T21:53:06|#|102Ah_25degC_0p5C_cell3|269|2021-07-03T00:52:55|2021-07-03T02:54:25|#|102Ah_25degC_0p5C_cell3|270|2021-07-03T05:54:13|2021-07-03T07:55:43,2021-07-03T07:55:43,-1.0
M6_event_stress_v1,bias_-1C,102Ah_25degC_0p5C_cell3,301,9,98.96971763794902,97.441,ridge_event_replay,5,102Ah_25degC_0p5C_cell3|297|2021-07-08T21:23:06|2021-07-08T23:24:06|#|102Ah_25degC_0p5C_cell3|298|2021-07-09T02:23:25|2021-07-09T04:24:54|#|102Ah_25degC_0p5C_cell3|299|2021-07-09T07:24:13|2021-07-09T09:25:42|#|102Ah_25degC_0p5C_cell3|300|2021-07-09T12:25:30|2021-07-09T14:26:30|#|102Ah_25degC_0p5C_cell3|301|2021-07-09T22:26:32|2021-07-10T00:28:02,2021-07-10T00:28:02,-1.0
M6_event_stress_v1,bias_-1C,102Ah_25degC_0p5C_cell3,334,10,98.50790909015981,97.212,ridge_event_replay,5,102Ah_25degC_0p5C_cell3|329|2021-07-15T13:40:25|2021-07-15T15:41:25|#|102Ah_25degC_0p5C_cell3|330|2021-07-15T19:15:09|2021-07-15T21:16:09|#|102Ah_25degC_0p5C_cell3|331|2021-07-16T00:15:27|2021-07-16T02:16:27|#|102Ah_25degC_0p5C_cell3|332|2021-07-16T05:16:12|2021-07-16T07:16:42|#|102Ah_25degC_0p5C_cell3|333|2021-07-16T10:15:57|2021-07-16T12:16:57,2021-07-16T12:16:57,-1.0
M6_event_stress_v1,bias_-1C,102Ah_25degC_0p5C_cell3,364,11,98.51411606976458,97.027,ridge_event_replay,5,102Ah_25degC_0p5C_cell3|359|2021-07-21T20:16:27|2021-07-21T22:17:28|#|102Ah_25degC_0p5C_cell3|360|2021-07-22T01:16:44|2021-07-22T03:17:14|#|102Ah_25degC_0p5C_cell3|361|2021-07-22T06:16:02|2021-07-22T08:17:01|#|102Ah_25degC_0p5C_cell3|362|2021-07-22T11:16:18|2021-07-22T13:16:48|#|102Ah_25degC_0p5C_cell3|363|2021-07-22T16:15:33|2021-07-22T18:16:32,2021-07-22T18:16:32,-1.0
M6_event_stress_v1,bias_-1C,102Ah_25degC_0p5C_cell3,395,12,98.07399011301654,96.825,ridge_event_replay,5,102Ah_25degC_0p5C_cell3|390|2021-07-28T07:03:50|2021-07-28T09:04:19|#|102Ah_25degC_0p5C_cell3|391|2021-07-28T12:03:43|2021-07-28T14:03:43|#|102Ah_25degC_0p5C_cell3|392|2021-07-28T17:03:03|2021-07-28T19:03:03|#|102Ah_25degC_0p5C_cell3|393|2021-07-28T22:02:21|2021-07-29T00:02:21|#|102Ah_25degC_0p5C_cell3|394|2021-07-29T03:01:39|2021-07-29T05:01:39,2021-07-29T05:01:39,-1.0
M6_event_stress_v1,bias_-1C,102Ah_25degC_0p5C_cell3,425,13,98.07932469296469,96.653,ridge_event_replay,5,102Ah_25degC_0p5C_cell3|420|2021-08-03T12:38:00|2021-08-03T14:38:30|#|102Ah_25degC_0p5C_cell3|421|2021-08-03T17:36:55|2021-08-03T19:37:24|#|102Ah_25degC_0p5C_cell3|422|2021-08-03T22:36:16|2021-08-04T00:36:16|#|102Ah_25degC_0p5C_cell3|423|2021-08-04T03:35:08|2021-08-04T05:35:08|#|102Ah_25degC_0p5C_cell3|424|2021-08-04T08:33:30|2021-08-04T10:33:59,2021-08-04T10:33:59,-1.0
M6_event_stress_v1,bias_-1C,102Ah_25degC_0p5C_cell3,456,14,97.4274560121196,96.449,ridge_event_replay,5,102Ah_25degC_0p5C_cell3|451|2021-08-09T22:58:19|2021-08-10T00:58:18|#|102Ah_25degC_0p5C_cell3|452|2021-08-10T03:56:49|2021-08-10T05:56:49|#|102Ah_25degC_0p5C_cell3|453|2021-08-10T08:55:20|2021-08-10T10:55:19|#|102Ah_25degC_0p5C_cell3|454|2021-08-10T13:54:19|2021-08-10T15:53:49|#|102Ah_25degC_0p5C_cell3|455|2021-08-10T18:52:19|2021-08-10T20:52:19,2021-08-10T20:52:19,-1.0
M6_event_stress_v1,bias_-1C,102Ah_25degC_0p5C_cell3,487,15,97.29390840089238,96.24,ridge_event_replay,5,102Ah_25degC_0p5C_cell3|482|2021-08-16T09:06:34|2021-08-16T11:06:34|#|102Ah_25degC_0p5C_cell3|483|2021-08-16T14:04:42|2021-08-16T16:04:42|#|102Ah_25degC_0p5C_cell3|484|2021-08-16T19:03:20|2021-08-16T21:02:50|#|102Ah_25degC_0p5C_cell3|485|2021-08-17T00:01:24|2021-08-17T02:00:54|#|102Ah_25degC_0p5C_cell3|486|2021-08-17T04:58:58|2021-08-17T06:58:58,2021-08-17T06:58:58,-1.0
M6_event_stress_v1,bias_-1C,102Ah_25degC_0p5C_cell3,519,16,96.57150391942025,96.134,ridge_event_replay,5,102Ah_25degC_0p5C_cell3|514|2021-08-24T02:05:33|2021-08-24T04:05:33|#|102Ah_25degC_0p5C_cell3|515|2021-08-24T07:03:28|2021-08-24T09:03:27|#|102Ah_25degC_0p5C_cell3|516|2021-08-24T12:01:55|2021-08-24T14:01:25|#|102Ah_25degC_0p5C_cell3|517|2021-08-24T16:59:20|2021-08-24T18:59:20|#|102Ah_25degC_0p5C_cell3|518|2021-08-24T21:57:46|2021-08-24T23:57:16,2021-08-24T23:57:16,-1.0
M6_event_stress_v1,bias_-1C,102Ah_25degC_0p5C_cell3,552,17,96.97365804629871,95.949,ridge_event_replay,5,102Ah_25degC_0p5C_cell3|547|2021-08-30T21:47:18|2021-08-30T23:46:48|#|102Ah_25degC_0p5C_cell3|548|2021-08-31T02:44:39|2021-08-31T04:44:09|#|102Ah_25degC_0p5C_cell3|549|2021-08-31T07:42:32|2021-08-31T09:41:31|#|102Ah_25degC_0p5C_cell3|550|2021-08-31T12:39:55|2021-08-31T14:38:55|#|102Ah_25degC_0p5C_cell3|551|2021-08-31T17:37:16|2021-08-31T19:36:16,2021-08-31T19:36:16,-1.0
M6_event_stress_v1,bias_-1C,102Ah_25degC_0p5C_cell3,583,18,96.95178901759324,95.782,ridge_event_replay,5,102Ah_25degC_0p5C_cell3|578|2021-09-06T07:19:51|2021-09-06T09:19:20|#|102Ah_25degC_0p5C_cell3|579|2021-09-06T12:17:20|2021-09-06T14:16:20|#|102Ah_25degC_0p5C_cell3|580|2021-09-06T17:13:48|2021-09-06T19:13:17|#|102Ah_25degC_0p5C_cell3|581|2021-09-06T22:11:13|2021-09-07T00:10:12|#|102Ah_25degC_0p5C_cell3|582|2021-09-07T03:08:06|2021-09-07T05:07:06,2021-09-07T05:07:06,-1.0
M6_event_stress_v1,bias_-1C,102Ah_25degC_0p5C_cell3,613,19,96.65569668692345,95.643,ridge_event_replay,5,102Ah_25degC_0p5C_cell3|608|2021-09-12T11:43:00|2021-09-12T13:42:00|#|102Ah_25degC_0p5C_cell3|609|2021-09-12T16:39:34|2021-09-12T18:38:33|#|102Ah_25degC_0p5C_cell3|610|2021-09-12T21:35:38|2021-09-12T23:35:08|#|102Ah_25degC_0p5C_cell3|611|2021-09-13T02:32:40|2021-09-13T04:31:40|#|102Ah_25degC_0p5C_cell3|612|2021-09-13T07:29:14|2021-09-13T09:28:14,2021-09-13T09:28:14,-1.0
M6_event_stress_v1,bias_-1C,102Ah_25degC_0p5C_cell3,646,20,96.31742722866333,95.469,ridge_event_replay,5,102Ah_25degC_0p5C_cell3|641|2021-09-19T06:43:39|2021-09-19T08:42:09|#|102Ah_25degC_0p5C_cell3|642|2021-09-19T11:39:49|2021-09-19T13:38:19|#|102Ah_25degC_0p5C_cell3|643|2021-09-19T16:35:59|2021-09-19T18:34:29|#|102Ah_25degC_0p5C_cell3|644|2021-09-19T21:31:39|2021-09-19T23:30:39|#|102Ah_25degC_0p5C_cell3|645|2021-09-20T02:27:48|2021-09-20T04:26:48,2021-09-20T04:26:48,-1.0
M6_event_stress_v1,bias_-1C,102Ah_25degC_0p5C_cell3,676,21,96.90278702838629,95.318,ridge_event_replay,5,102Ah_25degC_0p5C_cell3|671|2021-09-25T10:42:47|2021-09-25T12:41:46|#|102Ah_25degC_0p5C_cell3|672|2021-09-25T15:38:33|2021-09-25T17:37:32|#|102Ah_25degC_0p5C_cell3|673|2021-09-25T20:34:50|2021-09-25T22:33:20|#|102Ah_25degC_0p5C_cell3|674|2021-09-26T01:30:06|2021-09-26T03:29:05|#|102Ah_25degC_0p5C_cell3|675|2021-09-26T06:25:52|2021-09-26T08:24:52,2021-09-26T08:24:52,-1.0
M6_event_stress_v1,bias_-1C,102Ah_25degC_0p5C_cell3,709,22,96.34587007465126,95.076,ridge_event_replay,5,102Ah_25degC_0p5C_cell3|704|2021-10-10T12:33:04|2021-10-10T14:31:04|#|102Ah_25degC_0p5C_cell3|705|2021-10-10T17:27:51|2021-10-10T19:26:20|#|102Ah_25degC_0p5C_cell3|706|2021-10-10T22:23:04|2021-10-11T00:21:33|#|102Ah_25degC_0p5C_cell3|707|2021-10-11T03:18:18|2021-10-11T05:16:48|#|102Ah_25degC_0p5C_cell3|708|2021-10-11T08:13:30|2021-10-11T10:12:00,2021-10-11T10:12:00,-1.0
M6_event_stress_v1,bias_-1C,102Ah_25degC_0p5C_cell3,739,23,96.17249394919071,94.944,ridge_event_replay,5,102Ah_25degC_0p5C_cell3|734|2021-10-16T16:04:32|2021-10-16T18:03:01|#|102Ah_25degC_0p5C_cell3|735|2021-10-16T20:59:27|2021-10-16T22:57:57|#|102Ah_25degC_0p5C_cell3|736|2021-10-17T01:54:23|2021-10-17T03:52:52|#|102Ah_25degC_0p5C_cell3|737|2021-10-17T06:49:19|2021-10-17T08:47:49|#|102Ah_25degC_0p5C_cell3|738|2021-10-17T11:44:15|2021-10-17T13:42:44,2021-10-17T13:42:44,-1.0
M6_event_stress_v1,bias_-1C,102Ah_25degC_0p5C_cell3,770,24,95.70935072352503,94.756,ridge_event_replay,5,102Ah_25degC_0p5C_cell3|765|2021-10-23T00:24:35|2021-10-23T02:23:05|#|102Ah_25degC_0p5C_cell3|766|2021-10-23T05:19:18|2021-10-23T07:17:48|#|102Ah_25degC_0p5C_cell3|767|2021-10-23T10:14:01|2021-10-23T12:12:31|#|102Ah_25degC_0p5C_cell3|768|2021-10-23T15:08:43|2021-10-23T17:07:13|#|102Ah_25degC_0p5C_cell3|769|2021-10-23T20:03:53|2021-10-23T22:01:53,2021-10-23T22:01:53,-1.0
M6_event_stress_v1,bias_-1C,102Ah_25degC_0p5C_cell3,803,25,95.59071318595485,94.621,ridge_event_replay,5,102Ah_25degC_0p5C_cell3|796|2021-10-29T13:30:10|2021-10-29T15:28:40|#|102Ah_25degC_0p5C_cell3|799|2021-10-29T23:18:52|2021-10-30T01:17:22|#|102Ah_25degC_0p5C_cell3|800|2021-10-30T04:13:15|2021-10-30T06:11:45|#|102Ah_25degC_0p5C_cell3|801|2021-10-30T09:08:05|2021-10-30T11:06:05|#|102Ah_25degC_0p5C_cell3|802|2021-10-30T14:02:27|2021-10-30T16:00:27,2021-10-30T16:00:27,-1.0
M6_event_stress_v1,bias_-1C,102Ah_25degC_0p5C_cell3,833,26,95.88481737000801,94.566,ridge_event_replay,5,102Ah_25degC_0p5C_cell3|829|2021-11-06T13:31:28|2021-11-06T15:29:28|#|102Ah_25degC_0p5C_cell3|830|2021-11-06T18:25:33|2021-11-06T20:23:33|#|102Ah_25degC_0p5C_cell3|831|2021-11-06T23:19:38|2021-11-07T01:17:37|#|102Ah_25degC_0p5C_cell3|832|2021-11-07T04:13:40|2021-11-07T06:11:40|#|102Ah_25degC_0p5C_cell3|833|2021-11-07T09:07:40|2021-11-07T11:05:40,2021-11-07T11:05:40,-1.0
M6_event_stress_v1,bias_-1C,102Ah_25degC_0p5C_cell3,864,27,95.42621821380679,94.418,ridge_event_replay,5,102Ah_25degC_0p5C_cell3|860|2021-11-12T21:22:06|2021-11-12T23:20:06|#|102Ah_25degC_0p5C_cell3|861|2021-11-13T02:15:49|2021-11-13T04:13:49|#|102Ah_25degC_0p5C_cell3|862|2021-11-13T07:09:32|2021-11-13T09:07:31|#|102Ah_25degC_0p5C_cell3|863|2021-11-13T12:03:13|2021-11-13T14:01:13|#|102Ah_25degC_0p5C_cell3|864|2021-11-13T16:56:53|2021-11-13T18:54:53,2021-11-13T18:54:53,-1.0
M6_event_stress_v1,bias_-1C,102Ah_25degC_0p5C_cell3,895,28,95.26663617808188,94.238,ridge_event_replay,5,102Ah_25degC_0p5C_cell3|891|2021-11-19T05:02:23|2021-11-19T07:00:22|#|102Ah_25degC_0p5C_cell3|892|2021-11-19T09:55:48|2021-11-19T11:53:48|#|102Ah_25degC_0p5C_cell3|893|2021-11-19T14:49:13|2021-11-19T16:47:13|#|102Ah_25degC_0p5C_cell3|894|2021-11-19T19:42:35|2021-11-19T21:40:35|#|102Ah_25degC_0p5C_cell3|895|2021-11-20T00:35:57|2021-11-20T02:33:57,2021-11-20T02:33:57,-1.0
M6_event_stress_v1,bias_-1C,102Ah_25degC_0p5C_cell3,925,29,94.8269317803067,94.035,ridge_event_replay,5,102Ah_25degC_0p5C_cell3|921|2021-11-25T07:57:50|2021-11-25T09:55:20|#|102Ah_25degC_0p5C_cell3|922|2021-11-25T12:50:57|2021-11-25T14:48:27|#|102Ah_25degC_0p5C_cell3|923|2021-11-25T17:44:04|2021-11-25T19:41:33|#|102Ah_25degC_0p5C_cell3|924|2021-11-25T22:37:10|2021-11-26T00:35:10|#|102Ah_25degC_0p5C_cell3|925|2021-11-26T03:30:18|2021-11-26T05:28:17,2021-11-26T05:28:17,-1.0
M6_event_stress_v1,bias_-1C,102Ah_25degC_0p5C_cell3,956,30,94.60081308010014,93.975,ridge_event_replay,5,102Ah_25degC_0p5C_cell3|952|2021-12-01T15:22:48|2021-12-01T17:20:17|#|102Ah_25degC_0p5C_cell3|953|2021-12-01T20:15:39|2021-12-01T22:13:09|#|102Ah_25degC_0p5C_cell3|954|2021-12-02T01:08:27|2021-12-02T03:05:57|#|102Ah_25degC_0p5C_cell3|955|2021-12-02T06:01:16|2021-12-02T07:58:46|#|102Ah_25degC_0p5C_cell3|956|2021-12-02T10:54:06|2021-12-02T12:51:36,2021-12-02T12:51:36,-1.0
M6_event_stress_v1,drift_+3C,102Ah_25degC_0p5C_cell3,52,1,101.17173171252234,100.57,ridge_event_replay,5,102Ah_25degC_0p5C_cell3|42|2021-05-09T16:34:22|2021-05-09T18:38:22|#|102Ah_25degC_0p5C_cell3|48|2021-05-10T23:23:16|2021-05-11T01:27:44|#|102Ah_25degC_0p5C_cell3|49|2021-05-11T04:31:20|2021-05-11T06:35:50|#|102Ah_25degC_0p5C_cell3|50|2021-05-11T09:39:21|2021-05-11T11:43:51|#|102Ah_25degC_0p5C_cell3|51|2021-05-11T14:47:47|2021-05-11T16:51:47,2021-05-11T16:51:47,0.0
M6_event_stress_v1,drift_+3C,102Ah_25degC_0p5C_cell3,83,2,101.16440411070153,99.885,ridge_event_replay,2,102Ah_25degC_0p5C_cell3|52|2021-05-11T19:55:07|2021-05-11T21:59:37|#|102Ah_25degC_0p5C_cell3|53|2021-05-12T01:02:56|2021-05-12T03:07:26,2021-05-12T03:07:26,0.0
M6_event_stress_v1,drift_+3C,102Ah_25degC_0p5C_cell3,113,3,100.758668478807,99.386,ridge_event_replay,0,,2021-05-12T03:07:26,0.0
M6_event_stress_v1,drift_+3C,102Ah_25degC_0p5C_cell3,144,4,100.34236124223791,98.994,ridge_event_replay,0,,2021-05-12T03:07:26,0.0
M6_event_stress_v1,drift_+3C,102Ah_25degC_0p5C_cell3,175,5,99.92715038006304,98.602,ridge_event_replay,0,,2021-05-12T03:07:26,0.0
M6_event_stress_v1,drift_+3C,102Ah_25degC_0p5C_cell3,207,6,99.77802604786078,98.235,ridge_event_replay,5,102Ah_25degC_0p5C_cell3|200|2021-06-18T18:39:55|2021-06-18T20:41:55|#|102Ah_25degC_0p5C_cell3|203|2021-06-19T04:44:58|2021-06-19T06:46:28|#|102Ah_25degC_0p5C_cell3|204|2021-06-19T09:47:21|2021-06-19T11:48:51|#|102Ah_25degC_0p5C_cell3|205|2021-06-19T14:49:47|2021-06-19T16:51:17|#|102Ah_25degC_0p5C_cell3|206|2021-06-19T19:51:42|2021-06-19T21:53:42,2021-06-19T21:53:42,0.0
M6_event_stress_v1,drift_+3C,102Ah_25degC_0p5C_cell3,238,7,99.19234356597596,97.993,ridge_event_replay,5,102Ah_25degC_0p5C_cell3|233|2021-06-25T11:52:59|2021-06-25T13:54:29|#|102Ah_25degC_0p5C_cell3|234|2021-06-25T16:54:36|2021-06-25T18:56:36|#|102Ah_25degC_0p5C_cell3|235|2021-06-25T21:57:05|2021-06-25T23:58:35|#|102Ah_25degC_0p5C_cell3|236|2021-06-26T02:59:03|2021-06-26T05:00:33|#|102Ah_25degC_0p5C_cell3|237|2021-06-26T08:01:01|2021-06-26T10:02:30,2021-06-26T10:02:30,0.0
M6_event_stress_v1,drift_+3C,102Ah_25degC_0p5C_cell3,271,8,99.47421828053366,97.71,ridge_event_replay,5,102Ah_25degC_0p5C_cell3|266|2021-07-02T09:48:54|2021-07-02T11:50:24|#|102Ah_25degC_0p5C_cell3|267|2021-07-02T14:50:47|2021-07-02T16:51:47|#|102Ah_25degC_0p5C_cell3|268|2021-07-02T19:52:06|2021-07-02T21:53:06|#|102Ah_25degC_0p5C_cell3|269|2021-07-03T00:52:55|2021-07-03T02:54:25|#|102Ah_25degC_0p5C_cell3|270|2021-07-03T05:54:13|2021-07-03T07:55:43,2021-07-03T07:55:43,0.0
M6_event_stress_v1,drift_+3C,102Ah_25degC_0p5C_cell3,301,9,98.87787904215206,97.441,ridge_event_replay,5,102Ah_25degC_0p5C_cell3|297|2021-07-08T21:23:06|2021-07-08T23:24:06|#|102Ah_25degC_0p5C_cell3|298|2021-07-09T02:23:25|2021-07-09T04:24:54|#|102Ah_25degC_0p5C_cell3|299|2021-07-09T07:24:13|2021-07-09T09:25:42|#|102Ah_25degC_0p5C_cell3|300|2021-07-09T12:25:30|2021-07-09T14:26:30|#|102Ah_25degC_0p5C_cell3|301|2021-07-09T22:26:32|2021-07-10T00:28:02,2021-07-10T00:28:02,0.0
M6_event_stress_v1,drift_+3C,102Ah_25degC_0p5C_cell3,334,10,98.41243959976954,97.212,ridge_event_replay,5,102Ah_25degC_0p5C_cell3|329|2021-07-15T13:40:25|2021-07-15T15:41:25|#|102Ah_25degC_0p5C_cell3|330|2021-07-15T19:15:09|2021-07-15T21:16:09|#|102Ah_25degC_0p5C_cell3|331|2021-07-16T00:15:27|2021-07-16T02:16:27|#|102Ah_25degC_0p5C_cell3|332|2021-07-16T05:16:12|2021-07-16T07:16:42|#|102Ah_25degC_0p5C_cell3|333|2021-07-16T10:15:57|2021-07-16T12:16:57,2021-07-16T12:16:57,0.0
M6_event_stress_v1,drift_+3C,102Ah_25degC_0p5C_cell3,364,11,98.41543077913954,97.027,ridge_event_replay,5,102Ah_25degC_0p5C_cell3|359|2021-07-21T20:16:27|2021-07-21T22:17:28|#|102Ah_25degC_0p5C_cell3|360|2021-07-22T01:16:44|2021-07-22T03:17:14|#|102Ah_25degC_0p5C_cell3|361|2021-07-22T06:16:02|2021-07-22T08:17:01|#|102Ah_25degC_0p5C_cell3|362|2021-07-22T11:16:18|2021-07-22T13:16:48|#|102Ah_25degC_0p5C_cell3|363|2021-07-22T16:15:33|2021-07-22T18:16:32,2021-07-22T18:16:32,0.0
M6_event_stress_v1,drift_+3C,102Ah_25degC_0p5C_cell3,395,12,97.97118618818405,96.825,ridge_event_replay,5,102Ah_25degC_0p5C_cell3|390|2021-07-28T07:03:50|2021-07-28T09:04:19|#|102Ah_25degC_0p5C_cell3|391|2021-07-28T12:03:43|2021-07-28T14:03:43|#|102Ah_25degC_0p5C_cell3|392|2021-07-28T17:03:03|2021-07-28T19:03:03|#|102Ah_25degC_0p5C_cell3|393|2021-07-28T22:02:21|2021-07-29T00:02:21|#|102Ah_25degC_0p5C_cell3|394|2021-07-29T03:01:39|2021-07-29T05:01:39,2021-07-29T05:01:39,0.0
M6_event_stress_v1,drift_+3C,102Ah_25degC_0p5C_cell3,425,13,97.97305039553484,96.653,ridge_event_replay,5,102Ah_25degC_0p5C_cell3|420|2021-08-03T12:38:00|2021-08-03T14:38:30|#|102Ah_25degC_0p5C_cell3|421|2021-08-03T17:36:55|2021-08-03T19:37:24|#|102Ah_25degC_0p5C_cell3|422|2021-08-03T22:36:16|2021-08-04T00:36:16|#|102Ah_25degC_0p5C_cell3|423|2021-08-04T03:35:08|2021-08-04T05:35:08|#|102Ah_25degC_0p5C_cell3|424|2021-08-04T08:33:30|2021-08-04T10:33:59,2021-08-04T10:33:59,0.0
M6_event_stress_v1,drift_+3C,102Ah_25degC_0p5C_cell3,456,14,97.31893218832248,96.449,ridge_event_replay,5,102Ah_25degC_0p5C_cell3|451|2021-08-09T22:58:19|2021-08-10T00:58:18|#|102Ah_25degC_0p5C_cell3|452|2021-08-10T03:56:49|2021-08-10T05:56:49|#|102Ah_25degC_0p5C_cell3|453|2021-08-10T08:55:20|2021-08-10T10:55:19|#|102Ah_25degC_0p5C_cell3|454|2021-08-10T13:54:19|2021-08-10T15:53:49|#|102Ah_25degC_0p5C_cell3|455|2021-08-10T18:52:19|2021-08-10T20:52:19,2021-08-10T20:52:19,0.0
M6_event_stress_v1,drift_+3C,102Ah_25degC_0p5C_cell3,487,15,97.18206824795126,96.24,ridge_event_replay,5,102Ah_25degC_0p5C_cell3|482|2021-08-16T09:06:34|2021-08-16T11:06:34|#|102Ah_25degC_0p5C_cell3|483|2021-08-16T14:04:42|2021-08-16T16:04:42|#|102Ah_25degC_0p5C_cell3|484|2021-08-16T19:03:20|2021-08-16T21:02:50|#|102Ah_25degC_0p5C_cell3|485|2021-08-17T00:01:24|2021-08-17T02:00:54|#|102Ah_25degC_0p5C_cell3|486|2021-08-17T04:58:58|2021-08-17T06:58:58,2021-08-17T06:58:58,0.0
M6_event_stress_v1,drift_+3C,102Ah_25degC_0p5C_cell3,519,16,96.45856952602027,96.134,ridge_event_replay,5,102Ah_25degC_0p5C_cell3|514|2021-08-24T02:05:33|2021-08-24T04:05:33|#|102Ah_25degC_0p5C_cell3|515|2021-08-24T07:03:28|2021-08-24T09:03:27|#|102Ah_25degC_0p5C_cell3|516|2021-08-24T12:01:55|2021-08-24T14:01:25|#|102Ah_25degC_0p5C_cell3|517|2021-08-24T16:59:20|2021-08-24T18:59:20|#|102Ah_25degC_0p5C_cell3|518|2021-08-24T21:57:46|2021-08-24T23:57:16,2021-08-24T23:57:16,0.0
M6_event_stress_v1,drift_+3C,102Ah_25degC_0p5C_cell3,552,17,96.85358943660025,95.949,ridge_event_replay,5,102Ah_25degC_0p5C_cell3|547|2021-08-30T21:47:18|2021-08-30T23:46:48|#|102Ah_25degC_0p5C_cell3|548|2021-08-31T02:44:39|2021-08-31T04:44:09|#|102Ah_25degC_0p5C_cell3|549|2021-08-31T07:42:32|2021-08-31T09:41:31|#|102Ah_25degC_0p5C_cell3|550|2021-08-31T12:39:55|2021-08-31T14:38:55|#|102Ah_25degC_0p5C_cell3|551|2021-08-31T17:37:16|2021-08-31T19:36:16,2021-08-31T19:36:16,0.0
M6_event_stress_v1,drift_+3C,102Ah_25degC_0p5C_cell3,583,18,96.8283995907346,95.782,ridge_event_replay,5,102Ah_25degC_0p5C_cell3|578|2021-09-06T07:19:51|2021-09-06T09:19:20|#|102Ah_25degC_0p5C_cell3|579|2021-09-06T12:17:20|2021-09-06T14:16:20|#|102Ah_25degC_0p5C_cell3|580|2021-09-06T17:13:48|2021-09-06T19:13:17|#|102Ah_25degC_0p5C_cell3|581|2021-09-06T22:11:13|2021-09-07T00:10:12|#|102Ah_25degC_0p5C_cell3|582|2021-09-07T03:08:06|2021-09-07T05:07:06,2021-09-07T05:07:06,0.0
M6_event_stress_v1,drift_+3C,102Ah_25degC_0p5C_cell3,613,19,96.52893815707647,95.643,ridge_event_replay,5,102Ah_25degC_0p5C_cell3|608|2021-09-12T11:43:00|2021-09-12T13:42:00|#|102Ah_25degC_0p5C_cell3|609|2021-09-12T16:39:34|2021-09-12T18:38:33|#|102Ah_25degC_0p5C_cell3|610|2021-09-12T21:35:38|2021-09-12T23:35:08|#|102Ah_25degC_0p5C_cell3|611|2021-09-13T02:32:40|2021-09-13T04:31:40|#|102Ah_25degC_0p5C_cell3|612|2021-09-13T07:29:14|2021-09-13T09:28:14,2021-09-13T09:28:14,0.0
M6_event_stress_v1,drift_+3C,102Ah_25degC_0p5C_cell3,646,20,96.18896621323832,95.469,ridge_event_replay,5,102Ah_25degC_0p5C_cell3|641|2021-09-19T06:43:39|2021-09-19T08:42:09|#|102Ah_25degC_0p5C_cell3|642|2021-09-19T11:39:49|2021-09-19T13:38:19|#|102Ah_25degC_0p5C_cell3|643|2021-09-19T16:35:59|2021-09-19T18:34:29|#|102Ah_25degC_0p5C_cell3|644|2021-09-19T21:31:39|2021-09-19T23:30:39|#|102Ah_25degC_0p5C_cell3|645|2021-09-20T02:27:48|2021-09-20T04:26:48,2021-09-20T04:26:48,0.0
M6_event_stress_v1,drift_+3C,102Ah_25degC_0p5C_cell3,676,21,96.76810854275588,95.318,ridge_event_replay,5,102Ah_25degC_0p5C_cell3|671|2021-09-25T10:42:47|2021-09-25T12:41:46|#|102Ah_25degC_0p5C_cell3|672|2021-09-25T15:38:33|2021-09-25T17:37:32|#|102Ah_25degC_0p5C_cell3|673|2021-09-25T20:34:50|2021-09-25T22:33:20|#|102Ah_25degC_0p5C_cell3|674|2021-09-26T01:30:06|2021-09-26T03:29:05|#|102Ah_25degC_0p5C_cell3|675|2021-09-26T06:25:52|2021-09-26T08:24:52,2021-09-26T08:24:52,0.0
M6_event_stress_v1,drift_+3C,102Ah_25degC_0p5C_cell3,709,22,96.20972222097782,95.076,ridge_event_replay,5,102Ah_25degC_0p5C_cell3|704|2021-10-10T12:33:04|2021-10-10T14:31:04|#|102Ah_25degC_0p5C_cell3|705|2021-10-10T17:27:51|2021-10-10T19:26:20|#|102Ah_25degC_0p5C_cell3|706|2021-10-10T22:23:04|2021-10-11T00:21:33|#|102Ah_25degC_0p5C_cell3|707|2021-10-11T03:18:18|2021-10-11T05:16:48|#|102Ah_25degC_0p5C_cell3|708|2021-10-11T08:13:30|2021-10-11T10:12:00,2021-10-11T10:12:00,0.0
M6_event_stress_v1,drift_+3C,102Ah_25degC_0p5C_cell3,739,23,96.03325465160938,94.944,ridge_event_replay,5,102Ah_25degC_0p5C_cell3|734|2021-10-16T16:04:32|2021-10-16T18:03:01|#|102Ah_25degC_0p5C_cell3|735|2021-10-16T20:59:27|2021-10-16T22:57:57|#|102Ah_25degC_0p5C_cell3|736|2021-10-17T01:54:23|2021-10-17T03:52:52|#|102Ah_25degC_0p5C_cell3|737|2021-10-17T06:49:19|2021-10-17T08:47:49|#|102Ah_25degC_0p5C_cell3|738|2021-10-17T11:44:15|2021-10-17T13:42:44,2021-10-17T13:42:44,0.0
M6_event_stress_v1,drift_+3C,102Ah_25degC_0p5C_cell3,770,24,95.57019277383958,94.756,ridge_event_replay,5,102Ah_25degC_0p5C_cell3|765|2021-10-23T00:24:35|2021-10-23T02:23:05|#|102Ah_25degC_0p5C_cell3|766|2021-10-23T05:19:18|2021-10-23T07:17:48|#|102Ah_25degC_0p5C_cell3|767|2021-10-23T10:14:01|2021-10-23T12:12:31|#|102Ah_25degC_0p5C_cell3|768|2021-10-23T15:08:43|2021-10-23T17:07:13|#|102Ah_25degC_0p5C_cell3|769|2021-10-23T20:03:53|2021-10-23T22:01:53,2021-10-23T22:01:53,0.0
M6_event_stress_v1,drift_+3C,102Ah_25degC_0p5C_cell3,803,25,95.44825690583082,94.621,ridge_event_replay,5,102Ah_25degC_0p5C_cell3|796|2021-10-29T13:30:10|2021-10-29T15:28:40|#|102Ah_25degC_0p5C_cell3|799|2021-10-29T23:18:52|2021-10-30T01:17:22|#|102Ah_25degC_0p5C_cell3|800|2021-10-30T04:13:15|2021-10-30T06:11:45|#|102Ah_25degC_0p5C_cell3|801|2021-10-30T09:08:05|2021-10-30T11:06:05|#|102Ah_25degC_0p5C_cell3|802|2021-10-30T14:02:27|2021-10-30T16:00:27,2021-10-30T16:00:27,0.0
M6_event_stress_v1,drift_+3C,102Ah_25degC_0p5C_cell3,833,26,95.73453170212177,94.566,ridge_event_replay,5,102Ah_25degC_0p5C_cell3|829|2021-11-06T13:31:28|2021-11-06T15:29:28|#|102Ah_25degC_0p5C_cell3|830|2021-11-06T18:25:33|2021-11-06T20:23:33|#|102Ah_25degC_0p5C_cell3|831|2021-11-06T23:19:38|2021-11-07T01:17:37|#|102Ah_25degC_0p5C_cell3|832|2021-11-07T04:13:40|2021-11-07T06:11:40|#|102Ah_25degC_0p5C_cell3|833|2021-11-07T09:07:40|2021-11-07T11:05:40,2021-11-07T11:05:40,0.0
M6_event_stress_v1,drift_+3C,102Ah_25degC_0p5C_cell3,864,27,95.2752910052247,94.418,ridge_event_replay,5,102Ah_25degC_0p5C_cell3|860|2021-11-12T21:22:06|2021-11-12T23:20:06|#|102Ah_25degC_0p5C_cell3|861|2021-11-13T02:15:49|2021-11-13T04:13:49|#|102Ah_25degC_0p5C_cell3|862|2021-11-13T07:09:32|2021-11-13T09:07:31|#|102Ah_25degC_0p5C_cell3|863|2021-11-13T12:03:13|2021-11-13T14:01:13|#|102Ah_25degC_0p5C_cell3|864|2021-11-13T16:56:53|2021-11-13T18:54:53,2021-11-13T18:54:53,0.0
M6_event_stress_v1,drift_+3C,102Ah_25degC_0p5C_cell3,895,28,95.11316635482042,94.238,ridge_event_replay,5,102Ah_25degC_0p5C_cell3|891|2021-11-19T05:02:23|2021-11-19T07:00:22|#|102Ah_25degC_0p5C_cell3|892|2021-11-19T09:55:48|2021-11-19T11:53:48|#|102Ah_25degC_0p5C_cell3|893|2021-11-19T14:49:13|2021-11-19T16:47:13|#|102Ah_25degC_0p5C_cell3|894|2021-11-19T19:42:35|2021-11-19T21:40:35|#|102Ah_25degC_0p5C_cell3|895|2021-11-20T00:35:57|2021-11-20T02:33:57,2021-11-20T02:33:57,0.0
M6_event_stress_v1,drift_+3C,102Ah_25degC_0p5C_cell3,925,29,94.67406779961507,94.035,ridge_event_replay,5,102Ah_25degC_0p5C_cell3|921|2021-11-25T07:57:50|2021-11-25T09:55:20|#|102Ah_25degC_0p5C_cell3|922|2021-11-25T12:50:57|2021-11-25T14:48:27|#|102Ah_25degC_0p5C_cell3|923|2021-11-25T17:44:04|2021-11-25T19:41:33|#|102Ah_25degC_0p5C_cell3|924|2021-11-25T22:37:10|2021-11-26T00:35:10|#|102Ah_25degC_0p5C_cell3|925|2021-11-26T03:30:18|2021-11-26T05:28:17,2021-11-26T05:28:17,0.0
M6_event_stress_v1,drift_+3C,102Ah_25degC_0p5C_cell3,956,30,94.44662369183146,93.975,ridge_event_replay,5,102Ah_25degC_0p5C_cell3|952|2021-12-01T15:22:48|2021-12-01T17:20:17|#|102Ah_25degC_0p5C_cell3|953|2021-12-01T20:15:39|2021-12-01T22:13:09|#|102Ah_25degC_0p5C_cell3|954|2021-12-02T01:08:27|2021-12-02T03:05:57|#|102Ah_25degC_0p5C_cell3|955|2021-12-02T06:01:16|2021-12-02T07:58:46|#|102Ah_25degC_0p5C_cell3|956|2021-12-02T10:54:06|2021-12-02T12:51:36,2021-12-02T12:51:36,0.0
M6_event_stress_v1,stuck_35C,102Ah_25degC_0p5C_cell3,52,1,101.18023489746543,100.57,ridge_event_replay,5,102Ah_25degC_0p5C_cell3|42|2021-05-09T16:34:22|2021-05-09T18:38:22|#|102Ah_25degC_0p5C_cell3|48|2021-05-10T23:23:16|2021-05-11T01:27:44|#|102Ah_25degC_0p5C_cell3|49|2021-05-11T04:31:20|2021-05-11T06:35:50|#|102Ah_25degC_0p5C_cell3|50|2021-05-11T09:39:21|2021-05-11T11:43:51|#|102Ah_25degC_0p5C_cell3|51|2021-05-11T14:47:47|2021-05-11T16:51:47,2021-05-11T16:51:47,0.0
M6_event_stress_v1,stuck_35C,102Ah_25degC_0p5C_cell3,83,2,101.17665899668324,99.885,ridge_event_replay,2,102Ah_25degC_0p5C_cell3|52|2021-05-11T19:55:07|2021-05-11T21:59:37|#|102Ah_25degC_0p5C_cell3|53|2021-05-12T01:02:56|2021-05-12T03:07:26,2021-05-12T03:07:26,0.0
M6_event_stress_v1,stuck_35C,102Ah_25degC_0p5C_cell3,113,3,100.7709233647887,99.386,ridge_event_replay,0,,2021-05-12T03:07:26,0.0
M6_event_stress_v1,stuck_35C,102Ah_25degC_0p5C_cell3,144,4,100.35461612821962,98.994,ridge_event_replay,0,,2021-05-12T03:07:26,0.0
M6_event_stress_v1,stuck_35C,102Ah_25degC_0p5C_cell3,175,5,99.93940526604474,98.602,ridge_event_replay,0,,2021-05-12T03:07:26,0.0
M6_event_stress_v1,stuck_35C,102Ah_25degC_0p5C_cell3,207,6,99.87767519197182,98.235,ridge_event_replay,5,102Ah_25degC_0p5C_cell3|200|2021-06-18T18:39:55|2021-06-18T20:41:55|#|102Ah_25degC_0p5C_cell3|203|2021-06-19T04:44:58|2021-06-19T06:46:28|#|102Ah_25degC_0p5C_cell3|204|2021-06-19T09:47:21|2021-06-19T11:48:51|#|102Ah_25degC_0p5C_cell3|205|2021-06-19T14:49:47|2021-06-19T16:51:17|#|102Ah_25degC_0p5C_cell3|206|2021-06-19T19:51:42|2021-06-19T21:53:42,2021-06-19T21:53:42,0.0
M6_event_stress_v1,stuck_35C,102Ah_25degC_0p5C_cell3,238,7,99.26942866253793,97.993,ridge_event_replay,5,102Ah_25degC_0p5C_cell3|233|2021-06-25T11:52:59|2021-06-25T13:54:29|#|102Ah_25degC_0p5C_cell3|234|2021-06-25T16:54:36|2021-06-25T18:56:36|#|102Ah_25degC_0p5C_cell3|235|2021-06-25T21:57:05|2021-06-25T23:58:35|#|102Ah_25degC_0p5C_cell3|236|2021-06-26T02:59:03|2021-06-26T05:00:33|#|102Ah_25degC_0p5C_cell3|237|2021-06-26T08:01:01|2021-06-26T10:02:30,2021-06-26T10:02:30,0.0
M6_event_stress_v1,stuck_35C,102Ah_25degC_0p5C_cell3,271,8,99.5797669693042,97.71,ridge_event_replay,5,102Ah_25degC_0p5C_cell3|266|2021-07-02T09:48:54|2021-07-02T11:50:24|#|102Ah_25degC_0p5C_cell3|267|2021-07-02T14:50:47|2021-07-02T16:51:47|#|102Ah_25degC_0p5C_cell3|268|2021-07-02T19:52:06|2021-07-02T21:53:06|#|102Ah_25degC_0p5C_cell3|269|2021-07-03T00:52:55|2021-07-03T02:54:25|#|102Ah_25degC_0p5C_cell3|270|2021-07-03T05:54:13|2021-07-03T07:55:43,2021-07-03T07:55:43,0.0
M6_event_stress_v1,stuck_35C,102Ah_25degC_0p5C_cell3,301,9,98.97133183758572,97.441,ridge_event_replay,5,102Ah_25degC_0p5C_cell3|297|2021-07-08T21:23:06|2021-07-08T23:24:06|#|102Ah_25degC_0p5C_cell3|298|2021-07-09T02:23:25|2021-07-09T04:24:54|#|102Ah_25degC_0p5C_cell3|299|2021-07-09T07:24:13|2021-07-09T09:25:42|#|102Ah_25degC_0p5C_cell3|300|2021-07-09T12:25:30|2021-07-09T14:26:30|#|102Ah_25degC_0p5C_cell3|301|2021-07-09T22:26:32|2021-07-10T00:28:02,2021-07-10T00:28:02,0.0
M6_event_stress_v1,stuck_35C,102Ah_25degC_0p5C_cell3,334,10,98.50468782252159,97.212,ridge_event_replay,5,102Ah_25degC_0p5C_cell3|329|2021-07-15T13:40:25|2021-07-15T15:41:25|#|102Ah_25degC_0p5C_cell3|330|2021-07-15T19:15:09|2021-07-15T21:16:09|#|102Ah_25degC_0p5C_cell3|331|2021-07-16T00:15:27|2021-07-16T02:16:27|#|102Ah_25degC_0p5C_cell3|332|2021-07-16T05:16:12|2021-07-16T07:16:42|#|102Ah_25degC_0p5C_cell3|333|2021-07-16T10:15:57|2021-07-16T12:16:57,2021-07-16T12:16:57,0.0
M6_event_stress_v1,stuck_35C,102Ah_25degC_0p5C_cell3,364,11,98.52399486935985,97.027,ridge_event_replay,5,102Ah_25degC_0p5C_cell3|359|2021-07-21T20:16:27|2021-07-21T22:17:28|#|102Ah_25degC_0p5C_cell3|360|2021-07-22T01:16:44|2021-07-22T03:17:14|#|102Ah_25degC_0p5C_cell3|361|2021-07-22T06:16:02|2021-07-22T08:17:01|#|102Ah_25degC_0p5C_cell3|362|2021-07-22T11:16:18|2021-07-22T13:16:48|#|102Ah_25degC_0p5C_cell3|363|2021-07-22T16:15:33|2021-07-22T18:16:32,2021-07-22T18:16:32,0.0
M6_event_stress_v1,stuck_35C,102Ah_25degC_0p5C_cell3,395,12,98.09343317076912,96.825,ridge_event_replay,5,102Ah_25degC_0p5C_cell3|390|2021-07-28T07:03:50|2021-07-28T09:04:19|#|102Ah_25degC_0p5C_cell3|391|2021-07-28T12:03:43|2021-07-28T14:03:43|#|102Ah_25degC_0p5C_cell3|392|2021-07-28T17:03:03|2021-07-28T19:03:03|#|102Ah_25degC_0p5C_cell3|393|2021-07-28T22:02:21|2021-07-29T00:02:21|#|102Ah_25degC_0p5C_cell3|394|2021-07-29T03:01:39|2021-07-29T05:01:39,2021-07-29T05:01:39,0.0
M6_event_stress_v1,stuck_35C,102Ah_25degC_0p5C_cell3,425,13,98.10144208904495,96.653,ridge_event_replay,5,102Ah_25degC_0p5C_cell3|420|2021-08-03T12:38:00|2021-08-03T14:38:30|#|102Ah_25degC_0p5C_cell3|421|2021-08-03T17:36:55|2021-08-03T19:37:24|#|102Ah_25degC_0p5C_cell3|422|2021-08-03T22:36:16|2021-08-04T00:36:16|#|102Ah_25degC_0p5C_cell3|423|2021-08-04T03:35:08|2021-08-04T05:35:08|#|102Ah_25degC_0p5C_cell3|424|2021-08-04T08:33:30|2021-08-04T10:33:59,2021-08-04T10:33:59,0.0
M6_event_stress_v1,stuck_35C,102Ah_25degC_0p5C_cell3,456,14,97.43109090100009,96.449,ridge_event_replay,5,102Ah_25degC_0p5C_cell3|451|2021-08-09T22:58:19|2021-08-10T00:58:18|#|102Ah_25degC_0p5C_cell3|452|2021-08-10T03:56:49|2021-08-10T05:56:49|#|102Ah_25degC_0p5C_cell3|453|2021-08-10T08:55:20|2021-08-10T10:55:19|#|102Ah_25degC_0p5C_cell3|454|2021-08-10T13:54:19|2021-08-10T15:53:49|#|102Ah_25degC_0p5C_cell3|455|2021-08-10T18:52:19|2021-08-10T20:52:19,2021-08-10T20:52:19,0.0
M6_event_stress_v1,stuck_35C,102Ah_25degC_0p5C_cell3,487,15,97.28725023955897,96.24,ridge_event_replay,5,102Ah_25degC_0p5C_cell3|482|2021-08-16T09:06:34|2021-08-16T11:06:34|#|102Ah_25degC_0p5C_cell3|483|2021-08-16T14:04:42|2021-08-16T16:04:42|#|102Ah_25degC_0p5C_cell3|484|2021-08-16T19:03:20|2021-08-16T21:02:50|#|102Ah_25degC_0p5C_cell3|485|2021-08-17T00:01:24|2021-08-17T02:00:54|#|102Ah_25degC_0p5C_cell3|486|2021-08-17T04:58:58|2021-08-17T06:58:58,2021-08-17T06:58:58,0.0
M6_event_stress_v1,stuck_35C,102Ah_25degC_0p5C_cell3,519,16,96.53609455708849,96.134,ridge_event_replay,5,102Ah_25degC_0p5C_cell3|514|2021-08-24T02:05:33|2021-08-24T04:05:33|#|102Ah_25degC_0p5C_cell3|515|2021-08-24T07:03:28|2021-08-24T09:03:27|#|102Ah_25degC_0p5C_cell3|516|2021-08-24T12:01:55|2021-08-24T14:01:25|#|102Ah_25degC_0p5C_cell3|517|2021-08-24T16:59:20|2021-08-24T18:59:20|#|102Ah_25degC_0p5C_cell3|518|2021-08-24T21:57:46|2021-08-24T23:57:16,2021-08-24T23:57:16,0.0
M6_event_stress_v1,stuck_35C,102Ah_25degC_0p5C_cell3,552,17,96.98727705219638,95.949,ridge_event_replay,5,102Ah_25degC_0p5C_cell3|547|2021-08-30T21:47:18|2021-08-30T23:46:48|#|102Ah_25degC_0p5C_cell3|548|2021-08-31T02:44:39|2021-08-31T04:44:09|#|102Ah_25degC_0p5C_cell3|549|2021-08-31T07:42:32|2021-08-31T09:41:31|#|102Ah_25degC_0p5C_cell3|550|2021-08-31T12:39:55|2021-08-31T14:38:55|#|102Ah_25degC_0p5C_cell3|551|2021-08-31T17:37:16|2021-08-31T19:36:16,2021-08-31T19:36:16,0.0
M6_event_stress_v1,stuck_35C,102Ah_25degC_0p5C_cell3,583,18,96.98054084165125,95.782,ridge_event_replay,5,102Ah_25degC_0p5C_cell3|578|2021-09-06T07:19:51|2021-09-06T09:19:20|#|102Ah_25degC_0p5C_cell3|579|2021-09-06T12:17:20|2021-09-06T14:16:20|#|102Ah_25degC_0p5C_cell3|580|2021-09-06T17:13:48|2021-09-06T19:13:17|#|102Ah_25degC_0p5C_cell3|581|2021-09-06T22:11:13|2021-09-07T00:10:12|#|102Ah_25degC_0p5C_cell3|582|2021-09-07T03:08:06|2021-09-07T05:07:06,2021-09-07T05:07:06,0.0
M6_event_stress_v1,stuck_35C,102Ah_25degC_0p5C_cell3,613,19,96.6827707719192,95.643,ridge_event_replay,5,102Ah_25degC_0p5C_cell3|608|2021-09-12T11:43:00|2021-09-12T13:42:00|#|102Ah_25degC_0p5C_cell3|609|2021-09-12T16:39:34|2021-09-12T18:38:33|#|102Ah_25degC_0p5C_cell3|610|2021-09-12T21:35:38|2021-09-12T23:35:08|#|102Ah_25degC_0p5C_cell3|611|2021-09-13T02:32:40|2021-09-13T04:31:40|#|102Ah_25degC_0p5C_cell3|612|2021-09-13T07:29:14|2021-09-13T09:28:14,2021-09-13T09:28:14,0.0
M6_event_stress_v1,stuck_35C,102Ah_25degC_0p5C_cell3,646,20,96.34332569203535,95.469,ridge_event_replay,5,102Ah_25degC_0p5C_cell3|641|2021-09-19T06:43:39|2021-09-19T08:42:09|#|102Ah_25degC_0p5C_cell3|642|2021-09-19T11:39:49|2021-09-19T13:38:19|#|102Ah_25degC_0p5C_cell3|643|2021-09-19T16:35:59|2021-09-19T18:34:29|#|102Ah_25degC_0p5C_cell3|644|2021-09-19T21:31:39|2021-09-19T23:30:39|#|102Ah_25degC_0p5C_cell3|645|2021-09-20T02:27:48|2021-09-20T04:26:48,2021-09-20T04:26:48,0.0
M6_event_stress_v1,stuck_35C,102Ah_25degC_0p5C_cell3,676,21,96.95411792556612,95.318,ridge_event_replay,5,102Ah_25degC_0p5C_cell3|671|2021-09-25T10:42:47|2021-09-25T12:41:46|#|102Ah_25degC_0p5C_cell3|672|2021-09-25T15:38:33|2021-09-25T17:37:32|#|102Ah_25degC_0p5C_cell3|673|2021-09-25T20:34:50|2021-09-25T22:33:20|#|102Ah_25degC_0p5C_cell3|674|2021-09-26T01:30:06|2021-09-26T03:29:05|#|102Ah_25degC_0p5C_cell3|675|2021-09-26T06:25:52|2021-09-26T08:24:52,2021-09-26T08:24:52,0.0
M6_event_stress_v1,stuck_35C,102Ah_25degC_0p5C_cell3,709,22,96.38779905468262,95.076,ridge_event_replay,5,102Ah_25degC_0p5C_cell3|704|2021-10-10T12:33:04|2021-10-10T14:31:04|#|102Ah_25degC_0p5C_cell3|705|2021-10-10T17:27:51|2021-10-10T19:26:20|#|102Ah_25degC_0p5C_cell3|706|2021-10-10T22:23:04|2021-10-11T00:21:33|#|102Ah_25degC_0p5C_cell3|707|2021-10-11T03:18:18|2021-10-11T05:16:48|#|102Ah_25degC_0p5C_cell3|708|2021-10-11T08:13:30|2021-10-11T10:12:00,2021-10-11T10:12:00,0.0
M6_event_stress_v1,stuck_35C,102Ah_25degC_0p5C_cell3,739,23,96.22297352084217,94.944,ridge_event_replay,5,102Ah_25degC_0p5C_cell3|734|2021-10-16T16:04:32|2021-10-16T18:03:01|#|102Ah_25degC_0p5C_cell3|735|2021-10-16T20:59:27|2021-10-16T22:57:57|#|102Ah_25degC_0p5C_cell3|736|2021-10-17T01:54:23|2021-10-17T03:52:52|#|102Ah_25degC_0p5C_cell3|737|2021-10-17T06:49:19|2021-10-17T08:47:49|#|102Ah_25degC_0p5C_cell3|738|2021-10-17T11:44:15|2021-10-17T13:42:44,2021-10-17T13:42:44,0.0
M6_event_stress_v1,stuck_35C,102Ah_25degC_0p5C_cell3,770,24,95.71401608837299,94.756,ridge_event_replay,5,102Ah_25degC_0p5C_cell3|765|2021-10-23T00:24:35|2021-10-23T02:23:05|#|102Ah_25degC_0p5C_cell3|766|2021-10-23T05:19:18|2021-10-23T07:17:48|#|102Ah_25degC_0p5C_cell3|767|2021-10-23T10:14:01|2021-10-23T12:12:31|#|102Ah_25degC_0p5C_cell3|768|2021-10-23T15:08:43|2021-10-23T17:07:13|#|102Ah_25degC_0p5C_cell3|769|2021-10-23T20:03:53|2021-10-23T22:01:53,2021-10-23T22:01:53,0.0
M6_event_stress_v1,stuck_35C,102Ah_25degC_0p5C_cell3,803,25,95.58653880262953,94.621,ridge_event_replay,5,102Ah_25degC_0p5C_cell3|796|2021-10-29T13:30:10|2021-10-29T15:28:40|#|102Ah_25degC_0p5C_cell3|799|2021-10-29T23:18:52|2021-10-30T01:17:22|#|102Ah_25degC_0p5C_cell3|800|2021-10-30T04:13:15|2021-10-30T06:11:45|#|102Ah_25degC_0p5C_cell3|801|2021-10-30T09:08:05|2021-10-30T11:06:05|#|102Ah_25degC_0p5C_cell3|802|2021-10-30T14:02:27|2021-10-30T16:00:27,2021-10-30T16:00:27,0.0
M6_event_stress_v1,stuck_35C,102Ah_25degC_0p5C_cell3,833,26,95.94171475173876,94.566,ridge_event_replay,5,102Ah_25degC_0p5C_cell3|829|2021-11-06T13:31:28|2021-11-06T15:29:28|#|102Ah_25degC_0p5C_cell3|830|2021-11-06T18:25:33|2021-11-06T20:23:33|#|102Ah_25degC_0p5C_cell3|831|2021-11-06T23:19:38|2021-11-07T01:17:37|#|102Ah_25degC_0p5C_cell3|832|2021-11-07T04:13:40|2021-11-07T06:11:40|#|102Ah_25degC_0p5C_cell3|833|2021-11-07T09:07:40|2021-11-07T11:05:40,2021-11-07T11:05:40,0.0
M6_event_stress_v1,stuck_35C,102Ah_25degC_0p5C_cell3,864,27,95.47344535694985,94.418,ridge_event_replay,5,102Ah_25degC_0p5C_cell3|860|2021-11-12T21:22:06|2021-11-12T23:20:06|#|102Ah_25degC_0p5C_cell3|861|2021-11-13T02:15:49|2021-11-13T04:13:49|#|102Ah_25degC_0p5C_cell3|862|2021-11-13T07:09:32|2021-11-13T09:07:31|#|102Ah_25degC_0p5C_cell3|863|2021-11-13T12:03:13|2021-11-13T14:01:13|#|102Ah_25degC_0p5C_cell3|864|2021-11-13T16:56:53|2021-11-13T18:54:53,2021-11-13T18:54:53,0.0
M6_event_stress_v1,stuck_35C,102Ah_25degC_0p5C_cell3,895,28,95.29514422713315,94.238,ridge_event_replay,5,102Ah_25degC_0p5C_cell3|891|2021-11-19T05:02:23|2021-11-19T07:00:22|#|102Ah_25degC_0p5C_cell3|892|2021-11-19T09:55:48|2021-11-19T11:53:48|#|102Ah_25degC_0p5C_cell3|893|2021-11-19T14:49:13|2021-11-19T16:47:13|#|102Ah_25degC_0p5C_cell3|894|2021-11-19T19:42:35|2021-11-19T21:40:35|#|102Ah_25degC_0p5C_cell3|895|2021-11-20T00:35:57|2021-11-20T02:33:57,2021-11-20T02:33:57,0.0
M6_event_stress_v1,stuck_35C,102Ah_25degC_0p5C_cell3,925,29,94.83199645226682,94.035,ridge_event_replay,5,102Ah_25degC_0p5C_cell3|921|2021-11-25T07:57:50|2021-11-25T09:55:20|#|102Ah_25degC_0p5C_cell3|922|2021-11-25T12:50:57|2021-11-25T14:48:27|#|102Ah_25degC_0p5C_cell3|923|2021-11-25T17:44:04|2021-11-25T19:41:33|#|102Ah_25degC_0p5C_cell3|924|2021-11-25T22:37:10|2021-11-26T00:35:10|#|102Ah_25degC_0p5C_cell3|925|2021-11-26T03:30:18|2021-11-26T05:28:17,2021-11-26T05:28:17,0.0
M6_event_stress_v1,stuck_35C,102Ah_25degC_0p5C_cell3,956,30,94.59634194735132,93.975,ridge_event_replay,5,102Ah_25degC_0p5C_cell3|952|2021-12-01T15:22:48|2021-12-01T17:20:17|#|102Ah_25degC_0p5C_cell3|953|2021-12-01T20:15:39|2021-12-01T22:13:09|#|102Ah_25degC_0p5C_cell3|954|2021-12-02T01:08:27|2021-12-02T03:05:57|#|102Ah_25degC_0p5C_cell3|955|2021-12-02T06:01:16|2021-12-02T07:58:46|#|102Ah_25degC_0p5C_cell3|956|2021-12-02T10:54:06|2021-12-02T12:51:36,2021-12-02T12:51:36,0.0
M6_event_stress_v1,random_missing_20pct,102Ah_25degC_0p5C_cell3,52,1,101.32202124204316,100.57,ridge_event_replay,4,102Ah_25degC_0p5C_cell3|42|2021-05-09T16:34:22|2021-05-09T18:38:22|#|102Ah_25degC_0p5C_cell3|49|2021-05-11T04:31:20|2021-05-11T06:35:50|#|102Ah_25degC_0p5C_cell3|50|2021-05-11T09:39:21|2021-05-11T11:43:51|#|102Ah_25degC_0p5C_cell3|51|2021-05-11T14:47:47|2021-05-11T16:51:47,2021-05-11T16:51:47,0.0
M6_event_stress_v1,random_missing_20pct,102Ah_25degC_0p5C_cell3,83,2,100.88733677422113,99.885,ridge_event_replay,1,102Ah_25degC_0p5C_cell3|52|2021-05-11T19:55:07|2021-05-11T21:59:37,2021-05-11T21:59:37,0.0
M6_event_stress_v1,random_missing_20pct,102Ah_25degC_0p5C_cell3,113,3,100.48160114232658,99.386,ridge_event_replay,0,,2021-05-11T21:59:37,0.0
M6_event_stress_v1,random_missing_20pct,102Ah_25degC_0p5C_cell3,144,4,100.0652939057575,98.994,ridge_event_replay,0,,2021-05-11T21:59:37,0.0
M6_event_stress_v1,random_missing_20pct,102Ah_25degC_0p5C_cell3,175,5,99.65008304358263,98.602,ridge_event_replay,0,,2021-05-11T21:59:37,0.0
M6_event_stress_v1,random_missing_20pct,102Ah_25degC_0p5C_cell3,207,6,99.79425296559778,98.235,ridge_event_replay,5,102Ah_25degC_0p5C_cell3|200|2021-06-18T18:39:55|2021-06-18T20:41:55|#|102Ah_25degC_0p5C_cell3|203|2021-06-19T04:44:58|2021-06-19T06:46:28|#|102Ah_25degC_0p5C_cell3|204|2021-06-19T09:47:21|2021-06-19T11:48:51|#|102Ah_25degC_0p5C_cell3|205|2021-06-19T14:49:47|2021-06-19T16:51:17|#|102Ah_25degC_0p5C_cell3|206|2021-06-19T19:51:42|2021-06-19T21:53:42,2021-06-19T21:53:42,0.0
M6_event_stress_v1,random_missing_20pct,102Ah_25degC_0p5C_cell3,238,7,99.06587735459689,97.993,ridge_event_replay,2,102Ah_25degC_0p5C_cell3|236|2021-06-26T02:59:03|2021-06-26T05:00:33|#|102Ah_25degC_0p5C_cell3|237|2021-06-26T08:01:01|2021-06-26T10:02:30,2021-06-26T10:02:30,0.0
M6_event_stress_v1,random_missing_20pct,102Ah_25degC_0p5C_cell3,271,8,99.4990899352014,97.71,ridge_event_replay,4,102Ah_25degC_0p5C_cell3|266|2021-07-02T09:48:54|2021-07-02T11:50:24|#|102Ah_25degC_0p5C_cell3|267|2021-07-02T14:50:47|2021-07-02T16:51:47|#|102Ah_25degC_0p5C_cell3|268|2021-07-02T19:52:06|2021-07-02T21:53:06|#|102Ah_25degC_0p5C_cell3|270|2021-07-03T05:54:13|2021-07-03T07:55:43,2021-07-03T07:55:43,0.0
M6_event_stress_v1,random_missing_20pct,102Ah_25degC_0p5C_cell3,301,9,98.93372993083808,97.441,ridge_event_replay,5,102Ah_25degC_0p5C_cell3|297|2021-07-08T21:23:06|2021-07-08T23:24:06|#|102Ah_25degC_0p5C_cell3|298|2021-07-09T02:23:25|2021-07-09T04:24:54|#|102Ah_25degC_0p5C_cell3|299|2021-07-09T07:24:13|2021-07-09T09:25:42|#|102Ah_25degC_0p5C_cell3|300|2021-07-09T12:25:30|2021-07-09T14:26:30|#|102Ah_25degC_0p5C_cell3|301|2021-07-09T22:26:32|2021-07-10T00:28:02,2021-07-10T00:28:02,0.0
M6_event_stress_v1,random_missing_20pct,102Ah_25degC_0p5C_cell3,334,10,98.50007563176194,97.212,ridge_event_replay,4,102Ah_25degC_0p5C_cell3|329|2021-07-15T13:40:25|2021-07-15T15:41:25|#|102Ah_25degC_0p5C_cell3|330|2021-07-15T19:15:09|2021-07-15T21:16:09|#|102Ah_25degC_0p5C_cell3|331|2021-07-16T00:15:27|2021-07-16T02:16:27|#|102Ah_25degC_0p5C_cell3|332|2021-07-16T05:16:12|2021-07-16T07:16:42,2021-07-16T07:16:42,0.0
M6_event_stress_v1,random_missing_20pct,102Ah_25degC_0p5C_cell3,364,11,98.49085964541857,97.027,ridge_event_replay,5,102Ah_25degC_0p5C_cell3|359|2021-07-21T20:16:27|2021-07-21T22:17:28|#|102Ah_25degC_0p5C_cell3|360|2021-07-22T01:16:44|2021-07-22T03:17:14|#|102Ah_25degC_0p5C_cell3|361|2021-07-22T06:16:02|2021-07-22T08:17:01|#|102Ah_25degC_0p5C_cell3|362|2021-07-22T11:16:18|2021-07-22T13:16:48|#|102Ah_25degC_0p5C_cell3|363|2021-07-22T16:15:33|2021-07-22T18:16:32,2021-07-22T18:16:32,0.0
M6_event_stress_v1,random_missing_20pct,102Ah_25degC_0p5C_cell3,395,12,98.04795346933618,96.825,ridge_event_replay,3,102Ah_25degC_0p5C_cell3|391|2021-07-28T12:03:43|2021-07-28T14:03:43|#|102Ah_25degC_0p5C_cell3|393|2021-07-28T22:02:21|2021-07-29T00:02:21|#|102Ah_25degC_0p5C_cell3|394|2021-07-29T03:01:39|2021-07-29T05:01:39,2021-07-29T05:01:39,0.0
M6_event_stress_v1,random_missing_20pct,102Ah_25degC_0p5C_cell3,425,13,97.84545190540832,96.653,ridge_event_replay,4,102Ah_25degC_0p5C_cell3|421|2021-08-03T17:36:55|2021-08-03T19:37:24|#|102Ah_25degC_0p5C_cell3|422|2021-08-03T22:36:16|2021-08-04T00:36:16|#|102Ah_25degC_0p5C_cell3|423|2021-08-04T03:35:08|2021-08-04T05:35:08|#|102Ah_25degC_0p5C_cell3|424|2021-08-04T08:33:30|2021-08-04T10:33:59,2021-08-04T10:33:59,0.0
M6_event_stress_v1,random_missing_20pct,102Ah_25degC_0p5C_cell3,456,14,97.4371475031466,96.449,ridge_event_replay,4,102Ah_25degC_0p5C_cell3|451|2021-08-09T22:58:19|2021-08-10T00:58:18|#|102Ah_25degC_0p5C_cell3|452|2021-08-10T03:56:49|2021-08-10T05:56:49|#|102Ah_25degC_0p5C_cell3|453|2021-08-10T08:55:20|2021-08-10T10:55:19|#|102Ah_25degC_0p5C_cell3|454|2021-08-10T13:54:19|2021-08-10T15:53:49,2021-08-10T15:53:49,0.0
M6_event_stress_v1,random_missing_20pct,102Ah_25degC_0p5C_cell3,487,15,97.06564621964469,96.24,ridge_event_replay,4,102Ah_25degC_0p5C_cell3|482|2021-08-16T09:06:34|2021-08-16T11:06:34|#|102Ah_25degC_0p5C_cell3|483|2021-08-16T14:04:42|2021-08-16T16:04:42|#|102Ah_25degC_0p5C_cell3|484|2021-08-16T19:03:20|2021-08-16T21:02:50|#|102Ah_25degC_0p5C_cell3|485|2021-08-17T00:01:24|2021-08-17T02:00:54,2021-08-17T02:00:54,0.0
M6_event_stress_v1,random_missing_20pct,102Ah_25degC_0p5C_cell3,519,16,97.10801743971481,96.134,ridge_event_replay,3,102Ah_25degC_0p5C_cell3|515|2021-08-24T07:03:28|2021-08-24T09:03:27|#|102Ah_25degC_0p5C_cell3|517|2021-08-24T16:59:20|2021-08-24T18:59:20|#|102Ah_25degC_0p5C_cell3|518|2021-08-24T21:57:46|2021-08-24T23:57:16,2021-08-24T23:57:16,0.0
M6_event_stress_v1,random_missing_20pct,102Ah_25degC_0p5C_cell3,552,17,96.99317934401832,95.949,ridge_event_replay,5,102Ah_25degC_0p5C_cell3|547|2021-08-30T21:47:18|2021-08-30T23:46:48|#|102Ah_25degC_0p5C_cell3|548|2021-08-31T02:44:39|2021-08-31T04:44:09|#|102Ah_25degC_0p5C_cell3|549|2021-08-31T07:42:32|2021-08-31T09:41:31|#|102Ah_25degC_0p5C_cell3|550|2021-08-31T12:39:55|2021-08-31T14:38:55|#|102Ah_25degC_0p5C_cell3|551|2021-08-31T17:37:16|2021-08-31T19:36:16,2021-08-31T19:36:16,0.0
M6_event_stress_v1,random_missing_20pct,102Ah_25degC_0p5C_cell3,583,18,96.97595117722277,95.782,ridge_event_replay,4,102Ah_25degC_0p5C_cell3|579|2021-09-06T12:17:20|2021-09-06T14:16:20|#|102Ah_25degC_0p5C_cell3|580|2021-09-06T17:13:48|2021-09-06T19:13:17|#|102Ah_25degC_0p5C_cell3|581|2021-09-06T22:11:13|2021-09-07T00:10:12|#|102Ah_25degC_0p5C_cell3|582|2021-09-07T03:08:06|2021-09-07T05:07:06,2021-09-07T05:07:06,0.0
M6_event_stress_v1,random_missing_20pct,102Ah_25degC_0p5C_cell3,613,19,96.66337199704998,95.643,ridge_event_replay,4,102Ah_25degC_0p5C_cell3|608|2021-09-12T11:43:00|2021-09-12T13:42:00|#|102Ah_25degC_0p5C_cell3|609|2021-09-12T16:39:34|2021-09-12T18:38:33|#|102Ah_25degC_0p5C_cell3|610|2021-09-12T21:35:38|2021-09-12T23:35:08|#|102Ah_25degC_0p5C_cell3|612|2021-09-13T07:29:14|2021-09-13T09:28:14,2021-09-13T09:28:14,0.0
M6_event_stress_v1,random_missing_20pct,102Ah_25degC_0p5C_cell3,646,20,96.69211280644076,95.469,ridge_event_replay,2,102Ah_25degC_0p5C_cell3|641|2021-09-19T06:43:39|2021-09-19T08:42:09|#|102Ah_25degC_0p5C_cell3|643|2021-09-19T16:35:59|2021-09-19T18:34:29,2021-09-19T18:34:29,0.0
M6_event_stress_v1,random_missing_20pct,102Ah_25degC_0p5C_cell3,676,21,96.94235203365724,95.318,ridge_event_replay,5,102Ah_25degC_0p5C_cell3|671|2021-09-25T10:42:47|2021-09-25T12:41:46|#|102Ah_25degC_0p5C_cell3|672|2021-09-25T15:38:33|2021-09-25T17:37:32|#|102Ah_25degC_0p5C_cell3|673|2021-09-25T20:34:50|2021-09-25T22:33:20|#|102Ah_25degC_0p5C_cell3|674|2021-09-26T01:30:06|2021-09-26T03:29:05|#|102Ah_25degC_0p5C_cell3|675|2021-09-26T06:25:52|2021-09-26T08:24:52,2021-09-26T08:24:52,0.0
M6_event_stress_v1,random_missing_20pct,102Ah_25degC_0p5C_cell3,709,22,96.4110734153733,95.076,ridge_event_replay,4,102Ah_25degC_0p5C_cell3|704|2021-10-10T12:33:04|2021-10-10T14:31:04|#|102Ah_25degC_0p5C_cell3|705|2021-10-10T17:27:51|2021-10-10T19:26:20|#|102Ah_25degC_0p5C_cell3|706|2021-10-10T22:23:04|2021-10-11T00:21:33|#|102Ah_25degC_0p5C_cell3|708|2021-10-11T08:13:30|2021-10-11T10:12:00,2021-10-11T10:12:00,0.0
M6_event_stress_v1,random_missing_20pct,102Ah_25degC_0p5C_cell3,739,23,96.51591738566137,94.944,ridge_event_replay,3,102Ah_25degC_0p5C_cell3|734|2021-10-16T16:04:32|2021-10-16T18:03:01|#|102Ah_25degC_0p5C_cell3|735|2021-10-16T20:59:27|2021-10-16T22:57:57|#|102Ah_25degC_0p5C_cell3|738|2021-10-17T11:44:15|2021-10-17T13:42:44,2021-10-17T13:42:44,0.0
M6_event_stress_v1,random_missing_20pct,102Ah_25degC_0p5C_cell3,770,24,95.76435279281614,94.756,ridge_event_replay,5,102Ah_25degC_0p5C_cell3|765|2021-10-23T00:24:35|2021-10-23T02:23:05|#|102Ah_25degC_0p5C_cell3|766|2021-10-23T05:19:18|2021-10-23T07:17:48|#|102Ah_25degC_0p5C_cell3|767|2021-10-23T10:14:01|2021-10-23T12:12:31|#|102Ah_25degC_0p5C_cell3|768|2021-10-23T15:08:43|2021-10-23T17:07:13|#|102Ah_25degC_0p5C_cell3|769|2021-10-23T20:03:53|2021-10-23T22:01:53,2021-10-23T22:01:53,0.0
M6_event_stress_v1,random_missing_20pct,102Ah_25degC_0p5C_cell3,803,25,95.64518459035828,94.621,ridge_event_replay,5,102Ah_25degC_0p5C_cell3|796|2021-10-29T13:30:10|2021-10-29T15:28:40|#|102Ah_25degC_0p5C_cell3|799|2021-10-29T23:18:52|2021-10-30T01:17:22|#|102Ah_25degC_0p5C_cell3|800|2021-10-30T04:13:15|2021-10-30T06:11:45|#|102Ah_25degC_0p5C_cell3|801|2021-10-30T09:08:05|2021-10-30T11:06:05|#|102Ah_25degC_0p5C_cell3|802|2021-10-30T14:02:27|2021-10-30T16:00:27,2021-10-30T16:00:27,0.0
M6_event_stress_v1,random_missing_20pct,102Ah_25degC_0p5C_cell3,833,26,96.11015180462766,94.566,ridge_event_replay,4,102Ah_25degC_0p5C_cell3|829|2021-11-06T13:31:28|2021-11-06T15:29:28|#|102Ah_25degC_0p5C_cell3|831|2021-11-06T23:19:38|2021-11-07T01:17:37|#|102Ah_25degC_0p5C_cell3|832|2021-11-07T04:13:40|2021-11-07T06:11:40|#|102Ah_25degC_0p5C_cell3|833|2021-11-07T09:07:40|2021-11-07T11:05:40,2021-11-07T11:05:40,0.0
M6_event_stress_v1,random_missing_20pct,102Ah_25degC_0p5C_cell3,864,27,95.54598315686802,94.418,ridge_event_replay,4,102Ah_25degC_0p5C_cell3|860|2021-11-12T21:22:06|2021-11-12T23:20:06|#|102Ah_25degC_0p5C_cell3|861|2021-11-13T02:15:49|2021-11-13T04:13:49|#|102Ah_25degC_0p5C_cell3|863|2021-11-13T12:03:13|2021-11-13T14:01:13|#|102Ah_25degC_0p5C_cell3|864|2021-11-13T16:56:53|2021-11-13T18:54:53,2021-11-13T18:54:53,0.0
M6_event_stress_v1,random_missing_20pct,102Ah_25degC_0p5C_cell3,895,28,95.13392117876454,94.238,ridge_event_replay,4,102Ah_25degC_0p5C_cell3|891|2021-11-19T05:02:23|2021-11-19T07:00:22|#|102Ah_25degC_0p5C_cell3|892|2021-11-19T09:55:48|2021-11-19T11:53:48|#|102Ah_25degC_0p5C_cell3|893|2021-11-19T14:49:13|2021-11-19T16:47:13|#|102Ah_25degC_0p5C_cell3|895|2021-11-20T00:35:57|2021-11-20T02:33:57,2021-11-20T02:33:57,0.0
M6_event_stress_v1,random_missing_20pct,102Ah_25degC_0p5C_cell3,925,29,94.92406760077344,94.035,ridge_event_replay,4,102Ah_25degC_0p5C_cell3|921|2021-11-25T07:57:50|2021-11-25T09:55:20|#|102Ah_25degC_0p5C_cell3|923|2021-11-25T17:44:04|2021-11-25T19:41:33|#|102Ah_25degC_0p5C_cell3|924|2021-11-25T22:37:10|2021-11-26T00:35:10|#|102Ah_25degC_0p5C_cell3|925|2021-11-26T03:30:18|2021-11-26T05:28:17,2021-11-26T05:28:17,0.0
M6_event_stress_v1,random_missing_20pct,102Ah_25degC_0p5C_cell3,956,30,94.66122572680595,93.975,ridge_event_replay,4,102Ah_25degC_0p5C_cell3|952|2021-12-01T15:22:48|2021-12-01T17:20:17|#|102Ah_25degC_0p5C_cell3|953|2021-12-01T20:15:39|2021-12-01T22:13:09|#|102Ah_25degC_0p5C_cell3|954|2021-12-02T01:08:27|2021-12-02T03:05:57|#|102Ah_25degC_0p5C_cell3|956|2021-12-02T10:54:06|2021-12-02T12:51:36,2021-12-02T12:51:36,0.0
M6_event_stress_v1,contiguous_missing_20pct,102Ah_25degC_0p5C_cell3,52,1,101.1778903507919,100.57,ridge_event_replay,5,102Ah_25degC_0p5C_cell3|42|2021-05-09T16:34:22|2021-05-09T18:38:22|#|102Ah_25degC_0p5C_cell3|48|2021-05-10T23:23:16|2021-05-11T01:27:44|#|102Ah_25degC_0p5C_cell3|49|2021-05-11T04:31:20|2021-05-11T06:35:50|#|102Ah_25degC_0p5C_cell3|50|2021-05-11T09:39:21|2021-05-11T11:43:51|#|102Ah_25degC_0p5C_cell3|51|2021-05-11T14:47:47|2021-05-11T16:51:47,2021-05-11T16:51:47,0.0
M6_event_stress_v1,contiguous_missing_20pct,102Ah_25degC_0p5C_cell3,83,2,101.17126935886594,99.885,ridge_event_replay,2,102Ah_25degC_0p5C_cell3|52|2021-05-11T19:55:07|2021-05-11T21:59:37|#|102Ah_25degC_0p5C_cell3|53|2021-05-12T01:02:56|2021-05-12T03:07:26,2021-05-12T03:07:26,0.0
M6_event_stress_v1,contiguous_missing_20pct,102Ah_25degC_0p5C_cell3,113,3,100.76553372697141,99.386,ridge_event_replay,0,,2021-05-12T03:07:26,0.0
M6_event_stress_v1,contiguous_missing_20pct,102Ah_25degC_0p5C_cell3,144,4,100.34922649040233,98.994,ridge_event_replay,0,,2021-05-12T03:07:26,0.0
M6_event_stress_v1,contiguous_missing_20pct,102Ah_25degC_0p5C_cell3,175,5,99.93401562822746,98.602,ridge_event_replay,0,,2021-05-12T03:07:26,0.0
M6_event_stress_v1,contiguous_missing_20pct,102Ah_25degC_0p5C_cell3,207,6,99.78593261927752,98.235,ridge_event_replay,5,102Ah_25degC_0p5C_cell3|200|2021-06-18T18:39:55|2021-06-18T20:41:55|#|102Ah_25degC_0p5C_cell3|203|2021-06-19T04:44:58|2021-06-19T06:46:28|#|102Ah_25degC_0p5C_cell3|204|2021-06-19T09:47:21|2021-06-19T11:48:51|#|102Ah_25degC_0p5C_cell3|205|2021-06-19T14:49:47|2021-06-19T16:51:17|#|102Ah_25degC_0p5C_cell3|206|2021-06-19T19:51:42|2021-06-19T21:53:42,2021-06-19T21:53:42,0.0
M6_event_stress_v1,contiguous_missing_20pct,102Ah_25degC_0p5C_cell3,238,7,99.20451103323026,97.993,ridge_event_replay,5,102Ah_25degC_0p5C_cell3|233|2021-06-25T11:52:59|2021-06-25T13:54:29|#|102Ah_25degC_0p5C_cell3|234|2021-06-25T16:54:36|2021-06-25T18:56:36|#|102Ah_25degC_0p5C_cell3|235|2021-06-25T21:57:05|2021-06-25T23:58:35|#|102Ah_25degC_0p5C_cell3|236|2021-06-26T02:59:03|2021-06-26T05:00:33|#|102Ah_25degC_0p5C_cell3|237|2021-06-26T08:01:01|2021-06-26T10:02:30,2021-06-26T10:02:30,0.0
M6_event_stress_v1,contiguous_missing_20pct,102Ah_25degC_0p5C_cell3,271,8,99.49047716654867,97.71,ridge_event_replay,5,102Ah_25degC_0p5C_cell3|266|2021-07-02T09:48:54|2021-07-02T11:50:24|#|102Ah_25degC_0p5C_cell3|267|2021-07-02T14:50:47|2021-07-02T16:51:47|#|102Ah_25degC_0p5C_cell3|268|2021-07-02T19:52:06|2021-07-02T21:53:06|#|102Ah_25degC_0p5C_cell3|269|2021-07-03T00:52:55|2021-07-03T02:54:25|#|102Ah_25degC_0p5C_cell3|270|2021-07-03T05:54:13|2021-07-03T07:55:43,2021-07-03T07:55:43,0.0
M6_event_stress_v1,contiguous_missing_20pct,102Ah_25degC_0p5C_cell3,301,9,98.89737039848924,97.441,ridge_event_replay,5,102Ah_25degC_0p5C_cell3|297|2021-07-08T21:23:06|2021-07-08T23:24:06|#|102Ah_25degC_0p5C_cell3|298|2021-07-09T02:23:25|2021-07-09T04:24:54|#|102Ah_25degC_0p5C_cell3|299|2021-07-09T07:24:13|2021-07-09T09:25:42|#|102Ah_25degC_0p5C_cell3|300|2021-07-09T12:25:30|2021-07-09T14:26:30|#|102Ah_25degC_0p5C_cell3|301|2021-07-09T22:26:32|2021-07-10T00:28:02,2021-07-10T00:28:02,0.0
M6_event_stress_v1,contiguous_missing_20pct,102Ah_25degC_0p5C_cell3,334,10,98.43556185070004,97.212,ridge_event_replay,5,102Ah_25degC_0p5C_cell3|329|2021-07-15T13:40:25|2021-07-15T15:41:25|#|102Ah_25degC_0p5C_cell3|330|2021-07-15T19:15:09|2021-07-15T21:16:09|#|102Ah_25degC_0p5C_cell3|331|2021-07-16T00:15:27|2021-07-16T02:16:27|#|102Ah_25degC_0p5C_cell3|332|2021-07-16T05:16:12|2021-07-16T07:16:42|#|102Ah_25degC_0p5C_cell3|333|2021-07-16T10:15:57|2021-07-16T12:16:57,2021-07-16T12:16:57,0.0
M6_event_stress_v1,contiguous_missing_20pct,102Ah_25degC_0p5C_cell3,364,11,98.44176883030482,97.027,ridge_event_replay,5,102Ah_25degC_0p5C_cell3|359|2021-07-21T20:16:27|2021-07-21T22:17:28|#|102Ah_25degC_0p5C_cell3|360|2021-07-22T01:16:44|2021-07-22T03:17:14|#|102Ah_25degC_0p5C_cell3|361|2021-07-22T06:16:02|2021-07-22T08:17:01|#|102Ah_25degC_0p5C_cell3|362|2021-07-22T11:16:18|2021-07-22T13:16:48|#|102Ah_25degC_0p5C_cell3|363|2021-07-22T16:15:33|2021-07-22T18:16:32,2021-07-22T18:16:32,0.0
M6_event_stress_v1,contiguous_missing_20pct,102Ah_25degC_0p5C_cell3,395,12,98.00164287355676,96.825,ridge_event_replay,5,102Ah_25degC_0p5C_cell3|390|2021-07-28T07:03:50|2021-07-28T09:04:19|#|102Ah_25degC_0p5C_cell3|391|2021-07-28T12:03:43|2021-07-28T14:03:43|#|102Ah_25degC_0p5C_cell3|392|2021-07-28T17:03:03|2021-07-28T19:03:03|#|102Ah_25degC_0p5C_cell3|393|2021-07-28T22:02:21|2021-07-29T00:02:21|#|102Ah_25degC_0p5C_cell3|394|2021-07-29T03:01:39|2021-07-29T05:01:39,2021-07-29T05:01:39,0.0
M6_event_stress_v1,contiguous_missing_20pct,102Ah_25degC_0p5C_cell3,425,13,98.00697745350492,96.653,ridge_event_replay,5,102Ah_25degC_0p5C_cell3|420|2021-08-03T12:38:00|2021-08-03T14:38:30|#|102Ah_25degC_0p5C_cell3|421|2021-08-03T17:36:55|2021-08-03T19:37:24|#|102Ah_25degC_0p5C_cell3|422|2021-08-03T22:36:16|2021-08-04T00:36:16|#|102Ah_25degC_0p5C_cell3|423|2021-08-04T03:35:08|2021-08-04T05:35:08|#|102Ah_25degC_0p5C_cell3|424|2021-08-04T08:33:30|2021-08-04T10:33:59,2021-08-04T10:33:59,0.0
M6_event_stress_v1,contiguous_missing_20pct,102Ah_25degC_0p5C_cell3,456,14,97.35510877265983,96.449,ridge_event_replay,5,102Ah_25degC_0p5C_cell3|451|2021-08-09T22:58:19|2021-08-10T00:58:18|#|102Ah_25degC_0p5C_cell3|452|2021-08-10T03:56:49|2021-08-10T05:56:49|#|102Ah_25degC_0p5C_cell3|453|2021-08-10T08:55:20|2021-08-10T10:55:19|#|102Ah_25degC_0p5C_cell3|454|2021-08-10T13:54:19|2021-08-10T15:53:49|#|102Ah_25degC_0p5C_cell3|455|2021-08-10T18:52:19|2021-08-10T20:52:19,2021-08-10T20:52:19,0.0
M6_event_stress_v1,contiguous_missing_20pct,102Ah_25degC_0p5C_cell3,487,15,97.40067114507703,96.24,ridge_event_replay,0,,2021-08-14T09:24:29,0.0
M6_event_stress_v1,contiguous_missing_20pct,102Ah_25degC_0p5C_cell3,519,16,96.91168008748289,96.134,ridge_event_replay,0,,2021-08-14T09:24:29,0.0
M6_event_stress_v1,contiguous_missing_20pct,102Ah_25degC_0p5C_cell3,552,17,96.47903812082347,95.949,ridge_event_replay,0,,2021-08-14T09:24:29,0.0
M6_event_stress_v1,contiguous_missing_20pct,102Ah_25degC_0p5C_cell3,583,18,96.0732128990588,95.782,ridge_event_replay,0,,2021-08-14T09:24:29,0.0
M6_event_stress_v1,contiguous_missing_20pct,102Ah_25degC_0p5C_cell3,613,19,95.6810295708784,95.643,ridge_event_replay,0,,2021-08-14T09:24:29,0.0
M6_event_stress_v1,contiguous_missing_20pct,102Ah_25degC_0p5C_cell3,646,20,96.44892683189262,95.469,ridge_event_replay,5,102Ah_25degC_0p5C_cell3|641|2021-09-19T06:43:39|2021-09-19T08:42:09|#|102Ah_25degC_0p5C_cell3|642|2021-09-19T11:39:49|2021-09-19T13:38:19|#|102Ah_25degC_0p5C_cell3|643|2021-09-19T16:35:59|2021-09-19T18:34:29|#|102Ah_25degC_0p5C_cell3|644|2021-09-19T21:31:39|2021-09-19T23:30:39|#|102Ah_25degC_0p5C_cell3|645|2021-09-20T02:27:48|2021-09-20T04:26:48,2021-09-20T04:26:48,0.0
M6_event_stress_v1,contiguous_missing_20pct,102Ah_25degC_0p5C_cell3,676,21,97.03063164906378,95.318,ridge_event_replay,5,102Ah_25degC_0p5C_cell3|671|2021-09-25T10:42:47|2021-09-25T12:41:46|#|102Ah_25degC_0p5C_cell3|672|2021-09-25T15:38:33|2021-09-25T17:37:32|#|102Ah_25degC_0p5C_cell3|673|2021-09-25T20:34:50|2021-09-25T22:33:20|#|102Ah_25degC_0p5C_cell3|674|2021-09-26T01:30:06|2021-09-26T03:29:05|#|102Ah_25degC_0p5C_cell3|675|2021-09-26T06:25:52|2021-09-26T08:24:52,2021-09-26T08:24:52,0.0
M6_event_stress_v1,contiguous_missing_20pct,102Ah_25degC_0p5C_cell3,709,22,96.46994517014006,95.076,ridge_event_replay,5,102Ah_25degC_0p5C_cell3|704|2021-10-10T12:33:04|2021-10-10T14:31:04|#|102Ah_25degC_0p5C_cell3|705|2021-10-10T17:27:51|2021-10-10T19:26:20|#|102Ah_25degC_0p5C_cell3|706|2021-10-10T22:23:04|2021-10-11T00:21:33|#|102Ah_25degC_0p5C_cell3|707|2021-10-11T03:18:18|2021-10-11T05:16:48|#|102Ah_25degC_0p5C_cell3|708|2021-10-11T08:13:30|2021-10-11T10:12:00,2021-10-11T10:12:00,0.0
M6_event_stress_v1,contiguous_missing_20pct,102Ah_25degC_0p5C_cell3,739,23,96.29292513220936,94.944,ridge_event_replay,5,102Ah_25degC_0p5C_cell3|734|2021-10-16T16:04:32|2021-10-16T18:03:01|#|102Ah_25degC_0p5C_cell3|735|2021-10-16T20:59:27|2021-10-16T22:57:57|#|102Ah_25degC_0p5C_cell3|736|2021-10-17T01:54:23|2021-10-17T03:52:52|#|102Ah_25degC_0p5C_cell3|737|2021-10-17T06:49:19|2021-10-17T08:47:49|#|102Ah_25degC_0p5C_cell3|738|2021-10-17T11:44:15|2021-10-17T13:42:44,2021-10-17T13:42:44,0.0
M6_event_stress_v1,contiguous_missing_20pct,102Ah_25degC_0p5C_cell3,770,24,95.82602587858884,94.756,ridge_event_replay,5,102Ah_25degC_0p5C_cell3|765|2021-10-23T00:24:35|2021-10-23T02:23:05|#|102Ah_25degC_0p5C_cell3|766|2021-10-23T05:19:18|2021-10-23T07:17:48|#|102Ah_25degC_0p5C_cell3|767|2021-10-23T10:14:01|2021-10-23T12:12:31|#|102Ah_25degC_0p5C_cell3|768|2021-10-23T15:08:43|2021-10-23T17:07:13|#|102Ah_25degC_0p5C_cell3|769|2021-10-23T20:03:53|2021-10-23T22:01:53,2021-10-23T22:01:53,0.0
M6_event_stress_v1,contiguous_missing_20pct,102Ah_25degC_0p5C_cell3,803,25,95.70363740877703,94.621,ridge_event_replay,5,102Ah_25degC_0p5C_cell3|796|2021-10-29T13:30:10|2021-10-29T15:28:40|#|102Ah_25degC_0p5C_cell3|799|2021-10-29T23:18:52|2021-10-30T01:17:22|#|102Ah_25degC_0p5C_cell3|800|2021-10-30T04:13:15|2021-10-30T06:11:45|#|102Ah_25degC_0p5C_cell3|801|2021-10-30T09:08:05|2021-10-30T11:06:05|#|102Ah_25degC_0p5C_cell3|802|2021-10-30T14:02:27|2021-10-30T16:00:27,2021-10-30T16:00:27,0.0
M6_event_stress_v1,contiguous_missing_20pct,102Ah_25degC_0p5C_cell3,833,26,95.99398827533672,94.566,ridge_event_replay,5,102Ah_25degC_0p5C_cell3|829|2021-11-06T13:31:28|2021-11-06T15:29:28|#|102Ah_25degC_0p5C_cell3|830|2021-11-06T18:25:33|2021-11-06T20:23:33|#|102Ah_25degC_0p5C_cell3|831|2021-11-06T23:19:38|2021-11-07T01:17:37|#|102Ah_25degC_0p5C_cell3|832|2021-11-07T04:13:40|2021-11-07T06:11:40|#|102Ah_25degC_0p5C_cell3|833|2021-11-07T09:07:40|2021-11-07T11:05:40,2021-11-07T11:05:40,0.0
M6_event_stress_v1,contiguous_missing_20pct,102Ah_25degC_0p5C_cell3,864,27,95.53164189351882,94.418,ridge_event_replay,5,102Ah_25degC_0p5C_cell3|860|2021-11-12T21:22:06|2021-11-12T23:20:06|#|102Ah_25degC_0p5C_cell3|861|2021-11-13T02:15:49|2021-11-13T04:13:49|#|102Ah_25degC_0p5C_cell3|862|2021-11-13T07:09:32|2021-11-13T09:07:31|#|102Ah_25degC_0p5C_cell3|863|2021-11-13T12:03:13|2021-11-13T14:01:13|#|102Ah_25degC_0p5C_cell3|864|2021-11-13T16:56:53|2021-11-13T18:54:53,2021-11-13T18:54:53,0.0
M6_event_stress_v1,contiguous_missing_20pct,102Ah_25degC_0p5C_cell3,895,28,95.36831804027729,94.238,ridge_event_replay,5,102Ah_25degC_0p5C_cell3|891|2021-11-19T05:02:23|2021-11-19T07:00:22|#|102Ah_25degC_0p5C_cell3|892|2021-11-19T09:55:48|2021-11-19T11:53:48|#|102Ah_25degC_0p5C_cell3|893|2021-11-19T14:49:13|2021-11-19T16:47:13|#|102Ah_25degC_0p5C_cell3|894|2021-11-19T19:42:35|2021-11-19T21:40:35|#|102Ah_25degC_0p5C_cell3|895|2021-11-20T00:35:57|2021-11-20T02:33:57,2021-11-20T02:33:57,0.0
M6_event_stress_v1,contiguous_missing_20pct,102Ah_25degC_0p5C_cell3,925,29,94.92499906558143,94.035,ridge_event_replay,5,102Ah_25degC_0p5C_cell3|921|2021-11-25T07:57:50|2021-11-25T09:55:20|#|102Ah_25degC_0p5C_cell3|922|2021-11-25T12:50:57|2021-11-25T14:48:27|#|102Ah_25degC_0p5C_cell3|923|2021-11-25T17:44:04|2021-11-25T19:41:33|#|102Ah_25degC_0p5C_cell3|924|2021-11-25T22:37:10|2021-11-26T00:35:10|#|102Ah_25degC_0p5C_cell3|925|2021-11-26T03:30:18|2021-11-26T05:28:17,2021-11-26T05:28:17,0.0
M6_event_stress_v1,contiguous_missing_20pct,102Ah_25degC_0p5C_cell3,956,30,94.69515160291694,93.975,ridge_event_replay,5,102Ah_25degC_0p5C_cell3|952|2021-12-01T15:22:48|2021-12-01T17:20:17|#|102Ah_25degC_0p5C_cell3|953|2021-12-01T20:15:39|2021-12-01T22:13:09|#|102Ah_25degC_0p5C_cell3|954|2021-12-02T01:08:27|2021-12-02T03:05:57|#|102Ah_25degC_0p5C_cell3|955|2021-12-02T06:01:16|2021-12-02T07:58:46|#|102Ah_25degC_0p5C_cell3|956|2021-12-02T10:54:06|2021-12-02T12:51:36,2021-12-02T12:51:36,0.0
M6_event_stress_v1,temperature_event_shift_1,102Ah_25degC_0p5C_cell3,52,1,101.1778903507919,100.57,ridge_event_replay,5,102Ah_25degC_0p5C_cell3|42|2021-05-09T16:34:22|2021-05-09T18:38:22|#|102Ah_25degC_0p5C_cell3|48|2021-05-10T23:23:16|2021-05-11T01:27:44|#|102Ah_25degC_0p5C_cell3|49|2021-05-11T04:31:20|2021-05-11T06:35:50|#|102Ah_25degC_0p5C_cell3|50|2021-05-11T09:39:21|2021-05-11T11:43:51|#|102Ah_25degC_0p5C_cell3|51|2021-05-11T14:47:47|2021-05-11T16:51:47,2021-05-11T16:51:47,0.0
M6_event_stress_v1,temperature_event_shift_1,102Ah_25degC_0p5C_cell3,83,2,101.17126935886594,99.885,ridge_event_replay,2,102Ah_25degC_0p5C_cell3|52|2021-05-11T19:55:07|2021-05-11T21:59:37|#|102Ah_25degC_0p5C_cell3|53|2021-05-12T01:02:56|2021-05-12T03:07:26,2021-05-12T03:07:26,0.0
M6_event_stress_v1,temperature_event_shift_1,102Ah_25degC_0p5C_cell3,113,3,100.76553372697141,99.386,ridge_event_replay,0,,2021-05-12T03:07:26,0.0
M6_event_stress_v1,temperature_event_shift_1,102Ah_25degC_0p5C_cell3,144,4,100.34922649040233,98.994,ridge_event_replay,0,,2021-05-12T03:07:26,0.0
M6_event_stress_v1,temperature_event_shift_1,102Ah_25degC_0p5C_cell3,175,5,99.93401562822746,98.602,ridge_event_replay,0,,2021-05-12T03:07:26,0.0
M6_event_stress_v1,temperature_event_shift_1,102Ah_25degC_0p5C_cell3,207,6,99.78593261927752,98.235,ridge_event_replay,5,102Ah_25degC_0p5C_cell3|200|2021-06-18T18:39:55|2021-06-18T20:41:55|#|102Ah_25degC_0p5C_cell3|203|2021-06-19T04:44:58|2021-06-19T06:46:28|#|102Ah_25degC_0p5C_cell3|204|2021-06-19T09:47:21|2021-06-19T11:48:51|#|102Ah_25degC_0p5C_cell3|205|2021-06-19T14:49:47|2021-06-19T16:51:17|#|102Ah_25degC_0p5C_cell3|206|2021-06-19T19:51:42|2021-06-19T21:53:42,2021-06-19T21:53:42,0.0
M6_event_stress_v1,temperature_event_shift_1,102Ah_25degC_0p5C_cell3,238,7,99.2149178819953,97.993,ridge_event_replay,5,102Ah_25degC_0p5C_cell3|233|2021-06-25T11:52:59|2021-06-25T13:54:29|#|102Ah_25degC_0p5C_cell3|234|2021-06-25T16:54:36|2021-06-25T18:56:36|#|102Ah_25degC_0p5C_cell3|235|2021-06-25T21:57:05|2021-06-25T23:58:35|#|102Ah_25degC_0p5C_cell3|236|2021-06-26T02:59:03|2021-06-26T05:00:33|#|102Ah_25degC_0p5C_cell3|237|2021-06-26T08:01:01|2021-06-26T10:02:30,2021-06-26T10:02:30,0.0
M6_event_stress_v1,temperature_event_shift_1,102Ah_25degC_0p5C_cell3,271,8,99.49047716654867,97.71,ridge_event_replay,5,102Ah_25degC_0p5C_cell3|266|2021-07-02T09:48:54|2021-07-02T11:50:24|#|102Ah_25degC_0p5C_cell3|267|2021-07-02T14:50:47|2021-07-02T16:51:47|#|102Ah_25degC_0p5C_cell3|268|2021-07-02T19:52:06|2021-07-02T21:53:06|#|102Ah_25degC_0p5C_cell3|269|2021-07-03T00:52:55|2021-07-03T02:54:25|#|102Ah_25degC_0p5C_cell3|270|2021-07-03T05:54:13|2021-07-03T07:55:43,2021-07-03T07:55:43,0.0
M6_event_stress_v1,temperature_event_shift_1,102Ah_25degC_0p5C_cell3,301,9,98.89737039848924,97.441,ridge_event_replay,5,102Ah_25degC_0p5C_cell3|297|2021-07-08T21:23:06|2021-07-08T23:24:06|#|102Ah_25degC_0p5C_cell3|298|2021-07-09T02:23:25|2021-07-09T04:24:54|#|102Ah_25degC_0p5C_cell3|299|2021-07-09T07:24:13|2021-07-09T09:25:42|#|102Ah_25degC_0p5C_cell3|300|2021-07-09T12:25:30|2021-07-09T14:26:30|#|102Ah_25degC_0p5C_cell3|301|2021-07-09T22:26:32|2021-07-10T00:28:02,2021-07-10T00:28:02,0.0
M6_event_stress_v1,temperature_event_shift_1,102Ah_25degC_0p5C_cell3,334,10,98.43226900154156,97.212,ridge_event_replay,5,102Ah_25degC_0p5C_cell3|329|2021-07-15T13:40:25|2021-07-15T15:41:25|#|102Ah_25degC_0p5C_cell3|330|2021-07-15T19:15:09|2021-07-15T21:16:09|#|102Ah_25degC_0p5C_cell3|331|2021-07-16T00:15:27|2021-07-16T02:16:27|#|102Ah_25degC_0p5C_cell3|332|2021-07-16T05:16:12|2021-07-16T07:16:42|#|102Ah_25degC_0p5C_cell3|333|2021-07-16T10:15:57|2021-07-16T12:16:57,2021-07-16T12:16:57,0.0
M6_event_stress_v1,temperature_event_shift_1,102Ah_25degC_0p5C_cell3,364,11,98.43519044782379,97.027,ridge_event_replay,5,102Ah_25degC_0p5C_cell3|359|2021-07-21T20:16:27|2021-07-21T22:17:28|#|102Ah_25degC_0p5C_cell3|360|2021-07-22T01:16:44|2021-07-22T03:17:14|#|102Ah_25degC_0p5C_cell3|361|2021-07-22T06:16:02|2021-07-22T08:17:01|#|102Ah_25degC_0p5C_cell3|362|2021-07-22T11:16:18|2021-07-22T13:16:48|#|102Ah_25degC_0p5C_cell3|363|2021-07-22T16:15:33|2021-07-22T18:16:32,2021-07-22T18:16:32,0.0
M6_event_stress_v1,temperature_event_shift_1,102Ah_25degC_0p5C_cell3,395,12,98.01474571575186,96.825,ridge_event_replay,5,102Ah_25degC_0p5C_cell3|390|2021-07-28T07:03:50|2021-07-28T09:04:19|#|102Ah_25degC_0p5C_cell3|391|2021-07-28T12:03:43|2021-07-28T14:03:43|#|102Ah_25degC_0p5C_cell3|392|2021-07-28T17:03:03|2021-07-28T19:03:03|#|102Ah_25degC_0p5C_cell3|393|2021-07-28T22:02:21|2021-07-29T00:02:21|#|102Ah_25degC_0p5C_cell3|394|2021-07-29T03:01:39|2021-07-29T05:01:39,2021-07-29T05:01:39,0.0
M6_event_stress_v1,temperature_event_shift_1,102Ah_25degC_0p5C_cell3,425,13,98.00697745350492,96.653,ridge_event_replay,5,102Ah_25degC_0p5C_cell3|420|2021-08-03T12:38:00|2021-08-03T14:38:30|#|102Ah_25degC_0p5C_cell3|421|2021-08-03T17:36:55|2021-08-03T19:37:24|#|102Ah_25degC_0p5C_cell3|422|2021-08-03T22:36:16|2021-08-04T00:36:16|#|102Ah_25degC_0p5C_cell3|423|2021-08-04T03:35:08|2021-08-04T05:35:08|#|102Ah_25degC_0p5C_cell3|424|2021-08-04T08:33:30|2021-08-04T10:33:59,2021-08-04T10:33:59,0.0
M6_event_stress_v1,temperature_event_shift_1,102Ah_25degC_0p5C_cell3,456,14,97.35510877265983,96.449,ridge_event_replay,5,102Ah_25degC_0p5C_cell3|451|2021-08-09T22:58:19|2021-08-10T00:58:18|#|102Ah_25degC_0p5C_cell3|452|2021-08-10T03:56:49|2021-08-10T05:56:49|#|102Ah_25degC_0p5C_cell3|453|2021-08-10T08:55:20|2021-08-10T10:55:19|#|102Ah_25degC_0p5C_cell3|454|2021-08-10T13:54:19|2021-08-10T15:53:49|#|102Ah_25degC_0p5C_cell3|455|2021-08-10T18:52:19|2021-08-10T20:52:19,2021-08-10T20:52:19,0.0
M6_event_stress_v1,temperature_event_shift_1,102Ah_25degC_0p5C_cell3,487,15,97.224632275514,96.24,ridge_event_replay,5,102Ah_25degC_0p5C_cell3|482|2021-08-16T09:06:34|2021-08-16T11:06:34|#|102Ah_25degC_0p5C_cell3|483|2021-08-16T14:04:42|2021-08-16T16:04:42|#|102Ah_25degC_0p5C_cell3|484|2021-08-16T19:03:20|2021-08-16T21:02:50|#|102Ah_25degC_0p5C_cell3|485|2021-08-17T00:01:24|2021-08-17T02:00:54|#|102Ah_25degC_0p5C_cell3|486|2021-08-17T04:58:58|2021-08-17T06:58:58,2021-08-17T06:58:58,0.0
M6_event_stress_v1,temperature_event_shift_1,102Ah_25degC_0p5C_cell3,519,16,96.49915667996048,96.134,ridge_event_replay,5,102Ah_25degC_0p5C_cell3|514|2021-08-24T02:05:33|2021-08-24T04:05:33|#|102Ah_25degC_0p5C_cell3|515|2021-08-24T07:03:28|2021-08-24T09:03:27|#|102Ah_25degC_0p5C_cell3|516|2021-08-24T12:01:55|2021-08-24T14:01:25|#|102Ah_25degC_0p5C_cell3|517|2021-08-24T16:59:20|2021-08-24T18:59:20|#|102Ah_25degC_0p5C_cell3|518|2021-08-24T21:57:46|2021-08-24T23:57:16,2021-08-24T23:57:16,0.0
M6_event_stress_v1,temperature_event_shift_1,102Ah_25degC_0p5C_cell3,552,17,96.90131080683895,95.949,ridge_event_replay,5,102Ah_25degC_0p5C_cell3|547|2021-08-30T21:47:18|2021-08-30T23:46:48|#|102Ah_25degC_0p5C_cell3|548|2021-08-31T02:44:39|2021-08-31T04:44:09|#|102Ah_25degC_0p5C_cell3|549|2021-08-31T07:42:32|2021-08-31T09:41:31|#|102Ah_25degC_0p5C_cell3|550|2021-08-31T12:39:55|2021-08-31T14:38:55|#|102Ah_25degC_0p5C_cell3|551|2021-08-31T17:37:16|2021-08-31T19:36:16,2021-08-31T19:36:16,0.0
M6_event_stress_v1,temperature_event_shift_1,102Ah_25degC_0p5C_cell3,583,18,96.88570685388086,95.782,ridge_event_replay,5,102Ah_25degC_0p5C_cell3|578|2021-09-06T07:19:51|2021-09-06T09:19:20|#|102Ah_25degC_0p5C_cell3|579|2021-09-06T12:17:20|2021-09-06T14:16:20|#|102Ah_25degC_0p5C_cell3|580|2021-09-06T17:13:48|2021-09-06T19:13:17|#|102Ah_25degC_0p5C_cell3|581|2021-09-06T22:11:13|2021-09-07T00:10:12|#|102Ah_25degC_0p5C_cell3|582|2021-09-07T03:08:06|2021-09-07T05:07:06,2021-09-07T05:07:06,0.0
M6_event_stress_v1,temperature_event_shift_1,102Ah_25degC_0p5C_cell3,613,19,96.57865707162192,95.643,ridge_event_replay,5,102Ah_25degC_0p5C_cell3|608|2021-09-12T11:43:00|2021-09-12T13:42:00|#|102Ah_25degC_0p5C_cell3|609|2021-09-12T16:39:34|2021-09-12T18:38:33|#|102Ah_25degC_0p5C_cell3|610|2021-09-12T21:35:38|2021-09-12T23:35:08|#|102Ah_25degC_0p5C_cell3|611|2021-09-13T02:32:40|2021-09-13T04:31:40|#|102Ah_25degC_0p5C_cell3|612|2021-09-13T07:29:14|2021-09-13T09:28:14,2021-09-13T09:28:14,0.0
M6_event_stress_v1,temperature_event_shift_1,102Ah_25degC_0p5C_cell3,646,20,96.24507998920357,95.469,ridge_event_replay,5,102Ah_25degC_0p5C_cell3|641|2021-09-19T06:43:39|2021-09-19T08:42:09|#|102Ah_25degC_0p5C_cell3|642|2021-09-19T11:39:49|2021-09-19T13:38:19|#|102Ah_25degC_0p5C_cell3|643|2021-09-19T16:35:59|2021-09-19T18:34:29|#|102Ah_25degC_0p5C_cell3|644|2021-09-19T21:31:39|2021-09-19T23:30:39|#|102Ah_25degC_0p5C_cell3|645|2021-09-20T02:27:48|2021-09-20T04:26:48,2021-09-20T04:26:48,0.0
M6_event_stress_v1,temperature_event_shift_1,102Ah_25degC_0p5C_cell3,676,21,96.82886379897467,95.318,ridge_event_replay,5,102Ah_25degC_0p5C_cell3|671|2021-09-25T10:42:47|2021-09-25T12:41:46|#|102Ah_25degC_0p5C_cell3|672|2021-09-25T15:38:33|2021-09-25T17:37:32|#|102Ah_25degC_0p5C_cell3|673|2021-09-25T20:34:50|2021-09-25T22:33:20|#|102Ah_25degC_0p5C_cell3|674|2021-09-26T01:30:06|2021-09-26T03:29:05|#|102Ah_25degC_0p5C_cell3|675|2021-09-26T06:25:52|2021-09-26T08:24:52,2021-09-26T08:24:52,0.0
M6_event_stress_v1,temperature_event_shift_1,102Ah_25degC_0p5C_cell3,709,22,96.2750496512173,95.076,ridge_event_replay,5,102Ah_25degC_0p5C_cell3|704|2021-10-10T12:33:04|2021-10-10T14:31:04|#|102Ah_25degC_0p5C_cell3|705|2021-10-10T17:27:51|2021-10-10T19:26:20|#|102Ah_25degC_0p5C_cell3|706|2021-10-10T22:23:04|2021-10-11T00:21:33|#|102Ah_25degC_0p5C_cell3|707|2021-10-11T03:18:18|2021-10-11T05:16:48|#|102Ah_25degC_0p5C_cell3|708|2021-10-11T08:13:30|2021-10-11T10:12:00,2021-10-11T10:12:00,0.0
M6_event_stress_v1,temperature_event_shift_1,102Ah_25degC_0p5C_cell3,739,23,96.09862873869838,94.944,ridge_event_replay,5,102Ah_25degC_0p5C_cell3|734|2021-10-16T16:04:32|2021-10-16T18:03:01|#|102Ah_25degC_0p5C_cell3|735|2021-10-16T20:59:27|2021-10-16T22:57:57|#|102Ah_25degC_0p5C_cell3|736|2021-10-17T01:54:23|2021-10-17T03:52:52|#|102Ah_25degC_0p5C_cell3|737|2021-10-17T06:49:19|2021-10-17T08:47:49|#|102Ah_25degC_0p5C_cell3|738|2021-10-17T11:44:15|2021-10-17T13:42:44,2021-10-17T13:42:44,0.0
M6_event_stress_v1,temperature_event_shift_1,102Ah_25degC_0p5C_cell3,770,24,95.63700348406527,94.756,ridge_event_replay,5,102Ah_25degC_0p5C_cell3|765|2021-10-23T00:24:35|2021-10-23T02:23:05|#|102Ah_25degC_0p5C_cell3|766|2021-10-23T05:19:18|2021-10-23T07:17:48|#|102Ah_25degC_0p5C_cell3|767|2021-10-23T10:14:01|2021-10-23T12:12:31|#|102Ah_25degC_0p5C_cell3|768|2021-10-23T15:08:43|2021-10-23T17:07:13|#|102Ah_25degC_0p5C_cell3|769|2021-10-23T20:03:53|2021-10-23T22:01:53,2021-10-23T22:01:53,0.0
M6_event_stress_v1,temperature_event_shift_1,102Ah_25degC_0p5C_cell3,803,25,95.5097797671346,94.621,ridge_event_replay,5,102Ah_25degC_0p5C_cell3|796|2021-10-29T13:30:10|2021-10-29T15:28:40|#|102Ah_25degC_0p5C_cell3|799|2021-10-29T23:18:52|2021-10-30T01:17:22|#|102Ah_25degC_0p5C_cell3|800|2021-10-30T04:13:15|2021-10-30T06:11:45|#|102Ah_25degC_0p5C_cell3|801|2021-10-30T09:08:05|2021-10-30T11:06:05|#|102Ah_25degC_0p5C_cell3|802|2021-10-30T14:02:27|2021-10-30T16:00:27,2021-10-30T16:00:27,0.0
M6_event_stress_v1,temperature_event_shift_1,102Ah_25degC_0p5C_cell3,833,26,95.81247013054825,94.566,ridge_event_replay,5,102Ah_25degC_0p5C_cell3|829|2021-11-06T13:31:28|2021-11-06T15:29:28|#|102Ah_25degC_0p5C_cell3|830|2021-11-06T18:25:33|2021-11-06T20:23:33|#|102Ah_25degC_0p5C_cell3|831|2021-11-06T23:19:38|2021-11-07T01:17:37|#|102Ah_25degC_0p5C_cell3|832|2021-11-07T04:13:40|2021-11-07T06:11:40|#|102Ah_25degC_0p5C_cell3|833|2021-11-07T09:07:40|2021-11-07T11:05:40,2021-11-07T11:05:40,0.0
M6_event_stress_v1,temperature_event_shift_1,102Ah_25degC_0p5C_cell3,864,27,95.35681264312204,94.418,ridge_event_replay,5,102Ah_25degC_0p5C_cell3|860|2021-11-12T21:22:06|2021-11-12T23:20:06|#|102Ah_25degC_0p5C_cell3|861|2021-11-13T02:15:49|2021-11-13T04:13:49|#|102Ah_25degC_0p5C_cell3|862|2021-11-13T07:09:32|2021-11-13T09:07:31|#|102Ah_25degC_0p5C_cell3|863|2021-11-13T12:03:13|2021-11-13T14:01:13|#|102Ah_25degC_0p5C_cell3|864|2021-11-13T16:56:53|2021-11-13T18:54:53,2021-11-13T18:54:53,0.0
M6_event_stress_v1,temperature_event_shift_1,102Ah_25degC_0p5C_cell3,895,28,95.19428893862212,94.238,ridge_event_replay,5,102Ah_25degC_0p5C_cell3|891|2021-11-19T05:02:23|2021-11-19T07:00:22|#|102Ah_25degC_0p5C_cell3|892|2021-11-19T09:55:48|2021-11-19T11:53:48|#|102Ah_25degC_0p5C_cell3|893|2021-11-19T14:49:13|2021-11-19T16:47:13|#|102Ah_25degC_0p5C_cell3|894|2021-11-19T19:42:35|2021-11-19T21:40:35|#|102Ah_25degC_0p5C_cell3|895|2021-11-20T00:35:57|2021-11-20T02:33:57,2021-11-20T02:33:57,0.0
M6_event_stress_v1,temperature_event_shift_1,102Ah_25degC_0p5C_cell3,925,29,94.75458454084692,94.035,ridge_event_replay,5,102Ah_25degC_0p5C_cell3|921|2021-11-25T07:57:50|2021-11-25T09:55:20|#|102Ah_25degC_0p5C_cell3|922|2021-11-25T12:50:57|2021-11-25T14:48:27|#|102Ah_25degC_0p5C_cell3|923|2021-11-25T17:44:04|2021-11-25T19:41:33|#|102Ah_25degC_0p5C_cell3|924|2021-11-25T22:37:10|2021-11-26T00:35:10|#|102Ah_25degC_0p5C_cell3|925|2021-11-26T03:30:18|2021-11-26T05:28:17,2021-11-26T05:28:17,0.0
M6_event_stress_v1,temperature_event_shift_1,102Ah_25degC_0p5C_cell3,956,30,94.5311571539834,93.975,ridge_event_replay,5,102Ah_25degC_0p5C_cell3|952|2021-12-01T15:22:48|2021-12-01T17:20:17|#|102Ah_25degC_0p5C_cell3|953|2021-12-01T20:15:39|2021-12-01T22:13:09|#|102Ah_25degC_0p5C_cell3|954|2021-12-02T01:08:27|2021-12-02T03:05:57|#|102Ah_25degC_0p5C_cell3|955|2021-12-02T06:01:16|2021-12-02T07:58:46|#|102Ah_25degC_0p5C_cell3|956|2021-12-02T10:54:06|2021-12-02T12:51:36,2021-12-02T12:51:36,0.0
M6_event_stress_v1,clean_event_replay,102Ah_25degC_1C_cell3,212,1,98.14499279503259,98.416,ridge_event_replay,5,102Ah_25degC_1C_cell3|207|2021-05-27T04:55:17|2021-05-27T05:57:17|#|102Ah_25degC_1C_cell3|208|2021-05-27T07:58:04|2021-05-27T08:59:34|#|102Ah_25degC_1C_cell3|209|2021-05-27T11:00:21|2021-05-27T12:01:51|#|102Ah_25degC_1C_cell3|210|2021-05-27T14:02:36|2021-05-27T15:04:06|#|102Ah_25degC_1C_cell3|211|2021-05-27T17:04:22|2021-05-27T18:06:22,2021-05-27T18:06:22,0.0
M6_event_stress_v1,clean_event_replay,102Ah_25degC_1C_cell3,341,2,97.40791084491345,97.313,ridge_event_replay,5,102Ah_25degC_1C_cell3|336|2021-06-12T11:36:33|2021-06-12T12:38:03|#|102Ah_25degC_1C_cell3|337|2021-06-12T14:37:42|2021-06-12T15:39:12|#|102Ah_25degC_1C_cell3|338|2021-06-12T17:39:19|2021-06-12T18:40:19|#|102Ah_25degC_1C_cell3|339|2021-06-12T20:39:55|2021-06-12T21:41:25|#|102Ah_25degC_1C_cell3|340|2021-06-12T23:41:02|2021-06-13T00:42:32,2021-06-13T00:42:32,0.0
M6_event_stress_v1,clean_event_replay,102Ah_25degC_1C_cell3,469,3,96.09165126005638,96.453,ridge_event_replay,5,102Ah_25degC_1C_cell3|464|2021-06-30T17:56:52|2021-06-30T18:57:21|#|102Ah_25degC_1C_cell3|465|2021-06-30T20:56:39|2021-06-30T21:57:39|#|102Ah_25degC_1C_cell3|466|2021-06-30T23:57:25|2021-07-01T00:57:55|#|102Ah_25degC_1C_cell3|467|2021-07-01T02:57:39|2021-07-01T03:58:09|#|102Ah_25degC_1C_cell3|468|2021-07-01T05:57:55|2021-07-01T06:58:25,2021-07-01T06:58:25,0.0
M6_event_stress_v1,clean_event_replay,102Ah_25degC_1C_cell3,606,4,95.36567139307823,95.685,ridge_event_replay,5,102Ah_25degC_1C_cell3|601|2021-07-18T13:19:38|2021-07-18T14:19:38|#|102Ah_25degC_1C_cell3|602|2021-07-18T16:19:09|2021-07-18T17:19:09|#|102Ah_25degC_1C_cell3|603|2021-07-18T19:18:09|2021-07-18T20:18:39|#|102Ah_25degC_1C_cell3|604|2021-07-18T22:18:08|2021-07-18T23:18:08|#|102Ah_25degC_1C_cell3|605|2021-07-19T01:17:09|2021-07-19T02:17:39,2021-07-19T02:17:39,0.0
M6_event_stress_v1,clean_event_replay,102Ah_25degC_1C_cell3,735,5,95.28976960159618,95.032,ridge_event_replay,5,102Ah_25degC_1C_cell3|730|2021-08-03T14:28:51|2021-08-03T15:28:51|#|102Ah_25degC_1C_cell3|731|2021-08-03T17:27:08|2021-08-03T18:27:38|#|102Ah_25degC_1C_cell3|732|2021-08-03T20:25:52|2021-08-03T21:26:22|#|102Ah_25degC_1C_cell3|733|2021-08-03T23:24:36|2021-08-04T00:25:05|#|102Ah_25degC_1C_cell3|734|2021-08-04T02:23:20|2021-08-04T03:23:50,2021-08-04T03:23:50,0.0
M6_event_stress_v1,clean_event_replay,102Ah_25degC_1C_cell3,872,6,94.588446265658,94.387,ridge_event_replay,5,102Ah_25degC_1C_cell3|867|2021-08-20T13:56:21|2021-08-20T14:55:51|#|102Ah_25degC_1C_cell3|868|2021-08-20T16:53:56|2021-08-20T17:53:56|#|102Ah_25degC_1C_cell3|869|2021-08-20T19:51:58|2021-08-20T20:51:58|#|102Ah_25degC_1C_cell3|870|2021-08-20T22:50:00|2021-08-20T23:50:00|#|102Ah_25degC_1C_cell3|871|2021-08-21T01:48:34|2021-08-21T02:48:04,2021-08-21T02:48:04,0.0
M6_event_stress_v1,clean_event_replay,102Ah_25degC_1C_cell3,1001,7,93.8080452606638,93.84,ridge_event_replay,5,102Ah_25degC_1C_cell3|1000|2021-09-06T10:27:51|2021-09-06T11:27:51|#|102Ah_25degC_1C_cell3|1001|2021-09-06T13:25:21|2021-09-06T14:25:21|#|102Ah_25degC_1C_cell3|997|2021-09-05T15:04:58|2021-09-05T16:04:28|#|102Ah_25degC_1C_cell3|998|2021-09-05T18:01:54|2021-09-05T19:01:54|#|102Ah_25degC_1C_cell3|999|2021-09-05T20:59:51|2021-09-05T21:59:21,2021-09-06T14:25:21,0.0
M6_event_stress_v1,clean_event_replay,102Ah_25degC_1C_cell3,1627,8,91.91619398966407,91.223,ridge_event_replay,5,102Ah_25degC_1C_cell3|1623|2021-12-03T15:37:45|2021-12-03T16:36:15|#|102Ah_25degC_1C_cell3|1624|2021-12-03T18:32:20|2021-12-03T19:30:50|#|102Ah_25degC_1C_cell3|1625|2021-12-03T21:26:56|2021-12-03T22:25:26|#|102Ah_25degC_1C_cell3|1626|2021-12-04T00:21:30|2021-12-04T01:20:00|#|102Ah_25degC_1C_cell3|1627|2021-12-04T03:16:04|2021-12-04T04:14:34,2021-12-04T04:14:34,0.0
M6_event_stress_v1,clean_event_replay,102Ah_25degC_1C_cell3,1756,9,91.35240763821758,90.681,ridge_event_replay,5,102Ah_25degC_1C_cell3|1752|2021-12-19T06:32:57|2021-12-19T07:31:26|#|102Ah_25degC_1C_cell3|1753|2021-12-19T09:27:11|2021-12-19T10:25:41|#|102Ah_25degC_1C_cell3|1754|2021-12-19T12:21:26|2021-12-19T13:19:56|#|102Ah_25degC_1C_cell3|1755|2021-12-19T15:15:42|2021-12-19T16:14:11|#|102Ah_25degC_1C_cell3|1756|2021-12-19T18:09:56|2021-12-19T19:08:26,2021-12-19T19:08:26,0.0
M6_event_stress_v1,clean_event_replay,102Ah_25degC_1C_cell3,1885,10,90.80752819524227,90.145,ridge_event_replay,5,102Ah_25degC_1C_cell3|1881|2022-01-03T20:49:32|2022-01-03T21:48:02|#|102Ah_25degC_1C_cell3|1882|2022-01-03T23:43:26|2022-01-04T00:41:56|#|102Ah_25degC_1C_cell3|1883|2022-01-04T02:37:20|2022-01-04T03:35:50|#|102Ah_25degC_1C_cell3|1884|2022-01-04T05:31:16|2022-01-04T06:29:46|#|102Ah_25degC_1C_cell3|1885|2022-01-04T08:25:11|2022-01-04T09:23:41,2022-01-04T09:23:41,0.0
M6_event_stress_v1,clean_event_replay,102Ah_25degC_1C_cell3,2495,11,89.01343948449929,88.091,ridge_event_replay,5,102Ah_25degC_1C_cell3|2491|2022-04-01T00:03:53|2022-04-01T01:00:53|#|102Ah_25degC_1C_cell3|2492|2022-04-01T02:55:15|2022-04-01T03:52:15|#|102Ah_25degC_1C_cell3|2493|2022-04-01T05:46:36|2022-04-01T06:43:36|#|102Ah_25degC_1C_cell3|2494|2022-04-01T08:37:57|2022-04-01T09:34:56|#|102Ah_25degC_1C_cell3|2495|2022-04-01T20:03:26|2022-04-01T21:00:56,2022-04-01T21:00:56,0.0
M6_event_stress_v1,clean_event_replay,102Ah_25degC_1C_cell3,2632,12,88.41965067089794,87.634,ridge_event_replay,5,102Ah_25degC_1C_cell3|2628|2022-04-17T06:55:12|2022-04-17T07:52:12|#|102Ah_25degC_1C_cell3|2629|2022-04-17T09:46:12|2022-04-17T10:43:12|#|102Ah_25degC_1C_cell3|2630|2022-04-17T12:37:13|2022-04-17T13:34:13|#|102Ah_25degC_1C_cell3|2631|2022-04-17T15:28:13|2022-04-17T16:25:13|#|102Ah_25degC_1C_cell3|2632|2022-04-17T18:19:14|2022-04-17T19:16:14,2022-04-17T19:16:14,0.0
M6_event_stress_v1,clean_event_replay,102Ah_25degC_1C_cell3,2767,13,87.98990135304051,87.186,ridge_event_replay,5,102Ah_25degC_1C_cell3|2763|2022-05-09T14:41:33|2022-05-09T15:38:03|#|102Ah_25degC_1C_cell3|2764|2022-05-09T17:31:42|2022-05-09T18:28:11|#|102Ah_25degC_1C_cell3|2765|2022-05-09T20:21:50|2022-05-09T21:18:20|#|102Ah_25degC_1C_cell3|2766|2022-05-09T23:11:58|2022-05-10T00:08:28|#|102Ah_25degC_1C_cell3|2767|2022-05-10T02:02:06|2022-05-10T02:58:36,2022-05-10T02:58:36,0.0
M6_event_stress_v1,clean_event_replay,102Ah_25degC_1C_cell3,2899,14,87.53833560877543,86.59,ridge_event_replay,5,102Ah_25degC_1C_cell3|2895|2022-05-25T05:04:19|2022-05-25T06:00:49|#|102Ah_25degC_1C_cell3|2896|2022-05-25T07:54:16|2022-05-25T08:50:46|#|102Ah_25degC_1C_cell3|2897|2022-05-25T10:44:12|2022-05-25T11:40:42|#|102Ah_25degC_1C_cell3|2898|2022-05-25T13:34:11|2022-05-25T14:30:41|#|102Ah_25degC_1C_cell3|2899|2022-05-25T16:24:08|2022-05-25T17:20:38,2022-05-25T17:20:38,0.0
M6_event_stress_v1,clean_event_replay,102Ah_25degC_1C_cell3,3031,15,86.92398541633244,86.06,ridge_event_replay,5,102Ah_25degC_1C_cell3|3027|2022-06-14T00:30:08|2022-06-14T01:26:38|#|102Ah_25degC_1C_cell3|3028|2022-06-14T03:19:38|2022-06-14T04:16:08|#|102Ah_25degC_1C_cell3|3029|2022-06-14T06:09:07|2022-06-14T07:05:37|#|102Ah_25degC_1C_cell3|3030|2022-06-14T08:58:36|2022-06-14T09:55:05|#|102Ah_25degC_1C_cell3|3031|2022-06-14T11:48:05|2022-06-14T12:44:35,2022-06-14T12:44:35,0.0
M6_event_stress_v1,clean_event_replay,102Ah_25degC_1C_cell3,3160,16,86.19635413144563,85.611,ridge_event_replay,5,102Ah_25degC_1C_cell3|3156|2022-06-29T04:26:55|2022-06-29T05:23:25|#|102Ah_25degC_1C_cell3|3157|2022-06-29T07:16:01|2022-06-29T08:12:30|#|102Ah_25degC_1C_cell3|3158|2022-06-29T10:05:07|2022-06-29T11:01:37|#|102Ah_25degC_1C_cell3|3159|2022-06-29T12:54:13|2022-06-29T13:50:43|#|102Ah_25degC_1C_cell3|3160|2022-06-29T15:43:20|2022-06-29T16:39:50,2022-06-29T16:39:50,0.0
M6_event_stress_v1,clean_event_replay,102Ah_25degC_1C_cell3,3313,17,86.02191295847888,85.114,ridge_event_replay,5,102Ah_25degC_1C_cell3|3309|2022-07-17T04:59:47|2022-07-17T05:55:47|#|102Ah_25degC_1C_cell3|3310|2022-07-17T07:48:15|2022-07-17T08:44:14|#|102Ah_25degC_1C_cell3|3311|2022-07-17T10:36:42|2022-07-17T11:32:41|#|102Ah_25degC_1C_cell3|3312|2022-07-17T13:25:09|2022-07-17T14:21:09|#|102Ah_25degC_1C_cell3|3313|2022-07-17T16:13:36|2022-07-17T17:09:36,2022-07-17T17:09:36,0.0
M6_event_stress_v1,clean_event_replay,102Ah_25degC_1C_cell3,3445,18,85.31282437231108,84.615,ridge_event_replay,5,102Ah_25degC_1C_cell3|3441|2022-08-01T15:11:25|2022-08-01T16:07:25|#|102Ah_25degC_1C_cell3|3442|2022-08-01T17:59:26|2022-08-01T18:55:25|#|102Ah_25degC_1C_cell3|3443|2022-08-01T20:47:25|2022-08-01T21:43:25|#|102Ah_25degC_1C_cell3|3444|2022-08-01T23:35:24|2022-08-02T00:31:24|#|102Ah_25degC_1C_cell3|3445|2022-08-02T02:23:21|2022-08-02T03:19:21,2022-08-02T03:19:21,0.0
M6_event_stress_v1,clean_event_replay,102Ah_25degC_1C_cell3,3586,19,84.49519708975772,84.043,ridge_event_replay,5,102Ah_25degC_1C_cell3|3582|2022-08-20T12:42:18|2022-08-20T13:38:18|#|102Ah_25degC_1C_cell3|3583|2022-08-20T15:29:48|2022-08-20T16:25:48|#|102Ah_25degC_1C_cell3|3584|2022-08-20T18:17:20|2022-08-20T19:13:20|#|102Ah_25degC_1C_cell3|3585|2022-08-20T21:04:56|2022-08-20T22:00:56|#|102Ah_25degC_1C_cell3|3586|2022-08-20T23:52:32|2022-08-21T00:48:31,2022-08-21T00:48:31,0.0
M6_event_stress_v1,clean_event_replay,102Ah_25degC_1C_cell3,3717,20,84.24974950375906,83.473,ridge_event_replay,5,102Ah_25degC_1C_cell3|3713|2022-09-04T17:40:26|2022-09-04T18:35:56|#|102Ah_25degC_1C_cell3|3714|2022-09-04T20:27:14|2022-09-04T21:22:43|#|102Ah_25degC_1C_cell3|3715|2022-09-04T23:14:01|2022-09-05T00:09:30|#|102Ah_25degC_1C_cell3|3716|2022-09-05T02:00:50|2022-09-05T02:56:20|#|102Ah_25degC_1C_cell3|3717|2022-09-05T04:47:41|2022-09-05T05:43:11,2022-09-05T05:43:11,0.0
M6_event_stress_v1,clean_event_replay,102Ah_25degC_1C_cell3,3852,21,83.58363188645936,82.835,ridge_event_replay,5,102Ah_25degC_1C_cell3|3848|2022-09-20T08:07:12|2022-09-20T09:02:12|#|102Ah_25degC_1C_cell3|3849|2022-09-20T10:53:19|2022-09-20T11:48:19|#|102Ah_25degC_1C_cell3|3850|2022-09-20T13:39:28|2022-09-20T14:34:28|#|102Ah_25degC_1C_cell3|3851|2022-09-20T16:25:36|2022-09-20T17:20:36|#|102Ah_25degC_1C_cell3|3852|2022-09-20T19:11:44|2022-09-20T20:06:44,2022-09-20T20:06:44,0.0
M6_event_stress_v1,clean_event_replay,102Ah_25degC_1C_cell3,3987,22,82.19825954619667,81.961,ridge_event_replay,5,102Ah_25degC_1C_cell3|3983|2022-10-14T23:46:58|2022-10-15T00:41:57|#|102Ah_25degC_1C_cell3|3984|2022-10-15T02:32:16|2022-10-15T03:27:16|#|102Ah_25degC_1C_cell3|3985|2022-10-15T05:17:34|2022-10-15T06:12:34|#|102Ah_25degC_1C_cell3|3986|2022-10-15T08:02:52|2022-10-15T08:57:52|#|102Ah_25degC_1C_cell3|3987|2022-10-15T10:48:09|2022-10-15T11:43:09,2022-10-15T11:43:09,0.0
M6_event_stress_v1,clean_event_replay,102Ah_25degC_1C_cell3,4122,23,81.42801673691488,81.241,ridge_event_replay,5,102Ah_25degC_1C_cell3|4118|2022-10-30T19:49:01|2022-10-30T20:43:31|#|102Ah_25degC_1C_cell3|4119|2022-10-30T22:33:41|2022-10-30T23:28:11|#|102Ah_25degC_1C_cell3|4120|2022-10-31T01:18:19|2022-10-31T02:12:49|#|102Ah_25degC_1C_cell3|4121|2022-10-31T04:02:58|2022-10-31T04:57:28|#|102Ah_25degC_1C_cell3|4122|2022-10-31T06:47:38|2022-10-31T07:42:08,2022-10-31T07:42:08,0.0
M6_event_stress_v1,clean_event_replay,102Ah_25degC_1C_cell3,4257,24,80.57277947281035,80.472,ridge_event_replay,5,102Ah_25degC_1C_cell3|4253|2022-11-15T05:33:36|2022-11-15T06:28:06|#|102Ah_25degC_1C_cell3|4254|2022-11-15T08:17:33|2022-11-15T09:12:04|#|102Ah_25degC_1C_cell3|4255|2022-11-15T11:01:30|2022-11-15T11:56:00|#|102Ah_25degC_1C_cell3|4256|2022-11-15T13:45:25|2022-11-15T14:39:55|#|102Ah_25degC_1C_cell3|4257|2022-11-15T16:29:19|2022-11-15T17:23:48,2022-11-15T17:23:48,0.0
M6_event_stress_v1,clean_event_replay,102Ah_25degC_1C_cell3,4389,25,79.83075962473295,79.606,ridge_event_replay,5,102Ah_25degC_1C_cell3|4385|2022-11-30T05:06:29|2022-11-30T06:00:29|#|102Ah_25degC_1C_cell3|4386|2022-11-30T07:49:28|2022-11-30T08:43:28|#|102Ah_25degC_1C_cell3|4387|2022-11-30T10:32:27|2022-11-30T11:26:27|#|102Ah_25degC_1C_cell3|4388|2022-11-30T13:15:25|2022-11-30T14:09:25|#|102Ah_25degC_1C_cell3|4389|2022-11-30T15:58:23|2022-11-30T16:52:23,2022-11-30T16:52:23,0.0
M6_event_stress_v1,clean_event_replay,102Ah_25degC_1C_cell3,4518,26,78.90406512335926,78.648,ridge_event_replay,5,102Ah_25degC_1C_cell3|4514|2022-12-14T18:29:39|2022-12-14T19:23:09|#|102Ah_25degC_1C_cell3|4515|2022-12-14T21:11:41|2022-12-14T22:05:11|#|102Ah_25degC_1C_cell3|4516|2022-12-14T23:53:43|2022-12-15T00:47:12|#|102Ah_25degC_1C_cell3|4517|2022-12-15T02:35:44|2022-12-15T03:29:14|#|102Ah_25degC_1C_cell3|4518|2022-12-15T05:17:45|2022-12-15T06:11:15,2022-12-15T06:11:15,0.0
M6_event_stress_v1,clean_event_replay,102Ah_25degC_1C_cell3,4650,27,77.30591063633105,77.549,ridge_event_replay,5,102Ah_25degC_1C_cell3|4646|2022-12-30T04:37:41|2022-12-30T05:31:11|#|102Ah_25degC_1C_cell3|4647|2022-12-30T07:18:47|2022-12-30T08:12:17|#|102Ah_25degC_1C_cell3|4648|2022-12-30T09:59:51|2022-12-30T10:53:21|#|102Ah_25degC_1C_cell3|4649|2022-12-30T12:40:55|2022-12-30T13:34:25|#|102Ah_25degC_1C_cell3|4650|2022-12-30T15:21:59|2022-12-30T16:15:29,2022-12-30T16:15:29,0.0
M6_event_stress_v1,clean_event_replay,102Ah_25degC_1C_cell3,4792,28,76.09585633876635,76.204,ridge_event_replay,5,102Ah_25degC_1C_cell3|4788|2023-01-15T00:29:19|2023-01-15T01:22:19|#|102Ah_25degC_1C_cell3|4789|2023-01-15T03:09:10|2023-01-15T04:02:10|#|102Ah_25degC_1C_cell3|4790|2023-01-15T05:49:02|2023-01-15T06:42:02|#|102Ah_25degC_1C_cell3|4791|2023-01-15T08:28:54|2023-01-15T09:21:53|#|102Ah_25degC_1C_cell3|4792|2023-01-15T11:08:46|2023-01-15T12:01:45,2023-01-15T12:01:45,0.0
M6_event_stress_v1,clean_event_replay,102Ah_25degC_1C_cell3,4970,29,73.84782281659575,73.38,ridge_event_replay,5,102Ah_25degC_1C_cell3|4948|2023-03-15T19:41:14|2023-03-15T20:32:44|#|102Ah_25degC_1C_cell3|4949|2023-03-15T22:18:07|2023-03-15T23:09:37|#|102Ah_25degC_1C_cell3|4950|2023-03-16T00:54:58|2023-03-16T01:46:28|#|102Ah_25degC_1C_cell3|4951|2023-03-16T03:31:51|2023-03-16T04:23:21|#|102Ah_25degC_1C_cell3|4952|2023-03-16T06:08:43|2023-03-16T07:00:13,2023-03-16T07:00:13,0.0
M6_event_stress_v1,clean_event_replay,102Ah_25degC_1C_cell3,5099,30,73.24444308734338,70.854,ridge_event_replay,2,102Ah_25degC_1C_cell3|5029|2023-03-25T03:17:35|2023-03-25T04:09:05|#|102Ah_25degC_1C_cell3|5081|2023-03-30T17:49:36|2023-03-30T18:40:36,2023-03-30T18:40:36,0.0
M6_event_stress_v1,bias_+1C,102Ah_25degC_1C_cell3,212,1,98.05822406652776,98.416,ridge_event_replay,5,102Ah_25degC_1C_cell3|207|2021-05-27T04:55:17|2021-05-27T05:57:17|#|102Ah_25degC_1C_cell3|208|2021-05-27T07:58:04|2021-05-27T08:59:34|#|102Ah_25degC_1C_cell3|209|2021-05-27T11:00:21|2021-05-27T12:01:51|#|102Ah_25degC_1C_cell3|210|2021-05-27T14:02:36|2021-05-27T15:04:06|#|102Ah_25degC_1C_cell3|211|2021-05-27T17:04:22|2021-05-27T18:06:22,2021-05-27T18:06:22,1.0
M6_event_stress_v1,bias_+1C,102Ah_25degC_1C_cell3,341,2,97.3211421164086,97.313,ridge_event_replay,5,102Ah_25degC_1C_cell3|336|2021-06-12T11:36:33|2021-06-12T12:38:03|#|102Ah_25degC_1C_cell3|337|2021-06-12T14:37:42|2021-06-12T15:39:12|#|102Ah_25degC_1C_cell3|338|2021-06-12T17:39:19|2021-06-12T18:40:19|#|102Ah_25degC_1C_cell3|339|2021-06-12T20:39:55|2021-06-12T21:41:25|#|102Ah_25degC_1C_cell3|340|2021-06-12T23:41:02|2021-06-13T00:42:32,2021-06-13T00:42:32,1.0
M6_event_stress_v1,bias_+1C,102Ah_25degC_1C_cell3,469,3,96.00488253155154,96.453,ridge_event_replay,5,102Ah_25degC_1C_cell3|464|2021-06-30T17:56:52|2021-06-30T18:57:21|#|102Ah_25degC_1C_cell3|465|2021-06-30T20:56:39|2021-06-30T21:57:39|#|102Ah_25degC_1C_cell3|466|2021-06-30T23:57:25|2021-07-01T00:57:55|#|102Ah_25degC_1C_cell3|467|2021-07-01T02:57:39|2021-07-01T03:58:09|#|102Ah_25degC_1C_cell3|468|2021-07-01T05:57:55|2021-07-01T06:58:25,2021-07-01T06:58:25,1.0
M6_event_stress_v1,bias_+1C,102Ah_25degC_1C_cell3,606,4,95.2789026645734,95.685,ridge_event_replay,5,102Ah_25degC_1C_cell3|601|2021-07-18T13:19:38|2021-07-18T14:19:38|#|102Ah_25degC_1C_cell3|602|2021-07-18T16:19:09|2021-07-18T17:19:09|#|102Ah_25degC_1C_cell3|603|2021-07-18T19:18:09|2021-07-18T20:18:39|#|102Ah_25degC_1C_cell3|604|2021-07-18T22:18:08|2021-07-18T23:18:08|#|102Ah_25degC_1C_cell3|605|2021-07-19T01:17:09|2021-07-19T02:17:39,2021-07-19T02:17:39,1.0
M6_event_stress_v1,bias_+1C,102Ah_25degC_1C_cell3,735,5,95.20300087309134,95.032,ridge_event_replay,5,102Ah_25degC_1C_cell3|730|2021-08-03T14:28:51|2021-08-03T15:28:51|#|102Ah_25degC_1C_cell3|731|2021-08-03T17:27:08|2021-08-03T18:27:38|#|102Ah_25degC_1C_cell3|732|2021-08-03T20:25:52|2021-08-03T21:26:22|#|102Ah_25degC_1C_cell3|733|2021-08-03T23:24:36|2021-08-04T00:25:05|#|102Ah_25degC_1C_cell3|734|2021-08-04T02:23:20|2021-08-04T03:23:50,2021-08-04T03:23:50,1.0
M6_event_stress_v1,bias_+1C,102Ah_25degC_1C_cell3,872,6,94.50167753715317,94.387,ridge_event_replay,5,102Ah_25degC_1C_cell3|867|2021-08-20T13:56:21|2021-08-20T14:55:51|#|102Ah_25degC_1C_cell3|868|2021-08-20T16:53:56|2021-08-20T17:53:56|#|102Ah_25degC_1C_cell3|869|2021-08-20T19:51:58|2021-08-20T20:51:58|#|102Ah_25degC_1C_cell3|870|2021-08-20T22:50:00|2021-08-20T23:50:00|#|102Ah_25degC_1C_cell3|871|2021-08-21T01:48:34|2021-08-21T02:48:04,2021-08-21T02:48:04,1.0
M6_event_stress_v1,bias_+1C,102Ah_25degC_1C_cell3,1001,7,93.72127653215897,93.84,ridge_event_replay,5,102Ah_25degC_1C_cell3|1000|2021-09-06T10:27:51|2021-09-06T11:27:51|#|102Ah_25degC_1C_cell3|1001|2021-09-06T13:25:21|2021-09-06T14:25:21|#|102Ah_25degC_1C_cell3|997|2021-09-05T15:04:58|2021-09-05T16:04:28|#|102Ah_25degC_1C_cell3|998|2021-09-05T18:01:54|2021-09-05T19:01:54|#|102Ah_25degC_1C_cell3|999|2021-09-05T20:59:51|2021-09-05T21:59:21,2021-09-06T14:25:21,1.0
M6_event_stress_v1,bias_+1C,102Ah_25degC_1C_cell3,1627,8,91.82942526115922,91.223,ridge_event_replay,5,102Ah_25degC_1C_cell3|1623|2021-12-03T15:37:45|2021-12-03T16:36:15|#|102Ah_25degC_1C_cell3|1624|2021-12-03T18:32:20|2021-12-03T19:30:50|#|102Ah_25degC_1C_cell3|1625|2021-12-03T21:26:56|2021-12-03T22:25:26|#|102Ah_25degC_1C_cell3|1626|2021-12-04T00:21:30|2021-12-04T01:20:00|#|102Ah_25degC_1C_cell3|1627|2021-12-04T03:16:04|2021-12-04T04:14:34,2021-12-04T04:14:34,1.0
M6_event_stress_v1,bias_+1C,102Ah_25degC_1C_cell3,1756,9,91.26563890971275,90.681,ridge_event_replay,5,102Ah_25degC_1C_cell3|1752|2021-12-19T06:32:57|2021-12-19T07:31:26|#|102Ah_25degC_1C_cell3|1753|2021-12-19T09:27:11|2021-12-19T10:25:41|#|102Ah_25degC_1C_cell3|1754|2021-12-19T12:21:26|2021-12-19T13:19:56|#|102Ah_25degC_1C_cell3|1755|2021-12-19T15:15:42|2021-12-19T16:14:11|#|102Ah_25degC_1C_cell3|1756|2021-12-19T18:09:56|2021-12-19T19:08:26,2021-12-19T19:08:26,1.0
M6_event_stress_v1,bias_+1C,102Ah_25degC_1C_cell3,1885,10,90.72075946673742,90.145,ridge_event_replay,5,102Ah_25degC_1C_cell3|1881|2022-01-03T20:49:32|2022-01-03T21:48:02|#|102Ah_25degC_1C_cell3|1882|2022-01-03T23:43:26|2022-01-04T00:41:56|#|102Ah_25degC_1C_cell3|1883|2022-01-04T02:37:20|2022-01-04T03:35:50|#|102Ah_25degC_1C_cell3|1884|2022-01-04T05:31:16|2022-01-04T06:29:46|#|102Ah_25degC_1C_cell3|1885|2022-01-04T08:25:11|2022-01-04T09:23:41,2022-01-04T09:23:41,1.0
M6_event_stress_v1,bias_+1C,102Ah_25degC_1C_cell3,2495,11,88.92667075599445,88.091,ridge_event_replay,5,102Ah_25degC_1C_cell3|2491|2022-04-01T00:03:53|2022-04-01T01:00:53|#|102Ah_25degC_1C_cell3|2492|2022-04-01T02:55:15|2022-04-01T03:52:15|#|102Ah_25degC_1C_cell3|2493|2022-04-01T05:46:36|2022-04-01T06:43:36|#|102Ah_25degC_1C_cell3|2494|2022-04-01T08:37:57|2022-04-01T09:34:56|#|102Ah_25degC_1C_cell3|2495|2022-04-01T20:03:26|2022-04-01T21:00:56,2022-04-01T21:00:56,1.0
M6_event_stress_v1,bias_+1C,102Ah_25degC_1C_cell3,2632,12,88.33288194239309,87.634,ridge_event_replay,5,102Ah_25degC_1C_cell3|2628|2022-04-17T06:55:12|2022-04-17T07:52:12|#|102Ah_25degC_1C_cell3|2629|2022-04-17T09:46:12|2022-04-17T10:43:12|#|102Ah_25degC_1C_cell3|2630|2022-04-17T12:37:13|2022-04-17T13:34:13|#|102Ah_25degC_1C_cell3|2631|2022-04-17T15:28:13|2022-04-17T16:25:13|#|102Ah_25degC_1C_cell3|2632|2022-04-17T18:19:14|2022-04-17T19:16:14,2022-04-17T19:16:14,1.0
M6_event_stress_v1,bias_+1C,102Ah_25degC_1C_cell3,2767,13,87.90313262453567,87.186,ridge_event_replay,5,102Ah_25degC_1C_cell3|2763|2022-05-09T14:41:33|2022-05-09T15:38:03|#|102Ah_25degC_1C_cell3|2764|2022-05-09T17:31:42|2022-05-09T18:28:11|#|102Ah_25degC_1C_cell3|2765|2022-05-09T20:21:50|2022-05-09T21:18:20|#|102Ah_25degC_1C_cell3|2766|2022-05-09T23:11:58|2022-05-10T00:08:28|#|102Ah_25degC_1C_cell3|2767|2022-05-10T02:02:06|2022-05-10T02:58:36,2022-05-10T02:58:36,1.0
M6_event_stress_v1,bias_+1C,102Ah_25degC_1C_cell3,2899,14,87.45156688027059,86.59,ridge_event_replay,5,102Ah_25degC_1C_cell3|2895|2022-05-25T05:04:19|2022-05-25T06:00:49|#|102Ah_25degC_1C_cell3|2896|2022-05-25T07:54:16|2022-05-25T08:50:46|#|102Ah_25degC_1C_cell3|2897|2022-05-25T10:44:12|2022-05-25T11:40:42|#|102Ah_25degC_1C_cell3|2898|2022-05-25T13:34:11|2022-05-25T14:30:41|#|102Ah_25degC_1C_cell3|2899|2022-05-25T16:24:08|2022-05-25T17:20:38,2022-05-25T17:20:38,1.0
M6_event_stress_v1,bias_+1C,102Ah_25degC_1C_cell3,3031,15,86.8372166878276,86.06,ridge_event_replay,5,102Ah_25degC_1C_cell3|3027|2022-06-14T00:30:08|2022-06-14T01:26:38|#|102Ah_25degC_1C_cell3|3028|2022-06-14T03:19:38|2022-06-14T04:16:08|#|102Ah_25degC_1C_cell3|3029|2022-06-14T06:09:07|2022-06-14T07:05:37|#|102Ah_25degC_1C_cell3|3030|2022-06-14T08:58:36|2022-06-14T09:55:05|#|102Ah_25degC_1C_cell3|3031|2022-06-14T11:48:05|2022-06-14T12:44:35,2022-06-14T12:44:35,1.0
M6_event_stress_v1,bias_+1C,102Ah_25degC_1C_cell3,3160,16,86.1095854029408,85.611,ridge_event_replay,5,102Ah_25degC_1C_cell3|3156|2022-06-29T04:26:55|2022-06-29T05:23:25|#|102Ah_25degC_1C_cell3|3157|2022-06-29T07:16:01|2022-06-29T08:12:30|#|102Ah_25degC_1C_cell3|3158|2022-06-29T10:05:07|2022-06-29T11:01:37|#|102Ah_25degC_1C_cell3|3159|2022-06-29T12:54:13|2022-06-29T13:50:43|#|102Ah_25degC_1C_cell3|3160|2022-06-29T15:43:20|2022-06-29T16:39:50,2022-06-29T16:39:50,1.0
M6_event_stress_v1,bias_+1C,102Ah_25degC_1C_cell3,3313,17,85.93514422997404,85.114,ridge_event_replay,5,102Ah_25degC_1C_cell3|3309|2022-07-17T04:59:47|2022-07-17T05:55:47|#|102Ah_25degC_1C_cell3|3310|2022-07-17T07:48:15|2022-07-17T08:44:14|#|102Ah_25degC_1C_cell3|3311|2022-07-17T10:36:42|2022-07-17T11:32:41|#|102Ah_25degC_1C_cell3|3312|2022-07-17T13:25:09|2022-07-17T14:21:09|#|102Ah_25degC_1C_cell3|3313|2022-07-17T16:13:36|2022-07-17T17:09:36,2022-07-17T17:09:36,1.0
M6_event_stress_v1,bias_+1C,102Ah_25degC_1C_cell3,3445,18,85.22605564380623,84.615,ridge_event_replay,5,102Ah_25degC_1C_cell3|3441|2022-08-01T15:11:25|2022-08-01T16:07:25|#|102Ah_25degC_1C_cell3|3442|2022-08-01T17:59:26|2022-08-01T18:55:25|#|102Ah_25degC_1C_cell3|3443|2022-08-01T20:47:25|2022-08-01T21:43:25|#|102Ah_25degC_1C_cell3|3444|2022-08-01T23:35:24|2022-08-02T00:31:24|#|102Ah_25degC_1C_cell3|3445|2022-08-02T02:23:21|2022-08-02T03:19:21,2022-08-02T03:19:21,1.0
M6_event_stress_v1,bias_+1C,102Ah_25degC_1C_cell3,3586,19,84.40842836125287,84.043,ridge_event_replay,5,102Ah_25degC_1C_cell3|3582|2022-08-20T12:42:18|2022-08-20T13:38:18|#|102Ah_25degC_1C_cell3|3583|2022-08-20T15:29:48|2022-08-20T16:25:48|#|102Ah_25degC_1C_cell3|3584|2022-08-20T18:17:20|2022-08-20T19:13:20|#|102Ah_25degC_1C_cell3|3585|2022-08-20T21:04:56|2022-08-20T22:00:56|#|102Ah_25degC_1C_cell3|3586|2022-08-20T23:52:32|2022-08-21T00:48:31,2022-08-21T00:48:31,1.0
M6_event_stress_v1,bias_+1C,102Ah_25degC_1C_cell3,3717,20,84.16298077525423,83.473,ridge_event_replay,5,102Ah_25degC_1C_cell3|3713|2022-09-04T17:40:26|2022-09-04T18:35:56|#|102Ah_25degC_1C_cell3|3714|2022-09-04T20:27:14|2022-09-04T21:22:43|#|102Ah_25degC_1C_cell3|3715|2022-09-04T23:14:01|2022-09-05T00:09:30|#|102Ah_25degC_1C_cell3|3716|2022-09-05T02:00:50|2022-09-05T02:56:20|#|102Ah_25degC_1C_cell3|3717|2022-09-05T04:47:41|2022-09-05T05:43:11,2022-09-05T05:43:11,1.0
M6_event_stress_v1,bias_+1C,102Ah_25degC_1C_cell3,3852,21,83.49686315795452,82.835,ridge_event_replay,5,102Ah_25degC_1C_cell3|3848|2022-09-20T08:07:12|2022-09-20T09:02:12|#|102Ah_25degC_1C_cell3|3849|2022-09-20T10:53:19|2022-09-20T11:48:19|#|102Ah_25degC_1C_cell3|3850|2022-09-20T13:39:28|2022-09-20T14:34:28|#|102Ah_25degC_1C_cell3|3851|2022-09-20T16:25:36|2022-09-20T17:20:36|#|102Ah_25degC_1C_cell3|3852|2022-09-20T19:11:44|2022-09-20T20:06:44,2022-09-20T20:06:44,1.0
M6_event_stress_v1,bias_+1C,102Ah_25degC_1C_cell3,3987,22,82.11149081769183,81.961,ridge_event_replay,5,102Ah_25degC_1C_cell3|3983|2022-10-14T23:46:58|2022-10-15T00:41:57|#|102Ah_25degC_1C_cell3|3984|2022-10-15T02:32:16|2022-10-15T03:27:16|#|102Ah_25degC_1C_cell3|3985|2022-10-15T05:17:34|2022-10-15T06:12:34|#|102Ah_25degC_1C_cell3|3986|2022-10-15T08:02:52|2022-10-15T08:57:52|#|102Ah_25degC_1C_cell3|3987|2022-10-15T10:48:09|2022-10-15T11:43:09,2022-10-15T11:43:09,1.0
M6_event_stress_v1,bias_+1C,102Ah_25degC_1C_cell3,4122,23,81.34124800841005,81.241,ridge_event_replay,5,102Ah_25degC_1C_cell3|4118|2022-10-30T19:49:01|2022-10-30T20:43:31|#|102Ah_25degC_1C_cell3|4119|2022-10-30T22:33:41|2022-10-30T23:28:11|#|102Ah_25degC_1C_cell3|4120|2022-10-31T01:18:19|2022-10-31T02:12:49|#|102Ah_25degC_1C_cell3|4121|2022-10-31T04:02:58|2022-10-31T04:57:28|#|102Ah_25degC_1C_cell3|4122|2022-10-31T06:47:38|2022-10-31T07:42:08,2022-10-31T07:42:08,1.0
M6_event_stress_v1,bias_+1C,102Ah_25degC_1C_cell3,4257,24,80.4860107443055,80.472,ridge_event_replay,5,102Ah_25degC_1C_cell3|4253|2022-11-15T05:33:36|2022-11-15T06:28:06|#|102Ah_25degC_1C_cell3|4254|2022-11-15T08:17:33|2022-11-15T09:12:04|#|102Ah_25degC_1C_cell3|4255|2022-11-15T11:01:30|2022-11-15T11:56:00|#|102Ah_25degC_1C_cell3|4256|2022-11-15T13:45:25|2022-11-15T14:39:55|#|102Ah_25degC_1C_cell3|4257|2022-11-15T16:29:19|2022-11-15T17:23:48,2022-11-15T17:23:48,1.0
M6_event_stress_v1,bias_+1C,102Ah_25degC_1C_cell3,4389,25,79.7439908962281,79.606,ridge_event_replay,5,102Ah_25degC_1C_cell3|4385|2022-11-30T05:06:29|2022-11-30T06:00:29|#|102Ah_25degC_1C_cell3|4386|2022-11-30T07:49:28|2022-11-30T08:43:28|#|102Ah_25degC_1C_cell3|4387|2022-11-30T10:32:27|2022-11-30T11:26:27|#|102Ah_25degC_1C_cell3|4388|2022-11-30T13:15:25|2022-11-30T14:09:25|#|102Ah_25degC_1C_cell3|4389|2022-11-30T15:58:23|2022-11-30T16:52:23,2022-11-30T16:52:23,1.0
M6_event_stress_v1,bias_+1C,102Ah_25degC_1C_cell3,4518,26,78.81729639485442,78.648,ridge_event_replay,5,102Ah_25degC_1C_cell3|4514|2022-12-14T18:29:39|2022-12-14T19:23:09|#|102Ah_25degC_1C_cell3|4515|2022-12-14T21:11:41|2022-12-14T22:05:11|#|102Ah_25degC_1C_cell3|4516|2022-12-14T23:53:43|2022-12-15T00:47:12|#|102Ah_25degC_1C_cell3|4517|2022-12-15T02:35:44|2022-12-15T03:29:14|#|102Ah_25degC_1C_cell3|4518|2022-12-15T05:17:45|2022-12-15T06:11:15,2022-12-15T06:11:15,1.0
M6_event_stress_v1,bias_+1C,102Ah_25degC_1C_cell3,4650,27,77.21914190782621,77.549,ridge_event_replay,5,102Ah_25degC_1C_cell3|4646|2022-12-30T04:37:41|2022-12-30T05:31:11|#|102Ah_25degC_1C_cell3|4647|2022-12-30T07:18:47|2022-12-30T08:12:17|#|102Ah_25degC_1C_cell3|4648|2022-12-30T09:59:51|2022-12-30T10:53:21|#|102Ah_25degC_1C_cell3|4649|2022-12-30T12:40:55|2022-12-30T13:34:25|#|102Ah_25degC_1C_cell3|4650|2022-12-30T15:21:59|2022-12-30T16:15:29,2022-12-30T16:15:29,1.0
M6_event_stress_v1,bias_+1C,102Ah_25degC_1C_cell3,4792,28,76.0090876102615,76.204,ridge_event_replay,5,102Ah_25degC_1C_cell3|4788|2023-01-15T00:29:19|2023-01-15T01:22:19|#|102Ah_25degC_1C_cell3|4789|2023-01-15T03:09:10|2023-01-15T04:02:10|#|102Ah_25degC_1C_cell3|4790|2023-01-15T05:49:02|2023-01-15T06:42:02|#|102Ah_25degC_1C_cell3|4791|2023-01-15T08:28:54|2023-01-15T09:21:53|#|102Ah_25degC_1C_cell3|4792|2023-01-15T11:08:46|2023-01-15T12:01:45,2023-01-15T12:01:45,1.0
M6_event_stress_v1,bias_+1C,102Ah_25degC_1C_cell3,4970,29,73.76105408809092,73.38,ridge_event_replay,5,102Ah_25degC_1C_cell3|4948|2023-03-15T19:41:14|2023-03-15T20:32:44|#|102Ah_25degC_1C_cell3|4949|2023-03-15T22:18:07|2023-03-15T23:09:37|#|102Ah_25degC_1C_cell3|4950|2023-03-16T00:54:58|2023-03-16T01:46:28|#|102Ah_25degC_1C_cell3|4951|2023-03-16T03:31:51|2023-03-16T04:23:21|#|102Ah_25degC_1C_cell3|4952|2023-03-16T06:08:43|2023-03-16T07:00:13,2023-03-16T07:00:13,1.0
M6_event_stress_v1,bias_+1C,102Ah_25degC_1C_cell3,5099,30,73.15767435883853,70.854,ridge_event_replay,2,102Ah_25degC_1C_cell3|5029|2023-03-25T03:17:35|2023-03-25T04:09:05|#|102Ah_25degC_1C_cell3|5081|2023-03-30T17:49:36|2023-03-30T18:40:36,2023-03-30T18:40:36,1.0
M6_event_stress_v1,bias_-1C,102Ah_25degC_1C_cell3,212,1,98.23176152353743,98.416,ridge_event_replay,5,102Ah_25degC_1C_cell3|207|2021-05-27T04:55:17|2021-05-27T05:57:17|#|102Ah_25degC_1C_cell3|208|2021-05-27T07:58:04|2021-05-27T08:59:34|#|102Ah_25degC_1C_cell3|209|2021-05-27T11:00:21|2021-05-27T12:01:51|#|102Ah_25degC_1C_cell3|210|2021-05-27T14:02:36|2021-05-27T15:04:06|#|102Ah_25degC_1C_cell3|211|2021-05-27T17:04:22|2021-05-27T18:06:22,2021-05-27T18:06:22,-1.0
M6_event_stress_v1,bias_-1C,102Ah_25degC_1C_cell3,341,2,97.49467957341828,97.313,ridge_event_replay,5,102Ah_25degC_1C_cell3|336|2021-06-12T11:36:33|2021-06-12T12:38:03|#|102Ah_25degC_1C_cell3|337|2021-06-12T14:37:42|2021-06-12T15:39:12|#|102Ah_25degC_1C_cell3|338|2021-06-12T17:39:19|2021-06-12T18:40:19|#|102Ah_25degC_1C_cell3|339|2021-06-12T20:39:55|2021-06-12T21:41:25|#|102Ah_25degC_1C_cell3|340|2021-06-12T23:41:02|2021-06-13T00:42:32,2021-06-13T00:42:32,-1.0
M6_event_stress_v1,bias_-1C,102Ah_25degC_1C_cell3,469,3,96.17841998856122,96.453,ridge_event_replay,5,102Ah_25degC_1C_cell3|464|2021-06-30T17:56:52|2021-06-30T18:57:21|#|102Ah_25degC_1C_cell3|465|2021-06-30T20:56:39|2021-06-30T21:57:39|#|102Ah_25degC_1C_cell3|466|2021-06-30T23:57:25|2021-07-01T00:57:55|#|102Ah_25degC_1C_cell3|467|2021-07-01T02:57:39|2021-07-01T03:58:09|#|102Ah_25degC_1C_cell3|468|2021-07-01T05:57:55|2021-07-01T06:58:25,2021-07-01T06:58:25,-1.0
M6_event_stress_v1,bias_-1C,102Ah_25degC_1C_cell3,606,4,95.45244012158308,95.685,ridge_event_replay,5,102Ah_25degC_1C_cell3|601|2021-07-18T13:19:38|2021-07-18T14:19:38|#|102Ah_25degC_1C_cell3|602|2021-07-18T16:19:09|2021-07-18T17:19:09|#|102Ah_25degC_1C_cell3|603|2021-07-18T19:18:09|2021-07-18T20:18:39|#|102Ah_25degC_1C_cell3|604|2021-07-18T22:18:08|2021-07-18T23:18:08|#|102Ah_25degC_1C_cell3|605|2021-07-19T01:17:09|2021-07-19T02:17:39,2021-07-19T02:17:39,-1.0
M6_event_stress_v1,bias_-1C,102Ah_25degC_1C_cell3,735,5,95.37653833010101,95.032,ridge_event_replay,5,102Ah_25degC_1C_cell3|730|2021-08-03T14:28:51|2021-08-03T15:28:51|#|102Ah_25degC_1C_cell3|731|2021-08-03T17:27:08|2021-08-03T18:27:38|#|102Ah_25degC_1C_cell3|732|2021-08-03T20:25:52|2021-08-03T21:26:22|#|102Ah_25degC_1C_cell3|733|2021-08-03T23:24:36|2021-08-04T00:25:05|#|102Ah_25degC_1C_cell3|734|2021-08-04T02:23:20|2021-08-04T03:23:50,2021-08-04T03:23:50,-1.0
M6_event_stress_v1,bias_-1C,102Ah_25degC_1C_cell3,872,6,94.67521499416284,94.387,ridge_event_replay,5,102Ah_25degC_1C_cell3|867|2021-08-20T13:56:21|2021-08-20T14:55:51|#|102Ah_25degC_1C_cell3|868|2021-08-20T16:53:56|2021-08-20T17:53:56|#|102Ah_25degC_1C_cell3|869|2021-08-20T19:51:58|2021-08-20T20:51:58|#|102Ah_25degC_1C_cell3|870|2021-08-20T22:50:00|2021-08-20T23:50:00|#|102Ah_25degC_1C_cell3|871|2021-08-21T01:48:34|2021-08-21T02:48:04,2021-08-21T02:48:04,-1.0
M6_event_stress_v1,bias_-1C,102Ah_25degC_1C_cell3,1001,7,93.89481398916865,93.84,ridge_event_replay,5,102Ah_25degC_1C_cell3|1000|2021-09-06T10:27:51|2021-09-06T11:27:51|#|102Ah_25degC_1C_cell3|1001|2021-09-06T13:25:21|2021-09-06T14:25:21|#|102Ah_25degC_1C_cell3|997|2021-09-05T15:04:58|2021-09-05T16:04:28|#|102Ah_25degC_1C_cell3|998|2021-09-05T18:01:54|2021-09-05T19:01:54|#|102Ah_25degC_1C_cell3|999|2021-09-05T20:59:51|2021-09-05T21:59:21,2021-09-06T14:25:21,-1.0
M6_event_stress_v1,bias_-1C,102Ah_25degC_1C_cell3,1627,8,92.0029627181689,91.223,ridge_event_replay,5,102Ah_25degC_1C_cell3|1623|2021-12-03T15:37:45|2021-12-03T16:36:15|#|102Ah_25degC_1C_cell3|1624|2021-12-03T18:32:20|2021-12-03T19:30:50|#|102Ah_25degC_1C_cell3|1625|2021-12-03T21:26:56|2021-12-03T22:25:26|#|102Ah_25degC_1C_cell3|1626|2021-12-04T00:21:30|2021-12-04T01:20:00|#|102Ah_25degC_1C_cell3|1627|2021-12-04T03:16:04|2021-12-04T04:14:34,2021-12-04T04:14:34,-1.0
M6_event_stress_v1,bias_-1C,102Ah_25degC_1C_cell3,1756,9,91.43917636672242,90.681,ridge_event_replay,5,102Ah_25degC_1C_cell3|1752|2021-12-19T06:32:57|2021-12-19T07:31:26|#|102Ah_25degC_1C_cell3|1753|2021-12-19T09:27:11|2021-12-19T10:25:41|#|102Ah_25degC_1C_cell3|1754|2021-12-19T12:21:26|2021-12-19T13:19:56|#|102Ah_25degC_1C_cell3|1755|2021-12-19T15:15:42|2021-12-19T16:14:11|#|102Ah_25degC_1C_cell3|1756|2021-12-19T18:09:56|2021-12-19T19:08:26,2021-12-19T19:08:26,-1.0
M6_event_stress_v1,bias_-1C,102Ah_25degC_1C_cell3,1885,10,90.8942969237471,90.145,ridge_event_replay,5,102Ah_25degC_1C_cell3|1881|2022-01-03T20:49:32|2022-01-03T21:48:02|#|102Ah_25degC_1C_cell3|1882|2022-01-03T23:43:26|2022-01-04T00:41:56|#|102Ah_25degC_1C_cell3|1883|2022-01-04T02:37:20|2022-01-04T03:35:50|#|102Ah_25degC_1C_cell3|1884|2022-01-04T05:31:16|2022-01-04T06:29:46|#|102Ah_25degC_1C_cell3|1885|2022-01-04T08:25:11|2022-01-04T09:23:41,2022-01-04T09:23:41,-1.0
M6_event_stress_v1,bias_-1C,102Ah_25degC_1C_cell3,2495,11,89.10020821300414,88.091,ridge_event_replay,5,102Ah_25degC_1C_cell3|2491|2022-04-01T00:03:53|2022-04-01T01:00:53|#|102Ah_25degC_1C_cell3|2492|2022-04-01T02:55:15|2022-04-01T03:52:15|#|102Ah_25degC_1C_cell3|2493|2022-04-01T05:46:36|2022-04-01T06:43:36|#|102Ah_25degC_1C_cell3|2494|2022-04-01T08:37:57|2022-04-01T09:34:56|#|102Ah_25degC_1C_cell3|2495|2022-04-01T20:03:26|2022-04-01T21:00:56,2022-04-01T21:00:56,-1.0
M6_event_stress_v1,bias_-1C,102Ah_25degC_1C_cell3,2632,12,88.50641939940277,87.634,ridge_event_replay,5,102Ah_25degC_1C_cell3|2628|2022-04-17T06:55:12|2022-04-17T07:52:12|#|102Ah_25degC_1C_cell3|2629|2022-04-17T09:46:12|2022-04-17T10:43:12|#|102Ah_25degC_1C_cell3|2630|2022-04-17T12:37:13|2022-04-17T13:34:13|#|102Ah_25degC_1C_cell3|2631|2022-04-17T15:28:13|2022-04-17T16:25:13|#|102Ah_25degC_1C_cell3|2632|2022-04-17T18:19:14|2022-04-17T19:16:14,2022-04-17T19:16:14,-1.0
M6_event_stress_v1,bias_-1C,102Ah_25degC_1C_cell3,2767,13,88.07667008154536,87.186,ridge_event_replay,5,102Ah_25degC_1C_cell3|2763|2022-05-09T14:41:33|2022-05-09T15:38:03|#|102Ah_25degC_1C_cell3|2764|2022-05-09T17:31:42|2022-05-09T18:28:11|#|102Ah_25degC_1C_cell3|2765|2022-05-09T20:21:50|2022-05-09T21:18:20|#|102Ah_25degC_1C_cell3|2766|2022-05-09T23:11:58|2022-05-10T00:08:28|#|102Ah_25degC_1C_cell3|2767|2022-05-10T02:02:06|2022-05-10T02:58:36,2022-05-10T02:58:36,-1.0
M6_event_stress_v1,bias_-1C,102Ah_25degC_1C_cell3,2899,14,87.62510433728028,86.59,ridge_event_replay,5,102Ah_25degC_1C_cell3|2895|2022-05-25T05:04:19|2022-05-25T06:00:49|#|102Ah_25degC_1C_cell3|2896|2022-05-25T07:54:16|2022-05-25T08:50:46|#|102Ah_25degC_1C_cell3|2897|2022-05-25T10:44:12|2022-05-25T11:40:42|#|102Ah_25degC_1C_cell3|2898|2022-05-25T13:34:11|2022-05-25T14:30:41|#|102Ah_25degC_1C_cell3|2899|2022-05-25T16:24:08|2022-05-25T17:20:38,2022-05-25T17:20:38,-1.0
M6_event_stress_v1,bias_-1C,102Ah_25degC_1C_cell3,3031,15,87.01075414483729,86.06,ridge_event_replay,5,102Ah_25degC_1C_cell3|3027|2022-06-14T00:30:08|2022-06-14T01:26:38|#|102Ah_25degC_1C_cell3|3028|2022-06-14T03:19:38|2022-06-14T04:16:08|#|102Ah_25degC_1C_cell3|3029|2022-06-14T06:09:07|2022-06-14T07:05:37|#|102Ah_25degC_1C_cell3|3030|2022-06-14T08:58:36|2022-06-14T09:55:05|#|102Ah_25degC_1C_cell3|3031|2022-06-14T11:48:05|2022-06-14T12:44:35,2022-06-14T12:44:35,-1.0
M6_event_stress_v1,bias_-1C,102Ah_25degC_1C_cell3,3160,16,86.28312285995048,85.611,ridge_event_replay,5,102Ah_25degC_1C_cell3|3156|2022-06-29T04:26:55|2022-06-29T05:23:25|#|102Ah_25degC_1C_cell3|3157|2022-06-29T07:16:01|2022-06-29T08:12:30|#|102Ah_25degC_1C_cell3|3158|2022-06-29T10:05:07|2022-06-29T11:01:37|#|102Ah_25degC_1C_cell3|3159|2022-06-29T12:54:13|2022-06-29T13:50:43|#|102Ah_25degC_1C_cell3|3160|2022-06-29T15:43:20|2022-06-29T16:39:50,2022-06-29T16:39:50,-1.0
M6_event_stress_v1,bias_-1C,102Ah_25degC_1C_cell3,3313,17,86.10868168698372,85.114,ridge_event_replay,5,102Ah_25degC_1C_cell3|3309|2022-07-17T04:59:47|2022-07-17T05:55:47|#|102Ah_25degC_1C_cell3|3310|2022-07-17T07:48:15|2022-07-17T08:44:14|#|102Ah_25degC_1C_cell3|3311|2022-07-17T10:36:42|2022-07-17T11:32:41|#|102Ah_25degC_1C_cell3|3312|2022-07-17T13:25:09|2022-07-17T14:21:09|#|102Ah_25degC_1C_cell3|3313|2022-07-17T16:13:36|2022-07-17T17:09:36,2022-07-17T17:09:36,-1.0
M6_event_stress_v1,bias_-1C,102Ah_25degC_1C_cell3,3445,18,85.39959310081592,84.615,ridge_event_replay,5,102Ah_25degC_1C_cell3|3441|2022-08-01T15:11:25|2022-08-01T16:07:25|#|102Ah_25degC_1C_cell3|3442|2022-08-01T17:59:26|2022-08-01T18:55:25|#|102Ah_25degC_1C_cell3|3443|2022-08-01T20:47:25|2022-08-01T21:43:25|#|102Ah_25degC_1C_cell3|3444|2022-08-01T23:35:24|2022-08-02T00:31:24|#|102Ah_25degC_1C_cell3|3445|2022-08-02T02:23:21|2022-08-02T03:19:21,2022-08-02T03:19:21,-1.0
M6_event_stress_v1,bias_-1C,102Ah_25degC_1C_cell3,3586,19,84.58196581826256,84.043,ridge_event_replay,5,102Ah_25degC_1C_cell3|3582|2022-08-20T12:42:18|2022-08-20T13:38:18|#|102Ah_25degC_1C_cell3|3583|2022-08-20T15:29:48|2022-08-20T16:25:48|#|102Ah_25degC_1C_cell3|3584|2022-08-20T18:17:20|2022-08-20T19:13:20|#|102Ah_25degC_1C_cell3|3585|2022-08-20T21:04:56|2022-08-20T22:00:56|#|102Ah_25degC_1C_cell3|3586|2022-08-20T23:52:32|2022-08-21T00:48:31,2022-08-21T00:48:31,-1.0
M6_event_stress_v1,bias_-1C,102Ah_25degC_1C_cell3,3717,20,84.33651823226391,83.473,ridge_event_replay,5,102Ah_25degC_1C_cell3|3713|2022-09-04T17:40:26|2022-09-04T18:35:56|#|102Ah_25degC_1C_cell3|3714|2022-09-04T20:27:14|2022-09-04T21:22:43|#|102Ah_25degC_1C_cell3|3715|2022-09-04T23:14:01|2022-09-05T00:09:30|#|102Ah_25degC_1C_cell3|3716|2022-09-05T02:00:50|2022-09-05T02:56:20|#|102Ah_25degC_1C_cell3|3717|2022-09-05T04:47:41|2022-09-05T05:43:11,2022-09-05T05:43:11,-1.0
M6_event_stress_v1,bias_-1C,102Ah_25degC_1C_cell3,3852,21,83.6704006149642,82.835,ridge_event_replay,5,102Ah_25degC_1C_cell3|3848|2022-09-20T08:07:12|2022-09-20T09:02:12|#|102Ah_25degC_1C_cell3|3849|2022-09-20T10:53:19|2022-09-20T11:48:19|#|102Ah_25degC_1C_cell3|3850|2022-09-20T13:39:28|2022-09-20T14:34:28|#|102Ah_25degC_1C_cell3|3851|2022-09-20T16:25:36|2022-09-20T17:20:36|#|102Ah_25degC_1C_cell3|3852|2022-09-20T19:11:44|2022-09-20T20:06:44,2022-09-20T20:06:44,-1.0
M6_event_stress_v1,bias_-1C,102Ah_25degC_1C_cell3,3987,22,82.2850282747015,81.961,ridge_event_replay,5,102Ah_25degC_1C_cell3|3983|2022-10-14T23:46:58|2022-10-15T00:41:57|#|102Ah_25degC_1C_cell3|3984|2022-10-15T02:32:16|2022-10-15T03:27:16|#|102Ah_25degC_1C_cell3|3985|2022-10-15T05:17:34|2022-10-15T06:12:34|#|102Ah_25degC_1C_cell3|3986|2022-10-15T08:02:52|2022-10-15T08:57:52|#|102Ah_25degC_1C_cell3|3987|2022-10-15T10:48:09|2022-10-15T11:43:09,2022-10-15T11:43:09,-1.0
M6_event_stress_v1,bias_-1C,102Ah_25degC_1C_cell3,4122,23,81.51478546541972,81.241,ridge_event_replay,5,102Ah_25degC_1C_cell3|4118|2022-10-30T19:49:01|2022-10-30T20:43:31|#|102Ah_25degC_1C_cell3|4119|2022-10-30T22:33:41|2022-10-30T23:28:11|#|102Ah_25degC_1C_cell3|4120|2022-10-31T01:18:19|2022-10-31T02:12:49|#|102Ah_25degC_1C_cell3|4121|2022-10-31T04:02:58|2022-10-31T04:57:28|#|102Ah_25degC_1C_cell3|4122|2022-10-31T06:47:38|2022-10-31T07:42:08,2022-10-31T07:42:08,-1.0
M6_event_stress_v1,bias_-1C,102Ah_25degC_1C_cell3,4257,24,80.65954820131519,80.472,ridge_event_replay,5,102Ah_25degC_1C_cell3|4253|2022-11-15T05:33:36|2022-11-15T06:28:06|#|102Ah_25degC_1C_cell3|4254|2022-11-15T08:17:33|2022-11-15T09:12:04|#|102Ah_25degC_1C_cell3|4255|2022-11-15T11:01:30|2022-11-15T11:56:00|#|102Ah_25degC_1C_cell3|4256|2022-11-15T13:45:25|2022-11-15T14:39:55|#|102Ah_25degC_1C_cell3|4257|2022-11-15T16:29:19|2022-11-15T17:23:48,2022-11-15T17:23:48,-1.0
M6_event_stress_v1,bias_-1C,102Ah_25degC_1C_cell3,4389,25,79.91752835323778,79.606,ridge_event_replay,5,102Ah_25degC_1C_cell3|4385|2022-11-30T05:06:29|2022-11-30T06:00:29|#|102Ah_25degC_1C_cell3|4386|2022-11-30T07:49:28|2022-11-30T08:43:28|#|102Ah_25degC_1C_cell3|4387|2022-11-30T10:32:27|2022-11-30T11:26:27|#|102Ah_25degC_1C_cell3|4388|2022-11-30T13:15:25|2022-11-30T14:09:25|#|102Ah_25degC_1C_cell3|4389|2022-11-30T15:58:23|2022-11-30T16:52:23,2022-11-30T16:52:23,-1.0
M6_event_stress_v1,bias_-1C,102Ah_25degC_1C_cell3,4518,26,78.9908338518641,78.648,ridge_event_replay,5,102Ah_25degC_1C_cell3|4514|2022-12-14T18:29:39|2022-12-14T19:23:09|#|102Ah_25degC_1C_cell3|4515|2022-12-14T21:11:41|2022-12-14T22:05:11|#|102Ah_25degC_1C_cell3|4516|2022-12-14T23:53:43|2022-12-15T00:47:12|#|102Ah_25degC_1C_cell3|4517|2022-12-15T02:35:44|2022-12-15T03:29:14|#|102Ah_25degC_1C_cell3|4518|2022-12-15T05:17:45|2022-12-15T06:11:15,2022-12-15T06:11:15,-1.0
M6_event_stress_v1,bias_-1C,102Ah_25degC_1C_cell3,4650,27,77.3926793648359,77.549,ridge_event_replay,5,102Ah_25degC_1C_cell3|4646|2022-12-30T04:37:41|2022-12-30T05:31:11|#|102Ah_25degC_1C_cell3|4647|2022-12-30T07:18:47|2022-12-30T08:12:17|#|102Ah_25degC_1C_cell3|4648|2022-12-30T09:59:51|2022-12-30T10:53:21|#|102Ah_25degC_1C_cell3|4649|2022-12-30T12:40:55|2022-12-30T13:34:25|#|102Ah_25degC_1C_cell3|4650|2022-12-30T15:21:59|2022-12-30T16:15:29,2022-12-30T16:15:29,-1.0
M6_event_stress_v1,bias_-1C,102Ah_25degC_1C_cell3,4792,28,76.18262506727119,76.204,ridge_event_replay,5,102Ah_25degC_1C_cell3|4788|2023-01-15T00:29:19|2023-01-15T01:22:19|#|102Ah_25degC_1C_cell3|4789|2023-01-15T03:09:10|2023-01-15T04:02:10|#|102Ah_25degC_1C_cell3|4790|2023-01-15T05:49:02|2023-01-15T06:42:02|#|102Ah_25degC_1C_cell3|4791|2023-01-15T08:28:54|2023-01-15T09:21:53|#|102Ah_25degC_1C_cell3|4792|2023-01-15T11:08:46|2023-01-15T12:01:45,2023-01-15T12:01:45,-1.0
M6_event_stress_v1,bias_-1C,102Ah_25degC_1C_cell3,4970,29,73.9345915451006,73.38,ridge_event_replay,5,102Ah_25degC_1C_cell3|4948|2023-03-15T19:41:14|2023-03-15T20:32:44|#|102Ah_25degC_1C_cell3|4949|2023-03-15T22:18:07|2023-03-15T23:09:37|#|102Ah_25degC_1C_cell3|4950|2023-03-16T00:54:58|2023-03-16T01:46:28|#|102Ah_25degC_1C_cell3|4951|2023-03-16T03:31:51|2023-03-16T04:23:21|#|102Ah_25degC_1C_cell3|4952|2023-03-16T06:08:43|2023-03-16T07:00:13,2023-03-16T07:00:13,-1.0
M6_event_stress_v1,bias_-1C,102Ah_25degC_1C_cell3,5099,30,73.33121181584822,70.854,ridge_event_replay,2,102Ah_25degC_1C_cell3|5029|2023-03-25T03:17:35|2023-03-25T04:09:05|#|102Ah_25degC_1C_cell3|5081|2023-03-30T17:49:36|2023-03-30T18:40:36,2023-03-30T18:40:36,-1.0
M6_event_stress_v1,drift_+3C,102Ah_25degC_1C_cell3,212,1,98.14094455871832,98.416,ridge_event_replay,5,102Ah_25degC_1C_cell3|207|2021-05-27T04:55:17|2021-05-27T05:57:17|#|102Ah_25degC_1C_cell3|208|2021-05-27T07:58:04|2021-05-27T08:59:34|#|102Ah_25degC_1C_cell3|209|2021-05-27T11:00:21|2021-05-27T12:01:51|#|102Ah_25degC_1C_cell3|210|2021-05-27T14:02:36|2021-05-27T15:04:06|#|102Ah_25degC_1C_cell3|211|2021-05-27T17:04:22|2021-05-27T18:06:22,2021-05-27T18:06:22,0.0
M6_event_stress_v1,drift_+3C,102Ah_25degC_1C_cell3,341,2,97.40219230904917,97.313,ridge_event_replay,5,102Ah_25degC_1C_cell3|336|2021-06-12T11:36:33|2021-06-12T12:38:03|#|102Ah_25degC_1C_cell3|337|2021-06-12T14:37:42|2021-06-12T15:39:12|#|102Ah_25degC_1C_cell3|338|2021-06-12T17:39:19|2021-06-12T18:40:19|#|102Ah_25degC_1C_cell3|339|2021-06-12T20:39:55|2021-06-12T21:41:25|#|102Ah_25degC_1C_cell3|340|2021-06-12T23:41:02|2021-06-13T00:42:32,2021-06-13T00:42:32,0.0
M6_event_stress_v1,drift_+3C,102Ah_25degC_1C_cell3,469,3,96.0853471049791,96.453,ridge_event_replay,5,102Ah_25degC_1C_cell3|464|2021-06-30T17:56:52|2021-06-30T18:57:21|#|102Ah_25degC_1C_cell3|465|2021-06-30T20:56:39|2021-06-30T21:57:39|#|102Ah_25degC_1C_cell3|466|2021-06-30T23:57:25|2021-07-01T00:57:55|#|102Ah_25degC_1C_cell3|467|2021-07-01T02:57:39|2021-07-01T03:58:09|#|102Ah_25degC_1C_cell3|468|2021-07-01T05:57:55|2021-07-01T06:58:25,2021-07-01T06:58:25,0.0
M6_event_stress_v1,drift_+3C,102Ah_25degC_1C_cell3,606,4,95.3594247885757,95.685,ridge_event_replay,5,102Ah_25degC_1C_cell3|601|2021-07-18T13:19:38|2021-07-18T14:19:38|#|102Ah_25degC_1C_cell3|602|2021-07-18T16:19:09|2021-07-18T17:19:09|#|102Ah_25degC_1C_cell3|603|2021-07-18T19:18:09|2021-07-18T20:18:39|#|102Ah_25degC_1C_cell3|604|2021-07-18T22:18:08|2021-07-18T23:18:08|#|102Ah_25degC_1C_cell3|605|2021-07-19T01:17:09|2021-07-19T02:17:39,2021-07-19T02:17:39,0.0
M6_event_stress_v1,drift_+3C,102Ah_25degC_1C_cell3,735,5,95.28298463763502,95.032,ridge_event_replay,5,102Ah_25degC_1C_cell3|730|2021-08-03T14:28:51|2021-08-03T15:28:51|#|102Ah_25degC_1C_cell3|731|2021-08-03T17:27:08|2021-08-03T18:27:38|#|102Ah_25degC_1C_cell3|732|2021-08-03T20:25:52|2021-08-03T21:26:22|#|102Ah_25degC_1C_cell3|733|2021-08-03T23:24:36|2021-08-04T00:25:05|#|102Ah_25degC_1C_cell3|734|2021-08-04T02:23:20|2021-08-04T03:23:50,2021-08-04T03:23:50,0.0
M6_event_stress_v1,drift_+3C,102Ah_25degC_1C_cell3,872,6,94.5824450767092,94.387,ridge_event_replay,5,102Ah_25degC_1C_cell3|867|2021-08-20T13:56:21|2021-08-20T14:55:51|#|102Ah_25degC_1C_cell3|868|2021-08-20T16:53:56|2021-08-20T17:53:56|#|102Ah_25degC_1C_cell3|869|2021-08-20T19:51:58|2021-08-20T20:51:58|#|102Ah_25degC_1C_cell3|870|2021-08-20T22:50:00|2021-08-20T23:50:00|#|102Ah_25degC_1C_cell3|871|2021-08-21T01:48:34|2021-08-21T02:48:04,2021-08-21T02:48:04,0.0
M6_event_stress_v1,drift_+3C,102Ah_25degC_1C_cell3,1001,7,93.8034903037517,93.84,ridge_event_replay,5,102Ah_25degC_1C_cell3|1000|2021-09-06T10:27:51|2021-09-06T11:27:51|#|102Ah_25degC_1C_cell3|1001|2021-09-06T13:25:21|2021-09-06T14:25:21|#|102Ah_25degC_1C_cell3|997|2021-09-05T15:04:58|2021-09-05T16:04:28|#|102Ah_25degC_1C_cell3|998|2021-09-05T18:01:54|2021-09-05T19:01:54|#|102Ah_25degC_1C_cell3|999|2021-09-05T20:59:51|2021-09-05T21:59:21,2021-09-06T14:25:21,0.0
M6_event_stress_v1,drift_+3C,102Ah_25degC_1C_cell3,1627,8,91.91915356792124,91.223,ridge_event_replay,5,102Ah_25degC_1C_cell3|1623|2021-12-03T15:37:45|2021-12-03T16:36:15|#|102Ah_25degC_1C_cell3|1624|2021-12-03T18:32:20|2021-12-03T19:30:50|#|102Ah_25degC_1C_cell3|1625|2021-12-03T21:26:56|2021-12-03T22:25:26|#|102Ah_25degC_1C_cell3|1626|2021-12-04T00:21:30|2021-12-04T01:20:00|#|102Ah_25degC_1C_cell3|1627|2021-12-04T03:16:04|2021-12-04T04:14:34,2021-12-04T04:14:34,0.0
M6_event_stress_v1,drift_+3C,102Ah_25degC_1C_cell3,1756,9,91.35721219347121,90.681,ridge_event_replay,5,102Ah_25degC_1C_cell3|1752|2021-12-19T06:32:57|2021-12-19T07:31:26|#|102Ah_25degC_1C_cell3|1753|2021-12-19T09:27:11|2021-12-19T10:25:41|#|102Ah_25degC_1C_cell3|1754|2021-12-19T12:21:26|2021-12-19T13:19:56|#|102Ah_25degC_1C_cell3|1755|2021-12-19T15:15:42|2021-12-19T16:14:11|#|102Ah_25degC_1C_cell3|1756|2021-12-19T18:09:56|2021-12-19T19:08:26,2021-12-19T19:08:26,0.0
M6_event_stress_v1,drift_+3C,102Ah_25degC_1C_cell3,1885,10,90.77480225068405,90.145,ridge_event_replay,5,102Ah_25degC_1C_cell3|1881|2022-01-03T20:49:32|2022-01-03T21:48:02|#|102Ah_25degC_1C_cell3|1882|2022-01-03T23:43:26|2022-01-04T00:41:56|#|102Ah_25degC_1C_cell3|1883|2022-01-04T02:37:20|2022-01-04T03:35:50|#|102Ah_25degC_1C_cell3|1884|2022-01-04T05:31:16|2022-01-04T06:29:46|#|102Ah_25degC_1C_cell3|1885|2022-01-04T08:25:11|2022-01-04T09:23:41,2022-01-04T09:23:41,0.0
M6_event_stress_v1,drift_+3C,102Ah_25degC_1C_cell3,2495,11,89.03299314450977,88.091,ridge_event_replay,5,102Ah_25degC_1C_cell3|2491|2022-04-01T00:03:53|2022-04-01T01:00:53|#|102Ah_25degC_1C_cell3|2492|2022-04-01T02:55:15|2022-04-01T03:52:15|#|102Ah_25degC_1C_cell3|2493|2022-04-01T05:46:36|2022-04-01T06:43:36|#|102Ah_25degC_1C_cell3|2494|2022-04-01T08:37:57|2022-04-01T09:34:56|#|102Ah_25degC_1C_cell3|2495|2022-04-01T20:03:26|2022-04-01T21:00:56,2022-04-01T21:00:56,0.0
M6_event_stress_v1,drift_+3C,102Ah_25degC_1C_cell3,2632,12,88.38087253885784,87.634,ridge_event_replay,5,102Ah_25degC_1C_cell3|2628|2022-04-17T06:55:12|2022-04-17T07:52:12|#|102Ah_25degC_1C_cell3|2629|2022-04-17T09:46:12|2022-04-17T10:43:12|#|102Ah_25degC_1C_cell3|2630|2022-04-17T12:37:13|2022-04-17T13:34:13|#|102Ah_25degC_1C_cell3|2631|2022-04-17T15:28:13|2022-04-17T16:25:13|#|102Ah_25degC_1C_cell3|2632|2022-04-17T18:19:14|2022-04-17T19:16:14,2022-04-17T19:16:14,0.0
M6_event_stress_v1,drift_+3C,102Ah_25degC_1C_cell3,2767,13,88.00675499109171,87.186,ridge_event_replay,5,102Ah_25degC_1C_cell3|2763|2022-05-09T14:41:33|2022-05-09T15:38:03|#|102Ah_25degC_1C_cell3|2764|2022-05-09T17:31:42|2022-05-09T18:28:11|#|102Ah_25degC_1C_cell3|2765|2022-05-09T20:21:50|2022-05-09T21:18:20|#|102Ah_25degC_1C_cell3|2766|2022-05-09T23:11:58|2022-05-10T00:08:28|#|102Ah_25degC_1C_cell3|2767|2022-05-10T02:02:06|2022-05-10T02:58:36,2022-05-10T02:58:36,0.0
M6_event_stress_v1,drift_+3C,102Ah_25degC_1C_cell3,2899,14,87.49343436518143,86.59,ridge_event_replay,5,102Ah_25degC_1C_cell3|2895|2022-05-25T05:04:19|2022-05-25T06:00:49|#|102Ah_25degC_1C_cell3|2896|2022-05-25T07:54:16|2022-05-25T08:50:46|#|102Ah_25degC_1C_cell3|2897|2022-05-25T10:44:12|2022-05-25T11:40:42|#|102Ah_25degC_1C_cell3|2898|2022-05-25T13:34:11|2022-05-25T14:30:41|#|102Ah_25degC_1C_cell3|2899|2022-05-25T16:24:08|2022-05-25T17:20:38,2022-05-25T17:20:38,0.0
M6_event_stress_v1,drift_+3C,102Ah_25degC_1C_cell3,3031,15,86.87612900306955,86.06,ridge_event_replay,5,102Ah_25degC_1C_cell3|3027|2022-06-14T00:30:08|2022-06-14T01:26:38|#|102Ah_25degC_1C_cell3|3028|2022-06-14T03:19:38|2022-06-14T04:16:08|#|102Ah_25degC_1C_cell3|3029|2022-06-14T06:09:07|2022-06-14T07:05:37|#|102Ah_25degC_1C_cell3|3030|2022-06-14T08:58:36|2022-06-14T09:55:05|#|102Ah_25degC_1C_cell3|3031|2022-06-14T11:48:05|2022-06-14T12:44:35,2022-06-14T12:44:35,0.0
M6_event_stress_v1,drift_+3C,102Ah_25degC_1C_cell3,3160,16,86.14542434172711,85.611,ridge_event_replay,5,102Ah_25degC_1C_cell3|3156|2022-06-29T04:26:55|2022-06-29T05:23:25|#|102Ah_25degC_1C_cell3|3157|2022-06-29T07:16:01|2022-06-29T08:12:30|#|102Ah_25degC_1C_cell3|3158|2022-06-29T10:05:07|2022-06-29T11:01:37|#|102Ah_25degC_1C_cell3|3159|2022-06-29T12:54:13|2022-06-29T13:50:43|#|102Ah_25degC_1C_cell3|3160|2022-06-29T15:43:20|2022-06-29T16:39:50,2022-06-29T16:39:50,0.0
M6_event_stress_v1,drift_+3C,102Ah_25degC_1C_cell3,3313,17,85.96790979230471,85.114,ridge_event_replay,5,102Ah_25degC_1C_cell3|3309|2022-07-17T04:59:47|2022-07-17T05:55:47|#|102Ah_25degC_1C_cell3|3310|2022-07-17T07:48:15|2022-07-17T08:44:14|#|102Ah_25degC_1C_cell3|3311|2022-07-17T10:36:42|2022-07-17T11:32:41|#|102Ah_25degC_1C_cell3|3312|2022-07-17T13:25:09|2022-07-17T14:21:09|#|102Ah_25degC_1C_cell3|3313|2022-07-17T16:13:36|2022-07-17T17:09:36,2022-07-17T17:09:36,0.0
M6_event_stress_v1,drift_+3C,102Ah_25degC_1C_cell3,3445,18,85.25581875375333,84.615,ridge_event_replay,5,102Ah_25degC_1C_cell3|3441|2022-08-01T15:11:25|2022-08-01T16:07:25|#|102Ah_25degC_1C_cell3|3442|2022-08-01T17:59:26|2022-08-01T18:55:25|#|102Ah_25degC_1C_cell3|3443|2022-08-01T20:47:25|2022-08-01T21:43:25|#|102Ah_25degC_1C_cell3|3444|2022-08-01T23:35:24|2022-08-02T00:31:24|#|102Ah_25degC_1C_cell3|3445|2022-08-02T02:23:21|2022-08-02T03:19:21,2022-08-02T03:19:21,0.0
M6_event_stress_v1,drift_+3C,102Ah_25degC_1C_cell3,3586,19,84.43511809474433,84.043,ridge_event_replay,5,102Ah_25degC_1C_cell3|3582|2022-08-20T12:42:18|2022-08-20T13:38:18|#|102Ah_25degC_1C_cell3|3583|2022-08-20T15:29:48|2022-08-20T16:25:48|#|102Ah_25degC_1C_cell3|3584|2022-08-20T18:17:20|2022-08-20T19:13:20|#|102Ah_25degC_1C_cell3|3585|2022-08-20T21:04:56|2022-08-20T22:00:56|#|102Ah_25degC_1C_cell3|3586|2022-08-20T23:52:32|2022-08-21T00:48:31,2022-08-21T00:48:31,0.0
M6_event_stress_v1,drift_+3C,102Ah_25degC_1C_cell3,3717,20,84.18664441500475,83.473,ridge_event_replay,5,102Ah_25degC_1C_cell3|3713|2022-09-04T17:40:26|2022-09-04T18:35:56|#|102Ah_25degC_1C_cell3|3714|2022-09-04T20:27:14|2022-09-04T21:22:43|#|102Ah_25degC_1C_cell3|3715|2022-09-04T23:14:01|2022-09-05T00:09:30|#|102Ah_25degC_1C_cell3|3716|2022-09-05T02:00:50|2022-09-05T02:56:20|#|102Ah_25degC_1C_cell3|3717|2022-09-05T04:47:41|2022-09-05T05:43:11,2022-09-05T05:43:11,0.0
M6_event_stress_v1,drift_+3C,102Ah_25degC_1C_cell3,3852,21,83.51747706260674,82.835,ridge_event_replay,5,102Ah_25degC_1C_cell3|3848|2022-09-20T08:07:12|2022-09-20T09:02:12|#|102Ah_25degC_1C_cell3|3849|2022-09-20T10:53:19|2022-09-20T11:48:19|#|102Ah_25degC_1C_cell3|3850|2022-09-20T13:39:28|2022-09-20T14:34:28|#|102Ah_25degC_1C_cell3|3851|2022-09-20T16:25:36|2022-09-20T17:20:36|#|102Ah_25degC_1C_cell3|3852|2022-09-20T19:11:44|2022-09-20T20:06:44,2022-09-20T20:06:44,0.0
M6_event_stress_v1,drift_+3C,102Ah_25degC_1C_cell3,3987,22,82.12905498724577,81.961,ridge_event_replay,5,102Ah_25degC_1C_cell3|3983|2022-10-14T23:46:58|2022-10-15T00:41:57|#|102Ah_25degC_1C_cell3|3984|2022-10-15T02:32:16|2022-10-15T03:27:16|#|102Ah_25degC_1C_cell3|3985|2022-10-15T05:17:34|2022-10-15T06:12:34|#|102Ah_25degC_1C_cell3|3986|2022-10-15T08:02:52|2022-10-15T08:57:52|#|102Ah_25degC_1C_cell3|3987|2022-10-15T10:48:09|2022-10-15T11:43:09,2022-10-15T11:43:09,0.0
M6_event_stress_v1,drift_+3C,102Ah_25degC_1C_cell3,4122,23,81.35578608422306,81.241,ridge_event_replay,5,102Ah_25degC_1C_cell3|4118|2022-10-30T19:49:01|2022-10-30T20:43:31|#|102Ah_25degC_1C_cell3|4119|2022-10-30T22:33:41|2022-10-30T23:28:11|#|102Ah_25degC_1C_cell3|4120|2022-10-31T01:18:19|2022-10-31T02:12:49|#|102Ah_25degC_1C_cell3|4121|2022-10-31T04:02:58|2022-10-31T04:57:28|#|102Ah_25degC_1C_cell3|4122|2022-10-31T06:47:38|2022-10-31T07:42:08,2022-10-31T07:42:08,0.0
M6_event_stress_v1,drift_+3C,102Ah_25degC_1C_cell3,4257,24,80.49747544366288,80.472,ridge_event_replay,5,102Ah_25degC_1C_cell3|4253|2022-11-15T05:33:36|2022-11-15T06:28:06|#|102Ah_25degC_1C_cell3|4254|2022-11-15T08:17:33|2022-11-15T09:12:04|#|102Ah_25degC_1C_cell3|4255|2022-11-15T11:01:30|2022-11-15T11:56:00|#|102Ah_25degC_1C_cell3|4256|2022-11-15T13:45:25|2022-11-15T14:39:55|#|102Ah_25degC_1C_cell3|4257|2022-11-15T16:29:19|2022-11-15T17:23:48,2022-11-15T17:23:48,0.0
M6_event_stress_v1,drift_+3C,102Ah_25degC_1C_cell3,4389,25,79.75240586048719,79.606,ridge_event_replay,5,102Ah_25degC_1C_cell3|4385|2022-11-30T05:06:29|2022-11-30T06:00:29|#|102Ah_25degC_1C_cell3|4386|2022-11-30T07:49:28|2022-11-30T08:43:28|#|102Ah_25degC_1C_cell3|4387|2022-11-30T10:32:27|2022-11-30T11:26:27|#|102Ah_25degC_1C_cell3|4388|2022-11-30T13:15:25|2022-11-30T14:09:25|#|102Ah_25degC_1C_cell3|4389|2022-11-30T15:58:23|2022-11-30T16:52:23,2022-11-30T16:52:23,0.0
M6_event_stress_v1,drift_+3C,102Ah_25degC_1C_cell3,4518,26,78.82270890672993,78.648,ridge_event_replay,5,102Ah_25degC_1C_cell3|4514|2022-12-14T18:29:39|2022-12-14T19:23:09|#|102Ah_25degC_1C_cell3|4515|2022-12-14T21:11:41|2022-12-14T22:05:11|#|102Ah_25degC_1C_cell3|4516|2022-12-14T23:53:43|2022-12-15T00:47:12|#|102Ah_25degC_1C_cell3|4517|2022-12-15T02:35:44|2022-12-15T03:29:14|#|102Ah_25degC_1C_cell3|4518|2022-12-15T05:17:45|2022-12-15T06:11:15,2022-12-15T06:11:15,0.0
M6_event_stress_v1,drift_+3C,102Ah_25degC_1C_cell3,4650,27,77.22150468460343,77.549,ridge_event_replay,5,102Ah_25degC_1C_cell3|4646|2022-12-30T04:37:41|2022-12-30T05:31:11|#|102Ah_25degC_1C_cell3|4647|2022-12-30T07:18:47|2022-12-30T08:12:17|#|102Ah_25degC_1C_cell3|4648|2022-12-30T09:59:51|2022-12-30T10:53:21|#|102Ah_25degC_1C_cell3|4649|2022-12-30T12:40:55|2022-12-30T13:34:25|#|102Ah_25degC_1C_cell3|4650|2022-12-30T15:21:59|2022-12-30T16:15:29,2022-12-30T16:15:29,0.0
M6_event_stress_v1,drift_+3C,102Ah_25degC_1C_cell3,4792,28,76.00835336922573,76.204,ridge_event_replay,5,102Ah_25degC_1C_cell3|4788|2023-01-15T00:29:19|2023-01-15T01:22:19|#|102Ah_25degC_1C_cell3|4789|2023-01-15T03:09:10|2023-01-15T04:02:10|#|102Ah_25degC_1C_cell3|4790|2023-01-15T05:49:02|2023-01-15T06:42:02|#|102Ah_25degC_1C_cell3|4791|2023-01-15T08:28:54|2023-01-15T09:21:53|#|102Ah_25degC_1C_cell3|4792|2023-01-15T11:08:46|2023-01-15T12:01:45,2023-01-15T12:01:45,0.0
M6_event_stress_v1,drift_+3C,102Ah_25degC_1C_cell3,4970,29,73.75774293910388,73.38,ridge_event_replay,5,102Ah_25degC_1C_cell3|4948|2023-03-15T19:41:14|2023-03-15T20:32:44|#|102Ah_25degC_1C_cell3|4949|2023-03-15T22:18:07|2023-03-15T23:09:37|#|102Ah_25degC_1C_cell3|4950|2023-03-16T00:54:58|2023-03-16T01:46:28|#|102Ah_25degC_1C_cell3|4951|2023-03-16T03:31:51|2023-03-16T04:23:21|#|102Ah_25degC_1C_cell3|4952|2023-03-16T06:08:43|2023-03-16T07:00:13,2023-03-16T07:00:13,0.0
M6_event_stress_v1,drift_+3C,102Ah_25degC_1C_cell3,5099,30,73.15431592713679,70.854,ridge_event_replay,2,102Ah_25degC_1C_cell3|5029|2023-03-25T03:17:35|2023-03-25T04:09:05|#|102Ah_25degC_1C_cell3|5081|2023-03-30T17:49:36|2023-03-30T18:40:36,2023-03-30T18:40:36,0.0
M6_event_stress_v1,stuck_35C,102Ah_25degC_1C_cell3,212,1,98.8692567813414,98.416,ridge_event_replay,5,102Ah_25degC_1C_cell3|207|2021-05-27T04:55:17|2021-05-27T05:57:17|#|102Ah_25degC_1C_cell3|208|2021-05-27T07:58:04|2021-05-27T08:59:34|#|102Ah_25degC_1C_cell3|209|2021-05-27T11:00:21|2021-05-27T12:01:51|#|102Ah_25degC_1C_cell3|210|2021-05-27T14:02:36|2021-05-27T15:04:06|#|102Ah_25degC_1C_cell3|211|2021-05-27T17:04:22|2021-05-27T18:06:22,2021-05-27T18:06:22,0.0
M6_event_stress_v1,stuck_35C,102Ah_25degC_1C_cell3,341,2,98.12869300788269,97.313,ridge_event_replay,5,102Ah_25degC_1C_cell3|336|2021-06-12T11:36:33|2021-06-12T12:38:03|#|102Ah_25degC_1C_cell3|337|2021-06-12T14:37:42|2021-06-12T15:39:12|#|102Ah_25degC_1C_cell3|338|2021-06-12T17:39:19|2021-06-12T18:40:19|#|102Ah_25degC_1C_cell3|339|2021-06-12T20:39:55|2021-06-12T21:41:25|#|102Ah_25degC_1C_cell3|340|2021-06-12T23:41:02|2021-06-13T00:42:32,2021-06-13T00:42:32,0.0
M6_event_stress_v1,stuck_35C,102Ah_25degC_1C_cell3,469,3,96.80752539505147,96.453,ridge_event_replay,5,102Ah_25degC_1C_cell3|464|2021-06-30T17:56:52|2021-06-30T18:57:21|#|102Ah_25degC_1C_cell3|465|2021-06-30T20:56:39|2021-06-30T21:57:39|#|102Ah_25degC_1C_cell3|466|2021-06-30T23:57:25|2021-07-01T00:57:55|#|102Ah_25degC_1C_cell3|467|2021-07-01T02:57:39|2021-07-01T03:58:09|#|102Ah_25degC_1C_cell3|468|2021-07-01T05:57:55|2021-07-01T06:58:25,2021-07-01T06:58:25,0.0
M6_event_stress_v1,stuck_35C,102Ah_25degC_1C_cell3,606,4,96.08203088139378,95.685,ridge_event_replay,5,102Ah_25degC_1C_cell3|601|2021-07-18T13:19:38|2021-07-18T14:19:38|#|102Ah_25degC_1C_cell3|602|2021-07-18T16:19:09|2021-07-18T17:19:09|#|102Ah_25degC_1C_cell3|603|2021-07-18T19:18:09|2021-07-18T20:18:39|#|102Ah_25degC_1C_cell3|604|2021-07-18T22:18:08|2021-07-18T23:18:08|#|102Ah_25degC_1C_cell3|605|2021-07-19T01:17:09|2021-07-19T02:17:39,2021-07-19T02:17:39,0.0
M6_event_stress_v1,stuck_35C,102Ah_25degC_1C_cell3,735,5,96.00853670730093,95.032,ridge_event_replay,5,102Ah_25degC_1C_cell3|730|2021-08-03T14:28:51|2021-08-03T15:28:51|#|102Ah_25degC_1C_cell3|731|2021-08-03T17:27:08|2021-08-03T18:27:38|#|102Ah_25degC_1C_cell3|732|2021-08-03T20:25:52|2021-08-03T21:26:22|#|102Ah_25degC_1C_cell3|733|2021-08-03T23:24:36|2021-08-04T00:25:05|#|102Ah_25degC_1C_cell3|734|2021-08-04T02:23:20|2021-08-04T03:23:50,2021-08-04T03:23:50,0.0
M6_event_stress_v1,stuck_35C,102Ah_25degC_1C_cell3,872,6,95.30898989615422,94.387,ridge_event_replay,5,102Ah_25degC_1C_cell3|867|2021-08-20T13:56:21|2021-08-20T14:55:51|#|102Ah_25degC_1C_cell3|868|2021-08-20T16:53:56|2021-08-20T17:53:56|#|102Ah_25degC_1C_cell3|869|2021-08-20T19:51:58|2021-08-20T20:51:58|#|102Ah_25degC_1C_cell3|870|2021-08-20T22:50:00|2021-08-20T23:50:00|#|102Ah_25degC_1C_cell3|871|2021-08-21T01:48:34|2021-08-21T02:48:04,2021-08-21T02:48:04,0.0
M6_event_stress_v1,stuck_35C,102Ah_25degC_1C_cell3,1001,7,94.52759065898645,93.84,ridge_event_replay,5,102Ah_25degC_1C_cell3|1000|2021-09-06T10:27:51|2021-09-06T11:27:51|#|102Ah_25degC_1C_cell3|1001|2021-09-06T13:25:21|2021-09-06T14:25:21|#|102Ah_25degC_1C_cell3|997|2021-09-05T15:04:58|2021-09-05T16:04:28|#|102Ah_25degC_1C_cell3|998|2021-09-05T18:01:54|2021-09-05T19:01:54|#|102Ah_25degC_1C_cell3|999|2021-09-05T20:59:51|2021-09-05T21:59:21,2021-09-06T14:25:21,0.0
M6_event_stress_v1,stuck_35C,102Ah_25degC_1C_cell3,1627,8,92.66161998528113,91.223,ridge_event_replay,5,102Ah_25degC_1C_cell3|1623|2021-12-03T15:37:45|2021-12-03T16:36:15|#|102Ah_25degC_1C_cell3|1624|2021-12-03T18:32:20|2021-12-03T19:30:50|#|102Ah_25degC_1C_cell3|1625|2021-12-03T21:26:56|2021-12-03T22:25:26|#|102Ah_25degC_1C_cell3|1626|2021-12-04T00:21:30|2021-12-04T01:20:00|#|102Ah_25degC_1C_cell3|1627|2021-12-04T03:16:04|2021-12-04T04:14:34,2021-12-04T04:14:34,0.0
M6_event_stress_v1,stuck_35C,102Ah_25degC_1C_cell3,1756,9,92.19444375628993,90.681,ridge_event_replay,5,102Ah_25degC_1C_cell3|1752|2021-12-19T06:32:57|2021-12-19T07:31:26|#|102Ah_25degC_1C_cell3|1753|2021-12-19T09:27:11|2021-12-19T10:25:41|#|102Ah_25degC_1C_cell3|1754|2021-12-19T12:21:26|2021-12-19T13:19:56|#|102Ah_25degC_1C_cell3|1755|2021-12-19T15:15:42|2021-12-19T16:14:11|#|102Ah_25degC_1C_cell3|1756|2021-12-19T18:09:56|2021-12-19T19:08:26,2021-12-19T19:08:26,0.0
M6_event_stress_v1,stuck_35C,102Ah_25degC_1C_cell3,1885,10,91.58962559197721,90.145,ridge_event_replay,5,102Ah_25degC_1C_cell3|1881|2022-01-03T20:49:32|2022-01-03T21:48:02|#|102Ah_25degC_1C_cell3|1882|2022-01-03T23:43:26|2022-01-04T00:41:56|#|102Ah_25degC_1C_cell3|1883|2022-01-04T02:37:20|2022-01-04T03:35:50|#|102Ah_25degC_1C_cell3|1884|2022-01-04T05:31:16|2022-01-04T06:29:46|#|102Ah_25degC_1C_cell3|1885|2022-01-04T08:25:11|2022-01-04T09:23:41,2022-01-04T09:23:41,0.0
M6_event_stress_v1,stuck_35C,102Ah_25degC_1C_cell3,2495,11,89.83445573013164,88.091,ridge_event_replay,5,102Ah_25degC_1C_cell3|2491|2022-04-01T00:03:53|2022-04-01T01:00:53|#|102Ah_25degC_1C_cell3|2492|2022-04-01T02:55:15|2022-04-01T03:52:15|#|102Ah_25degC_1C_cell3|2493|2022-04-01T05:46:36|2022-04-01T06:43:36|#|102Ah_25degC_1C_cell3|2494|2022-04-01T08:37:57|2022-04-01T09:34:56|#|102Ah_25degC_1C_cell3|2495|2022-04-01T20:03:26|2022-04-01T21:00:56,2022-04-01T21:00:56,0.0
M6_event_stress_v1,stuck_35C,102Ah_25degC_1C_cell3,2632,12,89.24370517256905,87.634,ridge_event_replay,5,102Ah_25degC_1C_cell3|2628|2022-04-17T06:55:12|2022-04-17T07:52:12|#|102Ah_25degC_1C_cell3|2629|2022-04-17T09:46:12|2022-04-17T10:43:12|#|102Ah_25degC_1C_cell3|2630|2022-04-17T12:37:13|2022-04-17T13:34:13|#|102Ah_25degC_1C_cell3|2631|2022-04-17T15:28:13|2022-04-17T16:25:13|#|102Ah_25degC_1C_cell3|2632|2022-04-17T18:19:14|2022-04-17T19:16:14,2022-04-17T19:16:14,0.0
M6_event_stress_v1,stuck_35C,102Ah_25degC_1C_cell3,2767,13,88.76909584606447,87.186,ridge_event_replay,5,102Ah_25degC_1C_cell3|2763|2022-05-09T14:41:33|2022-05-09T15:38:03|#|102Ah_25degC_1C_cell3|2764|2022-05-09T17:31:42|2022-05-09T18:28:11|#|102Ah_25degC_1C_cell3|2765|2022-05-09T20:21:50|2022-05-09T21:18:20|#|102Ah_25degC_1C_cell3|2766|2022-05-09T23:11:58|2022-05-10T00:08:28|#|102Ah_25degC_1C_cell3|2767|2022-05-10T02:02:06|2022-05-10T02:58:36,2022-05-10T02:58:36,0.0
M6_event_stress_v1,stuck_35C,102Ah_25degC_1C_cell3,2899,14,88.35639623831281,86.59,ridge_event_replay,5,102Ah_25degC_1C_cell3|2895|2022-05-25T05:04:19|2022-05-25T06:00:49|#|102Ah_25degC_1C_cell3|2896|2022-05-25T07:54:16|2022-05-25T08:50:46|#|102Ah_25degC_1C_cell3|2897|2022-05-25T10:44:12|2022-05-25T11:40:42|#|102Ah_25degC_1C_cell3|2898|2022-05-25T13:34:11|2022-05-25T14:30:41|#|102Ah_25degC_1C_cell3|2899|2022-05-25T16:24:08|2022-05-25T17:20:38,2022-05-25T17:20:38,0.0
M6_event_stress_v1,stuck_35C,102Ah_25degC_1C_cell3,3031,15,87.72106749340175,86.06,ridge_event_replay,5,102Ah_25degC_1C_cell3|3027|2022-06-14T00:30:08|2022-06-14T01:26:38|#|102Ah_25degC_1C_cell3|3028|2022-06-14T03:19:38|2022-06-14T04:16:08|#|102Ah_25degC_1C_cell3|3029|2022-06-14T06:09:07|2022-06-14T07:05:37|#|102Ah_25degC_1C_cell3|3030|2022-06-14T08:58:36|2022-06-14T09:55:05|#|102Ah_25degC_1C_cell3|3031|2022-06-14T11:48:05|2022-06-14T12:44:35,2022-06-14T12:44:35,0.0
M6_event_stress_v1,stuck_35C,102Ah_25degC_1C_cell3,3160,16,86.96946071997998,85.611,ridge_event_replay,5,102Ah_25degC_1C_cell3|3156|2022-06-29T04:26:55|2022-06-29T05:23:25|#|102Ah_25degC_1C_cell3|3157|2022-06-29T07:16:01|2022-06-29T08:12:30|#|102Ah_25degC_1C_cell3|3158|2022-06-29T10:05:07|2022-06-29T11:01:37|#|102Ah_25degC_1C_cell3|3159|2022-06-29T12:54:13|2022-06-29T13:50:43|#|102Ah_25degC_1C_cell3|3160|2022-06-29T15:43:20|2022-06-29T16:39:50,2022-06-29T16:39:50,0.0
M6_event_stress_v1,stuck_35C,102Ah_25degC_1C_cell3,3313,17,86.82199197161505,85.114,ridge_event_replay,5,102Ah_25degC_1C_cell3|3309|2022-07-17T04:59:47|2022-07-17T05:55:47|#|102Ah_25degC_1C_cell3|3310|2022-07-17T07:48:15|2022-07-17T08:44:14|#|102Ah_25degC_1C_cell3|3311|2022-07-17T10:36:42|2022-07-17T11:32:41|#|102Ah_25degC_1C_cell3|3312|2022-07-17T13:25:09|2022-07-17T14:21:09|#|102Ah_25degC_1C_cell3|3313|2022-07-17T16:13:36|2022-07-17T17:09:36,2022-07-17T17:09:36,0.0
M6_event_stress_v1,stuck_35C,102Ah_25degC_1C_cell3,3445,18,86.11590032151412,84.615,ridge_event_replay,5,102Ah_25degC_1C_cell3|3441|2022-08-01T15:11:25|2022-08-01T16:07:25|#|102Ah_25degC_1C_cell3|3442|2022-08-01T17:59:26|2022-08-01T18:55:25|#|102Ah_25degC_1C_cell3|3443|2022-08-01T20:47:25|2022-08-01T21:43:25|#|102Ah_25degC_1C_cell3|3444|2022-08-01T23:35:24|2022-08-02T00:31:24|#|102Ah_25degC_1C_cell3|3445|2022-08-02T02:23:21|2022-08-02T03:19:21,2022-08-02T03:19:21,0.0
M6_event_stress_v1,stuck_35C,102Ah_25degC_1C_cell3,3586,19,85.25331899795772,84.043,ridge_event_replay,5,102Ah_25degC_1C_cell3|3582|2022-08-20T12:42:18|2022-08-20T13:38:18|#|102Ah_25degC_1C_cell3|3583|2022-08-20T15:29:48|2022-08-20T16:25:48|#|102Ah_25degC_1C_cell3|3584|2022-08-20T18:17:20|2022-08-20T19:13:20|#|102Ah_25degC_1C_cell3|3585|2022-08-20T21:04:56|2022-08-20T22:00:56|#|102Ah_25degC_1C_cell3|3586|2022-08-20T23:52:32|2022-08-21T00:48:31,2022-08-21T00:48:31,0.0
M6_event_stress_v1,stuck_35C,102Ah_25degC_1C_cell3,3717,20,85.05582238902898,83.473,ridge_event_replay,5,102Ah_25degC_1C_cell3|3713|2022-09-04T17:40:26|2022-09-04T18:35:56|#|102Ah_25degC_1C_cell3|3714|2022-09-04T20:27:14|2022-09-04T21:22:43|#|102Ah_25degC_1C_cell3|3715|2022-09-04T23:14:01|2022-09-05T00:09:30|#|102Ah_25degC_1C_cell3|3716|2022-09-05T02:00:50|2022-09-05T02:56:20|#|102Ah_25degC_1C_cell3|3717|2022-09-05T04:47:41|2022-09-05T05:43:11,2022-09-05T05:43:11,0.0
M6_event_stress_v1,stuck_35C,102Ah_25degC_1C_cell3,3852,21,84.40169251599674,82.835,ridge_event_replay,5,102Ah_25degC_1C_cell3|3848|2022-09-20T08:07:12|2022-09-20T09:02:12|#|102Ah_25degC_1C_cell3|3849|2022-09-20T10:53:19|2022-09-20T11:48:19|#|102Ah_25degC_1C_cell3|3850|2022-09-20T13:39:28|2022-09-20T14:34:28|#|102Ah_25degC_1C_cell3|3851|2022-09-20T16:25:36|2022-09-20T17:20:36|#|102Ah_25degC_1C_cell3|3852|2022-09-20T19:11:44|2022-09-20T20:06:44,2022-09-20T20:06:44,0.0
M6_event_stress_v1,stuck_35C,102Ah_25degC_1C_cell3,3987,22,82.98635081506535,81.961,ridge_event_replay,5,102Ah_25degC_1C_cell3|3983|2022-10-14T23:46:58|2022-10-15T00:41:57|#|102Ah_25degC_1C_cell3|3984|2022-10-15T02:32:16|2022-10-15T03:27:16|#|102Ah_25degC_1C_cell3|3985|2022-10-15T05:17:34|2022-10-15T06:12:34|#|102Ah_25degC_1C_cell3|3986|2022-10-15T08:02:52|2022-10-15T08:57:52|#|102Ah_25degC_1C_cell3|3987|2022-10-15T10:48:09|2022-10-15T11:43:09,2022-10-15T11:43:09,0.0
M6_event_stress_v1,stuck_35C,102Ah_25degC_1C_cell3,4122,23,82.22360034595076,81.241,ridge_event_replay,5,102Ah_25degC_1C_cell3|4118|2022-10-30T19:49:01|2022-10-30T20:43:31|#|102Ah_25degC_1C_cell3|4119|2022-10-30T22:33:41|2022-10-30T23:28:11|#|102Ah_25degC_1C_cell3|4120|2022-10-31T01:18:19|2022-10-31T02:12:49|#|102Ah_25degC_1C_cell3|4121|2022-10-31T04:02:58|2022-10-31T04:57:28|#|102Ah_25degC_1C_cell3|4122|2022-10-31T06:47:38|2022-10-31T07:42:08,2022-10-31T07:42:08,0.0
M6_event_stress_v1,stuck_35C,102Ah_25degC_1C_cell3,4257,24,81.35187993347844,80.472,ridge_event_replay,5,102Ah_25degC_1C_cell3|4253|2022-11-15T05:33:36|2022-11-15T06:28:06|#|102Ah_25degC_1C_cell3|4254|2022-11-15T08:17:33|2022-11-15T09:12:04|#|102Ah_25degC_1C_cell3|4255|2022-11-15T11:01:30|2022-11-15T11:56:00|#|102Ah_25degC_1C_cell3|4256|2022-11-15T13:45:25|2022-11-15T14:39:55|#|102Ah_25degC_1C_cell3|4257|2022-11-15T16:29:19|2022-11-15T17:23:48,2022-11-15T17:23:48,0.0
M6_event_stress_v1,stuck_35C,102Ah_25degC_1C_cell3,4389,25,80.62784170180225,79.606,ridge_event_replay,5,102Ah_25degC_1C_cell3|4385|2022-11-30T05:06:29|2022-11-30T06:00:29|#|102Ah_25degC_1C_cell3|4386|2022-11-30T07:49:28|2022-11-30T08:43:28|#|102Ah_25degC_1C_cell3|4387|2022-11-30T10:32:27|2022-11-30T11:26:27|#|102Ah_25degC_1C_cell3|4388|2022-11-30T13:15:25|2022-11-30T14:09:25|#|102Ah_25degC_1C_cell3|4389|2022-11-30T15:58:23|2022-11-30T16:52:23,2022-11-30T16:52:23,0.0
M6_event_stress_v1,stuck_35C,102Ah_25degC_1C_cell3,4518,26,79.71013800862917,78.648,ridge_event_replay,5,102Ah_25degC_1C_cell3|4514|2022-12-14T18:29:39|2022-12-14T19:23:09|#|102Ah_25degC_1C_cell3|4515|2022-12-14T21:11:41|2022-12-14T22:05:11|#|102Ah_25degC_1C_cell3|4516|2022-12-14T23:53:43|2022-12-15T00:47:12|#|102Ah_25degC_1C_cell3|4517|2022-12-15T02:35:44|2022-12-15T03:29:14|#|102Ah_25degC_1C_cell3|4518|2022-12-15T05:17:45|2022-12-15T06:11:15,2022-12-15T06:11:15,0.0
M6_event_stress_v1,stuck_35C,102Ah_25degC_1C_cell3,4650,27,78.08501109699914,77.549,ridge_event_replay,5,102Ah_25degC_1C_cell3|4646|2022-12-30T04:37:41|2022-12-30T05:31:11|#|102Ah_25degC_1C_cell3|4647|2022-12-30T07:18:47|2022-12-30T08:12:17|#|102Ah_25degC_1C_cell3|4648|2022-12-30T09:59:51|2022-12-30T10:53:21|#|102Ah_25degC_1C_cell3|4649|2022-12-30T12:40:55|2022-12-30T13:34:25|#|102Ah_25degC_1C_cell3|4650|2022-12-30T15:21:59|2022-12-30T16:15:29,2022-12-30T16:15:29,0.0
M6_event_stress_v1,stuck_35C,102Ah_25degC_1C_cell3,4792,28,76.8479843748326,76.204,ridge_event_replay,5,102Ah_25degC_1C_cell3|4788|2023-01-15T00:29:19|2023-01-15T01:22:19|#|102Ah_25degC_1C_cell3|4789|2023-01-15T03:09:10|2023-01-15T04:02:10|#|102Ah_25degC_1C_cell3|4790|2023-01-15T05:49:02|2023-01-15T06:42:02|#|102Ah_25degC_1C_cell3|4791|2023-01-15T08:28:54|2023-01-15T09:21:53|#|102Ah_25degC_1C_cell3|4792|2023-01-15T11:08:46|2023-01-15T12:01:45,2023-01-15T12:01:45,0.0
M6_event_stress_v1,stuck_35C,102Ah_25degC_1C_cell3,4970,29,74.62692327726384,73.38,ridge_event_replay,5,102Ah_25degC_1C_cell3|4948|2023-03-15T19:41:14|2023-03-15T20:32:44|#|102Ah_25degC_1C_cell3|4949|2023-03-15T22:18:07|2023-03-15T23:09:37|#|102Ah_25degC_1C_cell3|4950|2023-03-16T00:54:58|2023-03-16T01:46:28|#|102Ah_25degC_1C_cell3|4951|2023-03-16T03:31:51|2023-03-16T04:23:21|#|102Ah_25degC_1C_cell3|4952|2023-03-16T06:08:43|2023-03-16T07:00:13,2023-03-16T07:00:13,0.0
M6_event_stress_v1,stuck_35C,102Ah_25degC_1C_cell3,5099,30,74.02504201604489,70.854,ridge_event_replay,2,102Ah_25degC_1C_cell3|5029|2023-03-25T03:17:35|2023-03-25T04:09:05|#|102Ah_25degC_1C_cell3|5081|2023-03-30T17:49:36|2023-03-30T18:40:36,2023-03-30T18:40:36,0.0
M6_event_stress_v1,random_missing_20pct,102Ah_25degC_1C_cell3,212,1,98.13743870612394,98.416,ridge_event_replay,4,102Ah_25degC_1C_cell3|207|2021-05-27T04:55:17|2021-05-27T05:57:17|#|102Ah_25degC_1C_cell3|208|2021-05-27T07:58:04|2021-05-27T08:59:34|#|102Ah_25degC_1C_cell3|209|2021-05-27T11:00:21|2021-05-27T12:01:51|#|102Ah_25degC_1C_cell3|210|2021-05-27T14:02:36|2021-05-27T15:04:06,2021-05-27T15:04:06,0.0
M6_event_stress_v1,random_missing_20pct,102Ah_25degC_1C_cell3,341,2,97.40590016002723,97.313,ridge_event_replay,4,102Ah_25degC_1C_cell3|336|2021-06-12T11:36:33|2021-06-12T12:38:03|#|102Ah_25degC_1C_cell3|337|2021-06-12T14:37:42|2021-06-12T15:39:12|#|102Ah_25degC_1C_cell3|338|2021-06-12T17:39:19|2021-06-12T18:40:19|#|102Ah_25degC_1C_cell3|339|2021-06-12T20:39:55|2021-06-12T21:41:25,2021-06-12T21:41:25,0.0
M6_event_stress_v1,random_missing_20pct,102Ah_25degC_1C_cell3,469,3,96.16044146611705,96.453,ridge_event_replay,4,102Ah_25degC_1C_cell3|464|2021-06-30T17:56:52|2021-06-30T18:57:21|#|102Ah_25degC_1C_cell3|466|2021-06-30T23:57:25|2021-07-01T00:57:55|#|102Ah_25degC_1C_cell3|467|2021-07-01T02:57:39|2021-07-01T03:58:09|#|102Ah_25degC_1C_cell3|468|2021-07-01T05:57:55|2021-07-01T06:58:25,2021-07-01T06:58:25,0.0
M6_event_stress_v1,random_missing_20pct,102Ah_25degC_1C_cell3,606,4,95.44422075416196,95.685,ridge_event_replay,4,102Ah_25degC_1C_cell3|601|2021-07-18T13:19:38|2021-07-18T14:19:38|#|102Ah_25degC_1C_cell3|603|2021-07-18T19:18:09|2021-07-18T20:18:39|#|102Ah_25degC_1C_cell3|604|2021-07-18T22:18:08|2021-07-18T23:18:08|#|102Ah_25degC_1C_cell3|605|2021-07-19T01:17:09|2021-07-19T02:17:39,2021-07-19T02:17:39,0.0
M6_event_stress_v1,random_missing_20pct,102Ah_25degC_1C_cell3,735,5,95.39633644448777,95.032,ridge_event_replay,5,102Ah_25degC_1C_cell3|730|2021-08-03T14:28:51|2021-08-03T15:28:51|#|102Ah_25degC_1C_cell3|731|2021-08-03T17:27:08|2021-08-03T18:27:38|#|102Ah_25degC_1C_cell3|732|2021-08-03T20:25:52|2021-08-03T21:26:22|#|102Ah_25degC_1C_cell3|733|2021-08-03T23:24:36|2021-08-04T00:25:05|#|102Ah_25degC_1C_cell3|734|2021-08-04T02:23:20|2021-08-04T03:23:50,2021-08-04T03:23:50,0.0
M6_event_stress_v1,random_missing_20pct,102Ah_25degC_1C_cell3,872,6,94.70255287712939,94.387,ridge_event_replay,4,102Ah_25degC_1C_cell3|867|2021-08-20T13:56:21|2021-08-20T14:55:51|#|102Ah_25degC_1C_cell3|868|2021-08-20T16:53:56|2021-08-20T17:53:56|#|102Ah_25degC_1C_cell3|869|2021-08-20T19:51:58|2021-08-20T20:51:58|#|102Ah_25degC_1C_cell3|870|2021-08-20T22:50:00|2021-08-20T23:50:00,2021-08-20T23:50:00,0.0
M6_event_stress_v1,random_missing_20pct,102Ah_25degC_1C_cell3,1001,7,94.50772304614483,93.84,ridge_event_replay,3,102Ah_25degC_1C_cell3|1000|2021-09-06T10:27:51|2021-09-06T11:27:51|#|102Ah_25degC_1C_cell3|1001|2021-09-06T13:25:21|2021-09-06T14:25:21|#|102Ah_25degC_1C_cell3|999|2021-09-05T20:59:51|2021-09-05T21:59:21,2021-09-06T14:25:21,0.0
M6_event_stress_v1,random_missing_20pct,102Ah_25degC_1C_cell3,1627,8,92.06367134638606,91.223,ridge_event_replay,3,102Ah_25degC_1C_cell3|1624|2021-12-03T18:32:20|2021-12-03T19:30:50|#|102Ah_25degC_1C_cell3|1626|2021-12-04T00:21:30|2021-12-04T01:20:00|#|102Ah_25degC_1C_cell3|1627|2021-12-04T03:16:04|2021-12-04T04:14:34,2021-12-04T04:14:34,0.0
M6_event_stress_v1,random_missing_20pct,102Ah_25degC_1C_cell3,1756,9,91.51688660763894,90.681,ridge_event_replay,4,102Ah_25degC_1C_cell3|1753|2021-12-19T09:27:11|2021-12-19T10:25:41|#|102Ah_25degC_1C_cell3|1754|2021-12-19T12:21:26|2021-12-19T13:19:56|#|102Ah_25degC_1C_cell3|1755|2021-12-19T15:15:42|2021-12-19T16:14:11|#|102Ah_25degC_1C_cell3|1756|2021-12-19T18:09:56|2021-12-19T19:08:26,2021-12-19T19:08:26,0.0
M6_event_stress_v1,random_missing_20pct,102Ah_25degC_1C_cell3,1885,10,91.02638849212676,90.145,ridge_event_replay,4,102Ah_25degC_1C_cell3|1881|2022-01-03T20:49:32|2022-01-03T21:48:02|#|102Ah_25degC_1C_cell3|1882|2022-01-03T23:43:26|2022-01-04T00:41:56|#|102Ah_25degC_1C_cell3|1883|2022-01-04T02:37:20|2022-01-04T03:35:50|#|102Ah_25degC_1C_cell3|1884|2022-01-04T05:31:16|2022-01-04T06:29:46,2022-01-04T06:29:46,0.0
M6_event_stress_v1,random_missing_20pct,102Ah_25degC_1C_cell3,2495,11,89.22953802134083,88.091,ridge_event_replay,4,102Ah_25degC_1C_cell3|2491|2022-04-01T00:03:53|2022-04-01T01:00:53|#|102Ah_25degC_1C_cell3|2492|2022-04-01T02:55:15|2022-04-01T03:52:15|#|102Ah_25degC_1C_cell3|2493|2022-04-01T05:46:36|2022-04-01T06:43:36|#|102Ah_25degC_1C_cell3|2495|2022-04-01T20:03:26|2022-04-01T21:00:56,2022-04-01T21:00:56,0.0
M6_event_stress_v1,random_missing_20pct,102Ah_25degC_1C_cell3,2632,12,88.60051298373406,87.634,ridge_event_replay,3,102Ah_25degC_1C_cell3|2630|2022-04-17T12:37:13|2022-04-17T13:34:13|#|102Ah_25degC_1C_cell3|2631|2022-04-17T15:28:13|2022-04-17T16:25:13|#|102Ah_25degC_1C_cell3|2632|2022-04-17T18:19:14|2022-04-17T19:16:14,2022-04-17T19:16:14,0.0
M6_event_stress_v1,random_missing_20pct,102Ah_25degC_1C_cell3,2767,13,88.2000358657454,87.186,ridge_event_replay,4,102Ah_25degC_1C_cell3|2763|2022-05-09T14:41:33|2022-05-09T15:38:03|#|102Ah_25degC_1C_cell3|2764|2022-05-09T17:31:42|2022-05-09T18:28:11|#|102Ah_25degC_1C_cell3|2766|2022-05-09T23:11:58|2022-05-10T00:08:28|#|102Ah_25degC_1C_cell3|2767|2022-05-10T02:02:06|2022-05-10T02:58:36,2022-05-10T02:58:36,0.0
M6_event_stress_v1,random_missing_20pct,102Ah_25degC_1C_cell3,2899,14,87.72942904036844,86.59,ridge_event_replay,5,102Ah_25degC_1C_cell3|2895|2022-05-25T05:04:19|2022-05-25T06:00:49|#|102Ah_25degC_1C_cell3|2896|2022-05-25T07:54:16|2022-05-25T08:50:46|#|102Ah_25degC_1C_cell3|2897|2022-05-25T10:44:12|2022-05-25T11:40:42|#|102Ah_25degC_1C_cell3|2898|2022-05-25T13:34:11|2022-05-25T14:30:41|#|102Ah_25degC_1C_cell3|2899|2022-05-25T16:24:08|2022-05-25T17:20:38,2022-05-25T17:20:38,0.0
M6_event_stress_v1,random_missing_20pct,102Ah_25degC_1C_cell3,3031,15,87.12512178588504,86.06,ridge_event_replay,3,102Ah_25degC_1C_cell3|3028|2022-06-14T03:19:38|2022-06-14T04:16:08|#|102Ah_25degC_1C_cell3|3030|2022-06-14T08:58:36|2022-06-14T09:55:05|#|102Ah_25degC_1C_cell3|3031|2022-06-14T11:48:05|2022-06-14T12:44:35,2022-06-14T12:44:35,0.0
M6_event_stress_v1,random_missing_20pct,102Ah_25degC_1C_cell3,3160,16,86.37200776399212,85.611,ridge_event_replay,3,102Ah_25degC_1C_cell3|3157|2022-06-29T07:16:01|2022-06-29T08:12:30|#|102Ah_25degC_1C_cell3|3159|2022-06-29T12:54:13|2022-06-29T13:50:43|#|102Ah_25degC_1C_cell3|3160|2022-06-29T15:43:20|2022-06-29T16:39:50,2022-06-29T16:39:50,0.0
M6_event_stress_v1,random_missing_20pct,102Ah_25degC_1C_cell3,3313,17,86.20819912619653,85.114,ridge_event_replay,3,102Ah_25degC_1C_cell3|3309|2022-07-17T04:59:47|2022-07-17T05:55:47|#|102Ah_25degC_1C_cell3|3312|2022-07-17T13:25:09|2022-07-17T14:21:09|#|102Ah_25degC_1C_cell3|3313|2022-07-17T16:13:36|2022-07-17T17:09:36,2022-07-17T17:09:36,0.0
M6_event_stress_v1,random_missing_20pct,102Ah_25degC_1C_cell3,3445,18,85.48600426389584,84.615,ridge_event_replay,5,102Ah_25degC_1C_cell3|3441|2022-08-01T15:11:25|2022-08-01T16:07:25|#|102Ah_25degC_1C_cell3|3442|2022-08-01T17:59:26|2022-08-01T18:55:25|#|102Ah_25degC_1C_cell3|3443|2022-08-01T20:47:25|2022-08-01T21:43:25|#|102Ah_25degC_1C_cell3|3444|2022-08-01T23:35:24|2022-08-02T00:31:24|#|102Ah_25degC_1C_cell3|3445|2022-08-02T02:23:21|2022-08-02T03:19:21,2022-08-02T03:19:21,0.0
M6_event_stress_v1,random_missing_20pct,102Ah_25degC_1C_cell3,3586,19,84.59192051569114,84.043,ridge_event_replay,4,102Ah_25degC_1C_cell3|3582|2022-08-20T12:42:18|2022-08-20T13:38:18|#|102Ah_25degC_1C_cell3|3583|2022-08-20T15:29:48|2022-08-20T16:25:48|#|102Ah_25degC_1C_cell3|3584|2022-08-20T18:17:20|2022-08-20T19:13:20|#|102Ah_25degC_1C_cell3|3585|2022-08-20T21:04:56|2022-08-20T22:00:56,2022-08-20T22:00:56,0.0
M6_event_stress_v1,random_missing_20pct,102Ah_25degC_1C_cell3,3717,20,84.52182391811452,83.473,ridge_event_replay,4,102Ah_25degC_1C_cell3|3713|2022-09-04T17:40:26|2022-09-04T18:35:56|#|102Ah_25degC_1C_cell3|3714|2022-09-04T20:27:14|2022-09-04T21:22:43|#|102Ah_25degC_1C_cell3|3715|2022-09-04T23:14:01|2022-09-05T00:09:30|#|102Ah_25degC_1C_cell3|3717|2022-09-05T04:47:41|2022-09-05T05:43:11,2022-09-05T05:43:11,0.0
M6_event_stress_v1,random_missing_20pct,102Ah_25degC_1C_cell3,3852,21,83.69036120706915,82.835,ridge_event_replay,4,102Ah_25degC_1C_cell3|3848|2022-09-20T08:07:12|2022-09-20T09:02:12|#|102Ah_25degC_1C_cell3|3850|2022-09-20T13:39:28|2022-09-20T14:34:28|#|102Ah_25degC_1C_cell3|3851|2022-09-20T16:25:36|2022-09-20T17:20:36|#|102Ah_25degC_1C_cell3|3852|2022-09-20T19:11:44|2022-09-20T20:06:44,2022-09-20T20:06:44,0.0
M6_event_stress_v1,random_missing_20pct,102Ah_25degC_1C_cell3,3987,22,82.28222730323782,81.961,ridge_event_replay,4,102Ah_25degC_1C_cell3|3983|2022-10-14T23:46:58|2022-10-15T00:41:57|#|102Ah_25degC_1C_cell3|3985|2022-10-15T05:17:34|2022-10-15T06:12:34|#|102Ah_25degC_1C_cell3|3986|2022-10-15T08:02:52|2022-10-15T08:57:52|#|102Ah_25degC_1C_cell3|3987|2022-10-15T10:48:09|2022-10-15T11:43:09,2022-10-15T11:43:09,0.0
M6_event_stress_v1,random_missing_20pct,102Ah_25degC_1C_cell3,4122,23,81.52826187490936,81.241,ridge_event_replay,2,102Ah_25degC_1C_cell3|4118|2022-10-30T19:49:01|2022-10-30T20:43:31|#|102Ah_25degC_1C_cell3|4120|2022-10-31T01:18:19|2022-10-31T02:12:49,2022-10-31T02:12:49,0.0
M6_event_stress_v1,random_missing_20pct,102Ah_25degC_1C_cell3,4257,24,80.63290484156741,80.472,ridge_event_replay,4,102Ah_25degC_1C_cell3|4253|2022-11-15T05:33:36|2022-11-15T06:28:06|#|102Ah_25degC_1C_cell3|4254|2022-11-15T08:17:33|2022-11-15T09:12:04|#|102Ah_25degC_1C_cell3|4256|2022-11-15T13:45:25|2022-11-15T14:39:55|#|102Ah_25degC_1C_cell3|4257|2022-11-15T16:29:19|2022-11-15T17:23:48,2022-11-15T17:23:48,0.0
M6_event_stress_v1,random_missing_20pct,102Ah_25degC_1C_cell3,4389,25,79.90394695523753,79.606,ridge_event_replay,5,102Ah_25degC_1C_cell3|4385|2022-11-30T05:06:29|2022-11-30T06:00:29|#|102Ah_25degC_1C_cell3|4386|2022-11-30T07:49:28|2022-11-30T08:43:28|#|102Ah_25degC_1C_cell3|4387|2022-11-30T10:32:27|2022-11-30T11:26:27|#|102Ah_25degC_1C_cell3|4388|2022-11-30T13:15:25|2022-11-30T14:09:25|#|102Ah_25degC_1C_cell3|4389|2022-11-30T15:58:23|2022-11-30T16:52:23,2022-11-30T16:52:23,0.0
M6_event_stress_v1,random_missing_20pct,102Ah_25degC_1C_cell3,4518,26,78.95220275685261,78.648,ridge_event_replay,3,102Ah_25degC_1C_cell3|4515|2022-12-14T21:11:41|2022-12-14T22:05:11|#|102Ah_25degC_1C_cell3|4516|2022-12-14T23:53:43|2022-12-15T00:47:12|#|102Ah_25degC_1C_cell3|4517|2022-12-15T02:35:44|2022-12-15T03:29:14,2022-12-15T03:29:14,0.0
M6_event_stress_v1,random_missing_20pct,102Ah_25degC_1C_cell3,4650,27,77.3388003939225,77.549,ridge_event_replay,4,102Ah_25degC_1C_cell3|4646|2022-12-30T04:37:41|2022-12-30T05:31:11|#|102Ah_25degC_1C_cell3|4647|2022-12-30T07:18:47|2022-12-30T08:12:17|#|102Ah_25degC_1C_cell3|4648|2022-12-30T09:59:51|2022-12-30T10:53:21|#|102Ah_25degC_1C_cell3|4650|2022-12-30T15:21:59|2022-12-30T16:15:29,2022-12-30T16:15:29,0.0
M6_event_stress_v1,random_missing_20pct,102Ah_25degC_1C_cell3,4792,28,76.20329773818744,76.204,ridge_event_replay,4,102Ah_25degC_1C_cell3|4788|2023-01-15T00:29:19|2023-01-15T01:22:19|#|102Ah_25degC_1C_cell3|4789|2023-01-15T03:09:10|2023-01-15T04:02:10|#|102Ah_25degC_1C_cell3|4790|2023-01-15T05:49:02|2023-01-15T06:42:02|#|102Ah_25degC_1C_cell3|4792|2023-01-15T11:08:46|2023-01-15T12:01:45,2023-01-15T12:01:45,0.0
M6_event_stress_v1,random_missing_20pct,102Ah_25degC_1C_cell3,4970,29,73.89615100536824,73.38,ridge_event_replay,4,102Ah_25degC_1C_cell3|4948|2023-03-15T19:41:14|2023-03-15T20:32:44|#|102Ah_25degC_1C_cell3|4949|2023-03-15T22:18:07|2023-03-15T23:09:37|#|102Ah_25degC_1C_cell3|4950|2023-03-16T00:54:58|2023-03-16T01:46:28|#|102Ah_25degC_1C_cell3|4952|2023-03-16T06:08:43|2023-03-16T07:00:13,2023-03-16T07:00:13,0.0
M6_event_stress_v1,random_missing_20pct,102Ah_25degC_1C_cell3,5099,30,73.21506827050476,70.854,ridge_event_replay,2,102Ah_25degC_1C_cell3|5029|2023-03-25T03:17:35|2023-03-25T04:09:05|#|102Ah_25degC_1C_cell3|5081|2023-03-30T17:49:36|2023-03-30T18:40:36,2023-03-30T18:40:36,0.0
M6_event_stress_v1,contiguous_missing_20pct,102Ah_25degC_1C_cell3,212,1,98.14499279503259,98.416,ridge_event_replay,5,102Ah_25degC_1C_cell3|207|2021-05-27T04:55:17|2021-05-27T05:57:17|#|102Ah_25degC_1C_cell3|208|2021-05-27T07:58:04|2021-05-27T08:59:34|#|102Ah_25degC_1C_cell3|209|2021-05-27T11:00:21|2021-05-27T12:01:51|#|102Ah_25degC_1C_cell3|210|2021-05-27T14:02:36|2021-05-27T15:04:06|#|102Ah_25degC_1C_cell3|211|2021-05-27T17:04:22|2021-05-27T18:06:22,2021-05-27T18:06:22,0.0
M6_event_stress_v1,contiguous_missing_20pct,102Ah_25degC_1C_cell3,341,2,97.40791084491345,97.313,ridge_event_replay,5,102Ah_25degC_1C_cell3|336|2021-06-12T11:36:33|2021-06-12T12:38:03|#|102Ah_25degC_1C_cell3|337|2021-06-12T14:37:42|2021-06-12T15:39:12|#|102Ah_25degC_1C_cell3|338|2021-06-12T17:39:19|2021-06-12T18:40:19|#|102Ah_25degC_1C_cell3|339|2021-06-12T20:39:55|2021-06-12T21:41:25|#|102Ah_25degC_1C_cell3|340|2021-06-12T23:41:02|2021-06-13T00:42:32,2021-06-13T00:42:32,0.0
M6_event_stress_v1,contiguous_missing_20pct,102Ah_25degC_1C_cell3,469,3,96.09165126005638,96.453,ridge_event_replay,5,102Ah_25degC_1C_cell3|464|2021-06-30T17:56:52|2021-06-30T18:57:21|#|102Ah_25degC_1C_cell3|465|2021-06-30T20:56:39|2021-06-30T21:57:39|#|102Ah_25degC_1C_cell3|466|2021-06-30T23:57:25|2021-07-01T00:57:55|#|102Ah_25degC_1C_cell3|467|2021-07-01T02:57:39|2021-07-01T03:58:09|#|102Ah_25degC_1C_cell3|468|2021-07-01T05:57:55|2021-07-01T06:58:25,2021-07-01T06:58:25,0.0
M6_event_stress_v1,contiguous_missing_20pct,102Ah_25degC_1C_cell3,606,4,95.36567139307823,95.685,ridge_event_replay,5,102Ah_25degC_1C_cell3|601|2021-07-18T13:19:38|2021-07-18T14:19:38|#|102Ah_25degC_1C_cell3|602|2021-07-18T16:19:09|2021-07-18T17:19:09|#|102Ah_25degC_1C_cell3|603|2021-07-18T19:18:09|2021-07-18T20:18:39|#|102Ah_25degC_1C_cell3|604|2021-07-18T22:18:08|2021-07-18T23:18:08|#|102Ah_25degC_1C_cell3|605|2021-07-19T01:17:09|2021-07-19T02:17:39,2021-07-19T02:17:39,0.0
M6_event_stress_v1,contiguous_missing_20pct,102Ah_25degC_1C_cell3,735,5,95.28976960159618,95.032,ridge_event_replay,5,102Ah_25degC_1C_cell3|730|2021-08-03T14:28:51|2021-08-03T15:28:51|#|102Ah_25degC_1C_cell3|731|2021-08-03T17:27:08|2021-08-03T18:27:38|#|102Ah_25degC_1C_cell3|732|2021-08-03T20:25:52|2021-08-03T21:26:22|#|102Ah_25degC_1C_cell3|733|2021-08-03T23:24:36|2021-08-04T00:25:05|#|102Ah_25degC_1C_cell3|734|2021-08-04T02:23:20|2021-08-04T03:23:50,2021-08-04T03:23:50,0.0
M6_event_stress_v1,contiguous_missing_20pct,102Ah_25degC_1C_cell3,872,6,94.588446265658,94.387,ridge_event_replay,5,102Ah_25degC_1C_cell3|867|2021-08-20T13:56:21|2021-08-20T14:55:51|#|102Ah_25degC_1C_cell3|868|2021-08-20T16:53:56|2021-08-20T17:53:56|#|102Ah_25degC_1C_cell3|869|2021-08-20T19:51:58|2021-08-20T20:51:58|#|102Ah_25degC_1C_cell3|870|2021-08-20T22:50:00|2021-08-20T23:50:00|#|102Ah_25degC_1C_cell3|871|2021-08-21T01:48:34|2021-08-21T02:48:04,2021-08-21T02:48:04,0.0
M6_event_stress_v1,contiguous_missing_20pct,102Ah_25degC_1C_cell3,1001,7,93.8080452606638,93.84,ridge_event_replay,5,102Ah_25degC_1C_cell3|1000|2021-09-06T10:27:51|2021-09-06T11:27:51|#|102Ah_25degC_1C_cell3|1001|2021-09-06T13:25:21|2021-09-06T14:25:21|#|102Ah_25degC_1C_cell3|997|2021-09-05T15:04:58|2021-09-05T16:04:28|#|102Ah_25degC_1C_cell3|998|2021-09-05T18:01:54|2021-09-05T19:01:54|#|102Ah_25degC_1C_cell3|999|2021-09-05T20:59:51|2021-09-05T21:59:21,2021-09-06T14:25:21,0.0
M6_event_stress_v1,contiguous_missing_20pct,102Ah_25degC_1C_cell3,1627,8,91.91619398966407,91.223,ridge_event_replay,5,102Ah_25degC_1C_cell3|1623|2021-12-03T15:37:45|2021-12-03T16:36:15|#|102Ah_25degC_1C_cell3|1624|2021-12-03T18:32:20|2021-12-03T19:30:50|#|102Ah_25degC_1C_cell3|1625|2021-12-03T21:26:56|2021-12-03T22:25:26|#|102Ah_25degC_1C_cell3|1626|2021-12-04T00:21:30|2021-12-04T01:20:00|#|102Ah_25degC_1C_cell3|1627|2021-12-04T03:16:04|2021-12-04T04:14:34,2021-12-04T04:14:34,0.0
M6_event_stress_v1,contiguous_missing_20pct,102Ah_25degC_1C_cell3,1756,9,91.35240763821758,90.681,ridge_event_replay,5,102Ah_25degC_1C_cell3|1752|2021-12-19T06:32:57|2021-12-19T07:31:26|#|102Ah_25degC_1C_cell3|1753|2021-12-19T09:27:11|2021-12-19T10:25:41|#|102Ah_25degC_1C_cell3|1754|2021-12-19T12:21:26|2021-12-19T13:19:56|#|102Ah_25degC_1C_cell3|1755|2021-12-19T15:15:42|2021-12-19T16:14:11|#|102Ah_25degC_1C_cell3|1756|2021-12-19T18:09:56|2021-12-19T19:08:26,2021-12-19T19:08:26,0.0
M6_event_stress_v1,contiguous_missing_20pct,102Ah_25degC_1C_cell3,1885,10,90.80752819524227,90.145,ridge_event_replay,5,102Ah_25degC_1C_cell3|1881|2022-01-03T20:49:32|2022-01-03T21:48:02|#|102Ah_25degC_1C_cell3|1882|2022-01-03T23:43:26|2022-01-04T00:41:56|#|102Ah_25degC_1C_cell3|1883|2022-01-04T02:37:20|2022-01-04T03:35:50|#|102Ah_25degC_1C_cell3|1884|2022-01-04T05:31:16|2022-01-04T06:29:46|#|102Ah_25degC_1C_cell3|1885|2022-01-04T08:25:11|2022-01-04T09:23:41,2022-01-04T09:23:41,0.0
M6_event_stress_v1,contiguous_missing_20pct,102Ah_25degC_1C_cell3,2495,11,89.01343948449929,88.091,ridge_event_replay,5,102Ah_25degC_1C_cell3|2491|2022-04-01T00:03:53|2022-04-01T01:00:53|#|102Ah_25degC_1C_cell3|2492|2022-04-01T02:55:15|2022-04-01T03:52:15|#|102Ah_25degC_1C_cell3|2493|2022-04-01T05:46:36|2022-04-01T06:43:36|#|102Ah_25degC_1C_cell3|2494|2022-04-01T08:37:57|2022-04-01T09:34:56|#|102Ah_25degC_1C_cell3|2495|2022-04-01T20:03:26|2022-04-01T21:00:56,2022-04-01T21:00:56,0.0
M6_event_stress_v1,contiguous_missing_20pct,102Ah_25degC_1C_cell3,2632,12,88.10341244747077,87.634,ridge_event_replay,0,,2022-04-04T08:56:42,0.0
M6_event_stress_v1,contiguous_missing_20pct,102Ah_25degC_1C_cell3,2767,13,86.76318366188103,87.186,ridge_event_replay,0,,2022-04-04T08:56:42,0.0
M6_event_stress_v1,contiguous_missing_20pct,102Ah_25degC_1C_cell3,2899,14,85.92766376063557,86.59,ridge_event_replay,0,,2022-04-04T08:56:42,0.0
M6_event_stress_v1,contiguous_missing_20pct,102Ah_25degC_1C_cell3,3031,15,85.92766376063557,86.06,ridge_event_replay,0,,2022-04-04T08:56:42,0.0
M6_event_stress_v1,contiguous_missing_20pct,102Ah_25degC_1C_cell3,3160,16,85.92766376063557,85.611,ridge_event_replay,0,,2022-04-04T08:56:42,0.0
M6_event_stress_v1,contiguous_missing_20pct,102Ah_25degC_1C_cell3,3313,17,85.92766376063557,85.114,ridge_event_replay,0,,2022-04-04T08:56:42,0.0
M6_event_stress_v1,contiguous_missing_20pct,102Ah_25degC_1C_cell3,3445,18,85.66582585738463,84.615,ridge_event_replay,5,102Ah_25degC_1C_cell3|3441|2022-08-01T15:11:25|2022-08-01T16:07:25|#|102Ah_25degC_1C_cell3|3442|2022-08-01T17:59:26|2022-08-01T18:55:25|#|102Ah_25degC_1C_cell3|3443|2022-08-01T20:47:25|2022-08-01T21:43:25|#|102Ah_25degC_1C_cell3|3444|2022-08-01T23:35:24|2022-08-02T00:31:24|#|102Ah_25degC_1C_cell3|3445|2022-08-02T02:23:21|2022-08-02T03:19:21,2022-08-02T03:19:21,0.0
M6_event_stress_v1,contiguous_missing_20pct,102Ah_25degC_1C_cell3,3586,19,84.81670876310594,84.043,ridge_event_replay,5,102Ah_25degC_1C_cell3|3582|2022-08-20T12:42:18|2022-08-20T13:38:18|#|102Ah_25degC_1C_cell3|3583|2022-08-20T15:29:48|2022-08-20T16:25:48|#|102Ah_25degC_1C_cell3|3584|2022-08-20T18:17:20|2022-08-20T19:13:20|#|102Ah_25degC_1C_cell3|3585|2022-08-20T21:04:56|2022-08-20T22:00:56|#|102Ah_25degC_1C_cell3|3586|2022-08-20T23:52:32|2022-08-21T00:48:31,2022-08-21T00:48:31,0.0
M6_event_stress_v1,contiguous_missing_20pct,102Ah_25degC_1C_cell3,3717,20,84.54022871079061,83.473,ridge_event_replay,5,102Ah_25degC_1C_cell3|3713|2022-09-04T17:40:26|2022-09-04T18:35:56|#|102Ah_25degC_1C_cell3|3714|2022-09-04T20:27:14|2022-09-04T21:22:43|#|102Ah_25degC_1C_cell3|3715|2022-09-04T23:14:01|2022-09-05T00:09:30|#|102Ah_25degC_1C_cell3|3716|2022-09-05T02:00:50|2022-09-05T02:56:20|#|102Ah_25degC_1C_cell3|3717|2022-09-05T04:47:41|2022-09-05T05:43:11,2022-09-05T05:43:11,0.0
M6_event_stress_v1,contiguous_missing_20pct,102Ah_25degC_1C_cell3,3852,21,83.84306357426954,82.835,ridge_event_replay,5,102Ah_25degC_1C_cell3|3848|2022-09-20T08:07:12|2022-09-20T09:02:12|#|102Ah_25degC_1C_cell3|3849|2022-09-20T10:53:19|2022-09-20T11:48:19|#|102Ah_25degC_1C_cell3|3850|2022-09-20T13:39:28|2022-09-20T14:34:28|#|102Ah_25degC_1C_cell3|3851|2022-09-20T16:25:36|2022-09-20T17:20:36|#|102Ah_25degC_1C_cell3|3852|2022-09-20T19:11:44|2022-09-20T20:06:44,2022-09-20T20:06:44,0.0
M6_event_stress_v1,contiguous_missing_20pct,102Ah_25degC_1C_cell3,3987,22,82.42693860175291,81.961,ridge_event_replay,5,102Ah_25degC_1C_cell3|3983|2022-10-14T23:46:58|2022-10-15T00:41:57|#|102Ah_25degC_1C_cell3|3984|2022-10-15T02:32:16|2022-10-15T03:27:16|#|102Ah_25degC_1C_cell3|3985|2022-10-15T05:17:34|2022-10-15T06:12:34|#|102Ah_25degC_1C_cell3|3986|2022-10-15T08:02:52|2022-10-15T08:57:52|#|102Ah_25degC_1C_cell3|3987|2022-10-15T10:48:09|2022-10-15T11:43:09,2022-10-15T11:43:09,0.0
M6_event_stress_v1,contiguous_missing_20pct,102Ah_25degC_1C_cell3,4122,23,81.62623413154292,81.241,ridge_event_replay,5,102Ah_25degC_1C_cell3|4118|2022-10-30T19:49:01|2022-10-30T20:43:31|#|102Ah_25degC_1C_cell3|4119|2022-10-30T22:33:41|2022-10-30T23:28:11|#|102Ah_25degC_1C_cell3|4120|2022-10-31T01:18:19|2022-10-31T02:12:49|#|102Ah_25degC_1C_cell3|4121|2022-10-31T04:02:58|2022-10-31T04:57:28|#|102Ah_25degC_1C_cell3|4122|2022-10-31T06:47:38|2022-10-31T07:42:08,2022-10-31T07:42:08,0.0
M6_event_stress_v1,contiguous_missing_20pct,102Ah_25degC_1C_cell3,4257,24,80.74082391719296,80.472,ridge_event_replay,5,102Ah_25degC_1C_cell3|4253|2022-11-15T05:33:36|2022-11-15T06:28:06|#|102Ah_25degC_1C_cell3|4254|2022-11-15T08:17:33|2022-11-15T09:12:04|#|102Ah_25degC_1C_cell3|4255|2022-11-15T11:01:30|2022-11-15T11:56:00|#|102Ah_25degC_1C_cell3|4256|2022-11-15T13:45:25|2022-11-15T14:39:55|#|102Ah_25degC_1C_cell3|4257|2022-11-15T16:29:19|2022-11-15T17:23:48,2022-11-15T17:23:48,0.0
M6_event_stress_v1,contiguous_missing_20pct,102Ah_25degC_1C_cell3,4389,25,79.9689252826206,79.606,ridge_event_replay,5,102Ah_25degC_1C_cell3|4385|2022-11-30T05:06:29|2022-11-30T06:00:29|#|102Ah_25degC_1C_cell3|4386|2022-11-30T07:49:28|2022-11-30T08:43:28|#|102Ah_25degC_1C_cell3|4387|2022-11-30T10:32:27|2022-11-30T11:26:27|#|102Ah_25degC_1C_cell3|4388|2022-11-30T13:15:25|2022-11-30T14:09:25|#|102Ah_25degC_1C_cell3|4389|2022-11-30T15:58:23|2022-11-30T16:52:23,2022-11-30T16:52:23,0.0
M6_event_stress_v1,contiguous_missing_20pct,102Ah_25degC_1C_cell3,4518,26,79.01269116900625,78.648,ridge_event_replay,5,102Ah_25degC_1C_cell3|4514|2022-12-14T18:29:39|2022-12-14T19:23:09|#|102Ah_25degC_1C_cell3|4515|2022-12-14T21:11:41|2022-12-14T22:05:11|#|102Ah_25degC_1C_cell3|4516|2022-12-14T23:53:43|2022-12-15T00:47:12|#|102Ah_25degC_1C_cell3|4517|2022-12-15T02:35:44|2022-12-15T03:29:14|#|102Ah_25degC_1C_cell3|4518|2022-12-15T05:17:45|2022-12-15T06:11:15,2022-12-15T06:11:15,0.0
M6_event_stress_v1,contiguous_missing_20pct,102Ah_25degC_1C_cell3,4650,27,77.38538874037955,77.549,ridge_event_replay,5,102Ah_25degC_1C_cell3|4646|2022-12-30T04:37:41|2022-12-30T05:31:11|#|102Ah_25degC_1C_cell3|4647|2022-12-30T07:18:47|2022-12-30T08:12:17|#|102Ah_25degC_1C_cell3|4648|2022-12-30T09:59:51|2022-12-30T10:53:21|#|102Ah_25degC_1C_cell3|4649|2022-12-30T12:40:55|2022-12-30T13:34:25|#|102Ah_25degC_1C_cell3|4650|2022-12-30T15:21:59|2022-12-30T16:15:29,2022-12-30T16:15:29,0.0
M6_event_stress_v1,contiguous_missing_20pct,102Ah_25degC_1C_cell3,4792,28,76.14664575728742,76.204,ridge_event_replay,5,102Ah_25degC_1C_cell3|4788|2023-01-15T00:29:19|2023-01-15T01:22:19|#|102Ah_25degC_1C_cell3|4789|2023-01-15T03:09:10|2023-01-15T04:02:10|#|102Ah_25degC_1C_cell3|4790|2023-01-15T05:49:02|2023-01-15T06:42:02|#|102Ah_25degC_1C_cell3|4791|2023-01-15T08:28:54|2023-01-15T09:21:53|#|102Ah_25degC_1C_cell3|4792|2023-01-15T11:08:46|2023-01-15T12:01:45,2023-01-15T12:01:45,0.0
M6_event_stress_v1,contiguous_missing_20pct,102Ah_25degC_1C_cell3,4970,29,73.87466514976589,73.38,ridge_event_replay,5,102Ah_25degC_1C_cell3|4948|2023-03-15T19:41:14|2023-03-15T20:32:44|#|102Ah_25degC_1C_cell3|4949|2023-03-15T22:18:07|2023-03-15T23:09:37|#|102Ah_25degC_1C_cell3|4950|2023-03-16T00:54:58|2023-03-16T01:46:28|#|102Ah_25degC_1C_cell3|4951|2023-03-16T03:31:51|2023-03-16T04:23:21|#|102Ah_25degC_1C_cell3|4952|2023-03-16T06:08:43|2023-03-16T07:00:13,2023-03-16T07:00:13,0.0
M6_event_stress_v1,contiguous_missing_20pct,102Ah_25degC_1C_cell3,5099,30,73.27087006431331,70.854,ridge_event_replay,2,102Ah_25degC_1C_cell3|5029|2023-03-25T03:17:35|2023-03-25T04:09:05|#|102Ah_25degC_1C_cell3|5081|2023-03-30T17:49:36|2023-03-30T18:40:36,2023-03-30T18:40:36,0.0
M6_event_stress_v1,temperature_event_shift_1,102Ah_25degC_1C_cell3,212,1,98.14658784660374,98.416,ridge_event_replay,5,102Ah_25degC_1C_cell3|207|2021-05-27T04:55:17|2021-05-27T05:57:17|#|102Ah_25degC_1C_cell3|208|2021-05-27T07:58:04|2021-05-27T08:59:34|#|102Ah_25degC_1C_cell3|209|2021-05-27T11:00:21|2021-05-27T12:01:51|#|102Ah_25degC_1C_cell3|210|2021-05-27T14:02:36|2021-05-27T15:04:06|#|102Ah_25degC_1C_cell3|211|2021-05-27T17:04:22|2021-05-27T18:06:22,2021-05-27T18:06:22,0.0
M6_event_stress_v1,temperature_event_shift_1,102Ah_25degC_1C_cell3,341,2,97.4095753658466,97.313,ridge_event_replay,5,102Ah_25degC_1C_cell3|336|2021-06-12T11:36:33|2021-06-12T12:38:03|#|102Ah_25degC_1C_cell3|337|2021-06-12T14:37:42|2021-06-12T15:39:12|#|102Ah_25degC_1C_cell3|338|2021-06-12T17:39:19|2021-06-12T18:40:19|#|102Ah_25degC_1C_cell3|339|2021-06-12T20:39:55|2021-06-12T21:41:25|#|102Ah_25degC_1C_cell3|340|2021-06-12T23:41:02|2021-06-13T00:42:32,2021-06-13T00:42:32,0.0
M6_event_stress_v1,temperature_event_shift_1,102Ah_25degC_1C_cell3,469,3,96.09341475375507,96.453,ridge_event_replay,5,102Ah_25degC_1C_cell3|464|2021-06-30T17:56:52|2021-06-30T18:57:21|#|102Ah_25degC_1C_cell3|465|2021-06-30T20:56:39|2021-06-30T21:57:39|#|102Ah_25degC_1C_cell3|466|2021-06-30T23:57:25|2021-07-01T00:57:55|#|102Ah_25degC_1C_cell3|467|2021-07-01T02:57:39|2021-07-01T03:58:09|#|102Ah_25degC_1C_cell3|468|2021-07-01T05:57:55|2021-07-01T06:58:25,2021-07-01T06:58:25,0.0
M6_event_stress_v1,temperature_event_shift_1,102Ah_25degC_1C_cell3,606,4,95.36752816551272,95.685,ridge_event_replay,5,102Ah_25degC_1C_cell3|601|2021-07-18T13:19:38|2021-07-18T14:19:38|#|102Ah_25degC_1C_cell3|602|2021-07-18T16:19:09|2021-07-18T17:19:09|#|102Ah_25degC_1C_cell3|603|2021-07-18T19:18:09|2021-07-18T20:18:39|#|102Ah_25degC_1C_cell3|604|2021-07-18T22:18:08|2021-07-18T23:18:08|#|102Ah_25degC_1C_cell3|605|2021-07-19T01:17:09|2021-07-19T02:17:39,2021-07-19T02:17:39,0.0
M6_event_stress_v1,temperature_event_shift_1,102Ah_25degC_1C_cell3,735,5,95.2916585360939,95.032,ridge_event_replay,5,102Ah_25degC_1C_cell3|730|2021-08-03T14:28:51|2021-08-03T15:28:51|#|102Ah_25degC_1C_cell3|731|2021-08-03T17:27:08|2021-08-03T18:27:38|#|102Ah_25degC_1C_cell3|732|2021-08-03T20:25:52|2021-08-03T21:26:22|#|102Ah_25degC_1C_cell3|733|2021-08-03T23:24:36|2021-08-04T00:25:05|#|102Ah_25degC_1C_cell3|734|2021-08-04T02:23:20|2021-08-04T03:23:50,2021-08-04T03:23:50,0.0
M6_event_stress_v1,temperature_event_shift_1,102Ah_25degC_1C_cell3,872,6,94.59040764164702,94.387,ridge_event_replay,5,102Ah_25degC_1C_cell3|867|2021-08-20T13:56:21|2021-08-20T14:55:51|#|102Ah_25degC_1C_cell3|868|2021-08-20T16:53:56|2021-08-20T17:53:56|#|102Ah_25degC_1C_cell3|869|2021-08-20T19:51:58|2021-08-20T20:51:58|#|102Ah_25degC_1C_cell3|870|2021-08-20T22:50:00|2021-08-20T23:50:00|#|102Ah_25degC_1C_cell3|871|2021-08-21T01:48:34|2021-08-21T02:48:04,2021-08-21T02:48:04,0.0
M6_event_stress_v1,temperature_event_shift_1,102Ah_25degC_1C_cell3,1001,7,93.8095493416537,93.84,ridge_event_replay,5,102Ah_25degC_1C_cell3|1000|2021-09-06T10:27:51|2021-09-06T11:27:51|#|102Ah_25degC_1C_cell3|1001|2021-09-06T13:25:21|2021-09-06T14:25:21|#|102Ah_25degC_1C_cell3|997|2021-09-05T15:04:58|2021-09-05T16:04:28|#|102Ah_25degC_1C_cell3|998|2021-09-05T18:01:54|2021-09-05T19:01:54|#|102Ah_25degC_1C_cell3|999|2021-09-05T20:59:51|2021-09-05T21:59:21,2021-09-06T14:25:21,0.0
M6_event_stress_v1,temperature_event_shift_1,102Ah_25degC_1C_cell3,1627,8,91.91846183094916,91.223,ridge_event_replay,5,102Ah_25degC_1C_cell3|1623|2021-12-03T15:37:45|2021-12-03T16:36:15|#|102Ah_25degC_1C_cell3|1624|2021-12-03T18:32:20|2021-12-03T19:30:50|#|102Ah_25degC_1C_cell3|1625|2021-12-03T21:26:56|2021-12-03T22:25:26|#|102Ah_25degC_1C_cell3|1626|2021-12-04T00:21:30|2021-12-04T01:20:00|#|102Ah_25degC_1C_cell3|1627|2021-12-04T03:16:04|2021-12-04T04:14:34,2021-12-04T04:14:34,0.0
M6_event_stress_v1,temperature_event_shift_1,102Ah_25degC_1C_cell3,1756,9,91.35382762241349,90.681,ridge_event_replay,5,102Ah_25degC_1C_cell3|1752|2021-12-19T06:32:57|2021-12-19T07:31:26|#|102Ah_25degC_1C_cell3|1753|2021-12-19T09:27:11|2021-12-19T10:25:41|#|102Ah_25degC_1C_cell3|1754|2021-12-19T12:21:26|2021-12-19T13:19:56|#|102Ah_25degC_1C_cell3|1755|2021-12-19T15:15:42|2021-12-19T16:14:11|#|102Ah_25degC_1C_cell3|1756|2021-12-19T18:09:56|2021-12-19T19:08:26,2021-12-19T19:08:26,0.0
M6_event_stress_v1,temperature_event_shift_1,102Ah_25degC_1C_cell3,1885,10,90.8059512433713,90.145,ridge_event_replay,5,102Ah_25degC_1C_cell3|1881|2022-01-03T20:49:32|2022-01-03T21:48:02|#|102Ah_25degC_1C_cell3|1882|2022-01-03T23:43:26|2022-01-04T00:41:56|#|102Ah_25degC_1C_cell3|1883|2022-01-04T02:37:20|2022-01-04T03:35:50|#|102Ah_25degC_1C_cell3|1884|2022-01-04T05:31:16|2022-01-04T06:29:46|#|102Ah_25degC_1C_cell3|1885|2022-01-04T08:25:11|2022-01-04T09:23:41,2022-01-04T09:23:41,0.0
M6_event_stress_v1,temperature_event_shift_1,102Ah_25degC_1C_cell3,2495,11,89.01603536440724,88.091,ridge_event_replay,5,102Ah_25degC_1C_cell3|2491|2022-04-01T00:03:53|2022-04-01T01:00:53|#|102Ah_25degC_1C_cell3|2492|2022-04-01T02:55:15|2022-04-01T03:52:15|#|102Ah_25degC_1C_cell3|2493|2022-04-01T05:46:36|2022-04-01T06:43:36|#|102Ah_25degC_1C_cell3|2494|2022-04-01T08:37:57|2022-04-01T09:34:56|#|102Ah_25degC_1C_cell3|2495|2022-04-01T20:03:26|2022-04-01T21:00:56,2022-04-01T21:00:56,0.0
M6_event_stress_v1,temperature_event_shift_1,102Ah_25degC_1C_cell3,2632,12,88.41807371902696,87.634,ridge_event_replay,5,102Ah_25degC_1C_cell3|2628|2022-04-17T06:55:12|2022-04-17T07:52:12|#|102Ah_25degC_1C_cell3|2629|2022-04-17T09:46:12|2022-04-17T10:43:12|#|102Ah_25degC_1C_cell3|2630|2022-04-17T12:37:13|2022-04-17T13:34:13|#|102Ah_25degC_1C_cell3|2631|2022-04-17T15:28:13|2022-04-17T16:25:13|#|102Ah_25degC_1C_cell3|2632|2022-04-17T18:19:14|2022-04-17T19:16:14,2022-04-17T19:16:14,0.0
M6_event_stress_v1,temperature_event_shift_1,102Ah_25degC_1C_cell3,2767,13,87.99238517858802,87.186,ridge_event_replay,5,102Ah_25degC_1C_cell3|2763|2022-05-09T14:41:33|2022-05-09T15:38:03|#|102Ah_25degC_1C_cell3|2764|2022-05-09T17:31:42|2022-05-09T18:28:11|#|102Ah_25degC_1C_cell3|2765|2022-05-09T20:21:50|2022-05-09T21:18:20|#|102Ah_25degC_1C_cell3|2766|2022-05-09T23:11:58|2022-05-10T00:08:28|#|102Ah_25degC_1C_cell3|2767|2022-05-10T02:02:06|2022-05-10T02:58:36,2022-05-10T02:58:36,0.0
M6_event_stress_v1,temperature_event_shift_1,102Ah_25degC_1C_cell3,2899,14,87.5382571249379,86.59,ridge_event_replay,5,102Ah_25degC_1C_cell3|2895|2022-05-25T05:04:19|2022-05-25T06:00:49|#|102Ah_25degC_1C_cell3|2896|2022-05-25T07:54:16|2022-05-25T08:50:46|#|102Ah_25degC_1C_cell3|2897|2022-05-25T10:44:12|2022-05-25T11:40:42|#|102Ah_25degC_1C_cell3|2898|2022-05-25T13:34:11|2022-05-25T14:30:41|#|102Ah_25degC_1C_cell3|2899|2022-05-25T16:24:08|2022-05-25T17:20:38,2022-05-25T17:20:38,0.0
M6_event_stress_v1,temperature_event_shift_1,102Ah_25degC_1C_cell3,3031,15,86.92840233659523,86.06,ridge_event_replay,5,102Ah_25degC_1C_cell3|3027|2022-06-14T00:30:08|2022-06-14T01:26:38|#|102Ah_25degC_1C_cell3|3028|2022-06-14T03:19:38|2022-06-14T04:16:08|#|102Ah_25degC_1C_cell3|3029|2022-06-14T06:09:07|2022-06-14T07:05:37|#|102Ah_25degC_1C_cell3|3030|2022-06-14T08:58:36|2022-06-14T09:55:05|#|102Ah_25degC_1C_cell3|3031|2022-06-14T11:48:05|2022-06-14T12:44:35,2022-06-14T12:44:35,0.0
M6_event_stress_v1,temperature_event_shift_1,102Ah_25degC_1C_cell3,3160,16,86.19927258367497,85.611,ridge_event_replay,5,102Ah_25degC_1C_cell3|3156|2022-06-29T04:26:55|2022-06-29T05:23:25|#|102Ah_25degC_1C_cell3|3157|2022-06-29T07:16:01|2022-06-29T08:12:30|#|102Ah_25degC_1C_cell3|3158|2022-06-29T10:05:07|2022-06-29T11:01:37|#|102Ah_25degC_1C_cell3|3159|2022-06-29T12:54:13|2022-06-29T13:50:43|#|102Ah_25degC_1C_cell3|3160|2022-06-29T15:43:20|2022-06-29T16:39:50,2022-06-29T16:39:50,0.0
M6_event_stress_v1,temperature_event_shift_1,102Ah_25degC_1C_cell3,3313,17,86.02333294267478,85.114,ridge_event_replay,5,102Ah_25degC_1C_cell3|3309|2022-07-17T04:59:47|2022-07-17T05:55:47|#|102Ah_25degC_1C_cell3|3310|2022-07-17T07:48:15|2022-07-17T08:44:14|#|102Ah_25degC_1C_cell3|3311|2022-07-17T10:36:42|2022-07-17T11:32:41|#|102Ah_25degC_1C_cell3|3312|2022-07-17T13:25:09|2022-07-17T14:21:09|#|102Ah_25degC_1C_cell3|3313|2022-07-17T16:13:36|2022-07-17T17:09:36,2022-07-17T17:09:36,0.0
M6_event_stress_v1,temperature_event_shift_1,102Ah_25degC_1C_cell3,3445,18,85.31424435650698,84.615,ridge_event_replay,5,102Ah_25degC_1C_cell3|3441|2022-08-01T15:11:25|2022-08-01T16:07:25|#|102Ah_25degC_1C_cell3|3442|2022-08-01T17:59:26|2022-08-01T18:55:25|#|102Ah_25degC_1C_cell3|3443|2022-08-01T20:47:25|2022-08-01T21:43:25|#|102Ah_25degC_1C_cell3|3444|2022-08-01T23:35:24|2022-08-02T00:31:24|#|102Ah_25degC_1C_cell3|3445|2022-08-02T02:23:21|2022-08-02T03:19:21,2022-08-02T03:19:21,0.0
M6_event_stress_v1,temperature_event_shift_1,102Ah_25degC_1C_cell3,3586,19,84.48462932968616,84.043,ridge_event_replay,5,102Ah_25degC_1C_cell3|3582|2022-08-20T12:42:18|2022-08-20T13:38:18|#|102Ah_25degC_1C_cell3|3583|2022-08-20T15:29:48|2022-08-20T16:25:48|#|102Ah_25degC_1C_cell3|3584|2022-08-20T18:17:20|2022-08-20T19:13:20|#|102Ah_25degC_1C_cell3|3585|2022-08-20T21:04:56|2022-08-20T22:00:56|#|102Ah_25degC_1C_cell3|3586|2022-08-20T23:52:32|2022-08-21T00:48:31,2022-08-21T00:48:31,0.0
M6_event_stress_v1,temperature_event_shift_1,102Ah_25degC_1C_cell3,3717,20,84.24217867975437,83.473,ridge_event_replay,5,102Ah_25degC_1C_cell3|3713|2022-09-04T17:40:26|2022-09-04T18:35:56|#|102Ah_25degC_1C_cell3|3714|2022-09-04T20:27:14|2022-09-04T21:22:43|#|102Ah_25degC_1C_cell3|3715|2022-09-04T23:14:01|2022-09-05T00:09:30|#|102Ah_25degC_1C_cell3|3716|2022-09-05T02:00:50|2022-09-05T02:56:20|#|102Ah_25degC_1C_cell3|3717|2022-09-05T04:47:41|2022-09-05T05:43:11,2022-09-05T05:43:11,0.0
M6_event_stress_v1,temperature_event_shift_1,102Ah_25degC_1C_cell3,3852,21,83.58505187065526,82.835,ridge_event_replay,5,102Ah_25degC_1C_cell3|3848|2022-09-20T08:07:12|2022-09-20T09:02:12|#|102Ah_25degC_1C_cell3|3849|2022-09-20T10:53:19|2022-09-20T11:48:19|#|102Ah_25degC_1C_cell3|3850|2022-09-20T13:39:28|2022-09-20T14:34:28|#|102Ah_25degC_1C_cell3|3851|2022-09-20T16:25:36|2022-09-20T17:20:36|#|102Ah_25degC_1C_cell3|3852|2022-09-20T19:11:44|2022-09-20T20:06:44,2022-09-20T20:06:44,0.0
M6_event_stress_v1,temperature_event_shift_1,102Ah_25degC_1C_cell3,3987,22,82.19967953039257,81.961,ridge_event_replay,5,102Ah_25degC_1C_cell3|3983|2022-10-14T23:46:58|2022-10-15T00:41:57|#|102Ah_25degC_1C_cell3|3984|2022-10-15T02:32:16|2022-10-15T03:27:16|#|102Ah_25degC_1C_cell3|3985|2022-10-15T05:17:34|2022-10-15T06:12:34|#|102Ah_25degC_1C_cell3|3986|2022-10-15T08:02:52|2022-10-15T08:57:52|#|102Ah_25degC_1C_cell3|3987|2022-10-15T10:48:09|2022-10-15T11:43:09,2022-10-15T11:43:09,0.0
M6_event_stress_v1,temperature_event_shift_1,102Ah_25degC_1C_cell3,4122,23,81.42943672111079,81.241,ridge_event_replay,5,102Ah_25degC_1C_cell3|4118|2022-10-30T19:49:01|2022-10-30T20:43:31|#|102Ah_25degC_1C_cell3|4119|2022-10-30T22:33:41|2022-10-30T23:28:11|#|102Ah_25degC_1C_cell3|4120|2022-10-31T01:18:19|2022-10-31T02:12:49|#|102Ah_25degC_1C_cell3|4121|2022-10-31T04:02:58|2022-10-31T04:57:28|#|102Ah_25degC_1C_cell3|4122|2022-10-31T06:47:38|2022-10-31T07:42:08,2022-10-31T07:42:08,0.0
M6_event_stress_v1,temperature_event_shift_1,102Ah_25degC_1C_cell3,4257,24,80.57869486110656,80.472,ridge_event_replay,5,102Ah_25degC_1C_cell3|4253|2022-11-15T05:33:36|2022-11-15T06:28:06|#|102Ah_25degC_1C_cell3|4254|2022-11-15T08:17:33|2022-11-15T09:12:04|#|102Ah_25degC_1C_cell3|4255|2022-11-15T11:01:30|2022-11-15T11:56:00|#|102Ah_25degC_1C_cell3|4256|2022-11-15T13:45:25|2022-11-15T14:39:55|#|102Ah_25degC_1C_cell3|4257|2022-11-15T16:29:19|2022-11-15T17:23:48,2022-11-15T17:23:48,0.0
M6_event_stress_v1,temperature_event_shift_1,102Ah_25degC_1C_cell3,4389,25,79.83217960892885,79.606,ridge_event_replay,5,102Ah_25degC_1C_cell3|4385|2022-11-30T05:06:29|2022-11-30T06:00:29|#|102Ah_25degC_1C_cell3|4386|2022-11-30T07:49:28|2022-11-30T08:43:28|#|102Ah_25degC_1C_cell3|4387|2022-11-30T10:32:27|2022-11-30T11:26:27|#|102Ah_25degC_1C_cell3|4388|2022-11-30T13:15:25|2022-11-30T14:09:25|#|102Ah_25degC_1C_cell3|4389|2022-11-30T15:58:23|2022-11-30T16:52:23,2022-11-30T16:52:23,0.0
M6_event_stress_v1,temperature_event_shift_1,102Ah_25degC_1C_cell3,4518,26,78.90548510755517,78.648,ridge_event_replay,5,102Ah_25degC_1C_cell3|4514|2022-12-14T18:29:39|2022-12-14T19:23:09|#|102Ah_25degC_1C_cell3|4515|2022-12-14T21:11:41|2022-12-14T22:05:11|#|102Ah_25degC_1C_cell3|4516|2022-12-14T23:53:43|2022-12-15T00:47:12|#|102Ah_25degC_1C_cell3|4517|2022-12-15T02:35:44|2022-12-15T03:29:14|#|102Ah_25degC_1C_cell3|4518|2022-12-15T05:17:45|2022-12-15T06:11:15,2022-12-15T06:11:15,0.0
M6_event_stress_v1,temperature_event_shift_1,102Ah_25degC_1C_cell3,4650,27,77.30733062052695,77.549,ridge_event_replay,5,102Ah_25degC_1C_cell3|4646|2022-12-30T04:37:41|2022-12-30T05:31:11|#|102Ah_25degC_1C_cell3|4647|2022-12-30T07:18:47|2022-12-30T08:12:17|#|102Ah_25degC_1C_cell3|4648|2022-12-30T09:59:51|2022-12-30T10:53:21|#|102Ah_25degC_1C_cell3|4649|2022-12-30T12:40:55|2022-12-30T13:34:25|#|102Ah_25degC_1C_cell3|4650|2022-12-30T15:21:59|2022-12-30T16:15:29,2022-12-30T16:15:29,0.0
M6_event_stress_v1,temperature_event_shift_1,102Ah_25degC_1C_cell3,4792,28,76.09727632296224,76.204,ridge_event_replay,5,102Ah_25degC_1C_cell3|4788|2023-01-15T00:29:19|2023-01-15T01:22:19|#|102Ah_25degC_1C_cell3|4789|2023-01-15T03:09:10|2023-01-15T04:02:10|#|102Ah_25degC_1C_cell3|4790|2023-01-15T05:49:02|2023-01-15T06:42:02|#|102Ah_25degC_1C_cell3|4791|2023-01-15T08:28:54|2023-01-15T09:21:53|#|102Ah_25degC_1C_cell3|4792|2023-01-15T11:08:46|2023-01-15T12:01:45,2023-01-15T12:01:45,0.0
M6_event_stress_v1,temperature_event_shift_1,102Ah_25degC_1C_cell3,4970,29,73.84774433275823,73.38,ridge_event_replay,5,102Ah_25degC_1C_cell3|4948|2023-03-15T19:41:14|2023-03-15T20:32:44|#|102Ah_25degC_1C_cell3|4949|2023-03-15T22:18:07|2023-03-15T23:09:37|#|102Ah_25degC_1C_cell3|4950|2023-03-16T00:54:58|2023-03-16T01:46:28|#|102Ah_25degC_1C_cell3|4951|2023-03-16T03:31:51|2023-03-16T04:23:21|#|102Ah_25degC_1C_cell3|4952|2023-03-16T06:08:43|2023-03-16T07:00:13,2023-03-16T07:00:13,0.0
M6_event_stress_v1,temperature_event_shift_1,102Ah_25degC_1C_cell3,5099,30,73.24586307153928,70.854,ridge_event_replay,2,102Ah_25degC_1C_cell3|5029|2023-03-25T03:17:35|2023-03-25T04:09:05|#|102Ah_25degC_1C_cell3|5081|2023-03-30T17:49:36|2023-03-30T18:40:36,2023-03-30T18:40:36,0.0
M6_event_stress_v1,clean_event_replay,102Ah_35degC_1C_cell1,270,1,97.90073598849509,97.944,ridge_event_replay,5,102Ah_35degC_1C_cell1|266|2021-06-03T00:25:48|2021-06-03T01:27:47|#|102Ah_35degC_1C_cell1|267|2021-06-03T03:28:10|2021-06-03T04:30:10|#|102Ah_35degC_1C_cell1|268|2021-06-03T06:30:33|2021-06-03T07:32:33|#|102Ah_35degC_1C_cell1|269|2021-06-03T09:32:56|2021-06-03T10:34:56|#|102Ah_35degC_1C_cell1|270|2021-06-03T12:35:17|2021-06-03T13:37:17,2021-06-03T13:37:17,0.0
M6_event_stress_v1,clean_event_replay,102Ah_35degC_1C_cell1,436,2,96.21393061421142,96.746,ridge_event_replay,5,102Ah_35degC_1C_cell1|432|2021-06-25T22:54:47|2021-06-25T23:56:17|#|102Ah_35degC_1C_cell1|433|2021-06-26T01:55:58|2021-06-26T02:57:27|#|102Ah_35degC_1C_cell1|434|2021-06-26T04:57:06|2021-06-26T05:58:36|#|102Ah_35degC_1C_cell1|435|2021-06-26T07:58:14|2021-06-26T08:59:44|#|102Ah_35degC_1C_cell1|436|2021-06-26T10:59:23|2021-06-26T12:00:53,2021-06-26T12:00:53,0.0
M6_event_stress_v1,clean_event_replay,102Ah_35degC_1C_cell1,602,3,95.32113868737983,95.84,ridge_event_replay,5,102Ah_35degC_1C_cell1|598|2021-07-17T08:01:54|2021-07-17T09:03:24|#|102Ah_35degC_1C_cell1|599|2021-07-17T11:02:08|2021-07-17T12:03:38|#|102Ah_35degC_1C_cell1|600|2021-07-17T14:02:23|2021-07-17T15:03:53|#|102Ah_35degC_1C_cell1|601|2021-07-17T17:02:35|2021-07-17T18:04:05|#|102Ah_35degC_1C_cell1|602|2021-07-17T20:02:49|2021-07-17T21:04:18,2021-07-17T21:04:18,0.0
M6_event_stress_v1,clean_event_replay,102Ah_35degC_1C_cell1,768,4,94.53205270811588,95.05,ridge_event_replay,5,102Ah_35degC_1C_cell1|764|2021-08-07T01:25:38|2021-08-07T02:26:38|#|102Ah_35degC_1C_cell1|765|2021-08-07T04:24:56|2021-08-07T05:25:56|#|102Ah_35degC_1C_cell1|766|2021-08-07T07:24:17|2021-08-07T08:25:16|#|102Ah_35degC_1C_cell1|767|2021-08-07T10:23:35|2021-08-07T11:24:35|#|102Ah_35degC_1C_cell1|768|2021-08-07T13:22:54|2021-08-07T14:23:53,2021-08-07T14:23:53,0.0
M6_event_stress_v1,clean_event_replay,102Ah_35degC_1C_cell1,934,5,93.74781776415561,94.325,ridge_event_replay,5,102Ah_35degC_1C_cell1|930|2021-08-27T18:30:07|2021-08-27T19:30:37|#|102Ah_35degC_1C_cell1|931|2021-08-27T21:28:40|2021-08-27T22:29:10|#|102Ah_35degC_1C_cell1|932|2021-08-28T00:27:13|2021-08-28T01:27:43|#|102Ah_35degC_1C_cell1|933|2021-08-28T03:25:44|2021-08-28T04:26:14|#|102Ah_35degC_1C_cell1|934|2021-08-28T06:24:17|2021-08-28T07:24:47,2021-08-28T07:24:47,0.0
M6_event_stress_v1,clean_event_replay,102Ah_35degC_1C_cell1,1101,6,92.79435585611532,93.595,ridge_event_replay,5,102Ah_35degC_1C_cell1|1097|2021-09-18T07:00:38|2021-09-18T08:00:38|#|102Ah_35degC_1C_cell1|1098|2021-09-18T09:58:20|2021-09-18T10:58:20|#|102Ah_35degC_1C_cell1|1099|2021-09-18T12:56:02|2021-09-18T13:56:02|#|102Ah_35degC_1C_cell1|1100|2021-09-18T15:53:43|2021-09-18T16:53:43|#|102Ah_35degC_1C_cell1|1101|2021-09-18T18:51:26|2021-09-18T19:51:26,2021-09-18T19:51:26,0.0
M6_event_stress_v1,clean_event_replay,102Ah_35degC_1C_cell1,1267,7,91.9471849153706,92.852,ridge_event_replay,5,102Ah_35degC_1C_cell1|1263|2021-10-15T22:34:04|2021-10-15T23:34:04|#|102Ah_35degC_1C_cell1|1264|2021-10-16T01:30:58|2021-10-16T02:30:58|#|102Ah_35degC_1C_cell1|1265|2021-10-16T04:27:53|2021-10-16T05:27:53|#|102Ah_35degC_1C_cell1|1266|2021-10-16T07:24:47|2021-10-16T08:24:47|#|102Ah_35degC_1C_cell1|1267|2021-10-16T10:21:41|2021-10-16T11:21:41,2021-10-16T11:21:41,0.0
M6_event_stress_v1,clean_event_replay,102Ah_35degC_1C_cell1,1433,8,91.07866569400296,92.207,ridge_event_replay,5,102Ah_35degC_1C_cell1|1429|2021-11-05T08:16:05|2021-11-05T09:15:35|#|102Ah_35degC_1C_cell1|1430|2021-11-05T11:12:16|2021-11-05T12:11:46|#|102Ah_35degC_1C_cell1|1431|2021-11-05T14:08:26|2021-11-05T15:07:56|#|102Ah_35degC_1C_cell1|1432|2021-11-05T17:04:34|2021-11-05T18:04:04|#|102Ah_35degC_1C_cell1|1433|2021-11-05T20:00:43|2021-11-05T21:00:13,2021-11-05T21:00:13,0.0
M6_event_stress_v1,clean_event_replay,102Ah_35degC_1C_cell1,1599,9,90.21376420656941,91.607,ridge_event_replay,5,102Ah_35degC_1C_cell1|1595|2021-11-30T07:07:00|2021-11-30T08:06:00|#|102Ah_35degC_1C_cell1|1596|2021-11-30T10:02:34|2021-11-30T11:01:33|#|102Ah_35degC_1C_cell1|1597|2021-11-30T12:58:07|2021-11-30T13:57:07|#|102Ah_35degC_1C_cell1|1598|2021-11-30T15:53:40|2021-11-30T16:52:40|#|102Ah_35degC_1C_cell1|1599|2021-11-30T18:49:13|2021-11-30T19:48:13,2021-11-30T19:48:13,0.0
M6_event_stress_v1,clean_event_replay,102Ah_35degC_1C_cell1,1765,10,89.40119875956118,90.941,ridge_event_replay,5,102Ah_35degC_1C_cell1|1761|2021-12-20T11:50:08|2021-12-20T12:49:08|#|102Ah_35degC_1C_cell1|1762|2021-12-20T14:44:57|2021-12-20T15:43:56|#|102Ah_35degC_1C_cell1|1763|2021-12-20T17:39:45|2021-12-20T18:38:45|#|102Ah_35degC_1C_cell1|1764|2021-12-20T20:34:35|2021-12-20T21:33:34|#|102Ah_35degC_1C_cell1|1765|2021-12-20T23:29:22|2021-12-21T00:28:22,2021-12-21T00:28:22,0.0
M6_event_stress_v1,clean_event_replay,102Ah_35degC_1C_cell1,1932,11,88.50476000289113,89.839,ridge_event_replay,5,102Ah_35degC_1C_cell1|1928|2022-01-09T15:59:14|2022-01-09T16:57:44|#|102Ah_35degC_1C_cell1|1929|2022-01-09T18:52:59|2022-01-09T19:51:29|#|102Ah_35degC_1C_cell1|1930|2022-01-09T21:46:45|2022-01-09T22:45:15|#|102Ah_35degC_1C_cell1|1931|2022-01-10T00:40:30|2022-01-10T01:39:00|#|102Ah_35degC_1C_cell1|1932|2022-01-10T03:34:14|2022-01-10T04:32:44,2022-01-10T04:32:44,0.0
M6_event_stress_v1,clean_event_replay,102Ah_35degC_1C_cell1,2098,12,87.6744200286942,89.102,ridge_event_replay,5,102Ah_35degC_1C_cell1|2094|2022-02-08T18:47:21|2022-02-08T19:45:21|#|102Ah_35degC_1C_cell1|2095|2022-02-08T21:40:08|2022-02-08T22:38:08|#|102Ah_35degC_1C_cell1|2096|2022-02-09T00:32:59|2022-02-09T01:30:59|#|102Ah_35degC_1C_cell1|2097|2022-02-09T03:25:47|2022-02-09T04:23:46|#|102Ah_35degC_1C_cell1|2098|2022-02-09T06:18:35|2022-02-09T07:16:35,2022-02-09T07:16:35,0.0
M6_event_stress_v1,clean_event_replay,102Ah_35degC_1C_cell1,2264,13,86.85559652138981,88.517,ridge_event_replay,5,102Ah_35degC_1C_cell1|2260|2022-02-28T16:03:28|2022-02-28T17:00:58|#|102Ah_35degC_1C_cell1|2261|2022-02-28T18:55:39|2022-02-28T19:53:08|#|102Ah_35degC_1C_cell1|2262|2022-02-28T21:47:49|2022-02-28T22:45:19|#|102Ah_35degC_1C_cell1|2263|2022-03-01T00:39:58|2022-03-01T01:37:28|#|102Ah_35degC_1C_cell1|2264|2022-03-01T03:32:09|2022-03-01T04:29:39,2022-03-01T04:29:39,0.0
M6_event_stress_v1,clean_event_replay,102Ah_35degC_1C_cell1,2430,14,86.02819445258726,87.874,ridge_event_replay,5,102Ah_35degC_1C_cell1|2426|2022-03-20T11:33:54|2022-03-20T12:31:23|#|102Ah_35degC_1C_cell1|2427|2022-03-20T14:25:26|2022-03-20T15:22:56|#|102Ah_35degC_1C_cell1|2428|2022-03-20T17:16:58|2022-03-20T18:14:28|#|102Ah_35degC_1C_cell1|2429|2022-03-20T20:08:30|2022-03-20T21:06:00|#|102Ah_35degC_1C_cell1|2430|2022-03-20T23:00:02|2022-03-20T23:57:32,2022-03-20T23:57:32,0.0
M6_event_stress_v1,clean_event_replay,102Ah_35degC_1C_cell1,2596,15,85.58277801251461,87.254,ridge_event_replay,5,102Ah_35degC_1C_cell1|2592|2022-04-09T11:01:47|2022-04-09T11:59:17|#|102Ah_35degC_1C_cell1|2593|2022-04-09T13:52:56|2022-04-09T14:50:26|#|102Ah_35degC_1C_cell1|2594|2022-04-09T16:43:55|2022-04-09T17:41:25|#|102Ah_35degC_1C_cell1|2595|2022-04-09T19:34:50|2022-04-09T20:32:21|#|102Ah_35degC_1C_cell1|2596|2022-04-09T22:25:47|2022-04-09T23:22:47,2022-04-09T23:22:47,0.0
M6_event_stress_v1,clean_event_replay,102Ah_35degC_1C_cell1,2762,16,86.36015642620889,86.669,ridge_event_replay,5,102Ah_35degC_1C_cell1|2758|2022-05-01T12:20:22|2022-05-01T13:17:21|#|102Ah_35degC_1C_cell1|2759|2022-05-01T15:10:46|2022-05-01T16:07:46|#|102Ah_35degC_1C_cell1|2760|2022-05-01T18:01:11|2022-05-01T18:58:11|#|102Ah_35degC_1C_cell1|2761|2022-05-01T20:51:34|2022-05-01T21:48:34|#|102Ah_35degC_1C_cell1|2762|2022-05-01T23:41:59|2022-05-02T00:38:59,2022-05-02T00:38:59,0.0
M6_event_stress_v1,clean_event_replay,102Ah_35degC_1C_cell1,2928,17,86.02677202769671,86.04,ridge_event_replay,5,102Ah_35degC_1C_cell1|2924|2022-05-25T14:44:22|2022-05-25T15:40:52|#|102Ah_35degC_1C_cell1|2925|2022-05-25T17:33:53|2022-05-25T18:30:23|#|102Ah_35degC_1C_cell1|2926|2022-05-25T20:23:21|2022-05-25T21:19:51|#|102Ah_35degC_1C_cell1|2927|2022-05-25T23:12:51|2022-05-26T00:09:20|#|102Ah_35degC_1C_cell1|2928|2022-05-26T02:02:17|2022-05-26T02:58:47,2022-05-26T02:58:47,0.0
M6_event_stress_v1,clean_event_replay,102Ah_35degC_1C_cell1,3094,18,84.68821675753819,85.225,ridge_event_replay,5,102Ah_35degC_1C_cell1|3090|2022-06-19T18:10:54|2022-06-19T19:07:24|#|102Ah_35degC_1C_cell1|3091|2022-06-19T20:59:52|2022-06-19T21:56:22|#|102Ah_35degC_1C_cell1|3092|2022-06-19T23:48:49|2022-06-20T00:45:19|#|102Ah_35degC_1C_cell1|3093|2022-06-20T02:37:48|2022-06-20T03:34:18|#|102Ah_35degC_1C_cell1|3094|2022-06-20T05:26:45|2022-06-20T06:23:15,2022-06-20T06:23:15,0.0
M6_event_stress_v1,clean_event_replay,102Ah_35degC_1C_cell1,3260,19,83.80748249782917,84.635,ridge_event_replay,5,102Ah_35degC_1C_cell1|3256|2022-07-09T16:20:57|2022-07-09T17:17:27|#|102Ah_35degC_1C_cell1|3257|2022-07-09T19:09:28|2022-07-09T20:05:58|#|102Ah_35degC_1C_cell1|3258|2022-07-09T21:57:59|2022-07-09T22:54:29|#|102Ah_35degC_1C_cell1|3259|2022-07-10T00:46:30|2022-07-10T01:43:00|#|102Ah_35degC_1C_cell1|3260|2022-07-10T03:35:01|2022-07-10T04:31:31,2022-07-10T04:31:31,0.0
M6_event_stress_v1,clean_event_replay,102Ah_35degC_1C_cell1,3426,20,83.23082572482863,84.066,ridge_event_replay,5,102Ah_35degC_1C_cell1|3422|2022-07-29T03:13:57|2022-07-29T04:09:57|#|102Ah_35degC_1C_cell1|3423|2022-07-29T06:01:48|2022-07-29T06:57:48|#|102Ah_35degC_1C_cell1|3424|2022-07-29T08:49:38|2022-07-29T09:45:38|#|102Ah_35degC_1C_cell1|3425|2022-07-29T11:37:27|2022-07-29T12:33:27|#|102Ah_35degC_1C_cell1|3426|2022-07-29T14:25:19|2022-07-29T15:21:19,2022-07-29T15:21:19,0.0
M6_event_stress_v1,clean_event_replay,102Ah_35degC_1C_cell1,3593,21,82.46612615094388,83.481,ridge_event_replay,5,102Ah_35degC_1C_cell1|3589|2022-08-18T08:48:21|2022-08-18T09:44:21|#|102Ah_35degC_1C_cell1|3590|2022-08-18T11:35:36|2022-08-18T12:31:35|#|102Ah_35degC_1C_cell1|3591|2022-08-18T14:22:50|2022-08-18T15:18:50|#|102Ah_35degC_1C_cell1|3592|2022-08-18T17:10:04|2022-08-18T18:06:04|#|102Ah_35degC_1C_cell1|3593|2022-08-18T19:57:17|2022-08-18T20:53:17,2022-08-18T20:53:17,0.0
M6_event_stress_v1,clean_event_replay,102Ah_35degC_1C_cell1,3759,22,81.7145845021098,82.816,ridge_event_replay,5,102Ah_35degC_1C_cell1|3755|2022-09-06T14:48:42|2022-09-06T15:44:12|#|102Ah_35degC_1C_cell1|3756|2022-09-06T17:35:18|2022-09-06T18:30:48|#|102Ah_35degC_1C_cell1|3757|2022-09-06T20:21:53|2022-09-06T21:17:23|#|102Ah_35degC_1C_cell1|3758|2022-09-06T23:08:28|2022-09-07T00:03:58|#|102Ah_35degC_1C_cell1|3759|2022-09-07T01:55:02|2022-09-07T02:50:32,2022-09-07T02:50:32,0.0
M6_event_stress_v1,clean_event_replay,102Ah_35degC_1C_cell1,3925,23,80.71253096885424,82.089,ridge_event_replay,5,102Ah_35degC_1C_cell1|3921|2022-09-28T02:46:12|2022-09-28T03:41:42|#|102Ah_35degC_1C_cell1|3922|2022-09-28T05:32:00|2022-09-28T06:27:30|#|102Ah_35degC_1C_cell1|3923|2022-09-28T08:17:47|2022-09-28T09:13:17|#|102Ah_35degC_1C_cell1|3924|2022-09-28T11:03:34|2022-09-28T11:58:34|#|102Ah_35degC_1C_cell1|3925|2022-09-28T13:49:20|2022-09-28T14:44:19,2022-09-28T14:44:19,0.0
M6_event_stress_v1,clean_event_replay,102Ah_35degC_1C_cell1,4091,24,79.7962039395783,81.26,ridge_event_replay,5,102Ah_35degC_1C_cell1|4013|2022-10-18T02:41:45|2022-10-18T03:36:45|#|102Ah_35degC_1C_cell1|4014|2022-10-18T05:26:54|2022-10-18T06:21:54|#|102Ah_35degC_1C_cell1|4015|2022-10-18T08:12:02|2022-10-18T09:07:02|#|102Ah_35degC_1C_cell1|4016|2022-10-18T10:57:11|2022-10-18T11:52:11|#|102Ah_35degC_1C_cell1|4017|2022-10-18T13:42:18|2022-10-18T14:37:18,2022-10-18T14:37:18,0.0
M6_event_stress_v1,clean_event_replay,102Ah_35degC_1C_cell1,4257,25,78.82305463141856,80.436,ridge_event_replay,0,,2022-10-18T14:37:18,0.0
M6_event_stress_v1,clean_event_replay,102Ah_35degC_1C_cell1,4423,26,78.82305463141856,79.583,ridge_event_replay,0,,2022-10-18T14:37:18,0.0
M6_event_stress_v1,clean_event_replay,102Ah_35degC_1C_cell1,4589,27,78.82305463141856,78.65,ridge_event_replay,0,,2022-10-18T14:37:18,0.0
M6_event_stress_v1,clean_event_replay,102Ah_35degC_1C_cell1,4755,28,75.42206473128198,77.59,ridge_event_replay,5,102Ah_35degC_1C_cell1|4751|2023-01-13T06:15:43|2023-01-13T07:09:13|#|102Ah_35degC_1C_cell1|4752|2023-01-13T08:56:49|2023-01-13T09:50:19|#|102Ah_35degC_1C_cell1|4753|2023-01-13T11:37:55|2023-01-13T12:31:25|#|102Ah_35degC_1C_cell1|4754|2023-01-13T14:19:00|2023-01-13T15:12:30|#|102Ah_35degC_1C_cell1|4755|2023-01-13T17:00:04|2023-01-13T17:53:34,2023-01-13T17:53:34,0.0
M6_event_stress_v1,clean_event_replay,102Ah_35degC_1C_cell1,4921,29,74.02243823513126,76.374,ridge_event_replay,5,102Ah_35degC_1C_cell1|4879|2023-02-05T20:19:31|2023-02-05T21:12:31|#|102Ah_35degC_1C_cell1|4880|2023-02-05T22:59:37|2023-02-05T23:52:37|#|102Ah_35degC_1C_cell1|4881|2023-02-06T01:39:43|2023-02-06T02:32:43|#|102Ah_35degC_1C_cell1|4882|2023-02-06T04:19:48|2023-02-06T05:12:48|#|102Ah_35degC_1C_cell1|4883|2023-02-06T06:59:51|2023-02-06T07:52:50,2023-02-06T07:52:50,0.0
M6_event_stress_v1,clean_event_replay,102Ah_35degC_1C_cell1,5087,30,72.62799589476134,75.089,ridge_event_replay,0,,2023-02-06T07:52:50,0.0
M6_event_stress_v1,bias_+1C,102Ah_35degC_1C_cell1,270,1,97.8011493417193,97.944,ridge_event_replay,5,102Ah_35degC_1C_cell1|266|2021-06-03T00:25:48|2021-06-03T01:27:47|#|102Ah_35degC_1C_cell1|267|2021-06-03T03:28:10|2021-06-03T04:30:10|#|102Ah_35degC_1C_cell1|268|2021-06-03T06:30:33|2021-06-03T07:32:33|#|102Ah_35degC_1C_cell1|269|2021-06-03T09:32:56|2021-06-03T10:34:56|#|102Ah_35degC_1C_cell1|270|2021-06-03T12:35:17|2021-06-03T13:37:17,2021-06-03T13:37:17,1.0
M6_event_stress_v1,bias_+1C,102Ah_35degC_1C_cell1,436,2,96.11434396743563,96.746,ridge_event_replay,5,102Ah_35degC_1C_cell1|432|2021-06-25T22:54:47|2021-06-25T23:56:17|#|102Ah_35degC_1C_cell1|433|2021-06-26T01:55:58|2021-06-26T02:57:27|#|102Ah_35degC_1C_cell1|434|2021-06-26T04:57:06|2021-06-26T05:58:36|#|102Ah_35degC_1C_cell1|435|2021-06-26T07:58:14|2021-06-26T08:59:44|#|102Ah_35degC_1C_cell1|436|2021-06-26T10:59:23|2021-06-26T12:00:53,2021-06-26T12:00:53,1.0
M6_event_stress_v1,bias_+1C,102Ah_35degC_1C_cell1,602,3,95.22155204060404,95.84,ridge_event_replay,5,102Ah_35degC_1C_cell1|598|2021-07-17T08:01:54|2021-07-17T09:03:24|#|102Ah_35degC_1C_cell1|599|2021-07-17T11:02:08|2021-07-17T12:03:38|#|102Ah_35degC_1C_cell1|600|2021-07-17T14:02:23|2021-07-17T15:03:53|#|102Ah_35degC_1C_cell1|601|2021-07-17T17:02:35|2021-07-17T18:04:05|#|102Ah_35degC_1C_cell1|602|2021-07-17T20:02:49|2021-07-17T21:04:18,2021-07-17T21:04:18,1.0
M6_event_stress_v1,bias_+1C,102Ah_35degC_1C_cell1,768,4,94.4324660613401,95.05,ridge_event_replay,5,102Ah_35degC_1C_cell1|764|2021-08-07T01:25:38|2021-08-07T02:26:38|#|102Ah_35degC_1C_cell1|765|2021-08-07T04:24:56|2021-08-07T05:25:56|#|102Ah_35degC_1C_cell1|766|2021-08-07T07:24:17|2021-08-07T08:25:16|#|102Ah_35degC_1C_cell1|767|2021-08-07T10:23:35|2021-08-07T11:24:35|#|102Ah_35degC_1C_cell1|768|2021-08-07T13:22:54|2021-08-07T14:23:53,2021-08-07T14:23:53,1.0
M6_event_stress_v1,bias_+1C,102Ah_35degC_1C_cell1,934,5,93.64823111737982,94.325,ridge_event_replay,5,102Ah_35degC_1C_cell1|930|2021-08-27T18:30:07|2021-08-27T19:30:37|#|102Ah_35degC_1C_cell1|931|2021-08-27T21:28:40|2021-08-27T22:29:10|#|102Ah_35degC_1C_cell1|932|2021-08-28T00:27:13|2021-08-28T01:27:43|#|102Ah_35degC_1C_cell1|933|2021-08-28T03:25:44|2021-08-28T04:26:14|#|102Ah_35degC_1C_cell1|934|2021-08-28T06:24:17|2021-08-28T07:24:47,2021-08-28T07:24:47,1.0
M6_event_stress_v1,bias_+1C,102Ah_35degC_1C_cell1,1101,6,92.69476920933953,93.595,ridge_event_replay,5,102Ah_35degC_1C_cell1|1097|2021-09-18T07:00:38|2021-09-18T08:00:38|#|102Ah_35degC_1C_cell1|1098|2021-09-18T09:58:20|2021-09-18T10:58:20|#|102Ah_35degC_1C_cell1|1099|2021-09-18T12:56:02|2021-09-18T13:56:02|#|102Ah_35degC_1C_cell1|1100|2021-09-18T15:53:43|2021-09-18T16:53:43|#|102Ah_35degC_1C_cell1|1101|2021-09-18T18:51:26|2021-09-18T19:51:26,2021-09-18T19:51:26,1.0
M6_event_stress_v1,bias_+1C,102Ah_35degC_1C_cell1,1267,7,91.84759826859482,92.852,ridge_event_replay,5,102Ah_35degC_1C_cell1|1263|2021-10-15T22:34:04|2021-10-15T23:34:04|#|102Ah_35degC_1C_cell1|1264|2021-10-16T01:30:58|2021-10-16T02:30:58|#|102Ah_35degC_1C_cell1|1265|2021-10-16T04:27:53|2021-10-16T05:27:53|#|102Ah_35degC_1C_cell1|1266|2021-10-16T07:24:47|2021-10-16T08:24:47|#|102Ah_35degC_1C_cell1|1267|2021-10-16T10:21:41|2021-10-16T11:21:41,2021-10-16T11:21:41,1.0
M6_event_stress_v1,bias_+1C,102Ah_35degC_1C_cell1,1433,8,90.97907904722717,92.207,ridge_event_replay,5,102Ah_35degC_1C_cell1|1429|2021-11-05T08:16:05|2021-11-05T09:15:35|#|102Ah_35degC_1C_cell1|1430|2021-11-05T11:12:16|2021-11-05T12:11:46|#|102Ah_35degC_1C_cell1|1431|2021-11-05T14:08:26|2021-11-05T15:07:56|#|102Ah_35degC_1C_cell1|1432|2021-11-05T17:04:34|2021-11-05T18:04:04|#|102Ah_35degC_1C_cell1|1433|2021-11-05T20:00:43|2021-11-05T21:00:13,2021-11-05T21:00:13,1.0
M6_event_stress_v1,bias_+1C,102Ah_35degC_1C_cell1,1599,9,90.11417755979362,91.607,ridge_event_replay,5,102Ah_35degC_1C_cell1|1595|2021-11-30T07:07:00|2021-11-30T08:06:00|#|102Ah_35degC_1C_cell1|1596|2021-11-30T10:02:34|2021-11-30T11:01:33|#|102Ah_35degC_1C_cell1|1597|2021-11-30T12:58:07|2021-11-30T13:57:07|#|102Ah_35degC_1C_cell1|1598|2021-11-30T15:53:40|2021-11-30T16:52:40|#|102Ah_35degC_1C_cell1|1599|2021-11-30T18:49:13|2021-11-30T19:48:13,2021-11-30T19:48:13,1.0
M6_event_stress_v1,bias_+1C,102Ah_35degC_1C_cell1,1765,10,89.30161211278539,90.941,ridge_event_replay,5,102Ah_35degC_1C_cell1|1761|2021-12-20T11:50:08|2021-12-20T12:49:08|#|102Ah_35degC_1C_cell1|1762|2021-12-20T14:44:57|2021-12-20T15:43:56|#|102Ah_35degC_1C_cell1|1763|2021-12-20T17:39:45|2021-12-20T18:38:45|#|102Ah_35degC_1C_cell1|1764|2021-12-20T20:34:35|2021-12-20T21:33:34|#|102Ah_35degC_1C_cell1|1765|2021-12-20T23:29:22|2021-12-21T00:28:22,2021-12-21T00:28:22,1.0
M6_event_stress_v1,bias_+1C,102Ah_35degC_1C_cell1,1932,11,88.40517335611534,89.839,ridge_event_replay,5,102Ah_35degC_1C_cell1|1928|2022-01-09T15:59:14|2022-01-09T16:57:44|#|102Ah_35degC_1C_cell1|1929|2022-01-09T18:52:59|2022-01-09T19:51:29|#|102Ah_35degC_1C_cell1|1930|2022-01-09T21:46:45|2022-01-09T22:45:15|#|102Ah_35degC_1C_cell1|1931|2022-01-10T00:40:30|2022-01-10T01:39:00|#|102Ah_35degC_1C_cell1|1932|2022-01-10T03:34:14|2022-01-10T04:32:44,2022-01-10T04:32:44,1.0
M6_event_stress_v1,bias_+1C,102Ah_35degC_1C_cell1,2098,12,87.57483338191841,89.102,ridge_event_replay,5,102Ah_35degC_1C_cell1|2094|2022-02-08T18:47:21|2022-02-08T19:45:21|#|102Ah_35degC_1C_cell1|2095|2022-02-08T21:40:08|2022-02-08T22:38:08|#|102Ah_35degC_1C_cell1|2096|2022-02-09T00:32:59|2022-02-09T01:30:59|#|102Ah_35degC_1C_cell1|2097|2022-02-09T03:25:47|2022-02-09T04:23:46|#|102Ah_35degC_1C_cell1|2098|2022-02-09T06:18:35|2022-02-09T07:16:35,2022-02-09T07:16:35,1.0
M6_event_stress_v1,bias_+1C,102Ah_35degC_1C_cell1,2264,13,86.75600987461402,88.517,ridge_event_replay,5,102Ah_35degC_1C_cell1|2260|2022-02-28T16:03:28|2022-02-28T17:00:58|#|102Ah_35degC_1C_cell1|2261|2022-02-28T18:55:39|2022-02-28T19:53:08|#|102Ah_35degC_1C_cell1|2262|2022-02-28T21:47:49|2022-02-28T22:45:19|#|102Ah_35degC_1C_cell1|2263|2022-03-01T00:39:58|2022-03-01T01:37:28|#|102Ah_35degC_1C_cell1|2264|2022-03-01T03:32:09|2022-03-01T04:29:39,2022-03-01T04:29:39,1.0
M6_event_stress_v1,bias_+1C,102Ah_35degC_1C_cell1,2430,14,85.92860780581147,87.874,ridge_event_replay,5,102Ah_35degC_1C_cell1|2426|2022-03-20T11:33:54|2022-03-20T12:31:23|#|102Ah_35degC_1C_cell1|2427|2022-03-20T14:25:26|2022-03-20T15:22:56|#|102Ah_35degC_1C_cell1|2428|2022-03-20T17:16:58|2022-03-20T18:14:28|#|102Ah_35degC_1C_cell1|2429|2022-03-20T20:08:30|2022-03-20T21:06:00|#|102Ah_35degC_1C_cell1|2430|2022-03-20T23:00:02|2022-03-20T23:57:32,2022-03-20T23:57:32,1.0
M6_event_stress_v1,bias_+1C,102Ah_35degC_1C_cell1,2596,15,85.4831913657388,87.254,ridge_event_replay,5,102Ah_35degC_1C_cell1|2592|2022-04-09T11:01:47|2022-04-09T11:59:17|#|102Ah_35degC_1C_cell1|2593|2022-04-09T13:52:56|2022-04-09T14:50:26|#|102Ah_35degC_1C_cell1|2594|2022-04-09T16:43:55|2022-04-09T17:41:25|#|102Ah_35degC_1C_cell1|2595|2022-04-09T19:34:50|2022-04-09T20:32:21|#|102Ah_35degC_1C_cell1|2596|2022-04-09T22:25:47|2022-04-09T23:22:47,2022-04-09T23:22:47,1.0
M6_event_stress_v1,bias_+1C,102Ah_35degC_1C_cell1,2762,16,86.2605697794331,86.669,ridge_event_replay,5,102Ah_35degC_1C_cell1|2758|2022-05-01T12:20:22|2022-05-01T13:17:21|#|102Ah_35degC_1C_cell1|2759|2022-05-01T15:10:46|2022-05-01T16:07:46|#|102Ah_35degC_1C_cell1|2760|2022-05-01T18:01:11|2022-05-01T18:58:11|#|102Ah_35degC_1C_cell1|2761|2022-05-01T20:51:34|2022-05-01T21:48:34|#|102Ah_35degC_1C_cell1|2762|2022-05-01T23:41:59|2022-05-02T00:38:59,2022-05-02T00:38:59,1.0
M6_event_stress_v1,bias_+1C,102Ah_35degC_1C_cell1,2928,17,85.92718538092092,86.04,ridge_event_replay,5,102Ah_35degC_1C_cell1|2924|2022-05-25T14:44:22|2022-05-25T15:40:52|#|102Ah_35degC_1C_cell1|2925|2022-05-25T17:33:53|2022-05-25T18:30:23|#|102Ah_35degC_1C_cell1|2926|2022-05-25T20:23:21|2022-05-25T21:19:51|#|102Ah_35degC_1C_cell1|2927|2022-05-25T23:12:51|2022-05-26T00:09:20|#|102Ah_35degC_1C_cell1|2928|2022-05-26T02:02:17|2022-05-26T02:58:47,2022-05-26T02:58:47,1.0
M6_event_stress_v1,bias_+1C,102Ah_35degC_1C_cell1,3094,18,84.58863011076241,85.225,ridge_event_replay,5,102Ah_35degC_1C_cell1|3090|2022-06-19T18:10:54|2022-06-19T19:07:24|#|102Ah_35degC_1C_cell1|3091|2022-06-19T20:59:52|2022-06-19T21:56:22|#|102Ah_35degC_1C_cell1|3092|2022-06-19T23:48:49|2022-06-20T00:45:19|#|102Ah_35degC_1C_cell1|3093|2022-06-20T02:37:48|2022-06-20T03:34:18|#|102Ah_35degC_1C_cell1|3094|2022-06-20T05:26:45|2022-06-20T06:23:15,2022-06-20T06:23:15,1.0
M6_event_stress_v1,bias_+1C,102Ah_35degC_1C_cell1,3260,19,83.7078958510534,84.635,ridge_event_replay,5,102Ah_35degC_1C_cell1|3256|2022-07-09T16:20:57|2022-07-09T17:17:27|#|102Ah_35degC_1C_cell1|3257|2022-07-09T19:09:28|2022-07-09T20:05:58|#|102Ah_35degC_1C_cell1|3258|2022-07-09T21:57:59|2022-07-09T22:54:29|#|102Ah_35degC_1C_cell1|3259|2022-07-10T00:46:30|2022-07-10T01:43:00|#|102Ah_35degC_1C_cell1|3260|2022-07-10T03:35:01|2022-07-10T04:31:31,2022-07-10T04:31:31,1.0
M6_event_stress_v1,bias_+1C,102Ah_35degC_1C_cell1,3426,20,83.13123907805284,84.066,ridge_event_replay,5,102Ah_35degC_1C_cell1|3422|2022-07-29T03:13:57|2022-07-29T04:09:57|#|102Ah_35degC_1C_cell1|3423|2022-07-29T06:01:48|2022-07-29T06:57:48|#|102Ah_35degC_1C_cell1|3424|2022-07-29T08:49:38|2022-07-29T09:45:38|#|102Ah_35degC_1C_cell1|3425|2022-07-29T11:37:27|2022-07-29T12:33:27|#|102Ah_35degC_1C_cell1|3426|2022-07-29T14:25:19|2022-07-29T15:21:19,2022-07-29T15:21:19,1.0
M6_event_stress_v1,bias_+1C,102Ah_35degC_1C_cell1,3593,21,82.36653950416809,83.481,ridge_event_replay,5,102Ah_35degC_1C_cell1|3589|2022-08-18T08:48:21|2022-08-18T09:44:21|#|102Ah_35degC_1C_cell1|3590|2022-08-18T11:35:36|2022-08-18T12:31:35|#|102Ah_35degC_1C_cell1|3591|2022-08-18T14:22:50|2022-08-18T15:18:50|#|102Ah_35degC_1C_cell1|3592|2022-08-18T17:10:04|2022-08-18T18:06:04|#|102Ah_35degC_1C_cell1|3593|2022-08-18T19:57:17|2022-08-18T20:53:17,2022-08-18T20:53:17,1.0
M6_event_stress_v1,bias_+1C,102Ah_35degC_1C_cell1,3759,22,81.61499785533401,82.816,ridge_event_replay,5,102Ah_35degC_1C_cell1|3755|2022-09-06T14:48:42|2022-09-06T15:44:12|#|102Ah_35degC_1C_cell1|3756|2022-09-06T17:35:18|2022-09-06T18:30:48|#|102Ah_35degC_1C_cell1|3757|2022-09-06T20:21:53|2022-09-06T21:17:23|#|102Ah_35degC_1C_cell1|3758|2022-09-06T23:08:28|2022-09-07T00:03:58|#|102Ah_35degC_1C_cell1|3759|2022-09-07T01:55:02|2022-09-07T02:50:32,2022-09-07T02:50:32,1.0
M6_event_stress_v1,bias_+1C,102Ah_35degC_1C_cell1,3925,23,80.61294432207845,82.089,ridge_event_replay,5,102Ah_35degC_1C_cell1|3921|2022-09-28T02:46:12|2022-09-28T03:41:42|#|102Ah_35degC_1C_cell1|3922|2022-09-28T05:32:00|2022-09-28T06:27:30|#|102Ah_35degC_1C_cell1|3923|2022-09-28T08:17:47|2022-09-28T09:13:17|#|102Ah_35degC_1C_cell1|3924|2022-09-28T11:03:34|2022-09-28T11:58:34|#|102Ah_35degC_1C_cell1|3925|2022-09-28T13:49:20|2022-09-28T14:44:19,2022-09-28T14:44:19,1.0
M6_event_stress_v1,bias_+1C,102Ah_35degC_1C_cell1,4091,24,79.69661729280251,81.26,ridge_event_replay,5,102Ah_35degC_1C_cell1|4013|2022-10-18T02:41:45|2022-10-18T03:36:45|#|102Ah_35degC_1C_cell1|4014|2022-10-18T05:26:54|2022-10-18T06:21:54|#|102Ah_35degC_1C_cell1|4015|2022-10-18T08:12:02|2022-10-18T09:07:02|#|102Ah_35degC_1C_cell1|4016|2022-10-18T10:57:11|2022-10-18T11:52:11|#|102Ah_35degC_1C_cell1|4017|2022-10-18T13:42:18|2022-10-18T14:37:18,2022-10-18T14:37:18,1.0
M6_event_stress_v1,bias_+1C,102Ah_35degC_1C_cell1,4257,25,78.72346798464277,80.436,ridge_event_replay,0,,2022-10-18T14:37:18,1.0
M6_event_stress_v1,bias_+1C,102Ah_35degC_1C_cell1,4423,26,78.72346798464277,79.583,ridge_event_replay,0,,2022-10-18T14:37:18,1.0
M6_event_stress_v1,bias_+1C,102Ah_35degC_1C_cell1,4589,27,78.72346798464277,78.65,ridge_event_replay,0,,2022-10-18T14:37:18,1.0
M6_event_stress_v1,bias_+1C,102Ah_35degC_1C_cell1,4755,28,75.32247808450619,77.59,ridge_event_replay,5,102Ah_35degC_1C_cell1|4751|2023-01-13T06:15:43|2023-01-13T07:09:13|#|102Ah_35degC_1C_cell1|4752|2023-01-13T08:56:49|2023-01-13T09:50:19|#|102Ah_35degC_1C_cell1|4753|2023-01-13T11:37:55|2023-01-13T12:31:25|#|102Ah_35degC_1C_cell1|4754|2023-01-13T14:19:00|2023-01-13T15:12:30|#|102Ah_35degC_1C_cell1|4755|2023-01-13T17:00:04|2023-01-13T17:53:34,2023-01-13T17:53:34,1.0
M6_event_stress_v1,bias_+1C,102Ah_35degC_1C_cell1,4921,29,73.92285158835546,76.374,ridge_event_replay,5,102Ah_35degC_1C_cell1|4879|2023-02-05T20:19:31|2023-02-05T21:12:31|#|102Ah_35degC_1C_cell1|4880|2023-02-05T22:59:37|2023-02-05T23:52:37|#|102Ah_35degC_1C_cell1|4881|2023-02-06T01:39:43|2023-02-06T02:32:43|#|102Ah_35degC_1C_cell1|4882|2023-02-06T04:19:48|2023-02-06T05:12:48|#|102Ah_35degC_1C_cell1|4883|2023-02-06T06:59:51|2023-02-06T07:52:50,2023-02-06T07:52:50,1.0
M6_event_stress_v1,bias_+1C,102Ah_35degC_1C_cell1,5087,30,72.52840924798555,75.089,ridge_event_replay,0,,2023-02-06T07:52:50,1.0
M6_event_stress_v1,bias_-1C,102Ah_35degC_1C_cell1,270,1,98.00032263527088,97.944,ridge_event_replay,5,102Ah_35degC_1C_cell1|266|2021-06-03T00:25:48|2021-06-03T01:27:47|#|102Ah_35degC_1C_cell1|267|2021-06-03T03:28:10|2021-06-03T04:30:10|#|102Ah_35degC_1C_cell1|268|2021-06-03T06:30:33|2021-06-03T07:32:33|#|102Ah_35degC_1C_cell1|269|2021-06-03T09:32:56|2021-06-03T10:34:56|#|102Ah_35degC_1C_cell1|270|2021-06-03T12:35:17|2021-06-03T13:37:17,2021-06-03T13:37:17,-1.0
M6_event_stress_v1,bias_-1C,102Ah_35degC_1C_cell1,436,2,96.31351726098721,96.746,ridge_event_replay,5,102Ah_35degC_1C_cell1|432|2021-06-25T22:54:47|2021-06-25T23:56:17|#|102Ah_35degC_1C_cell1|433|2021-06-26T01:55:58|2021-06-26T02:57:27|#|102Ah_35degC_1C_cell1|434|2021-06-26T04:57:06|2021-06-26T05:58:36|#|102Ah_35degC_1C_cell1|435|2021-06-26T07:58:14|2021-06-26T08:59:44|#|102Ah_35degC_1C_cell1|436|2021-06-26T10:59:23|2021-06-26T12:00:53,2021-06-26T12:00:53,-1.0
M6_event_stress_v1,bias_-1C,102Ah_35degC_1C_cell1,602,3,95.42072533415562,95.84,ridge_event_replay,5,102Ah_35degC_1C_cell1|598|2021-07-17T08:01:54|2021-07-17T09:03:24|#|102Ah_35degC_1C_cell1|599|2021-07-17T11:02:08|2021-07-17T12:03:38|#|102Ah_35degC_1C_cell1|600|2021-07-17T14:02:23|2021-07-17T15:03:53|#|102Ah_35degC_1C_cell1|601|2021-07-17T17:02:35|2021-07-17T18:04:05|#|102Ah_35degC_1C_cell1|602|2021-07-17T20:02:49|2021-07-17T21:04:18,2021-07-17T21:04:18,-1.0
M6_event_stress_v1,bias_-1C,102Ah_35degC_1C_cell1,768,4,94.63163935489167,95.05,ridge_event_replay,5,102Ah_35degC_1C_cell1|764|2021-08-07T01:25:38|2021-08-07T02:26:38|#|102Ah_35degC_1C_cell1|765|2021-08-07T04:24:56|2021-08-07T05:25:56|#|102Ah_35degC_1C_cell1|766|2021-08-07T07:24:17|2021-08-07T08:25:16|#|102Ah_35degC_1C_cell1|767|2021-08-07T10:23:35|2021-08-07T11:24:35|#|102Ah_35degC_1C_cell1|768|2021-08-07T13:22:54|2021-08-07T14:23:53,2021-08-07T14:23:53,-1.0
M6_event_stress_v1,bias_-1C,102Ah_35degC_1C_cell1,934,5,93.8474044109314,94.325,ridge_event_replay,5,102Ah_35degC_1C_cell1|930|2021-08-27T18:30:07|2021-08-27T19:30:37|#|102Ah_35degC_1C_cell1|931|2021-08-27T21:28:40|2021-08-27T22:29:10|#|102Ah_35degC_1C_cell1|932|2021-08-28T00:27:13|2021-08-28T01:27:43|#|102Ah_35degC_1C_cell1|933|2021-08-28T03:25:44|2021-08-28T04:26:14|#|102Ah_35degC_1C_cell1|934|2021-08-28T06:24:17|2021-08-28T07:24:47,2021-08-28T07:24:47,-1.0
M6_event_stress_v1,bias_-1C,102Ah_35degC_1C_cell1,1101,6,92.89394250289111,93.595,ridge_event_replay,5,102Ah_35degC_1C_cell1|1097|2021-09-18T07:00:38|2021-09-18T08:00:38|#|102Ah_35degC_1C_cell1|1098|2021-09-18T09:58:20|2021-09-18T10:58:20|#|102Ah_35degC_1C_cell1|1099|2021-09-18T12:56:02|2021-09-18T13:56:02|#|102Ah_35degC_1C_cell1|1100|2021-09-18T15:53:43|2021-09-18T16:53:43|#|102Ah_35degC_1C_cell1|1101|2021-09-18T18:51:26|2021-09-18T19:51:26,2021-09-18T19:51:26,-1.0
M6_event_stress_v1,bias_-1C,102Ah_35degC_1C_cell1,1267,7,92.0467715621464,92.852,ridge_event_replay,5,102Ah_35degC_1C_cell1|1263|2021-10-15T22:34:04|2021-10-15T23:34:04|#|102Ah_35degC_1C_cell1|1264|2021-10-16T01:30:58|2021-10-16T02:30:58|#|102Ah_35degC_1C_cell1|1265|2021-10-16T04:27:53|2021-10-16T05:27:53|#|102Ah_35degC_1C_cell1|1266|2021-10-16T07:24:47|2021-10-16T08:24:47|#|102Ah_35degC_1C_cell1|1267|2021-10-16T10:21:41|2021-10-16T11:21:41,2021-10-16T11:21:41,-1.0
M6_event_stress_v1,bias_-1C,102Ah_35degC_1C_cell1,1433,8,91.17825234077876,92.207,ridge_event_replay,5,102Ah_35degC_1C_cell1|1429|2021-11-05T08:16:05|2021-11-05T09:15:35|#|102Ah_35degC_1C_cell1|1430|2021-11-05T11:12:16|2021-11-05T12:11:46|#|102Ah_35degC_1C_cell1|1431|2021-11-05T14:08:26|2021-11-05T15:07:56|#|102Ah_35degC_1C_cell1|1432|2021-11-05T17:04:34|2021-11-05T18:04:04|#|102Ah_35degC_1C_cell1|1433|2021-11-05T20:00:43|2021-11-05T21:00:13,2021-11-05T21:00:13,-1.0
M6_event_stress_v1,bias_-1C,102Ah_35degC_1C_cell1,1599,9,90.31335085334521,91.607,ridge_event_replay,5,102Ah_35degC_1C_cell1|1595|2021-11-30T07:07:00|2021-11-30T08:06:00|#|102Ah_35degC_1C_cell1|1596|2021-11-30T10:02:34|2021-11-30T11:01:33|#|102Ah_35degC_1C_cell1|1597|2021-11-30T12:58:07|2021-11-30T13:57:07|#|102Ah_35degC_1C_cell1|1598|2021-11-30T15:53:40|2021-11-30T16:52:40|#|102Ah_35degC_1C_cell1|1599|2021-11-30T18:49:13|2021-11-30T19:48:13,2021-11-30T19:48:13,-1.0
M6_event_stress_v1,bias_-1C,102Ah_35degC_1C_cell1,1765,10,89.50078540633697,90.941,ridge_event_replay,5,102Ah_35degC_1C_cell1|1761|2021-12-20T11:50:08|2021-12-20T12:49:08|#|102Ah_35degC_1C_cell1|1762|2021-12-20T14:44:57|2021-12-20T15:43:56|#|102Ah_35degC_1C_cell1|1763|2021-12-20T17:39:45|2021-12-20T18:38:45|#|102Ah_35degC_1C_cell1|1764|2021-12-20T20:34:35|2021-12-20T21:33:34|#|102Ah_35degC_1C_cell1|1765|2021-12-20T23:29:22|2021-12-21T00:28:22,2021-12-21T00:28:22,-1.0
M6_event_stress_v1,bias_-1C,102Ah_35degC_1C_cell1,1932,11,88.60434664966692,89.839,ridge_event_replay,5,102Ah_35degC_1C_cell1|1928|2022-01-09T15:59:14|2022-01-09T16:57:44|#|102Ah_35degC_1C_cell1|1929|2022-01-09T18:52:59|2022-01-09T19:51:29|#|102Ah_35degC_1C_cell1|1930|2022-01-09T21:46:45|2022-01-09T22:45:15|#|102Ah_35degC_1C_cell1|1931|2022-01-10T00:40:30|2022-01-10T01:39:00|#|102Ah_35degC_1C_cell1|1932|2022-01-10T03:34:14|2022-01-10T04:32:44,2022-01-10T04:32:44,-1.0
M6_event_stress_v1,bias_-1C,102Ah_35degC_1C_cell1,2098,12,87.77400667546999,89.102,ridge_event_replay,5,102Ah_35degC_1C_cell1|2094|2022-02-08T18:47:21|2022-02-08T19:45:21|#|102Ah_35degC_1C_cell1|2095|2022-02-08T21:40:08|2022-02-08T22:38:08|#|102Ah_35degC_1C_cell1|2096|2022-02-09T00:32:59|2022-02-09T01:30:59|#|102Ah_35degC_1C_cell1|2097|2022-02-09T03:25:47|2022-02-09T04:23:46|#|102Ah_35degC_1C_cell1|2098|2022-02-09T06:18:35|2022-02-09T07:16:35,2022-02-09T07:16:35,-1.0
M6_event_stress_v1,bias_-1C,102Ah_35degC_1C_cell1,2264,13,86.9551831681656,88.517,ridge_event_replay,5,102Ah_35degC_1C_cell1|2260|2022-02-28T16:03:28|2022-02-28T17:00:58|#|102Ah_35degC_1C_cell1|2261|2022-02-28T18:55:39|2022-02-28T19:53:08|#|102Ah_35degC_1C_cell1|2262|2022-02-28T21:47:49|2022-02-28T22:45:19|#|102Ah_35degC_1C_cell1|2263|2022-03-01T00:39:58|2022-03-01T01:37:28|#|102Ah_35degC_1C_cell1|2264|2022-03-01T03:32:09|2022-03-01T04:29:39,2022-03-01T04:29:39,-1.0
M6_event_stress_v1,bias_-1C,102Ah_35degC_1C_cell1,2430,14,86.12778109936305,87.874,ridge_event_replay,5,102Ah_35degC_1C_cell1|2426|2022-03-20T11:33:54|2022-03-20T12:31:23|#|102Ah_35degC_1C_cell1|2427|2022-03-20T14:25:26|2022-03-20T15:22:56|#|102Ah_35degC_1C_cell1|2428|2022-03-20T17:16:58|2022-03-20T18:14:28|#|102Ah_35degC_1C_cell1|2429|2022-03-20T20:08:30|2022-03-20T21:06:00|#|102Ah_35degC_1C_cell1|2430|2022-03-20T23:00:02|2022-03-20T23:57:32,2022-03-20T23:57:32,-1.0
M6_event_stress_v1,bias_-1C,102Ah_35degC_1C_cell1,2596,15,85.68236465929039,87.254,ridge_event_replay,5,102Ah_35degC_1C_cell1|2592|2022-04-09T11:01:47|2022-04-09T11:59:17|#|102Ah_35degC_1C_cell1|2593|2022-04-09T13:52:56|2022-04-09T14:50:26|#|102Ah_35degC_1C_cell1|2594|2022-04-09T16:43:55|2022-04-09T17:41:25|#|102Ah_35degC_1C_cell1|2595|2022-04-09T19:34:50|2022-04-09T20:32:21|#|102Ah_35degC_1C_cell1|2596|2022-04-09T22:25:47|2022-04-09T23:22:47,2022-04-09T23:22:47,-1.0
M6_event_stress_v1,bias_-1C,102Ah_35degC_1C_cell1,2762,16,86.45974307298468,86.669,ridge_event_replay,5,102Ah_35degC_1C_cell1|2758|2022-05-01T12:20:22|2022-05-01T13:17:21|#|102Ah_35degC_1C_cell1|2759|2022-05-01T15:10:46|2022-05-01T16:07:46|#|102Ah_35degC_1C_cell1|2760|2022-05-01T18:01:11|2022-05-01T18:58:11|#|102Ah_35degC_1C_cell1|2761|2022-05-01T20:51:34|2022-05-01T21:48:34|#|102Ah_35degC_1C_cell1|2762|2022-05-01T23:41:59|2022-05-02T00:38:59,2022-05-02T00:38:59,-1.0
M6_event_stress_v1,bias_-1C,102Ah_35degC_1C_cell1,2928,17,86.1263586744725,86.04,ridge_event_replay,5,102Ah_35degC_1C_cell1|2924|2022-05-25T14:44:22|2022-05-25T15:40:52|#|102Ah_35degC_1C_cell1|2925|2022-05-25T17:33:53|2022-05-25T18:30:23|#|102Ah_35degC_1C_cell1|2926|2022-05-25T20:23:21|2022-05-25T21:19:51|#|102Ah_35degC_1C_cell1|2927|2022-05-25T23:12:51|2022-05-26T00:09:20|#|102Ah_35degC_1C_cell1|2928|2022-05-26T02:02:17|2022-05-26T02:58:47,2022-05-26T02:58:47,-1.0
M6_event_stress_v1,bias_-1C,102Ah_35degC_1C_cell1,3094,18,84.78780340431399,85.225,ridge_event_replay,5,102Ah_35degC_1C_cell1|3090|2022-06-19T18:10:54|2022-06-19T19:07:24|#|102Ah_35degC_1C_cell1|3091|2022-06-19T20:59:52|2022-06-19T21:56:22|#|102Ah_35degC_1C_cell1|3092|2022-06-19T23:48:49|2022-06-20T00:45:19|#|102Ah_35degC_1C_cell1|3093|2022-06-20T02:37:48|2022-06-20T03:34:18|#|102Ah_35degC_1C_cell1|3094|2022-06-20T05:26:45|2022-06-20T06:23:15,2022-06-20T06:23:15,-1.0
M6_event_stress_v1,bias_-1C,102Ah_35degC_1C_cell1,3260,19,83.90706914460498,84.635,ridge_event_replay,5,102Ah_35degC_1C_cell1|3256|2022-07-09T16:20:57|2022-07-09T17:17:27|#|102Ah_35degC_1C_cell1|3257|2022-07-09T19:09:28|2022-07-09T20:05:58|#|102Ah_35degC_1C_cell1|3258|2022-07-09T21:57:59|2022-07-09T22:54:29|#|102Ah_35degC_1C_cell1|3259|2022-07-10T00:46:30|2022-07-10T01:43:00|#|102Ah_35degC_1C_cell1|3260|2022-07-10T03:35:01|2022-07-10T04:31:31,2022-07-10T04:31:31,-1.0
M6_event_stress_v1,bias_-1C,102Ah_35degC_1C_cell1,3426,20,83.33041237160442,84.066,ridge_event_replay,5,102Ah_35degC_1C_cell1|3422|2022-07-29T03:13:57|2022-07-29T04:09:57|#|102Ah_35degC_1C_cell1|3423|2022-07-29T06:01:48|2022-07-29T06:57:48|#|102Ah_35degC_1C_cell1|3424|2022-07-29T08:49:38|2022-07-29T09:45:38|#|102Ah_35degC_1C_cell1|3425|2022-07-29T11:37:27|2022-07-29T12:33:27|#|102Ah_35degC_1C_cell1|3426|2022-07-29T14:25:19|2022-07-29T15:21:19,2022-07-29T15:21:19,-1.0
M6_event_stress_v1,bias_-1C,102Ah_35degC_1C_cell1,3593,21,82.56571279771967,83.481,ridge_event_replay,5,102Ah_35degC_1C_cell1|3589|2022-08-18T08:48:21|2022-08-18T09:44:21|#|102Ah_35degC_1C_cell1|3590|2022-08-18T11:35:36|2022-08-18T12:31:35|#|102Ah_35degC_1C_cell1|3591|2022-08-18T14:22:50|2022-08-18T15:18:50|#|102Ah_35degC_1C_cell1|3592|2022-08-18T17:10:04|2022-08-18T18:06:04|#|102Ah_35degC_1C_cell1|3593|2022-08-18T19:57:17|2022-08-18T20:53:17,2022-08-18T20:53:17,-1.0
M6_event_stress_v1,bias_-1C,102Ah_35degC_1C_cell1,3759,22,81.81417114888559,82.816,ridge_event_replay,5,102Ah_35degC_1C_cell1|3755|2022-09-06T14:48:42|2022-09-06T15:44:12|#|102Ah_35degC_1C_cell1|3756|2022-09-06T17:35:18|2022-09-06T18:30:48|#|102Ah_35degC_1C_cell1|3757|2022-09-06T20:21:53|2022-09-06T21:17:23|#|102Ah_35degC_1C_cell1|3758|2022-09-06T23:08:28|2022-09-07T00:03:58|#|102Ah_35degC_1C_cell1|3759|2022-09-07T01:55:02|2022-09-07T02:50:32,2022-09-07T02:50:32,-1.0
M6_event_stress_v1,bias_-1C,102Ah_35degC_1C_cell1,3925,23,80.81211761563003,82.089,ridge_event_replay,5,102Ah_35degC_1C_cell1|3921|2022-09-28T02:46:12|2022-09-28T03:41:42|#|102Ah_35degC_1C_cell1|3922|2022-09-28T05:32:00|2022-09-28T06:27:30|#|102Ah_35degC_1C_cell1|3923|2022-09-28T08:17:47|2022-09-28T09:13:17|#|102Ah_35degC_1C_cell1|3924|2022-09-28T11:03:34|2022-09-28T11:58:34|#|102Ah_35degC_1C_cell1|3925|2022-09-28T13:49:20|2022-09-28T14:44:19,2022-09-28T14:44:19,-1.0
M6_event_stress_v1,bias_-1C,102Ah_35degC_1C_cell1,4091,24,79.8957905863541,81.26,ridge_event_replay,5,102Ah_35degC_1C_cell1|4013|2022-10-18T02:41:45|2022-10-18T03:36:45|#|102Ah_35degC_1C_cell1|4014|2022-10-18T05:26:54|2022-10-18T06:21:54|#|102Ah_35degC_1C_cell1|4015|2022-10-18T08:12:02|2022-10-18T09:07:02|#|102Ah_35degC_1C_cell1|4016|2022-10-18T10:57:11|2022-10-18T11:52:11|#|102Ah_35degC_1C_cell1|4017|2022-10-18T13:42:18|2022-10-18T14:37:18,2022-10-18T14:37:18,-1.0
M6_event_stress_v1,bias_-1C,102Ah_35degC_1C_cell1,4257,25,78.92264127819435,80.436,ridge_event_replay,0,,2022-10-18T14:37:18,-1.0
M6_event_stress_v1,bias_-1C,102Ah_35degC_1C_cell1,4423,26,78.92264127819435,79.583,ridge_event_replay,0,,2022-10-18T14:37:18,-1.0
M6_event_stress_v1,bias_-1C,102Ah_35degC_1C_cell1,4589,27,78.92264127819435,78.65,ridge_event_replay,0,,2022-10-18T14:37:18,-1.0
M6_event_stress_v1,bias_-1C,102Ah_35degC_1C_cell1,4755,28,75.52165137805777,77.59,ridge_event_replay,5,102Ah_35degC_1C_cell1|4751|2023-01-13T06:15:43|2023-01-13T07:09:13|#|102Ah_35degC_1C_cell1|4752|2023-01-13T08:56:49|2023-01-13T09:50:19|#|102Ah_35degC_1C_cell1|4753|2023-01-13T11:37:55|2023-01-13T12:31:25|#|102Ah_35degC_1C_cell1|4754|2023-01-13T14:19:00|2023-01-13T15:12:30|#|102Ah_35degC_1C_cell1|4755|2023-01-13T17:00:04|2023-01-13T17:53:34,2023-01-13T17:53:34,-1.0
M6_event_stress_v1,bias_-1C,102Ah_35degC_1C_cell1,4921,29,74.12202488190704,76.374,ridge_event_replay,5,102Ah_35degC_1C_cell1|4879|2023-02-05T20:19:31|2023-02-05T21:12:31|#|102Ah_35degC_1C_cell1|4880|2023-02-05T22:59:37|2023-02-05T23:52:37|#|102Ah_35degC_1C_cell1|4881|2023-02-06T01:39:43|2023-02-06T02:32:43|#|102Ah_35degC_1C_cell1|4882|2023-02-06T04:19:48|2023-02-06T05:12:48|#|102Ah_35degC_1C_cell1|4883|2023-02-06T06:59:51|2023-02-06T07:52:50,2023-02-06T07:52:50,-1.0
M6_event_stress_v1,bias_-1C,102Ah_35degC_1C_cell1,5087,30,72.72758254153713,75.089,ridge_event_replay,0,,2023-02-06T07:52:50,-1.0
M6_event_stress_v1,drift_+3C,102Ah_35degC_1C_cell1,270,1,97.89744076199526,97.944,ridge_event_replay,5,102Ah_35degC_1C_cell1|266|2021-06-03T00:25:48|2021-06-03T01:27:47|#|102Ah_35degC_1C_cell1|267|2021-06-03T03:28:10|2021-06-03T04:30:10|#|102Ah_35degC_1C_cell1|268|2021-06-03T06:30:33|2021-06-03T07:32:33|#|102Ah_35degC_1C_cell1|269|2021-06-03T09:32:56|2021-06-03T10:34:56|#|102Ah_35degC_1C_cell1|270|2021-06-03T12:35:17|2021-06-03T13:37:17,2021-06-03T13:37:17,0.0
M6_event_stress_v1,drift_+3C,102Ah_35degC_1C_cell1,436,2,96.19380320184013,96.746,ridge_event_replay,5,102Ah_35degC_1C_cell1|432|2021-06-25T22:54:47|2021-06-25T23:56:17|#|102Ah_35degC_1C_cell1|433|2021-06-26T01:55:58|2021-06-26T02:57:27|#|102Ah_35degC_1C_cell1|434|2021-06-26T04:57:06|2021-06-26T05:58:36|#|102Ah_35degC_1C_cell1|435|2021-06-26T07:58:14|2021-06-26T08:59:44|#|102Ah_35degC_1C_cell1|436|2021-06-26T10:59:23|2021-06-26T12:00:53,2021-06-26T12:00:53,0.0
M6_event_stress_v1,drift_+3C,102Ah_35degC_1C_cell1,602,3,95.28516823530511,95.84,ridge_event_replay,5,102Ah_35degC_1C_cell1|598|2021-07-17T08:01:54|2021-07-17T09:03:24|#|102Ah_35degC_1C_cell1|599|2021-07-17T11:02:08|2021-07-17T12:03:38|#|102Ah_35degC_1C_cell1|600|2021-07-17T14:02:23|2021-07-17T15:03:53|#|102Ah_35degC_1C_cell1|601|2021-07-17T17:02:35|2021-07-17T18:04:05|#|102Ah_35degC_1C_cell1|602|2021-07-17T20:02:49|2021-07-17T21:04:18,2021-07-17T21:04:18,0.0
M6_event_stress_v1,drift_+3C,102Ah_35degC_1C_cell1,768,4,94.48025449565849,95.05,ridge_event_replay,5,102Ah_35degC_1C_cell1|764|2021-08-07T01:25:38|2021-08-07T02:26:38|#|102Ah_35degC_1C_cell1|765|2021-08-07T04:24:56|2021-08-07T05:25:56|#|102Ah_35degC_1C_cell1|766|2021-08-07T07:24:17|2021-08-07T08:25:16|#|102Ah_35degC_1C_cell1|767|2021-08-07T10:23:35|2021-08-07T11:24:35|#|102Ah_35degC_1C_cell1|768|2021-08-07T13:22:54|2021-08-07T14:23:53,2021-08-07T14:23:53,0.0
M6_event_stress_v1,drift_+3C,102Ah_35degC_1C_cell1,934,5,93.68151038473484,94.325,ridge_event_replay,5,102Ah_35degC_1C_cell1|930|2021-08-27T18:30:07|2021-08-27T19:30:37|#|102Ah_35degC_1C_cell1|931|2021-08-27T21:28:40|2021-08-27T22:29:10|#|102Ah_35degC_1C_cell1|932|2021-08-28T00:27:13|2021-08-28T01:27:43|#|102Ah_35degC_1C_cell1|933|2021-08-28T03:25:44|2021-08-28T04:26:14|#|102Ah_35degC_1C_cell1|934|2021-08-28T06:24:17|2021-08-28T07:24:47,2021-08-28T07:24:47,0.0
M6_event_stress_v1,drift_+3C,102Ah_35degC_1C_cell1,1101,6,92.70783758994422,93.595,ridge_event_replay,5,102Ah_35degC_1C_cell1|1097|2021-09-18T07:00:38|2021-09-18T08:00:38|#|102Ah_35degC_1C_cell1|1098|2021-09-18T09:58:20|2021-09-18T10:58:20|#|102Ah_35degC_1C_cell1|1099|2021-09-18T12:56:02|2021-09-18T13:56:02|#|102Ah_35degC_1C_cell1|1100|2021-09-18T15:53:43|2021-09-18T16:53:43|#|102Ah_35degC_1C_cell1|1101|2021-09-18T18:51:26|2021-09-18T19:51:26,2021-09-18T19:51:26,0.0
M6_event_stress_v1,drift_+3C,102Ah_35degC_1C_cell1,1267,7,91.83924660902272,92.852,ridge_event_replay,5,102Ah_35degC_1C_cell1|1263|2021-10-15T22:34:04|2021-10-15T23:34:04|#|102Ah_35degC_1C_cell1|1264|2021-10-16T01:30:58|2021-10-16T02:30:58|#|102Ah_35degC_1C_cell1|1265|2021-10-16T04:27:53|2021-10-16T05:27:53|#|102Ah_35degC_1C_cell1|1266|2021-10-16T07:24:47|2021-10-16T08:24:47|#|102Ah_35degC_1C_cell1|1267|2021-10-16T10:21:41|2021-10-16T11:21:41,2021-10-16T11:21:41,0.0
M6_event_stress_v1,drift_+3C,102Ah_35degC_1C_cell1,1433,8,90.95247165587918,92.207,ridge_event_replay,5,102Ah_35degC_1C_cell1|1429|2021-11-05T08:16:05|2021-11-05T09:15:35|#|102Ah_35degC_1C_cell1|1430|2021-11-05T11:12:16|2021-11-05T12:11:46|#|102Ah_35degC_1C_cell1|1431|2021-11-05T14:08:26|2021-11-05T15:07:56|#|102Ah_35degC_1C_cell1|1432|2021-11-05T17:04:34|2021-11-05T18:04:04|#|102Ah_35degC_1C_cell1|1433|2021-11-05T20:00:43|2021-11-05T21:00:13,2021-11-05T21:00:13,0.0
M6_event_stress_v1,drift_+3C,102Ah_35degC_1C_cell1,1599,9,90.06423985459294,91.607,ridge_event_replay,5,102Ah_35degC_1C_cell1|1595|2021-11-30T07:07:00|2021-11-30T08:06:00|#|102Ah_35degC_1C_cell1|1596|2021-11-30T10:02:34|2021-11-30T11:01:33|#|102Ah_35degC_1C_cell1|1597|2021-11-30T12:58:07|2021-11-30T13:57:07|#|102Ah_35degC_1C_cell1|1598|2021-11-30T15:53:40|2021-11-30T16:52:40|#|102Ah_35degC_1C_cell1|1599|2021-11-30T18:49:13|2021-11-30T19:48:13,2021-11-30T19:48:13,0.0
M6_event_stress_v1,drift_+3C,102Ah_35degC_1C_cell1,1765,10,89.23020170981823,90.941,ridge_event_replay,5,102Ah_35degC_1C_cell1|1761|2021-12-20T11:50:08|2021-12-20T12:49:08|#|102Ah_35degC_1C_cell1|1762|2021-12-20T14:44:57|2021-12-20T15:43:56|#|102Ah_35degC_1C_cell1|1763|2021-12-20T17:39:45|2021-12-20T18:38:45|#|102Ah_35degC_1C_cell1|1764|2021-12-20T20:34:35|2021-12-20T21:33:34|#|102Ah_35degC_1C_cell1|1765|2021-12-20T23:29:22|2021-12-21T00:28:22,2021-12-21T00:28:22,0.0
M6_event_stress_v1,drift_+3C,102Ah_35degC_1C_cell1,1932,11,88.30341135641518,89.839,ridge_event_replay,5,102Ah_35degC_1C_cell1|1928|2022-01-09T15:59:14|2022-01-09T16:57:44|#|102Ah_35degC_1C_cell1|1929|2022-01-09T18:52:59|2022-01-09T19:51:29|#|102Ah_35degC_1C_cell1|1930|2022-01-09T21:46:45|2022-01-09T22:45:15|#|102Ah_35degC_1C_cell1|1931|2022-01-10T00:40:30|2022-01-10T01:39:00|#|102Ah_35degC_1C_cell1|1932|2022-01-10T03:34:14|2022-01-10T04:32:44,2022-01-10T04:32:44,0.0
M6_event_stress_v1,drift_+3C,102Ah_35degC_1C_cell1,2098,12,87.45257519531955,89.102,ridge_event_replay,5,102Ah_35degC_1C_cell1|2094|2022-02-08T18:47:21|2022-02-08T19:45:21|#|102Ah_35degC_1C_cell1|2095|2022-02-08T21:40:08|2022-02-08T22:38:08|#|102Ah_35degC_1C_cell1|2096|2022-02-09T00:32:59|2022-02-09T01:30:59|#|102Ah_35degC_1C_cell1|2097|2022-02-09T03:25:47|2022-02-09T04:23:46|#|102Ah_35degC_1C_cell1|2098|2022-02-09T06:18:35|2022-02-09T07:16:35,2022-02-09T07:16:35,0.0
M6_event_stress_v1,drift_+3C,102Ah_35degC_1C_cell1,2264,13,86.60870872553987,88.517,ridge_event_replay,5,102Ah_35degC_1C_cell1|2260|2022-02-28T16:03:28|2022-02-28T17:00:58|#|102Ah_35degC_1C_cell1|2261|2022-02-28T18:55:39|2022-02-28T19:53:08|#|102Ah_35degC_1C_cell1|2262|2022-02-28T21:47:49|2022-02-28T22:45:19|#|102Ah_35degC_1C_cell1|2263|2022-03-01T00:39:58|2022-03-01T01:37:28|#|102Ah_35degC_1C_cell1|2264|2022-03-01T03:32:09|2022-03-01T04:29:39,2022-03-01T04:29:39,0.0
M6_event_stress_v1,drift_+3C,102Ah_35degC_1C_cell1,2430,14,85.75333006623842,87.874,ridge_event_replay,5,102Ah_35degC_1C_cell1|2426|2022-03-20T11:33:54|2022-03-20T12:31:23|#|102Ah_35degC_1C_cell1|2427|2022-03-20T14:25:26|2022-03-20T15:22:56|#|102Ah_35degC_1C_cell1|2428|2022-03-20T17:16:58|2022-03-20T18:14:28|#|102Ah_35degC_1C_cell1|2429|2022-03-20T20:08:30|2022-03-20T21:06:00|#|102Ah_35degC_1C_cell1|2430|2022-03-20T23:00:02|2022-03-20T23:57:32,2022-03-20T23:57:32,0.0
M6_event_stress_v1,drift_+3C,102Ah_35degC_1C_cell1,2596,15,85.28007534694166,87.254,ridge_event_replay,5,102Ah_35degC_1C_cell1|2592|2022-04-09T11:01:47|2022-04-09T11:59:17|#|102Ah_35degC_1C_cell1|2593|2022-04-09T13:52:56|2022-04-09T14:50:26|#|102Ah_35degC_1C_cell1|2594|2022-04-09T16:43:55|2022-04-09T17:41:25|#|102Ah_35degC_1C_cell1|2595|2022-04-09T19:34:50|2022-04-09T20:32:21|#|102Ah_35degC_1C_cell1|2596|2022-04-09T22:25:47|2022-04-09T23:22:47,2022-04-09T23:22:47,0.0
M6_event_stress_v1,drift_+3C,102Ah_35degC_1C_cell1,2762,16,86.27276787391772,86.669,ridge_event_replay,5,102Ah_35degC_1C_cell1|2758|2022-05-01T12:20:22|2022-05-01T13:17:21|#|102Ah_35degC_1C_cell1|2759|2022-05-01T15:10:46|2022-05-01T16:07:46|#|102Ah_35degC_1C_cell1|2760|2022-05-01T18:01:11|2022-05-01T18:58:11|#|102Ah_35degC_1C_cell1|2761|2022-05-01T20:51:34|2022-05-01T21:48:34|#|102Ah_35degC_1C_cell1|2762|2022-05-01T23:41:59|2022-05-02T00:38:59,2022-05-02T00:38:59,0.0
M6_event_stress_v1,drift_+3C,102Ah_35degC_1C_cell1,2928,17,85.96508797148464,86.04,ridge_event_replay,5,102Ah_35degC_1C_cell1|2924|2022-05-25T14:44:22|2022-05-25T15:40:52|#|102Ah_35degC_1C_cell1|2925|2022-05-25T17:33:53|2022-05-25T18:30:23|#|102Ah_35degC_1C_cell1|2926|2022-05-25T20:23:21|2022-05-25T21:19:51|#|102Ah_35degC_1C_cell1|2927|2022-05-25T23:12:51|2022-05-26T00:09:20|#|102Ah_35degC_1C_cell1|2928|2022-05-26T02:02:17|2022-05-26T02:58:47,2022-05-26T02:58:47,0.0
M6_event_stress_v1,drift_+3C,102Ah_35degC_1C_cell1,3094,18,84.55014539533828,85.225,ridge_event_replay,5,102Ah_35degC_1C_cell1|3090|2022-06-19T18:10:54|2022-06-19T19:07:24|#|102Ah_35degC_1C_cell1|3091|2022-06-19T20:59:52|2022-06-19T21:56:22|#|102Ah_35degC_1C_cell1|3092|2022-06-19T23:48:49|2022-06-20T00:45:19|#|102Ah_35degC_1C_cell1|3093|2022-06-20T02:37:48|2022-06-20T03:34:18|#|102Ah_35degC_1C_cell1|3094|2022-06-20T05:26:45|2022-06-20T06:23:15,2022-06-20T06:23:15,0.0
M6_event_stress_v1,drift_+3C,102Ah_35degC_1C_cell1,3260,19,83.62306051157903,84.635,ridge_event_replay,5,102Ah_35degC_1C_cell1|3256|2022-07-09T16:20:57|2022-07-09T17:17:27|#|102Ah_35degC_1C_cell1|3257|2022-07-09T19:09:28|2022-07-09T20:05:58|#|102Ah_35degC_1C_cell1|3258|2022-07-09T21:57:59|2022-07-09T22:54:29|#|102Ah_35degC_1C_cell1|3259|2022-07-10T00:46:30|2022-07-10T01:43:00|#|102Ah_35degC_1C_cell1|3260|2022-07-10T03:35:01|2022-07-10T04:31:31,2022-07-10T04:31:31,0.0
M6_event_stress_v1,drift_+3C,102Ah_35degC_1C_cell1,3426,20,83.04860629987536,84.066,ridge_event_replay,5,102Ah_35degC_1C_cell1|3422|2022-07-29T03:13:57|2022-07-29T04:09:57|#|102Ah_35degC_1C_cell1|3423|2022-07-29T06:01:48|2022-07-29T06:57:48|#|102Ah_35degC_1C_cell1|3424|2022-07-29T08:49:38|2022-07-29T09:45:38|#|102Ah_35degC_1C_cell1|3425|2022-07-29T11:37:27|2022-07-29T12:33:27|#|102Ah_35degC_1C_cell1|3426|2022-07-29T14:25:19|2022-07-29T15:21:19,2022-07-29T15:21:19,0.0
M6_event_stress_v1,drift_+3C,102Ah_35degC_1C_cell1,3593,21,82.26476205158436,83.481,ridge_event_replay,5,102Ah_35degC_1C_cell1|3589|2022-08-18T08:48:21|2022-08-18T09:44:21|#|102Ah_35degC_1C_cell1|3590|2022-08-18T11:35:36|2022-08-18T12:31:35|#|102Ah_35degC_1C_cell1|3591|2022-08-18T14:22:50|2022-08-18T15:18:50|#|102Ah_35degC_1C_cell1|3592|2022-08-18T17:10:04|2022-08-18T18:06:04|#|102Ah_35degC_1C_cell1|3593|2022-08-18T19:57:17|2022-08-18T20:53:17,2022-08-18T20:53:17,0.0
M6_event_stress_v1,drift_+3C,102Ah_35degC_1C_cell1,3759,22,81.48992743831937,82.816,ridge_event_replay,5,102Ah_35degC_1C_cell1|3755|2022-09-06T14:48:42|2022-09-06T15:44:12|#|102Ah_35degC_1C_cell1|3756|2022-09-06T17:35:18|2022-09-06T18:30:48|#|102Ah_35degC_1C_cell1|3757|2022-09-06T20:21:53|2022-09-06T21:17:23|#|102Ah_35degC_1C_cell1|3758|2022-09-06T23:08:28|2022-09-07T00:03:58|#|102Ah_35degC_1C_cell1|3759|2022-09-07T01:55:02|2022-09-07T02:50:32,2022-09-07T02:50:32,0.0
M6_event_stress_v1,drift_+3C,102Ah_35degC_1C_cell1,3925,23,80.45471409377046,82.089,ridge_event_replay,5,102Ah_35degC_1C_cell1|3921|2022-09-28T02:46:12|2022-09-28T03:41:42|#|102Ah_35degC_1C_cell1|3922|2022-09-28T05:32:00|2022-09-28T06:27:30|#|102Ah_35degC_1C_cell1|3923|2022-09-28T08:17:47|2022-09-28T09:13:17|#|102Ah_35degC_1C_cell1|3924|2022-09-28T11:03:34|2022-09-28T11:58:34|#|102Ah_35degC_1C_cell1|3925|2022-09-28T13:49:20|2022-09-28T14:44:19,2022-09-28T14:44:19,0.0
M6_event_stress_v1,drift_+3C,102Ah_35degC_1C_cell1,4091,24,79.53443644604974,81.26,ridge_event_replay,5,102Ah_35degC_1C_cell1|4013|2022-10-18T02:41:45|2022-10-18T03:36:45|#|102Ah_35degC_1C_cell1|4014|2022-10-18T05:26:54|2022-10-18T06:21:54|#|102Ah_35degC_1C_cell1|4015|2022-10-18T08:12:02|2022-10-18T09:07:02|#|102Ah_35degC_1C_cell1|4016|2022-10-18T10:57:11|2022-10-18T11:52:11|#|102Ah_35degC_1C_cell1|4017|2022-10-18T13:42:18|2022-10-18T14:37:18,2022-10-18T14:37:18,0.0
M6_event_stress_v1,drift_+3C,102Ah_35degC_1C_cell1,4257,25,78.56128713788999,80.436,ridge_event_replay,0,,2022-10-18T14:37:18,0.0
M6_event_stress_v1,drift_+3C,102Ah_35degC_1C_cell1,4423,26,78.56128713788999,79.583,ridge_event_replay,0,,2022-10-18T14:37:18,0.0
M6_event_stress_v1,drift_+3C,102Ah_35degC_1C_cell1,4589,27,78.56128713788999,78.65,ridge_event_replay,0,,2022-10-18T14:37:18,0.0
M6_event_stress_v1,drift_+3C,102Ah_35degC_1C_cell1,4755,28,74.99080958676694,77.59,ridge_event_replay,5,102Ah_35degC_1C_cell1|4751|2023-01-13T06:15:43|2023-01-13T07:09:13|#|102Ah_35degC_1C_cell1|4752|2023-01-13T08:56:49|2023-01-13T09:50:19|#|102Ah_35degC_1C_cell1|4753|2023-01-13T11:37:55|2023-01-13T12:31:25|#|102Ah_35degC_1C_cell1|4754|2023-01-13T14:19:00|2023-01-13T15:12:30|#|102Ah_35degC_1C_cell1|4755|2023-01-13T17:00:04|2023-01-13T17:53:34,2023-01-13T17:53:34,0.0
M6_event_stress_v1,drift_+3C,102Ah_35degC_1C_cell1,4921,29,73.5113736394,76.374,ridge_event_replay,5,102Ah_35degC_1C_cell1|4879|2023-02-05T20:19:31|2023-02-05T21:12:31|#|102Ah_35degC_1C_cell1|4880|2023-02-05T22:59:37|2023-02-05T23:52:37|#|102Ah_35degC_1C_cell1|4881|2023-02-06T01:39:43|2023-02-06T02:32:43|#|102Ah_35degC_1C_cell1|4882|2023-02-06T04:19:48|2023-02-06T05:12:48|#|102Ah_35degC_1C_cell1|4883|2023-02-06T06:59:51|2023-02-06T07:52:50,2023-02-06T07:52:50,0.0
M6_event_stress_v1,drift_+3C,102Ah_35degC_1C_cell1,5087,30,72.1169312990301,75.089,ridge_event_replay,0,,2023-02-06T07:52:50,0.0
M6_event_stress_v1,stuck_35C,102Ah_35degC_1C_cell1,270,1,98.45734850578614,97.944,ridge_event_replay,5,102Ah_35degC_1C_cell1|266|2021-06-03T00:25:48|2021-06-03T01:27:47|#|102Ah_35degC_1C_cell1|267|2021-06-03T03:28:10|2021-06-03T04:30:10|#|102Ah_35degC_1C_cell1|268|2021-06-03T06:30:33|2021-06-03T07:32:33|#|102Ah_35degC_1C_cell1|269|2021-06-03T09:32:56|2021-06-03T10:34:56|#|102Ah_35degC_1C_cell1|270|2021-06-03T12:35:17|2021-06-03T13:37:17,2021-06-03T13:37:17,0.0
M6_event_stress_v1,stuck_35C,102Ah_35degC_1C_cell1,436,2,96.81715188942512,96.746,ridge_event_replay,5,102Ah_35degC_1C_cell1|432|2021-06-25T22:54:47|2021-06-25T23:56:17|#|102Ah_35degC_1C_cell1|433|2021-06-26T01:55:58|2021-06-26T02:57:27|#|102Ah_35degC_1C_cell1|434|2021-06-26T04:57:06|2021-06-26T05:58:36|#|102Ah_35degC_1C_cell1|435|2021-06-26T07:58:14|2021-06-26T08:59:44|#|102Ah_35degC_1C_cell1|436|2021-06-26T10:59:23|2021-06-26T12:00:53,2021-06-26T12:00:53,0.0
M6_event_stress_v1,stuck_35C,102Ah_35degC_1C_cell1,602,3,95.93524529602654,95.84,ridge_event_replay,5,102Ah_35degC_1C_cell1|598|2021-07-17T08:01:54|2021-07-17T09:03:24|#|102Ah_35degC_1C_cell1|599|2021-07-17T11:02:08|2021-07-17T12:03:38|#|102Ah_35degC_1C_cell1|600|2021-07-17T14:02:23|2021-07-17T15:03:53|#|102Ah_35degC_1C_cell1|601|2021-07-17T17:02:35|2021-07-17T18:04:05|#|102Ah_35degC_1C_cell1|602|2021-07-17T20:02:49|2021-07-17T21:04:18,2021-07-17T21:04:18,0.0
M6_event_stress_v1,stuck_35C,102Ah_35degC_1C_cell1,768,4,95.13660612919342,95.05,ridge_event_replay,5,102Ah_35degC_1C_cell1|764|2021-08-07T01:25:38|2021-08-07T02:26:38|#|102Ah_35degC_1C_cell1|765|2021-08-07T04:24:56|2021-08-07T05:25:56|#|102Ah_35degC_1C_cell1|766|2021-08-07T07:24:17|2021-08-07T08:25:16|#|102Ah_35degC_1C_cell1|767|2021-08-07T10:23:35|2021-08-07T11:24:35|#|102Ah_35degC_1C_cell1|768|2021-08-07T13:22:54|2021-08-07T14:23:53,2021-08-07T14:23:53,0.0
M6_event_stress_v1,stuck_35C,102Ah_35degC_1C_cell1,934,5,94.36579394303976,94.325,ridge_event_replay,5,102Ah_35degC_1C_cell1|930|2021-08-27T18:30:07|2021-08-27T19:30:37|#|102Ah_35degC_1C_cell1|931|2021-08-27T21:28:40|2021-08-27T22:29:10|#|102Ah_35degC_1C_cell1|932|2021-08-28T00:27:13|2021-08-28T01:27:43|#|102Ah_35degC_1C_cell1|933|2021-08-28T03:25:44|2021-08-28T04:26:14|#|102Ah_35degC_1C_cell1|934|2021-08-28T06:24:17|2021-08-28T07:24:47,2021-08-28T07:24:47,0.0
M6_event_stress_v1,stuck_35C,102Ah_35degC_1C_cell1,1101,6,93.39877028253304,93.595,ridge_event_replay,5,102Ah_35degC_1C_cell1|1097|2021-09-18T07:00:38|2021-09-18T08:00:38|#|102Ah_35degC_1C_cell1|1098|2021-09-18T09:58:20|2021-09-18T10:58:20|#|102Ah_35degC_1C_cell1|1099|2021-09-18T12:56:02|2021-09-18T13:56:02|#|102Ah_35degC_1C_cell1|1100|2021-09-18T15:53:43|2021-09-18T16:53:43|#|102Ah_35degC_1C_cell1|1101|2021-09-18T18:51:26|2021-09-18T19:51:26,2021-09-18T19:51:26,0.0
M6_event_stress_v1,stuck_35C,102Ah_35degC_1C_cell1,1267,7,92.55713084340451,92.852,ridge_event_replay,5,102Ah_35degC_1C_cell1|1263|2021-10-15T22:34:04|2021-10-15T23:34:04|#|102Ah_35degC_1C_cell1|1264|2021-10-16T01:30:58|2021-10-16T02:30:58|#|102Ah_35degC_1C_cell1|1265|2021-10-16T04:27:53|2021-10-16T05:27:53|#|102Ah_35degC_1C_cell1|1266|2021-10-16T07:24:47|2021-10-16T08:24:47|#|102Ah_35degC_1C_cell1|1267|2021-10-16T10:21:41|2021-10-16T11:21:41,2021-10-16T11:21:41,0.0
M6_event_stress_v1,stuck_35C,102Ah_35degC_1C_cell1,1433,8,91.76572034270743,92.207,ridge_event_replay,5,102Ah_35degC_1C_cell1|1429|2021-11-05T08:16:05|2021-11-05T09:15:35|#|102Ah_35degC_1C_cell1|1430|2021-11-05T11:12:16|2021-11-05T12:11:46|#|102Ah_35degC_1C_cell1|1431|2021-11-05T14:08:26|2021-11-05T15:07:56|#|102Ah_35degC_1C_cell1|1432|2021-11-05T17:04:34|2021-11-05T18:04:04|#|102Ah_35degC_1C_cell1|1433|2021-11-05T20:00:43|2021-11-05T21:00:13,2021-11-05T21:00:13,0.0
M6_event_stress_v1,stuck_35C,102Ah_35degC_1C_cell1,1599,9,90.8836067890454,91.607,ridge_event_replay,5,102Ah_35degC_1C_cell1|1595|2021-11-30T07:07:00|2021-11-30T08:06:00|#|102Ah_35degC_1C_cell1|1596|2021-11-30T10:02:34|2021-11-30T11:01:33|#|102Ah_35degC_1C_cell1|1597|2021-11-30T12:58:07|2021-11-30T13:57:07|#|102Ah_35degC_1C_cell1|1598|2021-11-30T15:53:40|2021-11-30T16:52:40|#|102Ah_35degC_1C_cell1|1599|2021-11-30T18:49:13|2021-11-30T19:48:13,2021-11-30T19:48:13,0.0
M6_event_stress_v1,stuck_35C,102Ah_35degC_1C_cell1,1765,10,90.07569259605265,90.941,ridge_event_replay,5,102Ah_35degC_1C_cell1|1761|2021-12-20T11:50:08|2021-12-20T12:49:08|#|102Ah_35degC_1C_cell1|1762|2021-12-20T14:44:57|2021-12-20T15:43:56|#|102Ah_35degC_1C_cell1|1763|2021-12-20T17:39:45|2021-12-20T18:38:45|#|102Ah_35degC_1C_cell1|1764|2021-12-20T20:34:35|2021-12-20T21:33:34|#|102Ah_35degC_1C_cell1|1765|2021-12-20T23:29:22|2021-12-21T00:28:22,2021-12-21T00:28:22,0.0
M6_event_stress_v1,stuck_35C,102Ah_35degC_1C_cell1,1932,11,89.0719566654638,89.839,ridge_event_replay,5,102Ah_35degC_1C_cell1|1928|2022-01-09T15:59:14|2022-01-09T16:57:44|#|102Ah_35degC_1C_cell1|1929|2022-01-09T18:52:59|2022-01-09T19:51:29|#|102Ah_35degC_1C_cell1|1930|2022-01-09T21:46:45|2022-01-09T22:45:15|#|102Ah_35degC_1C_cell1|1931|2022-01-10T00:40:30|2022-01-10T01:39:00|#|102Ah_35degC_1C_cell1|1932|2022-01-10T03:34:14|2022-01-10T04:32:44,2022-01-10T04:32:44,0.0
M6_event_stress_v1,stuck_35C,102Ah_35degC_1C_cell1,2098,12,88.31662204207291,89.102,ridge_event_replay,5,102Ah_35degC_1C_cell1|2094|2022-02-08T18:47:21|2022-02-08T19:45:21|#|102Ah_35degC_1C_cell1|2095|2022-02-08T21:40:08|2022-02-08T22:38:08|#|102Ah_35degC_1C_cell1|2096|2022-02-09T00:32:59|2022-02-09T01:30:59|#|102Ah_35degC_1C_cell1|2097|2022-02-09T03:25:47|2022-02-09T04:23:46|#|102Ah_35degC_1C_cell1|2098|2022-02-09T06:18:35|2022-02-09T07:16:35,2022-02-09T07:16:35,0.0
M6_event_stress_v1,stuck_35C,102Ah_35degC_1C_cell1,2264,13,87.50095759043413,88.517,ridge_event_replay,5,102Ah_35degC_1C_cell1|2260|2022-02-28T16:03:28|2022-02-28T17:00:58|#|102Ah_35degC_1C_cell1|2261|2022-02-28T18:55:39|2022-02-28T19:53:08|#|102Ah_35degC_1C_cell1|2262|2022-02-28T21:47:49|2022-02-28T22:45:19|#|102Ah_35degC_1C_cell1|2263|2022-03-01T00:39:58|2022-03-01T01:37:28|#|102Ah_35degC_1C_cell1|2264|2022-03-01T03:32:09|2022-03-01T04:29:39,2022-03-01T04:29:39,0.0
M6_event_stress_v1,stuck_35C,102Ah_35degC_1C_cell1,2430,14,86.65375550335784,87.874,ridge_event_replay,5,102Ah_35degC_1C_cell1|2426|2022-03-20T11:33:54|2022-03-20T12:31:23|#|102Ah_35degC_1C_cell1|2427|2022-03-20T14:25:26|2022-03-20T15:22:56|#|102Ah_35degC_1C_cell1|2428|2022-03-20T17:16:58|2022-03-20T18:14:28|#|102Ah_35degC_1C_cell1|2429|2022-03-20T20:08:30|2022-03-20T21:06:00|#|102Ah_35degC_1C_cell1|2430|2022-03-20T23:00:02|2022-03-20T23:57:32,2022-03-20T23:57:32,0.0
M6_event_stress_v1,stuck_35C,102Ah_35degC_1C_cell1,2596,15,86.40003071625223,87.254,ridge_event_replay,5,102Ah_35degC_1C_cell1|2592|2022-04-09T11:01:47|2022-04-09T11:59:17|#|102Ah_35degC_1C_cell1|2593|2022-04-09T13:52:56|2022-04-09T14:50:26|#|102Ah_35degC_1C_cell1|2594|2022-04-09T16:43:55|2022-04-09T17:41:25|#|102Ah_35degC_1C_cell1|2595|2022-04-09T19:34:50|2022-04-09T20:32:21|#|102Ah_35degC_1C_cell1|2596|2022-04-09T22:25:47|2022-04-09T23:22:47,2022-04-09T23:22:47,0.0
M6_event_stress_v1,stuck_35C,102Ah_35degC_1C_cell1,2762,16,86.86234306568721,86.669,ridge_event_replay,5,102Ah_35degC_1C_cell1|2758|2022-05-01T12:20:22|2022-05-01T13:17:21|#|102Ah_35degC_1C_cell1|2759|2022-05-01T15:10:46|2022-05-01T16:07:46|#|102Ah_35degC_1C_cell1|2760|2022-05-01T18:01:11|2022-05-01T18:58:11|#|102Ah_35degC_1C_cell1|2761|2022-05-01T20:51:34|2022-05-01T21:48:34|#|102Ah_35degC_1C_cell1|2762|2022-05-01T23:41:59|2022-05-02T00:38:59,2022-05-02T00:38:59,0.0
M6_event_stress_v1,stuck_35C,102Ah_35degC_1C_cell1,2928,17,86.59702705003474,86.04,ridge_event_replay,5,102Ah_35degC_1C_cell1|2924|2022-05-25T14:44:22|2022-05-25T15:40:52|#|102Ah_35degC_1C_cell1|2925|2022-05-25T17:33:53|2022-05-25T18:30:23|#|102Ah_35degC_1C_cell1|2926|2022-05-25T20:23:21|2022-05-25T21:19:51|#|102Ah_35degC_1C_cell1|2927|2022-05-25T23:12:51|2022-05-26T00:09:20|#|102Ah_35degC_1C_cell1|2928|2022-05-26T02:02:17|2022-05-26T02:58:47,2022-05-26T02:58:47,0.0
M6_event_stress_v1,stuck_35C,102Ah_35degC_1C_cell1,3094,18,85.13810286269882,85.225,ridge_event_replay,5,102Ah_35degC_1C_cell1|3090|2022-06-19T18:10:54|2022-06-19T19:07:24|#|102Ah_35degC_1C_cell1|3091|2022-06-19T20:59:52|2022-06-19T21:56:22|#|102Ah_35degC_1C_cell1|3092|2022-06-19T23:48:49|2022-06-20T00:45:19|#|102Ah_35degC_1C_cell1|3093|2022-06-20T02:37:48|2022-06-20T03:34:18|#|102Ah_35degC_1C_cell1|3094|2022-06-20T05:26:45|2022-06-20T06:23:15,2022-06-20T06:23:15,0.0
M6_event_stress_v1,stuck_35C,102Ah_35degC_1C_cell1,3260,19,84.16217126950853,84.635,ridge_event_replay,5,102Ah_35degC_1C_cell1|3256|2022-07-09T16:20:57|2022-07-09T17:17:27|#|102Ah_35degC_1C_cell1|3257|2022-07-09T19:09:28|2022-07-09T20:05:58|#|102Ah_35degC_1C_cell1|3258|2022-07-09T21:57:59|2022-07-09T22:54:29|#|102Ah_35degC_1C_cell1|3259|2022-07-10T00:46:30|2022-07-10T01:43:00|#|102Ah_35degC_1C_cell1|3260|2022-07-10T03:35:01|2022-07-10T04:31:31,2022-07-10T04:31:31,0.0
M6_event_stress_v1,stuck_35C,102Ah_35degC_1C_cell1,3426,20,83.64883038467926,84.066,ridge_event_replay,5,102Ah_35degC_1C_cell1|3422|2022-07-29T03:13:57|2022-07-29T04:09:57|#|102Ah_35degC_1C_cell1|3423|2022-07-29T06:01:48|2022-07-29T06:57:48|#|102Ah_35degC_1C_cell1|3424|2022-07-29T08:49:38|2022-07-29T09:45:38|#|102Ah_35degC_1C_cell1|3425|2022-07-29T11:37:27|2022-07-29T12:33:27|#|102Ah_35degC_1C_cell1|3426|2022-07-29T14:25:19|2022-07-29T15:21:19,2022-07-29T15:21:19,0.0
M6_event_stress_v1,stuck_35C,102Ah_35degC_1C_cell1,3593,21,82.91717357972601,83.481,ridge_event_replay,5,102Ah_35degC_1C_cell1|3589|2022-08-18T08:48:21|2022-08-18T09:44:21|#|102Ah_35degC_1C_cell1|3590|2022-08-18T11:35:36|2022-08-18T12:31:35|#|102Ah_35degC_1C_cell1|3591|2022-08-18T14:22:50|2022-08-18T15:18:50|#|102Ah_35degC_1C_cell1|3592|2022-08-18T17:10:04|2022-08-18T18:06:04|#|102Ah_35degC_1C_cell1|3593|2022-08-18T19:57:17|2022-08-18T20:53:17,2022-08-18T20:53:17,0.0
M6_event_stress_v1,stuck_35C,102Ah_35degC_1C_cell1,3759,22,82.12629308407547,82.816,ridge_event_replay,5,102Ah_35degC_1C_cell1|3755|2022-09-06T14:48:42|2022-09-06T15:44:12|#|102Ah_35degC_1C_cell1|3756|2022-09-06T17:35:18|2022-09-06T18:30:48|#|102Ah_35degC_1C_cell1|3757|2022-09-06T20:21:53|2022-09-06T21:17:23|#|102Ah_35degC_1C_cell1|3758|2022-09-06T23:08:28|2022-09-07T00:03:58|#|102Ah_35degC_1C_cell1|3759|2022-09-07T01:55:02|2022-09-07T02:50:32,2022-09-07T02:50:32,0.0
M6_event_stress_v1,stuck_35C,102Ah_35degC_1C_cell1,3925,23,81.28729924378963,82.089,ridge_event_replay,5,102Ah_35degC_1C_cell1|3921|2022-09-28T02:46:12|2022-09-28T03:41:42|#|102Ah_35degC_1C_cell1|3922|2022-09-28T05:32:00|2022-09-28T06:27:30|#|102Ah_35degC_1C_cell1|3923|2022-09-28T08:17:47|2022-09-28T09:13:17|#|102Ah_35degC_1C_cell1|3924|2022-09-28T11:03:34|2022-09-28T11:58:34|#|102Ah_35degC_1C_cell1|3925|2022-09-28T13:49:20|2022-09-28T14:44:19,2022-09-28T14:44:19,0.0
M6_event_stress_v1,stuck_35C,102Ah_35degC_1C_cell1,4091,24,80.3981436408009,81.26,ridge_event_replay,5,102Ah_35degC_1C_cell1|4013|2022-10-18T02:41:45|2022-10-18T03:36:45|#|102Ah_35degC_1C_cell1|4014|2022-10-18T05:26:54|2022-10-18T06:21:54|#|102Ah_35degC_1C_cell1|4015|2022-10-18T08:12:02|2022-10-18T09:07:02|#|102Ah_35degC_1C_cell1|4016|2022-10-18T10:57:11|2022-10-18T11:52:11|#|102Ah_35degC_1C_cell1|4017|2022-10-18T13:42:18|2022-10-18T14:37:18,2022-10-18T14:37:18,0.0
M6_event_stress_v1,stuck_35C,102Ah_35degC_1C_cell1,4257,25,79.42499433264115,80.436,ridge_event_replay,0,,2022-10-18T14:37:18,0.0
M6_event_stress_v1,stuck_35C,102Ah_35degC_1C_cell1,4423,26,79.42499433264115,79.583,ridge_event_replay,0,,2022-10-18T14:37:18,0.0
M6_event_stress_v1,stuck_35C,102Ah_35degC_1C_cell1,4589,27,79.42499433264115,78.65,ridge_event_replay,0,,2022-10-18T14:37:18,0.0
M6_event_stress_v1,stuck_35C,102Ah_35degC_1C_cell1,4755,28,76.04890604429055,77.59,ridge_event_replay,5,102Ah_35degC_1C_cell1|4751|2023-01-13T06:15:43|2023-01-13T07:09:13|#|102Ah_35degC_1C_cell1|4752|2023-01-13T08:56:49|2023-01-13T09:50:19|#|102Ah_35degC_1C_cell1|4753|2023-01-13T11:37:55|2023-01-13T12:31:25|#|102Ah_35degC_1C_cell1|4754|2023-01-13T14:19:00|2023-01-13T15:12:30|#|102Ah_35degC_1C_cell1|4755|2023-01-13T17:00:04|2023-01-13T17:53:34,2023-01-13T17:53:34,0.0
M6_event_stress_v1,stuck_35C,102Ah_35degC_1C_cell1,4921,29,74.50905985455319,76.374,ridge_event_replay,5,102Ah_35degC_1C_cell1|4879|2023-02-05T20:19:31|2023-02-05T21:12:31|#|102Ah_35degC_1C_cell1|4880|2023-02-05T22:59:37|2023-02-05T23:52:37|#|102Ah_35degC_1C_cell1|4881|2023-02-06T01:39:43|2023-02-06T02:32:43|#|102Ah_35degC_1C_cell1|4882|2023-02-06T04:19:48|2023-02-06T05:12:48|#|102Ah_35degC_1C_cell1|4883|2023-02-06T06:59:51|2023-02-06T07:52:50,2023-02-06T07:52:50,0.0
M6_event_stress_v1,stuck_35C,102Ah_35degC_1C_cell1,5087,30,73.11461751418327,75.089,ridge_event_replay,0,,2023-02-06T07:52:50,0.0
M6_event_stress_v1,random_missing_20pct,102Ah_35degC_1C_cell1,270,1,97.95067483341627,97.944,ridge_event_replay,5,102Ah_35degC_1C_cell1|266|2021-06-03T00:25:48|2021-06-03T01:27:47|#|102Ah_35degC_1C_cell1|267|2021-06-03T03:28:10|2021-06-03T04:30:10|#|102Ah_35degC_1C_cell1|268|2021-06-03T06:30:33|2021-06-03T07:32:33|#|102Ah_35degC_1C_cell1|269|2021-06-03T09:32:56|2021-06-03T10:34:56|#|102Ah_35degC_1C_cell1|270|2021-06-03T12:35:17|2021-06-03T13:37:17,2021-06-03T13:37:17,0.0
M6_event_stress_v1,random_missing_20pct,102Ah_35degC_1C_cell1,436,2,96.30348532768117,96.746,ridge_event_replay,3,102Ah_35degC_1C_cell1|433|2021-06-26T01:55:58|2021-06-26T02:57:27|#|102Ah_35degC_1C_cell1|434|2021-06-26T04:57:06|2021-06-26T05:58:36|#|102Ah_35degC_1C_cell1|435|2021-06-26T07:58:14|2021-06-26T08:59:44,2021-06-26T08:59:44,0.0
M6_event_stress_v1,random_missing_20pct,102Ah_35degC_1C_cell1,602,3,95.42489007374496,95.84,ridge_event_replay,4,102Ah_35degC_1C_cell1|598|2021-07-17T08:01:54|2021-07-17T09:03:24|#|102Ah_35degC_1C_cell1|599|2021-07-17T11:02:08|2021-07-17T12:03:38|#|102Ah_35degC_1C_cell1|600|2021-07-17T14:02:23|2021-07-17T15:03:53|#|102Ah_35degC_1C_cell1|601|2021-07-17T17:02:35|2021-07-17T18:04:05,2021-07-17T18:04:05,0.0
M6_event_stress_v1,random_missing_20pct,102Ah_35degC_1C_cell1,768,4,94.68047458405009,95.05,ridge_event_replay,4,102Ah_35degC_1C_cell1|764|2021-08-07T01:25:38|2021-08-07T02:26:38|#|102Ah_35degC_1C_cell1|765|2021-08-07T04:24:56|2021-08-07T05:25:56|#|102Ah_35degC_1C_cell1|766|2021-08-07T07:24:17|2021-08-07T08:25:16|#|102Ah_35degC_1C_cell1|767|2021-08-07T10:23:35|2021-08-07T11:24:35,2021-08-07T11:24:35,0.0
M6_event_stress_v1,random_missing_20pct,102Ah_35degC_1C_cell1,934,5,93.85058852399561,94.325,ridge_event_replay,3,102Ah_35degC_1C_cell1|930|2021-08-27T18:30:07|2021-08-27T19:30:37|#|102Ah_35degC_1C_cell1|932|2021-08-28T00:27:13|2021-08-28T01:27:43|#|102Ah_35degC_1C_cell1|934|2021-08-28T06:24:17|2021-08-28T07:24:47,2021-08-28T07:24:47,0.0
M6_event_stress_v1,random_missing_20pct,102Ah_35degC_1C_cell1,1101,6,92.95725638656519,93.595,ridge_event_replay,5,102Ah_35degC_1C_cell1|1097|2021-09-18T07:00:38|2021-09-18T08:00:38|#|102Ah_35degC_1C_cell1|1098|2021-09-18T09:58:20|2021-09-18T10:58:20|#|102Ah_35degC_1C_cell1|1099|2021-09-18T12:56:02|2021-09-18T13:56:02|#|102Ah_35degC_1C_cell1|1100|2021-09-18T15:53:43|2021-09-18T16:53:43|#|102Ah_35degC_1C_cell1|1101|2021-09-18T18:51:26|2021-09-18T19:51:26,2021-09-18T19:51:26,0.0
M6_event_stress_v1,random_missing_20pct,102Ah_35degC_1C_cell1,1267,7,92.1227316707482,92.852,ridge_event_replay,4,102Ah_35degC_1C_cell1|1264|2021-10-16T01:30:58|2021-10-16T02:30:58|#|102Ah_35degC_1C_cell1|1265|2021-10-16T04:27:53|2021-10-16T05:27:53|#|102Ah_35degC_1C_cell1|1266|2021-10-16T07:24:47|2021-10-16T08:24:47|#|102Ah_35degC_1C_cell1|1267|2021-10-16T10:21:41|2021-10-16T11:21:41,2021-10-16T11:21:41,0.0
M6_event_stress_v1,random_missing_20pct,102Ah_35degC_1C_cell1,1433,8,91.2631272638804,92.207,ridge_event_replay,4,102Ah_35degC_1C_cell1|1430|2021-11-05T11:12:16|2021-11-05T12:11:46|#|102Ah_35degC_1C_cell1|1431|2021-11-05T14:08:26|2021-11-05T15:07:56|#|102Ah_35degC_1C_cell1|1432|2021-11-05T17:04:34|2021-11-05T18:04:04|#|102Ah_35degC_1C_cell1|1433|2021-11-05T20:00:43|2021-11-05T21:00:13,2021-11-05T21:00:13,0.0
M6_event_stress_v1,random_missing_20pct,102Ah_35degC_1C_cell1,1599,9,90.41217119460552,91.607,ridge_event_replay,4,102Ah_35degC_1C_cell1|1595|2021-11-30T07:07:00|2021-11-30T08:06:00|#|102Ah_35degC_1C_cell1|1596|2021-11-30T10:02:34|2021-11-30T11:01:33|#|102Ah_35degC_1C_cell1|1597|2021-11-30T12:58:07|2021-11-30T13:57:07|#|102Ah_35degC_1C_cell1|1599|2021-11-30T18:49:13|2021-11-30T19:48:13,2021-11-30T19:48:13,0.0
M6_event_stress_v1,random_missing_20pct,102Ah_35degC_1C_cell1,1765,10,89.58930957152282,90.941,ridge_event_replay,4,102Ah_35degC_1C_cell1|1761|2021-12-20T11:50:08|2021-12-20T12:49:08|#|102Ah_35degC_1C_cell1|1762|2021-12-20T14:44:57|2021-12-20T15:43:56|#|102Ah_35degC_1C_cell1|1763|2021-12-20T17:39:45|2021-12-20T18:38:45|#|102Ah_35degC_1C_cell1|1765|2021-12-20T23:29:22|2021-12-21T00:28:22,2021-12-21T00:28:22,0.0
M6_event_stress_v1,random_missing_20pct,102Ah_35degC_1C_cell1,1932,11,88.6974706697381,89.839,ridge_event_replay,4,102Ah_35degC_1C_cell1|1928|2022-01-09T15:59:14|2022-01-09T16:57:44|#|102Ah_35degC_1C_cell1|1929|2022-01-09T18:52:59|2022-01-09T19:51:29|#|102Ah_35degC_1C_cell1|1930|2022-01-09T21:46:45|2022-01-09T22:45:15|#|102Ah_35degC_1C_cell1|1932|2022-01-10T03:34:14|2022-01-10T04:32:44,2022-01-10T04:32:44,0.0
M6_event_stress_v1,random_missing_20pct,102Ah_35degC_1C_cell1,2098,12,87.84092224381544,89.102,ridge_event_replay,4,102Ah_35degC_1C_cell1|2094|2022-02-08T18:47:21|2022-02-08T19:45:21|#|102Ah_35degC_1C_cell1|2095|2022-02-08T21:40:08|2022-02-08T22:38:08|#|102Ah_35degC_1C_cell1|2096|2022-02-09T00:32:59|2022-02-09T01:30:59|#|102Ah_35degC_1C_cell1|2097|2022-02-09T03:25:47|2022-02-09T04:23:46,2022-02-09T04:23:46,0.0
M6_event_stress_v1,random_missing_20pct,102Ah_35degC_1C_cell1,2264,13,87.04982669534574,88.517,ridge_event_replay,4,102Ah_35degC_1C_cell1|2261|2022-02-28T18:55:39|2022-02-28T19:53:08|#|102Ah_35degC_1C_cell1|2262|2022-02-28T21:47:49|2022-02-28T22:45:19|#|102Ah_35degC_1C_cell1|2263|2022-03-01T00:39:58|2022-03-01T01:37:28|#|102Ah_35degC_1C_cell1|2264|2022-03-01T03:32:09|2022-03-01T04:29:39,2022-03-01T04:29:39,0.0
M6_event_stress_v1,random_missing_20pct,102Ah_35degC_1C_cell1,2430,14,86.19558956965132,87.874,ridge_event_replay,5,102Ah_35degC_1C_cell1|2426|2022-03-20T11:33:54|2022-03-20T12:31:23|#|102Ah_35degC_1C_cell1|2427|2022-03-20T14:25:26|2022-03-20T15:22:56|#|102Ah_35degC_1C_cell1|2428|2022-03-20T17:16:58|2022-03-20T18:14:28|#|102Ah_35degC_1C_cell1|2429|2022-03-20T20:08:30|2022-03-20T21:06:00|#|102Ah_35degC_1C_cell1|2430|2022-03-20T23:00:02|2022-03-20T23:57:32,2022-03-20T23:57:32,0.0
M6_event_stress_v1,random_missing_20pct,102Ah_35degC_1C_cell1,2596,15,85.73195141120681,87.254,ridge_event_replay,5,102Ah_35degC_1C_cell1|2592|2022-04-09T11:01:47|2022-04-09T11:59:17|#|102Ah_35degC_1C_cell1|2593|2022-04-09T13:52:56|2022-04-09T14:50:26|#|102Ah_35degC_1C_cell1|2594|2022-04-09T16:43:55|2022-04-09T17:41:25|#|102Ah_35degC_1C_cell1|2595|2022-04-09T19:34:50|2022-04-09T20:32:21|#|102Ah_35degC_1C_cell1|2596|2022-04-09T22:25:47|2022-04-09T23:22:47,2022-04-09T23:22:47,0.0
M6_event_stress_v1,random_missing_20pct,102Ah_35degC_1C_cell1,2762,16,86.45881257918391,86.669,ridge_event_replay,4,102Ah_35degC_1C_cell1|2758|2022-05-01T12:20:22|2022-05-01T13:17:21|#|102Ah_35degC_1C_cell1|2760|2022-05-01T18:01:11|2022-05-01T18:58:11|#|102Ah_35degC_1C_cell1|2761|2022-05-01T20:51:34|2022-05-01T21:48:34|#|102Ah_35degC_1C_cell1|2762|2022-05-01T23:41:59|2022-05-02T00:38:59,2022-05-02T00:38:59,0.0
M6_event_stress_v1,random_missing_20pct,102Ah_35degC_1C_cell1,2928,17,86.09170960489864,86.04,ridge_event_replay,5,102Ah_35degC_1C_cell1|2924|2022-05-25T14:44:22|2022-05-25T15:40:52|#|102Ah_35degC_1C_cell1|2925|2022-05-25T17:33:53|2022-05-25T18:30:23|#|102Ah_35degC_1C_cell1|2926|2022-05-25T20:23:21|2022-05-25T21:19:51|#|102Ah_35degC_1C_cell1|2927|2022-05-25T23:12:51|2022-05-26T00:09:20|#|102Ah_35degC_1C_cell1|2928|2022-05-26T02:02:17|2022-05-26T02:58:47,2022-05-26T02:58:47,0.0
M6_event_stress_v1,random_missing_20pct,102Ah_35degC_1C_cell1,3094,18,84.74495142747392,85.225,ridge_event_replay,3,102Ah_35degC_1C_cell1|3091|2022-06-19T20:59:52|2022-06-19T21:56:22|#|102Ah_35degC_1C_cell1|3092|2022-06-19T23:48:49|2022-06-20T00:45:19|#|102Ah_35degC_1C_cell1|3094|2022-06-20T05:26:45|2022-06-20T06:23:15,2022-06-20T06:23:15,0.0
M6_event_stress_v1,random_missing_20pct,102Ah_35degC_1C_cell1,3260,19,83.84222053433533,84.635,ridge_event_replay,4,102Ah_35degC_1C_cell1|3257|2022-07-09T19:09:28|2022-07-09T20:05:58|#|102Ah_35degC_1C_cell1|3258|2022-07-09T21:57:59|2022-07-09T22:54:29|#|102Ah_35degC_1C_cell1|3259|2022-07-10T00:46:30|2022-07-10T01:43:00|#|102Ah_35degC_1C_cell1|3260|2022-07-10T03:35:01|2022-07-10T04:31:31,2022-07-10T04:31:31,0.0
M6_event_stress_v1,random_missing_20pct,102Ah_35degC_1C_cell1,3426,20,83.22946853196049,84.066,ridge_event_replay,5,102Ah_35degC_1C_cell1|3422|2022-07-29T03:13:57|2022-07-29T04:09:57|#|102Ah_35degC_1C_cell1|3423|2022-07-29T06:01:48|2022-07-29T06:57:48|#|102Ah_35degC_1C_cell1|3424|2022-07-29T08:49:38|2022-07-29T09:45:38|#|102Ah_35degC_1C_cell1|3425|2022-07-29T11:37:27|2022-07-29T12:33:27|#|102Ah_35degC_1C_cell1|3426|2022-07-29T14:25:19|2022-07-29T15:21:19,2022-07-29T15:21:19,0.0
M6_event_stress_v1,random_missing_20pct,102Ah_35degC_1C_cell1,3593,21,82.43109477007157,83.481,ridge_event_replay,5,102Ah_35degC_1C_cell1|3589|2022-08-18T08:48:21|2022-08-18T09:44:21|#|102Ah_35degC_1C_cell1|3590|2022-08-18T11:35:36|2022-08-18T12:31:35|#|102Ah_35degC_1C_cell1|3591|2022-08-18T14:22:50|2022-08-18T15:18:50|#|102Ah_35degC_1C_cell1|3592|2022-08-18T17:10:04|2022-08-18T18:06:04|#|102Ah_35degC_1C_cell1|3593|2022-08-18T19:57:17|2022-08-18T20:53:17,2022-08-18T20:53:17,0.0
M6_event_stress_v1,random_missing_20pct,102Ah_35degC_1C_cell1,3759,22,81.62403022184469,82.816,ridge_event_replay,3,102Ah_35degC_1C_cell1|3755|2022-09-06T14:48:42|2022-09-06T15:44:12|#|102Ah_35degC_1C_cell1|3757|2022-09-06T20:21:53|2022-09-06T21:17:23|#|102Ah_35degC_1C_cell1|3759|2022-09-07T01:55:02|2022-09-07T02:50:32,2022-09-07T02:50:32,0.0
M6_event_stress_v1,random_missing_20pct,102Ah_35degC_1C_cell1,3925,23,80.60645262461969,82.089,ridge_event_replay,5,102Ah_35degC_1C_cell1|3921|2022-09-28T02:46:12|2022-09-28T03:41:42|#|102Ah_35degC_1C_cell1|3922|2022-09-28T05:32:00|2022-09-28T06:27:30|#|102Ah_35degC_1C_cell1|3923|2022-09-28T08:17:47|2022-09-28T09:13:17|#|102Ah_35degC_1C_cell1|3924|2022-09-28T11:03:34|2022-09-28T11:58:34|#|102Ah_35degC_1C_cell1|3925|2022-09-28T13:49:20|2022-09-28T14:44:19,2022-09-28T14:44:19,0.0
M6_event_stress_v1,random_missing_20pct,102Ah_35degC_1C_cell1,4091,24,79.59327702712591,81.26,ridge_event_replay,1,102Ah_35degC_1C_cell1|4016|2022-10-18T10:57:11|2022-10-18T11:52:11,2022-10-18T11:52:11,0.0
M6_event_stress_v1,random_missing_20pct,102Ah_35degC_1C_cell1,4257,25,78.63154541463683,80.436,ridge_event_replay,0,,2022-10-18T11:52:11,0.0
M6_event_stress_v1,random_missing_20pct,102Ah_35degC_1C_cell1,4423,26,78.63154541463683,79.583,ridge_event_replay,0,,2022-10-18T11:52:11,0.0
M6_event_stress_v1,random_missing_20pct,102Ah_35degC_1C_cell1,4589,27,78.63154541463683,78.65,ridge_event_replay,0,,2022-10-18T11:52:11,0.0
M6_event_stress_v1,random_missing_20pct,102Ah_35degC_1C_cell1,4755,28,75.29417704670291,77.59,ridge_event_replay,4,102Ah_35degC_1C_cell1|4751|2023-01-13T06:15:43|2023-01-13T07:09:13|#|102Ah_35degC_1C_cell1|4752|2023-01-13T08:56:49|2023-01-13T09:50:19|#|102Ah_35degC_1C_cell1|4753|2023-01-13T11:37:55|2023-01-13T12:31:25|#|102Ah_35degC_1C_cell1|4755|2023-01-13T17:00:04|2023-01-13T17:53:34,2023-01-13T17:53:34,0.0
M6_event_stress_v1,random_missing_20pct,102Ah_35degC_1C_cell1,4921,29,73.86177902481978,76.374,ridge_event_replay,4,102Ah_35degC_1C_cell1|4879|2023-02-05T20:19:31|2023-02-05T21:12:31|#|102Ah_35degC_1C_cell1|4880|2023-02-05T22:59:37|2023-02-05T23:52:37|#|102Ah_35degC_1C_cell1|4882|2023-02-06T04:19:48|2023-02-06T05:12:48|#|102Ah_35degC_1C_cell1|4883|2023-02-06T06:59:51|2023-02-06T07:52:50,2023-02-06T07:52:50,0.0
M6_event_stress_v1,random_missing_20pct,102Ah_35degC_1C_cell1,5087,30,72.46733668444986,75.089,ridge_event_replay,0,,2023-02-06T07:52:50,0.0
M6_event_stress_v1,contiguous_missing_20pct,102Ah_35degC_1C_cell1,270,1,97.90073598849509,97.944,ridge_event_replay,5,102Ah_35degC_1C_cell1|266|2021-06-03T00:25:48|2021-06-03T01:27:47|#|102Ah_35degC_1C_cell1|267|2021-06-03T03:28:10|2021-06-03T04:30:10|#|102Ah_35degC_1C_cell1|268|2021-06-03T06:30:33|2021-06-03T07:32:33|#|102Ah_35degC_1C_cell1|269|2021-06-03T09:32:56|2021-06-03T10:34:56|#|102Ah_35degC_1C_cell1|270|2021-06-03T12:35:17|2021-06-03T13:37:17,2021-06-03T13:37:17,0.0
M6_event_stress_v1,contiguous_missing_20pct,102Ah_35degC_1C_cell1,436,2,96.21393061421142,96.746,ridge_event_replay,5,102Ah_35degC_1C_cell1|432|2021-06-25T22:54:47|2021-06-25T23:56:17|#|102Ah_35degC_1C_cell1|433|2021-06-26T01:55:58|2021-06-26T02:57:27|#|102Ah_35degC_1C_cell1|434|2021-06-26T04:57:06|2021-06-26T05:58:36|#|102Ah_35degC_1C_cell1|435|2021-06-26T07:58:14|2021-06-26T08:59:44|#|102Ah_35degC_1C_cell1|436|2021-06-26T10:59:23|2021-06-26T12:00:53,2021-06-26T12:00:53,0.0
M6_event_stress_v1,contiguous_missing_20pct,102Ah_35degC_1C_cell1,602,3,95.32113868737983,95.84,ridge_event_replay,5,102Ah_35degC_1C_cell1|598|2021-07-17T08:01:54|2021-07-17T09:03:24|#|102Ah_35degC_1C_cell1|599|2021-07-17T11:02:08|2021-07-17T12:03:38|#|102Ah_35degC_1C_cell1|600|2021-07-17T14:02:23|2021-07-17T15:03:53|#|102Ah_35degC_1C_cell1|601|2021-07-17T17:02:35|2021-07-17T18:04:05|#|102Ah_35degC_1C_cell1|602|2021-07-17T20:02:49|2021-07-17T21:04:18,2021-07-17T21:04:18,0.0
M6_event_stress_v1,contiguous_missing_20pct,102Ah_35degC_1C_cell1,768,4,94.53205270811588,95.05,ridge_event_replay,5,102Ah_35degC_1C_cell1|764|2021-08-07T01:25:38|2021-08-07T02:26:38|#|102Ah_35degC_1C_cell1|765|2021-08-07T04:24:56|2021-08-07T05:25:56|#|102Ah_35degC_1C_cell1|766|2021-08-07T07:24:17|2021-08-07T08:25:16|#|102Ah_35degC_1C_cell1|767|2021-08-07T10:23:35|2021-08-07T11:24:35|#|102Ah_35degC_1C_cell1|768|2021-08-07T13:22:54|2021-08-07T14:23:53,2021-08-07T14:23:53,0.0
M6_event_stress_v1,contiguous_missing_20pct,102Ah_35degC_1C_cell1,934,5,93.74781776415561,94.325,ridge_event_replay,5,102Ah_35degC_1C_cell1|930|2021-08-27T18:30:07|2021-08-27T19:30:37|#|102Ah_35degC_1C_cell1|931|2021-08-27T21:28:40|2021-08-27T22:29:10|#|102Ah_35degC_1C_cell1|932|2021-08-28T00:27:13|2021-08-28T01:27:43|#|102Ah_35degC_1C_cell1|933|2021-08-28T03:25:44|2021-08-28T04:26:14|#|102Ah_35degC_1C_cell1|934|2021-08-28T06:24:17|2021-08-28T07:24:47,2021-08-28T07:24:47,0.0
M6_event_stress_v1,contiguous_missing_20pct,102Ah_35degC_1C_cell1,1101,6,92.79435585611532,93.595,ridge_event_replay,5,102Ah_35degC_1C_cell1|1097|2021-09-18T07:00:38|2021-09-18T08:00:38|#|102Ah_35degC_1C_cell1|1098|2021-09-18T09:58:20|2021-09-18T10:58:20|#|102Ah_35degC_1C_cell1|1099|2021-09-18T12:56:02|2021-09-18T13:56:02|#|102Ah_35degC_1C_cell1|1100|2021-09-18T15:53:43|2021-09-18T16:53:43|#|102Ah_35degC_1C_cell1|1101|2021-09-18T18:51:26|2021-09-18T19:51:26,2021-09-18T19:51:26,0.0
M6_event_stress_v1,contiguous_missing_20pct,102Ah_35degC_1C_cell1,1267,7,91.9471849153706,92.852,ridge_event_replay,5,102Ah_35degC_1C_cell1|1263|2021-10-15T22:34:04|2021-10-15T23:34:04|#|102Ah_35degC_1C_cell1|1264|2021-10-16T01:30:58|2021-10-16T02:30:58|#|102Ah_35degC_1C_cell1|1265|2021-10-16T04:27:53|2021-10-16T05:27:53|#|102Ah_35degC_1C_cell1|1266|2021-10-16T07:24:47|2021-10-16T08:24:47|#|102Ah_35degC_1C_cell1|1267|2021-10-16T10:21:41|2021-10-16T11:21:41,2021-10-16T11:21:41,0.0
M6_event_stress_v1,contiguous_missing_20pct,102Ah_35degC_1C_cell1,1433,8,91.07866569400296,92.207,ridge_event_replay,5,102Ah_35degC_1C_cell1|1429|2021-11-05T08:16:05|2021-11-05T09:15:35|#|102Ah_35degC_1C_cell1|1430|2021-11-05T11:12:16|2021-11-05T12:11:46|#|102Ah_35degC_1C_cell1|1431|2021-11-05T14:08:26|2021-11-05T15:07:56|#|102Ah_35degC_1C_cell1|1432|2021-11-05T17:04:34|2021-11-05T18:04:04|#|102Ah_35degC_1C_cell1|1433|2021-11-05T20:00:43|2021-11-05T21:00:13,2021-11-05T21:00:13,0.0
M6_event_stress_v1,contiguous_missing_20pct,102Ah_35degC_1C_cell1,1599,9,90.21376420656941,91.607,ridge_event_replay,5,102Ah_35degC_1C_cell1|1595|2021-11-30T07:07:00|2021-11-30T08:06:00|#|102Ah_35degC_1C_cell1|1596|2021-11-30T10:02:34|2021-11-30T11:01:33|#|102Ah_35degC_1C_cell1|1597|2021-11-30T12:58:07|2021-11-30T13:57:07|#|102Ah_35degC_1C_cell1|1598|2021-11-30T15:53:40|2021-11-30T16:52:40|#|102Ah_35degC_1C_cell1|1599|2021-11-30T18:49:13|2021-11-30T19:48:13,2021-11-30T19:48:13,0.0
M6_event_stress_v1,contiguous_missing_20pct,102Ah_35degC_1C_cell1,1765,10,89.19136202494009,90.941,ridge_event_replay,0,,2021-12-11T21:45:28,0.0
M6_event_stress_v1,contiguous_missing_20pct,102Ah_35degC_1C_cell1,1932,11,88.2813390782081,89.839,ridge_event_replay,0,,2021-12-11T21:45:28,0.0
M6_event_stress_v1,contiguous_missing_20pct,102Ah_35degC_1C_cell1,2098,12,88.2813390782081,89.102,ridge_event_replay,0,,2021-12-11T21:45:28,0.0
M6_event_stress_v1,contiguous_missing_20pct,102Ah_35degC_1C_cell1,2264,13,88.2813390782081,88.517,ridge_event_replay,0,,2021-12-11T21:45:28,0.0
M6_event_stress_v1,contiguous_missing_20pct,102Ah_35degC_1C_cell1,2430,14,88.2813390782081,87.874,ridge_event_replay,0,,2021-12-11T21:45:28,0.0
M6_event_stress_v1,contiguous_missing_20pct,102Ah_35degC_1C_cell1,2596,15,85.88321250702548,87.254,ridge_event_replay,5,102Ah_35degC_1C_cell1|2592|2022-04-09T11:01:47|2022-04-09T11:59:17|#|102Ah_35degC_1C_cell1|2593|2022-04-09T13:52:56|2022-04-09T14:50:26|#|102Ah_35degC_1C_cell1|2594|2022-04-09T16:43:55|2022-04-09T17:41:25|#|102Ah_35degC_1C_cell1|2595|2022-04-09T19:34:50|2022-04-09T20:32:21|#|102Ah_35degC_1C_cell1|2596|2022-04-09T22:25:47|2022-04-09T23:22:47,2022-04-09T23:22:47,0.0
M6_event_stress_v1,contiguous_missing_20pct,102Ah_35degC_1C_cell1,2762,16,86.61366567175078,86.669,ridge_event_replay,5,102Ah_35degC_1C_cell1|2758|2022-05-01T12:20:22|2022-05-01T13:17:21|#|102Ah_35degC_1C_cell1|2759|2022-05-01T15:10:46|2022-05-01T16:07:46|#|102Ah_35degC_1C_cell1|2760|2022-05-01T18:01:11|2022-05-01T18:58:11|#|102Ah_35degC_1C_cell1|2761|2022-05-01T20:51:34|2022-05-01T21:48:34|#|102Ah_35degC_1C_cell1|2762|2022-05-01T23:41:59|2022-05-02T00:38:59,2022-05-02T00:38:59,0.0
M6_event_stress_v1,contiguous_missing_20pct,102Ah_35degC_1C_cell1,2928,17,86.23371535722008,86.04,ridge_event_replay,5,102Ah_35degC_1C_cell1|2924|2022-05-25T14:44:22|2022-05-25T15:40:52|#|102Ah_35degC_1C_cell1|2925|2022-05-25T17:33:53|2022-05-25T18:30:23|#|102Ah_35degC_1C_cell1|2926|2022-05-25T20:23:21|2022-05-25T21:19:51|#|102Ah_35degC_1C_cell1|2927|2022-05-25T23:12:51|2022-05-26T00:09:20|#|102Ah_35degC_1C_cell1|2928|2022-05-26T02:02:17|2022-05-26T02:58:47,2022-05-26T02:58:47,0.0
M6_event_stress_v1,contiguous_missing_20pct,102Ah_35degC_1C_cell1,3094,18,84.84892615451527,85.225,ridge_event_replay,5,102Ah_35degC_1C_cell1|3090|2022-06-19T18:10:54|2022-06-19T19:07:24|#|102Ah_35degC_1C_cell1|3091|2022-06-19T20:59:52|2022-06-19T21:56:22|#|102Ah_35degC_1C_cell1|3092|2022-06-19T23:48:49|2022-06-20T00:45:19|#|102Ah_35degC_1C_cell1|3093|2022-06-20T02:37:48|2022-06-20T03:34:18|#|102Ah_35degC_1C_cell1|3094|2022-06-20T05:26:45|2022-06-20T06:23:15,2022-06-20T06:23:15,0.0
M6_event_stress_v1,contiguous_missing_20pct,102Ah_35degC_1C_cell1,3260,19,83.92270104063587,84.635,ridge_event_replay,5,102Ah_35degC_1C_cell1|3256|2022-07-09T16:20:57|2022-07-09T17:17:27|#|102Ah_35degC_1C_cell1|3257|2022-07-09T19:09:28|2022-07-09T20:05:58|#|102Ah_35degC_1C_cell1|3258|2022-07-09T21:57:59|2022-07-09T22:54:29|#|102Ah_35degC_1C_cell1|3259|2022-07-10T00:46:30|2022-07-10T01:43:00|#|102Ah_35degC_1C_cell1|3260|2022-07-10T03:35:01|2022-07-10T04:31:31,2022-07-10T04:31:31,0.0
M6_event_stress_v1,contiguous_missing_20pct,102Ah_35degC_1C_cell1,3426,20,83.30055675064685,84.066,ridge_event_replay,5,102Ah_35degC_1C_cell1|3422|2022-07-29T03:13:57|2022-07-29T04:09:57|#|102Ah_35degC_1C_cell1|3423|2022-07-29T06:01:48|2022-07-29T06:57:48|#|102Ah_35degC_1C_cell1|3424|2022-07-29T08:49:38|2022-07-29T09:45:38|#|102Ah_35degC_1C_cell1|3425|2022-07-29T11:37:27|2022-07-29T12:33:27|#|102Ah_35degC_1C_cell1|3426|2022-07-29T14:25:19|2022-07-29T15:21:19,2022-07-29T15:21:19,0.0
M6_event_stress_v1,contiguous_missing_20pct,102Ah_35degC_1C_cell1,3593,21,82.49038885285442,83.481,ridge_event_replay,5,102Ah_35degC_1C_cell1|3589|2022-08-18T08:48:21|2022-08-18T09:44:21|#|102Ah_35degC_1C_cell1|3590|2022-08-18T11:35:36|2022-08-18T12:31:35|#|102Ah_35degC_1C_cell1|3591|2022-08-18T14:22:50|2022-08-18T15:18:50|#|102Ah_35degC_1C_cell1|3592|2022-08-18T17:10:04|2022-08-18T18:06:04|#|102Ah_35degC_1C_cell1|3593|2022-08-18T19:57:17|2022-08-18T20:53:17,2022-08-18T20:53:17,0.0
M6_event_stress_v1,contiguous_missing_20pct,102Ah_35degC_1C_cell1,3759,22,81.69399828834015,82.816,ridge_event_replay,5,102Ah_35degC_1C_cell1|3755|2022-09-06T14:48:42|2022-09-06T15:44:12|#|102Ah_35degC_1C_cell1|3756|2022-09-06T17:35:18|2022-09-06T18:30:48|#|102Ah_35degC_1C_cell1|3757|2022-09-06T20:21:53|2022-09-06T21:17:23|#|102Ah_35degC_1C_cell1|3758|2022-09-06T23:08:28|2022-09-07T00:03:58|#|102Ah_35degC_1C_cell1|3759|2022-09-07T01:55:02|2022-09-07T02:50:32,2022-09-07T02:50:32,0.0
M6_event_stress_v1,contiguous_missing_20pct,102Ah_35degC_1C_cell1,3925,23,80.64774813536991,82.089,ridge_event_replay,5,102Ah_35degC_1C_cell1|3921|2022-09-28T02:46:12|2022-09-28T03:41:42|#|102Ah_35degC_1C_cell1|3922|2022-09-28T05:32:00|2022-09-28T06:27:30|#|102Ah_35degC_1C_cell1|3923|2022-09-28T08:17:47|2022-09-28T09:13:17|#|102Ah_35degC_1C_cell1|3924|2022-09-28T11:03:34|2022-09-28T11:58:34|#|102Ah_35degC_1C_cell1|3925|2022-09-28T13:49:20|2022-09-28T14:44:19,2022-09-28T14:44:19,0.0
M6_event_stress_v1,contiguous_missing_20pct,102Ah_35degC_1C_cell1,4091,24,79.70697571791334,81.26,ridge_event_replay,5,102Ah_35degC_1C_cell1|4013|2022-10-18T02:41:45|2022-10-18T03:36:45|#|102Ah_35degC_1C_cell1|4014|2022-10-18T05:26:54|2022-10-18T06:21:54|#|102Ah_35degC_1C_cell1|4015|2022-10-18T08:12:02|2022-10-18T09:07:02|#|102Ah_35degC_1C_cell1|4016|2022-10-18T10:57:11|2022-10-18T11:52:11|#|102Ah_35degC_1C_cell1|4017|2022-10-18T13:42:18|2022-10-18T14:37:18,2022-10-18T14:37:18,0.0
M6_event_stress_v1,contiguous_missing_20pct,102Ah_35degC_1C_cell1,4257,25,78.73382640975359,80.436,ridge_event_replay,0,,2022-10-18T14:37:18,0.0
M6_event_stress_v1,contiguous_missing_20pct,102Ah_35degC_1C_cell1,4423,26,78.73382640975359,79.583,ridge_event_replay,0,,2022-10-18T14:37:18,0.0
M6_event_stress_v1,contiguous_missing_20pct,102Ah_35degC_1C_cell1,4589,27,78.73382640975359,78.65,ridge_event_replay,0,,2022-10-18T14:37:18,0.0
M6_event_stress_v1,contiguous_missing_20pct,102Ah_35degC_1C_cell1,4755,28,75.31463426374357,77.59,ridge_event_replay,5,102Ah_35degC_1C_cell1|4751|2023-01-13T06:15:43|2023-01-13T07:09:13|#|102Ah_35degC_1C_cell1|4752|2023-01-13T08:56:49|2023-01-13T09:50:19|#|102Ah_35degC_1C_cell1|4753|2023-01-13T11:37:55|2023-01-13T12:31:25|#|102Ah_35degC_1C_cell1|4754|2023-01-13T14:19:00|2023-01-13T15:12:30|#|102Ah_35degC_1C_cell1|4755|2023-01-13T17:00:04|2023-01-13T17:53:34,2023-01-13T17:53:34,0.0
M6_event_stress_v1,contiguous_missing_20pct,102Ah_35degC_1C_cell1,4921,29,73.882949704526,76.374,ridge_event_replay,5,102Ah_35degC_1C_cell1|4879|2023-02-05T20:19:31|2023-02-05T21:12:31|#|102Ah_35degC_1C_cell1|4880|2023-02-05T22:59:37|2023-02-05T23:52:37|#|102Ah_35degC_1C_cell1|4881|2023-02-06T01:39:43|2023-02-06T02:32:43|#|102Ah_35degC_1C_cell1|4882|2023-02-06T04:19:48|2023-02-06T05:12:48|#|102Ah_35degC_1C_cell1|4883|2023-02-06T06:59:51|2023-02-06T07:52:50,2023-02-06T07:52:50,0.0
M6_event_stress_v1,contiguous_missing_20pct,102Ah_35degC_1C_cell1,5087,30,72.48850736415608,75.089,ridge_event_replay,0,,2023-02-06T07:52:50,0.0
M6_event_stress_v1,temperature_event_shift_1,102Ah_35degC_1C_cell1,270,1,97.90073598849509,97.944,ridge_event_replay,5,102Ah_35degC_1C_cell1|266|2021-06-03T00:25:48|2021-06-03T01:27:47|#|102Ah_35degC_1C_cell1|267|2021-06-03T03:28:10|2021-06-03T04:30:10|#|102Ah_35degC_1C_cell1|268|2021-06-03T06:30:33|2021-06-03T07:32:33|#|102Ah_35degC_1C_cell1|269|2021-06-03T09:32:56|2021-06-03T10:34:56|#|102Ah_35degC_1C_cell1|270|2021-06-03T12:35:17|2021-06-03T13:37:17,2021-06-03T13:37:17,0.0
M6_event_stress_v1,temperature_event_shift_1,102Ah_35degC_1C_cell1,436,2,96.21393061421142,96.746,ridge_event_replay,5,102Ah_35degC_1C_cell1|432|2021-06-25T22:54:47|2021-06-25T23:56:17|#|102Ah_35degC_1C_cell1|433|2021-06-26T01:55:58|2021-06-26T02:57:27|#|102Ah_35degC_1C_cell1|434|2021-06-26T04:57:06|2021-06-26T05:58:36|#|102Ah_35degC_1C_cell1|435|2021-06-26T07:58:14|2021-06-26T08:59:44|#|102Ah_35degC_1C_cell1|436|2021-06-26T10:59:23|2021-06-26T12:00:53,2021-06-26T12:00:53,0.0
M6_event_stress_v1,temperature_event_shift_1,102Ah_35degC_1C_cell1,602,3,95.3253797271608,95.84,ridge_event_replay,5,102Ah_35degC_1C_cell1|598|2021-07-17T08:01:54|2021-07-17T09:03:24|#|102Ah_35degC_1C_cell1|599|2021-07-17T11:02:08|2021-07-17T12:03:38|#|102Ah_35degC_1C_cell1|600|2021-07-17T14:02:23|2021-07-17T15:03:53|#|102Ah_35degC_1C_cell1|601|2021-07-17T17:02:35|2021-07-17T18:04:05|#|102Ah_35degC_1C_cell1|602|2021-07-17T20:02:49|2021-07-17T21:04:18,2021-07-17T21:04:18,0.0
M6_event_stress_v1,temperature_event_shift_1,102Ah_35degC_1C_cell1,768,4,94.53205270811588,95.05,ridge_event_replay,5,102Ah_35degC_1C_cell1|764|2021-08-07T01:25:38|2021-08-07T02:26:38|#|102Ah_35degC_1C_cell1|765|2021-08-07T04:24:56|2021-08-07T05:25:56|#|102Ah_35degC_1C_cell1|766|2021-08-07T07:24:17|2021-08-07T08:25:16|#|102Ah_35degC_1C_cell1|767|2021-08-07T10:23:35|2021-08-07T11:24:35|#|102Ah_35degC_1C_cell1|768|2021-08-07T13:22:54|2021-08-07T14:23:53,2021-08-07T14:23:53,0.0
M6_event_stress_v1,temperature_event_shift_1,102Ah_35degC_1C_cell1,934,5,93.74781776415561,94.325,ridge_event_replay,5,102Ah_35degC_1C_cell1|930|2021-08-27T18:30:07|2021-08-27T19:30:37|#|102Ah_35degC_1C_cell1|931|2021-08-27T21:28:40|2021-08-27T22:29:10|#|102Ah_35degC_1C_cell1|932|2021-08-28T00:27:13|2021-08-28T01:27:43|#|102Ah_35degC_1C_cell1|933|2021-08-28T03:25:44|2021-08-28T04:26:14|#|102Ah_35degC_1C_cell1|934|2021-08-28T06:24:17|2021-08-28T07:24:47,2021-08-28T07:24:47,0.0
M6_event_stress_v1,temperature_event_shift_1,102Ah_35degC_1C_cell1,1101,6,92.79435585611532,93.595,ridge_event_replay,5,102Ah_35degC_1C_cell1|1097|2021-09-18T07:00:38|2021-09-18T08:00:38|#|102Ah_35degC_1C_cell1|1098|2021-09-18T09:58:20|2021-09-18T10:58:20|#|102Ah_35degC_1C_cell1|1099|2021-09-18T12:56:02|2021-09-18T13:56:02|#|102Ah_35degC_1C_cell1|1100|2021-09-18T15:53:43|2021-09-18T16:53:43|#|102Ah_35degC_1C_cell1|1101|2021-09-18T18:51:26|2021-09-18T19:51:26,2021-09-18T19:51:26,0.0
M6_event_stress_v1,temperature_event_shift_1,102Ah_35degC_1C_cell1,1267,7,91.9471849153706,92.852,ridge_event_replay,5,102Ah_35degC_1C_cell1|1263|2021-10-15T22:34:04|2021-10-15T23:34:04|#|102Ah_35degC_1C_cell1|1264|2021-10-16T01:30:58|2021-10-16T02:30:58|#|102Ah_35degC_1C_cell1|1265|2021-10-16T04:27:53|2021-10-16T05:27:53|#|102Ah_35degC_1C_cell1|1266|2021-10-16T07:24:47|2021-10-16T08:24:47|#|102Ah_35degC_1C_cell1|1267|2021-10-16T10:21:41|2021-10-16T11:21:41,2021-10-16T11:21:41,0.0
M6_event_stress_v1,temperature_event_shift_1,102Ah_35degC_1C_cell1,1433,8,91.08488597550777,92.207,ridge_event_replay,5,102Ah_35degC_1C_cell1|1429|2021-11-05T08:16:05|2021-11-05T09:15:35|#|102Ah_35degC_1C_cell1|1430|2021-11-05T11:12:16|2021-11-05T12:11:46|#|102Ah_35degC_1C_cell1|1431|2021-11-05T14:08:26|2021-11-05T15:07:56|#|102Ah_35degC_1C_cell1|1432|2021-11-05T17:04:34|2021-11-05T18:04:04|#|102Ah_35degC_1C_cell1|1433|2021-11-05T20:00:43|2021-11-05T21:00:13,2021-11-05T21:00:13,0.0
M6_event_stress_v1,temperature_event_shift_1,102Ah_35degC_1C_cell1,1599,9,90.21376420656941,91.607,ridge_event_replay,5,102Ah_35degC_1C_cell1|1595|2021-11-30T07:07:00|2021-11-30T08:06:00|#|102Ah_35degC_1C_cell1|1596|2021-11-30T10:02:34|2021-11-30T11:01:33|#|102Ah_35degC_1C_cell1|1597|2021-11-30T12:58:07|2021-11-30T13:57:07|#|102Ah_35degC_1C_cell1|1598|2021-11-30T15:53:40|2021-11-30T16:52:40|#|102Ah_35degC_1C_cell1|1599|2021-11-30T18:49:13|2021-11-30T19:48:13,2021-11-30T19:48:13,0.0
M6_event_stress_v1,temperature_event_shift_1,102Ah_35degC_1C_cell1,1765,10,89.38752616517095,90.941,ridge_event_replay,5,102Ah_35degC_1C_cell1|1761|2021-12-20T11:50:08|2021-12-20T12:49:08|#|102Ah_35degC_1C_cell1|1762|2021-12-20T14:44:57|2021-12-20T15:43:56|#|102Ah_35degC_1C_cell1|1763|2021-12-20T17:39:45|2021-12-20T18:38:45|#|102Ah_35degC_1C_cell1|1764|2021-12-20T20:34:35|2021-12-20T21:33:34|#|102Ah_35degC_1C_cell1|1765|2021-12-20T23:29:22|2021-12-21T00:28:22,2021-12-21T00:28:22,0.0
M6_event_stress_v1,temperature_event_shift_1,102Ah_35degC_1C_cell1,1932,11,88.50476000289113,89.839,ridge_event_replay,5,102Ah_35degC_1C_cell1|1928|2022-01-09T15:59:14|2022-01-09T16:57:44|#|102Ah_35degC_1C_cell1|1929|2022-01-09T18:52:59|2022-01-09T19:51:29|#|102Ah_35degC_1C_cell1|1930|2022-01-09T21:46:45|2022-01-09T22:45:15|#|102Ah_35degC_1C_cell1|1931|2022-01-10T00:40:30|2022-01-10T01:39:00|#|102Ah_35degC_1C_cell1|1932|2022-01-10T03:34:14|2022-01-10T04:32:44,2022-01-10T04:32:44,0.0
M6_event_stress_v1,temperature_event_shift_1,102Ah_35degC_1C_cell1,2098,12,87.6744200286942,89.102,ridge_event_replay,5,102Ah_35degC_1C_cell1|2094|2022-02-08T18:47:21|2022-02-08T19:45:21|#|102Ah_35degC_1C_cell1|2095|2022-02-08T21:40:08|2022-02-08T22:38:08|#|102Ah_35degC_1C_cell1|2096|2022-02-09T00:32:59|2022-02-09T01:30:59|#|102Ah_35degC_1C_cell1|2097|2022-02-09T03:25:47|2022-02-09T04:23:46|#|102Ah_35degC_1C_cell1|2098|2022-02-09T06:18:35|2022-02-09T07:16:35,2022-02-09T07:16:35,0.0
M6_event_stress_v1,temperature_event_shift_1,102Ah_35degC_1C_cell1,2264,13,86.84791129450016,88.517,ridge_event_replay,5,102Ah_35degC_1C_cell1|2260|2022-02-28T16:03:28|2022-02-28T17:00:58|#|102Ah_35degC_1C_cell1|2261|2022-02-28T18:55:39|2022-02-28T19:53:08|#|102Ah_35degC_1C_cell1|2262|2022-02-28T21:47:49|2022-02-28T22:45:19|#|102Ah_35degC_1C_cell1|2263|2022-03-01T00:39:58|2022-03-01T01:37:28|#|102Ah_35degC_1C_cell1|2264|2022-03-01T03:32:09|2022-03-01T04:29:39,2022-03-01T04:29:39,0.0
M6_event_stress_v1,temperature_event_shift_1,102Ah_35degC_1C_cell1,2430,14,86.03617564878556,87.874,ridge_event_replay,5,102Ah_35degC_1C_cell1|2426|2022-03-20T11:33:54|2022-03-20T12:31:23|#|102Ah_35degC_1C_cell1|2427|2022-03-20T14:25:26|2022-03-20T15:22:56|#|102Ah_35degC_1C_cell1|2428|2022-03-20T17:16:58|2022-03-20T18:14:28|#|102Ah_35degC_1C_cell1|2429|2022-03-20T20:08:30|2022-03-20T21:06:00|#|102Ah_35degC_1C_cell1|2430|2022-03-20T23:00:02|2022-03-20T23:57:32,2022-03-20T23:57:32,0.0
M6_event_stress_v1,temperature_event_shift_1,102Ah_35degC_1C_cell1,2596,15,85.59099815401896,87.254,ridge_event_replay,5,102Ah_35degC_1C_cell1|2592|2022-04-09T11:01:47|2022-04-09T11:59:17|#|102Ah_35degC_1C_cell1|2593|2022-04-09T13:52:56|2022-04-09T14:50:26|#|102Ah_35degC_1C_cell1|2594|2022-04-09T16:43:55|2022-04-09T17:41:25|#|102Ah_35degC_1C_cell1|2595|2022-04-09T19:34:50|2022-04-09T20:32:21|#|102Ah_35degC_1C_cell1|2596|2022-04-09T22:25:47|2022-04-09T23:22:47,2022-04-09T23:22:47,0.0
M6_event_stress_v1,temperature_event_shift_1,102Ah_35degC_1C_cell1,2762,16,86.36015642620889,86.669,ridge_event_replay,5,102Ah_35degC_1C_cell1|2758|2022-05-01T12:20:22|2022-05-01T13:17:21|#|102Ah_35degC_1C_cell1|2759|2022-05-01T15:10:46|2022-05-01T16:07:46|#|102Ah_35degC_1C_cell1|2760|2022-05-01T18:01:11|2022-05-01T18:58:11|#|102Ah_35degC_1C_cell1|2761|2022-05-01T20:51:34|2022-05-01T21:48:34|#|102Ah_35degC_1C_cell1|2762|2022-05-01T23:41:59|2022-05-02T00:38:59,2022-05-02T00:38:59,0.0
M6_event_stress_v1,temperature_event_shift_1,102Ah_35degC_1C_cell1,2928,17,86.02824871541256,86.04,ridge_event_replay,5,102Ah_35degC_1C_cell1|2924|2022-05-25T14:44:22|2022-05-25T15:40:52|#|102Ah_35degC_1C_cell1|2925|2022-05-25T17:33:53|2022-05-25T18:30:23|#|102Ah_35degC_1C_cell1|2926|2022-05-25T20:23:21|2022-05-25T21:19:51|#|102Ah_35degC_1C_cell1|2927|2022-05-25T23:12:51|2022-05-26T00:09:20|#|102Ah_35degC_1C_cell1|2928|2022-05-26T02:02:17|2022-05-26T02:58:47,2022-05-26T02:58:47,0.0
M6_event_stress_v1,temperature_event_shift_1,102Ah_35degC_1C_cell1,3094,18,84.68821675753819,85.225,ridge_event_replay,5,102Ah_35degC_1C_cell1|3090|2022-06-19T18:10:54|2022-06-19T19:07:24|#|102Ah_35degC_1C_cell1|3091|2022-06-19T20:59:52|2022-06-19T21:56:22|#|102Ah_35degC_1C_cell1|3092|2022-06-19T23:48:49|2022-06-20T00:45:19|#|102Ah_35degC_1C_cell1|3093|2022-06-20T02:37:48|2022-06-20T03:34:18|#|102Ah_35degC_1C_cell1|3094|2022-06-20T05:26:45|2022-06-20T06:23:15,2022-06-20T06:23:15,0.0
M6_event_stress_v1,temperature_event_shift_1,102Ah_35degC_1C_cell1,3260,19,83.80748249782917,84.635,ridge_event_replay,5,102Ah_35degC_1C_cell1|3256|2022-07-09T16:20:57|2022-07-09T17:17:27|#|102Ah_35degC_1C_cell1|3257|2022-07-09T19:09:28|2022-07-09T20:05:58|#|102Ah_35degC_1C_cell1|3258|2022-07-09T21:57:59|2022-07-09T22:54:29|#|102Ah_35degC_1C_cell1|3259|2022-07-10T00:46:30|2022-07-10T01:43:00|#|102Ah_35degC_1C_cell1|3260|2022-07-10T03:35:01|2022-07-10T04:31:31,2022-07-10T04:31:31,0.0
M6_event_stress_v1,temperature_event_shift_1,102Ah_35degC_1C_cell1,3426,20,83.23082572482863,84.066,ridge_event_replay,5,102Ah_35degC_1C_cell1|3422|2022-07-29T03:13:57|2022-07-29T04:09:57|#|102Ah_35degC_1C_cell1|3423|2022-07-29T06:01:48|2022-07-29T06:57:48|#|102Ah_35degC_1C_cell1|3424|2022-07-29T08:49:38|2022-07-29T09:45:38|#|102Ah_35degC_1C_cell1|3425|2022-07-29T11:37:27|2022-07-29T12:33:27|#|102Ah_35degC_1C_cell1|3426|2022-07-29T14:25:19|2022-07-29T15:21:19,2022-07-29T15:21:19,0.0
M6_event_stress_v1,temperature_event_shift_1,102Ah_35degC_1C_cell1,3593,21,82.4740098294718,83.481,ridge_event_replay,5,102Ah_35degC_1C_cell1|3589|2022-08-18T08:48:21|2022-08-18T09:44:21|#|102Ah_35degC_1C_cell1|3590|2022-08-18T11:35:36|2022-08-18T12:31:35|#|102Ah_35degC_1C_cell1|3591|2022-08-18T14:22:50|2022-08-18T15:18:50|#|102Ah_35degC_1C_cell1|3592|2022-08-18T17:10:04|2022-08-18T18:06:04|#|102Ah_35degC_1C_cell1|3593|2022-08-18T19:57:17|2022-08-18T20:53:17,2022-08-18T20:53:17,0.0
M6_event_stress_v1,temperature_event_shift_1,102Ah_35degC_1C_cell1,3759,22,81.71038252508902,82.816,ridge_event_replay,5,102Ah_35degC_1C_cell1|3755|2022-09-06T14:48:42|2022-09-06T15:44:12|#|102Ah_35degC_1C_cell1|3756|2022-09-06T17:35:18|2022-09-06T18:30:48|#|102Ah_35degC_1C_cell1|3757|2022-09-06T20:21:53|2022-09-06T21:17:23|#|102Ah_35degC_1C_cell1|3758|2022-09-06T23:08:28|2022-09-07T00:03:58|#|102Ah_35degC_1C_cell1|3759|2022-09-07T01:55:02|2022-09-07T02:50:32,2022-09-07T02:50:32,0.0
M6_event_stress_v1,temperature_event_shift_1,102Ah_35degC_1C_cell1,3925,23,80.72178106444076,82.089,ridge_event_replay,5,102Ah_35degC_1C_cell1|3921|2022-09-28T02:46:12|2022-09-28T03:41:42|#|102Ah_35degC_1C_cell1|3922|2022-09-28T05:32:00|2022-09-28T06:27:30|#|102Ah_35degC_1C_cell1|3923|2022-09-28T08:17:47|2022-09-28T09:13:17|#|102Ah_35degC_1C_cell1|3924|2022-09-28T11:03:34|2022-09-28T11:58:34|#|102Ah_35degC_1C_cell1|3925|2022-09-28T13:49:20|2022-09-28T14:44:19,2022-09-28T14:44:19,0.0
M6_event_stress_v1,temperature_event_shift_1,102Ah_35degC_1C_cell1,4091,24,79.7962039395783,81.26,ridge_event_replay,5,102Ah_35degC_1C_cell1|4013|2022-10-18T02:41:45|2022-10-18T03:36:45|#|102Ah_35degC_1C_cell1|4014|2022-10-18T05:26:54|2022-10-18T06:21:54|#|102Ah_35degC_1C_cell1|4015|2022-10-18T08:12:02|2022-10-18T09:07:02|#|102Ah_35degC_1C_cell1|4016|2022-10-18T10:57:11|2022-10-18T11:52:11|#|102Ah_35degC_1C_cell1|4017|2022-10-18T13:42:18|2022-10-18T14:37:18,2022-10-18T14:37:18,0.0
M6_event_stress_v1,temperature_event_shift_1,102Ah_35degC_1C_cell1,4257,25,78.82305463141856,80.436,ridge_event_replay,0,,2022-10-18T14:37:18,0.0
M6_event_stress_v1,temperature_event_shift_1,102Ah_35degC_1C_cell1,4423,26,78.82305463141856,79.583,ridge_event_replay,0,,2022-10-18T14:37:18,0.0
M6_event_stress_v1,temperature_event_shift_1,102Ah_35degC_1C_cell1,4589,27,78.82305463141856,78.65,ridge_event_replay,0,,2022-10-18T14:37:18,0.0
M6_event_stress_v1,temperature_event_shift_1,102Ah_35degC_1C_cell1,4755,28,75.45175587142174,77.59,ridge_event_replay,5,102Ah_35degC_1C_cell1|4751|2023-01-13T06:15:43|2023-01-13T07:09:13|#|102Ah_35degC_1C_cell1|4752|2023-01-13T08:56:49|2023-01-13T09:50:19|#|102Ah_35degC_1C_cell1|4753|2023-01-13T11:37:55|2023-01-13T12:31:25|#|102Ah_35degC_1C_cell1|4754|2023-01-13T14:19:00|2023-01-13T15:12:30|#|102Ah_35degC_1C_cell1|4755|2023-01-13T17:00:04|2023-01-13T17:53:34,2023-01-13T17:53:34,0.0
M6_event_stress_v1,temperature_event_shift_1,102Ah_35degC_1C_cell1,4921,29,74.02243823513126,76.374,ridge_event_replay,5,102Ah_35degC_1C_cell1|4879|2023-02-05T20:19:31|2023-02-05T21:12:31|#|102Ah_35degC_1C_cell1|4880|2023-02-05T22:59:37|2023-02-05T23:52:37|#|102Ah_35degC_1C_cell1|4881|2023-02-06T01:39:43|2023-02-06T02:32:43|#|102Ah_35degC_1C_cell1|4882|2023-02-06T04:19:48|2023-02-06T05:12:48|#|102Ah_35degC_1C_cell1|4883|2023-02-06T06:59:51|2023-02-06T07:52:50,2023-02-06T07:52:50,0.0
M6_event_stress_v1,temperature_event_shift_1,102Ah_35degC_1C_cell1,5087,30,72.62799589476134,75.089,ridge_event_replay,0,,2023-02-06T07:52:50,0.0
M6_event_stress_v1,clean_event_replay,102Ah_45degC_0p5C_cell3,217,1,96.83293745069639,97.213,ridge_event_replay,5,102Ah_45degC_0p5C_cell3|213|2021-07-02T21:15:41|2021-07-02T23:15:53|#|102Ah_45degC_0p5C_cell3|214|2021-07-03T02:14:57|2021-07-03T04:14:57|#|102Ah_45degC_0p5C_cell3|215|2021-07-03T07:14:10|2021-07-03T09:14:12|#|102Ah_45degC_0p5C_cell3|216|2021-07-03T12:13:23|2021-07-03T14:13:23|#|102Ah_45degC_0p5C_cell3|217|2021-07-03T17:12:33|2021-07-03T19:12:33,2021-07-03T19:12:33,0.0
M6_event_stress_v1,clean_event_replay,102Ah_45degC_0p5C_cell3,350,2,95.4651424498694,96.093,ridge_event_replay,5,102Ah_45degC_0p5C_cell3|346|2021-07-31T04:02:20|2021-07-31T06:01:15|#|102Ah_45degC_0p5C_cell3|347|2021-07-31T08:58:56|2021-07-31T10:57:27|#|102Ah_45degC_0p5C_cell3|348|2021-07-31T13:55:33|2021-07-31T15:54:02|#|102Ah_45degC_0p5C_cell3|349|2021-07-31T18:52:08|2021-07-31T20:50:37|#|102Ah_45degC_0p5C_cell3|350|2021-07-31T23:48:41|2021-08-01T01:47:11,2021-08-01T01:47:11,0.0
M6_event_stress_v1,clean_event_replay,102Ah_45degC_0p5C_cell3,483,3,94.4985964902699,95.183,ridge_event_replay,5,102Ah_45degC_0p5C_cell3|479|2021-08-27T12:04:34|2021-08-27T14:02:04|#|102Ah_45degC_0p5C_cell3|480|2021-08-27T16:59:02|2021-08-27T18:56:33|#|102Ah_45degC_0p5C_cell3|481|2021-08-27T21:53:29|2021-08-27T23:51:21|#|102Ah_45degC_0p5C_cell3|482|2021-08-28T02:47:55|2021-08-28T04:45:25|#|102Ah_45degC_0p5C_cell3|483|2021-08-28T07:42:19|2021-08-28T09:39:50,2021-08-28T09:39:50,0.0
M6_event_stress_v1,clean_event_replay,102Ah_45degC_0p5C_cell3,620,4,94.52312923930182,94.405,ridge_event_replay,5,102Ah_45degC_0p5C_cell3|616|2021-09-26T00:51:29|2021-09-26T02:48:27|#|102Ah_45degC_0p5C_cell3|617|2021-09-26T05:44:02|2021-09-26T07:41:00|#|102Ah_45degC_0p5C_cell3|618|2021-09-26T10:36:35|2021-09-26T12:33:05|#|102Ah_45degC_0p5C_cell3|619|2021-09-26T15:29:06|2021-09-26T17:26:03|#|102Ah_45degC_0p5C_cell3|620|2021-09-26T20:21:37|2021-09-26T22:18:34,2021-09-26T22:18:34,0.0
M6_event_stress_v1,clean_event_replay,102Ah_45degC_0p5C_cell3,754,5,93.02094660024984,93.579,ridge_event_replay,5,102Ah_45degC_0p5C_cell3|750|2021-10-31T09:10:25|2021-10-31T11:06:28|#|102Ah_45degC_0p5C_cell3|751|2021-10-31T14:01:04|2021-10-31T15:57:05|#|102Ah_45degC_0p5C_cell3|752|2021-10-31T18:51:42|2021-10-31T20:47:41|#|102Ah_45degC_0p5C_cell3|753|2021-10-31T23:42:18|2021-11-01T01:38:18|#|102Ah_45degC_0p5C_cell3|754|2021-11-01T04:32:54|2021-11-01T06:28:54,2021-11-01T06:28:54,0.0
M6_event_stress_v1,clean_event_replay,102Ah_45degC_0p5C_cell3,888,6,92.83296392415834,92.867,ridge_event_replay,5,102Ah_45degC_0p5C_cell3|884|2021-11-27T09:04:38|2021-11-27T10:59:50|#|102Ah_45degC_0p5C_cell3|885|2021-11-27T13:53:32|2021-11-27T15:48:32|#|102Ah_45degC_0p5C_cell3|886|2021-11-27T18:42:25|2021-11-27T20:37:35|#|102Ah_45degC_0p5C_cell3|887|2021-11-27T23:31:16|2021-11-28T01:26:17|#|102Ah_45degC_0p5C_cell3|888|2021-11-28T04:20:08|2021-11-28T06:15:08,2021-11-28T06:15:08,0.0
M6_event_stress_v1,clean_event_replay,102Ah_45degC_0p5C_cell3,1023,7,92.45266676555855,92.307,ridge_event_replay,5,102Ah_45degC_0p5C_cell3|1019|2022-01-20T12:54:31|2022-01-20T14:48:01|#|102Ah_45degC_0p5C_cell3|1020|2022-01-20T18:56:24|2022-01-20T20:50:24|#|102Ah_45degC_0p5C_cell3|1021|2022-01-20T23:43:53|2022-01-21T01:38:25|#|102Ah_45degC_0p5C_cell3|1022|2022-01-21T04:31:27|2022-01-21T06:25:58|#|102Ah_45degC_0p5C_cell3|1023|2022-01-21T09:18:57|2022-01-21T11:13:27,2022-01-21T11:13:27,0.0
M6_event_stress_v1,clean_event_replay,102Ah_45degC_0p5C_cell3,1168,8,91.19265065067155,91.334,ridge_event_replay,5,102Ah_45degC_0p5C_cell3|1164|2022-03-08T01:18:56|2022-03-08T03:12:18|#|102Ah_45degC_0p5C_cell3|1165|2022-03-08T06:04:07|2022-03-08T07:57:07|#|102Ah_45degC_0p5C_cell3|1166|2022-03-08T10:49:19|2022-03-08T12:42:40|#|102Ah_45degC_0p5C_cell3|1167|2022-03-08T15:34:29|2022-03-08T17:27:29|#|102Ah_45degC_0p5C_cell3|1168|2022-03-08T20:19:39|2022-03-08T22:13:00,2022-03-08T22:13:00,0.0
M6_event_stress_v1,clean_event_replay,102Ah_45degC_0p5C_cell3,1314,9,90.67738801684258,90.546,ridge_event_replay,5,102Ah_45degC_0p5C_cell3|1310|2022-04-05T22:16:07|2022-04-06T00:08:32|#|102Ah_45degC_0p5C_cell3|1311|2022-04-06T02:59:23|2022-04-06T04:51:46|#|102Ah_45degC_0p5C_cell3|1312|2022-04-06T07:42:36|2022-04-06T09:34:38|#|102Ah_45degC_0p5C_cell3|1313|2022-04-06T12:25:51|2022-04-06T14:18:14|#|102Ah_45degC_0p5C_cell3|1314|2022-04-06T17:09:02|2022-04-06T19:01:02,2022-04-06T19:01:02,0.0
M6_event_stress_v1,clean_event_replay,102Ah_45degC_0p5C_cell3,1457,10,89.38141303594814,89.71,ridge_event_replay,4,102Ah_45degC_0p5C_cell3|1449|2022-05-10T18:50:05|2022-05-10T19:47:35|#|102Ah_45degC_0p5C_cell3|1455|2022-05-10T22:37:28|2022-05-11T00:28:45|#|102Ah_45degC_0p5C_cell3|1456|2022-05-11T03:18:32|2022-05-11T05:09:52|#|102Ah_45degC_0p5C_cell3|1457|2022-05-11T07:59:39|2022-05-11T09:51:01,2022-05-11T09:51:01,0.0
M6_event_stress_v1,clean_event_replay,102Ah_45degC_0p5C_cell3,1605,11,88.55579282655371,88.797,ridge_event_replay,5,102Ah_45degC_0p5C_cell3|1601|2022-06-14T01:08:45|2022-06-14T02:59:02|#|102Ah_45degC_0p5C_cell3|1602|2022-06-14T05:47:45|2022-06-14T07:38:02|#|102Ah_45degC_0p5C_cell3|1603|2022-06-14T10:26:46|2022-06-14T12:16:46|#|102Ah_45degC_0p5C_cell3|1604|2022-06-14T15:05:45|2022-06-14T16:55:45|#|102Ah_45degC_0p5C_cell3|1605|2022-06-14T19:44:44|2022-06-14T21:35:00,2022-06-14T21:35:00,0.0
M6_event_stress_v1,clean_event_replay,102Ah_45degC_0p5C_cell3,1739,12,87.61048592814912,88.025,ridge_event_replay,5,102Ah_45degC_0p5C_cell3|1735|2022-07-10T23:45:11|2022-07-11T01:34:11|#|102Ah_45degC_0p5C_cell3|1736|2022-07-11T04:22:21|2022-07-11T06:11:21|#|102Ah_45degC_0p5C_cell3|1737|2022-07-11T08:59:31|2022-07-11T10:48:55|#|102Ah_45degC_0p5C_cell3|1738|2022-07-11T13:36:40|2022-07-11T15:26:02|#|102Ah_45degC_0p5C_cell3|1739|2022-07-11T18:13:49|2022-07-11T20:02:49,2022-07-11T20:02:49,0.0
M6_event_stress_v1,clean_event_replay,102Ah_45degC_0p5C_cell3,1872,13,86.99310950224498,87.256,ridge_event_replay,5,102Ah_45degC_0p5C_cell3|1868|2022-08-05T14:14:24|2022-08-05T16:02:24|#|102Ah_45degC_0p5C_cell3|1869|2022-08-05T18:49:41|2022-08-05T20:37:41|#|102Ah_45degC_0p5C_cell3|1870|2022-08-05T23:24:57|2022-08-06T01:13:23|#|102Ah_45degC_0p5C_cell3|1871|2022-08-06T04:00:12|2022-08-06T05:48:12|#|102Ah_45degC_0p5C_cell3|1872|2022-08-06T08:35:27|2022-08-06T10:23:28,2022-08-06T10:23:28,0.0
M6_event_stress_v1,clean_event_replay,102Ah_45degC_0p5C_cell3,2005,14,86.24578431835744,86.448,ridge_event_replay,5,102Ah_45degC_0p5C_cell3|2001|2022-08-31T10:09:06|2022-08-31T11:56:06|#|102Ah_45degC_0p5C_cell3|2002|2022-08-31T14:42:26|2022-08-31T16:29:54|#|102Ah_45degC_0p5C_cell3|2003|2022-08-31T19:15:45|2022-08-31T21:02:45|#|102Ah_45degC_0p5C_cell3|2004|2022-08-31T23:49:04|2022-09-01T01:36:32|#|102Ah_45degC_0p5C_cell3|2005|2022-09-01T04:22:21|2022-09-01T06:09:48,2022-09-01T06:09:48,0.0
M6_event_stress_v1,clean_event_replay,102Ah_45degC_0p5C_cell3,2138,15,85.81473334865011,85.454,ridge_event_replay,5,102Ah_45degC_0p5C_cell3|2134|2022-09-25T18:39:23|2022-09-25T20:25:23|#|102Ah_45degC_0p5C_cell3|2135|2022-09-25T23:10:42|2022-09-26T00:57:11|#|102Ah_45degC_0p5C_cell3|2136|2022-09-26T03:42:02|2022-09-26T05:28:02|#|102Ah_45degC_0p5C_cell3|2137|2022-09-26T08:13:20|2022-09-26T09:59:21|#|102Ah_45degC_0p5C_cell3|2138|2022-09-26T12:44:38|2022-09-26T14:31:05,2022-09-26T14:31:05,0.0
M6_event_stress_v1,clean_event_replay,102Ah_45degC_0p5C_cell3,2272,16,85.20663637728336,84.767,ridge_event_replay,5,102Ah_45degC_0p5C_cell3|2268|2022-10-30T02:22:05|2022-10-30T04:07:33|#|102Ah_45degC_0p5C_cell3|2269|2022-10-30T06:51:19|2022-10-30T08:36:47|#|102Ah_45degC_0p5C_cell3|2270|2022-10-30T11:20:34|2022-10-30T13:06:01|#|102Ah_45degC_0p5C_cell3|2271|2022-10-30T15:49:47|2022-10-30T17:35:13|#|102Ah_45degC_0p5C_cell3|2272|2022-10-30T20:18:59|2022-10-30T22:03:59,2022-10-30T22:03:59,0.0
M6_event_stress_v1,clean_event_replay,102Ah_45degC_0p5C_cell3,2405,17,84.46228467018796,83.861,ridge_event_replay,5,102Ah_45degC_0p5C_cell3|2401|2022-11-27T08:07:09|2022-11-27T09:51:31|#|102Ah_45degC_0p5C_cell3|2402|2022-11-27T12:34:12|2022-11-27T14:18:33|#|102Ah_45degC_0p5C_cell3|2403|2022-11-27T17:01:13|2022-11-27T18:45:14|#|102Ah_45degC_0p5C_cell3|2404|2022-11-27T21:28:14|2022-11-27T23:12:33|#|102Ah_45degC_0p5C_cell3|2405|2022-11-28T01:55:13|2022-11-28T03:39:31,2022-11-28T03:39:31,0.0
M6_event_stress_v1,clean_event_replay,102Ah_45degC_0p5C_cell3,2538,18,83.1923988654386,82.921,ridge_event_replay,5,102Ah_45degC_0p5C_cell3|2534|2022-12-21T21:50:55|2022-12-21T23:34:07|#|102Ah_45degC_0p5C_cell3|2535|2022-12-22T02:15:40|2022-12-22T03:58:51|#|102Ah_45degC_0p5C_cell3|2536|2022-12-22T06:40:23|2022-12-22T08:23:23|#|102Ah_45degC_0p5C_cell3|2537|2022-12-22T11:05:06|2022-12-22T12:48:16|#|102Ah_45degC_0p5C_cell3|2538|2022-12-22T15:29:47|2022-12-22T17:12:47,2022-12-22T17:12:47,0.0
M6_event_stress_v1,clean_event_replay,102Ah_45degC_0p5C_cell3,2671,19,82.35820391388127,81.859,ridge_event_replay,5,102Ah_45degC_0p5C_cell3|2667|2023-01-15T08:04:35|2023-01-15T09:46:33|#|102Ah_45degC_0p5C_cell3|2668|2023-01-15T12:26:48|2023-01-15T14:08:44|#|102Ah_45degC_0p5C_cell3|2669|2023-01-15T16:48:59|2023-01-15T18:30:55|#|102Ah_45degC_0p5C_cell3|2670|2023-01-15T21:11:10|2023-01-15T22:52:39|#|102Ah_45degC_0p5C_cell3|2671|2023-01-16T01:33:19|2023-01-16T03:15:13,2023-01-16T03:15:13,0.0
M6_event_stress_v1,clean_event_replay,102Ah_45degC_0p5C_cell3,2805,20,81.23295470661301,80.568,ridge_event_replay,5,102Ah_45degC_0p5C_cell3|2801|2023-02-18T10:04:30|2023-02-18T11:44:30|#|102Ah_45degC_0p5C_cell3|2802|2023-02-18T14:23:38|2023-02-18T16:03:38|#|102Ah_45degC_0p5C_cell3|2803|2023-02-18T18:42:45|2023-02-18T20:23:11|#|102Ah_45degC_0p5C_cell3|2804|2023-02-18T23:01:50|2023-02-19T00:41:51|#|102Ah_45degC_0p5C_cell3|2805|2023-02-19T03:20:55|2023-02-19T05:00:54,2023-02-19T05:00:54,0.0
M6_event_stress_v1,clean_event_replay,102Ah_45degC_0p5C_cell3,2939,21,79.70666888470052,78.862,ridge_event_replay,5,102Ah_45degC_0p5C_cell3|2935|2023-03-28T08:41:39|2023-03-28T10:19:40|#|102Ah_45degC_0p5C_cell3|2936|2023-03-28T12:56:45|2023-03-28T14:35:15|#|102Ah_45degC_0p5C_cell3|2937|2023-03-28T17:11:50|2023-03-28T18:50:19|#|102Ah_45degC_0p5C_cell3|2938|2023-03-28T21:26:54|2023-03-28T23:05:21|#|102Ah_45degC_0p5C_cell3|2939|2023-03-29T01:41:55|2023-03-29T03:20:22,2023-03-29T03:20:22,0.0
M6_event_stress_v1,clean_event_replay,102Ah_45degC_0p5C_cell3,3072,22,78.60884949606756,77.351,ridge_event_replay,5,102Ah_45degC_0p5C_cell3|3068|2023-04-20T19:19:15|2023-04-20T20:56:07|#|102Ah_45degC_0p5C_cell3|3069|2023-04-20T23:30:53|2023-04-21T01:07:23|#|102Ah_45degC_0p5C_cell3|3070|2023-04-21T03:42:29|2023-04-21T05:19:20|#|102Ah_45degC_0p5C_cell3|3071|2023-04-21T07:54:03|2023-04-21T09:30:55|#|102Ah_45degC_0p5C_cell3|3072|2023-04-21T12:05:37|2023-04-21T13:42:07,2023-04-21T13:42:07,0.0
M6_event_stress_v1,clean_event_replay,102Ah_45degC_0p5C_cell3,3205,23,77.60420531693775,75.585,ridge_event_replay,5,102Ah_45degC_0p5C_cell3|3201|2023-05-20T20:41:57|2023-05-20T22:16:50|#|102Ah_45degC_0p5C_cell3|3202|2023-05-21T00:49:25|2023-05-21T02:23:55|#|102Ah_45degC_0p5C_cell3|3203|2023-05-21T04:56:51|2023-05-21T06:31:20|#|102Ah_45degC_0p5C_cell3|3204|2023-05-21T09:04:15|2023-05-21T10:38:44|#|102Ah_45degC_0p5C_cell3|3205|2023-05-21T13:11:37|2023-05-21T14:46:26,2023-05-21T14:46:26,0.0
M6_event_stress_v1,clean_event_replay,102Ah_45degC_0p5C_cell3,3340,24,75.61130621360857,73.377,ridge_event_replay,5,102Ah_45degC_0p5C_cell3|3336|2023-07-10T01:50:45|2023-07-10T03:22:44|#|102Ah_45degC_0p5C_cell3|3337|2023-07-10T05:52:43|2023-07-10T07:24:43|#|102Ah_45degC_0p5C_cell3|3338|2023-07-10T09:54:40|2023-07-10T11:26:39|#|102Ah_45degC_0p5C_cell3|3339|2023-07-10T13:56:34|2023-07-10T15:28:34|#|102Ah_45degC_0p5C_cell3|3340|2023-07-10T17:58:27|2023-07-10T19:30:26,2023-07-10T19:30:26,0.0
M6_event_stress_v1,clean_event_replay,102Ah_45degC_0p5C_cell3,3473,25,73.73594066518737,71.212,ridge_event_replay,5,102Ah_45degC_0p5C_cell3|3469|2023-08-04T17:07:07|2023-08-04T18:36:37|#|102Ah_45degC_0p5C_cell3|3470|2023-08-04T21:04:03|2023-08-04T22:33:33|#|102Ah_45degC_0p5C_cell3|3471|2023-08-05T01:00:58|2023-08-05T02:30:28|#|102Ah_45degC_0p5C_cell3|3472|2023-08-05T04:57:50|2023-08-05T06:27:20|#|102Ah_45degC_0p5C_cell3|3473|2023-08-05T08:54:41|2023-08-05T10:24:10,2023-08-05T10:24:10,0.0
M6_event_stress_v1,clean_event_replay,102Ah_45degC_0p5C_cell3,3606,26,72.12469793713421,68.96,ridge_event_replay,5,102Ah_45degC_0p5C_cell3|3602|2023-08-26T08:52:39|2023-08-26T10:19:38|#|102Ah_45degC_0p5C_cell3|3603|2023-08-26T12:44:16|2023-08-26T14:11:16|#|102Ah_45degC_0p5C_cell3|3604|2023-08-26T16:35:50|2023-08-26T18:02:50|#|102Ah_45degC_0p5C_cell3|3605|2023-08-26T20:27:24|2023-08-26T21:54:24|#|102Ah_45degC_0p5C_cell3|3606|2023-08-27T00:18:55|2023-08-27T01:45:55,2023-08-27T01:45:55,0.0
M6_event_stress_v1,clean_event_replay,102Ah_45degC_0p5C_cell3,3740,27,69.95286643418387,66.665,ridge_event_replay,5,102Ah_45degC_0p5C_cell3|3736|2023-09-16T16:04:29|2023-09-16T17:28:29|#|102Ah_45degC_0p5C_cell3|3737|2023-09-16T19:50:32|2023-09-16T21:14:54|#|102Ah_45degC_0p5C_cell3|3738|2023-09-16T23:36:34|2023-09-17T01:00:33|#|102Ah_45degC_0p5C_cell3|3739|2023-09-17T03:22:31|2023-09-17T04:46:31|#|102Ah_45degC_0p5C_cell3|3740|2023-09-17T07:08:28|2023-09-17T08:32:28,2023-09-17T08:32:28,0.0
M6_event_stress_v1,clean_event_replay,102Ah_45degC_0p5C_cell3,3870,28,67.72377217156097,64.205,ridge_event_replay,5,102Ah_45degC_0p5C_cell3|3861|2023-10-17T09:49:30|2023-10-17T11:10:29|#|102Ah_45degC_0p5C_cell3|3862|2023-10-17T13:29:38|2023-10-17T14:50:38|#|102Ah_45degC_0p5C_cell3|3863|2023-10-17T17:09:45|2023-10-17T18:30:45|#|102Ah_45degC_0p5C_cell3|3864|2023-10-17T20:49:48|2023-10-17T22:10:48|#|102Ah_45degC_0p5C_cell3|3865|2023-10-18T00:29:50|2023-10-18T01:50:50,2023-10-18T01:50:50,0.0
M6_event_stress_v1,clean_event_replay,102Ah_45degC_0p5C_cell3,4292,29,67.06963111862194,63.18,ridge_event_replay,0,,2023-10-18T01:50:50,0.0
M6_event_stress_v1,clean_event_replay,102Ah_45degC_0p5C_cell3,4018,30,65.40011849933603,61.901,ridge_event_replay,5,102Ah_45degC_0p5C_cell3|4014|2023-11-10T14:19:06|2023-11-10T15:37:06|#|102Ah_45degC_0p5C_cell3|4015|2023-11-10T17:53:24|2023-11-10T19:11:24|#|102Ah_45degC_0p5C_cell3|4016|2023-11-10T21:27:41|2023-11-10T22:45:40|#|102Ah_45degC_0p5C_cell3|4017|2023-11-11T01:01:51|2023-11-11T02:19:51|#|102Ah_45degC_0p5C_cell3|4018|2023-11-11T04:36:03|2023-11-11T05:54:03,2023-11-11T05:54:03,0.0
M6_event_stress_v1,bias_+1C,102Ah_45degC_0p5C_cell3,217,1,96.77380899087328,97.213,ridge_event_replay,5,102Ah_45degC_0p5C_cell3|213|2021-07-02T21:15:41|2021-07-02T23:15:53|#|102Ah_45degC_0p5C_cell3|214|2021-07-03T02:14:57|2021-07-03T04:14:57|#|102Ah_45degC_0p5C_cell3|215|2021-07-03T07:14:10|2021-07-03T09:14:12|#|102Ah_45degC_0p5C_cell3|216|2021-07-03T12:13:23|2021-07-03T14:13:23|#|102Ah_45degC_0p5C_cell3|217|2021-07-03T17:12:33|2021-07-03T19:12:33,2021-07-03T19:12:33,1.0
M6_event_stress_v1,bias_+1C,102Ah_45degC_0p5C_cell3,350,2,95.40601399004629,96.093,ridge_event_replay,5,102Ah_45degC_0p5C_cell3|346|2021-07-31T04:02:20|2021-07-31T06:01:15|#|102Ah_45degC_0p5C_cell3|347|2021-07-31T08:58:56|2021-07-31T10:57:27|#|102Ah_45degC_0p5C_cell3|348|2021-07-31T13:55:33|2021-07-31T15:54:02|#|102Ah_45degC_0p5C_cell3|349|2021-07-31T18:52:08|2021-07-31T20:50:37|#|102Ah_45degC_0p5C_cell3|350|2021-07-31T23:48:41|2021-08-01T01:47:11,2021-08-01T01:47:11,1.0
M6_event_stress_v1,bias_+1C,102Ah_45degC_0p5C_cell3,483,3,94.43946803044679,95.183,ridge_event_replay,5,102Ah_45degC_0p5C_cell3|479|2021-08-27T12:04:34|2021-08-27T14:02:04|#|102Ah_45degC_0p5C_cell3|480|2021-08-27T16:59:02|2021-08-27T18:56:33|#|102Ah_45degC_0p5C_cell3|481|2021-08-27T21:53:29|2021-08-27T23:51:21|#|102Ah_45degC_0p5C_cell3|482|2021-08-28T02:47:55|2021-08-28T04:45:25|#|102Ah_45degC_0p5C_cell3|483|2021-08-28T07:42:19|2021-08-28T09:39:50,2021-08-28T09:39:50,1.0
M6_event_stress_v1,bias_+1C,102Ah_45degC_0p5C_cell3,620,4,94.46400077947871,94.405,ridge_event_replay,5,102Ah_45degC_0p5C_cell3|616|2021-09-26T00:51:29|2021-09-26T02:48:27|#|102Ah_45degC_0p5C_cell3|617|2021-09-26T05:44:02|2021-09-26T07:41:00|#|102Ah_45degC_0p5C_cell3|618|2021-09-26T10:36:35|2021-09-26T12:33:05|#|102Ah_45degC_0p5C_cell3|619|2021-09-26T15:29:06|2021-09-26T17:26:03|#|102Ah_45degC_0p5C_cell3|620|2021-09-26T20:21:37|2021-09-26T22:18:34,2021-09-26T22:18:34,1.0
M6_event_stress_v1,bias_+1C,102Ah_45degC_0p5C_cell3,754,5,92.96181814042673,93.579,ridge_event_replay,5,102Ah_45degC_0p5C_cell3|750|2021-10-31T09:10:25|2021-10-31T11:06:28|#|102Ah_45degC_0p5C_cell3|751|2021-10-31T14:01:04|2021-10-31T15:57:05|#|102Ah_45degC_0p5C_cell3|752|2021-10-31T18:51:42|2021-10-31T20:47:41|#|102Ah_45degC_0p5C_cell3|753|2021-10-31T23:42:18|2021-11-01T01:38:18|#|102Ah_45degC_0p5C_cell3|754|2021-11-01T04:32:54|2021-11-01T06:28:54,2021-11-01T06:28:54,1.0
M6_event_stress_v1,bias_+1C,102Ah_45degC_0p5C_cell3,888,6,92.77383546433522,92.867,ridge_event_replay,5,102Ah_45degC_0p5C_cell3|884|2021-11-27T09:04:38|2021-11-27T10:59:50|#|102Ah_45degC_0p5C_cell3|885|2021-11-27T13:53:32|2021-11-27T15:48:32|#|102Ah_45degC_0p5C_cell3|886|2021-11-27T18:42:25|2021-11-27T20:37:35|#|102Ah_45degC_0p5C_cell3|887|2021-11-27T23:31:16|2021-11-28T01:26:17|#|102Ah_45degC_0p5C_cell3|888|2021-11-28T04:20:08|2021-11-28T06:15:08,2021-11-28T06:15:08,1.0
M6_event_stress_v1,bias_+1C,102Ah_45degC_0p5C_cell3,1023,7,92.39353830573543,92.307,ridge_event_replay,5,102Ah_45degC_0p5C_cell3|1019|2022-01-20T12:54:31|2022-01-20T14:48:01|#|102Ah_45degC_0p5C_cell3|1020|2022-01-20T18:56:24|2022-01-20T20:50:24|#|102Ah_45degC_0p5C_cell3|1021|2022-01-20T23:43:53|2022-01-21T01:38:25|#|102Ah_45degC_0p5C_cell3|1022|2022-01-21T04:31:27|2022-01-21T06:25:58|#|102Ah_45degC_0p5C_cell3|1023|2022-01-21T09:18:57|2022-01-21T11:13:27,2022-01-21T11:13:27,1.0
M6_event_stress_v1,bias_+1C,102Ah_45degC_0p5C_cell3,1168,8,91.13352219084845,91.334,ridge_event_replay,5,102Ah_45degC_0p5C_cell3|1164|2022-03-08T01:18:56|2022-03-08T03:12:18|#|102Ah_45degC_0p5C_cell3|1165|2022-03-08T06:04:07|2022-03-08T07:57:07|#|102Ah_45degC_0p5C_cell3|1166|2022-03-08T10:49:19|2022-03-08T12:42:40|#|102Ah_45degC_0p5C_cell3|1167|2022-03-08T15:34:29|2022-03-08T17:27:29|#|102Ah_45degC_0p5C_cell3|1168|2022-03-08T20:19:39|2022-03-08T22:13:00,2022-03-08T22:13:00,1.0
M6_event_stress_v1,bias_+1C,102Ah_45degC_0p5C_cell3,1314,9,90.61825955701947,90.546,ridge_event_replay,5,102Ah_45degC_0p5C_cell3|1310|2022-04-05T22:16:07|2022-04-06T00:08:32|#|102Ah_45degC_0p5C_cell3|1311|2022-04-06T02:59:23|2022-04-06T04:51:46|#|102Ah_45degC_0p5C_cell3|1312|2022-04-06T07:42:36|2022-04-06T09:34:38|#|102Ah_45degC_0p5C_cell3|1313|2022-04-06T12:25:51|2022-04-06T14:18:14|#|102Ah_45degC_0p5C_cell3|1314|2022-04-06T17:09:02|2022-04-06T19:01:02,2022-04-06T19:01:02,1.0
M6_event_stress_v1,bias_+1C,102Ah_45degC_0p5C_cell3,1457,10,89.32228457612503,89.71,ridge_event_replay,4,102Ah_45degC_0p5C_cell3|1449|2022-05-10T18:50:05|2022-05-10T19:47:35|#|102Ah_45degC_0p5C_cell3|1455|2022-05-10T22:37:28|2022-05-11T00:28:45|#|102Ah_45degC_0p5C_cell3|1456|2022-05-11T03:18:32|2022-05-11T05:09:52|#|102Ah_45degC_0p5C_cell3|1457|2022-05-11T07:59:39|2022-05-11T09:51:01,2022-05-11T09:51:01,1.0
M6_event_stress_v1,bias_+1C,102Ah_45degC_0p5C_cell3,1605,11,88.4966643667306,88.797,ridge_event_replay,5,102Ah_45degC_0p5C_cell3|1601|2022-06-14T01:08:45|2022-06-14T02:59:02|#|102Ah_45degC_0p5C_cell3|1602|2022-06-14T05:47:45|2022-06-14T07:38:02|#|102Ah_45degC_0p5C_cell3|1603|2022-06-14T10:26:46|2022-06-14T12:16:46|#|102Ah_45degC_0p5C_cell3|1604|2022-06-14T15:05:45|2022-06-14T16:55:45|#|102Ah_45degC_0p5C_cell3|1605|2022-06-14T19:44:44|2022-06-14T21:35:00,2022-06-14T21:35:00,1.0
M6_event_stress_v1,bias_+1C,102Ah_45degC_0p5C_cell3,1739,12,87.551357468326,88.025,ridge_event_replay,5,102Ah_45degC_0p5C_cell3|1735|2022-07-10T23:45:11|2022-07-11T01:34:11|#|102Ah_45degC_0p5C_cell3|1736|2022-07-11T04:22:21|2022-07-11T06:11:21|#|102Ah_45degC_0p5C_cell3|1737|2022-07-11T08:59:31|2022-07-11T10:48:55|#|102Ah_45degC_0p5C_cell3|1738|2022-07-11T13:36:40|2022-07-11T15:26:02|#|102Ah_45degC_0p5C_cell3|1739|2022-07-11T18:13:49|2022-07-11T20:02:49,2022-07-11T20:02:49,1.0
M6_event_stress_v1,bias_+1C,102Ah_45degC_0p5C_cell3,1872,13,86.93398104242186,87.256,ridge_event_replay,5,102Ah_45degC_0p5C_cell3|1868|2022-08-05T14:14:24|2022-08-05T16:02:24|#|102Ah_45degC_0p5C_cell3|1869|2022-08-05T18:49:41|2022-08-05T20:37:41|#|102Ah_45degC_0p5C_cell3|1870|2022-08-05T23:24:57|2022-08-06T01:13:23|#|102Ah_45degC_0p5C_cell3|1871|2022-08-06T04:00:12|2022-08-06T05:48:12|#|102Ah_45degC_0p5C_cell3|1872|2022-08-06T08:35:27|2022-08-06T10:23:28,2022-08-06T10:23:28,1.0
M6_event_stress_v1,bias_+1C,102Ah_45degC_0p5C_cell3,2005,14,86.18665585853432,86.448,ridge_event_replay,5,102Ah_45degC_0p5C_cell3|2001|2022-08-31T10:09:06|2022-08-31T11:56:06|#|102Ah_45degC_0p5C_cell3|2002|2022-08-31T14:42:26|2022-08-31T16:29:54|#|102Ah_45degC_0p5C_cell3|2003|2022-08-31T19:15:45|2022-08-31T21:02:45|#|102Ah_45degC_0p5C_cell3|2004|2022-08-31T23:49:04|2022-09-01T01:36:32|#|102Ah_45degC_0p5C_cell3|2005|2022-09-01T04:22:21|2022-09-01T06:09:48,2022-09-01T06:09:48,1.0
M6_event_stress_v1,bias_+1C,102Ah_45degC_0p5C_cell3,2138,15,85.75560488882701,85.454,ridge_event_replay,5,102Ah_45degC_0p5C_cell3|2134|2022-09-25T18:39:23|2022-09-25T20:25:23|#|102Ah_45degC_0p5C_cell3|2135|2022-09-25T23:10:42|2022-09-26T00:57:11|#|102Ah_45degC_0p5C_cell3|2136|2022-09-26T03:42:02|2022-09-26T05:28:02|#|102Ah_45degC_0p5C_cell3|2137|2022-09-26T08:13:20|2022-09-26T09:59:21|#|102Ah_45degC_0p5C_cell3|2138|2022-09-26T12:44:38|2022-09-26T14:31:05,2022-09-26T14:31:05,1.0
M6_event_stress_v1,bias_+1C,102Ah_45degC_0p5C_cell3,2272,16,85.14750791746025,84.767,ridge_event_replay,5,102Ah_45degC_0p5C_cell3|2268|2022-10-30T02:22:05|2022-10-30T04:07:33|#|102Ah_45degC_0p5C_cell3|2269|2022-10-30T06:51:19|2022-10-30T08:36:47|#|102Ah_45degC_0p5C_cell3|2270|2022-10-30T11:20:34|2022-10-30T13:06:01|#|102Ah_45degC_0p5C_cell3|2271|2022-10-30T15:49:47|2022-10-30T17:35:13|#|102Ah_45degC_0p5C_cell3|2272|2022-10-30T20:18:59|2022-10-30T22:03:59,2022-10-30T22:03:59,1.0
M6_event_stress_v1,bias_+1C,102Ah_45degC_0p5C_cell3,2405,17,84.40315621036486,83.861,ridge_event_replay,5,102Ah_45degC_0p5C_cell3|2401|2022-11-27T08:07:09|2022-11-27T09:51:31|#|102Ah_45degC_0p5C_cell3|2402|2022-11-27T12:34:12|2022-11-27T14:18:33|#|102Ah_45degC_0p5C_cell3|2403|2022-11-27T17:01:13|2022-11-27T18:45:14|#|102Ah_45degC_0p5C_cell3|2404|2022-11-27T21:28:14|2022-11-27T23:12:33|#|102Ah_45degC_0p5C_cell3|2405|2022-11-28T01:55:13|2022-11-28T03:39:31,2022-11-28T03:39:31,1.0
M6_event_stress_v1,bias_+1C,102Ah_45degC_0p5C_cell3,2538,18,83.1332704056155,82.921,ridge_event_replay,5,102Ah_45degC_0p5C_cell3|2534|2022-12-21T21:50:55|2022-12-21T23:34:07|#|102Ah_45degC_0p5C_cell3|2535|2022-12-22T02:15:40|2022-12-22T03:58:51|#|102Ah_45degC_0p5C_cell3|2536|2022-12-22T06:40:23|2022-12-22T08:23:23|#|102Ah_45degC_0p5C_cell3|2537|2022-12-22T11:05:06|2022-12-22T12:48:16|#|102Ah_45degC_0p5C_cell3|2538|2022-12-22T15:29:47|2022-12-22T17:12:47,2022-12-22T17:12:47,1.0
M6_event_stress_v1,bias_+1C,102Ah_45degC_0p5C_cell3,2671,19,82.29907545405817,81.859,ridge_event_replay,5,102Ah_45degC_0p5C_cell3|2667|2023-01-15T08:04:35|2023-01-15T09:46:33|#|102Ah_45degC_0p5C_cell3|2668|2023-01-15T12:26:48|2023-01-15T14:08:44|#|102Ah_45degC_0p5C_cell3|2669|2023-01-15T16:48:59|2023-01-15T18:30:55|#|102Ah_45degC_0p5C_cell3|2670|2023-01-15T21:11:10|2023-01-15T22:52:39|#|102Ah_45degC_0p5C_cell3|2671|2023-01-16T01:33:19|2023-01-16T03:15:13,2023-01-16T03:15:13,1.0
M6_event_stress_v1,bias_+1C,102Ah_45degC_0p5C_cell3,2805,20,81.1738262467899,80.568,ridge_event_replay,5,102Ah_45degC_0p5C_cell3|2801|2023-02-18T10:04:30|2023-02-18T11:44:30|#|102Ah_45degC_0p5C_cell3|2802|2023-02-18T14:23:38|2023-02-18T16:03:38|#|102Ah_45degC_0p5C_cell3|2803|2023-02-18T18:42:45|2023-02-18T20:23:11|#|102Ah_45degC_0p5C_cell3|2804|2023-02-18T23:01:50|2023-02-19T00:41:51|#|102Ah_45degC_0p5C_cell3|2805|2023-02-19T03:20:55|2023-02-19T05:00:54,2023-02-19T05:00:54,1.0
M6_event_stress_v1,bias_+1C,102Ah_45degC_0p5C_cell3,2939,21,79.6475404248774,78.862,ridge_event_replay,5,102Ah_45degC_0p5C_cell3|2935|2023-03-28T08:41:39|2023-03-28T10:19:40|#|102Ah_45degC_0p5C_cell3|2936|2023-03-28T12:56:45|2023-03-28T14:35:15|#|102Ah_45degC_0p5C_cell3|2937|2023-03-28T17:11:50|2023-03-28T18:50:19|#|102Ah_45degC_0p5C_cell3|2938|2023-03-28T21:26:54|2023-03-28T23:05:21|#|102Ah_45degC_0p5C_cell3|2939|2023-03-29T01:41:55|2023-03-29T03:20:22,2023-03-29T03:20:22,1.0
M6_event_stress_v1,bias_+1C,102Ah_45degC_0p5C_cell3,3072,22,78.54972103624445,77.351,ridge_event_replay,5,102Ah_45degC_0p5C_cell3|3068|2023-04-20T19:19:15|2023-04-20T20:56:07|#|102Ah_45degC_0p5C_cell3|3069|2023-04-20T23:30:53|2023-04-21T01:07:23|#|102Ah_45degC_0p5C_cell3|3070|2023-04-21T03:42:29|2023-04-21T05:19:20|#|102Ah_45degC_0p5C_cell3|3071|2023-04-21T07:54:03|2023-04-21T09:30:55|#|102Ah_45degC_0p5C_cell3|3072|2023-04-21T12:05:37|2023-04-21T13:42:07,2023-04-21T13:42:07,1.0
M6_event_stress_v1,bias_+1C,102Ah_45degC_0p5C_cell3,3205,23,77.54507685711464,75.585,ridge_event_replay,5,102Ah_45degC_0p5C_cell3|3201|2023-05-20T20:41:57|2023-05-20T22:16:50|#|102Ah_45degC_0p5C_cell3|3202|2023-05-21T00:49:25|2023-05-21T02:23:55|#|102Ah_45degC_0p5C_cell3|3203|2023-05-21T04:56:51|2023-05-21T06:31:20|#|102Ah_45degC_0p5C_cell3|3204|2023-05-21T09:04:15|2023-05-21T10:38:44|#|102Ah_45degC_0p5C_cell3|3205|2023-05-21T13:11:37|2023-05-21T14:46:26,2023-05-21T14:46:26,1.0
M6_event_stress_v1,bias_+1C,102Ah_45degC_0p5C_cell3,3340,24,75.55217775378546,73.377,ridge_event_replay,5,102Ah_45degC_0p5C_cell3|3336|2023-07-10T01:50:45|2023-07-10T03:22:44|#|102Ah_45degC_0p5C_cell3|3337|2023-07-10T05:52:43|2023-07-10T07:24:43|#|102Ah_45degC_0p5C_cell3|3338|2023-07-10T09:54:40|2023-07-10T11:26:39|#|102Ah_45degC_0p5C_cell3|3339|2023-07-10T13:56:34|2023-07-10T15:28:34|#|102Ah_45degC_0p5C_cell3|3340|2023-07-10T17:58:27|2023-07-10T19:30:26,2023-07-10T19:30:26,1.0
M6_event_stress_v1,bias_+1C,102Ah_45degC_0p5C_cell3,3473,25,73.67681220536426,71.212,ridge_event_replay,5,102Ah_45degC_0p5C_cell3|3469|2023-08-04T17:07:07|2023-08-04T18:36:37|#|102Ah_45degC_0p5C_cell3|3470|2023-08-04T21:04:03|2023-08-04T22:33:33|#|102Ah_45degC_0p5C_cell3|3471|2023-08-05T01:00:58|2023-08-05T02:30:28|#|102Ah_45degC_0p5C_cell3|3472|2023-08-05T04:57:50|2023-08-05T06:27:20|#|102Ah_45degC_0p5C_cell3|3473|2023-08-05T08:54:41|2023-08-05T10:24:10,2023-08-05T10:24:10,1.0
M6_event_stress_v1,bias_+1C,102Ah_45degC_0p5C_cell3,3606,26,72.0655694773111,68.96,ridge_event_replay,5,102Ah_45degC_0p5C_cell3|3602|2023-08-26T08:52:39|2023-08-26T10:19:38|#|102Ah_45degC_0p5C_cell3|3603|2023-08-26T12:44:16|2023-08-26T14:11:16|#|102Ah_45degC_0p5C_cell3|3604|2023-08-26T16:35:50|2023-08-26T18:02:50|#|102Ah_45degC_0p5C_cell3|3605|2023-08-26T20:27:24|2023-08-26T21:54:24|#|102Ah_45degC_0p5C_cell3|3606|2023-08-27T00:18:55|2023-08-27T01:45:55,2023-08-27T01:45:55,1.0
M6_event_stress_v1,bias_+1C,102Ah_45degC_0p5C_cell3,3740,27,69.89373797436077,66.665,ridge_event_replay,5,102Ah_45degC_0p5C_cell3|3736|2023-09-16T16:04:29|2023-09-16T17:28:29|#|102Ah_45degC_0p5C_cell3|3737|2023-09-16T19:50:32|2023-09-16T21:14:54|#|102Ah_45degC_0p5C_cell3|3738|2023-09-16T23:36:34|2023-09-17T01:00:33|#|102Ah_45degC_0p5C_cell3|3739|2023-09-17T03:22:31|2023-09-17T04:46:31|#|102Ah_45degC_0p5C_cell3|3740|2023-09-17T07:08:28|2023-09-17T08:32:28,2023-09-17T08:32:28,1.0
M6_event_stress_v1,bias_+1C,102Ah_45degC_0p5C_cell3,3870,28,67.66464371173785,64.205,ridge_event_replay,5,102Ah_45degC_0p5C_cell3|3861|2023-10-17T09:49:30|2023-10-17T11:10:29|#|102Ah_45degC_0p5C_cell3|3862|2023-10-17T13:29:38|2023-10-17T14:50:38|#|102Ah_45degC_0p5C_cell3|3863|2023-10-17T17:09:45|2023-10-17T18:30:45|#|102Ah_45degC_0p5C_cell3|3864|2023-10-17T20:49:48|2023-10-17T22:10:48|#|102Ah_45degC_0p5C_cell3|3865|2023-10-18T00:29:50|2023-10-18T01:50:50,2023-10-18T01:50:50,1.0
M6_event_stress_v1,bias_+1C,102Ah_45degC_0p5C_cell3,4292,29,67.01050265879883,63.18,ridge_event_replay,0,,2023-10-18T01:50:50,1.0
M6_event_stress_v1,bias_+1C,102Ah_45degC_0p5C_cell3,4018,30,65.34099003951292,61.901,ridge_event_replay,5,102Ah_45degC_0p5C_cell3|4014|2023-11-10T14:19:06|2023-11-10T15:37:06|#|102Ah_45degC_0p5C_cell3|4015|2023-11-10T17:53:24|2023-11-10T19:11:24|#|102Ah_45degC_0p5C_cell3|4016|2023-11-10T21:27:41|2023-11-10T22:45:40|#|102Ah_45degC_0p5C_cell3|4017|2023-11-11T01:01:51|2023-11-11T02:19:51|#|102Ah_45degC_0p5C_cell3|4018|2023-11-11T04:36:03|2023-11-11T05:54:03,2023-11-11T05:54:03,1.0
M6_event_stress_v1,bias_-1C,102Ah_45degC_0p5C_cell3,217,1,96.8920659105195,97.213,ridge_event_replay,5,102Ah_45degC_0p5C_cell3|213|2021-07-02T21:15:41|2021-07-02T23:15:53|#|102Ah_45degC_0p5C_cell3|214|2021-07-03T02:14:57|2021-07-03T04:14:57|#|102Ah_45degC_0p5C_cell3|215|2021-07-03T07:14:10|2021-07-03T09:14:12|#|102Ah_45degC_0p5C_cell3|216|2021-07-03T12:13:23|2021-07-03T14:13:23|#|102Ah_45degC_0p5C_cell3|217|2021-07-03T17:12:33|2021-07-03T19:12:33,2021-07-03T19:12:33,-1.0
M6_event_stress_v1,bias_-1C,102Ah_45degC_0p5C_cell3,350,2,95.5242709096925,96.093,ridge_event_replay,5,102Ah_45degC_0p5C_cell3|346|2021-07-31T04:02:20|2021-07-31T06:01:15|#|102Ah_45degC_0p5C_cell3|347|2021-07-31T08:58:56|2021-07-31T10:57:27|#|102Ah_45degC_0p5C_cell3|348|2021-07-31T13:55:33|2021-07-31T15:54:02|#|102Ah_45degC_0p5C_cell3|349|2021-07-31T18:52:08|2021-07-31T20:50:37|#|102Ah_45degC_0p5C_cell3|350|2021-07-31T23:48:41|2021-08-01T01:47:11,2021-08-01T01:47:11,-1.0
M6_event_stress_v1,bias_-1C,102Ah_45degC_0p5C_cell3,483,3,94.55772495009302,95.183,ridge_event_replay,5,102Ah_45degC_0p5C_cell3|479|2021-08-27T12:04:34|2021-08-27T14:02:04|#|102Ah_45degC_0p5C_cell3|480|2021-08-27T16:59:02|2021-08-27T18:56:33|#|102Ah_45degC_0p5C_cell3|481|2021-08-27T21:53:29|2021-08-27T23:51:21|#|102Ah_45degC_0p5C_cell3|482|2021-08-28T02:47:55|2021-08-28T04:45:25|#|102Ah_45degC_0p5C_cell3|483|2021-08-28T07:42:19|2021-08-28T09:39:50,2021-08-28T09:39:50,-1.0
M6_event_stress_v1,bias_-1C,102Ah_45degC_0p5C_cell3,620,4,94.58225769912492,94.405,ridge_event_replay,5,102Ah_45degC_0p5C_cell3|616|2021-09-26T00:51:29|2021-09-26T02:48:27|#|102Ah_45degC_0p5C_cell3|617|2021-09-26T05:44:02|2021-09-26T07:41:00|#|102Ah_45degC_0p5C_cell3|618|2021-09-26T10:36:35|2021-09-26T12:33:05|#|102Ah_45degC_0p5C_cell3|619|2021-09-26T15:29:06|2021-09-26T17:26:03|#|102Ah_45degC_0p5C_cell3|620|2021-09-26T20:21:37|2021-09-26T22:18:34,2021-09-26T22:18:34,-1.0
M6_event_stress_v1,bias_-1C,102Ah_45degC_0p5C_cell3,754,5,93.08007506007296,93.579,ridge_event_replay,5,102Ah_45degC_0p5C_cell3|750|2021-10-31T09:10:25|2021-10-31T11:06:28|#|102Ah_45degC_0p5C_cell3|751|2021-10-31T14:01:04|2021-10-31T15:57:05|#|102Ah_45degC_0p5C_cell3|752|2021-10-31T18:51:42|2021-10-31T20:47:41|#|102Ah_45degC_0p5C_cell3|753|2021-10-31T23:42:18|2021-11-01T01:38:18|#|102Ah_45degC_0p5C_cell3|754|2021-11-01T04:32:54|2021-11-01T06:28:54,2021-11-01T06:28:54,-1.0
M6_event_stress_v1,bias_-1C,102Ah_45degC_0p5C_cell3,888,6,92.89209238398145,92.867,ridge_event_replay,5,102Ah_45degC_0p5C_cell3|884|2021-11-27T09:04:38|2021-11-27T10:59:50|#|102Ah_45degC_0p5C_cell3|885|2021-11-27T13:53:32|2021-11-27T15:48:32|#|102Ah_45degC_0p5C_cell3|886|2021-11-27T18:42:25|2021-11-27T20:37:35|#|102Ah_45degC_0p5C_cell3|887|2021-11-27T23:31:16|2021-11-28T01:26:17|#|102Ah_45degC_0p5C_cell3|888|2021-11-28T04:20:08|2021-11-28T06:15:08,2021-11-28T06:15:08,-1.0
M6_event_stress_v1,bias_-1C,102Ah_45degC_0p5C_cell3,1023,7,92.51179522538166,92.307,ridge_event_replay,5,102Ah_45degC_0p5C_cell3|1019|2022-01-20T12:54:31|2022-01-20T14:48:01|#|102Ah_45degC_0p5C_cell3|1020|2022-01-20T18:56:24|2022-01-20T20:50:24|#|102Ah_45degC_0p5C_cell3|1021|2022-01-20T23:43:53|2022-01-21T01:38:25|#|102Ah_45degC_0p5C_cell3|1022|2022-01-21T04:31:27|2022-01-21T06:25:58|#|102Ah_45degC_0p5C_cell3|1023|2022-01-21T09:18:57|2022-01-21T11:13:27,2022-01-21T11:13:27,-1.0
M6_event_stress_v1,bias_-1C,102Ah_45degC_0p5C_cell3,1168,8,91.25177911049467,91.334,ridge_event_replay,5,102Ah_45degC_0p5C_cell3|1164|2022-03-08T01:18:56|2022-03-08T03:12:18|#|102Ah_45degC_0p5C_cell3|1165|2022-03-08T06:04:07|2022-03-08T07:57:07|#|102Ah_45degC_0p5C_cell3|1166|2022-03-08T10:49:19|2022-03-08T12:42:40|#|102Ah_45degC_0p5C_cell3|1167|2022-03-08T15:34:29|2022-03-08T17:27:29|#|102Ah_45degC_0p5C_cell3|1168|2022-03-08T20:19:39|2022-03-08T22:13:00,2022-03-08T22:13:00,-1.0
M6_event_stress_v1,bias_-1C,102Ah_45degC_0p5C_cell3,1314,9,90.7365164766657,90.546,ridge_event_replay,5,102Ah_45degC_0p5C_cell3|1310|2022-04-05T22:16:07|2022-04-06T00:08:32|#|102Ah_45degC_0p5C_cell3|1311|2022-04-06T02:59:23|2022-04-06T04:51:46|#|102Ah_45degC_0p5C_cell3|1312|2022-04-06T07:42:36|2022-04-06T09:34:38|#|102Ah_45degC_0p5C_cell3|1313|2022-04-06T12:25:51|2022-04-06T14:18:14|#|102Ah_45degC_0p5C_cell3|1314|2022-04-06T17:09:02|2022-04-06T19:01:02,2022-04-06T19:01:02,-1.0
M6_event_stress_v1,bias_-1C,102Ah_45degC_0p5C_cell3,1457,10,89.44054149577124,89.71,ridge_event_replay,4,102Ah_45degC_0p5C_cell3|1449|2022-05-10T18:50:05|2022-05-10T19:47:35|#|102Ah_45degC_0p5C_cell3|1455|2022-05-10T22:37:28|2022-05-11T00:28:45|#|102Ah_45degC_0p5C_cell3|1456|2022-05-11T03:18:32|2022-05-11T05:09:52|#|102Ah_45degC_0p5C_cell3|1457|2022-05-11T07:59:39|2022-05-11T09:51:01,2022-05-11T09:51:01,-1.0
M6_event_stress_v1,bias_-1C,102Ah_45degC_0p5C_cell3,1605,11,88.61492128637683,88.797,ridge_event_replay,5,102Ah_45degC_0p5C_cell3|1601|2022-06-14T01:08:45|2022-06-14T02:59:02|#|102Ah_45degC_0p5C_cell3|1602|2022-06-14T05:47:45|2022-06-14T07:38:02|#|102Ah_45degC_0p5C_cell3|1603|2022-06-14T10:26:46|2022-06-14T12:16:46|#|102Ah_45degC_0p5C_cell3|1604|2022-06-14T15:05:45|2022-06-14T16:55:45|#|102Ah_45degC_0p5C_cell3|1605|2022-06-14T19:44:44|2022-06-14T21:35:00,2022-06-14T21:35:00,-1.0
M6_event_stress_v1,bias_-1C,102Ah_45degC_0p5C_cell3,1739,12,87.66961438797223,88.025,ridge_event_replay,5,102Ah_45degC_0p5C_cell3|1735|2022-07-10T23:45:11|2022-07-11T01:34:11|#|102Ah_45degC_0p5C_cell3|1736|2022-07-11T04:22:21|2022-07-11T06:11:21|#|102Ah_45degC_0p5C_cell3|1737|2022-07-11T08:59:31|2022-07-11T10:48:55|#|102Ah_45degC_0p5C_cell3|1738|2022-07-11T13:36:40|2022-07-11T15:26:02|#|102Ah_45degC_0p5C_cell3|1739|2022-07-11T18:13:49|2022-07-11T20:02:49,2022-07-11T20:02:49,-1.0
M6_event_stress_v1,bias_-1C,102Ah_45degC_0p5C_cell3,1872,13,87.05223796206809,87.256,ridge_event_replay,5,102Ah_45degC_0p5C_cell3|1868|2022-08-05T14:14:24|2022-08-05T16:02:24|#|102Ah_45degC_0p5C_cell3|1869|2022-08-05T18:49:41|2022-08-05T20:37:41|#|102Ah_45degC_0p5C_cell3|1870|2022-08-05T23:24:57|2022-08-06T01:13:23|#|102Ah_45degC_0p5C_cell3|1871|2022-08-06T04:00:12|2022-08-06T05:48:12|#|102Ah_45degC_0p5C_cell3|1872|2022-08-06T08:35:27|2022-08-06T10:23:28,2022-08-06T10:23:28,-1.0
M6_event_stress_v1,bias_-1C,102Ah_45degC_0p5C_cell3,2005,14,86.30491277818055,86.448,ridge_event_replay,5,102Ah_45degC_0p5C_cell3|2001|2022-08-31T10:09:06|2022-08-31T11:56:06|#|102Ah_45degC_0p5C_cell3|2002|2022-08-31T14:42:26|2022-08-31T16:29:54|#|102Ah_45degC_0p5C_cell3|2003|2022-08-31T19:15:45|2022-08-31T21:02:45|#|102Ah_45degC_0p5C_cell3|2004|2022-08-31T23:49:04|2022-09-01T01:36:32|#|102Ah_45degC_0p5C_cell3|2005|2022-09-01T04:22:21|2022-09-01T06:09:48,2022-09-01T06:09:48,-1.0
M6_event_stress_v1,bias_-1C,102Ah_45degC_0p5C_cell3,2138,15,85.87386180847322,85.454,ridge_event_replay,5,102Ah_45degC_0p5C_cell3|2134|2022-09-25T18:39:23|2022-09-25T20:25:23|#|102Ah_45degC_0p5C_cell3|2135|2022-09-25T23:10:42|2022-09-26T00:57:11|#|102Ah_45degC_0p5C_cell3|2136|2022-09-26T03:42:02|2022-09-26T05:28:02|#|102Ah_45degC_0p5C_cell3|2137|2022-09-26T08:13:20|2022-09-26T09:59:21|#|102Ah_45degC_0p5C_cell3|2138|2022-09-26T12:44:38|2022-09-26T14:31:05,2022-09-26T14:31:05,-1.0
M6_event_stress_v1,bias_-1C,102Ah_45degC_0p5C_cell3,2272,16,85.26576483710647,84.767,ridge_event_replay,5,102Ah_45degC_0p5C_cell3|2268|2022-10-30T02:22:05|2022-10-30T04:07:33|#|102Ah_45degC_0p5C_cell3|2269|2022-10-30T06:51:19|2022-10-30T08:36:47|#|102Ah_45degC_0p5C_cell3|2270|2022-10-30T11:20:34|2022-10-30T13:06:01|#|102Ah_45degC_0p5C_cell3|2271|2022-10-30T15:49:47|2022-10-30T17:35:13|#|102Ah_45degC_0p5C_cell3|2272|2022-10-30T20:18:59|2022-10-30T22:03:59,2022-10-30T22:03:59,-1.0
M6_event_stress_v1,bias_-1C,102Ah_45degC_0p5C_cell3,2405,17,84.52141313001107,83.861,ridge_event_replay,5,102Ah_45degC_0p5C_cell3|2401|2022-11-27T08:07:09|2022-11-27T09:51:31|#|102Ah_45degC_0p5C_cell3|2402|2022-11-27T12:34:12|2022-11-27T14:18:33|#|102Ah_45degC_0p5C_cell3|2403|2022-11-27T17:01:13|2022-11-27T18:45:14|#|102Ah_45degC_0p5C_cell3|2404|2022-11-27T21:28:14|2022-11-27T23:12:33|#|102Ah_45degC_0p5C_cell3|2405|2022-11-28T01:55:13|2022-11-28T03:39:31,2022-11-28T03:39:31,-1.0
M6_event_stress_v1,bias_-1C,102Ah_45degC_0p5C_cell3,2538,18,83.25152732526172,82.921,ridge_event_replay,5,102Ah_45degC_0p5C_cell3|2534|2022-12-21T21:50:55|2022-12-21T23:34:07|#|102Ah_45degC_0p5C_cell3|2535|2022-12-22T02:15:40|2022-12-22T03:58:51|#|102Ah_45degC_0p5C_cell3|2536|2022-12-22T06:40:23|2022-12-22T08:23:23|#|102Ah_45degC_0p5C_cell3|2537|2022-12-22T11:05:06|2022-12-22T12:48:16|#|102Ah_45degC_0p5C_cell3|2538|2022-12-22T15:29:47|2022-12-22T17:12:47,2022-12-22T17:12:47,-1.0
M6_event_stress_v1,bias_-1C,102Ah_45degC_0p5C_cell3,2671,19,82.41733237370438,81.859,ridge_event_replay,5,102Ah_45degC_0p5C_cell3|2667|2023-01-15T08:04:35|2023-01-15T09:46:33|#|102Ah_45degC_0p5C_cell3|2668|2023-01-15T12:26:48|2023-01-15T14:08:44|#|102Ah_45degC_0p5C_cell3|2669|2023-01-15T16:48:59|2023-01-15T18:30:55|#|102Ah_45degC_0p5C_cell3|2670|2023-01-15T21:11:10|2023-01-15T22:52:39|#|102Ah_45degC_0p5C_cell3|2671|2023-01-16T01:33:19|2023-01-16T03:15:13,2023-01-16T03:15:13,-1.0
M6_event_stress_v1,bias_-1C,102Ah_45degC_0p5C_cell3,2805,20,81.29208316643613,80.568,ridge_event_replay,5,102Ah_45degC_0p5C_cell3|2801|2023-02-18T10:04:30|2023-02-18T11:44:30|#|102Ah_45degC_0p5C_cell3|2802|2023-02-18T14:23:38|2023-02-18T16:03:38|#|102Ah_45degC_0p5C_cell3|2803|2023-02-18T18:42:45|2023-02-18T20:23:11|#|102Ah_45degC_0p5C_cell3|2804|2023-02-18T23:01:50|2023-02-19T00:41:51|#|102Ah_45degC_0p5C_cell3|2805|2023-02-19T03:20:55|2023-02-19T05:00:54,2023-02-19T05:00:54,-1.0
M6_event_stress_v1,bias_-1C,102Ah_45degC_0p5C_cell3,2939,21,79.76579734452363,78.862,ridge_event_replay,5,102Ah_45degC_0p5C_cell3|2935|2023-03-28T08:41:39|2023-03-28T10:19:40|#|102Ah_45degC_0p5C_cell3|2936|2023-03-28T12:56:45|2023-03-28T14:35:15|#|102Ah_45degC_0p5C_cell3|2937|2023-03-28T17:11:50|2023-03-28T18:50:19|#|102Ah_45degC_0p5C_cell3|2938|2023-03-28T21:26:54|2023-03-28T23:05:21|#|102Ah_45degC_0p5C_cell3|2939|2023-03-29T01:41:55|2023-03-29T03:20:22,2023-03-29T03:20:22,-1.0
M6_event_stress_v1,bias_-1C,102Ah_45degC_0p5C_cell3,3072,22,78.66797795589068,77.351,ridge_event_replay,5,102Ah_45degC_0p5C_cell3|3068|2023-04-20T19:19:15|2023-04-20T20:56:07|#|102Ah_45degC_0p5C_cell3|3069|2023-04-20T23:30:53|2023-04-21T01:07:23|#|102Ah_45degC_0p5C_cell3|3070|2023-04-21T03:42:29|2023-04-21T05:19:20|#|102Ah_45degC_0p5C_cell3|3071|2023-04-21T07:54:03|2023-04-21T09:30:55|#|102Ah_45degC_0p5C_cell3|3072|2023-04-21T12:05:37|2023-04-21T13:42:07,2023-04-21T13:42:07,-1.0
M6_event_stress_v1,bias_-1C,102Ah_45degC_0p5C_cell3,3205,23,77.66333377676085,75.585,ridge_event_replay,5,102Ah_45degC_0p5C_cell3|3201|2023-05-20T20:41:57|2023-05-20T22:16:50|#|102Ah_45degC_0p5C_cell3|3202|2023-05-21T00:49:25|2023-05-21T02:23:55|#|102Ah_45degC_0p5C_cell3|3203|2023-05-21T04:56:51|2023-05-21T06:31:20|#|102Ah_45degC_0p5C_cell3|3204|2023-05-21T09:04:15|2023-05-21T10:38:44|#|102Ah_45degC_0p5C_cell3|3205|2023-05-21T13:11:37|2023-05-21T14:46:26,2023-05-21T14:46:26,-1.0
M6_event_stress_v1,bias_-1C,102Ah_45degC_0p5C_cell3,3340,24,75.67043467343169,73.377,ridge_event_replay,5,102Ah_45degC_0p5C_cell3|3336|2023-07-10T01:50:45|2023-07-10T03:22:44|#|102Ah_45degC_0p5C_cell3|3337|2023-07-10T05:52:43|2023-07-10T07:24:43|#|102Ah_45degC_0p5C_cell3|3338|2023-07-10T09:54:40|2023-07-10T11:26:39|#|102Ah_45degC_0p5C_cell3|3339|2023-07-10T13:56:34|2023-07-10T15:28:34|#|102Ah_45degC_0p5C_cell3|3340|2023-07-10T17:58:27|2023-07-10T19:30:26,2023-07-10T19:30:26,-1.0
M6_event_stress_v1,bias_-1C,102Ah_45degC_0p5C_cell3,3473,25,73.79506912501049,71.212,ridge_event_replay,5,102Ah_45degC_0p5C_cell3|3469|2023-08-04T17:07:07|2023-08-04T18:36:37|#|102Ah_45degC_0p5C_cell3|3470|2023-08-04T21:04:03|2023-08-04T22:33:33|#|102Ah_45degC_0p5C_cell3|3471|2023-08-05T01:00:58|2023-08-05T02:30:28|#|102Ah_45degC_0p5C_cell3|3472|2023-08-05T04:57:50|2023-08-05T06:27:20|#|102Ah_45degC_0p5C_cell3|3473|2023-08-05T08:54:41|2023-08-05T10:24:10,2023-08-05T10:24:10,-1.0
M6_event_stress_v1,bias_-1C,102Ah_45degC_0p5C_cell3,3606,26,72.18382639695733,68.96,ridge_event_replay,5,102Ah_45degC_0p5C_cell3|3602|2023-08-26T08:52:39|2023-08-26T10:19:38|#|102Ah_45degC_0p5C_cell3|3603|2023-08-26T12:44:16|2023-08-26T14:11:16|#|102Ah_45degC_0p5C_cell3|3604|2023-08-26T16:35:50|2023-08-26T18:02:50|#|102Ah_45degC_0p5C_cell3|3605|2023-08-26T20:27:24|2023-08-26T21:54:24|#|102Ah_45degC_0p5C_cell3|3606|2023-08-27T00:18:55|2023-08-27T01:45:55,2023-08-27T01:45:55,-1.0
M6_event_stress_v1,bias_-1C,102Ah_45degC_0p5C_cell3,3740,27,70.01199489400699,66.665,ridge_event_replay,5,102Ah_45degC_0p5C_cell3|3736|2023-09-16T16:04:29|2023-09-16T17:28:29|#|102Ah_45degC_0p5C_cell3|3737|2023-09-16T19:50:32|2023-09-16T21:14:54|#|102Ah_45degC_0p5C_cell3|3738|2023-09-16T23:36:34|2023-09-17T01:00:33|#|102Ah_45degC_0p5C_cell3|3739|2023-09-17T03:22:31|2023-09-17T04:46:31|#|102Ah_45degC_0p5C_cell3|3740|2023-09-17T07:08:28|2023-09-17T08:32:28,2023-09-17T08:32:28,-1.0
M6_event_stress_v1,bias_-1C,102Ah_45degC_0p5C_cell3,3870,28,67.78290063138408,64.205,ridge_event_replay,5,102Ah_45degC_0p5C_cell3|3861|2023-10-17T09:49:30|2023-10-17T11:10:29|#|102Ah_45degC_0p5C_cell3|3862|2023-10-17T13:29:38|2023-10-17T14:50:38|#|102Ah_45degC_0p5C_cell3|3863|2023-10-17T17:09:45|2023-10-17T18:30:45|#|102Ah_45degC_0p5C_cell3|3864|2023-10-17T20:49:48|2023-10-17T22:10:48|#|102Ah_45degC_0p5C_cell3|3865|2023-10-18T00:29:50|2023-10-18T01:50:50,2023-10-18T01:50:50,-1.0
M6_event_stress_v1,bias_-1C,102Ah_45degC_0p5C_cell3,4292,29,67.12875957844506,63.18,ridge_event_replay,0,,2023-10-18T01:50:50,-1.0
M6_event_stress_v1,bias_-1C,102Ah_45degC_0p5C_cell3,4018,30,65.45924695915915,61.901,ridge_event_replay,5,102Ah_45degC_0p5C_cell3|4014|2023-11-10T14:19:06|2023-11-10T15:37:06|#|102Ah_45degC_0p5C_cell3|4015|2023-11-10T17:53:24|2023-11-10T19:11:24|#|102Ah_45degC_0p5C_cell3|4016|2023-11-10T21:27:41|2023-11-10T22:45:40|#|102Ah_45degC_0p5C_cell3|4017|2023-11-11T01:01:51|2023-11-11T02:19:51|#|102Ah_45degC_0p5C_cell3|4018|2023-11-11T04:36:03|2023-11-11T05:54:03,2023-11-11T05:54:03,-1.0
M6_event_stress_v1,drift_+3C,102Ah_45degC_0p5C_cell3,217,1,96.83381584946257,97.213,ridge_event_replay,5,102Ah_45degC_0p5C_cell3|213|2021-07-02T21:15:41|2021-07-02T23:15:53|#|102Ah_45degC_0p5C_cell3|214|2021-07-03T02:14:57|2021-07-03T04:14:57|#|102Ah_45degC_0p5C_cell3|215|2021-07-03T07:14:10|2021-07-03T09:14:12|#|102Ah_45degC_0p5C_cell3|216|2021-07-03T12:13:23|2021-07-03T14:13:23|#|102Ah_45degC_0p5C_cell3|217|2021-07-03T17:12:33|2021-07-03T19:12:33,2021-07-03T19:12:33,0.0
M6_event_stress_v1,drift_+3C,102Ah_45degC_0p5C_cell3,350,2,95.4668849484636,96.093,ridge_event_replay,5,102Ah_45degC_0p5C_cell3|346|2021-07-31T04:02:20|2021-07-31T06:01:15|#|102Ah_45degC_0p5C_cell3|347|2021-07-31T08:58:56|2021-07-31T10:57:27|#|102Ah_45degC_0p5C_cell3|348|2021-07-31T13:55:33|2021-07-31T15:54:02|#|102Ah_45degC_0p5C_cell3|349|2021-07-31T18:52:08|2021-07-31T20:50:37|#|102Ah_45degC_0p5C_cell3|350|2021-07-31T23:48:41|2021-08-01T01:47:11,2021-08-01T01:47:11,0.0
M6_event_stress_v1,drift_+3C,102Ah_45degC_0p5C_cell3,483,3,94.50115093990682,95.183,ridge_event_replay,5,102Ah_45degC_0p5C_cell3|479|2021-08-27T12:04:34|2021-08-27T14:02:04|#|102Ah_45degC_0p5C_cell3|480|2021-08-27T16:59:02|2021-08-27T18:56:33|#|102Ah_45degC_0p5C_cell3|481|2021-08-27T21:53:29|2021-08-27T23:51:21|#|102Ah_45degC_0p5C_cell3|482|2021-08-28T02:47:55|2021-08-28T04:45:25|#|102Ah_45degC_0p5C_cell3|483|2021-08-28T07:42:19|2021-08-28T09:39:50,2021-08-28T09:39:50,0.0
M6_event_stress_v1,drift_+3C,102Ah_45degC_0p5C_cell3,620,4,94.5264369446303,94.405,ridge_event_replay,5,102Ah_45degC_0p5C_cell3|616|2021-09-26T00:51:29|2021-09-26T02:48:27|#|102Ah_45degC_0p5C_cell3|617|2021-09-26T05:44:02|2021-09-26T07:41:00|#|102Ah_45degC_0p5C_cell3|618|2021-09-26T10:36:35|2021-09-26T12:33:05|#|102Ah_45degC_0p5C_cell3|619|2021-09-26T15:29:06|2021-09-26T17:26:03|#|102Ah_45degC_0p5C_cell3|620|2021-09-26T20:21:37|2021-09-26T22:18:34,2021-09-26T22:18:34,0.0
M6_event_stress_v1,drift_+3C,102Ah_45degC_0p5C_cell3,754,5,93.02526576640477,93.579,ridge_event_replay,5,102Ah_45degC_0p5C_cell3|750|2021-10-31T09:10:25|2021-10-31T11:06:28|#|102Ah_45degC_0p5C_cell3|751|2021-10-31T14:01:04|2021-10-31T15:57:05|#|102Ah_45degC_0p5C_cell3|752|2021-10-31T18:51:42|2021-10-31T20:47:41|#|102Ah_45degC_0p5C_cell3|753|2021-10-31T23:42:18|2021-11-01T01:38:18|#|102Ah_45degC_0p5C_cell3|754|2021-11-01T04:32:54|2021-11-01T06:28:54,2021-11-01T06:28:54,0.0
M6_event_stress_v1,drift_+3C,102Ah_45degC_0p5C_cell3,888,6,92.83814841782784,92.867,ridge_event_replay,5,102Ah_45degC_0p5C_cell3|884|2021-11-27T09:04:38|2021-11-27T10:59:50|#|102Ah_45degC_0p5C_cell3|885|2021-11-27T13:53:32|2021-11-27T15:48:32|#|102Ah_45degC_0p5C_cell3|886|2021-11-27T18:42:25|2021-11-27T20:37:35|#|102Ah_45degC_0p5C_cell3|887|2021-11-27T23:31:16|2021-11-28T01:26:17|#|102Ah_45degC_0p5C_cell3|888|2021-11-28T04:20:08|2021-11-28T06:15:08,2021-11-28T06:15:08,0.0
M6_event_stress_v1,drift_+3C,102Ah_45degC_0p5C_cell3,1023,7,92.45868628364013,92.307,ridge_event_replay,5,102Ah_45degC_0p5C_cell3|1019|2022-01-20T12:54:31|2022-01-20T14:48:01|#|102Ah_45degC_0p5C_cell3|1020|2022-01-20T18:56:24|2022-01-20T20:50:24|#|102Ah_45degC_0p5C_cell3|1021|2022-01-20T23:43:53|2022-01-21T01:38:25|#|102Ah_45degC_0p5C_cell3|1022|2022-01-21T04:31:27|2022-01-21T06:25:58|#|102Ah_45degC_0p5C_cell3|1023|2022-01-21T09:18:57|2022-01-21T11:13:27,2022-01-21T11:13:27,0.0
M6_event_stress_v1,drift_+3C,102Ah_45degC_0p5C_cell3,1168,8,91.19977797519229,91.334,ridge_event_replay,5,102Ah_45degC_0p5C_cell3|1164|2022-03-08T01:18:56|2022-03-08T03:12:18|#|102Ah_45degC_0p5C_cell3|1165|2022-03-08T06:04:07|2022-03-08T07:57:07|#|102Ah_45degC_0p5C_cell3|1166|2022-03-08T10:49:19|2022-03-08T12:42:40|#|102Ah_45degC_0p5C_cell3|1167|2022-03-08T15:34:29|2022-03-08T17:27:29|#|102Ah_45degC_0p5C_cell3|1168|2022-03-08T20:19:39|2022-03-08T22:13:00,2022-03-08T22:13:00,0.0
M6_event_stress_v1,drift_+3C,102Ah_45degC_0p5C_cell3,1314,9,90.68548256820702,90.546,ridge_event_replay,5,102Ah_45degC_0p5C_cell3|1310|2022-04-05T22:16:07|2022-04-06T00:08:32|#|102Ah_45degC_0p5C_cell3|1311|2022-04-06T02:59:23|2022-04-06T04:51:46|#|102Ah_45degC_0p5C_cell3|1312|2022-04-06T07:42:36|2022-04-06T09:34:38|#|102Ah_45degC_0p5C_cell3|1313|2022-04-06T12:25:51|2022-04-06T14:18:14|#|102Ah_45degC_0p5C_cell3|1314|2022-04-06T17:09:02|2022-04-06T19:01:02,2022-04-06T19:01:02,0.0
M6_event_stress_v1,drift_+3C,102Ah_45degC_0p5C_cell3,1457,10,89.39077719786381,89.71,ridge_event_replay,4,102Ah_45degC_0p5C_cell3|1449|2022-05-10T18:50:05|2022-05-10T19:47:35|#|102Ah_45degC_0p5C_cell3|1455|2022-05-10T22:37:28|2022-05-11T00:28:45|#|102Ah_45degC_0p5C_cell3|1456|2022-05-11T03:18:32|2022-05-11T05:09:52|#|102Ah_45degC_0p5C_cell3|1457|2022-05-11T07:59:39|2022-05-11T09:51:01,2022-05-11T09:51:01,0.0
M6_event_stress_v1,drift_+3C,102Ah_45degC_0p5C_cell3,1605,11,88.56629587336329,88.797,ridge_event_replay,5,102Ah_45degC_0p5C_cell3|1601|2022-06-14T01:08:45|2022-06-14T02:59:02|#|102Ah_45degC_0p5C_cell3|1602|2022-06-14T05:47:45|2022-06-14T07:38:02|#|102Ah_45degC_0p5C_cell3|1603|2022-06-14T10:26:46|2022-06-14T12:16:46|#|102Ah_45degC_0p5C_cell3|1604|2022-06-14T15:05:45|2022-06-14T16:55:45|#|102Ah_45degC_0p5C_cell3|1605|2022-06-14T19:44:44|2022-06-14T21:35:00,2022-06-14T21:35:00,0.0
M6_event_stress_v1,drift_+3C,102Ah_45degC_0p5C_cell3,1739,12,87.62223631434466,88.025,ridge_event_replay,5,102Ah_45degC_0p5C_cell3|1735|2022-07-10T23:45:11|2022-07-11T01:34:11|#|102Ah_45degC_0p5C_cell3|1736|2022-07-11T04:22:21|2022-07-11T06:11:21|#|102Ah_45degC_0p5C_cell3|1737|2022-07-11T08:59:31|2022-07-11T10:48:55|#|102Ah_45degC_0p5C_cell3|1738|2022-07-11T13:36:40|2022-07-11T15:26:02|#|102Ah_45degC_0p5C_cell3|1739|2022-07-11T18:13:49|2022-07-11T20:02:49,2022-07-11T20:02:49,0.0
M6_event_stress_v1,drift_+3C,102Ah_45degC_0p5C_cell3,1872,13,87.00597676692122,87.256,ridge_event_replay,5,102Ah_45degC_0p5C_cell3|1868|2022-08-05T14:14:24|2022-08-05T16:02:24|#|102Ah_45degC_0p5C_cell3|1869|2022-08-05T18:49:41|2022-08-05T20:37:41|#|102Ah_45degC_0p5C_cell3|1870|2022-08-05T23:24:57|2022-08-06T01:13:23|#|102Ah_45degC_0p5C_cell3|1871|2022-08-06T04:00:12|2022-08-06T05:48:12|#|102Ah_45degC_0p5C_cell3|1872|2022-08-06T08:35:27|2022-08-06T10:23:28,2022-08-06T10:23:28,0.0
M6_event_stress_v1,drift_+3C,102Ah_45degC_0p5C_cell3,2005,14,86.25992381017947,86.448,ridge_event_replay,5,102Ah_45degC_0p5C_cell3|2001|2022-08-31T10:09:06|2022-08-31T11:56:06|#|102Ah_45degC_0p5C_cell3|2002|2022-08-31T14:42:26|2022-08-31T16:29:54|#|102Ah_45degC_0p5C_cell3|2003|2022-08-31T19:15:45|2022-08-31T21:02:45|#|102Ah_45degC_0p5C_cell3|2004|2022-08-31T23:49:04|2022-09-01T01:36:32|#|102Ah_45degC_0p5C_cell3|2005|2022-09-01T04:22:21|2022-09-01T06:09:48,2022-09-01T06:09:48,0.0
M6_event_stress_v1,drift_+3C,102Ah_45degC_0p5C_cell3,2138,15,85.82999108094708,85.454,ridge_event_replay,5,102Ah_45degC_0p5C_cell3|2134|2022-09-25T18:39:23|2022-09-25T20:25:23|#|102Ah_45degC_0p5C_cell3|2135|2022-09-25T23:10:42|2022-09-26T00:57:11|#|102Ah_45degC_0p5C_cell3|2136|2022-09-26T03:42:02|2022-09-26T05:28:02|#|102Ah_45degC_0p5C_cell3|2137|2022-09-26T08:13:20|2022-09-26T09:59:21|#|102Ah_45degC_0p5C_cell3|2138|2022-09-26T12:44:38|2022-09-26T14:31:05,2022-09-26T14:31:05,0.0
M6_event_stress_v1,drift_+3C,102Ah_45degC_0p5C_cell3,2272,16,85.22319629695762,84.767,ridge_event_replay,5,102Ah_45degC_0p5C_cell3|2268|2022-10-30T02:22:05|2022-10-30T04:07:33|#|102Ah_45degC_0p5C_cell3|2269|2022-10-30T06:51:19|2022-10-30T08:36:47|#|102Ah_45degC_0p5C_cell3|2270|2022-10-30T11:20:34|2022-10-30T13:06:01|#|102Ah_45degC_0p5C_cell3|2271|2022-10-30T15:49:47|2022-10-30T17:35:13|#|102Ah_45degC_0p5C_cell3|2272|2022-10-30T20:18:59|2022-10-30T22:03:59,2022-10-30T22:03:59,0.0
M6_event_stress_v1,drift_+3C,102Ah_45degC_0p5C_cell3,2405,17,84.48020464676519,83.861,ridge_event_replay,5,102Ah_45degC_0p5C_cell3|2401|2022-11-27T08:07:09|2022-11-27T09:51:31|#|102Ah_45degC_0p5C_cell3|2402|2022-11-27T12:34:12|2022-11-27T14:18:33|#|102Ah_45degC_0p5C_cell3|2403|2022-11-27T17:01:13|2022-11-27T18:45:14|#|102Ah_45degC_0p5C_cell3|2404|2022-11-27T21:28:14|2022-11-27T23:12:33|#|102Ah_45degC_0p5C_cell3|2405|2022-11-28T01:55:13|2022-11-28T03:39:31,2022-11-28T03:39:31,0.0
M6_event_stress_v1,drift_+3C,102Ah_45degC_0p5C_cell3,2538,18,83.21199222152079,82.921,ridge_event_replay,5,102Ah_45degC_0p5C_cell3|2534|2022-12-21T21:50:55|2022-12-21T23:34:07|#|102Ah_45degC_0p5C_cell3|2535|2022-12-22T02:15:40|2022-12-22T03:58:51|#|102Ah_45degC_0p5C_cell3|2536|2022-12-22T06:40:23|2022-12-22T08:23:23|#|102Ah_45degC_0p5C_cell3|2537|2022-12-22T11:05:06|2022-12-22T12:48:16|#|102Ah_45degC_0p5C_cell3|2538|2022-12-22T15:29:47|2022-12-22T17:12:47,2022-12-22T17:12:47,0.0
M6_event_stress_v1,drift_+3C,102Ah_45degC_0p5C_cell3,2671,19,82.37937399862474,81.859,ridge_event_replay,5,102Ah_45degC_0p5C_cell3|2667|2023-01-15T08:04:35|2023-01-15T09:46:33|#|102Ah_45degC_0p5C_cell3|2668|2023-01-15T12:26:48|2023-01-15T14:08:44|#|102Ah_45degC_0p5C_cell3|2669|2023-01-15T16:48:59|2023-01-15T18:30:55|#|102Ah_45degC_0p5C_cell3|2670|2023-01-15T21:11:10|2023-01-15T22:52:39|#|102Ah_45degC_0p5C_cell3|2671|2023-01-16T01:33:19|2023-01-16T03:15:13,2023-01-16T03:15:13,0.0
M6_event_stress_v1,drift_+3C,102Ah_45degC_0p5C_cell3,2805,20,81.25587164922389,80.568,ridge_event_replay,5,102Ah_45degC_0p5C_cell3|2801|2023-02-18T10:04:30|2023-02-18T11:44:30|#|102Ah_45degC_0p5C_cell3|2802|2023-02-18T14:23:38|2023-02-18T16:03:38|#|102Ah_45degC_0p5C_cell3|2803|2023-02-18T18:42:45|2023-02-18T20:23:11|#|102Ah_45degC_0p5C_cell3|2804|2023-02-18T23:01:50|2023-02-19T00:41:51|#|102Ah_45degC_0p5C_cell3|2805|2023-02-19T03:20:55|2023-02-19T05:00:54,2023-02-19T05:00:54,0.0
M6_event_stress_v1,drift_+3C,102Ah_45degC_0p5C_cell3,2939,21,79.73166537718683,78.862,ridge_event_replay,5,102Ah_45degC_0p5C_cell3|2935|2023-03-28T08:41:39|2023-03-28T10:19:40|#|102Ah_45degC_0p5C_cell3|2936|2023-03-28T12:56:45|2023-03-28T14:35:15|#|102Ah_45degC_0p5C_cell3|2937|2023-03-28T17:11:50|2023-03-28T18:50:19|#|102Ah_45degC_0p5C_cell3|2938|2023-03-28T21:26:54|2023-03-28T23:05:21|#|102Ah_45degC_0p5C_cell3|2939|2023-03-29T01:41:55|2023-03-29T03:20:22,2023-03-29T03:20:22,0.0
M6_event_stress_v1,drift_+3C,102Ah_45degC_0p5C_cell3,3072,22,78.63592386866341,77.351,ridge_event_replay,5,102Ah_45degC_0p5C_cell3|3068|2023-04-20T19:19:15|2023-04-20T20:56:07|#|102Ah_45degC_0p5C_cell3|3069|2023-04-20T23:30:53|2023-04-21T01:07:23|#|102Ah_45degC_0p5C_cell3|3070|2023-04-21T03:42:29|2023-04-21T05:19:20|#|102Ah_45degC_0p5C_cell3|3071|2023-04-21T07:54:03|2023-04-21T09:30:55|#|102Ah_45degC_0p5C_cell3|3072|2023-04-21T12:05:37|2023-04-21T13:42:07,2023-04-21T13:42:07,0.0
M6_event_stress_v1,drift_+3C,102Ah_45degC_0p5C_cell3,3205,23,77.63368802624379,75.585,ridge_event_replay,5,102Ah_45degC_0p5C_cell3|3201|2023-05-20T20:41:57|2023-05-20T22:16:50|#|102Ah_45degC_0p5C_cell3|3202|2023-05-21T00:49:25|2023-05-21T02:23:55|#|102Ah_45degC_0p5C_cell3|3203|2023-05-21T04:56:51|2023-05-21T06:31:20|#|102Ah_45degC_0p5C_cell3|3204|2023-05-21T09:04:15|2023-05-21T10:38:44|#|102Ah_45degC_0p5C_cell3|3205|2023-05-21T13:11:37|2023-05-21T14:46:26,2023-05-21T14:46:26,0.0
M6_event_stress_v1,drift_+3C,102Ah_45degC_0p5C_cell3,3340,24,75.64417959919231,73.377,ridge_event_replay,5,102Ah_45degC_0p5C_cell3|3336|2023-07-10T01:50:45|2023-07-10T03:22:44|#|102Ah_45degC_0p5C_cell3|3337|2023-07-10T05:52:43|2023-07-10T07:24:43|#|102Ah_45degC_0p5C_cell3|3338|2023-07-10T09:54:40|2023-07-10T11:26:39|#|102Ah_45degC_0p5C_cell3|3339|2023-07-10T13:56:34|2023-07-10T15:28:34|#|102Ah_45degC_0p5C_cell3|3340|2023-07-10T17:58:27|2023-07-10T19:30:26,2023-07-10T19:30:26,0.0
M6_event_stress_v1,drift_+3C,102Ah_45degC_0p5C_cell3,3473,25,73.7719006338114,71.212,ridge_event_replay,5,102Ah_45degC_0p5C_cell3|3469|2023-08-04T17:07:07|2023-08-04T18:36:37|#|102Ah_45degC_0p5C_cell3|3470|2023-08-04T21:04:03|2023-08-04T22:33:33|#|102Ah_45degC_0p5C_cell3|3471|2023-08-05T01:00:58|2023-08-05T02:30:28|#|102Ah_45degC_0p5C_cell3|3472|2023-08-05T04:57:50|2023-08-05T06:27:20|#|102Ah_45degC_0p5C_cell3|3473|2023-08-05T08:54:41|2023-08-05T10:24:10,2023-08-05T10:24:10,0.0
M6_event_stress_v1,drift_+3C,102Ah_45degC_0p5C_cell3,3606,26,72.16404935466745,68.96,ridge_event_replay,5,102Ah_45degC_0p5C_cell3|3602|2023-08-26T08:52:39|2023-08-26T10:19:38|#|102Ah_45degC_0p5C_cell3|3603|2023-08-26T12:44:16|2023-08-26T14:11:16|#|102Ah_45degC_0p5C_cell3|3604|2023-08-26T16:35:50|2023-08-26T18:02:50|#|102Ah_45degC_0p5C_cell3|3605|2023-08-26T20:27:24|2023-08-26T21:54:24|#|102Ah_45degC_0p5C_cell3|3606|2023-08-27T00:18:55|2023-08-27T01:45:55,2023-08-27T01:45:55,0.0
M6_event_stress_v1,drift_+3C,102Ah_45degC_0p5C_cell3,3740,27,69.99584590654706,66.665,ridge_event_replay,5,102Ah_45degC_0p5C_cell3|3736|2023-09-16T16:04:29|2023-09-16T17:28:29|#|102Ah_45degC_0p5C_cell3|3737|2023-09-16T19:50:32|2023-09-16T21:14:54|#|102Ah_45degC_0p5C_cell3|3738|2023-09-16T23:36:34|2023-09-17T01:00:33|#|102Ah_45degC_0p5C_cell3|3739|2023-09-17T03:22:31|2023-09-17T04:46:31|#|102Ah_45degC_0p5C_cell3|3740|2023-09-17T07:08:28|2023-09-17T08:32:28,2023-09-17T08:32:28,0.0
M6_event_stress_v1,drift_+3C,102Ah_45degC_0p5C_cell3,3870,28,67.77062354976964,64.205,ridge_event_replay,5,102Ah_45degC_0p5C_cell3|3861|2023-10-17T09:49:30|2023-10-17T11:10:29|#|102Ah_45degC_0p5C_cell3|3862|2023-10-17T13:29:38|2023-10-17T14:50:38|#|102Ah_45degC_0p5C_cell3|3863|2023-10-17T17:09:45|2023-10-17T18:30:45|#|102Ah_45degC_0p5C_cell3|3864|2023-10-17T20:49:48|2023-10-17T22:10:48|#|102Ah_45degC_0p5C_cell3|3865|2023-10-18T00:29:50|2023-10-18T01:50:50,2023-10-18T01:50:50,0.0
M6_event_stress_v1,drift_+3C,102Ah_45degC_0p5C_cell3,4292,29,67.1164824968306,63.18,ridge_event_replay,0,,2023-10-18T01:50:50,0.0
M6_event_stress_v1,drift_+3C,102Ah_45degC_0p5C_cell3,4018,30,65.44997492244957,61.901,ridge_event_replay,5,102Ah_45degC_0p5C_cell3|4014|2023-11-10T14:19:06|2023-11-10T15:37:06|#|102Ah_45degC_0p5C_cell3|4015|2023-11-10T17:53:24|2023-11-10T19:11:24|#|102Ah_45degC_0p5C_cell3|4016|2023-11-10T21:27:41|2023-11-10T22:45:40|#|102Ah_45degC_0p5C_cell3|4017|2023-11-11T01:01:51|2023-11-11T02:19:51|#|102Ah_45degC_0p5C_cell3|4018|2023-11-11T04:36:03|2023-11-11T05:54:03,2023-11-11T05:54:03,0.0
M6_event_stress_v1,stuck_35C,102Ah_45degC_0p5C_cell3,217,1,97.56614283318405,97.213,ridge_event_replay,5,102Ah_45degC_0p5C_cell3|213|2021-07-02T21:15:41|2021-07-02T23:15:53|#|102Ah_45degC_0p5C_cell3|214|2021-07-03T02:14:57|2021-07-03T04:14:57|#|102Ah_45degC_0p5C_cell3|215|2021-07-03T07:14:10|2021-07-03T09:14:12|#|102Ah_45degC_0p5C_cell3|216|2021-07-03T12:13:23|2021-07-03T14:13:23|#|102Ah_45degC_0p5C_cell3|217|2021-07-03T17:12:33|2021-07-03T19:12:33,2021-07-03T19:12:33,0.0
M6_event_stress_v1,stuck_35C,102Ah_45degC_0p5C_cell3,350,2,96.20039545553495,96.093,ridge_event_replay,5,102Ah_45degC_0p5C_cell3|346|2021-07-31T04:02:20|2021-07-31T06:01:15|#|102Ah_45degC_0p5C_cell3|347|2021-07-31T08:58:56|2021-07-31T10:57:27|#|102Ah_45degC_0p5C_cell3|348|2021-07-31T13:55:33|2021-07-31T15:54:02|#|102Ah_45degC_0p5C_cell3|349|2021-07-31T18:52:08|2021-07-31T20:50:37|#|102Ah_45degC_0p5C_cell3|350|2021-07-31T23:48:41|2021-08-01T01:47:11,2021-08-01T01:47:11,0.0
M6_event_stress_v1,stuck_35C,102Ah_45degC_0p5C_cell3,483,3,95.23692965206104,95.183,ridge_event_replay,5,102Ah_45degC_0p5C_cell3|479|2021-08-27T12:04:34|2021-08-27T14:02:04|#|102Ah_45degC_0p5C_cell3|480|2021-08-27T16:59:02|2021-08-27T18:56:33|#|102Ah_45degC_0p5C_cell3|481|2021-08-27T21:53:29|2021-08-27T23:51:21|#|102Ah_45degC_0p5C_cell3|482|2021-08-28T02:47:55|2021-08-28T04:45:25|#|102Ah_45degC_0p5C_cell3|483|2021-08-28T07:42:19|2021-08-28T09:39:50,2021-08-28T09:39:50,0.0
M6_event_stress_v1,stuck_35C,102Ah_45degC_0p5C_cell3,620,4,95.26223498709071,94.405,ridge_event_replay,5,102Ah_45degC_0p5C_cell3|616|2021-09-26T00:51:29|2021-09-26T02:48:27|#|102Ah_45degC_0p5C_cell3|617|2021-09-26T05:44:02|2021-09-26T07:41:00|#|102Ah_45degC_0p5C_cell3|618|2021-09-26T10:36:35|2021-09-26T12:33:05|#|102Ah_45degC_0p5C_cell3|619|2021-09-26T15:29:06|2021-09-26T17:26:03|#|102Ah_45degC_0p5C_cell3|620|2021-09-26T20:21:37|2021-09-26T22:18:34,2021-09-26T22:18:34,0.0
M6_event_stress_v1,stuck_35C,102Ah_45degC_0p5C_cell3,754,5,93.76286285220837,93.579,ridge_event_replay,5,102Ah_45degC_0p5C_cell3|750|2021-10-31T09:10:25|2021-10-31T11:06:28|#|102Ah_45degC_0p5C_cell3|751|2021-10-31T14:01:04|2021-10-31T15:57:05|#|102Ah_45degC_0p5C_cell3|752|2021-10-31T18:51:42|2021-10-31T20:47:41|#|102Ah_45degC_0p5C_cell3|753|2021-10-31T23:42:18|2021-11-01T01:38:18|#|102Ah_45degC_0p5C_cell3|754|2021-11-01T04:32:54|2021-11-01T06:28:54,2021-11-01T06:28:54,0.0
M6_event_stress_v1,stuck_35C,102Ah_45degC_0p5C_cell3,888,6,93.57530124265618,92.867,ridge_event_replay,5,102Ah_45degC_0p5C_cell3|884|2021-11-27T09:04:38|2021-11-27T10:59:50|#|102Ah_45degC_0p5C_cell3|885|2021-11-27T13:53:32|2021-11-27T15:48:32|#|102Ah_45degC_0p5C_cell3|886|2021-11-27T18:42:25|2021-11-27T20:37:35|#|102Ah_45degC_0p5C_cell3|887|2021-11-27T23:31:16|2021-11-28T01:26:17|#|102Ah_45degC_0p5C_cell3|888|2021-11-28T04:20:08|2021-11-28T06:15:08,2021-11-28T06:15:08,0.0
M6_event_stress_v1,stuck_35C,102Ah_45degC_0p5C_cell3,1023,7,93.19499984889926,92.307,ridge_event_replay,5,102Ah_45degC_0p5C_cell3|1019|2022-01-20T12:54:31|2022-01-20T14:48:01|#|102Ah_45degC_0p5C_cell3|1020|2022-01-20T18:56:24|2022-01-20T20:50:24|#|102Ah_45degC_0p5C_cell3|1021|2022-01-20T23:43:53|2022-01-21T01:38:25|#|102Ah_45degC_0p5C_cell3|1022|2022-01-21T04:31:27|2022-01-21T06:25:58|#|102Ah_45degC_0p5C_cell3|1023|2022-01-21T09:18:57|2022-01-21T11:13:27,2022-01-21T11:13:27,0.0
M6_event_stress_v1,stuck_35C,102Ah_45degC_0p5C_cell3,1168,8,91.9426329606364,91.334,ridge_event_replay,5,102Ah_45degC_0p5C_cell3|1164|2022-03-08T01:18:56|2022-03-08T03:12:18|#|102Ah_45degC_0p5C_cell3|1165|2022-03-08T06:04:07|2022-03-08T07:57:07|#|102Ah_45degC_0p5C_cell3|1166|2022-03-08T10:49:19|2022-03-08T12:42:40|#|102Ah_45degC_0p5C_cell3|1167|2022-03-08T15:34:29|2022-03-08T17:27:29|#|102Ah_45degC_0p5C_cell3|1168|2022-03-08T20:19:39|2022-03-08T22:13:00,2022-03-08T22:13:00,0.0
M6_event_stress_v1,stuck_35C,102Ah_45degC_0p5C_cell3,1314,9,91.4274671915713,90.546,ridge_event_replay,5,102Ah_45degC_0p5C_cell3|1310|2022-04-05T22:16:07|2022-04-06T00:08:32|#|102Ah_45degC_0p5C_cell3|1311|2022-04-06T02:59:23|2022-04-06T04:51:46|#|102Ah_45degC_0p5C_cell3|1312|2022-04-06T07:42:36|2022-04-06T09:34:38|#|102Ah_45degC_0p5C_cell3|1313|2022-04-06T12:25:51|2022-04-06T14:18:14|#|102Ah_45degC_0p5C_cell3|1314|2022-04-06T17:09:02|2022-04-06T19:01:02,2022-04-06T19:01:02,0.0
M6_event_stress_v1,stuck_35C,102Ah_45degC_0p5C_cell3,1457,10,90.1249125511332,89.71,ridge_event_replay,4,102Ah_45degC_0p5C_cell3|1449|2022-05-10T18:50:05|2022-05-10T19:47:35|#|102Ah_45degC_0p5C_cell3|1455|2022-05-10T22:37:28|2022-05-11T00:28:45|#|102Ah_45degC_0p5C_cell3|1456|2022-05-11T03:18:32|2022-05-11T05:09:52|#|102Ah_45degC_0p5C_cell3|1457|2022-05-11T07:59:39|2022-05-11T09:51:01,2022-05-11T09:51:01,0.0
M6_event_stress_v1,stuck_35C,102Ah_45degC_0p5C_cell3,1605,11,89.30477959653867,88.797,ridge_event_replay,5,102Ah_45degC_0p5C_cell3|1601|2022-06-14T01:08:45|2022-06-14T02:59:02|#|102Ah_45degC_0p5C_cell3|1602|2022-06-14T05:47:45|2022-06-14T07:38:02|#|102Ah_45degC_0p5C_cell3|1603|2022-06-14T10:26:46|2022-06-14T12:16:46|#|102Ah_45degC_0p5C_cell3|1604|2022-06-14T15:05:45|2022-06-14T16:55:45|#|102Ah_45degC_0p5C_cell3|1605|2022-06-14T19:44:44|2022-06-14T21:35:00,2022-06-14T21:35:00,0.0
M6_event_stress_v1,stuck_35C,102Ah_45degC_0p5C_cell3,1739,12,88.36065471814987,88.025,ridge_event_replay,5,102Ah_45degC_0p5C_cell3|1735|2022-07-10T23:45:11|2022-07-11T01:34:11|#|102Ah_45degC_0p5C_cell3|1736|2022-07-11T04:22:21|2022-07-11T06:11:21|#|102Ah_45degC_0p5C_cell3|1737|2022-07-11T08:59:31|2022-07-11T10:48:55|#|102Ah_45degC_0p5C_cell3|1738|2022-07-11T13:36:40|2022-07-11T15:26:02|#|102Ah_45degC_0p5C_cell3|1739|2022-07-11T18:13:49|2022-07-11T20:02:49,2022-07-11T20:02:49,0.0
M6_event_stress_v1,stuck_35C,102Ah_45degC_0p5C_cell3,1872,13,87.7415334547531,87.256,ridge_event_replay,5,102Ah_45degC_0p5C_cell3|1868|2022-08-05T14:14:24|2022-08-05T16:02:24|#|102Ah_45degC_0p5C_cell3|1869|2022-08-05T18:49:41|2022-08-05T20:37:41|#|102Ah_45degC_0p5C_cell3|1870|2022-08-05T23:24:57|2022-08-06T01:13:23|#|102Ah_45degC_0p5C_cell3|1871|2022-08-06T04:00:12|2022-08-06T05:48:12|#|102Ah_45degC_0p5C_cell3|1872|2022-08-06T08:35:27|2022-08-06T10:23:28,2022-08-06T10:23:28,0.0
M6_event_stress_v1,stuck_35C,102Ah_45degC_0p5C_cell3,2005,14,86.99442488564007,86.448,ridge_event_replay,5,102Ah_45degC_0p5C_cell3|2001|2022-08-31T10:09:06|2022-08-31T11:56:06|#|102Ah_45degC_0p5C_cell3|2002|2022-08-31T14:42:26|2022-08-31T16:29:54|#|102Ah_45degC_0p5C_cell3|2003|2022-08-31T19:15:45|2022-08-31T21:02:45|#|102Ah_45degC_0p5C_cell3|2004|2022-08-31T23:49:04|2022-09-01T01:36:32|#|102Ah_45degC_0p5C_cell3|2005|2022-09-01T04:22:21|2022-09-01T06:09:48,2022-09-01T06:09:48,0.0
M6_event_stress_v1,stuck_35C,102Ah_45degC_0p5C_cell3,2138,15,86.56440572263259,85.454,ridge_event_replay,5,102Ah_45degC_0p5C_cell3|2134|2022-09-25T18:39:23|2022-09-25T20:25:23|#|102Ah_45degC_0p5C_cell3|2135|2022-09-25T23:10:42|2022-09-26T00:57:11|#|102Ah_45degC_0p5C_cell3|2136|2022-09-26T03:42:02|2022-09-26T05:28:02|#|102Ah_45degC_0p5C_cell3|2137|2022-09-26T08:13:20|2022-09-26T09:59:21|#|102Ah_45degC_0p5C_cell3|2138|2022-09-26T12:44:38|2022-09-26T14:31:05,2022-09-26T14:31:05,0.0
M6_event_stress_v1,stuck_35C,102Ah_45degC_0p5C_cell3,2272,16,85.95845544228321,84.767,ridge_event_replay,5,102Ah_45degC_0p5C_cell3|2268|2022-10-30T02:22:05|2022-10-30T04:07:33|#|102Ah_45degC_0p5C_cell3|2269|2022-10-30T06:51:19|2022-10-30T08:36:47|#|102Ah_45degC_0p5C_cell3|2270|2022-10-30T11:20:34|2022-10-30T13:06:01|#|102Ah_45degC_0p5C_cell3|2271|2022-10-30T15:49:47|2022-10-30T17:35:13|#|102Ah_45degC_0p5C_cell3|2272|2022-10-30T20:18:59|2022-10-30T22:03:59,2022-10-30T22:03:59,0.0
M6_event_stress_v1,stuck_35C,102Ah_45degC_0p5C_cell3,2405,17,85.22333155375219,83.861,ridge_event_replay,5,102Ah_45degC_0p5C_cell3|2401|2022-11-27T08:07:09|2022-11-27T09:51:31|#|102Ah_45degC_0p5C_cell3|2402|2022-11-27T12:34:12|2022-11-27T14:18:33|#|102Ah_45degC_0p5C_cell3|2403|2022-11-27T17:01:13|2022-11-27T18:45:14|#|102Ah_45degC_0p5C_cell3|2404|2022-11-27T21:28:14|2022-11-27T23:12:33|#|102Ah_45degC_0p5C_cell3|2405|2022-11-28T01:55:13|2022-11-28T03:39:31,2022-11-28T03:39:31,0.0
M6_event_stress_v1,stuck_35C,102Ah_45degC_0p5C_cell3,2538,18,83.95209683015024,82.921,ridge_event_replay,5,102Ah_45degC_0p5C_cell3|2534|2022-12-21T21:50:55|2022-12-21T23:34:07|#|102Ah_45degC_0p5C_cell3|2535|2022-12-22T02:15:40|2022-12-22T03:58:51|#|102Ah_45degC_0p5C_cell3|2536|2022-12-22T06:40:23|2022-12-22T08:23:23|#|102Ah_45degC_0p5C_cell3|2537|2022-12-22T11:05:06|2022-12-22T12:48:16|#|102Ah_45degC_0p5C_cell3|2538|2022-12-22T15:29:47|2022-12-22T17:12:47,2022-12-22T17:12:47,0.0
M6_event_stress_v1,stuck_35C,102Ah_45degC_0p5C_cell3,2671,19,83.12157552479417,81.859,ridge_event_replay,5,102Ah_45degC_0p5C_cell3|2667|2023-01-15T08:04:35|2023-01-15T09:46:33|#|102Ah_45degC_0p5C_cell3|2668|2023-01-15T12:26:48|2023-01-15T14:08:44|#|102Ah_45degC_0p5C_cell3|2669|2023-01-15T16:48:59|2023-01-15T18:30:55|#|102Ah_45degC_0p5C_cell3|2670|2023-01-15T21:11:10|2023-01-15T22:52:39|#|102Ah_45degC_0p5C_cell3|2671|2023-01-16T01:33:19|2023-01-16T03:15:13,2023-01-16T03:15:13,0.0
M6_event_stress_v1,stuck_35C,102Ah_45degC_0p5C_cell3,2805,20,81.99484096005847,80.568,ridge_event_replay,5,102Ah_45degC_0p5C_cell3|2801|2023-02-18T10:04:30|2023-02-18T11:44:30|#|102Ah_45degC_0p5C_cell3|2802|2023-02-18T14:23:38|2023-02-18T16:03:38|#|102Ah_45degC_0p5C_cell3|2803|2023-02-18T18:42:45|2023-02-18T20:23:11|#|102Ah_45degC_0p5C_cell3|2804|2023-02-18T23:01:50|2023-02-19T00:41:51|#|102Ah_45degC_0p5C_cell3|2805|2023-02-19T03:20:55|2023-02-19T05:00:54,2023-02-19T05:00:54,0.0
M6_event_stress_v1,stuck_35C,102Ah_45degC_0p5C_cell3,2939,21,80.46833698126207,78.862,ridge_event_replay,5,102Ah_45degC_0p5C_cell3|2935|2023-03-28T08:41:39|2023-03-28T10:19:40|#|102Ah_45degC_0p5C_cell3|2936|2023-03-28T12:56:45|2023-03-28T14:35:15|#|102Ah_45degC_0p5C_cell3|2937|2023-03-28T17:11:50|2023-03-28T18:50:19|#|102Ah_45degC_0p5C_cell3|2938|2023-03-28T21:26:54|2023-03-28T23:05:21|#|102Ah_45degC_0p5C_cell3|2939|2023-03-29T01:41:55|2023-03-29T03:20:22,2023-03-29T03:20:22,0.0
M6_event_stress_v1,stuck_35C,102Ah_45degC_0p5C_cell3,3072,22,79.37128417841099,77.351,ridge_event_replay,5,102Ah_45degC_0p5C_cell3|3068|2023-04-20T19:19:15|2023-04-20T20:56:07|#|102Ah_45degC_0p5C_cell3|3069|2023-04-20T23:30:53|2023-04-21T01:07:23|#|102Ah_45degC_0p5C_cell3|3070|2023-04-21T03:42:29|2023-04-21T05:19:20|#|102Ah_45degC_0p5C_cell3|3071|2023-04-21T07:54:03|2023-04-21T09:30:55|#|102Ah_45degC_0p5C_cell3|3072|2023-04-21T12:05:37|2023-04-21T13:42:07,2023-04-21T13:42:07,0.0
M6_event_stress_v1,stuck_35C,102Ah_45degC_0p5C_cell3,3205,23,78.36518079058129,75.585,ridge_event_replay,5,102Ah_45degC_0p5C_cell3|3201|2023-05-20T20:41:57|2023-05-20T22:16:50|#|102Ah_45degC_0p5C_cell3|3202|2023-05-21T00:49:25|2023-05-21T02:23:55|#|102Ah_45degC_0p5C_cell3|3203|2023-05-21T04:56:51|2023-05-21T06:31:20|#|102Ah_45degC_0p5C_cell3|3204|2023-05-21T09:04:15|2023-05-21T10:38:44|#|102Ah_45degC_0p5C_cell3|3205|2023-05-21T13:11:37|2023-05-21T14:46:26,2023-05-21T14:46:26,0.0
M6_event_stress_v1,stuck_35C,102Ah_45degC_0p5C_cell3,3340,24,76.34521849783707,73.377,ridge_event_replay,5,102Ah_45degC_0p5C_cell3|3336|2023-07-10T01:50:45|2023-07-10T03:22:44|#|102Ah_45degC_0p5C_cell3|3337|2023-07-10T05:52:43|2023-07-10T07:24:43|#|102Ah_45degC_0p5C_cell3|3338|2023-07-10T09:54:40|2023-07-10T11:26:39|#|102Ah_45degC_0p5C_cell3|3339|2023-07-10T13:56:34|2023-07-10T15:28:34|#|102Ah_45degC_0p5C_cell3|3340|2023-07-10T17:58:27|2023-07-10T19:30:26,2023-07-10T19:30:26,0.0
M6_event_stress_v1,stuck_35C,102Ah_45degC_0p5C_cell3,3473,25,74.47777166237802,71.212,ridge_event_replay,5,102Ah_45degC_0p5C_cell3|3469|2023-08-04T17:07:07|2023-08-04T18:36:37|#|102Ah_45degC_0p5C_cell3|3470|2023-08-04T21:04:03|2023-08-04T22:33:33|#|102Ah_45degC_0p5C_cell3|3471|2023-08-05T01:00:58|2023-08-05T02:30:28|#|102Ah_45degC_0p5C_cell3|3472|2023-08-05T04:57:50|2023-08-05T06:27:20|#|102Ah_45degC_0p5C_cell3|3473|2023-08-05T08:54:41|2023-08-05T10:24:10,2023-08-05T10:24:10,0.0
M6_event_stress_v1,stuck_35C,102Ah_45degC_0p5C_cell3,3606,26,72.86810745975626,68.96,ridge_event_replay,5,102Ah_45degC_0p5C_cell3|3602|2023-08-26T08:52:39|2023-08-26T10:19:38|#|102Ah_45degC_0p5C_cell3|3603|2023-08-26T12:44:16|2023-08-26T14:11:16|#|102Ah_45degC_0p5C_cell3|3604|2023-08-26T16:35:50|2023-08-26T18:02:50|#|102Ah_45degC_0p5C_cell3|3605|2023-08-26T20:27:24|2023-08-26T21:54:24|#|102Ah_45degC_0p5C_cell3|3606|2023-08-27T00:18:55|2023-08-27T01:45:55,2023-08-27T01:45:55,0.0
M6_event_stress_v1,stuck_35C,102Ah_45degC_0p5C_cell3,3740,27,70.69348141942166,66.665,ridge_event_replay,5,102Ah_45degC_0p5C_cell3|3736|2023-09-16T16:04:29|2023-09-16T17:28:29|#|102Ah_45degC_0p5C_cell3|3737|2023-09-16T19:50:32|2023-09-16T21:14:54|#|102Ah_45degC_0p5C_cell3|3738|2023-09-16T23:36:34|2023-09-17T01:00:33|#|102Ah_45degC_0p5C_cell3|3739|2023-09-17T03:22:31|2023-09-17T04:46:31|#|102Ah_45degC_0p5C_cell3|3740|2023-09-17T07:08:28|2023-09-17T08:32:28,2023-09-17T08:32:28,0.0
M6_event_stress_v1,stuck_35C,102Ah_45degC_0p5C_cell3,3870,28,68.466055849117,64.205,ridge_event_replay,5,102Ah_45degC_0p5C_cell3|3861|2023-10-17T09:49:30|2023-10-17T11:10:29|#|102Ah_45degC_0p5C_cell3|3862|2023-10-17T13:29:38|2023-10-17T14:50:38|#|102Ah_45degC_0p5C_cell3|3863|2023-10-17T17:09:45|2023-10-17T18:30:45|#|102Ah_45degC_0p5C_cell3|3864|2023-10-17T20:49:48|2023-10-17T22:10:48|#|102Ah_45degC_0p5C_cell3|3865|2023-10-18T00:29:50|2023-10-18T01:50:50,2023-10-18T01:50:50,0.0
M6_event_stress_v1,stuck_35C,102Ah_45degC_0p5C_cell3,4292,29,67.81191479617794,63.18,ridge_event_replay,0,,2023-10-18T01:50:50,0.0
M6_event_stress_v1,stuck_35C,102Ah_45degC_0p5C_cell3,4018,30,66.1459304342867,61.901,ridge_event_replay,5,102Ah_45degC_0p5C_cell3|4014|2023-11-10T14:19:06|2023-11-10T15:37:06|#|102Ah_45degC_0p5C_cell3|4015|2023-11-10T17:53:24|2023-11-10T19:11:24|#|102Ah_45degC_0p5C_cell3|4016|2023-11-10T21:27:41|2023-11-10T22:45:40|#|102Ah_45degC_0p5C_cell3|4017|2023-11-11T01:01:51|2023-11-11T02:19:51|#|102Ah_45degC_0p5C_cell3|4018|2023-11-11T04:36:03|2023-11-11T05:54:03,2023-11-11T05:54:03,0.0
M6_event_stress_v1,random_missing_20pct,102Ah_45degC_0p5C_cell3,217,1,97.2033828256647,97.213,ridge_event_replay,4,102Ah_45degC_0p5C_cell3|213|2021-07-02T21:15:41|2021-07-02T23:15:53|#|102Ah_45degC_0p5C_cell3|215|2021-07-03T07:14:10|2021-07-03T09:14:12|#|102Ah_45degC_0p5C_cell3|216|2021-07-03T12:13:23|2021-07-03T14:13:23|#|102Ah_45degC_0p5C_cell3|217|2021-07-03T17:12:33|2021-07-03T19:12:33,2021-07-03T19:12:33,0.0
M6_event_stress_v1,random_missing_20pct,102Ah_45degC_0p5C_cell3,350,2,95.89655348122221,96.093,ridge_event_replay,3,102Ah_45degC_0p5C_cell3|346|2021-07-31T04:02:20|2021-07-31T06:01:15|#|102Ah_45degC_0p5C_cell3|347|2021-07-31T08:58:56|2021-07-31T10:57:27|#|102Ah_45degC_0p5C_cell3|348|2021-07-31T13:55:33|2021-07-31T15:54:02,2021-07-31T15:54:02,0.0
M6_event_stress_v1,random_missing_20pct,102Ah_45degC_0p5C_cell3,483,3,94.90557525135141,95.183,ridge_event_replay,3,102Ah_45degC_0p5C_cell3|481|2021-08-27T21:53:29|2021-08-27T23:51:21|#|102Ah_45degC_0p5C_cell3|482|2021-08-28T02:47:55|2021-08-28T04:45:25|#|102Ah_45degC_0p5C_cell3|483|2021-08-28T07:42:19|2021-08-28T09:39:50,2021-08-28T09:39:50,0.0
M6_event_stress_v1,random_missing_20pct,102Ah_45degC_0p5C_cell3,620,4,94.98511600292618,94.405,ridge_event_replay,4,102Ah_45degC_0p5C_cell3|616|2021-09-26T00:51:29|2021-09-26T02:48:27|#|102Ah_45degC_0p5C_cell3|618|2021-09-26T10:36:35|2021-09-26T12:33:05|#|102Ah_45degC_0p5C_cell3|619|2021-09-26T15:29:06|2021-09-26T17:26:03|#|102Ah_45degC_0p5C_cell3|620|2021-09-26T20:21:37|2021-09-26T22:18:34,2021-09-26T22:18:34,0.0
M6_event_stress_v1,random_missing_20pct,102Ah_45degC_0p5C_cell3,754,5,93.44877870168077,93.579,ridge_event_replay,4,102Ah_45degC_0p5C_cell3|750|2021-10-31T09:10:25|2021-10-31T11:06:28|#|102Ah_45degC_0p5C_cell3|751|2021-10-31T14:01:04|2021-10-31T15:57:05|#|102Ah_45degC_0p5C_cell3|752|2021-10-31T18:51:42|2021-10-31T20:47:41|#|102Ah_45degC_0p5C_cell3|753|2021-10-31T23:42:18|2021-11-01T01:38:18,2021-11-01T01:38:18,0.0
M6_event_stress_v1,random_missing_20pct,102Ah_45degC_0p5C_cell3,888,6,93.28838686893943,92.867,ridge_event_replay,4,102Ah_45degC_0p5C_cell3|884|2021-11-27T09:04:38|2021-11-27T10:59:50|#|102Ah_45degC_0p5C_cell3|885|2021-11-27T13:53:32|2021-11-27T15:48:32|#|102Ah_45degC_0p5C_cell3|886|2021-11-27T18:42:25|2021-11-27T20:37:35|#|102Ah_45degC_0p5C_cell3|888|2021-11-28T04:20:08|2021-11-28T06:15:08,2021-11-28T06:15:08,0.0
M6_event_stress_v1,random_missing_20pct,102Ah_45degC_0p5C_cell3,1023,7,92.92227965849179,92.307,ridge_event_replay,4,102Ah_45degC_0p5C_cell3|1020|2022-01-20T18:56:24|2022-01-20T20:50:24|#|102Ah_45degC_0p5C_cell3|1021|2022-01-20T23:43:53|2022-01-21T01:38:25|#|102Ah_45degC_0p5C_cell3|1022|2022-01-21T04:31:27|2022-01-21T06:25:58|#|102Ah_45degC_0p5C_cell3|1023|2022-01-21T09:18:57|2022-01-21T11:13:27,2022-01-21T11:13:27,0.0
M6_event_stress_v1,random_missing_20pct,102Ah_45degC_0p5C_cell3,1168,8,91.63708628651342,91.334,ridge_event_replay,3,102Ah_45degC_0p5C_cell3|1165|2022-03-08T06:04:07|2022-03-08T07:57:07|#|102Ah_45degC_0p5C_cell3|1167|2022-03-08T15:34:29|2022-03-08T17:27:29|#|102Ah_45degC_0p5C_cell3|1168|2022-03-08T20:19:39|2022-03-08T22:13:00,2022-03-08T22:13:00,0.0
M6_event_stress_v1,random_missing_20pct,102Ah_45degC_0p5C_cell3,1314,9,91.10070861179707,90.546,ridge_event_replay,2,102Ah_45degC_0p5C_cell3|1310|2022-04-05T22:16:07|2022-04-06T00:08:32|#|102Ah_45degC_0p5C_cell3|1314|2022-04-06T17:09:02|2022-04-06T19:01:02,2022-04-06T19:01:02,0.0
M6_event_stress_v1,random_missing_20pct,102Ah_45degC_0p5C_cell3,1457,10,90.313865293217,89.71,ridge_event_replay,3,102Ah_45degC_0p5C_cell3|1448|2022-05-09T11:31:28|2022-05-09T13:22:53|#|102Ah_45degC_0p5C_cell3|1449|2022-05-10T18:50:05|2022-05-10T19:47:35|#|102Ah_45degC_0p5C_cell3|1456|2022-05-11T03:18:32|2022-05-11T05:09:52,2022-05-11T05:09:52,0.0
M6_event_stress_v1,random_missing_20pct,102Ah_45degC_0p5C_cell3,1605,11,88.99652097129207,88.797,ridge_event_replay,5,102Ah_45degC_0p5C_cell3|1601|2022-06-14T01:08:45|2022-06-14T02:59:02|#|102Ah_45degC_0p5C_cell3|1602|2022-06-14T05:47:45|2022-06-14T07:38:02|#|102Ah_45degC_0p5C_cell3|1603|2022-06-14T10:26:46|2022-06-14T12:16:46|#|102Ah_45degC_0p5C_cell3|1604|2022-06-14T15:05:45|2022-06-14T16:55:45|#|102Ah_45degC_0p5C_cell3|1605|2022-06-14T19:44:44|2022-06-14T21:35:00,2022-06-14T21:35:00,0.0
M6_event_stress_v1,random_missing_20pct,102Ah_45degC_0p5C_cell3,1739,12,88.03348792532455,88.025,ridge_event_replay,5,102Ah_45degC_0p5C_cell3|1735|2022-07-10T23:45:11|2022-07-11T01:34:11|#|102Ah_45degC_0p5C_cell3|1736|2022-07-11T04:22:21|2022-07-11T06:11:21|#|102Ah_45degC_0p5C_cell3|1737|2022-07-11T08:59:31|2022-07-11T10:48:55|#|102Ah_45degC_0p5C_cell3|1738|2022-07-11T13:36:40|2022-07-11T15:26:02|#|102Ah_45degC_0p5C_cell3|1739|2022-07-11T18:13:49|2022-07-11T20:02:49,2022-07-11T20:02:49,0.0
M6_event_stress_v1,random_missing_20pct,102Ah_45degC_0p5C_cell3,1872,13,87.41688154615848,87.256,ridge_event_replay,3,102Ah_45degC_0p5C_cell3|1868|2022-08-05T14:14:24|2022-08-05T16:02:24|#|102Ah_45degC_0p5C_cell3|1870|2022-08-05T23:24:57|2022-08-06T01:13:23|#|102Ah_45degC_0p5C_cell3|1872|2022-08-06T08:35:27|2022-08-06T10:23:28,2022-08-06T10:23:28,0.0
M6_event_stress_v1,random_missing_20pct,102Ah_45degC_0p5C_cell3,2005,14,86.63366476803675,86.448,ridge_event_replay,5,102Ah_45degC_0p5C_cell3|2001|2022-08-31T10:09:06|2022-08-31T11:56:06|#|102Ah_45degC_0p5C_cell3|2002|2022-08-31T14:42:26|2022-08-31T16:29:54|#|102Ah_45degC_0p5C_cell3|2003|2022-08-31T19:15:45|2022-08-31T21:02:45|#|102Ah_45degC_0p5C_cell3|2004|2022-08-31T23:49:04|2022-09-01T01:36:32|#|102Ah_45degC_0p5C_cell3|2005|2022-09-01T04:22:21|2022-09-01T06:09:48,2022-09-01T06:09:48,0.0
M6_event_stress_v1,random_missing_20pct,102Ah_45degC_0p5C_cell3,2138,15,86.18241744576537,85.454,ridge_event_replay,5,102Ah_45degC_0p5C_cell3|2134|2022-09-25T18:39:23|2022-09-25T20:25:23|#|102Ah_45degC_0p5C_cell3|2135|2022-09-25T23:10:42|2022-09-26T00:57:11|#|102Ah_45degC_0p5C_cell3|2136|2022-09-26T03:42:02|2022-09-26T05:28:02|#|102Ah_45degC_0p5C_cell3|2137|2022-09-26T08:13:20|2022-09-26T09:59:21|#|102Ah_45degC_0p5C_cell3|2138|2022-09-26T12:44:38|2022-09-26T14:31:05,2022-09-26T14:31:05,0.0
M6_event_stress_v1,random_missing_20pct,102Ah_45degC_0p5C_cell3,2272,16,85.55139579445961,84.767,ridge_event_replay,5,102Ah_45degC_0p5C_cell3|2268|2022-10-30T02:22:05|2022-10-30T04:07:33|#|102Ah_45degC_0p5C_cell3|2269|2022-10-30T06:51:19|2022-10-30T08:36:47|#|102Ah_45degC_0p5C_cell3|2270|2022-10-30T11:20:34|2022-10-30T13:06:01|#|102Ah_45degC_0p5C_cell3|2271|2022-10-30T15:49:47|2022-10-30T17:35:13|#|102Ah_45degC_0p5C_cell3|2272|2022-10-30T20:18:59|2022-10-30T22:03:59,2022-10-30T22:03:59,0.0
M6_event_stress_v1,random_missing_20pct,102Ah_45degC_0p5C_cell3,2405,17,84.78107208725294,83.861,ridge_event_replay,5,102Ah_45degC_0p5C_cell3|2401|2022-11-27T08:07:09|2022-11-27T09:51:31|#|102Ah_45degC_0p5C_cell3|2402|2022-11-27T12:34:12|2022-11-27T14:18:33|#|102Ah_45degC_0p5C_cell3|2403|2022-11-27T17:01:13|2022-11-27T18:45:14|#|102Ah_45degC_0p5C_cell3|2404|2022-11-27T21:28:14|2022-11-27T23:12:33|#|102Ah_45degC_0p5C_cell3|2405|2022-11-28T01:55:13|2022-11-28T03:39:31,2022-11-28T03:39:31,0.0
M6_event_stress_v1,random_missing_20pct,102Ah_45degC_0p5C_cell3,2538,18,83.5094765351339,82.921,ridge_event_replay,4,102Ah_45degC_0p5C_cell3|2534|2022-12-21T21:50:55|2022-12-21T23:34:07|#|102Ah_45degC_0p5C_cell3|2536|2022-12-22T06:40:23|2022-12-22T08:23:23|#|102Ah_45degC_0p5C_cell3|2537|2022-12-22T11:05:06|2022-12-22T12:48:16|#|102Ah_45degC_0p5C_cell3|2538|2022-12-22T15:29:47|2022-12-22T17:12:47,2022-12-22T17:12:47,0.0
M6_event_stress_v1,random_missing_20pct,102Ah_45degC_0p5C_cell3,2671,19,82.67914550407474,81.859,ridge_event_replay,3,102Ah_45degC_0p5C_cell3|2667|2023-01-15T08:04:35|2023-01-15T09:46:33|#|102Ah_45degC_0p5C_cell3|2668|2023-01-15T12:26:48|2023-01-15T14:08:44|#|102Ah_45degC_0p5C_cell3|2671|2023-01-16T01:33:19|2023-01-16T03:15:13,2023-01-16T03:15:13,0.0
M6_event_stress_v1,random_missing_20pct,102Ah_45degC_0p5C_cell3,2805,20,81.35085991691966,80.568,ridge_event_replay,4,102Ah_45degC_0p5C_cell3|2801|2023-02-18T10:04:30|2023-02-18T11:44:30|#|102Ah_45degC_0p5C_cell3|2802|2023-02-18T14:23:38|2023-02-18T16:03:38|#|102Ah_45degC_0p5C_cell3|2803|2023-02-18T18:42:45|2023-02-18T20:23:11|#|102Ah_45degC_0p5C_cell3|2805|2023-02-19T03:20:55|2023-02-19T05:00:54,2023-02-19T05:00:54,0.0
M6_event_stress_v1,random_missing_20pct,102Ah_45degC_0p5C_cell3,2939,21,79.89040324924517,78.862,ridge_event_replay,4,102Ah_45degC_0p5C_cell3|2936|2023-03-28T12:56:45|2023-03-28T14:35:15|#|102Ah_45degC_0p5C_cell3|2937|2023-03-28T17:11:50|2023-03-28T18:50:19|#|102Ah_45degC_0p5C_cell3|2938|2023-03-28T21:26:54|2023-03-28T23:05:21|#|102Ah_45degC_0p5C_cell3|2939|2023-03-29T01:41:55|2023-03-29T03:20:22,2023-03-29T03:20:22,0.0
M6_event_stress_v1,random_missing_20pct,102Ah_45degC_0p5C_cell3,3072,22,78.69490807375917,77.351,ridge_event_replay,5,102Ah_45degC_0p5C_cell3|3068|2023-04-20T19:19:15|2023-04-20T20:56:07|#|102Ah_45degC_0p5C_cell3|3069|2023-04-20T23:30:53|2023-04-21T01:07:23|#|102Ah_45degC_0p5C_cell3|3070|2023-04-21T03:42:29|2023-04-21T05:19:20|#|102Ah_45degC_0p5C_cell3|3071|2023-04-21T07:54:03|2023-04-21T09:30:55|#|102Ah_45degC_0p5C_cell3|3072|2023-04-21T12:05:37|2023-04-21T13:42:07,2023-04-21T13:42:07,0.0
M6_event_stress_v1,random_missing_20pct,102Ah_45degC_0p5C_cell3,3205,23,77.6542698000494,75.585,ridge_event_replay,5,102Ah_45degC_0p5C_cell3|3201|2023-05-20T20:41:57|2023-05-20T22:16:50|#|102Ah_45degC_0p5C_cell3|3202|2023-05-21T00:49:25|2023-05-21T02:23:55|#|102Ah_45degC_0p5C_cell3|3203|2023-05-21T04:56:51|2023-05-21T06:31:20|#|102Ah_45degC_0p5C_cell3|3204|2023-05-21T09:04:15|2023-05-21T10:38:44|#|102Ah_45degC_0p5C_cell3|3205|2023-05-21T13:11:37|2023-05-21T14:46:26,2023-05-21T14:46:26,0.0
M6_event_stress_v1,random_missing_20pct,102Ah_45degC_0p5C_cell3,3340,24,75.61220419829121,73.377,ridge_event_replay,5,102Ah_45degC_0p5C_cell3|3336|2023-07-10T01:50:45|2023-07-10T03:22:44|#|102Ah_45degC_0p5C_cell3|3337|2023-07-10T05:52:43|2023-07-10T07:24:43|#|102Ah_45degC_0p5C_cell3|3338|2023-07-10T09:54:40|2023-07-10T11:26:39|#|102Ah_45degC_0p5C_cell3|3339|2023-07-10T13:56:34|2023-07-10T15:28:34|#|102Ah_45degC_0p5C_cell3|3340|2023-07-10T17:58:27|2023-07-10T19:30:26,2023-07-10T19:30:26,0.0
M6_event_stress_v1,random_missing_20pct,102Ah_45degC_0p5C_cell3,3473,25,73.7004254610213,71.212,ridge_event_replay,3,102Ah_45degC_0p5C_cell3|3471|2023-08-05T01:00:58|2023-08-05T02:30:28|#|102Ah_45degC_0p5C_cell3|3472|2023-08-05T04:57:50|2023-08-05T06:27:20|#|102Ah_45degC_0p5C_cell3|3473|2023-08-05T08:54:41|2023-08-05T10:24:10,2023-08-05T10:24:10,0.0
M6_event_stress_v1,random_missing_20pct,102Ah_45degC_0p5C_cell3,3606,26,72.02964185348237,68.96,ridge_event_replay,3,102Ah_45degC_0p5C_cell3|3604|2023-08-26T16:35:50|2023-08-26T18:02:50|#|102Ah_45degC_0p5C_cell3|3605|2023-08-26T20:27:24|2023-08-26T21:54:24|#|102Ah_45degC_0p5C_cell3|3606|2023-08-27T00:18:55|2023-08-27T01:45:55,2023-08-27T01:45:55,0.0
M6_event_stress_v1,random_missing_20pct,102Ah_45degC_0p5C_cell3,3740,27,69.85517220212861,66.665,ridge_event_replay,3,102Ah_45degC_0p5C_cell3|3737|2023-09-16T19:50:32|2023-09-16T21:14:54|#|102Ah_45degC_0p5C_cell3|3739|2023-09-17T03:22:31|2023-09-17T04:46:31|#|102Ah_45degC_0p5C_cell3|3740|2023-09-17T07:08:28|2023-09-17T08:32:28,2023-09-17T08:32:28,0.0
M6_event_stress_v1,random_missing_20pct,102Ah_45degC_0p5C_cell3,3870,28,67.55016095452046,64.205,ridge_event_replay,4,102Ah_45degC_0p5C_cell3|3862|2023-10-17T13:29:38|2023-10-17T14:50:38|#|102Ah_45degC_0p5C_cell3|3863|2023-10-17T17:09:45|2023-10-17T18:30:45|#|102Ah_45degC_0p5C_cell3|3864|2023-10-17T20:49:48|2023-10-17T22:10:48|#|102Ah_45degC_0p5C_cell3|3865|2023-10-18T00:29:50|2023-10-18T01:50:50,2023-10-18T01:50:50,0.0
M6_event_stress_v1,random_missing_20pct,102Ah_45degC_0p5C_cell3,4292,29,66.89601990158141,63.18,ridge_event_replay,0,,2023-10-18T01:50:50,0.0
M6_event_stress_v1,random_missing_20pct,102Ah_45degC_0p5C_cell3,4018,30,65.20708132225052,61.901,ridge_event_replay,4,102Ah_45degC_0p5C_cell3|4015|2023-11-10T17:53:24|2023-11-10T19:11:24|#|102Ah_45degC_0p5C_cell3|4016|2023-11-10T21:27:41|2023-11-10T22:45:40|#|102Ah_45degC_0p5C_cell3|4017|2023-11-11T01:01:51|2023-11-11T02:19:51|#|102Ah_45degC_0p5C_cell3|4018|2023-11-11T04:36:03|2023-11-11T05:54:03,2023-11-11T05:54:03,0.0
M6_event_stress_v1,contiguous_missing_20pct,102Ah_45degC_0p5C_cell3,217,1,96.83293745069639,97.213,ridge_event_replay,5,102Ah_45degC_0p5C_cell3|213|2021-07-02T21:15:41|2021-07-02T23:15:53|#|102Ah_45degC_0p5C_cell3|214|2021-07-03T02:14:57|2021-07-03T04:14:57|#|102Ah_45degC_0p5C_cell3|215|2021-07-03T07:14:10|2021-07-03T09:14:12|#|102Ah_45degC_0p5C_cell3|216|2021-07-03T12:13:23|2021-07-03T14:13:23|#|102Ah_45degC_0p5C_cell3|217|2021-07-03T17:12:33|2021-07-03T19:12:33,2021-07-03T19:12:33,0.0
M6_event_stress_v1,contiguous_missing_20pct,102Ah_45degC_0p5C_cell3,350,2,95.4651424498694,96.093,ridge_event_replay,5,102Ah_45degC_0p5C_cell3|346|2021-07-31T04:02:20|2021-07-31T06:01:15|#|102Ah_45degC_0p5C_cell3|347|2021-07-31T08:58:56|2021-07-31T10:57:27|#|102Ah_45degC_0p5C_cell3|348|2021-07-31T13:55:33|2021-07-31T15:54:02|#|102Ah_45degC_0p5C_cell3|349|2021-07-31T18:52:08|2021-07-31T20:50:37|#|102Ah_45degC_0p5C_cell3|350|2021-07-31T23:48:41|2021-08-01T01:47:11,2021-08-01T01:47:11,0.0
M6_event_stress_v1,contiguous_missing_20pct,102Ah_45degC_0p5C_cell3,483,3,94.4985964902699,95.183,ridge_event_replay,5,102Ah_45degC_0p5C_cell3|479|2021-08-27T12:04:34|2021-08-27T14:02:04|#|102Ah_45degC_0p5C_cell3|480|2021-08-27T16:59:02|2021-08-27T18:56:33|#|102Ah_45degC_0p5C_cell3|481|2021-08-27T21:53:29|2021-08-27T23:51:21|#|102Ah_45degC_0p5C_cell3|482|2021-08-28T02:47:55|2021-08-28T04:45:25|#|102Ah_45degC_0p5C_cell3|483|2021-08-28T07:42:19|2021-08-28T09:39:50,2021-08-28T09:39:50,0.0
M6_event_stress_v1,contiguous_missing_20pct,102Ah_45degC_0p5C_cell3,620,4,94.52312923930182,94.405,ridge_event_replay,5,102Ah_45degC_0p5C_cell3|616|2021-09-26T00:51:29|2021-09-26T02:48:27|#|102Ah_45degC_0p5C_cell3|617|2021-09-26T05:44:02|2021-09-26T07:41:00|#|102Ah_45degC_0p5C_cell3|618|2021-09-26T10:36:35|2021-09-26T12:33:05|#|102Ah_45degC_0p5C_cell3|619|2021-09-26T15:29:06|2021-09-26T17:26:03|#|102Ah_45degC_0p5C_cell3|620|2021-09-26T20:21:37|2021-09-26T22:18:34,2021-09-26T22:18:34,0.0
M6_event_stress_v1,contiguous_missing_20pct,102Ah_45degC_0p5C_cell3,754,5,93.02094660024984,93.579,ridge_event_replay,5,102Ah_45degC_0p5C_cell3|750|2021-10-31T09:10:25|2021-10-31T11:06:28|#|102Ah_45degC_0p5C_cell3|751|2021-10-31T14:01:04|2021-10-31T15:57:05|#|102Ah_45degC_0p5C_cell3|752|2021-10-31T18:51:42|2021-10-31T20:47:41|#|102Ah_45degC_0p5C_cell3|753|2021-10-31T23:42:18|2021-11-01T01:38:18|#|102Ah_45degC_0p5C_cell3|754|2021-11-01T04:32:54|2021-11-01T06:28:54,2021-11-01T06:28:54,0.0
M6_event_stress_v1,contiguous_missing_20pct,102Ah_45degC_0p5C_cell3,888,6,92.83296392415834,92.867,ridge_event_replay,5,102Ah_45degC_0p5C_cell3|884|2021-11-27T09:04:38|2021-11-27T10:59:50|#|102Ah_45degC_0p5C_cell3|885|2021-11-27T13:53:32|2021-11-27T15:48:32|#|102Ah_45degC_0p5C_cell3|886|2021-11-27T18:42:25|2021-11-27T20:37:35|#|102Ah_45degC_0p5C_cell3|887|2021-11-27T23:31:16|2021-11-28T01:26:17|#|102Ah_45degC_0p5C_cell3|888|2021-11-28T04:20:08|2021-11-28T06:15:08,2021-11-28T06:15:08,0.0
M6_event_stress_v1,contiguous_missing_20pct,102Ah_45degC_0p5C_cell3,1023,7,92.45266676555855,92.307,ridge_event_replay,5,102Ah_45degC_0p5C_cell3|1019|2022-01-20T12:54:31|2022-01-20T14:48:01|#|102Ah_45degC_0p5C_cell3|1020|2022-01-20T18:56:24|2022-01-20T20:50:24|#|102Ah_45degC_0p5C_cell3|1021|2022-01-20T23:43:53|2022-01-21T01:38:25|#|102Ah_45degC_0p5C_cell3|1022|2022-01-21T04:31:27|2022-01-21T06:25:58|#|102Ah_45degC_0p5C_cell3|1023|2022-01-21T09:18:57|2022-01-21T11:13:27,2022-01-21T11:13:27,0.0
M6_event_stress_v1,contiguous_missing_20pct,102Ah_45degC_0p5C_cell3,1168,8,91.19265065067155,91.334,ridge_event_replay,5,102Ah_45degC_0p5C_cell3|1164|2022-03-08T01:18:56|2022-03-08T03:12:18|#|102Ah_45degC_0p5C_cell3|1165|2022-03-08T06:04:07|2022-03-08T07:57:07|#|102Ah_45degC_0p5C_cell3|1166|2022-03-08T10:49:19|2022-03-08T12:42:40|#|102Ah_45degC_0p5C_cell3|1167|2022-03-08T15:34:29|2022-03-08T17:27:29|#|102Ah_45degC_0p5C_cell3|1168|2022-03-08T20:19:39|2022-03-08T22:13:00,2022-03-08T22:13:00,0.0
M6_event_stress_v1,contiguous_missing_20pct,102Ah_45degC_0p5C_cell3,1314,9,90.67738801684258,90.546,ridge_event_replay,5,102Ah_45degC_0p5C_cell3|1310|2022-04-05T22:16:07|2022-04-06T00:08:32|#|102Ah_45degC_0p5C_cell3|1311|2022-04-06T02:59:23|2022-04-06T04:51:46|#|102Ah_45degC_0p5C_cell3|1312|2022-04-06T07:42:36|2022-04-06T09:34:38|#|102Ah_45degC_0p5C_cell3|1313|2022-04-06T12:25:51|2022-04-06T14:18:14|#|102Ah_45degC_0p5C_cell3|1314|2022-04-06T17:09:02|2022-04-06T19:01:02,2022-04-06T19:01:02,0.0
M6_event_stress_v1,contiguous_missing_20pct,102Ah_45degC_0p5C_cell3,1457,10,89.38141303594814,89.71,ridge_event_replay,4,102Ah_45degC_0p5C_cell3|1449|2022-05-10T18:50:05|2022-05-10T19:47:35|#|102Ah_45degC_0p5C_cell3|1455|2022-05-10T22:37:28|2022-05-11T00:28:45|#|102Ah_45degC_0p5C_cell3|1456|2022-05-11T03:18:32|2022-05-11T05:09:52|#|102Ah_45degC_0p5C_cell3|1457|2022-05-11T07:59:39|2022-05-11T09:51:01,2022-05-11T09:51:01,0.0
M6_event_stress_v1,contiguous_missing_20pct,102Ah_45degC_0p5C_cell3,1605,11,88.10484296011029,88.797,ridge_event_replay,0,,2022-06-08T23:50:02,0.0
M6_event_stress_v1,contiguous_missing_20pct,102Ah_45degC_0p5C_cell3,1739,12,86.35920044251708,88.025,ridge_event_replay,0,,2022-06-08T23:50:02,0.0
M6_event_stress_v1,contiguous_missing_20pct,102Ah_45degC_0p5C_cell3,1872,13,85.2856216136584,87.256,ridge_event_replay,0,,2022-06-08T23:50:02,0.0
M6_event_stress_v1,contiguous_missing_20pct,102Ah_45degC_0p5C_cell3,2005,14,85.2856216136584,86.448,ridge_event_replay,0,,2022-06-08T23:50:02,0.0
M6_event_stress_v1,contiguous_missing_20pct,102Ah_45degC_0p5C_cell3,2138,15,85.2856216136584,85.454,ridge_event_replay,0,,2022-06-08T23:50:02,0.0
M6_event_stress_v1,contiguous_missing_20pct,102Ah_45degC_0p5C_cell3,2272,16,85.2856216136584,84.767,ridge_event_replay,0,,2022-06-08T23:50:02,0.0
M6_event_stress_v1,contiguous_missing_20pct,102Ah_45degC_0p5C_cell3,2405,17,84.4983077516657,83.861,ridge_event_replay,5,102Ah_45degC_0p5C_cell3|2401|2022-11-27T08:07:09|2022-11-27T09:51:31|#|102Ah_45degC_0p5C_cell3|2402|2022-11-27T12:34:12|2022-11-27T14:18:33|#|102Ah_45degC_0p5C_cell3|2403|2022-11-27T17:01:13|2022-11-27T18:45:14|#|102Ah_45degC_0p5C_cell3|2404|2022-11-27T21:28:14|2022-11-27T23:12:33|#|102Ah_45degC_0p5C_cell3|2405|2022-11-28T01:55:13|2022-11-28T03:39:31,2022-11-28T03:39:31,0.0
M6_event_stress_v1,contiguous_missing_20pct,102Ah_45degC_0p5C_cell3,2538,18,83.17726758693627,82.921,ridge_event_replay,5,102Ah_45degC_0p5C_cell3|2534|2022-12-21T21:50:55|2022-12-21T23:34:07|#|102Ah_45degC_0p5C_cell3|2535|2022-12-22T02:15:40|2022-12-22T03:58:51|#|102Ah_45degC_0p5C_cell3|2536|2022-12-22T06:40:23|2022-12-22T08:23:23|#|102Ah_45degC_0p5C_cell3|2537|2022-12-22T11:05:06|2022-12-22T12:48:16|#|102Ah_45degC_0p5C_cell3|2538|2022-12-22T15:29:47|2022-12-22T17:12:47,2022-12-22T17:12:47,0.0
M6_event_stress_v1,contiguous_missing_20pct,102Ah_45degC_0p5C_cell3,2671,19,82.29291872168035,81.859,ridge_event_replay,5,102Ah_45degC_0p5C_cell3|2667|2023-01-15T08:04:35|2023-01-15T09:46:33|#|102Ah_45degC_0p5C_cell3|2668|2023-01-15T12:26:48|2023-01-15T14:08:44|#|102Ah_45degC_0p5C_cell3|2669|2023-01-15T16:48:59|2023-01-15T18:30:55|#|102Ah_45degC_0p5C_cell3|2670|2023-01-15T21:11:10|2023-01-15T22:52:39|#|102Ah_45degC_0p5C_cell3|2671|2023-01-16T01:33:19|2023-01-16T03:15:13,2023-01-16T03:15:13,0.0
M6_event_stress_v1,contiguous_missing_20pct,102Ah_45degC_0p5C_cell3,2805,20,81.11748471544438,80.568,ridge_event_replay,5,102Ah_45degC_0p5C_cell3|2801|2023-02-18T10:04:30|2023-02-18T11:44:30|#|102Ah_45degC_0p5C_cell3|2802|2023-02-18T14:23:38|2023-02-18T16:03:38|#|102Ah_45degC_0p5C_cell3|2803|2023-02-18T18:42:45|2023-02-18T20:23:11|#|102Ah_45degC_0p5C_cell3|2804|2023-02-18T23:01:50|2023-02-19T00:41:51|#|102Ah_45degC_0p5C_cell3|2805|2023-02-19T03:20:55|2023-02-19T05:00:54,2023-02-19T05:00:54,0.0
M6_event_stress_v1,contiguous_missing_20pct,102Ah_45degC_0p5C_cell3,2939,21,79.54268412841645,78.862,ridge_event_replay,5,102Ah_45degC_0p5C_cell3|2935|2023-03-28T08:41:39|2023-03-28T10:19:40|#|102Ah_45degC_0p5C_cell3|2936|2023-03-28T12:56:45|2023-03-28T14:35:15|#|102Ah_45degC_0p5C_cell3|2937|2023-03-28T17:11:50|2023-03-28T18:50:19|#|102Ah_45degC_0p5C_cell3|2938|2023-03-28T21:26:54|2023-03-28T23:05:21|#|102Ah_45degC_0p5C_cell3|2939|2023-03-29T01:41:55|2023-03-29T03:20:22,2023-03-29T03:20:22,0.0
M6_event_stress_v1,contiguous_missing_20pct,102Ah_45degC_0p5C_cell3,3072,22,78.39694671058045,77.351,ridge_event_replay,5,102Ah_45degC_0p5C_cell3|3068|2023-04-20T19:19:15|2023-04-20T20:56:07|#|102Ah_45degC_0p5C_cell3|3069|2023-04-20T23:30:53|2023-04-21T01:07:23|#|102Ah_45degC_0p5C_cell3|3070|2023-04-21T03:42:29|2023-04-21T05:19:20|#|102Ah_45degC_0p5C_cell3|3071|2023-04-21T07:54:03|2023-04-21T09:30:55|#|102Ah_45degC_0p5C_cell3|3072|2023-04-21T12:05:37|2023-04-21T13:42:07,2023-04-21T13:42:07,0.0
M6_event_stress_v1,contiguous_missing_20pct,102Ah_45degC_0p5C_cell3,3205,23,77.34545745642711,75.585,ridge_event_replay,5,102Ah_45degC_0p5C_cell3|3201|2023-05-20T20:41:57|2023-05-20T22:16:50|#|102Ah_45degC_0p5C_cell3|3202|2023-05-21T00:49:25|2023-05-21T02:23:55|#|102Ah_45degC_0p5C_cell3|3203|2023-05-21T04:56:51|2023-05-21T06:31:20|#|102Ah_45degC_0p5C_cell3|3204|2023-05-21T09:04:15|2023-05-21T10:38:44|#|102Ah_45degC_0p5C_cell3|3205|2023-05-21T13:11:37|2023-05-21T14:46:26,2023-05-21T14:46:26,0.0
M6_event_stress_v1,contiguous_missing_20pct,102Ah_45degC_0p5C_cell3,3340,24,75.30655858689367,73.377,ridge_event_replay,5,102Ah_45degC_0p5C_cell3|3336|2023-07-10T01:50:45|2023-07-10T03:22:44|#|102Ah_45degC_0p5C_cell3|3337|2023-07-10T05:52:43|2023-07-10T07:24:43|#|102Ah_45degC_0p5C_cell3|3338|2023-07-10T09:54:40|2023-07-10T11:26:39|#|102Ah_45degC_0p5C_cell3|3339|2023-07-10T13:56:34|2023-07-10T15:28:34|#|102Ah_45degC_0p5C_cell3|3340|2023-07-10T17:58:27|2023-07-10T19:30:26,2023-07-10T19:30:26,0.0
M6_event_stress_v1,contiguous_missing_20pct,102Ah_45degC_0p5C_cell3,3473,25,73.3868801279177,71.212,ridge_event_replay,5,102Ah_45degC_0p5C_cell3|3469|2023-08-04T17:07:07|2023-08-04T18:36:37|#|102Ah_45degC_0p5C_cell3|3470|2023-08-04T21:04:03|2023-08-04T22:33:33|#|102Ah_45degC_0p5C_cell3|3471|2023-08-05T01:00:58|2023-08-05T02:30:28|#|102Ah_45degC_0p5C_cell3|3472|2023-08-05T04:57:50|2023-08-05T06:27:20|#|102Ah_45degC_0p5C_cell3|3473|2023-08-05T08:54:41|2023-08-05T10:24:10,2023-08-05T10:24:10,0.0
M6_event_stress_v1,contiguous_missing_20pct,102Ah_45degC_0p5C_cell3,3606,26,71.73268476090914,68.96,ridge_event_replay,5,102Ah_45degC_0p5C_cell3|3602|2023-08-26T08:52:39|2023-08-26T10:19:38|#|102Ah_45degC_0p5C_cell3|3603|2023-08-26T12:44:16|2023-08-26T14:11:16|#|102Ah_45degC_0p5C_cell3|3604|2023-08-26T16:35:50|2023-08-26T18:02:50|#|102Ah_45degC_0p5C_cell3|3605|2023-08-26T20:27:24|2023-08-26T21:54:24|#|102Ah_45degC_0p5C_cell3|3606|2023-08-27T00:18:55|2023-08-27T01:45:55,2023-08-27T01:45:55,0.0
M6_event_stress_v1,contiguous_missing_20pct,102Ah_45degC_0p5C_cell3,3740,27,69.51895676091186,66.665,ridge_event_replay,5,102Ah_45degC_0p5C_cell3|3736|2023-09-16T16:04:29|2023-09-16T17:28:29|#|102Ah_45degC_0p5C_cell3|3737|2023-09-16T19:50:32|2023-09-16T21:14:54|#|102Ah_45degC_0p5C_cell3|3738|2023-09-16T23:36:34|2023-09-17T01:00:33|#|102Ah_45degC_0p5C_cell3|3739|2023-09-17T03:22:31|2023-09-17T04:46:31|#|102Ah_45degC_0p5C_cell3|3740|2023-09-17T07:08:28|2023-09-17T08:32:28,2023-09-17T08:32:28,0.0
M6_event_stress_v1,contiguous_missing_20pct,102Ah_45degC_0p5C_cell3,3870,28,67.25249906058144,64.205,ridge_event_replay,5,102Ah_45degC_0p5C_cell3|3861|2023-10-17T09:49:30|2023-10-17T11:10:29|#|102Ah_45degC_0p5C_cell3|3862|2023-10-17T13:29:38|2023-10-17T14:50:38|#|102Ah_45degC_0p5C_cell3|3863|2023-10-17T17:09:45|2023-10-17T18:30:45|#|102Ah_45degC_0p5C_cell3|3864|2023-10-17T20:49:48|2023-10-17T22:10:48|#|102Ah_45degC_0p5C_cell3|3865|2023-10-18T00:29:50|2023-10-18T01:50:50,2023-10-18T01:50:50,0.0
M6_event_stress_v1,contiguous_missing_20pct,102Ah_45degC_0p5C_cell3,4292,29,66.59835800764242,63.18,ridge_event_replay,0,,2023-10-18T01:50:50,0.0
M6_event_stress_v1,contiguous_missing_20pct,102Ah_45degC_0p5C_cell3,4018,30,64.92004995619317,61.901,ridge_event_replay,5,102Ah_45degC_0p5C_cell3|4014|2023-11-10T14:19:06|2023-11-10T15:37:06|#|102Ah_45degC_0p5C_cell3|4015|2023-11-10T17:53:24|2023-11-10T19:11:24|#|102Ah_45degC_0p5C_cell3|4016|2023-11-10T21:27:41|2023-11-10T22:45:40|#|102Ah_45degC_0p5C_cell3|4017|2023-11-11T01:01:51|2023-11-11T02:19:51|#|102Ah_45degC_0p5C_cell3|4018|2023-11-11T04:36:03|2023-11-11T05:54:03,2023-11-11T05:54:03,0.0
M6_event_stress_v1,temperature_event_shift_1,102Ah_45degC_0p5C_cell3,217,1,96.82961225487391,97.213,ridge_event_replay,5,102Ah_45degC_0p5C_cell3|213|2021-07-02T21:15:41|2021-07-02T23:15:53|#|102Ah_45degC_0p5C_cell3|214|2021-07-03T02:14:57|2021-07-03T04:14:57|#|102Ah_45degC_0p5C_cell3|215|2021-07-03T07:14:10|2021-07-03T09:14:12|#|102Ah_45degC_0p5C_cell3|216|2021-07-03T12:13:23|2021-07-03T14:13:23|#|102Ah_45degC_0p5C_cell3|217|2021-07-03T17:12:33|2021-07-03T19:12:33,2021-07-03T19:12:33,0.0
M6_event_stress_v1,temperature_event_shift_1,102Ah_45degC_0p5C_cell3,350,2,95.46180075266591,96.093,ridge_event_replay,5,102Ah_45degC_0p5C_cell3|346|2021-07-31T04:02:20|2021-07-31T06:01:15|#|102Ah_45degC_0p5C_cell3|347|2021-07-31T08:58:56|2021-07-31T10:57:27|#|102Ah_45degC_0p5C_cell3|348|2021-07-31T13:55:33|2021-07-31T15:54:02|#|102Ah_45degC_0p5C_cell3|349|2021-07-31T18:52:08|2021-07-31T20:50:37|#|102Ah_45degC_0p5C_cell3|350|2021-07-31T23:48:41|2021-08-01T01:47:11,2021-08-01T01:47:11,0.0
M6_event_stress_v1,temperature_event_shift_1,102Ah_45degC_0p5C_cell3,483,3,94.49525377427986,95.183,ridge_event_replay,5,102Ah_45degC_0p5C_cell3|479|2021-08-27T12:04:34|2021-08-27T14:02:04|#|102Ah_45degC_0p5C_cell3|480|2021-08-27T16:59:02|2021-08-27T18:56:33|#|102Ah_45degC_0p5C_cell3|481|2021-08-27T21:53:29|2021-08-27T23:51:21|#|102Ah_45degC_0p5C_cell3|482|2021-08-28T02:47:55|2021-08-28T04:45:25|#|102Ah_45degC_0p5C_cell3|483|2021-08-28T07:42:19|2021-08-28T09:39:50,2021-08-28T09:39:50,0.0
M6_event_stress_v1,temperature_event_shift_1,102Ah_45degC_0p5C_cell3,620,4,94.51978960164848,94.405,ridge_event_replay,5,102Ah_45degC_0p5C_cell3|616|2021-09-26T00:51:29|2021-09-26T02:48:27|#|102Ah_45degC_0p5C_cell3|617|2021-09-26T05:44:02|2021-09-26T07:41:00|#|102Ah_45degC_0p5C_cell3|618|2021-09-26T10:36:35|2021-09-26T12:33:05|#|102Ah_45degC_0p5C_cell3|619|2021-09-26T15:29:06|2021-09-26T17:26:03|#|102Ah_45degC_0p5C_cell3|620|2021-09-26T20:21:37|2021-09-26T22:18:34,2021-09-26T22:18:34,0.0
M6_event_stress_v1,temperature_event_shift_1,102Ah_45degC_0p5C_cell3,754,5,93.01758867666302,93.579,ridge_event_replay,5,102Ah_45degC_0p5C_cell3|750|2021-10-31T09:10:25|2021-10-31T11:06:28|#|102Ah_45degC_0p5C_cell3|751|2021-10-31T14:01:04|2021-10-31T15:57:05|#|102Ah_45degC_0p5C_cell3|752|2021-10-31T18:51:42|2021-10-31T20:47:41|#|102Ah_45degC_0p5C_cell3|753|2021-10-31T23:42:18|2021-11-01T01:38:18|#|102Ah_45degC_0p5C_cell3|754|2021-11-01T04:32:54|2021-11-01T06:28:54,2021-11-01T06:28:54,0.0
M6_event_stress_v1,temperature_event_shift_1,102Ah_45degC_0p5C_cell3,888,6,92.82960355482857,92.867,ridge_event_replay,5,102Ah_45degC_0p5C_cell3|884|2021-11-27T09:04:38|2021-11-27T10:59:50|#|102Ah_45degC_0p5C_cell3|885|2021-11-27T13:53:32|2021-11-27T15:48:32|#|102Ah_45degC_0p5C_cell3|886|2021-11-27T18:42:25|2021-11-27T20:37:35|#|102Ah_45degC_0p5C_cell3|887|2021-11-27T23:31:16|2021-11-28T01:26:17|#|102Ah_45degC_0p5C_cell3|888|2021-11-28T04:20:08|2021-11-28T06:15:08,2021-11-28T06:15:08,0.0
M6_event_stress_v1,temperature_event_shift_1,102Ah_45degC_0p5C_cell3,1023,7,92.44850009173545,92.307,ridge_event_replay,5,102Ah_45degC_0p5C_cell3|1019|2022-01-20T12:54:31|2022-01-20T14:48:01|#|102Ah_45degC_0p5C_cell3|1020|2022-01-20T18:56:24|2022-01-20T20:50:24|#|102Ah_45degC_0p5C_cell3|1021|2022-01-20T23:43:53|2022-01-21T01:38:25|#|102Ah_45degC_0p5C_cell3|1022|2022-01-21T04:31:27|2022-01-21T06:25:58|#|102Ah_45degC_0p5C_cell3|1023|2022-01-21T09:18:57|2022-01-21T11:13:27,2022-01-21T11:13:27,0.0
M6_event_stress_v1,temperature_event_shift_1,102Ah_45degC_0p5C_cell3,1168,8,91.18927589836593,91.334,ridge_event_replay,5,102Ah_45degC_0p5C_cell3|1164|2022-03-08T01:18:56|2022-03-08T03:12:18|#|102Ah_45degC_0p5C_cell3|1165|2022-03-08T06:04:07|2022-03-08T07:57:07|#|102Ah_45degC_0p5C_cell3|1166|2022-03-08T10:49:19|2022-03-08T12:42:40|#|102Ah_45degC_0p5C_cell3|1167|2022-03-08T15:34:29|2022-03-08T17:27:29|#|102Ah_45degC_0p5C_cell3|1168|2022-03-08T20:19:39|2022-03-08T22:13:00,2022-03-08T22:13:00,0.0
M6_event_stress_v1,temperature_event_shift_1,102Ah_45degC_0p5C_cell3,1314,9,90.67443159385144,90.546,ridge_event_replay,5,102Ah_45degC_0p5C_cell3|1310|2022-04-05T22:16:07|2022-04-06T00:08:32|#|102Ah_45degC_0p5C_cell3|1311|2022-04-06T02:59:23|2022-04-06T04:51:46|#|102Ah_45degC_0p5C_cell3|1312|2022-04-06T07:42:36|2022-04-06T09:34:38|#|102Ah_45degC_0p5C_cell3|1313|2022-04-06T12:25:51|2022-04-06T14:18:14|#|102Ah_45degC_0p5C_cell3|1314|2022-04-06T17:09:02|2022-04-06T19:01:02,2022-04-06T19:01:02,0.0
M6_event_stress_v1,temperature_event_shift_1,102Ah_45degC_0p5C_cell3,1457,10,89.37450222230042,89.71,ridge_event_replay,4,102Ah_45degC_0p5C_cell3|1449|2022-05-10T18:50:05|2022-05-10T19:47:35|#|102Ah_45degC_0p5C_cell3|1455|2022-05-10T22:37:28|2022-05-11T00:28:45|#|102Ah_45degC_0p5C_cell3|1456|2022-05-11T03:18:32|2022-05-11T05:09:52|#|102Ah_45degC_0p5C_cell3|1457|2022-05-11T07:59:39|2022-05-11T09:51:01,2022-05-11T09:51:01,0.0
M6_event_stress_v1,temperature_event_shift_1,102Ah_45degC_0p5C_cell3,1605,11,88.55238726619001,88.797,ridge_event_replay,5,102Ah_45degC_0p5C_cell3|1601|2022-06-14T01:08:45|2022-06-14T02:59:02|#|102Ah_45degC_0p5C_cell3|1602|2022-06-14T05:47:45|2022-06-14T07:38:02|#|102Ah_45degC_0p5C_cell3|1603|2022-06-14T10:26:46|2022-06-14T12:16:46|#|102Ah_45degC_0p5C_cell3|1604|2022-06-14T15:05:45|2022-06-14T16:55:45|#|102Ah_45degC_0p5C_cell3|1605|2022-06-14T19:44:44|2022-06-14T21:35:00,2022-06-14T21:35:00,0.0
M6_event_stress_v1,temperature_event_shift_1,102Ah_45degC_0p5C_cell3,1739,12,87.6070685450658,88.025,ridge_event_replay,5,102Ah_45degC_0p5C_cell3|1735|2022-07-10T23:45:11|2022-07-11T01:34:11|#|102Ah_45degC_0p5C_cell3|1736|2022-07-11T04:22:21|2022-07-11T06:11:21|#|102Ah_45degC_0p5C_cell3|1737|2022-07-11T08:59:31|2022-07-11T10:48:55|#|102Ah_45degC_0p5C_cell3|1738|2022-07-11T13:36:40|2022-07-11T15:26:02|#|102Ah_45degC_0p5C_cell3|1739|2022-07-11T18:13:49|2022-07-11T20:02:49,2022-07-11T20:02:49,0.0
M6_event_stress_v1,temperature_event_shift_1,102Ah_45degC_0p5C_cell3,1872,13,86.98968716901786,87.256,ridge_event_replay,5,102Ah_45degC_0p5C_cell3|1868|2022-08-05T14:14:24|2022-08-05T16:02:24|#|102Ah_45degC_0p5C_cell3|1869|2022-08-05T18:49:41|2022-08-05T20:37:41|#|102Ah_45degC_0p5C_cell3|1870|2022-08-05T23:24:57|2022-08-06T01:13:23|#|102Ah_45degC_0p5C_cell3|1871|2022-08-06T04:00:12|2022-08-06T05:48:12|#|102Ah_45degC_0p5C_cell3|1872|2022-08-06T08:35:27|2022-08-06T10:23:28,2022-08-06T10:23:28,0.0
M6_event_stress_v1,temperature_event_shift_1,102Ah_45degC_0p5C_cell3,2005,14,86.24235115439159,86.448,ridge_event_replay,5,102Ah_45degC_0p5C_cell3|2001|2022-08-31T10:09:06|2022-08-31T11:56:06|#|102Ah_45degC_0p5C_cell3|2002|2022-08-31T14:42:26|2022-08-31T16:29:54|#|102Ah_45degC_0p5C_cell3|2003|2022-08-31T19:15:45|2022-08-31T21:02:45|#|102Ah_45degC_0p5C_cell3|2004|2022-08-31T23:49:04|2022-09-01T01:36:32|#|102Ah_45degC_0p5C_cell3|2005|2022-09-01T04:22:21|2022-09-01T06:09:48,2022-09-01T06:09:48,0.0
M6_event_stress_v1,temperature_event_shift_1,102Ah_45degC_0p5C_cell3,2138,15,85.81129662446834,85.454,ridge_event_replay,5,102Ah_45degC_0p5C_cell3|2134|2022-09-25T18:39:23|2022-09-25T20:25:23|#|102Ah_45degC_0p5C_cell3|2135|2022-09-25T23:10:42|2022-09-26T00:57:11|#|102Ah_45degC_0p5C_cell3|2136|2022-09-26T03:42:02|2022-09-26T05:28:02|#|102Ah_45degC_0p5C_cell3|2137|2022-09-26T08:13:20|2022-09-26T09:59:21|#|102Ah_45degC_0p5C_cell3|2138|2022-09-26T12:44:38|2022-09-26T14:31:05,2022-09-26T14:31:05,0.0
M6_event_stress_v1,temperature_event_shift_1,102Ah_45degC_0p5C_cell3,2272,16,85.20319098055333,84.767,ridge_event_replay,5,102Ah_45degC_0p5C_cell3|2268|2022-10-30T02:22:05|2022-10-30T04:07:33|#|102Ah_45degC_0p5C_cell3|2269|2022-10-30T06:51:19|2022-10-30T08:36:47|#|102Ah_45degC_0p5C_cell3|2270|2022-10-30T11:20:34|2022-10-30T13:06:01|#|102Ah_45degC_0p5C_cell3|2271|2022-10-30T15:49:47|2022-10-30T17:35:13|#|102Ah_45degC_0p5C_cell3|2272|2022-10-30T20:18:59|2022-10-30T22:03:59,2022-10-30T22:03:59,0.0
M6_event_stress_v1,temperature_event_shift_1,102Ah_45degC_0p5C_cell3,2405,17,84.4588295850201,83.861,ridge_event_replay,5,102Ah_45degC_0p5C_cell3|2401|2022-11-27T08:07:09|2022-11-27T09:51:31|#|102Ah_45degC_0p5C_cell3|2402|2022-11-27T12:34:12|2022-11-27T14:18:33|#|102Ah_45degC_0p5C_cell3|2403|2022-11-27T17:01:13|2022-11-27T18:45:14|#|102Ah_45degC_0p5C_cell3|2404|2022-11-27T21:28:14|2022-11-27T23:12:33|#|102Ah_45degC_0p5C_cell3|2405|2022-11-28T01:55:13|2022-11-28T03:39:31,2022-11-28T03:39:31,0.0
M6_event_stress_v1,temperature_event_shift_1,102Ah_45degC_0p5C_cell3,2538,18,83.18892763702439,82.921,ridge_event_replay,5,102Ah_45degC_0p5C_cell3|2534|2022-12-21T21:50:55|2022-12-21T23:34:07|#|102Ah_45degC_0p5C_cell3|2535|2022-12-22T02:15:40|2022-12-22T03:58:51|#|102Ah_45degC_0p5C_cell3|2536|2022-12-22T06:40:23|2022-12-22T08:23:23|#|102Ah_45degC_0p5C_cell3|2537|2022-12-22T11:05:06|2022-12-22T12:48:16|#|102Ah_45degC_0p5C_cell3|2538|2022-12-22T15:29:47|2022-12-22T17:12:47,2022-12-22T17:12:47,0.0
M6_event_stress_v1,temperature_event_shift_1,102Ah_45degC_0p5C_cell3,2671,19,82.35471997212656,81.859,ridge_event_replay,5,102Ah_45degC_0p5C_cell3|2667|2023-01-15T08:04:35|2023-01-15T09:46:33|#|102Ah_45degC_0p5C_cell3|2668|2023-01-15T12:26:48|2023-01-15T14:08:44|#|102Ah_45degC_0p5C_cell3|2669|2023-01-15T16:48:59|2023-01-15T18:30:55|#|102Ah_45degC_0p5C_cell3|2670|2023-01-15T21:11:10|2023-01-15T22:52:39|#|102Ah_45degC_0p5C_cell3|2671|2023-01-16T01:33:19|2023-01-16T03:15:13,2023-01-16T03:15:13,0.0
M6_event_stress_v1,temperature_event_shift_1,102Ah_45degC_0p5C_cell3,2805,20,81.22945589063004,80.568,ridge_event_replay,5,102Ah_45degC_0p5C_cell3|2801|2023-02-18T10:04:30|2023-02-18T11:44:30|#|102Ah_45degC_0p5C_cell3|2802|2023-02-18T14:23:38|2023-02-18T16:03:38|#|102Ah_45degC_0p5C_cell3|2803|2023-02-18T18:42:45|2023-02-18T20:23:11|#|102Ah_45degC_0p5C_cell3|2804|2023-02-18T23:01:50|2023-02-19T00:41:51|#|102Ah_45degC_0p5C_cell3|2805|2023-02-19T03:20:55|2023-02-19T05:00:54,2023-02-19T05:00:54,0.0
M6_event_stress_v1,temperature_event_shift_1,102Ah_45degC_0p5C_cell3,2939,21,79.70314840299005,78.862,ridge_event_replay,5,102Ah_45degC_0p5C_cell3|2935|2023-03-28T08:41:39|2023-03-28T10:19:40|#|102Ah_45degC_0p5C_cell3|2936|2023-03-28T12:56:45|2023-03-28T14:35:15|#|102Ah_45degC_0p5C_cell3|2937|2023-03-28T17:11:50|2023-03-28T18:50:19|#|102Ah_45degC_0p5C_cell3|2938|2023-03-28T21:26:54|2023-03-28T23:05:21|#|102Ah_45degC_0p5C_cell3|2939|2023-03-29T01:41:55|2023-03-29T03:20:22,2023-03-29T03:20:22,0.0
M6_event_stress_v1,temperature_event_shift_1,102Ah_45degC_0p5C_cell3,3072,22,78.60530984971254,77.351,ridge_event_replay,5,102Ah_45degC_0p5C_cell3|3068|2023-04-20T19:19:15|2023-04-20T20:56:07|#|102Ah_45degC_0p5C_cell3|3069|2023-04-20T23:30:53|2023-04-21T01:07:23|#|102Ah_45degC_0p5C_cell3|3070|2023-04-21T03:42:29|2023-04-21T05:19:20|#|102Ah_45degC_0p5C_cell3|3071|2023-04-21T07:54:03|2023-04-21T09:30:55|#|102Ah_45degC_0p5C_cell3|3072|2023-04-21T12:05:37|2023-04-21T13:42:07,2023-04-21T13:42:07,0.0
M6_event_stress_v1,temperature_event_shift_1,102Ah_45degC_0p5C_cell3,3205,23,77.60064140156175,75.585,ridge_event_replay,5,102Ah_45degC_0p5C_cell3|3201|2023-05-20T20:41:57|2023-05-20T22:16:50|#|102Ah_45degC_0p5C_cell3|3202|2023-05-21T00:49:25|2023-05-21T02:23:55|#|102Ah_45degC_0p5C_cell3|3203|2023-05-21T04:56:51|2023-05-21T06:31:20|#|102Ah_45degC_0p5C_cell3|3204|2023-05-21T09:04:15|2023-05-21T10:38:44|#|102Ah_45degC_0p5C_cell3|3205|2023-05-21T13:11:37|2023-05-21T14:46:26,2023-05-21T14:46:26,0.0
M6_event_stress_v1,temperature_event_shift_1,102Ah_45degC_0p5C_cell3,3340,24,75.60770060767237,73.377,ridge_event_replay,5,102Ah_45degC_0p5C_cell3|3336|2023-07-10T01:50:45|2023-07-10T03:22:44|#|102Ah_45degC_0p5C_cell3|3337|2023-07-10T05:52:43|2023-07-10T07:24:43|#|102Ah_45degC_0p5C_cell3|3338|2023-07-10T09:54:40|2023-07-10T11:26:39|#|102Ah_45degC_0p5C_cell3|3339|2023-07-10T13:56:34|2023-07-10T15:28:34|#|102Ah_45degC_0p5C_cell3|3340|2023-07-10T17:58:27|2023-07-10T19:30:26,2023-07-10T19:30:26,0.0
M6_event_stress_v1,temperature_event_shift_1,102Ah_45degC_0p5C_cell3,3473,25,73.73230292984579,71.212,ridge_event_replay,5,102Ah_45degC_0p5C_cell3|3469|2023-08-04T17:07:07|2023-08-04T18:36:37|#|102Ah_45degC_0p5C_cell3|3470|2023-08-04T21:04:03|2023-08-04T22:33:33|#|102Ah_45degC_0p5C_cell3|3471|2023-08-05T01:00:58|2023-08-05T02:30:28|#|102Ah_45degC_0p5C_cell3|3472|2023-08-05T04:57:50|2023-08-05T06:27:20|#|102Ah_45degC_0p5C_cell3|3473|2023-08-05T08:54:41|2023-08-05T10:24:10,2023-08-05T10:24:10,0.0
M6_event_stress_v1,temperature_event_shift_1,102Ah_45degC_0p5C_cell3,3606,26,72.12102421833754,68.96,ridge_event_replay,5,102Ah_45degC_0p5C_cell3|3602|2023-08-26T08:52:39|2023-08-26T10:19:38|#|102Ah_45degC_0p5C_cell3|3603|2023-08-26T12:44:16|2023-08-26T14:11:16|#|102Ah_45degC_0p5C_cell3|3604|2023-08-26T16:35:50|2023-08-26T18:02:50|#|102Ah_45degC_0p5C_cell3|3605|2023-08-26T20:27:24|2023-08-26T21:54:24|#|102Ah_45degC_0p5C_cell3|3606|2023-08-27T00:18:55|2023-08-27T01:45:55,2023-08-27T01:45:55,0.0
M6_event_stress_v1,temperature_event_shift_1,102Ah_45degC_0p5C_cell3,3740,27,69.94915539246828,66.665,ridge_event_replay,5,102Ah_45degC_0p5C_cell3|3736|2023-09-16T16:04:29|2023-09-16T17:28:29|#|102Ah_45degC_0p5C_cell3|3737|2023-09-16T19:50:32|2023-09-16T21:14:54|#|102Ah_45degC_0p5C_cell3|3738|2023-09-16T23:36:34|2023-09-17T01:00:33|#|102Ah_45degC_0p5C_cell3|3739|2023-09-17T03:22:31|2023-09-17T04:46:31|#|102Ah_45degC_0p5C_cell3|3740|2023-09-17T07:08:28|2023-09-17T08:32:28,2023-09-17T08:32:28,0.0
M6_event_stress_v1,temperature_event_shift_1,102Ah_45degC_0p5C_cell3,3870,28,67.72002126612804,64.205,ridge_event_replay,5,102Ah_45degC_0p5C_cell3|3861|2023-10-17T09:49:30|2023-10-17T11:10:29|#|102Ah_45degC_0p5C_cell3|3862|2023-10-17T13:29:38|2023-10-17T14:50:38|#|102Ah_45degC_0p5C_cell3|3863|2023-10-17T17:09:45|2023-10-17T18:30:45|#|102Ah_45degC_0p5C_cell3|3864|2023-10-17T20:49:48|2023-10-17T22:10:48|#|102Ah_45degC_0p5C_cell3|3865|2023-10-18T00:29:50|2023-10-18T01:50:50,2023-10-18T01:50:50,0.0
M6_event_stress_v1,temperature_event_shift_1,102Ah_45degC_0p5C_cell3,4292,29,67.06588021318899,63.18,ridge_event_replay,0,,2023-10-18T01:50:50,0.0
M6_event_stress_v1,temperature_event_shift_1,102Ah_45degC_0p5C_cell3,4018,30,65.39632380294965,61.901,ridge_event_replay,5,102Ah_45degC_0p5C_cell3|4014|2023-11-10T14:19:06|2023-11-10T15:37:06|#|102Ah_45degC_0p5C_cell3|4015|2023-11-10T17:53:24|2023-11-10T19:11:24|#|102Ah_45degC_0p5C_cell3|4016|2023-11-10T21:27:41|2023-11-10T22:45:40|#|102Ah_45degC_0p5C_cell3|4017|2023-11-11T01:01:51|2023-11-11T02:19:51|#|102Ah_45degC_0p5C_cell3|4018|2023-11-11T04:36:03|2023-11-11T05:54:03,2023-11-11T05:54:03,0.0
M6_event_stress_v1,clean_event_replay,102Ah_45degC_1C_cell1,118,1,97.63698220530182,98.462,ridge_event_replay,5,102Ah_45degC_1C_cell1|114|2021-05-15T15:37:22|2021-05-15T16:39:21|#|102Ah_45degC_1C_cell1|115|2021-05-15T18:39:44|2021-05-15T19:41:44|#|102Ah_45degC_1C_cell1|116|2021-05-15T21:42:05|2021-05-15T22:44:05|#|102Ah_45degC_1C_cell1|117|2021-05-16T00:44:25|2021-05-16T01:46:25|#|102Ah_45degC_1C_cell1|118|2021-05-16T03:46:44|2021-05-16T04:48:44,2021-05-16T04:48:44,0.0
M6_event_stress_v1,clean_event_replay,102Ah_45degC_1C_cell1,190,2,97.03639448678813,97.488,ridge_event_replay,5,102Ah_45degC_1C_cell1|186|2021-05-24T23:02:33|2021-05-25T00:04:02|#|102Ah_45degC_1C_cell1|187|2021-05-25T02:03:48|2021-05-25T03:05:18|#|102Ah_45degC_1C_cell1|188|2021-05-25T05:05:02|2021-05-25T06:06:32|#|102Ah_45degC_1C_cell1|189|2021-05-25T08:06:15|2021-05-25T09:07:45|#|102Ah_45degC_1C_cell1|190|2021-05-25T11:07:28|2021-05-25T12:08:58,2021-05-25T12:08:58,0.0
M6_event_stress_v1,clean_event_replay,102Ah_45degC_1C_cell1,262,3,96.39011610562704,96.668,ridge_event_replay,5,102Ah_45degC_1C_cell1|258|2021-06-02T23:56:04|2021-06-03T00:57:04|#|102Ah_45degC_1C_cell1|259|2021-06-03T02:56:23|2021-06-03T03:57:23|#|102Ah_45degC_1C_cell1|260|2021-06-03T05:56:41|2021-06-03T06:57:41|#|102Ah_45degC_1C_cell1|261|2021-06-03T08:56:58|2021-06-03T09:57:58|#|102Ah_45degC_1C_cell1|262|2021-06-03T11:57:14|2021-06-03T12:58:14,2021-06-03T12:58:14,0.0
M6_event_stress_v1,clean_event_replay,102Ah_45degC_1C_cell1,334,4,95.61249305701865,96.07,ridge_event_replay,5,102Ah_45degC_1C_cell1|330|2021-06-11T23:54:47|2021-06-12T00:55:17|#|102Ah_45degC_1C_cell1|331|2021-06-12T02:54:23|2021-06-12T03:54:52|#|102Ah_45degC_1C_cell1|332|2021-06-12T05:53:57|2021-06-12T06:54:27|#|102Ah_45degC_1C_cell1|333|2021-06-12T08:53:31|2021-06-12T09:54:01|#|102Ah_45degC_1C_cell1|334|2021-06-12T11:53:06|2021-06-12T12:53:36,2021-06-12T12:53:36,0.0
M6_event_stress_v1,clean_event_replay,102Ah_45degC_1C_cell1,406,5,94.90491597491169,95.532,ridge_event_replay,5,102Ah_45degC_1C_cell1|402|2021-06-22T20:12:44|2021-06-22T21:12:44|#|102Ah_45degC_1C_cell1|403|2021-06-22T23:11:42|2021-06-23T00:11:42|#|102Ah_45degC_1C_cell1|404|2021-06-23T02:10:39|2021-06-23T03:10:39|#|102Ah_45degC_1C_cell1|405|2021-06-23T05:09:36|2021-06-23T06:09:36|#|102Ah_45degC_1C_cell1|406|2021-06-23T08:08:33|2021-06-23T09:08:33,2021-06-23T09:08:33,0.0
M6_event_stress_v1,clean_event_replay,102Ah_45degC_1C_cell1,478,6,94.84378880912635,95.047,ridge_event_replay,5,102Ah_45degC_1C_cell1|474|2021-07-01T18:37:55|2021-07-01T19:37:54|#|102Ah_45degC_1C_cell1|475|2021-07-01T21:36:18|2021-07-01T22:36:18|#|102Ah_45degC_1C_cell1|476|2021-07-02T00:34:42|2021-07-02T01:34:42|#|102Ah_45degC_1C_cell1|477|2021-07-02T03:33:04|2021-07-02T04:33:04|#|102Ah_45degC_1C_cell1|478|2021-07-02T06:31:26|2021-07-02T07:31:26,2021-07-02T07:31:26,0.0
M6_event_stress_v1,clean_event_replay,102Ah_45degC_1C_cell1,551,7,94.18033863786802,94.61,ridge_event_replay,5,102Ah_45degC_1C_cell1|547|2021-07-11T17:51:55|2021-07-11T18:51:55|#|102Ah_45degC_1C_cell1|548|2021-07-11T20:49:50|2021-07-11T21:49:50|#|102Ah_45degC_1C_cell1|549|2021-07-11T23:47:45|2021-07-12T00:47:15|#|102Ah_45degC_1C_cell1|550|2021-07-12T02:45:39|2021-07-12T03:45:09|#|102Ah_45degC_1C_cell1|551|2021-07-12T05:43:32|2021-07-12T06:43:02,2021-07-12T06:43:02,0.0
M6_event_stress_v1,clean_event_replay,102Ah_45degC_1C_cell1,624,8,93.5066597509101,94.15,ridge_event_replay,5,102Ah_45degC_1C_cell1|620|2021-07-20T23:50:04|2021-07-21T00:49:34|#|102Ah_45degC_1C_cell1|621|2021-07-21T02:47:27|2021-07-21T03:46:57|#|102Ah_45degC_1C_cell1|622|2021-07-21T05:44:49|2021-07-21T06:44:19|#|102Ah_45degC_1C_cell1|623|2021-07-21T08:42:11|2021-07-21T09:41:40|#|102Ah_45degC_1C_cell1|624|2021-07-21T11:39:32|2021-07-21T12:39:02,2021-07-21T12:39:02,0.0
M6_event_stress_v1,clean_event_replay,102Ah_45degC_1C_cell1,698,9,93.30658564191594,93.732,ridge_event_replay,5,102Ah_45degC_1C_cell1|694|2021-07-30T02:16:22|2021-07-30T03:15:22|#|102Ah_45degC_1C_cell1|695|2021-07-30T05:13:13|2021-07-30T06:12:13|#|102Ah_45degC_1C_cell1|696|2021-07-30T08:10:04|2021-07-30T09:09:04|#|102Ah_45degC_1C_cell1|697|2021-07-30T11:06:54|2021-07-30T12:05:54|#|102Ah_45degC_1C_cell1|698|2021-07-30T14:03:44|2021-07-30T15:02:44,2021-07-30T15:02:44,0.0
M6_event_stress_v1,clean_event_replay,102Ah_45degC_1C_cell1,770,10,92.6348429806515,93.34,ridge_event_replay,5,102Ah_45degC_1C_cell1|766|2021-08-07T22:12:52|2021-08-07T23:11:52|#|102Ah_45degC_1C_cell1|767|2021-08-08T01:09:17|2021-08-08T02:08:16|#|102Ah_45degC_1C_cell1|768|2021-08-08T04:05:39|2021-08-08T05:04:39|#|102Ah_45degC_1C_cell1|769|2021-08-08T07:02:01|2021-08-08T08:01:01|#|102Ah_45degC_1C_cell1|770|2021-08-08T09:58:23|2021-08-08T10:57:23,2021-08-08T10:57:23,0.0
M6_event_stress_v1,clean_event_replay,102Ah_45degC_1C_cell1,845,11,92.52970524586745,92.94,ridge_event_replay,5,102Ah_45degC_1C_cell1|841|2021-08-17T02:23:17|2021-08-17T03:22:16|#|102Ah_45degC_1C_cell1|842|2021-08-17T05:19:09|2021-08-17T06:18:09|#|102Ah_45degC_1C_cell1|843|2021-08-17T08:15:03|2021-08-17T09:14:03|#|102Ah_45degC_1C_cell1|844|2021-08-17T11:10:55|2021-08-17T12:09:55|#|102Ah_45degC_1C_cell1|845|2021-08-17T17:02:40|2021-08-17T18:01:10,2021-08-17T18:01:10,0.0
M6_event_stress_v1,clean_event_replay,102Ah_45degC_1C_cell1,918,12,91.92301280411337,92.564,ridge_event_replay,5,102Ah_45degC_1C_cell1|914|2021-08-26T00:07:24|2021-08-26T01:05:54|#|102Ah_45degC_1C_cell1|915|2021-08-26T03:02:50|2021-08-26T04:01:20|#|102Ah_45degC_1C_cell1|916|2021-08-26T05:58:17|2021-08-26T06:56:46|#|102Ah_45degC_1C_cell1|917|2021-08-26T08:53:43|2021-08-26T09:52:13|#|102Ah_45degC_1C_cell1|918|2021-08-26T11:49:07|2021-08-26T12:47:37,2021-08-26T12:47:37,0.0
M6_event_stress_v1,clean_event_replay,102Ah_45degC_1C_cell1,991,13,91.66103011478738,92.197,ridge_event_replay,5,102Ah_45degC_1C_cell1|987|2021-09-03T21:18:36|2021-09-03T22:17:06|#|102Ah_45degC_1C_cell1|988|2021-09-04T00:13:37|2021-09-04T01:12:07|#|102Ah_45degC_1C_cell1|989|2021-09-04T03:08:35|2021-09-04T04:07:05|#|102Ah_45degC_1C_cell1|990|2021-09-04T06:03:34|2021-09-04T07:02:04|#|102Ah_45degC_1C_cell1|991|2021-09-04T08:58:32|2021-09-04T09:57:02,2021-09-04T09:57:02,0.0
M6_event_stress_v1,clean_event_replay,102Ah_45degC_1C_cell1,1065,14,91.01629494403659,91.821,ridge_event_replay,5,102Ah_45degC_1C_cell1|1061|2021-09-13T16:56:36|2021-09-13T17:54:36|#|102Ah_45degC_1C_cell1|1062|2021-09-13T19:51:09|2021-09-13T20:49:09|#|102Ah_45degC_1C_cell1|1063|2021-09-13T22:45:43|2021-09-13T23:43:43|#|102Ah_45degC_1C_cell1|1064|2021-09-14T01:40:15|2021-09-14T02:38:15|#|102Ah_45degC_1C_cell1|1065|2021-09-14T04:34:47|2021-09-14T05:32:47,2021-09-14T05:32:47,0.0
M6_event_stress_v1,clean_event_replay,102Ah_45degC_1C_cell1,1141,15,91.05448663426895,91.424,ridge_event_replay,5,102Ah_45degC_1C_cell1|1137|2021-09-22T21:44:05|2021-09-22T22:42:05|#|102Ah_45degC_1C_cell1|1138|2021-09-23T00:38:10|2021-09-23T01:36:10|#|102Ah_45degC_1C_cell1|1139|2021-09-23T03:32:13|2021-09-23T04:30:13|#|102Ah_45degC_1C_cell1|1140|2021-09-23T06:26:17|2021-09-23T07:24:17|#|102Ah_45degC_1C_cell1|1141|2021-09-23T09:20:19|2021-09-23T10:18:19,2021-09-23T10:18:19,0.0
M6_event_stress_v1,clean_event_replay,102Ah_45degC_1C_cell1,1219,16,90.34640015649217,90.943,ridge_event_replay,5,102Ah_45degC_1C_cell1|1215|2021-10-09T12:05:58|2021-10-09T13:03:28|#|102Ah_45degC_1C_cell1|1216|2021-10-09T14:59:26|2021-10-09T15:56:56|#|102Ah_45degC_1C_cell1|1217|2021-10-09T17:52:53|2021-10-09T18:50:23|#|102Ah_45degC_1C_cell1|1218|2021-10-09T20:46:21|2021-10-09T21:43:51|#|102Ah_45degC_1C_cell1|1219|2021-10-09T23:39:47|2021-10-10T00:37:16,2021-10-10T00:37:16,0.0
M6_event_stress_v1,clean_event_replay,102Ah_45degC_1C_cell1,1292,17,90.0658915268643,90.603,ridge_event_replay,5,102Ah_45degC_1C_cell1|1288|2021-10-18T07:59:55|2021-10-18T08:57:25|#|102Ah_45degC_1C_cell1|1289|2021-10-18T10:53:00|2021-10-18T11:50:30|#|102Ah_45degC_1C_cell1|1290|2021-10-18T13:46:03|2021-10-18T14:43:33|#|102Ah_45degC_1C_cell1|1291|2021-10-18T16:39:06|2021-10-18T17:36:36|#|102Ah_45degC_1C_cell1|1292|2021-10-18T19:32:08|2021-10-18T20:29:38,2021-10-18T20:29:38,0.0
M6_event_stress_v1,clean_event_replay,102Ah_45degC_1C_cell1,1368,18,91.12939159337108,90.278,ridge_event_replay,5,102Ah_45degC_1C_cell1|1364|2021-10-27T11:01:47|2021-10-27T11:58:47|#|102Ah_45degC_1C_cell1|1365|2021-10-27T13:54:10|2021-10-27T14:51:09|#|102Ah_45degC_1C_cell1|1366|2021-10-27T16:46:30|2021-10-27T17:43:29|#|102Ah_45degC_1C_cell1|1367|2021-10-27T19:38:51|2021-10-27T20:35:51|#|102Ah_45degC_1C_cell1|1368|2021-10-27T22:31:09|2021-10-27T23:28:09,2021-10-27T23:28:09,0.0
M6_event_stress_v1,clean_event_replay,102Ah_45degC_1C_cell1,1443,19,89.23275185746532,89.822,ridge_event_replay,5,102Ah_45degC_1C_cell1|1439|2021-11-05T10:26:28|2021-11-05T11:23:28|#|102Ah_45degC_1C_cell1|1440|2021-11-05T13:18:34|2021-11-05T14:15:34|#|102Ah_45degC_1C_cell1|1441|2021-11-05T16:10:40|2021-11-05T17:07:40|#|102Ah_45degC_1C_cell1|1442|2021-11-05T19:02:47|2021-11-05T19:59:47|#|102Ah_45degC_1C_cell1|1443|2021-11-05T21:54:53|2021-11-05T22:51:52,2021-11-05T22:51:52,0.0
M6_event_stress_v1,clean_event_replay,102Ah_45degC_1C_cell1,1521,20,88.56887705329287,89.494,ridge_event_replay,5,102Ah_45degC_1C_cell1|1517|2021-11-16T15:51:56|2021-11-16T16:48:26|#|102Ah_45degC_1C_cell1|1518|2021-11-16T18:43:39|2021-11-16T19:40:09|#|102Ah_45degC_1C_cell1|1519|2021-11-16T21:35:25|2021-11-16T22:31:55|#|102Ah_45degC_1C_cell1|1520|2021-11-17T00:27:07|2021-11-17T01:23:37|#|102Ah_45degC_1C_cell1|1521|2021-11-17T03:18:51|2021-11-17T04:15:21,2021-11-17T04:15:21,0.0
M6_event_stress_v1,clean_event_replay,102Ah_45degC_1C_cell1,1596,21,88.20039326749321,89.036,ridge_event_replay,5,102Ah_45degC_1C_cell1|1592|2021-12-01T00:54:00|2021-12-01T01:50:30|#|102Ah_45degC_1C_cell1|1593|2021-12-01T03:45:11|2021-12-01T04:41:41|#|102Ah_45degC_1C_cell1|1594|2021-12-01T06:36:21|2021-12-01T07:32:51|#|102Ah_45degC_1C_cell1|1595|2021-12-01T09:27:32|2021-12-01T10:24:02|#|102Ah_45degC_1C_cell1|1596|2021-12-01T12:18:43|2021-12-01T13:15:13,2021-12-01T13:15:13,0.0
M6_event_stress_v1,clean_event_replay,102Ah_45degC_1C_cell1,1670,22,88.09325783145916,88.696,ridge_event_replay,5,102Ah_45degC_1C_cell1|1666|2021-12-09T20:56:43|2021-12-09T21:53:13|#|102Ah_45degC_1C_cell1|1667|2021-12-09T23:47:31|2021-12-10T00:43:31|#|102Ah_45degC_1C_cell1|1668|2021-12-10T02:38:18|2021-12-10T03:34:48|#|102Ah_45degC_1C_cell1|1669|2021-12-10T05:29:05|2021-12-10T06:25:35|#|102Ah_45degC_1C_cell1|1670|2021-12-10T08:19:52|2021-12-10T09:15:52,2021-12-10T09:15:52,0.0
M6_event_stress_v1,clean_event_replay,102Ah_45degC_1C_cell1,1743,23,87.4501755572482,88.347,ridge_event_replay,5,102Ah_45degC_1C_cell1|1739|2021-12-18T12:28:53|2021-12-18T13:24:53|#|102Ah_45degC_1C_cell1|1740|2021-12-18T15:19:15|2021-12-18T16:15:15|#|102Ah_45degC_1C_cell1|1741|2021-12-18T18:09:36|2021-12-18T19:05:36|#|102Ah_45degC_1C_cell1|1742|2021-12-18T20:59:57|2021-12-18T21:55:57|#|102Ah_45degC_1C_cell1|1743|2021-12-18T23:50:17|2021-12-19T00:46:17,2021-12-19T00:46:17,0.0
M6_event_stress_v1,clean_event_replay,102Ah_45degC_1C_cell1,1815,24,87.41533539920289,88.0,ridge_event_replay,5,102Ah_45degC_1C_cell1|1811|2021-12-27T00:38:25|2021-12-27T01:34:24|#|102Ah_45degC_1C_cell1|1812|2021-12-27T03:28:20|2021-12-27T04:24:20|#|102Ah_45degC_1C_cell1|1813|2021-12-27T06:18:15|2021-12-27T07:14:15|#|102Ah_45degC_1C_cell1|1814|2021-12-27T09:08:11|2021-12-27T10:04:11|#|102Ah_45degC_1C_cell1|1815|2021-12-27T11:58:05|2021-12-27T12:54:05,2021-12-27T12:54:05,0.0
M6_event_stress_v1,clean_event_replay,102Ah_45degC_1C_cell1,1888,25,86.61544330692988,87.625,ridge_event_replay,5,102Ah_45degC_1C_cell1|1884|2022-01-04T15:22:21|2022-01-04T16:17:51|#|102Ah_45degC_1C_cell1|1885|2022-01-04T18:11:50|2022-01-04T19:07:20|#|102Ah_45degC_1C_cell1|1886|2022-01-04T21:01:19|2022-01-04T21:56:49|#|102Ah_45degC_1C_cell1|1887|2022-01-04T23:50:48|2022-01-05T00:46:17|#|102Ah_45degC_1C_cell1|1888|2022-01-05T02:40:16|2022-01-05T03:35:46,2022-01-05T03:35:46,0.0
M6_event_stress_v1,clean_event_replay,102Ah_45degC_1C_cell1,1962,26,86.60196125836086,87.258,ridge_event_replay,5,102Ah_45degC_1C_cell1|1957|2022-01-13T05:18:52|2022-01-13T06:14:22|#|102Ah_45degC_1C_cell1|1958|2022-01-13T10:56:59|2022-01-13T11:44:09|#|102Ah_45degC_1C_cell1|1960|2022-01-13T14:03:00|2022-01-13T14:58:30|#|102Ah_45degC_1C_cell1|1961|2022-01-13T16:52:01|2022-01-13T17:47:31|#|102Ah_45degC_1C_cell1|1962|2022-01-13T19:41:02|2022-01-13T20:36:32,2022-01-13T20:36:32,0.0
M6_event_stress_v1,clean_event_replay,102Ah_45degC_1C_cell1,2036,27,85.92633216799129,86.915,ridge_event_replay,5,102Ah_45degC_1C_cell1|2032|2022-01-23T20:59:07|2022-01-23T21:54:07|#|102Ah_45degC_1C_cell1|2033|2022-01-23T23:47:46|2022-01-24T00:42:46|#|102Ah_45degC_1C_cell1|2034|2022-01-24T02:36:25|2022-01-24T03:31:25|#|102Ah_45degC_1C_cell1|2035|2022-01-24T05:25:03|2022-01-24T06:20:03|#|102Ah_45degC_1C_cell1|2036|2022-01-24T08:13:41|2022-01-24T09:08:41,2022-01-24T09:08:41,0.0
M6_event_stress_v1,clean_event_replay,102Ah_45degC_1C_cell1,2122,28,85.80550108359871,86.361,ridge_event_replay,5,102Ah_45degC_1C_cell1|2118|2022-02-12T02:10:13|2022-02-12T03:05:13|#|102Ah_45degC_1C_cell1|2119|2022-02-12T04:58:11|2022-02-12T05:53:11|#|102Ah_45degC_1C_cell1|2120|2022-02-12T07:46:08|2022-02-12T08:41:08|#|102Ah_45degC_1C_cell1|2121|2022-02-12T10:34:06|2022-02-12T11:29:06|#|102Ah_45degC_1C_cell1|2122|2022-02-12T13:22:03|2022-02-12T14:17:03,2022-02-12T14:17:03,0.0
M6_event_stress_v1,clean_event_replay,102Ah_45degC_1C_cell1,2208,29,84.90270638995773,85.894,ridge_event_replay,5,102Ah_45degC_1C_cell1|2204|2022-02-23T08:27:51|2022-02-23T09:22:11|#|102Ah_45degC_1C_cell1|2205|2022-02-23T11:15:05|2022-02-23T12:09:34|#|102Ah_45degC_1C_cell1|2206|2022-02-23T14:02:28|2022-02-23T14:56:58|#|102Ah_45degC_1C_cell1|2207|2022-02-23T16:49:52|2022-02-23T17:44:21|#|102Ah_45degC_1C_cell1|2208|2022-02-23T19:37:13|2022-02-23T20:31:43,2022-02-23T20:31:43,0.0
M6_event_stress_v1,clean_event_replay,102Ah_45degC_1C_cell1,2280,30,84.82470417569427,85.512,ridge_event_replay,5,102Ah_45degC_1C_cell1|2276|2022-03-03T17:03:45|2022-03-03T17:58:15|#|102Ah_45degC_1C_cell1|2277|2022-03-03T19:50:42|2022-03-03T20:45:12|#|102Ah_45degC_1C_cell1|2278|2022-03-03T22:37:39|2022-03-03T23:32:09|#|102Ah_45degC_1C_cell1|2279|2022-03-04T01:24:30|2022-03-04T02:19:00|#|102Ah_45degC_1C_cell1|2280|2022-03-04T04:11:26|2022-03-04T05:05:56,2022-03-04T05:05:56,0.0
M6_event_stress_v1,bias_+1C,102Ah_45degC_1C_cell1,118,1,97.55868709069526,98.462,ridge_event_replay,5,102Ah_45degC_1C_cell1|114|2021-05-15T15:37:22|2021-05-15T16:39:21|#|102Ah_45degC_1C_cell1|115|2021-05-15T18:39:44|2021-05-15T19:41:44|#|102Ah_45degC_1C_cell1|116|2021-05-15T21:42:05|2021-05-15T22:44:05|#|102Ah_45degC_1C_cell1|117|2021-05-16T00:44:25|2021-05-16T01:46:25|#|102Ah_45degC_1C_cell1|118|2021-05-16T03:46:44|2021-05-16T04:48:44,2021-05-16T04:48:44,1.0
M6_event_stress_v1,bias_+1C,102Ah_45degC_1C_cell1,190,2,96.95809937218155,97.488,ridge_event_replay,5,102Ah_45degC_1C_cell1|186|2021-05-24T23:02:33|2021-05-25T00:04:02|#|102Ah_45degC_1C_cell1|187|2021-05-25T02:03:48|2021-05-25T03:05:18|#|102Ah_45degC_1C_cell1|188|2021-05-25T05:05:02|2021-05-25T06:06:32|#|102Ah_45degC_1C_cell1|189|2021-05-25T08:06:15|2021-05-25T09:07:45|#|102Ah_45degC_1C_cell1|190|2021-05-25T11:07:28|2021-05-25T12:08:58,2021-05-25T12:08:58,1.0
M6_event_stress_v1,bias_+1C,102Ah_45degC_1C_cell1,262,3,96.31182099102047,96.668,ridge_event_replay,5,102Ah_45degC_1C_cell1|258|2021-06-02T23:56:04|2021-06-03T00:57:04|#|102Ah_45degC_1C_cell1|259|2021-06-03T02:56:23|2021-06-03T03:57:23|#|102Ah_45degC_1C_cell1|260|2021-06-03T05:56:41|2021-06-03T06:57:41|#|102Ah_45degC_1C_cell1|261|2021-06-03T08:56:58|2021-06-03T09:57:58|#|102Ah_45degC_1C_cell1|262|2021-06-03T11:57:14|2021-06-03T12:58:14,2021-06-03T12:58:14,1.0
M6_event_stress_v1,bias_+1C,102Ah_45degC_1C_cell1,334,4,95.53419794241208,96.07,ridge_event_replay,5,102Ah_45degC_1C_cell1|330|2021-06-11T23:54:47|2021-06-12T00:55:17|#|102Ah_45degC_1C_cell1|331|2021-06-12T02:54:23|2021-06-12T03:54:52|#|102Ah_45degC_1C_cell1|332|2021-06-12T05:53:57|2021-06-12T06:54:27|#|102Ah_45degC_1C_cell1|333|2021-06-12T08:53:31|2021-06-12T09:54:01|#|102Ah_45degC_1C_cell1|334|2021-06-12T11:53:06|2021-06-12T12:53:36,2021-06-12T12:53:36,1.0
M6_event_stress_v1,bias_+1C,102Ah_45degC_1C_cell1,406,5,94.82662086030511,95.532,ridge_event_replay,5,102Ah_45degC_1C_cell1|402|2021-06-22T20:12:44|2021-06-22T21:12:44|#|102Ah_45degC_1C_cell1|403|2021-06-22T23:11:42|2021-06-23T00:11:42|#|102Ah_45degC_1C_cell1|404|2021-06-23T02:10:39|2021-06-23T03:10:39|#|102Ah_45degC_1C_cell1|405|2021-06-23T05:09:36|2021-06-23T06:09:36|#|102Ah_45degC_1C_cell1|406|2021-06-23T08:08:33|2021-06-23T09:08:33,2021-06-23T09:08:33,1.0
M6_event_stress_v1,bias_+1C,102Ah_45degC_1C_cell1,478,6,94.76549369451978,95.047,ridge_event_replay,5,102Ah_45degC_1C_cell1|474|2021-07-01T18:37:55|2021-07-01T19:37:54|#|102Ah_45degC_1C_cell1|475|2021-07-01T21:36:18|2021-07-01T22:36:18|#|102Ah_45degC_1C_cell1|476|2021-07-02T00:34:42|2021-07-02T01:34:42|#|102Ah_45degC_1C_cell1|477|2021-07-02T03:33:04|2021-07-02T04:33:04|#|102Ah_45degC_1C_cell1|478|2021-07-02T06:31:26|2021-07-02T07:31:26,2021-07-02T07:31:26,1.0
M6_event_stress_v1,bias_+1C,102Ah_45degC_1C_cell1,551,7,94.10204352326144,94.61,ridge_event_replay,5,102Ah_45degC_1C_cell1|547|2021-07-11T17:51:55|2021-07-11T18:51:55|#|102Ah_45degC_1C_cell1|548|2021-07-11T20:49:50|2021-07-11T21:49:50|#|102Ah_45degC_1C_cell1|549|2021-07-11T23:47:45|2021-07-12T00:47:15|#|102Ah_45degC_1C_cell1|550|2021-07-12T02:45:39|2021-07-12T03:45:09|#|102Ah_45degC_1C_cell1|551|2021-07-12T05:43:32|2021-07-12T06:43:02,2021-07-12T06:43:02,1.0
M6_event_stress_v1,bias_+1C,102Ah_45degC_1C_cell1,624,8,93.42836463630354,94.15,ridge_event_replay,5,102Ah_45degC_1C_cell1|620|2021-07-20T23:50:04|2021-07-21T00:49:34|#|102Ah_45degC_1C_cell1|621|2021-07-21T02:47:27|2021-07-21T03:46:57|#|102Ah_45degC_1C_cell1|622|2021-07-21T05:44:49|2021-07-21T06:44:19|#|102Ah_45degC_1C_cell1|623|2021-07-21T08:42:11|2021-07-21T09:41:40|#|102Ah_45degC_1C_cell1|624|2021-07-21T11:39:32|2021-07-21T12:39:02,2021-07-21T12:39:02,1.0
M6_event_stress_v1,bias_+1C,102Ah_45degC_1C_cell1,698,9,93.22829052730937,93.732,ridge_event_replay,5,102Ah_45degC_1C_cell1|694|2021-07-30T02:16:22|2021-07-30T03:15:22|#|102Ah_45degC_1C_cell1|695|2021-07-30T05:13:13|2021-07-30T06:12:13|#|102Ah_45degC_1C_cell1|696|2021-07-30T08:10:04|2021-07-30T09:09:04|#|102Ah_45degC_1C_cell1|697|2021-07-30T11:06:54|2021-07-30T12:05:54|#|102Ah_45degC_1C_cell1|698|2021-07-30T14:03:44|2021-07-30T15:02:44,2021-07-30T15:02:44,1.0
M6_event_stress_v1,bias_+1C,102Ah_45degC_1C_cell1,770,10,92.55654786604492,93.34,ridge_event_replay,5,102Ah_45degC_1C_cell1|766|2021-08-07T22:12:52|2021-08-07T23:11:52|#|102Ah_45degC_1C_cell1|767|2021-08-08T01:09:17|2021-08-08T02:08:16|#|102Ah_45degC_1C_cell1|768|2021-08-08T04:05:39|2021-08-08T05:04:39|#|102Ah_45degC_1C_cell1|769|2021-08-08T07:02:01|2021-08-08T08:01:01|#|102Ah_45degC_1C_cell1|770|2021-08-08T09:58:23|2021-08-08T10:57:23,2021-08-08T10:57:23,1.0
M6_event_stress_v1,bias_+1C,102Ah_45degC_1C_cell1,845,11,92.45141013126087,92.94,ridge_event_replay,5,102Ah_45degC_1C_cell1|841|2021-08-17T02:23:17|2021-08-17T03:22:16|#|102Ah_45degC_1C_cell1|842|2021-08-17T05:19:09|2021-08-17T06:18:09|#|102Ah_45degC_1C_cell1|843|2021-08-17T08:15:03|2021-08-17T09:14:03|#|102Ah_45degC_1C_cell1|844|2021-08-17T11:10:55|2021-08-17T12:09:55|#|102Ah_45degC_1C_cell1|845|2021-08-17T17:02:40|2021-08-17T18:01:10,2021-08-17T18:01:10,1.0
M6_event_stress_v1,bias_+1C,102Ah_45degC_1C_cell1,918,12,91.8447176895068,92.564,ridge_event_replay,5,102Ah_45degC_1C_cell1|914|2021-08-26T00:07:24|2021-08-26T01:05:54|#|102Ah_45degC_1C_cell1|915|2021-08-26T03:02:50|2021-08-26T04:01:20|#|102Ah_45degC_1C_cell1|916|2021-08-26T05:58:17|2021-08-26T06:56:46|#|102Ah_45degC_1C_cell1|917|2021-08-26T08:53:43|2021-08-26T09:52:13|#|102Ah_45degC_1C_cell1|918|2021-08-26T11:49:07|2021-08-26T12:47:37,2021-08-26T12:47:37,1.0
M6_event_stress_v1,bias_+1C,102Ah_45degC_1C_cell1,991,13,91.5827350001808,92.197,ridge_event_replay,5,102Ah_45degC_1C_cell1|987|2021-09-03T21:18:36|2021-09-03T22:17:06|#|102Ah_45degC_1C_cell1|988|2021-09-04T00:13:37|2021-09-04T01:12:07|#|102Ah_45degC_1C_cell1|989|2021-09-04T03:08:35|2021-09-04T04:07:05|#|102Ah_45degC_1C_cell1|990|2021-09-04T06:03:34|2021-09-04T07:02:04|#|102Ah_45degC_1C_cell1|991|2021-09-04T08:58:32|2021-09-04T09:57:02,2021-09-04T09:57:02,1.0
M6_event_stress_v1,bias_+1C,102Ah_45degC_1C_cell1,1065,14,90.93799982943001,91.821,ridge_event_replay,5,102Ah_45degC_1C_cell1|1061|2021-09-13T16:56:36|2021-09-13T17:54:36|#|102Ah_45degC_1C_cell1|1062|2021-09-13T19:51:09|2021-09-13T20:49:09|#|102Ah_45degC_1C_cell1|1063|2021-09-13T22:45:43|2021-09-13T23:43:43|#|102Ah_45degC_1C_cell1|1064|2021-09-14T01:40:15|2021-09-14T02:38:15|#|102Ah_45degC_1C_cell1|1065|2021-09-14T04:34:47|2021-09-14T05:32:47,2021-09-14T05:32:47,1.0
M6_event_stress_v1,bias_+1C,102Ah_45degC_1C_cell1,1141,15,90.97619151966238,91.424,ridge_event_replay,5,102Ah_45degC_1C_cell1|1137|2021-09-22T21:44:05|2021-09-22T22:42:05|#|102Ah_45degC_1C_cell1|1138|2021-09-23T00:38:10|2021-09-23T01:36:10|#|102Ah_45degC_1C_cell1|1139|2021-09-23T03:32:13|2021-09-23T04:30:13|#|102Ah_45degC_1C_cell1|1140|2021-09-23T06:26:17|2021-09-23T07:24:17|#|102Ah_45degC_1C_cell1|1141|2021-09-23T09:20:19|2021-09-23T10:18:19,2021-09-23T10:18:19,1.0
M6_event_stress_v1,bias_+1C,102Ah_45degC_1C_cell1,1219,16,90.2681050418856,90.943,ridge_event_replay,5,102Ah_45degC_1C_cell1|1215|2021-10-09T12:05:58|2021-10-09T13:03:28|#|102Ah_45degC_1C_cell1|1216|2021-10-09T14:59:26|2021-10-09T15:56:56|#|102Ah_45degC_1C_cell1|1217|2021-10-09T17:52:53|2021-10-09T18:50:23|#|102Ah_45degC_1C_cell1|1218|2021-10-09T20:46:21|2021-10-09T21:43:51|#|102Ah_45degC_1C_cell1|1219|2021-10-09T23:39:47|2021-10-10T00:37:16,2021-10-10T00:37:16,1.0
M6_event_stress_v1,bias_+1C,102Ah_45degC_1C_cell1,1292,17,89.98759641225773,90.603,ridge_event_replay,5,102Ah_45degC_1C_cell1|1288|2021-10-18T07:59:55|2021-10-18T08:57:25|#|102Ah_45degC_1C_cell1|1289|2021-10-18T10:53:00|2021-10-18T11:50:30|#|102Ah_45degC_1C_cell1|1290|2021-10-18T13:46:03|2021-10-18T14:43:33|#|102Ah_45degC_1C_cell1|1291|2021-10-18T16:39:06|2021-10-18T17:36:36|#|102Ah_45degC_1C_cell1|1292|2021-10-18T19:32:08|2021-10-18T20:29:38,2021-10-18T20:29:38,1.0
M6_event_stress_v1,bias_+1C,102Ah_45degC_1C_cell1,1368,18,91.0510964787645,90.278,ridge_event_replay,5,102Ah_45degC_1C_cell1|1364|2021-10-27T11:01:47|2021-10-27T11:58:47|#|102Ah_45degC_1C_cell1|1365|2021-10-27T13:54:10|2021-10-27T14:51:09|#|102Ah_45degC_1C_cell1|1366|2021-10-27T16:46:30|2021-10-27T17:43:29|#|102Ah_45degC_1C_cell1|1367|2021-10-27T19:38:51|2021-10-27T20:35:51|#|102Ah_45degC_1C_cell1|1368|2021-10-27T22:31:09|2021-10-27T23:28:09,2021-10-27T23:28:09,1.0
M6_event_stress_v1,bias_+1C,102Ah_45degC_1C_cell1,1443,19,89.15445674285874,89.822,ridge_event_replay,5,102Ah_45degC_1C_cell1|1439|2021-11-05T10:26:28|2021-11-05T11:23:28|#|102Ah_45degC_1C_cell1|1440|2021-11-05T13:18:34|2021-11-05T14:15:34|#|102Ah_45degC_1C_cell1|1441|2021-11-05T16:10:40|2021-11-05T17:07:40|#|102Ah_45degC_1C_cell1|1442|2021-11-05T19:02:47|2021-11-05T19:59:47|#|102Ah_45degC_1C_cell1|1443|2021-11-05T21:54:53|2021-11-05T22:51:52,2021-11-05T22:51:52,1.0
M6_event_stress_v1,bias_+1C,102Ah_45degC_1C_cell1,1521,20,88.49058193868629,89.494,ridge_event_replay,5,102Ah_45degC_1C_cell1|1517|2021-11-16T15:51:56|2021-11-16T16:48:26|#|102Ah_45degC_1C_cell1|1518|2021-11-16T18:43:39|2021-11-16T19:40:09|#|102Ah_45degC_1C_cell1|1519|2021-11-16T21:35:25|2021-11-16T22:31:55|#|102Ah_45degC_1C_cell1|1520|2021-11-17T00:27:07|2021-11-17T01:23:37|#|102Ah_45degC_1C_cell1|1521|2021-11-17T03:18:51|2021-11-17T04:15:21,2021-11-17T04:15:21,1.0
M6_event_stress_v1,bias_+1C,102Ah_45degC_1C_cell1,1596,21,88.12209815288664,89.036,ridge_event_replay,5,102Ah_45degC_1C_cell1|1592|2021-12-01T00:54:00|2021-12-01T01:50:30|#|102Ah_45degC_1C_cell1|1593|2021-12-01T03:45:11|2021-12-01T04:41:41|#|102Ah_45degC_1C_cell1|1594|2021-12-01T06:36:21|2021-12-01T07:32:51|#|102Ah_45degC_1C_cell1|1595|2021-12-01T09:27:32|2021-12-01T10:24:02|#|102Ah_45degC_1C_cell1|1596|2021-12-01T12:18:43|2021-12-01T13:15:13,2021-12-01T13:15:13,1.0
M6_event_stress_v1,bias_+1C,102Ah_45degC_1C_cell1,1670,22,88.01496271685258,88.696,ridge_event_replay,5,102Ah_45degC_1C_cell1|1666|2021-12-09T20:56:43|2021-12-09T21:53:13|#|102Ah_45degC_1C_cell1|1667|2021-12-09T23:47:31|2021-12-10T00:43:31|#|102Ah_45degC_1C_cell1|1668|2021-12-10T02:38:18|2021-12-10T03:34:48|#|102Ah_45degC_1C_cell1|1669|2021-12-10T05:29:05|2021-12-10T06:25:35|#|102Ah_45degC_1C_cell1|1670|2021-12-10T08:19:52|2021-12-10T09:15:52,2021-12-10T09:15:52,1.0
M6_event_stress_v1,bias_+1C,102Ah_45degC_1C_cell1,1743,23,87.37188044264164,88.347,ridge_event_replay,5,102Ah_45degC_1C_cell1|1739|2021-12-18T12:28:53|2021-12-18T13:24:53|#|102Ah_45degC_1C_cell1|1740|2021-12-18T15:19:15|2021-12-18T16:15:15|#|102Ah_45degC_1C_cell1|1741|2021-12-18T18:09:36|2021-12-18T19:05:36|#|102Ah_45degC_1C_cell1|1742|2021-12-18T20:59:57|2021-12-18T21:55:57|#|102Ah_45degC_1C_cell1|1743|2021-12-18T23:50:17|2021-12-19T00:46:17,2021-12-19T00:46:17,1.0
M6_event_stress_v1,bias_+1C,102Ah_45degC_1C_cell1,1815,24,87.33704028459631,88.0,ridge_event_replay,5,102Ah_45degC_1C_cell1|1811|2021-12-27T00:38:25|2021-12-27T01:34:24|#|102Ah_45degC_1C_cell1|1812|2021-12-27T03:28:20|2021-12-27T04:24:20|#|102Ah_45degC_1C_cell1|1813|2021-12-27T06:18:15|2021-12-27T07:14:15|#|102Ah_45degC_1C_cell1|1814|2021-12-27T09:08:11|2021-12-27T10:04:11|#|102Ah_45degC_1C_cell1|1815|2021-12-27T11:58:05|2021-12-27T12:54:05,2021-12-27T12:54:05,1.0
M6_event_stress_v1,bias_+1C,102Ah_45degC_1C_cell1,1888,25,86.53714819232329,87.625,ridge_event_replay,5,102Ah_45degC_1C_cell1|1884|2022-01-04T15:22:21|2022-01-04T16:17:51|#|102Ah_45degC_1C_cell1|1885|2022-01-04T18:11:50|2022-01-04T19:07:20|#|102Ah_45degC_1C_cell1|1886|2022-01-04T21:01:19|2022-01-04T21:56:49|#|102Ah_45degC_1C_cell1|1887|2022-01-04T23:50:48|2022-01-05T00:46:17|#|102Ah_45degC_1C_cell1|1888|2022-01-05T02:40:16|2022-01-05T03:35:46,2022-01-05T03:35:46,1.0
M6_event_stress_v1,bias_+1C,102Ah_45degC_1C_cell1,1962,26,86.52366614375428,87.258,ridge_event_replay,5,102Ah_45degC_1C_cell1|1957|2022-01-13T05:18:52|2022-01-13T06:14:22|#|102Ah_45degC_1C_cell1|1958|2022-01-13T10:56:59|2022-01-13T11:44:09|#|102Ah_45degC_1C_cell1|1960|2022-01-13T14:03:00|2022-01-13T14:58:30|#|102Ah_45degC_1C_cell1|1961|2022-01-13T16:52:01|2022-01-13T17:47:31|#|102Ah_45degC_1C_cell1|1962|2022-01-13T19:41:02|2022-01-13T20:36:32,2022-01-13T20:36:32,1.0
M6_event_stress_v1,bias_+1C,102Ah_45degC_1C_cell1,2036,27,85.84803705338472,86.915,ridge_event_replay,5,102Ah_45degC_1C_cell1|2032|2022-01-23T20:59:07|2022-01-23T21:54:07|#|102Ah_45degC_1C_cell1|2033|2022-01-23T23:47:46|2022-01-24T00:42:46|#|102Ah_45degC_1C_cell1|2034|2022-01-24T02:36:25|2022-01-24T03:31:25|#|102Ah_45degC_1C_cell1|2035|2022-01-24T05:25:03|2022-01-24T06:20:03|#|102Ah_45degC_1C_cell1|2036|2022-01-24T08:13:41|2022-01-24T09:08:41,2022-01-24T09:08:41,1.0
M6_event_stress_v1,bias_+1C,102Ah_45degC_1C_cell1,2122,28,85.72720596899214,86.361,ridge_event_replay,5,102Ah_45degC_1C_cell1|2118|2022-02-12T02:10:13|2022-02-12T03:05:13|#|102Ah_45degC_1C_cell1|2119|2022-02-12T04:58:11|2022-02-12T05:53:11|#|102Ah_45degC_1C_cell1|2120|2022-02-12T07:46:08|2022-02-12T08:41:08|#|102Ah_45degC_1C_cell1|2121|2022-02-12T10:34:06|2022-02-12T11:29:06|#|102Ah_45degC_1C_cell1|2122|2022-02-12T13:22:03|2022-02-12T14:17:03,2022-02-12T14:17:03,1.0
M6_event_stress_v1,bias_+1C,102Ah_45degC_1C_cell1,2208,29,84.82441127535117,85.894,ridge_event_replay,5,102Ah_45degC_1C_cell1|2204|2022-02-23T08:27:51|2022-02-23T09:22:11|#|102Ah_45degC_1C_cell1|2205|2022-02-23T11:15:05|2022-02-23T12:09:34|#|102Ah_45degC_1C_cell1|2206|2022-02-23T14:02:28|2022-02-23T14:56:58|#|102Ah_45degC_1C_cell1|2207|2022-02-23T16:49:52|2022-02-23T17:44:21|#|102Ah_45degC_1C_cell1|2208|2022-02-23T19:37:13|2022-02-23T20:31:43,2022-02-23T20:31:43,1.0
M6_event_stress_v1,bias_+1C,102Ah_45degC_1C_cell1,2280,30,84.74640906108769,85.512,ridge_event_replay,5,102Ah_45degC_1C_cell1|2276|2022-03-03T17:03:45|2022-03-03T17:58:15|#|102Ah_45degC_1C_cell1|2277|2022-03-03T19:50:42|2022-03-03T20:45:12|#|102Ah_45degC_1C_cell1|2278|2022-03-03T22:37:39|2022-03-03T23:32:09|#|102Ah_45degC_1C_cell1|2279|2022-03-04T01:24:30|2022-03-04T02:19:00|#|102Ah_45degC_1C_cell1|2280|2022-03-04T04:11:26|2022-03-04T05:05:56,2022-03-04T05:05:56,1.0
M6_event_stress_v1,bias_-1C,102Ah_45degC_1C_cell1,118,1,97.7152773199084,98.462,ridge_event_replay,5,102Ah_45degC_1C_cell1|114|2021-05-15T15:37:22|2021-05-15T16:39:21|#|102Ah_45degC_1C_cell1|115|2021-05-15T18:39:44|2021-05-15T19:41:44|#|102Ah_45degC_1C_cell1|116|2021-05-15T21:42:05|2021-05-15T22:44:05|#|102Ah_45degC_1C_cell1|117|2021-05-16T00:44:25|2021-05-16T01:46:25|#|102Ah_45degC_1C_cell1|118|2021-05-16T03:46:44|2021-05-16T04:48:44,2021-05-16T04:48:44,-1.0
M6_event_stress_v1,bias_-1C,102Ah_45degC_1C_cell1,190,2,97.1146896013947,97.488,ridge_event_replay,5,102Ah_45degC_1C_cell1|186|2021-05-24T23:02:33|2021-05-25T00:04:02|#|102Ah_45degC_1C_cell1|187|2021-05-25T02:03:48|2021-05-25T03:05:18|#|102Ah_45degC_1C_cell1|188|2021-05-25T05:05:02|2021-05-25T06:06:32|#|102Ah_45degC_1C_cell1|189|2021-05-25T08:06:15|2021-05-25T09:07:45|#|102Ah_45degC_1C_cell1|190|2021-05-25T11:07:28|2021-05-25T12:08:58,2021-05-25T12:08:58,-1.0
M6_event_stress_v1,bias_-1C,102Ah_45degC_1C_cell1,262,3,96.46841122023362,96.668,ridge_event_replay,5,102Ah_45degC_1C_cell1|258|2021-06-02T23:56:04|2021-06-03T00:57:04|#|102Ah_45degC_1C_cell1|259|2021-06-03T02:56:23|2021-06-03T03:57:23|#|102Ah_45degC_1C_cell1|260|2021-06-03T05:56:41|2021-06-03T06:57:41|#|102Ah_45degC_1C_cell1|261|2021-06-03T08:56:58|2021-06-03T09:57:58|#|102Ah_45degC_1C_cell1|262|2021-06-03T11:57:14|2021-06-03T12:58:14,2021-06-03T12:58:14,-1.0
M6_event_stress_v1,bias_-1C,102Ah_45degC_1C_cell1,334,4,95.69078817162523,96.07,ridge_event_replay,5,102Ah_45degC_1C_cell1|330|2021-06-11T23:54:47|2021-06-12T00:55:17|#|102Ah_45degC_1C_cell1|331|2021-06-12T02:54:23|2021-06-12T03:54:52|#|102Ah_45degC_1C_cell1|332|2021-06-12T05:53:57|2021-06-12T06:54:27|#|102Ah_45degC_1C_cell1|333|2021-06-12T08:53:31|2021-06-12T09:54:01|#|102Ah_45degC_1C_cell1|334|2021-06-12T11:53:06|2021-06-12T12:53:36,2021-06-12T12:53:36,-1.0
M6_event_stress_v1,bias_-1C,102Ah_45degC_1C_cell1,406,5,94.98321108951826,95.532,ridge_event_replay,5,102Ah_45degC_1C_cell1|402|2021-06-22T20:12:44|2021-06-22T21:12:44|#|102Ah_45degC_1C_cell1|403|2021-06-22T23:11:42|2021-06-23T00:11:42|#|102Ah_45degC_1C_cell1|404|2021-06-23T02:10:39|2021-06-23T03:10:39|#|102Ah_45degC_1C_cell1|405|2021-06-23T05:09:36|2021-06-23T06:09:36|#|102Ah_45degC_1C_cell1|406|2021-06-23T08:08:33|2021-06-23T09:08:33,2021-06-23T09:08:33,-1.0
M6_event_stress_v1,bias_-1C,102Ah_45degC_1C_cell1,478,6,94.92208392373293,95.047,ridge_event_replay,5,102Ah_45degC_1C_cell1|474|2021-07-01T18:37:55|2021-07-01T19:37:54|#|102Ah_45degC_1C_cell1|475|2021-07-01T21:36:18|2021-07-01T22:36:18|#|102Ah_45degC_1C_cell1|476|2021-07-02T00:34:42|2021-07-02T01:34:42|#|102Ah_45degC_1C_cell1|477|2021-07-02T03:33:04|2021-07-02T04:33:04|#|102Ah_45degC_1C_cell1|478|2021-07-02T06:31:26|2021-07-02T07:31:26,2021-07-02T07:31:26,-1.0
M6_event_stress_v1,bias_-1C,102Ah_45degC_1C_cell1,551,7,94.2586337524746,94.61,ridge_event_replay,5,102Ah_45degC_1C_cell1|547|2021-07-11T17:51:55|2021-07-11T18:51:55|#|102Ah_45degC_1C_cell1|548|2021-07-11T20:49:50|2021-07-11T21:49:50|#|102Ah_45degC_1C_cell1|549|2021-07-11T23:47:45|2021-07-12T00:47:15|#|102Ah_45degC_1C_cell1|550|2021-07-12T02:45:39|2021-07-12T03:45:09|#|102Ah_45degC_1C_cell1|551|2021-07-12T05:43:32|2021-07-12T06:43:02,2021-07-12T06:43:02,-1.0
M6_event_stress_v1,bias_-1C,102Ah_45degC_1C_cell1,624,8,93.58495486551669,94.15,ridge_event_replay,5,102Ah_45degC_1C_cell1|620|2021-07-20T23:50:04|2021-07-21T00:49:34|#|102Ah_45degC_1C_cell1|621|2021-07-21T02:47:27|2021-07-21T03:46:57|#|102Ah_45degC_1C_cell1|622|2021-07-21T05:44:49|2021-07-21T06:44:19|#|102Ah_45degC_1C_cell1|623|2021-07-21T08:42:11|2021-07-21T09:41:40|#|102Ah_45degC_1C_cell1|624|2021-07-21T11:39:32|2021-07-21T12:39:02,2021-07-21T12:39:02,-1.0
M6_event_stress_v1,bias_-1C,102Ah_45degC_1C_cell1,698,9,93.38488075652252,93.732,ridge_event_replay,5,102Ah_45degC_1C_cell1|694|2021-07-30T02:16:22|2021-07-30T03:15:22|#|102Ah_45degC_1C_cell1|695|2021-07-30T05:13:13|2021-07-30T06:12:13|#|102Ah_45degC_1C_cell1|696|2021-07-30T08:10:04|2021-07-30T09:09:04|#|102Ah_45degC_1C_cell1|697|2021-07-30T11:06:54|2021-07-30T12:05:54|#|102Ah_45degC_1C_cell1|698|2021-07-30T14:03:44|2021-07-30T15:02:44,2021-07-30T15:02:44,-1.0
M6_event_stress_v1,bias_-1C,102Ah_45degC_1C_cell1,770,10,92.71313809525807,93.34,ridge_event_replay,5,102Ah_45degC_1C_cell1|766|2021-08-07T22:12:52|2021-08-07T23:11:52|#|102Ah_45degC_1C_cell1|767|2021-08-08T01:09:17|2021-08-08T02:08:16|#|102Ah_45degC_1C_cell1|768|2021-08-08T04:05:39|2021-08-08T05:04:39|#|102Ah_45degC_1C_cell1|769|2021-08-08T07:02:01|2021-08-08T08:01:01|#|102Ah_45degC_1C_cell1|770|2021-08-08T09:58:23|2021-08-08T10:57:23,2021-08-08T10:57:23,-1.0
M6_event_stress_v1,bias_-1C,102Ah_45degC_1C_cell1,845,11,92.60800036047402,92.94,ridge_event_replay,5,102Ah_45degC_1C_cell1|841|2021-08-17T02:23:17|2021-08-17T03:22:16|#|102Ah_45degC_1C_cell1|842|2021-08-17T05:19:09|2021-08-17T06:18:09|#|102Ah_45degC_1C_cell1|843|2021-08-17T08:15:03|2021-08-17T09:14:03|#|102Ah_45degC_1C_cell1|844|2021-08-17T11:10:55|2021-08-17T12:09:55|#|102Ah_45degC_1C_cell1|845|2021-08-17T17:02:40|2021-08-17T18:01:10,2021-08-17T18:01:10,-1.0
M6_event_stress_v1,bias_-1C,102Ah_45degC_1C_cell1,918,12,92.00130791871993,92.564,ridge_event_replay,5,102Ah_45degC_1C_cell1|914|2021-08-26T00:07:24|2021-08-26T01:05:54|#|102Ah_45degC_1C_cell1|915|2021-08-26T03:02:50|2021-08-26T04:01:20|#|102Ah_45degC_1C_cell1|916|2021-08-26T05:58:17|2021-08-26T06:56:46|#|102Ah_45degC_1C_cell1|917|2021-08-26T08:53:43|2021-08-26T09:52:13|#|102Ah_45degC_1C_cell1|918|2021-08-26T11:49:07|2021-08-26T12:47:37,2021-08-26T12:47:37,-1.0
M6_event_stress_v1,bias_-1C,102Ah_45degC_1C_cell1,991,13,91.73932522939396,92.197,ridge_event_replay,5,102Ah_45degC_1C_cell1|987|2021-09-03T21:18:36|2021-09-03T22:17:06|#|102Ah_45degC_1C_cell1|988|2021-09-04T00:13:37|2021-09-04T01:12:07|#|102Ah_45degC_1C_cell1|989|2021-09-04T03:08:35|2021-09-04T04:07:05|#|102Ah_45degC_1C_cell1|990|2021-09-04T06:03:34|2021-09-04T07:02:04|#|102Ah_45degC_1C_cell1|991|2021-09-04T08:58:32|2021-09-04T09:57:02,2021-09-04T09:57:02,-1.0
M6_event_stress_v1,bias_-1C,102Ah_45degC_1C_cell1,1065,14,91.09459005864316,91.821,ridge_event_replay,5,102Ah_45degC_1C_cell1|1061|2021-09-13T16:56:36|2021-09-13T17:54:36|#|102Ah_45degC_1C_cell1|1062|2021-09-13T19:51:09|2021-09-13T20:49:09|#|102Ah_45degC_1C_cell1|1063|2021-09-13T22:45:43|2021-09-13T23:43:43|#|102Ah_45degC_1C_cell1|1064|2021-09-14T01:40:15|2021-09-14T02:38:15|#|102Ah_45degC_1C_cell1|1065|2021-09-14T04:34:47|2021-09-14T05:32:47,2021-09-14T05:32:47,-1.0
M6_event_stress_v1,bias_-1C,102Ah_45degC_1C_cell1,1141,15,91.13278174887552,91.424,ridge_event_replay,5,102Ah_45degC_1C_cell1|1137|2021-09-22T21:44:05|2021-09-22T22:42:05|#|102Ah_45degC_1C_cell1|1138|2021-09-23T00:38:10|2021-09-23T01:36:10|#|102Ah_45degC_1C_cell1|1139|2021-09-23T03:32:13|2021-09-23T04:30:13|#|102Ah_45degC_1C_cell1|1140|2021-09-23T06:26:17|2021-09-23T07:24:17|#|102Ah_45degC_1C_cell1|1141|2021-09-23T09:20:19|2021-09-23T10:18:19,2021-09-23T10:18:19,-1.0
M6_event_stress_v1,bias_-1C,102Ah_45degC_1C_cell1,1219,16,90.42469527109876,90.943,ridge_event_replay,5,102Ah_45degC_1C_cell1|1215|2021-10-09T12:05:58|2021-10-09T13:03:28|#|102Ah_45degC_1C_cell1|1216|2021-10-09T14:59:26|2021-10-09T15:56:56|#|102Ah_45degC_1C_cell1|1217|2021-10-09T17:52:53|2021-10-09T18:50:23|#|102Ah_45degC_1C_cell1|1218|2021-10-09T20:46:21|2021-10-09T21:43:51|#|102Ah_45degC_1C_cell1|1219|2021-10-09T23:39:47|2021-10-10T00:37:16,2021-10-10T00:37:16,-1.0
M6_event_stress_v1,bias_-1C,102Ah_45degC_1C_cell1,1292,17,90.14418664147088,90.603,ridge_event_replay,5,102Ah_45degC_1C_cell1|1288|2021-10-18T07:59:55|2021-10-18T08:57:25|#|102Ah_45degC_1C_cell1|1289|2021-10-18T10:53:00|2021-10-18T11:50:30|#|102Ah_45degC_1C_cell1|1290|2021-10-18T13:46:03|2021-10-18T14:43:33|#|102Ah_45degC_1C_cell1|1291|2021-10-18T16:39:06|2021-10-18T17:36:36|#|102Ah_45degC_1C_cell1|1292|2021-10-18T19:32:08|2021-10-18T20:29:38,2021-10-18T20:29:38,-1.0
M6_event_stress_v1,bias_-1C,102Ah_45degC_1C_cell1,1368,18,91.20768670797766,90.278,ridge_event_replay,5,102Ah_45degC_1C_cell1|1364|2021-10-27T11:01:47|2021-10-27T11:58:47|#|102Ah_45degC_1C_cell1|1365|2021-10-27T13:54:10|2021-10-27T14:51:09|#|102Ah_45degC_1C_cell1|1366|2021-10-27T16:46:30|2021-10-27T17:43:29|#|102Ah_45degC_1C_cell1|1367|2021-10-27T19:38:51|2021-10-27T20:35:51|#|102Ah_45degC_1C_cell1|1368|2021-10-27T22:31:09|2021-10-27T23:28:09,2021-10-27T23:28:09,-1.0
M6_event_stress_v1,bias_-1C,102Ah_45degC_1C_cell1,1443,19,89.31104697207189,89.822,ridge_event_replay,5,102Ah_45degC_1C_cell1|1439|2021-11-05T10:26:28|2021-11-05T11:23:28|#|102Ah_45degC_1C_cell1|1440|2021-11-05T13:18:34|2021-11-05T14:15:34|#|102Ah_45degC_1C_cell1|1441|2021-11-05T16:10:40|2021-11-05T17:07:40|#|102Ah_45degC_1C_cell1|1442|2021-11-05T19:02:47|2021-11-05T19:59:47|#|102Ah_45degC_1C_cell1|1443|2021-11-05T21:54:53|2021-11-05T22:51:52,2021-11-05T22:51:52,-1.0
M6_event_stress_v1,bias_-1C,102Ah_45degC_1C_cell1,1521,20,88.64717216789944,89.494,ridge_event_replay,5,102Ah_45degC_1C_cell1|1517|2021-11-16T15:51:56|2021-11-16T16:48:26|#|102Ah_45degC_1C_cell1|1518|2021-11-16T18:43:39|2021-11-16T19:40:09|#|102Ah_45degC_1C_cell1|1519|2021-11-16T21:35:25|2021-11-16T22:31:55|#|102Ah_45degC_1C_cell1|1520|2021-11-17T00:27:07|2021-11-17T01:23:37|#|102Ah_45degC_1C_cell1|1521|2021-11-17T03:18:51|2021-11-17T04:15:21,2021-11-17T04:15:21,-1.0
M6_event_stress_v1,bias_-1C,102Ah_45degC_1C_cell1,1596,21,88.27868838209977,89.036,ridge_event_replay,5,102Ah_45degC_1C_cell1|1592|2021-12-01T00:54:00|2021-12-01T01:50:30|#|102Ah_45degC_1C_cell1|1593|2021-12-01T03:45:11|2021-12-01T04:41:41|#|102Ah_45degC_1C_cell1|1594|2021-12-01T06:36:21|2021-12-01T07:32:51|#|102Ah_45degC_1C_cell1|1595|2021-12-01T09:27:32|2021-12-01T10:24:02|#|102Ah_45degC_1C_cell1|1596|2021-12-01T12:18:43|2021-12-01T13:15:13,2021-12-01T13:15:13,-1.0
M6_event_stress_v1,bias_-1C,102Ah_45degC_1C_cell1,1670,22,88.17155294606573,88.696,ridge_event_replay,5,102Ah_45degC_1C_cell1|1666|2021-12-09T20:56:43|2021-12-09T21:53:13|#|102Ah_45degC_1C_cell1|1667|2021-12-09T23:47:31|2021-12-10T00:43:31|#|102Ah_45degC_1C_cell1|1668|2021-12-10T02:38:18|2021-12-10T03:34:48|#|102Ah_45degC_1C_cell1|1669|2021-12-10T05:29:05|2021-12-10T06:25:35|#|102Ah_45degC_1C_cell1|1670|2021-12-10T08:19:52|2021-12-10T09:15:52,2021-12-10T09:15:52,-1.0
M6_event_stress_v1,bias_-1C,102Ah_45degC_1C_cell1,1743,23,87.52847067185479,88.347,ridge_event_replay,5,102Ah_45degC_1C_cell1|1739|2021-12-18T12:28:53|2021-12-18T13:24:53|#|102Ah_45degC_1C_cell1|1740|2021-12-18T15:19:15|2021-12-18T16:15:15|#|102Ah_45degC_1C_cell1|1741|2021-12-18T18:09:36|2021-12-18T19:05:36|#|102Ah_45degC_1C_cell1|1742|2021-12-18T20:59:57|2021-12-18T21:55:57|#|102Ah_45degC_1C_cell1|1743|2021-12-18T23:50:17|2021-12-19T00:46:17,2021-12-19T00:46:17,-1.0
M6_event_stress_v1,bias_-1C,102Ah_45degC_1C_cell1,1815,24,87.49363051380945,88.0,ridge_event_replay,5,102Ah_45degC_1C_cell1|1811|2021-12-27T00:38:25|2021-12-27T01:34:24|#|102Ah_45degC_1C_cell1|1812|2021-12-27T03:28:20|2021-12-27T04:24:20|#|102Ah_45degC_1C_cell1|1813|2021-12-27T06:18:15|2021-12-27T07:14:15|#|102Ah_45degC_1C_cell1|1814|2021-12-27T09:08:11|2021-12-27T10:04:11|#|102Ah_45degC_1C_cell1|1815|2021-12-27T11:58:05|2021-12-27T12:54:05,2021-12-27T12:54:05,-1.0
M6_event_stress_v1,bias_-1C,102Ah_45degC_1C_cell1,1888,25,86.69373842153644,87.625,ridge_event_replay,5,102Ah_45degC_1C_cell1|1884|2022-01-04T15:22:21|2022-01-04T16:17:51|#|102Ah_45degC_1C_cell1|1885|2022-01-04T18:11:50|2022-01-04T19:07:20|#|102Ah_45degC_1C_cell1|1886|2022-01-04T21:01:19|2022-01-04T21:56:49|#|102Ah_45degC_1C_cell1|1887|2022-01-04T23:50:48|2022-01-05T00:46:17|#|102Ah_45degC_1C_cell1|1888|2022-01-05T02:40:16|2022-01-05T03:35:46,2022-01-05T03:35:46,-1.0
M6_event_stress_v1,bias_-1C,102Ah_45degC_1C_cell1,1962,26,86.68025637296743,87.258,ridge_event_replay,5,102Ah_45degC_1C_cell1|1957|2022-01-13T05:18:52|2022-01-13T06:14:22|#|102Ah_45degC_1C_cell1|1958|2022-01-13T10:56:59|2022-01-13T11:44:09|#|102Ah_45degC_1C_cell1|1960|2022-01-13T14:03:00|2022-01-13T14:58:30|#|102Ah_45degC_1C_cell1|1961|2022-01-13T16:52:01|2022-01-13T17:47:31|#|102Ah_45degC_1C_cell1|1962|2022-01-13T19:41:02|2022-01-13T20:36:32,2022-01-13T20:36:32,-1.0
M6_event_stress_v1,bias_-1C,102Ah_45degC_1C_cell1,2036,27,86.00462728259787,86.915,ridge_event_replay,5,102Ah_45degC_1C_cell1|2032|2022-01-23T20:59:07|2022-01-23T21:54:07|#|102Ah_45degC_1C_cell1|2033|2022-01-23T23:47:46|2022-01-24T00:42:46|#|102Ah_45degC_1C_cell1|2034|2022-01-24T02:36:25|2022-01-24T03:31:25|#|102Ah_45degC_1C_cell1|2035|2022-01-24T05:25:03|2022-01-24T06:20:03|#|102Ah_45degC_1C_cell1|2036|2022-01-24T08:13:41|2022-01-24T09:08:41,2022-01-24T09:08:41,-1.0
M6_event_stress_v1,bias_-1C,102Ah_45degC_1C_cell1,2122,28,85.88379619820529,86.361,ridge_event_replay,5,102Ah_45degC_1C_cell1|2118|2022-02-12T02:10:13|2022-02-12T03:05:13|#|102Ah_45degC_1C_cell1|2119|2022-02-12T04:58:11|2022-02-12T05:53:11|#|102Ah_45degC_1C_cell1|2120|2022-02-12T07:46:08|2022-02-12T08:41:08|#|102Ah_45degC_1C_cell1|2121|2022-02-12T10:34:06|2022-02-12T11:29:06|#|102Ah_45degC_1C_cell1|2122|2022-02-12T13:22:03|2022-02-12T14:17:03,2022-02-12T14:17:03,-1.0
M6_event_stress_v1,bias_-1C,102Ah_45degC_1C_cell1,2208,29,84.9810015045643,85.894,ridge_event_replay,5,102Ah_45degC_1C_cell1|2204|2022-02-23T08:27:51|2022-02-23T09:22:11|#|102Ah_45degC_1C_cell1|2205|2022-02-23T11:15:05|2022-02-23T12:09:34|#|102Ah_45degC_1C_cell1|2206|2022-02-23T14:02:28|2022-02-23T14:56:58|#|102Ah_45degC_1C_cell1|2207|2022-02-23T16:49:52|2022-02-23T17:44:21|#|102Ah_45degC_1C_cell1|2208|2022-02-23T19:37:13|2022-02-23T20:31:43,2022-02-23T20:31:43,-1.0
M6_event_stress_v1,bias_-1C,102Ah_45degC_1C_cell1,2280,30,84.90299929030084,85.512,ridge_event_replay,5,102Ah_45degC_1C_cell1|2276|2022-03-03T17:03:45|2022-03-03T17:58:15|#|102Ah_45degC_1C_cell1|2277|2022-03-03T19:50:42|2022-03-03T20:45:12|#|102Ah_45degC_1C_cell1|2278|2022-03-03T22:37:39|2022-03-03T23:32:09|#|102Ah_45degC_1C_cell1|2279|2022-03-04T01:24:30|2022-03-04T02:19:00|#|102Ah_45degC_1C_cell1|2280|2022-03-04T04:11:26|2022-03-04T05:05:56,2022-03-04T05:05:56,-1.0
M6_event_stress_v1,drift_+3C,102Ah_45degC_1C_cell1,118,1,97.66138343283632,98.462,ridge_event_replay,5,102Ah_45degC_1C_cell1|114|2021-05-15T15:37:22|2021-05-15T16:39:21|#|102Ah_45degC_1C_cell1|115|2021-05-15T18:39:44|2021-05-15T19:41:44|#|102Ah_45degC_1C_cell1|116|2021-05-15T21:42:05|2021-05-15T22:44:05|#|102Ah_45degC_1C_cell1|117|2021-05-16T00:44:25|2021-05-16T01:46:25|#|102Ah_45degC_1C_cell1|118|2021-05-16T03:46:44|2021-05-16T04:48:44,2021-05-16T04:48:44,0.0
M6_event_stress_v1,drift_+3C,102Ah_45degC_1C_cell1,190,2,97.07603432819072,97.488,ridge_event_replay,5,102Ah_45degC_1C_cell1|186|2021-05-24T23:02:33|2021-05-25T00:04:02|#|102Ah_45degC_1C_cell1|187|2021-05-25T02:03:48|2021-05-25T03:05:18|#|102Ah_45degC_1C_cell1|188|2021-05-25T05:05:02|2021-05-25T06:06:32|#|102Ah_45degC_1C_cell1|189|2021-05-25T08:06:15|2021-05-25T09:07:45|#|102Ah_45degC_1C_cell1|190|2021-05-25T11:07:28|2021-05-25T12:08:58,2021-05-25T12:08:58,0.0
M6_event_stress_v1,drift_+3C,102Ah_45degC_1C_cell1,262,3,96.44391371879695,96.668,ridge_event_replay,5,102Ah_45degC_1C_cell1|258|2021-06-02T23:56:04|2021-06-03T00:57:04|#|102Ah_45degC_1C_cell1|259|2021-06-03T02:56:23|2021-06-03T03:57:23|#|102Ah_45degC_1C_cell1|260|2021-06-03T05:56:41|2021-06-03T06:57:41|#|102Ah_45degC_1C_cell1|261|2021-06-03T08:56:58|2021-06-03T09:57:58|#|102Ah_45degC_1C_cell1|262|2021-06-03T11:57:14|2021-06-03T12:58:14,2021-06-03T12:58:14,0.0
M6_event_stress_v1,drift_+3C,102Ah_45degC_1C_cell1,334,4,95.68102455154225,96.07,ridge_event_replay,5,102Ah_45degC_1C_cell1|330|2021-06-11T23:54:47|2021-06-12T00:55:17|#|102Ah_45degC_1C_cell1|331|2021-06-12T02:54:23|2021-06-12T03:54:52|#|102Ah_45degC_1C_cell1|332|2021-06-12T05:53:57|2021-06-12T06:54:27|#|102Ah_45degC_1C_cell1|333|2021-06-12T08:53:31|2021-06-12T09:54:01|#|102Ah_45degC_1C_cell1|334|2021-06-12T11:53:06|2021-06-12T12:53:36,2021-06-12T12:53:36,0.0
M6_event_stress_v1,drift_+3C,102Ah_45degC_1C_cell1,406,5,94.98727404730631,95.532,ridge_event_replay,5,102Ah_45degC_1C_cell1|402|2021-06-22T20:12:44|2021-06-22T21:12:44|#|102Ah_45degC_1C_cell1|403|2021-06-22T23:11:42|2021-06-23T00:11:42|#|102Ah_45degC_1C_cell1|404|2021-06-23T02:10:39|2021-06-23T03:10:39|#|102Ah_45degC_1C_cell1|405|2021-06-23T05:09:36|2021-06-23T06:09:36|#|102Ah_45degC_1C_cell1|406|2021-06-23T08:08:33|2021-06-23T09:08:33,2021-06-23T09:08:33,0.0
M6_event_stress_v1,drift_+3C,102Ah_45degC_1C_cell1,478,6,94.94014850171945,95.047,ridge_event_replay,5,102Ah_45degC_1C_cell1|474|2021-07-01T18:37:55|2021-07-01T19:37:54|#|102Ah_45degC_1C_cell1|475|2021-07-01T21:36:18|2021-07-01T22:36:18|#|102Ah_45degC_1C_cell1|476|2021-07-02T00:34:42|2021-07-02T01:34:42|#|102Ah_45degC_1C_cell1|477|2021-07-02T03:33:04|2021-07-02T04:33:04|#|102Ah_45degC_1C_cell1|478|2021-07-02T06:31:26|2021-07-02T07:31:26,2021-07-02T07:31:26,0.0
M6_event_stress_v1,drift_+3C,102Ah_45degC_1C_cell1,551,7,94.2905575873763,94.61,ridge_event_replay,5,102Ah_45degC_1C_cell1|547|2021-07-11T17:51:55|2021-07-11T18:51:55|#|102Ah_45degC_1C_cell1|548|2021-07-11T20:49:50|2021-07-11T21:49:50|#|102Ah_45degC_1C_cell1|549|2021-07-11T23:47:45|2021-07-12T00:47:15|#|102Ah_45degC_1C_cell1|550|2021-07-12T02:45:39|2021-07-12T03:45:09|#|102Ah_45degC_1C_cell1|551|2021-07-12T05:43:32|2021-07-12T06:43:02,2021-07-12T06:43:02,0.0
M6_event_stress_v1,drift_+3C,102Ah_45degC_1C_cell1,624,8,93.63097921739109,94.15,ridge_event_replay,5,102Ah_45degC_1C_cell1|620|2021-07-20T23:50:04|2021-07-21T00:49:34|#|102Ah_45degC_1C_cell1|621|2021-07-21T02:47:27|2021-07-21T03:46:57|#|102Ah_45degC_1C_cell1|622|2021-07-21T05:44:49|2021-07-21T06:44:19|#|102Ah_45degC_1C_cell1|623|2021-07-21T08:42:11|2021-07-21T09:41:40|#|102Ah_45degC_1C_cell1|624|2021-07-21T11:39:32|2021-07-21T12:39:02,2021-07-21T12:39:02,0.0
M6_event_stress_v1,drift_+3C,102Ah_45degC_1C_cell1,698,9,93.44378277499597,93.732,ridge_event_replay,5,102Ah_45degC_1C_cell1|694|2021-07-30T02:16:22|2021-07-30T03:15:22|#|102Ah_45degC_1C_cell1|695|2021-07-30T05:13:13|2021-07-30T06:12:13|#|102Ah_45degC_1C_cell1|696|2021-07-30T08:10:04|2021-07-30T09:09:04|#|102Ah_45degC_1C_cell1|697|2021-07-30T11:06:54|2021-07-30T12:05:54|#|102Ah_45degC_1C_cell1|698|2021-07-30T14:03:44|2021-07-30T15:02:44,2021-07-30T15:02:44,0.0
M6_event_stress_v1,drift_+3C,102Ah_45degC_1C_cell1,770,10,92.78423883121832,93.34,ridge_event_replay,5,102Ah_45degC_1C_cell1|766|2021-08-07T22:12:52|2021-08-07T23:11:52|#|102Ah_45degC_1C_cell1|767|2021-08-08T01:09:17|2021-08-08T02:08:16|#|102Ah_45degC_1C_cell1|768|2021-08-08T04:05:39|2021-08-08T05:04:39|#|102Ah_45degC_1C_cell1|769|2021-08-08T07:02:01|2021-08-08T08:01:01|#|102Ah_45degC_1C_cell1|770|2021-08-08T09:58:23|2021-08-08T10:57:23,2021-08-08T10:57:23,0.0
M6_event_stress_v1,drift_+3C,102Ah_45degC_1C_cell1,845,11,92.69295261815395,92.94,ridge_event_replay,5,102Ah_45degC_1C_cell1|841|2021-08-17T02:23:17|2021-08-17T03:22:16|#|102Ah_45degC_1C_cell1|842|2021-08-17T05:19:09|2021-08-17T06:18:09|#|102Ah_45degC_1C_cell1|843|2021-08-17T08:15:03|2021-08-17T09:14:03|#|102Ah_45degC_1C_cell1|844|2021-08-17T11:10:55|2021-08-17T12:09:55|#|102Ah_45degC_1C_cell1|845|2021-08-17T17:02:40|2021-08-17T18:01:10,2021-08-17T18:01:10,0.0
M6_event_stress_v1,drift_+3C,102Ah_45degC_1C_cell1,918,12,92.09857136502072,92.564,ridge_event_replay,5,102Ah_45degC_1C_cell1|914|2021-08-26T00:07:24|2021-08-26T01:05:54|#|102Ah_45degC_1C_cell1|915|2021-08-26T03:02:50|2021-08-26T04:01:20|#|102Ah_45degC_1C_cell1|916|2021-08-26T05:58:17|2021-08-26T06:56:46|#|102Ah_45degC_1C_cell1|917|2021-08-26T08:53:43|2021-08-26T09:52:13|#|102Ah_45degC_1C_cell1|918|2021-08-26T11:49:07|2021-08-26T12:47:37,2021-08-26T12:47:37,0.0
M6_event_stress_v1,drift_+3C,102Ah_45degC_1C_cell1,991,13,91.84882368205798,92.197,ridge_event_replay,5,102Ah_45degC_1C_cell1|987|2021-09-03T21:18:36|2021-09-03T22:17:06|#|102Ah_45degC_1C_cell1|988|2021-09-04T00:13:37|2021-09-04T01:12:07|#|102Ah_45degC_1C_cell1|989|2021-09-04T03:08:35|2021-09-04T04:07:05|#|102Ah_45degC_1C_cell1|990|2021-09-04T06:03:34|2021-09-04T07:02:04|#|102Ah_45degC_1C_cell1|991|2021-09-04T08:58:32|2021-09-04T09:57:02,2021-09-04T09:57:02,0.0
M6_event_stress_v1,drift_+3C,102Ah_45degC_1C_cell1,1065,14,91.21681790765996,91.821,ridge_event_replay,5,102Ah_45degC_1C_cell1|1061|2021-09-13T16:56:36|2021-09-13T17:54:36|#|102Ah_45degC_1C_cell1|1062|2021-09-13T19:51:09|2021-09-13T20:49:09|#|102Ah_45degC_1C_cell1|1063|2021-09-13T22:45:43|2021-09-13T23:43:43|#|102Ah_45degC_1C_cell1|1064|2021-09-14T01:40:15|2021-09-14T02:38:15|#|102Ah_45degC_1C_cell1|1065|2021-09-14T04:34:47|2021-09-14T05:32:47,2021-09-14T05:32:47,0.0
M6_event_stress_v1,drift_+3C,102Ah_45degC_1C_cell1,1141,15,91.26737806165427,91.424,ridge_event_replay,5,102Ah_45degC_1C_cell1|1137|2021-09-22T21:44:05|2021-09-22T22:42:05|#|102Ah_45degC_1C_cell1|1138|2021-09-23T00:38:10|2021-09-23T01:36:10|#|102Ah_45degC_1C_cell1|1139|2021-09-23T03:32:13|2021-09-23T04:30:13|#|102Ah_45degC_1C_cell1|1140|2021-09-23T06:26:17|2021-09-23T07:24:17|#|102Ah_45degC_1C_cell1|1141|2021-09-23T09:20:19|2021-09-23T10:18:19,2021-09-23T10:18:19,0.0
M6_event_stress_v1,drift_+3C,102Ah_45degC_1C_cell1,1219,16,90.57120873876255,90.943,ridge_event_replay,5,102Ah_45degC_1C_cell1|1215|2021-10-09T12:05:58|2021-10-09T13:03:28|#|102Ah_45degC_1C_cell1|1216|2021-10-09T14:59:26|2021-10-09T15:56:56|#|102Ah_45degC_1C_cell1|1217|2021-10-09T17:52:53|2021-10-09T18:50:23|#|102Ah_45degC_1C_cell1|1218|2021-10-09T20:46:21|2021-10-09T21:43:51|#|102Ah_45degC_1C_cell1|1219|2021-10-09T23:39:47|2021-10-10T00:37:16,2021-10-10T00:37:16,0.0
M6_event_stress_v1,drift_+3C,102Ah_45degC_1C_cell1,1292,17,90.30226953508972,90.603,ridge_event_replay,5,102Ah_45degC_1C_cell1|1288|2021-10-18T07:59:55|2021-10-18T08:57:25|#|102Ah_45degC_1C_cell1|1289|2021-10-18T10:53:00|2021-10-18T11:50:30|#|102Ah_45degC_1C_cell1|1290|2021-10-18T13:46:03|2021-10-18T14:43:33|#|102Ah_45degC_1C_cell1|1291|2021-10-18T16:39:06|2021-10-18T17:36:36|#|102Ah_45degC_1C_cell1|1292|2021-10-18T19:32:08|2021-10-18T20:29:38,2021-10-18T20:29:38,0.0
M6_event_stress_v1,drift_+3C,102Ah_45degC_1C_cell1,1368,18,91.38331960640019,90.278,ridge_event_replay,5,102Ah_45degC_1C_cell1|1364|2021-10-27T11:01:47|2021-10-27T11:58:47|#|102Ah_45degC_1C_cell1|1365|2021-10-27T13:54:10|2021-10-27T14:51:09|#|102Ah_45degC_1C_cell1|1366|2021-10-27T16:46:30|2021-10-27T17:43:29|#|102Ah_45degC_1C_cell1|1367|2021-10-27T19:38:51|2021-10-27T20:35:51|#|102Ah_45degC_1C_cell1|1368|2021-10-27T22:31:09|2021-10-27T23:28:09,2021-10-27T23:28:09,0.0
M6_event_stress_v1,drift_+3C,102Ah_45degC_1C_cell1,1443,19,89.4921791381411,89.822,ridge_event_replay,5,102Ah_45degC_1C_cell1|1439|2021-11-05T10:26:28|2021-11-05T11:23:28|#|102Ah_45degC_1C_cell1|1440|2021-11-05T13:18:34|2021-11-05T14:15:34|#|102Ah_45degC_1C_cell1|1441|2021-11-05T16:10:40|2021-11-05T17:07:40|#|102Ah_45degC_1C_cell1|1442|2021-11-05T19:02:47|2021-11-05T19:59:47|#|102Ah_45degC_1C_cell1|1443|2021-11-05T21:54:53|2021-11-05T22:51:52,2021-11-05T22:51:52,0.0
M6_event_stress_v1,drift_+3C,102Ah_45degC_1C_cell1,1521,20,88.83987798127139,89.494,ridge_event_replay,5,102Ah_45degC_1C_cell1|1517|2021-11-16T15:51:56|2021-11-16T16:48:26|#|102Ah_45degC_1C_cell1|1518|2021-11-16T18:43:39|2021-11-16T19:40:09|#|102Ah_45degC_1C_cell1|1519|2021-11-16T21:35:25|2021-11-16T22:31:55|#|102Ah_45degC_1C_cell1|1520|2021-11-17T00:27:07|2021-11-17T01:23:37|#|102Ah_45degC_1C_cell1|1521|2021-11-17T03:18:51|2021-11-17T04:15:21,2021-11-17T04:15:21,0.0
M6_event_stress_v1,drift_+3C,102Ah_45degC_1C_cell1,1596,21,88.48405660290582,89.036,ridge_event_replay,5,102Ah_45degC_1C_cell1|1592|2021-12-01T00:54:00|2021-12-01T01:50:30|#|102Ah_45degC_1C_cell1|1593|2021-12-01T03:45:11|2021-12-01T04:41:41|#|102Ah_45degC_1C_cell1|1594|2021-12-01T06:36:21|2021-12-01T07:32:51|#|102Ah_45degC_1C_cell1|1595|2021-12-01T09:27:32|2021-12-01T10:24:02|#|102Ah_45degC_1C_cell1|1596|2021-12-01T12:18:43|2021-12-01T13:15:13,2021-12-01T13:15:13,0.0
M6_event_stress_v1,drift_+3C,102Ah_45degC_1C_cell1,1670,22,88.38846831898128,88.696,ridge_event_replay,5,102Ah_45degC_1C_cell1|1666|2021-12-09T20:56:43|2021-12-09T21:53:13|#|102Ah_45degC_1C_cell1|1667|2021-12-09T23:47:31|2021-12-10T00:43:31|#|102Ah_45degC_1C_cell1|1668|2021-12-10T02:38:18|2021-12-10T03:34:48|#|102Ah_45degC_1C_cell1|1669|2021-12-10T05:29:05|2021-12-10T06:25:35|#|102Ah_45degC_1C_cell1|1670|2021-12-10T08:19:52|2021-12-10T09:15:52,2021-12-10T09:15:52,0.0
M6_event_stress_v1,drift_+3C,102Ah_45degC_1C_cell1,1743,23,87.75721376756144,88.347,ridge_event_replay,5,102Ah_45degC_1C_cell1|1739|2021-12-18T12:28:53|2021-12-18T13:24:53|#|102Ah_45degC_1C_cell1|1740|2021-12-18T15:19:15|2021-12-18T16:15:15|#|102Ah_45degC_1C_cell1|1741|2021-12-18T18:09:36|2021-12-18T19:05:36|#|102Ah_45degC_1C_cell1|1742|2021-12-18T20:59:57|2021-12-18T21:55:57|#|102Ah_45degC_1C_cell1|1743|2021-12-18T23:50:17|2021-12-19T00:46:17,2021-12-19T00:46:17,0.0
M6_event_stress_v1,drift_+3C,102Ah_45degC_1C_cell1,1815,24,87.73327651830766,88.0,ridge_event_replay,5,102Ah_45degC_1C_cell1|1811|2021-12-27T00:38:25|2021-12-27T01:34:24|#|102Ah_45degC_1C_cell1|1812|2021-12-27T03:28:20|2021-12-27T04:24:20|#|102Ah_45degC_1C_cell1|1813|2021-12-27T06:18:15|2021-12-27T07:14:15|#|102Ah_45degC_1C_cell1|1814|2021-12-27T09:08:11|2021-12-27T10:04:11|#|102Ah_45degC_1C_cell1|1815|2021-12-27T11:58:05|2021-12-27T12:54:05,2021-12-27T12:54:05,0.0
M6_event_stress_v1,drift_+3C,102Ah_45degC_1C_cell1,1888,25,86.9431853690517,87.625,ridge_event_replay,5,102Ah_45degC_1C_cell1|1884|2022-01-04T15:22:21|2022-01-04T16:17:51|#|102Ah_45degC_1C_cell1|1885|2022-01-04T18:11:50|2022-01-04T19:07:20|#|102Ah_45degC_1C_cell1|1886|2022-01-04T21:01:19|2022-01-04T21:56:49|#|102Ah_45degC_1C_cell1|1887|2022-01-04T23:50:48|2022-01-05T00:46:17|#|102Ah_45degC_1C_cell1|1888|2022-01-05T02:40:16|2022-01-05T03:35:46,2022-01-05T03:35:46,0.0
M6_event_stress_v1,drift_+3C,102Ah_45degC_1C_cell1,1962,26,86.94070018921097,87.258,ridge_event_replay,5,102Ah_45degC_1C_cell1|1957|2022-01-13T05:18:52|2022-01-13T06:14:22|#|102Ah_45degC_1C_cell1|1958|2022-01-13T10:56:59|2022-01-13T11:44:09|#|102Ah_45degC_1C_cell1|1960|2022-01-13T14:03:00|2022-01-13T14:58:30|#|102Ah_45degC_1C_cell1|1961|2022-01-13T16:52:01|2022-01-13T17:47:31|#|102Ah_45degC_1C_cell1|1962|2022-01-13T19:41:02|2022-01-13T20:36:32,2022-01-13T20:36:32,0.0
M6_event_stress_v1,drift_+3C,102Ah_45degC_1C_cell1,2036,27,86.27505301636265,86.915,ridge_event_replay,5,102Ah_45degC_1C_cell1|2032|2022-01-23T20:59:07|2022-01-23T21:54:07|#|102Ah_45degC_1C_cell1|2033|2022-01-23T23:47:46|2022-01-24T00:42:46|#|102Ah_45degC_1C_cell1|2034|2022-01-24T02:36:25|2022-01-24T03:31:25|#|102Ah_45degC_1C_cell1|2035|2022-01-24T05:25:03|2022-01-24T06:20:03|#|102Ah_45degC_1C_cell1|2036|2022-01-24T08:13:41|2022-01-24T09:08:41,2022-01-24T09:08:41,0.0
M6_event_stress_v1,drift_+3C,102Ah_45degC_1C_cell1,2122,28,86.16344895749053,86.361,ridge_event_replay,5,102Ah_45degC_1C_cell1|2118|2022-02-12T02:10:13|2022-02-12T03:05:13|#|102Ah_45degC_1C_cell1|2119|2022-02-12T04:58:11|2022-02-12T05:53:11|#|102Ah_45degC_1C_cell1|2120|2022-02-12T07:46:08|2022-02-12T08:41:08|#|102Ah_45degC_1C_cell1|2121|2022-02-12T10:34:06|2022-02-12T11:29:06|#|102Ah_45degC_1C_cell1|2122|2022-02-12T13:22:03|2022-02-12T14:17:03,2022-02-12T14:17:03,0.0
M6_event_stress_v1,drift_+3C,102Ah_45degC_1C_cell1,2208,29,85.26765138204411,85.894,ridge_event_replay,5,102Ah_45degC_1C_cell1|2204|2022-02-23T08:27:51|2022-02-23T09:22:11|#|102Ah_45degC_1C_cell1|2205|2022-02-23T11:15:05|2022-02-23T12:09:34|#|102Ah_45degC_1C_cell1|2206|2022-02-23T14:02:28|2022-02-23T14:56:58|#|102Ah_45degC_1C_cell1|2207|2022-02-23T16:49:52|2022-02-23T17:44:21|#|102Ah_45degC_1C_cell1|2208|2022-02-23T19:37:13|2022-02-23T20:31:43,2022-02-23T20:31:43,0.0
M6_event_stress_v1,drift_+3C,102Ah_45degC_1C_cell1,2280,30,85.2006853558971,85.512,ridge_event_replay,5,102Ah_45degC_1C_cell1|2276|2022-03-03T17:03:45|2022-03-03T17:58:15|#|102Ah_45degC_1C_cell1|2277|2022-03-03T19:50:42|2022-03-03T20:45:12|#|102Ah_45degC_1C_cell1|2278|2022-03-03T22:37:39|2022-03-03T23:32:09|#|102Ah_45degC_1C_cell1|2279|2022-03-04T01:24:30|2022-03-04T02:19:00|#|102Ah_45degC_1C_cell1|2280|2022-03-04T04:11:26|2022-03-04T05:05:56,2022-03-04T05:05:56,0.0
M6_event_stress_v1,stuck_35C,102Ah_45degC_1C_cell1,118,1,99.32505895494842,98.462,ridge_event_replay,5,102Ah_45degC_1C_cell1|114|2021-05-15T15:37:22|2021-05-15T16:39:21|#|102Ah_45degC_1C_cell1|115|2021-05-15T18:39:44|2021-05-15T19:41:44|#|102Ah_45degC_1C_cell1|116|2021-05-15T21:42:05|2021-05-15T22:44:05|#|102Ah_45degC_1C_cell1|117|2021-05-16T00:44:25|2021-05-16T01:46:25|#|102Ah_45degC_1C_cell1|118|2021-05-16T03:46:44|2021-05-16T04:48:44,2021-05-16T04:48:44,0.0
M6_event_stress_v1,stuck_35C,102Ah_45degC_1C_cell1,190,2,98.66551943516832,97.488,ridge_event_replay,5,102Ah_45degC_1C_cell1|186|2021-05-24T23:02:33|2021-05-25T00:04:02|#|102Ah_45degC_1C_cell1|187|2021-05-25T02:03:48|2021-05-25T03:05:18|#|102Ah_45degC_1C_cell1|188|2021-05-25T05:05:02|2021-05-25T06:06:32|#|102Ah_45degC_1C_cell1|189|2021-05-25T08:06:15|2021-05-25T09:07:45|#|102Ah_45degC_1C_cell1|190|2021-05-25T11:07:28|2021-05-25T12:08:58,2021-05-25T12:08:58,0.0
M6_event_stress_v1,stuck_35C,102Ah_45degC_1C_cell1,262,3,97.99135279903156,96.668,ridge_event_replay,5,102Ah_45degC_1C_cell1|258|2021-06-02T23:56:04|2021-06-03T00:57:04|#|102Ah_45degC_1C_cell1|259|2021-06-03T02:56:23|2021-06-03T03:57:23|#|102Ah_45degC_1C_cell1|260|2021-06-03T05:56:41|2021-06-03T06:57:41|#|102Ah_45degC_1C_cell1|261|2021-06-03T08:56:58|2021-06-03T09:57:58|#|102Ah_45degC_1C_cell1|262|2021-06-03T11:57:14|2021-06-03T12:58:14,2021-06-03T12:58:14,0.0
M6_event_stress_v1,stuck_35C,102Ah_45degC_1C_cell1,334,4,97.21948235143232,96.07,ridge_event_replay,5,102Ah_45degC_1C_cell1|330|2021-06-11T23:54:47|2021-06-12T00:55:17|#|102Ah_45degC_1C_cell1|331|2021-06-12T02:54:23|2021-06-12T03:54:52|#|102Ah_45degC_1C_cell1|332|2021-06-12T05:53:57|2021-06-12T06:54:27|#|102Ah_45degC_1C_cell1|333|2021-06-12T08:53:31|2021-06-12T09:54:01|#|102Ah_45degC_1C_cell1|334|2021-06-12T11:53:06|2021-06-12T12:53:36,2021-06-12T12:53:36,0.0
M6_event_stress_v1,stuck_35C,102Ah_45degC_1C_cell1,406,5,96.50099207404024,95.532,ridge_event_replay,5,102Ah_45degC_1C_cell1|402|2021-06-22T20:12:44|2021-06-22T21:12:44|#|102Ah_45degC_1C_cell1|403|2021-06-22T23:11:42|2021-06-23T00:11:42|#|102Ah_45degC_1C_cell1|404|2021-06-23T02:10:39|2021-06-23T03:10:39|#|102Ah_45degC_1C_cell1|405|2021-06-23T05:09:36|2021-06-23T06:09:36|#|102Ah_45degC_1C_cell1|406|2021-06-23T08:08:33|2021-06-23T09:08:33,2021-06-23T09:08:33,0.0
M6_event_stress_v1,stuck_35C,102Ah_45degC_1C_cell1,478,6,96.43853016495024,95.047,ridge_event_replay,5,102Ah_45degC_1C_cell1|474|2021-07-01T18:37:55|2021-07-01T19:37:54|#|102Ah_45degC_1C_cell1|475|2021-07-01T21:36:18|2021-07-01T22:36:18|#|102Ah_45degC_1C_cell1|476|2021-07-02T00:34:42|2021-07-02T01:34:42|#|102Ah_45degC_1C_cell1|477|2021-07-02T03:33:04|2021-07-02T04:33:04|#|102Ah_45degC_1C_cell1|478|2021-07-02T06:31:26|2021-07-02T07:31:26,2021-07-02T07:31:26,0.0
M6_event_stress_v1,stuck_35C,102Ah_45degC_1C_cell1,551,7,95.77291197290572,94.61,ridge_event_replay,5,102Ah_45degC_1C_cell1|547|2021-07-11T17:51:55|2021-07-11T18:51:55|#|102Ah_45degC_1C_cell1|548|2021-07-11T20:49:50|2021-07-11T21:49:50|#|102Ah_45degC_1C_cell1|549|2021-07-11T23:47:45|2021-07-12T00:47:15|#|102Ah_45degC_1C_cell1|550|2021-07-12T02:45:39|2021-07-12T03:45:09|#|102Ah_45degC_1C_cell1|551|2021-07-12T05:43:32|2021-07-12T06:43:02,2021-07-12T06:43:02,0.0
M6_event_stress_v1,stuck_35C,102Ah_45degC_1C_cell1,624,8,95.10465122600304,94.15,ridge_event_replay,5,102Ah_45degC_1C_cell1|620|2021-07-20T23:50:04|2021-07-21T00:49:34|#|102Ah_45degC_1C_cell1|621|2021-07-21T02:47:27|2021-07-21T03:46:57|#|102Ah_45degC_1C_cell1|622|2021-07-21T05:44:49|2021-07-21T06:44:19|#|102Ah_45degC_1C_cell1|623|2021-07-21T08:42:11|2021-07-21T09:41:40|#|102Ah_45degC_1C_cell1|624|2021-07-21T11:39:32|2021-07-21T12:39:02,2021-07-21T12:39:02,0.0
M6_event_stress_v1,stuck_35C,102Ah_45degC_1C_cell1,698,9,94.89527049152765,93.732,ridge_event_replay,5,102Ah_45degC_1C_cell1|694|2021-07-30T02:16:22|2021-07-30T03:15:22|#|102Ah_45degC_1C_cell1|695|2021-07-30T05:13:13|2021-07-30T06:12:13|#|102Ah_45degC_1C_cell1|696|2021-07-30T08:10:04|2021-07-30T09:09:04|#|102Ah_45degC_1C_cell1|697|2021-07-30T11:06:54|2021-07-30T12:05:54|#|102Ah_45degC_1C_cell1|698|2021-07-30T14:03:44|2021-07-30T15:02:44,2021-07-30T15:02:44,0.0
M6_event_stress_v1,stuck_35C,102Ah_45degC_1C_cell1,770,10,94.22029737797413,93.34,ridge_event_replay,5,102Ah_45degC_1C_cell1|766|2021-08-07T22:12:52|2021-08-07T23:11:52|#|102Ah_45degC_1C_cell1|767|2021-08-08T01:09:17|2021-08-08T02:08:16|#|102Ah_45degC_1C_cell1|768|2021-08-08T04:05:39|2021-08-08T05:04:39|#|102Ah_45degC_1C_cell1|769|2021-08-08T07:02:01|2021-08-08T08:01:01|#|102Ah_45degC_1C_cell1|770|2021-08-08T09:58:23|2021-08-08T10:57:23,2021-08-08T10:57:23,0.0
M6_event_stress_v1,stuck_35C,102Ah_45degC_1C_cell1,845,11,94.15772784761744,92.94,ridge_event_replay,5,102Ah_45degC_1C_cell1|841|2021-08-17T02:23:17|2021-08-17T03:22:16|#|102Ah_45degC_1C_cell1|842|2021-08-17T05:19:09|2021-08-17T06:18:09|#|102Ah_45degC_1C_cell1|843|2021-08-17T08:15:03|2021-08-17T09:14:03|#|102Ah_45degC_1C_cell1|844|2021-08-17T11:10:55|2021-08-17T12:09:55|#|102Ah_45degC_1C_cell1|845|2021-08-17T17:02:40|2021-08-17T18:01:10,2021-08-17T18:01:10,0.0
M6_event_stress_v1,stuck_35C,102Ah_45degC_1C_cell1,918,12,93.56940612780201,92.564,ridge_event_replay,5,102Ah_45degC_1C_cell1|914|2021-08-26T00:07:24|2021-08-26T01:05:54|#|102Ah_45degC_1C_cell1|915|2021-08-26T03:02:50|2021-08-26T04:01:20|#|102Ah_45degC_1C_cell1|916|2021-08-26T05:58:17|2021-08-26T06:56:46|#|102Ah_45degC_1C_cell1|917|2021-08-26T08:53:43|2021-08-26T09:52:13|#|102Ah_45degC_1C_cell1|918|2021-08-26T11:49:07|2021-08-26T12:47:37,2021-08-26T12:47:37,0.0
M6_event_stress_v1,stuck_35C,102Ah_45degC_1C_cell1,991,13,93.31251735058004,92.197,ridge_event_replay,5,102Ah_45degC_1C_cell1|987|2021-09-03T21:18:36|2021-09-03T22:17:06|#|102Ah_45degC_1C_cell1|988|2021-09-04T00:13:37|2021-09-04T01:12:07|#|102Ah_45degC_1C_cell1|989|2021-09-04T03:08:35|2021-09-04T04:07:05|#|102Ah_45degC_1C_cell1|990|2021-09-04T06:03:34|2021-09-04T07:02:04|#|102Ah_45degC_1C_cell1|991|2021-09-04T08:58:32|2021-09-04T09:57:02,2021-09-04T09:57:02,0.0
M6_event_stress_v1,stuck_35C,102Ah_45degC_1C_cell1,1065,14,92.6656328650671,91.821,ridge_event_replay,5,102Ah_45degC_1C_cell1|1061|2021-09-13T16:56:36|2021-09-13T17:54:36|#|102Ah_45degC_1C_cell1|1062|2021-09-13T19:51:09|2021-09-13T20:49:09|#|102Ah_45degC_1C_cell1|1063|2021-09-13T22:45:43|2021-09-13T23:43:43|#|102Ah_45degC_1C_cell1|1064|2021-09-14T01:40:15|2021-09-14T02:38:15|#|102Ah_45degC_1C_cell1|1065|2021-09-14T04:34:47|2021-09-14T05:32:47,2021-09-14T05:32:47,0.0
M6_event_stress_v1,stuck_35C,102Ah_45degC_1C_cell1,1141,15,92.66057222406943,91.424,ridge_event_replay,5,102Ah_45degC_1C_cell1|1137|2021-09-22T21:44:05|2021-09-22T22:42:05|#|102Ah_45degC_1C_cell1|1138|2021-09-23T00:38:10|2021-09-23T01:36:10|#|102Ah_45degC_1C_cell1|1139|2021-09-23T03:32:13|2021-09-23T04:30:13|#|102Ah_45degC_1C_cell1|1140|2021-09-23T06:26:17|2021-09-23T07:24:17|#|102Ah_45degC_1C_cell1|1141|2021-09-23T09:20:19|2021-09-23T10:18:19,2021-09-23T10:18:19,0.0
M6_event_stress_v1,stuck_35C,102Ah_45degC_1C_cell1,1219,16,91.9428219644248,90.943,ridge_event_replay,5,102Ah_45degC_1C_cell1|1215|2021-10-09T12:05:58|2021-10-09T13:03:28|#|102Ah_45degC_1C_cell1|1216|2021-10-09T14:59:26|2021-10-09T15:56:56|#|102Ah_45degC_1C_cell1|1217|2021-10-09T17:52:53|2021-10-09T18:50:23|#|102Ah_45degC_1C_cell1|1218|2021-10-09T20:46:21|2021-10-09T21:43:51|#|102Ah_45degC_1C_cell1|1219|2021-10-09T23:39:47|2021-10-10T00:37:16,2021-10-10T00:37:16,0.0
M6_event_stress_v1,stuck_35C,102Ah_45degC_1C_cell1,1292,17,91.67426840291895,90.603,ridge_event_replay,5,102Ah_45degC_1C_cell1|1288|2021-10-18T07:59:55|2021-10-18T08:57:25|#|102Ah_45degC_1C_cell1|1289|2021-10-18T10:53:00|2021-10-18T11:50:30|#|102Ah_45degC_1C_cell1|1290|2021-10-18T13:46:03|2021-10-18T14:43:33|#|102Ah_45degC_1C_cell1|1291|2021-10-18T16:39:06|2021-10-18T17:36:36|#|102Ah_45degC_1C_cell1|1292|2021-10-18T19:32:08|2021-10-18T20:29:38,2021-10-18T20:29:38,0.0
M6_event_stress_v1,stuck_35C,102Ah_45degC_1C_cell1,1368,18,91.84217284839389,90.278,ridge_event_replay,5,102Ah_45degC_1C_cell1|1364|2021-10-27T11:01:47|2021-10-27T11:58:47|#|102Ah_45degC_1C_cell1|1365|2021-10-27T13:54:10|2021-10-27T14:51:09|#|102Ah_45degC_1C_cell1|1366|2021-10-27T16:46:30|2021-10-27T17:43:29|#|102Ah_45degC_1C_cell1|1367|2021-10-27T19:38:51|2021-10-27T20:35:51|#|102Ah_45degC_1C_cell1|1368|2021-10-27T22:31:09|2021-10-27T23:28:09,2021-10-27T23:28:09,0.0
M6_event_stress_v1,stuck_35C,102Ah_45degC_1C_cell1,1443,19,90.88485978642576,89.822,ridge_event_replay,5,102Ah_45degC_1C_cell1|1439|2021-11-05T10:26:28|2021-11-05T11:23:28|#|102Ah_45degC_1C_cell1|1440|2021-11-05T13:18:34|2021-11-05T14:15:34|#|102Ah_45degC_1C_cell1|1441|2021-11-05T16:10:40|2021-11-05T17:07:40|#|102Ah_45degC_1C_cell1|1442|2021-11-05T19:02:47|2021-11-05T19:59:47|#|102Ah_45degC_1C_cell1|1443|2021-11-05T21:54:53|2021-11-05T22:51:52,2021-11-05T22:51:52,0.0
M6_event_stress_v1,stuck_35C,102Ah_45degC_1C_cell1,1521,20,90.21940020283392,89.494,ridge_event_replay,5,102Ah_45degC_1C_cell1|1517|2021-11-16T15:51:56|2021-11-16T16:48:26|#|102Ah_45degC_1C_cell1|1518|2021-11-16T18:43:39|2021-11-16T19:40:09|#|102Ah_45degC_1C_cell1|1519|2021-11-16T21:35:25|2021-11-16T22:31:55|#|102Ah_45degC_1C_cell1|1520|2021-11-17T00:27:07|2021-11-17T01:23:37|#|102Ah_45degC_1C_cell1|1521|2021-11-17T03:18:51|2021-11-17T04:15:21,2021-11-17T04:15:21,0.0
M6_event_stress_v1,stuck_35C,102Ah_45degC_1C_cell1,1596,21,90.07911426523023,89.036,ridge_event_replay,5,102Ah_45degC_1C_cell1|1592|2021-12-01T00:54:00|2021-12-01T01:50:30|#|102Ah_45degC_1C_cell1|1593|2021-12-01T03:45:11|2021-12-01T04:41:41|#|102Ah_45degC_1C_cell1|1594|2021-12-01T06:36:21|2021-12-01T07:32:51|#|102Ah_45degC_1C_cell1|1595|2021-12-01T09:27:32|2021-12-01T10:24:02|#|102Ah_45degC_1C_cell1|1596|2021-12-01T12:18:43|2021-12-01T13:15:13,2021-12-01T13:15:13,0.0
M6_event_stress_v1,stuck_35C,102Ah_45degC_1C_cell1,1670,22,89.99492626018858,88.696,ridge_event_replay,5,102Ah_45degC_1C_cell1|1666|2021-12-09T20:56:43|2021-12-09T21:53:13|#|102Ah_45degC_1C_cell1|1667|2021-12-09T23:47:31|2021-12-10T00:43:31|#|102Ah_45degC_1C_cell1|1668|2021-12-10T02:38:18|2021-12-10T03:34:48|#|102Ah_45degC_1C_cell1|1669|2021-12-10T05:29:05|2021-12-10T06:25:35|#|102Ah_45degC_1C_cell1|1670|2021-12-10T08:19:52|2021-12-10T09:15:52,2021-12-10T09:15:52,0.0
M6_event_stress_v1,stuck_35C,102Ah_45degC_1C_cell1,1743,23,89.3364152607867,88.347,ridge_event_replay,5,102Ah_45degC_1C_cell1|1739|2021-12-18T12:28:53|2021-12-18T13:24:53|#|102Ah_45degC_1C_cell1|1740|2021-12-18T15:19:15|2021-12-18T16:15:15|#|102Ah_45degC_1C_cell1|1741|2021-12-18T18:09:36|2021-12-18T19:05:36|#|102Ah_45degC_1C_cell1|1742|2021-12-18T20:59:57|2021-12-18T21:55:57|#|102Ah_45degC_1C_cell1|1743|2021-12-18T23:50:17|2021-12-19T00:46:17,2021-12-19T00:46:17,0.0
M6_event_stress_v1,stuck_35C,102Ah_45degC_1C_cell1,1815,24,89.2849182021697,88.0,ridge_event_replay,5,102Ah_45degC_1C_cell1|1811|2021-12-27T00:38:25|2021-12-27T01:34:24|#|102Ah_45degC_1C_cell1|1812|2021-12-27T03:28:20|2021-12-27T04:24:20|#|102Ah_45degC_1C_cell1|1813|2021-12-27T06:18:15|2021-12-27T07:14:15|#|102Ah_45degC_1C_cell1|1814|2021-12-27T09:08:11|2021-12-27T10:04:11|#|102Ah_45degC_1C_cell1|1815|2021-12-27T11:58:05|2021-12-27T12:54:05,2021-12-27T12:54:05,0.0
M6_event_stress_v1,stuck_35C,102Ah_45degC_1C_cell1,1888,25,88.49329395581101,87.625,ridge_event_replay,5,102Ah_45degC_1C_cell1|1884|2022-01-04T15:22:21|2022-01-04T16:17:51|#|102Ah_45degC_1C_cell1|1885|2022-01-04T18:11:50|2022-01-04T19:07:20|#|102Ah_45degC_1C_cell1|1886|2022-01-04T21:01:19|2022-01-04T21:56:49|#|102Ah_45degC_1C_cell1|1887|2022-01-04T23:50:48|2022-01-05T00:46:17|#|102Ah_45degC_1C_cell1|1888|2022-01-05T02:40:16|2022-01-05T03:35:46,2022-01-05T03:35:46,0.0
M6_event_stress_v1,stuck_35C,102Ah_45degC_1C_cell1,1962,26,88.47057192671458,87.258,ridge_event_replay,5,102Ah_45degC_1C_cell1|1957|2022-01-13T05:18:52|2022-01-13T06:14:22|#|102Ah_45degC_1C_cell1|1958|2022-01-13T10:56:59|2022-01-13T11:44:09|#|102Ah_45degC_1C_cell1|1960|2022-01-13T14:03:00|2022-01-13T14:58:30|#|102Ah_45degC_1C_cell1|1961|2022-01-13T16:52:01|2022-01-13T17:47:31|#|102Ah_45degC_1C_cell1|1962|2022-01-13T19:41:02|2022-01-13T20:36:32,2022-01-13T20:36:32,0.0
M6_event_stress_v1,stuck_35C,102Ah_45degC_1C_cell1,2036,27,87.79741329599294,86.915,ridge_event_replay,5,102Ah_45degC_1C_cell1|2032|2022-01-23T20:59:07|2022-01-23T21:54:07|#|102Ah_45degC_1C_cell1|2033|2022-01-23T23:47:46|2022-01-24T00:42:46|#|102Ah_45degC_1C_cell1|2034|2022-01-24T02:36:25|2022-01-24T03:31:25|#|102Ah_45degC_1C_cell1|2035|2022-01-24T05:25:03|2022-01-24T06:20:03|#|102Ah_45degC_1C_cell1|2036|2022-01-24T08:13:41|2022-01-24T09:08:41,2022-01-24T09:08:41,0.0
M6_event_stress_v1,stuck_35C,102Ah_45degC_1C_cell1,2122,28,87.65968072759767,86.361,ridge_event_replay,5,102Ah_45degC_1C_cell1|2118|2022-02-12T02:10:13|2022-02-12T03:05:13|#|102Ah_45degC_1C_cell1|2119|2022-02-12T04:58:11|2022-02-12T05:53:11|#|102Ah_45degC_1C_cell1|2120|2022-02-12T07:46:08|2022-02-12T08:41:08|#|102Ah_45degC_1C_cell1|2121|2022-02-12T10:34:06|2022-02-12T11:29:06|#|102Ah_45degC_1C_cell1|2122|2022-02-12T13:22:03|2022-02-12T14:17:03,2022-02-12T14:17:03,0.0
M6_event_stress_v1,stuck_35C,102Ah_45degC_1C_cell1,2208,29,86.76160306026068,85.894,ridge_event_replay,5,102Ah_45degC_1C_cell1|2204|2022-02-23T08:27:51|2022-02-23T09:22:11|#|102Ah_45degC_1C_cell1|2205|2022-02-23T11:15:05|2022-02-23T12:09:34|#|102Ah_45degC_1C_cell1|2206|2022-02-23T14:02:28|2022-02-23T14:56:58|#|102Ah_45degC_1C_cell1|2207|2022-02-23T16:49:52|2022-02-23T17:44:21|#|102Ah_45degC_1C_cell1|2208|2022-02-23T19:37:13|2022-02-23T20:31:43,2022-02-23T20:31:43,0.0
M6_event_stress_v1,stuck_35C,102Ah_45degC_1C_cell1,2280,30,86.67606108386589,85.512,ridge_event_replay,5,102Ah_45degC_1C_cell1|2276|2022-03-03T17:03:45|2022-03-03T17:58:15|#|102Ah_45degC_1C_cell1|2277|2022-03-03T19:50:42|2022-03-03T20:45:12|#|102Ah_45degC_1C_cell1|2278|2022-03-03T22:37:39|2022-03-03T23:32:09|#|102Ah_45degC_1C_cell1|2279|2022-03-04T01:24:30|2022-03-04T02:19:00|#|102Ah_45degC_1C_cell1|2280|2022-03-04T04:11:26|2022-03-04T05:05:56,2022-03-04T05:05:56,0.0
M6_event_stress_v1,random_missing_20pct,102Ah_45degC_1C_cell1,118,1,97.71245479842663,98.462,ridge_event_replay,4,102Ah_45degC_1C_cell1|114|2021-05-15T15:37:22|2021-05-15T16:39:21|#|102Ah_45degC_1C_cell1|115|2021-05-15T18:39:44|2021-05-15T19:41:44|#|102Ah_45degC_1C_cell1|116|2021-05-15T21:42:05|2021-05-15T22:44:05|#|102Ah_45degC_1C_cell1|118|2021-05-16T03:46:44|2021-05-16T04:48:44,2021-05-16T04:48:44,0.0
M6_event_stress_v1,random_missing_20pct,102Ah_45degC_1C_cell1,190,2,97.12528678354829,97.488,ridge_event_replay,3,102Ah_45degC_1C_cell1|187|2021-05-25T02:03:48|2021-05-25T03:05:18|#|102Ah_45degC_1C_cell1|189|2021-05-25T08:06:15|2021-05-25T09:07:45|#|102Ah_45degC_1C_cell1|190|2021-05-25T11:07:28|2021-05-25T12:08:58,2021-05-25T12:08:58,0.0
M6_event_stress_v1,random_missing_20pct,102Ah_45degC_1C_cell1,262,3,96.45627778206574,96.668,ridge_event_replay,4,102Ah_45degC_1C_cell1|259|2021-06-03T02:56:23|2021-06-03T03:57:23|#|102Ah_45degC_1C_cell1|260|2021-06-03T05:56:41|2021-06-03T06:57:41|#|102Ah_45degC_1C_cell1|261|2021-06-03T08:56:58|2021-06-03T09:57:58|#|102Ah_45degC_1C_cell1|262|2021-06-03T11:57:14|2021-06-03T12:58:14,2021-06-03T12:58:14,0.0
M6_event_stress_v1,random_missing_20pct,102Ah_45degC_1C_cell1,334,4,95.73456013570889,96.07,ridge_event_replay,4,102Ah_45degC_1C_cell1|330|2021-06-11T23:54:47|2021-06-12T00:55:17|#|102Ah_45degC_1C_cell1|332|2021-06-12T05:53:57|2021-06-12T06:54:27|#|102Ah_45degC_1C_cell1|333|2021-06-12T08:53:31|2021-06-12T09:54:01|#|102Ah_45degC_1C_cell1|334|2021-06-12T11:53:06|2021-06-12T12:53:36,2021-06-12T12:53:36,0.0
M6_event_stress_v1,random_missing_20pct,102Ah_45degC_1C_cell1,406,5,95.01493918919829,95.532,ridge_event_replay,5,102Ah_45degC_1C_cell1|402|2021-06-22T20:12:44|2021-06-22T21:12:44|#|102Ah_45degC_1C_cell1|403|2021-06-22T23:11:42|2021-06-23T00:11:42|#|102Ah_45degC_1C_cell1|404|2021-06-23T02:10:39|2021-06-23T03:10:39|#|102Ah_45degC_1C_cell1|405|2021-06-23T05:09:36|2021-06-23T06:09:36|#|102Ah_45degC_1C_cell1|406|2021-06-23T08:08:33|2021-06-23T09:08:33,2021-06-23T09:08:33,0.0
M6_event_stress_v1,random_missing_20pct,102Ah_45degC_1C_cell1,478,6,94.97125957241143,95.047,ridge_event_replay,4,102Ah_45degC_1C_cell1|474|2021-07-01T18:37:55|2021-07-01T19:37:54|#|102Ah_45degC_1C_cell1|475|2021-07-01T21:36:18|2021-07-01T22:36:18|#|102Ah_45degC_1C_cell1|476|2021-07-02T00:34:42|2021-07-02T01:34:42|#|102Ah_45degC_1C_cell1|478|2021-07-02T06:31:26|2021-07-02T07:31:26,2021-07-02T07:31:26,0.0
M6_event_stress_v1,random_missing_20pct,102Ah_45degC_1C_cell1,551,7,94.33476311946113,94.61,ridge_event_replay,4,102Ah_45degC_1C_cell1|548|2021-07-11T20:49:50|2021-07-11T21:49:50|#|102Ah_45degC_1C_cell1|549|2021-07-11T23:47:45|2021-07-12T00:47:15|#|102Ah_45degC_1C_cell1|550|2021-07-12T02:45:39|2021-07-12T03:45:09|#|102Ah_45degC_1C_cell1|551|2021-07-12T05:43:32|2021-07-12T06:43:02,2021-07-12T06:43:02,0.0
M6_event_stress_v1,random_missing_20pct,102Ah_45degC_1C_cell1,624,8,93.66360266680584,94.15,ridge_event_replay,4,102Ah_45degC_1C_cell1|620|2021-07-20T23:50:04|2021-07-21T00:49:34|#|102Ah_45degC_1C_cell1|621|2021-07-21T02:47:27|2021-07-21T03:46:57|#|102Ah_45degC_1C_cell1|622|2021-07-21T05:44:49|2021-07-21T06:44:19|#|102Ah_45degC_1C_cell1|623|2021-07-21T08:42:11|2021-07-21T09:41:40,2021-07-21T09:41:40,0.0
M6_event_stress_v1,random_missing_20pct,102Ah_45degC_1C_cell1,698,9,93.52218192330587,93.732,ridge_event_replay,3,102Ah_45degC_1C_cell1|694|2021-07-30T02:16:22|2021-07-30T03:15:22|#|102Ah_45degC_1C_cell1|695|2021-07-30T05:13:13|2021-07-30T06:12:13|#|102Ah_45degC_1C_cell1|698|2021-07-30T14:03:44|2021-07-30T15:02:44,2021-07-30T15:02:44,0.0
M6_event_stress_v1,random_missing_20pct,102Ah_45degC_1C_cell1,770,10,92.79613329362617,93.34,ridge_event_replay,4,102Ah_45degC_1C_cell1|766|2021-08-07T22:12:52|2021-08-07T23:11:52|#|102Ah_45degC_1C_cell1|767|2021-08-08T01:09:17|2021-08-08T02:08:16|#|102Ah_45degC_1C_cell1|768|2021-08-08T04:05:39|2021-08-08T05:04:39|#|102Ah_45degC_1C_cell1|769|2021-08-08T07:02:01|2021-08-08T08:01:01,2021-08-08T08:01:01,0.0
M6_event_stress_v1,random_missing_20pct,102Ah_45degC_1C_cell1,845,11,92.61150984544014,92.94,ridge_event_replay,4,102Ah_45degC_1C_cell1|841|2021-08-17T02:23:17|2021-08-17T03:22:16|#|102Ah_45degC_1C_cell1|842|2021-08-17T05:19:09|2021-08-17T06:18:09|#|102Ah_45degC_1C_cell1|843|2021-08-17T08:15:03|2021-08-17T09:14:03|#|102Ah_45degC_1C_cell1|844|2021-08-17T11:10:55|2021-08-17T12:09:55,2021-08-17T12:09:55,0.0
M6_event_stress_v1,random_missing_20pct,102Ah_45degC_1C_cell1,918,12,92.11604608971732,92.564,ridge_event_replay,4,102Ah_45degC_1C_cell1|914|2021-08-26T00:07:24|2021-08-26T01:05:54|#|102Ah_45degC_1C_cell1|915|2021-08-26T03:02:50|2021-08-26T04:01:20|#|102Ah_45degC_1C_cell1|916|2021-08-26T05:58:17|2021-08-26T06:56:46|#|102Ah_45degC_1C_cell1|918|2021-08-26T11:49:07|2021-08-26T12:47:37,2021-08-26T12:47:37,0.0
M6_event_stress_v1,random_missing_20pct,102Ah_45degC_1C_cell1,991,13,91.84244608245763,92.197,ridge_event_replay,4,102Ah_45degC_1C_cell1|987|2021-09-03T21:18:36|2021-09-03T22:17:06|#|102Ah_45degC_1C_cell1|989|2021-09-04T03:08:35|2021-09-04T04:07:05|#|102Ah_45degC_1C_cell1|990|2021-09-04T06:03:34|2021-09-04T07:02:04|#|102Ah_45degC_1C_cell1|991|2021-09-04T08:58:32|2021-09-04T09:57:02,2021-09-04T09:57:02,0.0
M6_event_stress_v1,random_missing_20pct,102Ah_45degC_1C_cell1,1065,14,91.26145633761891,91.821,ridge_event_replay,4,102Ah_45degC_1C_cell1|1062|2021-09-13T19:51:09|2021-09-13T20:49:09|#|102Ah_45degC_1C_cell1|1063|2021-09-13T22:45:43|2021-09-13T23:43:43|#|102Ah_45degC_1C_cell1|1064|2021-09-14T01:40:15|2021-09-14T02:38:15|#|102Ah_45degC_1C_cell1|1065|2021-09-14T04:34:47|2021-09-14T05:32:47,2021-09-14T05:32:47,0.0
M6_event_stress_v1,random_missing_20pct,102Ah_45degC_1C_cell1,1141,15,91.23467368099851,91.424,ridge_event_replay,4,102Ah_45degC_1C_cell1|1138|2021-09-23T00:38:10|2021-09-23T01:36:10|#|102Ah_45degC_1C_cell1|1139|2021-09-23T03:32:13|2021-09-23T04:30:13|#|102Ah_45degC_1C_cell1|1140|2021-09-23T06:26:17|2021-09-23T07:24:17|#|102Ah_45degC_1C_cell1|1141|2021-09-23T09:20:19|2021-09-23T10:18:19,2021-09-23T10:18:19,0.0
M6_event_stress_v1,random_missing_20pct,102Ah_45degC_1C_cell1,1219,16,90.51387572224324,90.943,ridge_event_replay,4,102Ah_45degC_1C_cell1|1215|2021-10-09T12:05:58|2021-10-09T13:03:28|#|102Ah_45degC_1C_cell1|1216|2021-10-09T14:59:26|2021-10-09T15:56:56|#|102Ah_45degC_1C_cell1|1217|2021-10-09T17:52:53|2021-10-09T18:50:23|#|102Ah_45degC_1C_cell1|1219|2021-10-09T23:39:47|2021-10-10T00:37:16,2021-10-10T00:37:16,0.0
M6_event_stress_v1,random_missing_20pct,102Ah_45degC_1C_cell1,1292,17,90.32548635665039,90.603,ridge_event_replay,4,102Ah_45degC_1C_cell1|1288|2021-10-18T07:59:55|2021-10-18T08:57:25|#|102Ah_45degC_1C_cell1|1289|2021-10-18T10:53:00|2021-10-18T11:50:30|#|102Ah_45degC_1C_cell1|1291|2021-10-18T16:39:06|2021-10-18T17:36:36|#|102Ah_45degC_1C_cell1|1292|2021-10-18T19:32:08|2021-10-18T20:29:38,2021-10-18T20:29:38,0.0
M6_event_stress_v1,random_missing_20pct,102Ah_45degC_1C_cell1,1368,18,91.31517979239693,90.278,ridge_event_replay,5,102Ah_45degC_1C_cell1|1364|2021-10-27T11:01:47|2021-10-27T11:58:47|#|102Ah_45degC_1C_cell1|1365|2021-10-27T13:54:10|2021-10-27T14:51:09|#|102Ah_45degC_1C_cell1|1366|2021-10-27T16:46:30|2021-10-27T17:43:29|#|102Ah_45degC_1C_cell1|1367|2021-10-27T19:38:51|2021-10-27T20:35:51|#|102Ah_45degC_1C_cell1|1368|2021-10-27T22:31:09|2021-10-27T23:28:09,2021-10-27T23:28:09,0.0
M6_event_stress_v1,random_missing_20pct,102Ah_45degC_1C_cell1,1443,19,89.41821425469722,89.822,ridge_event_replay,4,102Ah_45degC_1C_cell1|1439|2021-11-05T10:26:28|2021-11-05T11:23:28|#|102Ah_45degC_1C_cell1|1441|2021-11-05T16:10:40|2021-11-05T17:07:40|#|102Ah_45degC_1C_cell1|1442|2021-11-05T19:02:47|2021-11-05T19:59:47|#|102Ah_45degC_1C_cell1|1443|2021-11-05T21:54:53|2021-11-05T22:51:52,2021-11-05T22:51:52,0.0
M6_event_stress_v1,random_missing_20pct,102Ah_45degC_1C_cell1,1521,20,88.75362632601629,89.494,ridge_event_replay,5,102Ah_45degC_1C_cell1|1517|2021-11-16T15:51:56|2021-11-16T16:48:26|#|102Ah_45degC_1C_cell1|1518|2021-11-16T18:43:39|2021-11-16T19:40:09|#|102Ah_45degC_1C_cell1|1519|2021-11-16T21:35:25|2021-11-16T22:31:55|#|102Ah_45degC_1C_cell1|1520|2021-11-17T00:27:07|2021-11-17T01:23:37|#|102Ah_45degC_1C_cell1|1521|2021-11-17T03:18:51|2021-11-17T04:15:21,2021-11-17T04:15:21,0.0
M6_event_stress_v1,random_missing_20pct,102Ah_45degC_1C_cell1,1596,21,88.3807988027873,89.036,ridge_event_replay,5,102Ah_45degC_1C_cell1|1592|2021-12-01T00:54:00|2021-12-01T01:50:30|#|102Ah_45degC_1C_cell1|1593|2021-12-01T03:45:11|2021-12-01T04:41:41|#|102Ah_45degC_1C_cell1|1594|2021-12-01T06:36:21|2021-12-01T07:32:51|#|102Ah_45degC_1C_cell1|1595|2021-12-01T09:27:32|2021-12-01T10:24:02|#|102Ah_45degC_1C_cell1|1596|2021-12-01T12:18:43|2021-12-01T13:15:13,2021-12-01T13:15:13,0.0
M6_event_stress_v1,random_missing_20pct,102Ah_45degC_1C_cell1,1670,22,88.24903798592702,88.696,ridge_event_replay,3,102Ah_45degC_1C_cell1|1667|2021-12-09T23:47:31|2021-12-10T00:43:31|#|102Ah_45degC_1C_cell1|1669|2021-12-10T05:29:05|2021-12-10T06:25:35|#|102Ah_45degC_1C_cell1|1670|2021-12-10T08:19:52|2021-12-10T09:15:52,2021-12-10T09:15:52,0.0
M6_event_stress_v1,random_missing_20pct,102Ah_45degC_1C_cell1,1743,23,87.62635024264516,88.347,ridge_event_replay,4,102Ah_45degC_1C_cell1|1740|2021-12-18T15:19:15|2021-12-18T16:15:15|#|102Ah_45degC_1C_cell1|1741|2021-12-18T18:09:36|2021-12-18T19:05:36|#|102Ah_45degC_1C_cell1|1742|2021-12-18T20:59:57|2021-12-18T21:55:57|#|102Ah_45degC_1C_cell1|1743|2021-12-18T23:50:17|2021-12-19T00:46:17,2021-12-19T00:46:17,0.0
M6_event_stress_v1,random_missing_20pct,102Ah_45degC_1C_cell1,1815,24,87.57422365059229,88.0,ridge_event_replay,4,102Ah_45degC_1C_cell1|1811|2021-12-27T00:38:25|2021-12-27T01:34:24|#|102Ah_45degC_1C_cell1|1813|2021-12-27T06:18:15|2021-12-27T07:14:15|#|102Ah_45degC_1C_cell1|1814|2021-12-27T09:08:11|2021-12-27T10:04:11|#|102Ah_45degC_1C_cell1|1815|2021-12-27T11:58:05|2021-12-27T12:54:05,2021-12-27T12:54:05,0.0
M6_event_stress_v1,random_missing_20pct,102Ah_45degC_1C_cell1,1888,25,86.8591386857649,87.625,ridge_event_replay,4,102Ah_45degC_1C_cell1|1884|2022-01-04T15:22:21|2022-01-04T16:17:51|#|102Ah_45degC_1C_cell1|1885|2022-01-04T18:11:50|2022-01-04T19:07:20|#|102Ah_45degC_1C_cell1|1887|2022-01-04T23:50:48|2022-01-05T00:46:17|#|102Ah_45degC_1C_cell1|1888|2022-01-05T02:40:16|2022-01-05T03:35:46,2022-01-05T03:35:46,0.0
M6_event_stress_v1,random_missing_20pct,102Ah_45degC_1C_cell1,1962,26,86.7589486010417,87.258,ridge_event_replay,5,102Ah_45degC_1C_cell1|1957|2022-01-13T05:18:52|2022-01-13T06:14:22|#|102Ah_45degC_1C_cell1|1958|2022-01-13T10:56:59|2022-01-13T11:44:09|#|102Ah_45degC_1C_cell1|1960|2022-01-13T14:03:00|2022-01-13T14:58:30|#|102Ah_45degC_1C_cell1|1961|2022-01-13T16:52:01|2022-01-13T17:47:31|#|102Ah_45degC_1C_cell1|1962|2022-01-13T19:41:02|2022-01-13T20:36:32,2022-01-13T20:36:32,0.0
M6_event_stress_v1,random_missing_20pct,102Ah_45degC_1C_cell1,2036,27,86.07626629230951,86.915,ridge_event_replay,4,102Ah_45degC_1C_cell1|2032|2022-01-23T20:59:07|2022-01-23T21:54:07|#|102Ah_45degC_1C_cell1|2033|2022-01-23T23:47:46|2022-01-24T00:42:46|#|102Ah_45degC_1C_cell1|2034|2022-01-24T02:36:25|2022-01-24T03:31:25|#|102Ah_45degC_1C_cell1|2036|2022-01-24T08:13:41|2022-01-24T09:08:41,2022-01-24T09:08:41,0.0
M6_event_stress_v1,random_missing_20pct,102Ah_45degC_1C_cell1,2122,28,85.9475853956541,86.361,ridge_event_replay,4,102Ah_45degC_1C_cell1|2118|2022-02-12T02:10:13|2022-02-12T03:05:13|#|102Ah_45degC_1C_cell1|2119|2022-02-12T04:58:11|2022-02-12T05:53:11|#|102Ah_45degC_1C_cell1|2120|2022-02-12T07:46:08|2022-02-12T08:41:08|#|102Ah_45degC_1C_cell1|2121|2022-02-12T10:34:06|2022-02-12T11:29:06,2022-02-12T11:29:06,0.0
M6_event_stress_v1,random_missing_20pct,102Ah_45degC_1C_cell1,2208,29,85.04408338654378,85.894,ridge_event_replay,3,102Ah_45degC_1C_cell1|2204|2022-02-23T08:27:51|2022-02-23T09:22:11|#|102Ah_45degC_1C_cell1|2205|2022-02-23T11:15:05|2022-02-23T12:09:34|#|102Ah_45degC_1C_cell1|2206|2022-02-23T14:02:28|2022-02-23T14:56:58,2022-02-23T14:56:58,0.0
M6_event_stress_v1,random_missing_20pct,102Ah_45degC_1C_cell1,2280,30,84.95047864899385,85.512,ridge_event_replay,5,102Ah_45degC_1C_cell1|2276|2022-03-03T17:03:45|2022-03-03T17:58:15|#|102Ah_45degC_1C_cell1|2277|2022-03-03T19:50:42|2022-03-03T20:45:12|#|102Ah_45degC_1C_cell1|2278|2022-03-03T22:37:39|2022-03-03T23:32:09|#|102Ah_45degC_1C_cell1|2279|2022-03-04T01:24:30|2022-03-04T02:19:00|#|102Ah_45degC_1C_cell1|2280|2022-03-04T04:11:26|2022-03-04T05:05:56,2022-03-04T05:05:56,0.0
M6_event_stress_v1,contiguous_missing_20pct,102Ah_45degC_1C_cell1,118,1,97.63698220530182,98.462,ridge_event_replay,5,102Ah_45degC_1C_cell1|114|2021-05-15T15:37:22|2021-05-15T16:39:21|#|102Ah_45degC_1C_cell1|115|2021-05-15T18:39:44|2021-05-15T19:41:44|#|102Ah_45degC_1C_cell1|116|2021-05-15T21:42:05|2021-05-15T22:44:05|#|102Ah_45degC_1C_cell1|117|2021-05-16T00:44:25|2021-05-16T01:46:25|#|102Ah_45degC_1C_cell1|118|2021-05-16T03:46:44|2021-05-16T04:48:44,2021-05-16T04:48:44,0.0
M6_event_stress_v1,contiguous_missing_20pct,102Ah_45degC_1C_cell1,190,2,97.03639448678813,97.488,ridge_event_replay,5,102Ah_45degC_1C_cell1|186|2021-05-24T23:02:33|2021-05-25T00:04:02|#|102Ah_45degC_1C_cell1|187|2021-05-25T02:03:48|2021-05-25T03:05:18|#|102Ah_45degC_1C_cell1|188|2021-05-25T05:05:02|2021-05-25T06:06:32|#|102Ah_45degC_1C_cell1|189|2021-05-25T08:06:15|2021-05-25T09:07:45|#|102Ah_45degC_1C_cell1|190|2021-05-25T11:07:28|2021-05-25T12:08:58,2021-05-25T12:08:58,0.0
M6_event_stress_v1,contiguous_missing_20pct,102Ah_45degC_1C_cell1,262,3,96.39011610562704,96.668,ridge_event_replay,5,102Ah_45degC_1C_cell1|258|2021-06-02T23:56:04|2021-06-03T00:57:04|#|102Ah_45degC_1C_cell1|259|2021-06-03T02:56:23|2021-06-03T03:57:23|#|102Ah_45degC_1C_cell1|260|2021-06-03T05:56:41|2021-06-03T06:57:41|#|102Ah_45degC_1C_cell1|261|2021-06-03T08:56:58|2021-06-03T09:57:58|#|102Ah_45degC_1C_cell1|262|2021-06-03T11:57:14|2021-06-03T12:58:14,2021-06-03T12:58:14,0.0
M6_event_stress_v1,contiguous_missing_20pct,102Ah_45degC_1C_cell1,334,4,95.61249305701865,96.07,ridge_event_replay,5,102Ah_45degC_1C_cell1|330|2021-06-11T23:54:47|2021-06-12T00:55:17|#|102Ah_45degC_1C_cell1|331|2021-06-12T02:54:23|2021-06-12T03:54:52|#|102Ah_45degC_1C_cell1|332|2021-06-12T05:53:57|2021-06-12T06:54:27|#|102Ah_45degC_1C_cell1|333|2021-06-12T08:53:31|2021-06-12T09:54:01|#|102Ah_45degC_1C_cell1|334|2021-06-12T11:53:06|2021-06-12T12:53:36,2021-06-12T12:53:36,0.0
M6_event_stress_v1,contiguous_missing_20pct,102Ah_45degC_1C_cell1,406,5,94.90491597491169,95.532,ridge_event_replay,5,102Ah_45degC_1C_cell1|402|2021-06-22T20:12:44|2021-06-22T21:12:44|#|102Ah_45degC_1C_cell1|403|2021-06-22T23:11:42|2021-06-23T00:11:42|#|102Ah_45degC_1C_cell1|404|2021-06-23T02:10:39|2021-06-23T03:10:39|#|102Ah_45degC_1C_cell1|405|2021-06-23T05:09:36|2021-06-23T06:09:36|#|102Ah_45degC_1C_cell1|406|2021-06-23T08:08:33|2021-06-23T09:08:33,2021-06-23T09:08:33,0.0
M6_event_stress_v1,contiguous_missing_20pct,102Ah_45degC_1C_cell1,478,6,94.84378880912635,95.047,ridge_event_replay,5,102Ah_45degC_1C_cell1|474|2021-07-01T18:37:55|2021-07-01T19:37:54|#|102Ah_45degC_1C_cell1|475|2021-07-01T21:36:18|2021-07-01T22:36:18|#|102Ah_45degC_1C_cell1|476|2021-07-02T00:34:42|2021-07-02T01:34:42|#|102Ah_45degC_1C_cell1|477|2021-07-02T03:33:04|2021-07-02T04:33:04|#|102Ah_45degC_1C_cell1|478|2021-07-02T06:31:26|2021-07-02T07:31:26,2021-07-02T07:31:26,0.0
M6_event_stress_v1,contiguous_missing_20pct,102Ah_45degC_1C_cell1,551,7,94.18033863786802,94.61,ridge_event_replay,5,102Ah_45degC_1C_cell1|547|2021-07-11T17:51:55|2021-07-11T18:51:55|#|102Ah_45degC_1C_cell1|548|2021-07-11T20:49:50|2021-07-11T21:49:50|#|102Ah_45degC_1C_cell1|549|2021-07-11T23:47:45|2021-07-12T00:47:15|#|102Ah_45degC_1C_cell1|550|2021-07-12T02:45:39|2021-07-12T03:45:09|#|102Ah_45degC_1C_cell1|551|2021-07-12T05:43:32|2021-07-12T06:43:02,2021-07-12T06:43:02,0.0
M6_event_stress_v1,contiguous_missing_20pct,102Ah_45degC_1C_cell1,624,8,93.5066597509101,94.15,ridge_event_replay,5,102Ah_45degC_1C_cell1|620|2021-07-20T23:50:04|2021-07-21T00:49:34|#|102Ah_45degC_1C_cell1|621|2021-07-21T02:47:27|2021-07-21T03:46:57|#|102Ah_45degC_1C_cell1|622|2021-07-21T05:44:49|2021-07-21T06:44:19|#|102Ah_45degC_1C_cell1|623|2021-07-21T08:42:11|2021-07-21T09:41:40|#|102Ah_45degC_1C_cell1|624|2021-07-21T11:39:32|2021-07-21T12:39:02,2021-07-21T12:39:02,0.0
M6_event_stress_v1,contiguous_missing_20pct,102Ah_45degC_1C_cell1,698,9,93.30658564191594,93.732,ridge_event_replay,5,102Ah_45degC_1C_cell1|694|2021-07-30T02:16:22|2021-07-30T03:15:22|#|102Ah_45degC_1C_cell1|695|2021-07-30T05:13:13|2021-07-30T06:12:13|#|102Ah_45degC_1C_cell1|696|2021-07-30T08:10:04|2021-07-30T09:09:04|#|102Ah_45degC_1C_cell1|697|2021-07-30T11:06:54|2021-07-30T12:05:54|#|102Ah_45degC_1C_cell1|698|2021-07-30T14:03:44|2021-07-30T15:02:44,2021-07-30T15:02:44,0.0
M6_event_stress_v1,contiguous_missing_20pct,102Ah_45degC_1C_cell1,770,10,92.6348429806515,93.34,ridge_event_replay,5,102Ah_45degC_1C_cell1|766|2021-08-07T22:12:52|2021-08-07T23:11:52|#|102Ah_45degC_1C_cell1|767|2021-08-08T01:09:17|2021-08-08T02:08:16|#|102Ah_45degC_1C_cell1|768|2021-08-08T04:05:39|2021-08-08T05:04:39|#|102Ah_45degC_1C_cell1|769|2021-08-08T07:02:01|2021-08-08T08:01:01|#|102Ah_45degC_1C_cell1|770|2021-08-08T09:58:23|2021-08-08T10:57:23,2021-08-08T10:57:23,0.0
M6_event_stress_v1,contiguous_missing_20pct,102Ah_45degC_1C_cell1,845,11,92.52970524586745,92.94,ridge_event_replay,5,102Ah_45degC_1C_cell1|841|2021-08-17T02:23:17|2021-08-17T03:22:16|#|102Ah_45degC_1C_cell1|842|2021-08-17T05:19:09|2021-08-17T06:18:09|#|102Ah_45degC_1C_cell1|843|2021-08-17T08:15:03|2021-08-17T09:14:03|#|102Ah_45degC_1C_cell1|844|2021-08-17T11:10:55|2021-08-17T12:09:55|#|102Ah_45degC_1C_cell1|845|2021-08-17T17:02:40|2021-08-17T18:01:10,2021-08-17T18:01:10,0.0
M6_event_stress_v1,contiguous_missing_20pct,102Ah_45degC_1C_cell1,918,12,92.25992367099246,92.564,ridge_event_replay,0,,2021-08-22T23:57:50,0.0
M6_event_stress_v1,contiguous_missing_20pct,102Ah_45degC_1C_cell1,991,13,91.67715335076467,92.197,ridge_event_replay,0,,2021-08-22T23:57:50,0.0
M6_event_stress_v1,contiguous_missing_20pct,102Ah_45degC_1C_cell1,1065,14,91.03301052649644,91.821,ridge_event_replay,0,,2021-08-22T23:57:50,0.0
M6_event_stress_v1,contiguous_missing_20pct,102Ah_45degC_1C_cell1,1141,15,90.42945613828192,91.424,ridge_event_replay,0,,2021-08-22T23:57:50,0.0
M6_event_stress_v1,contiguous_missing_20pct,102Ah_45degC_1C_cell1,1219,16,89.34043309938534,90.943,ridge_event_replay,0,,2021-08-22T23:57:50,0.0
M6_event_stress_v1,contiguous_missing_20pct,102Ah_45degC_1C_cell1,1292,17,89.23184909062748,90.603,ridge_event_replay,0,,2021-08-22T23:57:50,0.0
M6_event_stress_v1,contiguous_missing_20pct,102Ah_45degC_1C_cell1,1368,18,91.39996229747513,90.278,ridge_event_replay,5,102Ah_45degC_1C_cell1|1364|2021-10-27T11:01:47|2021-10-27T11:58:47|#|102Ah_45degC_1C_cell1|1365|2021-10-27T13:54:10|2021-10-27T14:51:09|#|102Ah_45degC_1C_cell1|1366|2021-10-27T16:46:30|2021-10-27T17:43:29|#|102Ah_45degC_1C_cell1|1367|2021-10-27T19:38:51|2021-10-27T20:35:51|#|102Ah_45degC_1C_cell1|1368|2021-10-27T22:31:09|2021-10-27T23:28:09,2021-10-27T23:28:09,0.0
M6_event_stress_v1,contiguous_missing_20pct,102Ah_45degC_1C_cell1,1443,19,89.48803432337047,89.822,ridge_event_replay,5,102Ah_45degC_1C_cell1|1439|2021-11-05T10:26:28|2021-11-05T11:23:28|#|102Ah_45degC_1C_cell1|1440|2021-11-05T13:18:34|2021-11-05T14:15:34|#|102Ah_45degC_1C_cell1|1441|2021-11-05T16:10:40|2021-11-05T17:07:40|#|102Ah_45degC_1C_cell1|1442|2021-11-05T19:02:47|2021-11-05T19:59:47|#|102Ah_45degC_1C_cell1|1443|2021-11-05T21:54:53|2021-11-05T22:51:52,2021-11-05T22:51:52,0.0
M6_event_stress_v1,contiguous_missing_20pct,102Ah_45degC_1C_cell1,1521,20,88.80892038727787,89.494,ridge_event_replay,5,102Ah_45degC_1C_cell1|1517|2021-11-16T15:51:56|2021-11-16T16:48:26|#|102Ah_45degC_1C_cell1|1518|2021-11-16T18:43:39|2021-11-16T19:40:09|#|102Ah_45degC_1C_cell1|1519|2021-11-16T21:35:25|2021-11-16T22:31:55|#|102Ah_45degC_1C_cell1|1520|2021-11-17T00:27:07|2021-11-17T01:23:37|#|102Ah_45degC_1C_cell1|1521|2021-11-17T03:18:51|2021-11-17T04:15:21,2021-11-17T04:15:21,0.0
M6_event_stress_v1,contiguous_missing_20pct,102Ah_45degC_1C_cell1,1596,21,88.42527704277148,89.036,ridge_event_replay,5,102Ah_45degC_1C_cell1|1592|2021-12-01T00:54:00|2021-12-01T01:50:30|#|102Ah_45degC_1C_cell1|1593|2021-12-01T03:45:11|2021-12-01T04:41:41|#|102Ah_45degC_1C_cell1|1594|2021-12-01T06:36:21|2021-12-01T07:32:51|#|102Ah_45degC_1C_cell1|1595|2021-12-01T09:27:32|2021-12-01T10:24:02|#|102Ah_45degC_1C_cell1|1596|2021-12-01T12:18:43|2021-12-01T13:15:13,2021-12-01T13:15:13,0.0
M6_event_stress_v1,contiguous_missing_20pct,102Ah_45degC_1C_cell1,1670,22,88.30306551267773,88.696,ridge_event_replay,5,102Ah_45degC_1C_cell1|1666|2021-12-09T20:56:43|2021-12-09T21:53:13|#|102Ah_45degC_1C_cell1|1667|2021-12-09T23:47:31|2021-12-10T00:43:31|#|102Ah_45degC_1C_cell1|1668|2021-12-10T02:38:18|2021-12-10T03:34:48|#|102Ah_45degC_1C_cell1|1669|2021-12-10T05:29:05|2021-12-10T06:25:35|#|102Ah_45degC_1C_cell1|1670|2021-12-10T08:19:52|2021-12-10T09:15:52,2021-12-10T09:15:52,0.0
M6_event_stress_v1,contiguous_missing_20pct,102Ah_45degC_1C_cell1,1743,23,87.64495353435555,88.347,ridge_event_replay,5,102Ah_45degC_1C_cell1|1739|2021-12-18T12:28:53|2021-12-18T13:24:53|#|102Ah_45degC_1C_cell1|1740|2021-12-18T15:19:15|2021-12-18T16:15:15|#|102Ah_45degC_1C_cell1|1741|2021-12-18T18:09:36|2021-12-18T19:05:36|#|102Ah_45degC_1C_cell1|1742|2021-12-18T20:59:57|2021-12-18T21:55:57|#|102Ah_45degC_1C_cell1|1743|2021-12-18T23:50:17|2021-12-19T00:46:17,2021-12-19T00:46:17,0.0
M6_event_stress_v1,contiguous_missing_20pct,102Ah_45degC_1C_cell1,1815,24,87.5951329278173,88.0,ridge_event_replay,5,102Ah_45degC_1C_cell1|1811|2021-12-27T00:38:25|2021-12-27T01:34:24|#|102Ah_45degC_1C_cell1|1812|2021-12-27T03:28:20|2021-12-27T04:24:20|#|102Ah_45degC_1C_cell1|1813|2021-12-27T06:18:15|2021-12-27T07:14:15|#|102Ah_45degC_1C_cell1|1814|2021-12-27T09:08:11|2021-12-27T10:04:11|#|102Ah_45degC_1C_cell1|1815|2021-12-27T11:58:05|2021-12-27T12:54:05,2021-12-27T12:54:05,0.0
M6_event_stress_v1,contiguous_missing_20pct,102Ah_45degC_1C_cell1,1888,25,86.78032690564214,87.625,ridge_event_replay,5,102Ah_45degC_1C_cell1|1884|2022-01-04T15:22:21|2022-01-04T16:17:51|#|102Ah_45degC_1C_cell1|1885|2022-01-04T18:11:50|2022-01-04T19:07:20|#|102Ah_45degC_1C_cell1|1886|2022-01-04T21:01:19|2022-01-04T21:56:49|#|102Ah_45degC_1C_cell1|1887|2022-01-04T23:50:48|2022-01-05T00:46:17|#|102Ah_45degC_1C_cell1|1888|2022-01-05T02:40:16|2022-01-05T03:35:46,2022-01-05T03:35:46,0.0
M6_event_stress_v1,contiguous_missing_20pct,102Ah_45degC_1C_cell1,1962,26,86.75201424093125,87.258,ridge_event_replay,5,102Ah_45degC_1C_cell1|1957|2022-01-13T05:18:52|2022-01-13T06:14:22|#|102Ah_45degC_1C_cell1|1958|2022-01-13T10:56:59|2022-01-13T11:44:09|#|102Ah_45degC_1C_cell1|1960|2022-01-13T14:03:00|2022-01-13T14:58:30|#|102Ah_45degC_1C_cell1|1961|2022-01-13T16:52:01|2022-01-13T17:47:31|#|102Ah_45degC_1C_cell1|1962|2022-01-13T19:41:02|2022-01-13T20:36:32,2022-01-13T20:36:32,0.0
M6_event_stress_v1,contiguous_missing_20pct,102Ah_45degC_1C_cell1,2036,27,86.06158595714815,86.915,ridge_event_replay,5,102Ah_45degC_1C_cell1|2032|2022-01-23T20:59:07|2022-01-23T21:54:07|#|102Ah_45degC_1C_cell1|2033|2022-01-23T23:47:46|2022-01-24T00:42:46|#|102Ah_45degC_1C_cell1|2034|2022-01-24T02:36:25|2022-01-24T03:31:25|#|102Ah_45degC_1C_cell1|2035|2022-01-24T05:25:03|2022-01-24T06:20:03|#|102Ah_45degC_1C_cell1|2036|2022-01-24T08:13:41|2022-01-24T09:08:41,2022-01-24T09:08:41,0.0
M6_event_stress_v1,contiguous_missing_20pct,102Ah_45degC_1C_cell1,2122,28,85.92625015191378,86.361,ridge_event_replay,5,102Ah_45degC_1C_cell1|2118|2022-02-12T02:10:13|2022-02-12T03:05:13|#|102Ah_45degC_1C_cell1|2119|2022-02-12T04:58:11|2022-02-12T05:53:11|#|102Ah_45degC_1C_cell1|2120|2022-02-12T07:46:08|2022-02-12T08:41:08|#|102Ah_45degC_1C_cell1|2121|2022-02-12T10:34:06|2022-02-12T11:29:06|#|102Ah_45degC_1C_cell1|2122|2022-02-12T13:22:03|2022-02-12T14:17:03,2022-02-12T14:17:03,0.0
M6_event_stress_v1,contiguous_missing_20pct,102Ah_45degC_1C_cell1,2208,29,85.0088352708279,85.894,ridge_event_replay,5,102Ah_45degC_1C_cell1|2204|2022-02-23T08:27:51|2022-02-23T09:22:11|#|102Ah_45degC_1C_cell1|2205|2022-02-23T11:15:05|2022-02-23T12:09:34|#|102Ah_45degC_1C_cell1|2206|2022-02-23T14:02:28|2022-02-23T14:56:58|#|102Ah_45degC_1C_cell1|2207|2022-02-23T16:49:52|2022-02-23T17:44:21|#|102Ah_45degC_1C_cell1|2208|2022-02-23T19:37:13|2022-02-23T20:31:43,2022-02-23T20:31:43,0.0
M6_event_stress_v1,contiguous_missing_20pct,102Ah_45degC_1C_cell1,2280,30,84.91627280158707,85.512,ridge_event_replay,5,102Ah_45degC_1C_cell1|2276|2022-03-03T17:03:45|2022-03-03T17:58:15|#|102Ah_45degC_1C_cell1|2277|2022-03-03T19:50:42|2022-03-03T20:45:12|#|102Ah_45degC_1C_cell1|2278|2022-03-03T22:37:39|2022-03-03T23:32:09|#|102Ah_45degC_1C_cell1|2279|2022-03-04T01:24:30|2022-03-04T02:19:00|#|102Ah_45degC_1C_cell1|2280|2022-03-04T04:11:26|2022-03-04T05:05:56,2022-03-04T05:05:56,0.0
M6_event_stress_v1,temperature_event_shift_1,102Ah_45degC_1C_cell1,118,1,97.63698220530182,98.462,ridge_event_replay,5,102Ah_45degC_1C_cell1|114|2021-05-15T15:37:22|2021-05-15T16:39:21|#|102Ah_45degC_1C_cell1|115|2021-05-15T18:39:44|2021-05-15T19:41:44|#|102Ah_45degC_1C_cell1|116|2021-05-15T21:42:05|2021-05-15T22:44:05|#|102Ah_45degC_1C_cell1|117|2021-05-16T00:44:25|2021-05-16T01:46:25|#|102Ah_45degC_1C_cell1|118|2021-05-16T03:46:44|2021-05-16T04:48:44,2021-05-16T04:48:44,0.0
M6_event_stress_v1,temperature_event_shift_1,102Ah_45degC_1C_cell1,190,2,97.03639448678813,97.488,ridge_event_replay,5,102Ah_45degC_1C_cell1|186|2021-05-24T23:02:33|2021-05-25T00:04:02|#|102Ah_45degC_1C_cell1|187|2021-05-25T02:03:48|2021-05-25T03:05:18|#|102Ah_45degC_1C_cell1|188|2021-05-25T05:05:02|2021-05-25T06:06:32|#|102Ah_45degC_1C_cell1|189|2021-05-25T08:06:15|2021-05-25T09:07:45|#|102Ah_45degC_1C_cell1|190|2021-05-25T11:07:28|2021-05-25T12:08:58,2021-05-25T12:08:58,0.0
M6_event_stress_v1,temperature_event_shift_1,102Ah_45degC_1C_cell1,262,3,96.39011610562704,96.668,ridge_event_replay,5,102Ah_45degC_1C_cell1|258|2021-06-02T23:56:04|2021-06-03T00:57:04|#|102Ah_45degC_1C_cell1|259|2021-06-03T02:56:23|2021-06-03T03:57:23|#|102Ah_45degC_1C_cell1|260|2021-06-03T05:56:41|2021-06-03T06:57:41|#|102Ah_45degC_1C_cell1|261|2021-06-03T08:56:58|2021-06-03T09:57:58|#|102Ah_45degC_1C_cell1|262|2021-06-03T11:57:14|2021-06-03T12:58:14,2021-06-03T12:58:14,0.0
M6_event_stress_v1,temperature_event_shift_1,102Ah_45degC_1C_cell1,334,4,95.60484203242108,96.07,ridge_event_replay,5,102Ah_45degC_1C_cell1|330|2021-06-11T23:54:47|2021-06-12T00:55:17|#|102Ah_45degC_1C_cell1|331|2021-06-12T02:54:23|2021-06-12T03:54:52|#|102Ah_45degC_1C_cell1|332|2021-06-12T05:53:57|2021-06-12T06:54:27|#|102Ah_45degC_1C_cell1|333|2021-06-12T08:53:31|2021-06-12T09:54:01|#|102Ah_45degC_1C_cell1|334|2021-06-12T11:53:06|2021-06-12T12:53:36,2021-06-12T12:53:36,0.0
M6_event_stress_v1,temperature_event_shift_1,102Ah_45degC_1C_cell1,406,5,94.90491597491169,95.532,ridge_event_replay,5,102Ah_45degC_1C_cell1|402|2021-06-22T20:12:44|2021-06-22T21:12:44|#|102Ah_45degC_1C_cell1|403|2021-06-22T23:11:42|2021-06-23T00:11:42|#|102Ah_45degC_1C_cell1|404|2021-06-23T02:10:39|2021-06-23T03:10:39|#|102Ah_45degC_1C_cell1|405|2021-06-23T05:09:36|2021-06-23T06:09:36|#|102Ah_45degC_1C_cell1|406|2021-06-23T08:08:33|2021-06-23T09:08:33,2021-06-23T09:08:33,0.0
M6_event_stress_v1,temperature_event_shift_1,102Ah_45degC_1C_cell1,478,6,94.84378880912635,95.047,ridge_event_replay,5,102Ah_45degC_1C_cell1|474|2021-07-01T18:37:55|2021-07-01T19:37:54|#|102Ah_45degC_1C_cell1|475|2021-07-01T21:36:18|2021-07-01T22:36:18|#|102Ah_45degC_1C_cell1|476|2021-07-02T00:34:42|2021-07-02T01:34:42|#|102Ah_45degC_1C_cell1|477|2021-07-02T03:33:04|2021-07-02T04:33:04|#|102Ah_45degC_1C_cell1|478|2021-07-02T06:31:26|2021-07-02T07:31:26,2021-07-02T07:31:26,0.0
M6_event_stress_v1,temperature_event_shift_1,102Ah_45degC_1C_cell1,551,7,94.18033863786802,94.61,ridge_event_replay,5,102Ah_45degC_1C_cell1|547|2021-07-11T17:51:55|2021-07-11T18:51:55|#|102Ah_45degC_1C_cell1|548|2021-07-11T20:49:50|2021-07-11T21:49:50|#|102Ah_45degC_1C_cell1|549|2021-07-11T23:47:45|2021-07-12T00:47:15|#|102Ah_45degC_1C_cell1|550|2021-07-12T02:45:39|2021-07-12T03:45:09|#|102Ah_45degC_1C_cell1|551|2021-07-12T05:43:32|2021-07-12T06:43:02,2021-07-12T06:43:02,0.0
M6_event_stress_v1,temperature_event_shift_1,102Ah_45degC_1C_cell1,624,8,93.5066597509101,94.15,ridge_event_replay,5,102Ah_45degC_1C_cell1|620|2021-07-20T23:50:04|2021-07-21T00:49:34|#|102Ah_45degC_1C_cell1|621|2021-07-21T02:47:27|2021-07-21T03:46:57|#|102Ah_45degC_1C_cell1|622|2021-07-21T05:44:49|2021-07-21T06:44:19|#|102Ah_45degC_1C_cell1|623|2021-07-21T08:42:11|2021-07-21T09:41:40|#|102Ah_45degC_1C_cell1|624|2021-07-21T11:39:32|2021-07-21T12:39:02,2021-07-21T12:39:02,0.0
M6_event_stress_v1,temperature_event_shift_1,102Ah_45degC_1C_cell1,698,9,93.30658564191594,93.732,ridge_event_replay,5,102Ah_45degC_1C_cell1|694|2021-07-30T02:16:22|2021-07-30T03:15:22|#|102Ah_45degC_1C_cell1|695|2021-07-30T05:13:13|2021-07-30T06:12:13|#|102Ah_45degC_1C_cell1|696|2021-07-30T08:10:04|2021-07-30T09:09:04|#|102Ah_45degC_1C_cell1|697|2021-07-30T11:06:54|2021-07-30T12:05:54|#|102Ah_45degC_1C_cell1|698|2021-07-30T14:03:44|2021-07-30T15:02:44,2021-07-30T15:02:44,0.0
M6_event_stress_v1,temperature_event_shift_1,102Ah_45degC_1C_cell1,770,10,92.6348429806515,93.34,ridge_event_replay,5,102Ah_45degC_1C_cell1|766|2021-08-07T22:12:52|2021-08-07T23:11:52|#|102Ah_45degC_1C_cell1|767|2021-08-08T01:09:17|2021-08-08T02:08:16|#|102Ah_45degC_1C_cell1|768|2021-08-08T04:05:39|2021-08-08T05:04:39|#|102Ah_45degC_1C_cell1|769|2021-08-08T07:02:01|2021-08-08T08:01:01|#|102Ah_45degC_1C_cell1|770|2021-08-08T09:58:23|2021-08-08T10:57:23,2021-08-08T10:57:23,0.0
M6_event_stress_v1,temperature_event_shift_1,102Ah_45degC_1C_cell1,845,11,92.52970524586745,92.94,ridge_event_replay,5,102Ah_45degC_1C_cell1|841|2021-08-17T02:23:17|2021-08-17T03:22:16|#|102Ah_45degC_1C_cell1|842|2021-08-17T05:19:09|2021-08-17T06:18:09|#|102Ah_45degC_1C_cell1|843|2021-08-17T08:15:03|2021-08-17T09:14:03|#|102Ah_45degC_1C_cell1|844|2021-08-17T11:10:55|2021-08-17T12:09:55|#|102Ah_45degC_1C_cell1|845|2021-08-17T17:02:40|2021-08-17T18:01:10,2021-08-17T18:01:10,0.0
M6_event_stress_v1,temperature_event_shift_1,102Ah_45degC_1C_cell1,918,12,91.93013201974739,92.564,ridge_event_replay,5,102Ah_45degC_1C_cell1|914|2021-08-26T00:07:24|2021-08-26T01:05:54|#|102Ah_45degC_1C_cell1|915|2021-08-26T03:02:50|2021-08-26T04:01:20|#|102Ah_45degC_1C_cell1|916|2021-08-26T05:58:17|2021-08-26T06:56:46|#|102Ah_45degC_1C_cell1|917|2021-08-26T08:53:43|2021-08-26T09:52:13|#|102Ah_45degC_1C_cell1|918|2021-08-26T11:49:07|2021-08-26T12:47:37,2021-08-26T12:47:37,0.0
M6_event_stress_v1,temperature_event_shift_1,102Ah_45degC_1C_cell1,991,13,91.66103011478738,92.197,ridge_event_replay,5,102Ah_45degC_1C_cell1|987|2021-09-03T21:18:36|2021-09-03T22:17:06|#|102Ah_45degC_1C_cell1|988|2021-09-04T00:13:37|2021-09-04T01:12:07|#|102Ah_45degC_1C_cell1|989|2021-09-04T03:08:35|2021-09-04T04:07:05|#|102Ah_45degC_1C_cell1|990|2021-09-04T06:03:34|2021-09-04T07:02:04|#|102Ah_45degC_1C_cell1|991|2021-09-04T08:58:32|2021-09-04T09:57:02,2021-09-04T09:57:02,0.0
M6_event_stress_v1,temperature_event_shift_1,102Ah_45degC_1C_cell1,1065,14,91.01629494403659,91.821,ridge_event_replay,5,102Ah_45degC_1C_cell1|1061|2021-09-13T16:56:36|2021-09-13T17:54:36|#|102Ah_45degC_1C_cell1|1062|2021-09-13T19:51:09|2021-09-13T20:49:09|#|102Ah_45degC_1C_cell1|1063|2021-09-13T22:45:43|2021-09-13T23:43:43|#|102Ah_45degC_1C_cell1|1064|2021-09-14T01:40:15|2021-09-14T02:38:15|#|102Ah_45degC_1C_cell1|1065|2021-09-14T04:34:47|2021-09-14T05:32:47,2021-09-14T05:32:47,0.0
M6_event_stress_v1,temperature_event_shift_1,102Ah_45degC_1C_cell1,1141,15,91.05448663426895,91.424,ridge_event_replay,5,102Ah_45degC_1C_cell1|1137|2021-09-22T21:44:05|2021-09-22T22:42:05|#|102Ah_45degC_1C_cell1|1138|2021-09-23T00:38:10|2021-09-23T01:36:10|#|102Ah_45degC_1C_cell1|1139|2021-09-23T03:32:13|2021-09-23T04:30:13|#|102Ah_45degC_1C_cell1|1140|2021-09-23T06:26:17|2021-09-23T07:24:17|#|102Ah_45degC_1C_cell1|1141|2021-09-23T09:20:19|2021-09-23T10:18:19,2021-09-23T10:18:19,0.0
M6_event_stress_v1,temperature_event_shift_1,102Ah_45degC_1C_cell1,1219,16,90.353312051499,90.943,ridge_event_replay,5,102Ah_45degC_1C_cell1|1215|2021-10-09T12:05:58|2021-10-09T13:03:28|#|102Ah_45degC_1C_cell1|1216|2021-10-09T14:59:26|2021-10-09T15:56:56|#|102Ah_45degC_1C_cell1|1217|2021-10-09T17:52:53|2021-10-09T18:50:23|#|102Ah_45degC_1C_cell1|1218|2021-10-09T20:46:21|2021-10-09T21:43:51|#|102Ah_45degC_1C_cell1|1219|2021-10-09T23:39:47|2021-10-10T00:37:16,2021-10-10T00:37:16,0.0
M6_event_stress_v1,temperature_event_shift_1,102Ah_45degC_1C_cell1,1292,17,90.07275291587406,90.603,ridge_event_replay,5,102Ah_45degC_1C_cell1|1288|2021-10-18T07:59:55|2021-10-18T08:57:25|#|102Ah_45degC_1C_cell1|1289|2021-10-18T10:53:00|2021-10-18T11:50:30|#|102Ah_45degC_1C_cell1|1290|2021-10-18T13:46:03|2021-10-18T14:43:33|#|102Ah_45degC_1C_cell1|1291|2021-10-18T16:39:06|2021-10-18T17:36:36|#|102Ah_45degC_1C_cell1|1292|2021-10-18T19:32:08|2021-10-18T20:29:38,2021-10-18T20:29:38,0.0
M6_event_stress_v1,temperature_event_shift_1,102Ah_45degC_1C_cell1,1368,18,91.10149053999409,90.278,ridge_event_replay,5,102Ah_45degC_1C_cell1|1364|2021-10-27T11:01:47|2021-10-27T11:58:47|#|102Ah_45degC_1C_cell1|1365|2021-10-27T13:54:10|2021-10-27T14:51:09|#|102Ah_45degC_1C_cell1|1366|2021-10-27T16:46:30|2021-10-27T17:43:29|#|102Ah_45degC_1C_cell1|1367|2021-10-27T19:38:51|2021-10-27T20:35:51|#|102Ah_45degC_1C_cell1|1368|2021-10-27T22:31:09|2021-10-27T23:28:09,2021-10-27T23:28:09,0.0
M6_event_stress_v1,temperature_event_shift_1,102Ah_45degC_1C_cell1,1443,19,89.23275185746532,89.822,ridge_event_replay,5,102Ah_45degC_1C_cell1|1439|2021-11-05T10:26:28|2021-11-05T11:23:28|#|102Ah_45degC_1C_cell1|1440|2021-11-05T13:18:34|2021-11-05T14:15:34|#|102Ah_45degC_1C_cell1|1441|2021-11-05T16:10:40|2021-11-05T17:07:40|#|102Ah_45degC_1C_cell1|1442|2021-11-05T19:02:47|2021-11-05T19:59:47|#|102Ah_45degC_1C_cell1|1443|2021-11-05T21:54:53|2021-11-05T22:51:52,2021-11-05T22:51:52,0.0
M6_event_stress_v1,temperature_event_shift_1,102Ah_45degC_1C_cell1,1521,20,88.56887705329287,89.494,ridge_event_replay,5,102Ah_45degC_1C_cell1|1517|2021-11-16T15:51:56|2021-11-16T16:48:26|#|102Ah_45degC_1C_cell1|1518|2021-11-16T18:43:39|2021-11-16T19:40:09|#|102Ah_45degC_1C_cell1|1519|2021-11-16T21:35:25|2021-11-16T22:31:55|#|102Ah_45degC_1C_cell1|1520|2021-11-17T00:27:07|2021-11-17T01:23:37|#|102Ah_45degC_1C_cell1|1521|2021-11-17T03:18:51|2021-11-17T04:15:21,2021-11-17T04:15:21,0.0
M6_event_stress_v1,temperature_event_shift_1,102Ah_45degC_1C_cell1,1596,21,88.20039326749321,89.036,ridge_event_replay,5,102Ah_45degC_1C_cell1|1592|2021-12-01T00:54:00|2021-12-01T01:50:30|#|102Ah_45degC_1C_cell1|1593|2021-12-01T03:45:11|2021-12-01T04:41:41|#|102Ah_45degC_1C_cell1|1594|2021-12-01T06:36:21|2021-12-01T07:32:51|#|102Ah_45degC_1C_cell1|1595|2021-12-01T09:27:32|2021-12-01T10:24:02|#|102Ah_45degC_1C_cell1|1596|2021-12-01T12:18:43|2021-12-01T13:15:13,2021-12-01T13:15:13,0.0
M6_event_stress_v1,temperature_event_shift_1,102Ah_45degC_1C_cell1,1670,22,88.09325783145916,88.696,ridge_event_replay,5,102Ah_45degC_1C_cell1|1666|2021-12-09T20:56:43|2021-12-09T21:53:13|#|102Ah_45degC_1C_cell1|1667|2021-12-09T23:47:31|2021-12-10T00:43:31|#|102Ah_45degC_1C_cell1|1668|2021-12-10T02:38:18|2021-12-10T03:34:48|#|102Ah_45degC_1C_cell1|1669|2021-12-10T05:29:05|2021-12-10T06:25:35|#|102Ah_45degC_1C_cell1|1670|2021-12-10T08:19:52|2021-12-10T09:15:52,2021-12-10T09:15:52,0.0
M6_event_stress_v1,temperature_event_shift_1,102Ah_45degC_1C_cell1,1743,23,87.4501755572482,88.347,ridge_event_replay,5,102Ah_45degC_1C_cell1|1739|2021-12-18T12:28:53|2021-12-18T13:24:53|#|102Ah_45degC_1C_cell1|1740|2021-12-18T15:19:15|2021-12-18T16:15:15|#|102Ah_45degC_1C_cell1|1741|2021-12-18T18:09:36|2021-12-18T19:05:36|#|102Ah_45degC_1C_cell1|1742|2021-12-18T20:59:57|2021-12-18T21:55:57|#|102Ah_45degC_1C_cell1|1743|2021-12-18T23:50:17|2021-12-19T00:46:17,2021-12-19T00:46:17,0.0
M6_event_stress_v1,temperature_event_shift_1,102Ah_45degC_1C_cell1,1815,24,87.41533539920289,88.0,ridge_event_replay,5,102Ah_45degC_1C_cell1|1811|2021-12-27T00:38:25|2021-12-27T01:34:24|#|102Ah_45degC_1C_cell1|1812|2021-12-27T03:28:20|2021-12-27T04:24:20|#|102Ah_45degC_1C_cell1|1813|2021-12-27T06:18:15|2021-12-27T07:14:15|#|102Ah_45degC_1C_cell1|1814|2021-12-27T09:08:11|2021-12-27T10:04:11|#|102Ah_45degC_1C_cell1|1815|2021-12-27T11:58:05|2021-12-27T12:54:05,2021-12-27T12:54:05,0.0
M6_event_stress_v1,temperature_event_shift_1,102Ah_45degC_1C_cell1,1888,25,86.61544330692988,87.625,ridge_event_replay,5,102Ah_45degC_1C_cell1|1884|2022-01-04T15:22:21|2022-01-04T16:17:51|#|102Ah_45degC_1C_cell1|1885|2022-01-04T18:11:50|2022-01-04T19:07:20|#|102Ah_45degC_1C_cell1|1886|2022-01-04T21:01:19|2022-01-04T21:56:49|#|102Ah_45degC_1C_cell1|1887|2022-01-04T23:50:48|2022-01-05T00:46:17|#|102Ah_45degC_1C_cell1|1888|2022-01-05T02:40:16|2022-01-05T03:35:46,2022-01-05T03:35:46,0.0
M6_event_stress_v1,temperature_event_shift_1,102Ah_45degC_1C_cell1,1962,26,86.60196125836086,87.258,ridge_event_replay,5,102Ah_45degC_1C_cell1|1957|2022-01-13T05:18:52|2022-01-13T06:14:22|#|102Ah_45degC_1C_cell1|1958|2022-01-13T10:56:59|2022-01-13T11:44:09|#|102Ah_45degC_1C_cell1|1960|2022-01-13T14:03:00|2022-01-13T14:58:30|#|102Ah_45degC_1C_cell1|1961|2022-01-13T16:52:01|2022-01-13T17:47:31|#|102Ah_45degC_1C_cell1|1962|2022-01-13T19:41:02|2022-01-13T20:36:32,2022-01-13T20:36:32,0.0
M6_event_stress_v1,temperature_event_shift_1,102Ah_45degC_1C_cell1,2036,27,85.92633216799129,86.915,ridge_event_replay,5,102Ah_45degC_1C_cell1|2032|2022-01-23T20:59:07|2022-01-23T21:54:07|#|102Ah_45degC_1C_cell1|2033|2022-01-23T23:47:46|2022-01-24T00:42:46|#|102Ah_45degC_1C_cell1|2034|2022-01-24T02:36:25|2022-01-24T03:31:25|#|102Ah_45degC_1C_cell1|2035|2022-01-24T05:25:03|2022-01-24T06:20:03|#|102Ah_45degC_1C_cell1|2036|2022-01-24T08:13:41|2022-01-24T09:08:41,2022-01-24T09:08:41,0.0
M6_event_stress_v1,temperature_event_shift_1,102Ah_45degC_1C_cell1,2122,28,85.80550108359871,86.361,ridge_event_replay,5,102Ah_45degC_1C_cell1|2118|2022-02-12T02:10:13|2022-02-12T03:05:13|#|102Ah_45degC_1C_cell1|2119|2022-02-12T04:58:11|2022-02-12T05:53:11|#|102Ah_45degC_1C_cell1|2120|2022-02-12T07:46:08|2022-02-12T08:41:08|#|102Ah_45degC_1C_cell1|2121|2022-02-12T10:34:06|2022-02-12T11:29:06|#|102Ah_45degC_1C_cell1|2122|2022-02-12T13:22:03|2022-02-12T14:17:03,2022-02-12T14:17:03,0.0
M6_event_stress_v1,temperature_event_shift_1,102Ah_45degC_1C_cell1,2208,29,84.90270638995773,85.894,ridge_event_replay,5,102Ah_45degC_1C_cell1|2204|2022-02-23T08:27:51|2022-02-23T09:22:11|#|102Ah_45degC_1C_cell1|2205|2022-02-23T11:15:05|2022-02-23T12:09:34|#|102Ah_45degC_1C_cell1|2206|2022-02-23T14:02:28|2022-02-23T14:56:58|#|102Ah_45degC_1C_cell1|2207|2022-02-23T16:49:52|2022-02-23T17:44:21|#|102Ah_45degC_1C_cell1|2208|2022-02-23T19:37:13|2022-02-23T20:31:43,2022-02-23T20:31:43,0.0
M6_event_stress_v1,temperature_event_shift_1,102Ah_45degC_1C_cell1,2280,30,84.82470417569427,85.512,ridge_event_replay,5,102Ah_45degC_1C_cell1|2276|2022-03-03T17:03:45|2022-03-03T17:58:15|#|102Ah_45degC_1C_cell1|2277|2022-03-03T19:50:42|2022-03-03T20:45:12|#|102Ah_45degC_1C_cell1|2278|2022-03-03T22:37:39|2022-03-03T23:32:09|#|102Ah_45degC_1C_cell1|2279|2022-03-04T01:24:30|2022-03-04T02:19:00|#|102Ah_45degC_1C_cell1|2280|2022-03-04T04:11:26|2022-03-04T05:05:56,2022-03-04T05:05:56,0.0
M6_event_stress_v1,clean_event_replay,102Ah_55degC_1C_cell3,111,1,98.24042005660043,98.15,ridge_event_replay,5,102Ah_55degC_1C_cell3|107|2021-05-17T13:47:59|2021-05-17T14:48:59|#|102Ah_55degC_1C_cell3|108|2021-05-17T16:49:14|2021-05-17T17:50:14|#|102Ah_55degC_1C_cell3|109|2021-05-17T19:50:28|2021-05-17T20:51:28|#|102Ah_55degC_1C_cell3|110|2021-05-17T22:51:40|2021-05-17T23:52:40|#|102Ah_55degC_1C_cell3|111|2021-05-18T01:52:51|2021-05-18T02:53:51,2021-05-18T02:53:51,0.0
M6_event_stress_v1,clean_event_replay,102Ah_55degC_1C_cell3,178,2,97.42638366930643,97.002,ridge_event_replay,5,102Ah_55degC_1C_cell3|174|2021-05-26T00:03:34|2021-05-26T01:03:34|#|102Ah_55degC_1C_cell3|175|2021-05-26T03:03:27|2021-05-26T04:03:27|#|102Ah_55degC_1C_cell3|176|2021-05-26T06:03:19|2021-05-26T07:03:19|#|102Ah_55degC_1C_cell3|177|2021-05-26T09:03:10|2021-05-26T10:03:10|#|102Ah_55degC_1C_cell3|178|2021-05-26T12:03:00|2021-05-26T13:03:00,2021-05-26T13:03:00,0.0
M6_event_stress_v1,clean_event_replay,102Ah_55degC_1C_cell3,463,3,95.0735006281209,93.692,ridge_event_replay,5,102Ah_55degC_1C_cell3|459|2021-07-11T07:16:42|2021-07-11T08:15:11|#|102Ah_55degC_1C_cell3|460|2021-07-11T10:12:39|2021-07-11T11:11:09|#|102Ah_55degC_1C_cell3|461|2021-07-11T13:08:36|2021-07-11T14:07:06|#|102Ah_55degC_1C_cell3|462|2021-07-11T16:04:32|2021-07-11T17:03:02|#|102Ah_55degC_1C_cell3|463|2021-07-11T19:00:28|2021-07-11T19:58:58,2021-07-11T19:58:58,0.0
M6_event_stress_v1,clean_event_replay,102Ah_55degC_1C_cell3,530,4,94.3851783675185,93.086,ridge_event_replay,5,102Ah_55degC_1C_cell3|526|2021-07-19T11:21:42|2021-07-19T12:19:42|#|102Ah_55degC_1C_cell3|527|2021-07-19T14:16:57|2021-07-19T15:14:57|#|102Ah_55degC_1C_cell3|528|2021-07-19T17:12:10|2021-07-19T18:10:11|#|102Ah_55degC_1C_cell3|529|2021-07-19T20:07:24|2021-07-19T21:05:24|#|102Ah_55degC_1C_cell3|530|2021-07-19T23:02:37|2021-07-20T00:00:38,2021-07-20T00:00:38,0.0
M6_event_stress_v1,clean_event_replay,102Ah_55degC_1C_cell3,598,5,93.66883196471349,92.505,ridge_event_replay,5,102Ah_55degC_1C_cell3|594|2021-07-27T17:33:50|2021-07-27T18:31:21|#|102Ah_55degC_1C_cell3|595|2021-07-27T20:28:22|2021-07-27T21:25:51|#|102Ah_55degC_1C_cell3|596|2021-07-27T23:22:52|2021-07-28T00:20:22|#|102Ah_55degC_1C_cell3|597|2021-07-28T02:17:22|2021-07-28T03:14:52|#|102Ah_55degC_1C_cell3|598|2021-07-28T05:11:51|2021-07-28T06:09:21,2021-07-28T06:09:21,0.0
M6_event_stress_v1,clean_event_replay,102Ah_55degC_1C_cell3,667,6,92.99307924154365,91.953,ridge_event_replay,5,102Ah_55degC_1C_cell3|663|2021-08-05T01:55:28|2021-08-05T02:52:58|#|102Ah_55degC_1C_cell3|664|2021-08-05T04:49:19|2021-08-05T05:46:49|#|102Ah_55degC_1C_cell3|665|2021-08-05T07:43:10|2021-08-05T08:40:40|#|102Ah_55degC_1C_cell3|666|2021-08-05T10:37:02|2021-08-05T11:34:32|#|102Ah_55degC_1C_cell3|667|2021-08-05T13:30:51|2021-08-05T14:28:21,2021-08-05T14:28:21,0.0
M6_event_stress_v1,clean_event_replay,102Ah_55degC_1C_cell3,739,7,92.82552807026484,91.407,ridge_event_replay,5,102Ah_55degC_1C_cell3|735|2021-08-14T23:41:23|2021-08-15T00:38:23|#|102Ah_55degC_1C_cell3|736|2021-08-15T02:34:36|2021-08-15T03:31:36|#|102Ah_55degC_1C_cell3|737|2021-08-15T05:27:47|2021-08-15T06:24:47|#|102Ah_55degC_1C_cell3|738|2021-08-15T08:20:57|2021-08-15T09:17:58|#|102Ah_55degC_1C_cell3|739|2021-08-15T11:14:08|2021-08-15T12:11:08,2021-08-15T12:11:08,0.0
M6_event_stress_v1,clean_event_replay,102Ah_55degC_1C_cell3,806,8,92.1459898642499,90.846,ridge_event_replay,5,102Ah_55degC_1C_cell3|802|2021-08-23T00:43:29|2021-08-23T01:39:59|#|102Ah_55degC_1C_cell3|803|2021-08-23T03:36:00|2021-08-23T04:32:30|#|102Ah_55degC_1C_cell3|804|2021-08-23T06:28:30|2021-08-23T07:25:00|#|102Ah_55degC_1C_cell3|805|2021-08-23T09:21:00|2021-08-23T10:17:30|#|102Ah_55degC_1C_cell3|806|2021-08-23T12:13:29|2021-08-23T13:09:59,2021-08-23T13:09:59,0.0
M6_event_stress_v1,clean_event_replay,102Ah_55degC_1C_cell3,873,9,91.45671828991871,90.301,ridge_event_replay,5,102Ah_55degC_1C_cell3|869|2021-08-31T01:00:23|2021-08-31T01:56:53|#|102Ah_55degC_1C_cell3|870|2021-08-31T03:52:13|2021-08-31T04:48:43|#|102Ah_55degC_1C_cell3|871|2021-08-31T06:44:02|2021-08-31T07:40:32|#|102Ah_55degC_1C_cell3|872|2021-08-31T09:35:51|2021-08-31T10:32:21|#|102Ah_55degC_1C_cell3|873|2021-08-31T12:27:40|2021-08-31T13:24:10,2021-08-31T13:24:10,0.0
M6_event_stress_v1,clean_event_replay,102Ah_55degC_1C_cell3,941,10,91.25726739400481,89.744,ridge_event_replay,5,102Ah_55degC_1C_cell3|937|2021-09-08T03:23:16|2021-09-08T04:19:16|#|102Ah_55degC_1C_cell3|938|2021-09-08T06:14:26|2021-09-08T07:10:26|#|102Ah_55degC_1C_cell3|939|2021-09-08T09:05:37|2021-09-08T10:01:37|#|102Ah_55degC_1C_cell3|940|2021-09-08T11:56:46|2021-09-08T12:52:46|#|102Ah_55degC_1C_cell3|941|2021-09-08T14:47:54|2021-09-08T15:43:54,2021-09-08T15:43:54,0.0
M6_event_stress_v1,clean_event_replay,102Ah_55degC_1C_cell3,1008,11,90.56090797120629,89.204,ridge_event_replay,5,102Ah_55degC_1C_cell3|1004|2021-09-16T02:09:44|2021-09-16T03:05:14|#|102Ah_55degC_1C_cell3|1005|2021-09-16T05:00:15|2021-09-16T05:55:45|#|102Ah_55degC_1C_cell3|1006|2021-09-16T07:50:44|2021-09-16T08:46:14|#|102Ah_55degC_1C_cell3|1007|2021-09-16T10:41:14|2021-09-16T11:36:44|#|102Ah_55degC_1C_cell3|1008|2021-09-16T13:31:43|2021-09-16T14:27:13,2021-09-16T14:27:13,0.0
M6_event_stress_v1,clean_event_replay,102Ah_55degC_1C_cell3,1076,12,89.93327787613077,88.661,ridge_event_replay,5,102Ah_55degC_1C_cell3|1072|2021-09-24T03:01:46|2021-09-24T03:57:16|#|102Ah_55degC_1C_cell3|1073|2021-09-24T05:51:36|2021-09-24T06:47:06|#|102Ah_55degC_1C_cell3|1074|2021-09-24T08:41:25|2021-09-24T09:36:57|#|102Ah_55degC_1C_cell3|1075|2021-09-24T11:31:16|2021-09-24T12:26:46|#|102Ah_55degC_1C_cell3|1076|2021-09-24T14:21:04|2021-09-24T15:16:34,2021-09-24T15:16:34,0.0
M6_event_stress_v1,clean_event_replay,102Ah_55degC_1C_cell3,1143,13,89.72018466598587,88.039,ridge_event_replay,5,102Ah_55degC_1C_cell3|1139|2021-10-10T05:28:28|2021-10-10T06:23:28|#|102Ah_55degC_1C_cell3|1140|2021-10-10T08:17:31|2021-10-10T09:12:31|#|102Ah_55degC_1C_cell3|1141|2021-10-10T11:06:33|2021-10-10T12:01:33|#|102Ah_55degC_1C_cell3|1142|2021-10-10T13:55:35|2021-10-10T14:50:35|#|102Ah_55degC_1C_cell3|1143|2021-10-10T16:44:36|2021-10-10T17:39:36,2021-10-10T17:39:36,0.0
M6_event_stress_v1,clean_event_replay,102Ah_55degC_1C_cell3,1211,14,89.0364101276417,87.512,ridge_event_replay,5,102Ah_55degC_1C_cell3|1207|2021-10-18T04:42:56|2021-10-18T05:37:26|#|102Ah_55degC_1C_cell3|1208|2021-10-18T07:31:20|2021-10-18T08:25:50|#|102Ah_55degC_1C_cell3|1209|2021-10-18T10:19:44|2021-10-18T11:14:14|#|102Ah_55degC_1C_cell3|1210|2021-10-18T13:08:08|2021-10-18T14:02:38|#|102Ah_55degC_1C_cell3|1211|2021-10-18T15:56:30|2021-10-18T16:51:00,2021-10-18T16:51:00,0.0
M6_event_stress_v1,clean_event_replay,102Ah_55degC_1C_cell3,1278,15,88.34899233970998,86.962,ridge_event_replay,5,102Ah_55degC_1C_cell3|1274|2021-10-26T00:24:21|2021-10-26T01:18:21|#|102Ah_55degC_1C_cell3|1275|2021-10-26T03:12:06|2021-10-26T04:06:06|#|102Ah_55degC_1C_cell3|1276|2021-10-26T05:59:50|2021-10-26T06:53:50|#|102Ah_55degC_1C_cell3|1277|2021-10-26T08:47:32|2021-10-26T09:41:34|#|102Ah_55degC_1C_cell3|1278|2021-10-26T11:35:16|2021-10-26T12:29:16,2021-10-26T12:29:16,0.0
M6_event_stress_v1,clean_event_replay,102Ah_55degC_1C_cell3,1346,16,88.23666355973808,86.38,ridge_event_replay,5,102Ah_55degC_1C_cell3|1342|2021-11-02T22:08:14|2021-11-02T23:02:14|#|102Ah_55degC_1C_cell3|1343|2021-11-03T00:55:17|2021-11-03T01:49:17|#|102Ah_55degC_1C_cell3|1344|2021-11-03T03:42:20|2021-11-03T04:36:20|#|102Ah_55degC_1C_cell3|1345|2021-11-03T06:29:22|2021-11-03T07:23:22|#|102Ah_55degC_1C_cell3|1346|2021-11-03T09:16:24|2021-11-03T10:10:24,2021-11-03T10:10:24,0.0
M6_event_stress_v1,clean_event_replay,102Ah_55degC_1C_cell3,1413,17,87.47418231684395,85.815,ridge_event_replay,5,102Ah_55degC_1C_cell3|1409|2021-11-10T16:18:25|2021-11-10T17:11:55|#|102Ah_55degC_1C_cell3|1410|2021-11-10T19:04:47|2021-11-10T19:58:17|#|102Ah_55degC_1C_cell3|1411|2021-11-10T21:51:07|2021-11-10T22:44:37|#|102Ah_55degC_1C_cell3|1412|2021-11-11T00:37:26|2021-11-11T01:30:56|#|102Ah_55degC_1C_cell3|1413|2021-11-11T03:23:45|2021-11-11T04:17:15,2021-11-11T04:17:15,0.0
M6_event_stress_v1,clean_event_replay,102Ah_55degC_1C_cell3,1481,18,86.75647269470421,85.108,ridge_event_replay,5,102Ah_55degC_1C_cell3|1477|2021-11-18T12:23:57|2021-11-18T13:16:57|#|102Ah_55degC_1C_cell3|1478|2021-11-18T15:09:29|2021-11-18T16:02:29|#|102Ah_55degC_1C_cell3|1479|2021-11-18T17:55:01|2021-11-18T18:48:01|#|102Ah_55degC_1C_cell3|1480|2021-11-18T20:40:32|2021-11-18T21:33:32|#|102Ah_55degC_1C_cell3|1481|2021-11-18T23:26:02|2021-11-19T00:19:03,2021-11-19T00:19:03,0.0
M6_event_stress_v1,clean_event_replay,102Ah_55degC_1C_cell3,1550,19,86.0307863370868,84.207,ridge_event_replay,5,102Ah_55degC_1C_cell3|1546|2021-11-30T03:50:13|2021-11-30T04:42:43|#|102Ah_55degC_1C_cell3|1547|2021-11-30T06:34:46|2021-11-30T07:27:16|#|102Ah_55degC_1C_cell3|1548|2021-11-30T09:19:19|2021-11-30T10:11:49|#|102Ah_55degC_1C_cell3|1549|2021-11-30T12:03:51|2021-11-30T12:56:21|#|102Ah_55degC_1C_cell3|1550|2021-11-30T14:48:21|2021-11-30T15:40:51,2021-11-30T15:40:51,0.0
M6_event_stress_v1,clean_event_replay,102Ah_55degC_1C_cell3,1618,20,84.66562627396297,83.035,ridge_event_replay,5,102Ah_55degC_1C_cell3|1614|2021-12-07T21:37:06|2021-12-07T22:29:06|#|102Ah_55degC_1C_cell3|1615|2021-12-08T00:20:20|2021-12-08T01:12:20|#|102Ah_55degC_1C_cell3|1616|2021-12-08T03:03:32|2021-12-08T03:55:32|#|102Ah_55degC_1C_cell3|1617|2021-12-08T05:46:43|2021-12-08T06:38:43|#|102Ah_55degC_1C_cell3|1618|2021-12-08T08:29:52|2021-12-08T09:21:53,2021-12-08T09:21:53,0.0
M6_event_stress_v1,clean_event_replay,102Ah_55degC_1C_cell3,1685,21,83.88965244258539,81.814,ridge_event_replay,5,102Ah_55degC_1C_cell3|1681|2021-12-15T11:06:03|2021-12-15T11:57:32|#|102Ah_55degC_1C_cell3|1682|2021-12-15T13:47:49|2021-12-15T14:39:19|#|102Ah_55degC_1C_cell3|1683|2021-12-15T16:29:35|2021-12-15T17:21:05|#|102Ah_55degC_1C_cell3|1684|2021-12-15T19:11:20|2021-12-15T20:02:50|#|102Ah_55degC_1C_cell3|1685|2021-12-15T21:53:02|2021-12-15T22:44:32,2021-12-15T22:44:32,0.0
M6_event_stress_v1,clean_event_replay,102Ah_55degC_1C_cell3,1753,22,82.44802266287184,80.494,ridge_event_replay,5,102Ah_55degC_1C_cell3|1749|2021-12-23T01:35:20|2021-12-23T02:25:49|#|102Ah_55degC_1C_cell3|1750|2021-12-23T04:15:32|2021-12-23T05:06:02|#|102Ah_55degC_1C_cell3|1751|2021-12-23T06:55:42|2021-12-23T07:46:12|#|102Ah_55degC_1C_cell3|1752|2021-12-23T09:35:52|2021-12-23T10:26:22|#|102Ah_55degC_1C_cell3|1753|2021-12-23T12:16:00|2021-12-23T13:06:30,2021-12-23T13:06:30,0.0
M6_event_stress_v1,clean_event_replay,102Ah_55degC_1C_cell3,1820,23,81.64217635779218,79.116,ridge_event_replay,5,102Ah_55degC_1C_cell3|1816|2021-12-30T11:36:15|2021-12-30T12:26:14|#|102Ah_55degC_1C_cell3|1817|2021-12-30T14:14:49|2021-12-30T15:04:49|#|102Ah_55degC_1C_cell3|1818|2021-12-30T16:53:22|2021-12-30T17:43:22|#|102Ah_55degC_1C_cell3|1819|2021-12-30T19:31:54|2021-12-30T20:21:54|#|102Ah_55degC_1C_cell3|1820|2021-12-30T22:10:23|2021-12-30T23:00:23,2021-12-30T23:00:23,0.0
M6_event_stress_v1,clean_event_replay,102Ah_55degC_1C_cell3,1887,24,80.19962988836254,77.658,ridge_event_replay,5,102Ah_55degC_1C_cell3|1883|2022-01-06T19:44:55|2022-01-06T20:33:55|#|102Ah_55degC_1C_cell3|1884|2022-01-06T22:21:49|2022-01-06T23:10:49|#|102Ah_55degC_1C_cell3|1885|2022-01-07T00:58:42|2022-01-07T01:47:42|#|102Ah_55degC_1C_cell3|1886|2022-01-07T03:35:33|2022-01-07T04:24:33|#|102Ah_55degC_1C_cell3|1887|2022-01-07T06:12:22|2022-01-07T07:01:22,2022-01-07T07:01:22,0.0
M6_event_stress_v1,clean_event_replay,102Ah_55degC_1C_cell3,1957,25,78.74515126680359,76.068,ridge_event_replay,5,102Ah_55degC_1C_cell3|1951|2022-01-14T04:35:40|2022-01-14T05:23:40|#|102Ah_55degC_1C_cell3|1952|2022-01-14T07:10:47|2022-01-14T07:58:47|#|102Ah_55degC_1C_cell3|1953|2022-01-14T14:56:00|2022-01-14T15:44:30|#|102Ah_55degC_1C_cell3|1956|2022-01-14T17:31:20|2022-01-14T18:19:22|#|102Ah_55degC_1C_cell3|1957|2022-01-14T20:06:10|2022-01-14T20:54:10,2022-01-14T20:54:10,0.0
M6_event_stress_v1,clean_event_replay,102Ah_55degC_1C_cell3,2027,26,77.141486915088,74.402,ridge_event_replay,5,102Ah_55degC_1C_cell3|2023|2022-01-22T16:37:04|2022-01-22T17:24:04|#|102Ah_55degC_1C_cell3|2024|2022-01-22T19:10:12|2022-01-22T19:57:12|#|102Ah_55degC_1C_cell3|2025|2022-01-22T21:43:17|2022-01-22T22:30:17|#|102Ah_55degC_1C_cell3|2026|2022-01-23T00:16:20|2022-01-23T01:03:20|#|102Ah_55degC_1C_cell3|2027|2022-01-23T02:49:22|2022-01-23T03:36:22,2022-01-23T03:36:22,0.0
M6_event_stress_v1,clean_event_replay,102Ah_55degC_1C_cell3,2099,27,75.56100610778014,72.733,ridge_event_replay,5,102Ah_55degC_1C_cell3|2095|2022-02-10T22:56:45|2022-02-10T23:42:44|#|102Ah_55degC_1C_cell3|2096|2022-02-11T01:27:38|2022-02-11T02:13:38|#|102Ah_55degC_1C_cell3|2097|2022-02-11T03:58:31|2022-02-11T04:44:31|#|102Ah_55degC_1C_cell3|2098|2022-02-11T06:29:24|2022-02-11T07:15:24|#|102Ah_55degC_1C_cell3|2099|2022-02-11T09:00:16|2022-02-11T09:46:16,2022-02-11T09:46:16,0.0
M6_event_stress_v1,clean_event_replay,102Ah_55degC_1C_cell3,2166,28,73.98637909272006,71.205,ridge_event_replay,5,102Ah_55degC_1C_cell3|2162|2022-02-17T22:41:23|2022-02-17T23:26:53|#|102Ah_55degC_1C_cell3|2163|2022-02-18T01:10:34|2022-02-18T01:55:34|#|102Ah_55degC_1C_cell3|2164|2022-02-18T03:39:42|2022-02-18T04:24:42|#|102Ah_55degC_1C_cell3|2165|2022-02-18T06:08:49|2022-02-18T06:53:49|#|102Ah_55degC_1C_cell3|2166|2022-02-18T08:37:55|2022-02-18T09:22:56,2022-02-18T09:22:56,0.0
M6_event_stress_v1,clean_event_replay,102Ah_55degC_1C_cell3,2234,29,72.37032122143543,69.634,ridge_event_replay,5,102Ah_55degC_1C_cell3|2230|2022-02-24T22:39:38|2022-02-24T23:24:08|#|102Ah_55degC_1C_cell3|2231|2022-02-25T01:06:52|2022-02-25T01:51:22|#|102Ah_55degC_1C_cell3|2232|2022-02-25T03:34:04|2022-02-25T04:18:04|#|102Ah_55degC_1C_cell3|2233|2022-02-25T06:01:13|2022-02-25T06:45:13|#|102Ah_55degC_1C_cell3|2234|2022-02-25T08:28:21|2022-02-25T09:12:23,2022-02-25T09:12:23,0.0
M6_event_stress_v1,clean_event_replay,102Ah_55degC_1C_cell3,2306,30,70.71389450326411,68.083,ridge_event_replay,5,102Ah_55degC_1C_cell3|2302|2022-03-06T11:50:17|2022-03-06T12:33:17|#|102Ah_55degC_1C_cell3|2303|2022-03-06T14:15:31|2022-03-06T14:58:31|#|102Ah_55degC_1C_cell3|2304|2022-03-06T16:40:43|2022-03-06T17:23:43|#|102Ah_55degC_1C_cell3|2305|2022-03-06T19:05:55|2022-03-06T19:48:55|#|102Ah_55degC_1C_cell3|2306|2022-03-06T21:31:04|2022-03-06T22:14:04,2022-03-06T22:14:04,0.0
M6_event_stress_v1,bias_+1C,102Ah_55degC_1C_cell3,111,1,98.19784860014252,98.15,ridge_event_replay,5,102Ah_55degC_1C_cell3|107|2021-05-17T13:47:59|2021-05-17T14:48:59|#|102Ah_55degC_1C_cell3|108|2021-05-17T16:49:14|2021-05-17T17:50:14|#|102Ah_55degC_1C_cell3|109|2021-05-17T19:50:28|2021-05-17T20:51:28|#|102Ah_55degC_1C_cell3|110|2021-05-17T22:51:40|2021-05-17T23:52:40|#|102Ah_55degC_1C_cell3|111|2021-05-18T01:52:51|2021-05-18T02:53:51,2021-05-18T02:53:51,1.0
M6_event_stress_v1,bias_+1C,102Ah_55degC_1C_cell3,178,2,97.38381221284853,97.002,ridge_event_replay,5,102Ah_55degC_1C_cell3|174|2021-05-26T00:03:34|2021-05-26T01:03:34|#|102Ah_55degC_1C_cell3|175|2021-05-26T03:03:27|2021-05-26T04:03:27|#|102Ah_55degC_1C_cell3|176|2021-05-26T06:03:19|2021-05-26T07:03:19|#|102Ah_55degC_1C_cell3|177|2021-05-26T09:03:10|2021-05-26T10:03:10|#|102Ah_55degC_1C_cell3|178|2021-05-26T12:03:00|2021-05-26T13:03:00,2021-05-26T13:03:00,1.0
M6_event_stress_v1,bias_+1C,102Ah_55degC_1C_cell3,463,3,95.03092917166299,93.692,ridge_event_replay,5,102Ah_55degC_1C_cell3|459|2021-07-11T07:16:42|2021-07-11T08:15:11|#|102Ah_55degC_1C_cell3|460|2021-07-11T10:12:39|2021-07-11T11:11:09|#|102Ah_55degC_1C_cell3|461|2021-07-11T13:08:36|2021-07-11T14:07:06|#|102Ah_55degC_1C_cell3|462|2021-07-11T16:04:32|2021-07-11T17:03:02|#|102Ah_55degC_1C_cell3|463|2021-07-11T19:00:28|2021-07-11T19:58:58,2021-07-11T19:58:58,1.0
M6_event_stress_v1,bias_+1C,102Ah_55degC_1C_cell3,530,4,94.34260691106061,93.086,ridge_event_replay,5,102Ah_55degC_1C_cell3|526|2021-07-19T11:21:42|2021-07-19T12:19:42|#|102Ah_55degC_1C_cell3|527|2021-07-19T14:16:57|2021-07-19T15:14:57|#|102Ah_55degC_1C_cell3|528|2021-07-19T17:12:10|2021-07-19T18:10:11|#|102Ah_55degC_1C_cell3|529|2021-07-19T20:07:24|2021-07-19T21:05:24|#|102Ah_55degC_1C_cell3|530|2021-07-19T23:02:37|2021-07-20T00:00:38,2021-07-20T00:00:38,1.0
M6_event_stress_v1,bias_+1C,102Ah_55degC_1C_cell3,598,5,93.62626050825558,92.505,ridge_event_replay,5,102Ah_55degC_1C_cell3|594|2021-07-27T17:33:50|2021-07-27T18:31:21|#|102Ah_55degC_1C_cell3|595|2021-07-27T20:28:22|2021-07-27T21:25:51|#|102Ah_55degC_1C_cell3|596|2021-07-27T23:22:52|2021-07-28T00:20:22|#|102Ah_55degC_1C_cell3|597|2021-07-28T02:17:22|2021-07-28T03:14:52|#|102Ah_55degC_1C_cell3|598|2021-07-28T05:11:51|2021-07-28T06:09:21,2021-07-28T06:09:21,1.0
M6_event_stress_v1,bias_+1C,102Ah_55degC_1C_cell3,667,6,92.95050778508575,91.953,ridge_event_replay,5,102Ah_55degC_1C_cell3|663|2021-08-05T01:55:28|2021-08-05T02:52:58|#|102Ah_55degC_1C_cell3|664|2021-08-05T04:49:19|2021-08-05T05:46:49|#|102Ah_55degC_1C_cell3|665|2021-08-05T07:43:10|2021-08-05T08:40:40|#|102Ah_55degC_1C_cell3|666|2021-08-05T10:37:02|2021-08-05T11:34:32|#|102Ah_55degC_1C_cell3|667|2021-08-05T13:30:51|2021-08-05T14:28:21,2021-08-05T14:28:21,1.0
M6_event_stress_v1,bias_+1C,102Ah_55degC_1C_cell3,739,7,92.78295661380693,91.407,ridge_event_replay,5,102Ah_55degC_1C_cell3|735|2021-08-14T23:41:23|2021-08-15T00:38:23|#|102Ah_55degC_1C_cell3|736|2021-08-15T02:34:36|2021-08-15T03:31:36|#|102Ah_55degC_1C_cell3|737|2021-08-15T05:27:47|2021-08-15T06:24:47|#|102Ah_55degC_1C_cell3|738|2021-08-15T08:20:57|2021-08-15T09:17:58|#|102Ah_55degC_1C_cell3|739|2021-08-15T11:14:08|2021-08-15T12:11:08,2021-08-15T12:11:08,1.0
M6_event_stress_v1,bias_+1C,102Ah_55degC_1C_cell3,806,8,92.10341840779199,90.846,ridge_event_replay,5,102Ah_55degC_1C_cell3|802|2021-08-23T00:43:29|2021-08-23T01:39:59|#|102Ah_55degC_1C_cell3|803|2021-08-23T03:36:00|2021-08-23T04:32:30|#|102Ah_55degC_1C_cell3|804|2021-08-23T06:28:30|2021-08-23T07:25:00|#|102Ah_55degC_1C_cell3|805|2021-08-23T09:21:00|2021-08-23T10:17:30|#|102Ah_55degC_1C_cell3|806|2021-08-23T12:13:29|2021-08-23T13:09:59,2021-08-23T13:09:59,1.0
M6_event_stress_v1,bias_+1C,102Ah_55degC_1C_cell3,873,9,91.41414683346082,90.301,ridge_event_replay,5,102Ah_55degC_1C_cell3|869|2021-08-31T01:00:23|2021-08-31T01:56:53|#|102Ah_55degC_1C_cell3|870|2021-08-31T03:52:13|2021-08-31T04:48:43|#|102Ah_55degC_1C_cell3|871|2021-08-31T06:44:02|2021-08-31T07:40:32|#|102Ah_55degC_1C_cell3|872|2021-08-31T09:35:51|2021-08-31T10:32:21|#|102Ah_55degC_1C_cell3|873|2021-08-31T12:27:40|2021-08-31T13:24:10,2021-08-31T13:24:10,1.0
M6_event_stress_v1,bias_+1C,102Ah_55degC_1C_cell3,941,10,91.2146959375469,89.744,ridge_event_replay,5,102Ah_55degC_1C_cell3|937|2021-09-08T03:23:16|2021-09-08T04:19:16|#|102Ah_55degC_1C_cell3|938|2021-09-08T06:14:26|2021-09-08T07:10:26|#|102Ah_55degC_1C_cell3|939|2021-09-08T09:05:37|2021-09-08T10:01:37|#|102Ah_55degC_1C_cell3|940|2021-09-08T11:56:46|2021-09-08T12:52:46|#|102Ah_55degC_1C_cell3|941|2021-09-08T14:47:54|2021-09-08T15:43:54,2021-09-08T15:43:54,1.0
M6_event_stress_v1,bias_+1C,102Ah_55degC_1C_cell3,1008,11,90.51833651474838,89.204,ridge_event_replay,5,102Ah_55degC_1C_cell3|1004|2021-09-16T02:09:44|2021-09-16T03:05:14|#|102Ah_55degC_1C_cell3|1005|2021-09-16T05:00:15|2021-09-16T05:55:45|#|102Ah_55degC_1C_cell3|1006|2021-09-16T07:50:44|2021-09-16T08:46:14|#|102Ah_55degC_1C_cell3|1007|2021-09-16T10:41:14|2021-09-16T11:36:44|#|102Ah_55degC_1C_cell3|1008|2021-09-16T13:31:43|2021-09-16T14:27:13,2021-09-16T14:27:13,1.0
M6_event_stress_v1,bias_+1C,102Ah_55degC_1C_cell3,1076,12,89.89070641967287,88.661,ridge_event_replay,5,102Ah_55degC_1C_cell3|1072|2021-09-24T03:01:46|2021-09-24T03:57:16|#|102Ah_55degC_1C_cell3|1073|2021-09-24T05:51:36|2021-09-24T06:47:06|#|102Ah_55degC_1C_cell3|1074|2021-09-24T08:41:25|2021-09-24T09:36:57|#|102Ah_55degC_1C_cell3|1075|2021-09-24T11:31:16|2021-09-24T12:26:46|#|102Ah_55degC_1C_cell3|1076|2021-09-24T14:21:04|2021-09-24T15:16:34,2021-09-24T15:16:34,1.0
M6_event_stress_v1,bias_+1C,102Ah_55degC_1C_cell3,1143,13,89.67761320952796,88.039,ridge_event_replay,5,102Ah_55degC_1C_cell3|1139|2021-10-10T05:28:28|2021-10-10T06:23:28|#|102Ah_55degC_1C_cell3|1140|2021-10-10T08:17:31|2021-10-10T09:12:31|#|102Ah_55degC_1C_cell3|1141|2021-10-10T11:06:33|2021-10-10T12:01:33|#|102Ah_55degC_1C_cell3|1142|2021-10-10T13:55:35|2021-10-10T14:50:35|#|102Ah_55degC_1C_cell3|1143|2021-10-10T16:44:36|2021-10-10T17:39:36,2021-10-10T17:39:36,1.0
M6_event_stress_v1,bias_+1C,102Ah_55degC_1C_cell3,1211,14,88.9938386711838,87.512,ridge_event_replay,5,102Ah_55degC_1C_cell3|1207|2021-10-18T04:42:56|2021-10-18T05:37:26|#|102Ah_55degC_1C_cell3|1208|2021-10-18T07:31:20|2021-10-18T08:25:50|#|102Ah_55degC_1C_cell3|1209|2021-10-18T10:19:44|2021-10-18T11:14:14|#|102Ah_55degC_1C_cell3|1210|2021-10-18T13:08:08|2021-10-18T14:02:38|#|102Ah_55degC_1C_cell3|1211|2021-10-18T15:56:30|2021-10-18T16:51:00,2021-10-18T16:51:00,1.0
M6_event_stress_v1,bias_+1C,102Ah_55degC_1C_cell3,1278,15,88.30642088325207,86.962,ridge_event_replay,5,102Ah_55degC_1C_cell3|1274|2021-10-26T00:24:21|2021-10-26T01:18:21|#|102Ah_55degC_1C_cell3|1275|2021-10-26T03:12:06|2021-10-26T04:06:06|#|102Ah_55degC_1C_cell3|1276|2021-10-26T05:59:50|2021-10-26T06:53:50|#|102Ah_55degC_1C_cell3|1277|2021-10-26T08:47:32|2021-10-26T09:41:34|#|102Ah_55degC_1C_cell3|1278|2021-10-26T11:35:16|2021-10-26T12:29:16,2021-10-26T12:29:16,1.0
M6_event_stress_v1,bias_+1C,102Ah_55degC_1C_cell3,1346,16,88.19409210328017,86.38,ridge_event_replay,5,102Ah_55degC_1C_cell3|1342|2021-11-02T22:08:14|2021-11-02T23:02:14|#|102Ah_55degC_1C_cell3|1343|2021-11-03T00:55:17|2021-11-03T01:49:17|#|102Ah_55degC_1C_cell3|1344|2021-11-03T03:42:20|2021-11-03T04:36:20|#|102Ah_55degC_1C_cell3|1345|2021-11-03T06:29:22|2021-11-03T07:23:22|#|102Ah_55degC_1C_cell3|1346|2021-11-03T09:16:24|2021-11-03T10:10:24,2021-11-03T10:10:24,1.0
M6_event_stress_v1,bias_+1C,102Ah_55degC_1C_cell3,1413,17,87.43161086038606,85.815,ridge_event_replay,5,102Ah_55degC_1C_cell3|1409|2021-11-10T16:18:25|2021-11-10T17:11:55|#|102Ah_55degC_1C_cell3|1410|2021-11-10T19:04:47|2021-11-10T19:58:17|#|102Ah_55degC_1C_cell3|1411|2021-11-10T21:51:07|2021-11-10T22:44:37|#|102Ah_55degC_1C_cell3|1412|2021-11-11T00:37:26|2021-11-11T01:30:56|#|102Ah_55degC_1C_cell3|1413|2021-11-11T03:23:45|2021-11-11T04:17:15,2021-11-11T04:17:15,1.0
M6_event_stress_v1,bias_+1C,102Ah_55degC_1C_cell3,1481,18,86.71390123824631,85.108,ridge_event_replay,5,102Ah_55degC_1C_cell3|1477|2021-11-18T12:23:57|2021-11-18T13:16:57|#|102Ah_55degC_1C_cell3|1478|2021-11-18T15:09:29|2021-11-18T16:02:29|#|102Ah_55degC_1C_cell3|1479|2021-11-18T17:55:01|2021-11-18T18:48:01|#|102Ah_55degC_1C_cell3|1480|2021-11-18T20:40:32|2021-11-18T21:33:32|#|102Ah_55degC_1C_cell3|1481|2021-11-18T23:26:02|2021-11-19T00:19:03,2021-11-19T00:19:03,1.0
M6_event_stress_v1,bias_+1C,102Ah_55degC_1C_cell3,1550,19,85.98821488062889,84.207,ridge_event_replay,5,102Ah_55degC_1C_cell3|1546|2021-11-30T03:50:13|2021-11-30T04:42:43|#|102Ah_55degC_1C_cell3|1547|2021-11-30T06:34:46|2021-11-30T07:27:16|#|102Ah_55degC_1C_cell3|1548|2021-11-30T09:19:19|2021-11-30T10:11:49|#|102Ah_55degC_1C_cell3|1549|2021-11-30T12:03:51|2021-11-30T12:56:21|#|102Ah_55degC_1C_cell3|1550|2021-11-30T14:48:21|2021-11-30T15:40:51,2021-11-30T15:40:51,1.0
M6_event_stress_v1,bias_+1C,102Ah_55degC_1C_cell3,1618,20,84.62305481750506,83.035,ridge_event_replay,5,102Ah_55degC_1C_cell3|1614|2021-12-07T21:37:06|2021-12-07T22:29:06|#|102Ah_55degC_1C_cell3|1615|2021-12-08T00:20:20|2021-12-08T01:12:20|#|102Ah_55degC_1C_cell3|1616|2021-12-08T03:03:32|2021-12-08T03:55:32|#|102Ah_55degC_1C_cell3|1617|2021-12-08T05:46:43|2021-12-08T06:38:43|#|102Ah_55degC_1C_cell3|1618|2021-12-08T08:29:52|2021-12-08T09:21:53,2021-12-08T09:21:53,1.0
M6_event_stress_v1,bias_+1C,102Ah_55degC_1C_cell3,1685,21,83.84708098612748,81.814,ridge_event_replay,5,102Ah_55degC_1C_cell3|1681|2021-12-15T11:06:03|2021-12-15T11:57:32|#|102Ah_55degC_1C_cell3|1682|2021-12-15T13:47:49|2021-12-15T14:39:19|#|102Ah_55degC_1C_cell3|1683|2021-12-15T16:29:35|2021-12-15T17:21:05|#|102Ah_55degC_1C_cell3|1684|2021-12-15T19:11:20|2021-12-15T20:02:50|#|102Ah_55degC_1C_cell3|1685|2021-12-15T21:53:02|2021-12-15T22:44:32,2021-12-15T22:44:32,1.0
M6_event_stress_v1,bias_+1C,102Ah_55degC_1C_cell3,1753,22,82.40545120641393,80.494,ridge_event_replay,5,102Ah_55degC_1C_cell3|1749|2021-12-23T01:35:20|2021-12-23T02:25:49|#|102Ah_55degC_1C_cell3|1750|2021-12-23T04:15:32|2021-12-23T05:06:02|#|102Ah_55degC_1C_cell3|1751|2021-12-23T06:55:42|2021-12-23T07:46:12|#|102Ah_55degC_1C_cell3|1752|2021-12-23T09:35:52|2021-12-23T10:26:22|#|102Ah_55degC_1C_cell3|1753|2021-12-23T12:16:00|2021-12-23T13:06:30,2021-12-23T13:06:30,1.0
M6_event_stress_v1,bias_+1C,102Ah_55degC_1C_cell3,1820,23,81.59960490133427,79.116,ridge_event_replay,5,102Ah_55degC_1C_cell3|1816|2021-12-30T11:36:15|2021-12-30T12:26:14|#|102Ah_55degC_1C_cell3|1817|2021-12-30T14:14:49|2021-12-30T15:04:49|#|102Ah_55degC_1C_cell3|1818|2021-12-30T16:53:22|2021-12-30T17:43:22|#|102Ah_55degC_1C_cell3|1819|2021-12-30T19:31:54|2021-12-30T20:21:54|#|102Ah_55degC_1C_cell3|1820|2021-12-30T22:10:23|2021-12-30T23:00:23,2021-12-30T23:00:23,1.0
M6_event_stress_v1,bias_+1C,102Ah_55degC_1C_cell3,1887,24,80.15705843190463,77.658,ridge_event_replay,5,102Ah_55degC_1C_cell3|1883|2022-01-06T19:44:55|2022-01-06T20:33:55|#|102Ah_55degC_1C_cell3|1884|2022-01-06T22:21:49|2022-01-06T23:10:49|#|102Ah_55degC_1C_cell3|1885|2022-01-07T00:58:42|2022-01-07T01:47:42|#|102Ah_55degC_1C_cell3|1886|2022-01-07T03:35:33|2022-01-07T04:24:33|#|102Ah_55degC_1C_cell3|1887|2022-01-07T06:12:22|2022-01-07T07:01:22,2022-01-07T07:01:22,1.0
M6_event_stress_v1,bias_+1C,102Ah_55degC_1C_cell3,1957,25,78.7025798103457,76.068,ridge_event_replay,5,102Ah_55degC_1C_cell3|1951|2022-01-14T04:35:40|2022-01-14T05:23:40|#|102Ah_55degC_1C_cell3|1952|2022-01-14T07:10:47|2022-01-14T07:58:47|#|102Ah_55degC_1C_cell3|1953|2022-01-14T14:56:00|2022-01-14T15:44:30|#|102Ah_55degC_1C_cell3|1956|2022-01-14T17:31:20|2022-01-14T18:19:22|#|102Ah_55degC_1C_cell3|1957|2022-01-14T20:06:10|2022-01-14T20:54:10,2022-01-14T20:54:10,1.0
M6_event_stress_v1,bias_+1C,102Ah_55degC_1C_cell3,2027,26,77.09891545863009,74.402,ridge_event_replay,5,102Ah_55degC_1C_cell3|2023|2022-01-22T16:37:04|2022-01-22T17:24:04|#|102Ah_55degC_1C_cell3|2024|2022-01-22T19:10:12|2022-01-22T19:57:12|#|102Ah_55degC_1C_cell3|2025|2022-01-22T21:43:17|2022-01-22T22:30:17|#|102Ah_55degC_1C_cell3|2026|2022-01-23T00:16:20|2022-01-23T01:03:20|#|102Ah_55degC_1C_cell3|2027|2022-01-23T02:49:22|2022-01-23T03:36:22,2022-01-23T03:36:22,1.0
M6_event_stress_v1,bias_+1C,102Ah_55degC_1C_cell3,2099,27,75.51843465132222,72.733,ridge_event_replay,5,102Ah_55degC_1C_cell3|2095|2022-02-10T22:56:45|2022-02-10T23:42:44|#|102Ah_55degC_1C_cell3|2096|2022-02-11T01:27:38|2022-02-11T02:13:38|#|102Ah_55degC_1C_cell3|2097|2022-02-11T03:58:31|2022-02-11T04:44:31|#|102Ah_55degC_1C_cell3|2098|2022-02-11T06:29:24|2022-02-11T07:15:24|#|102Ah_55degC_1C_cell3|2099|2022-02-11T09:00:16|2022-02-11T09:46:16,2022-02-11T09:46:16,1.0
M6_event_stress_v1,bias_+1C,102Ah_55degC_1C_cell3,2166,28,73.94380763626216,71.205,ridge_event_replay,5,102Ah_55degC_1C_cell3|2162|2022-02-17T22:41:23|2022-02-17T23:26:53|#|102Ah_55degC_1C_cell3|2163|2022-02-18T01:10:34|2022-02-18T01:55:34|#|102Ah_55degC_1C_cell3|2164|2022-02-18T03:39:42|2022-02-18T04:24:42|#|102Ah_55degC_1C_cell3|2165|2022-02-18T06:08:49|2022-02-18T06:53:49|#|102Ah_55degC_1C_cell3|2166|2022-02-18T08:37:55|2022-02-18T09:22:56,2022-02-18T09:22:56,1.0
M6_event_stress_v1,bias_+1C,102Ah_55degC_1C_cell3,2234,29,72.32774976497754,69.634,ridge_event_replay,5,102Ah_55degC_1C_cell3|2230|2022-02-24T22:39:38|2022-02-24T23:24:08|#|102Ah_55degC_1C_cell3|2231|2022-02-25T01:06:52|2022-02-25T01:51:22|#|102Ah_55degC_1C_cell3|2232|2022-02-25T03:34:04|2022-02-25T04:18:04|#|102Ah_55degC_1C_cell3|2233|2022-02-25T06:01:13|2022-02-25T06:45:13|#|102Ah_55degC_1C_cell3|2234|2022-02-25T08:28:21|2022-02-25T09:12:23,2022-02-25T09:12:23,1.0
M6_event_stress_v1,bias_+1C,102Ah_55degC_1C_cell3,2306,30,70.67132304680621,68.083,ridge_event_replay,5,102Ah_55degC_1C_cell3|2302|2022-03-06T11:50:17|2022-03-06T12:33:17|#|102Ah_55degC_1C_cell3|2303|2022-03-06T14:15:31|2022-03-06T14:58:31|#|102Ah_55degC_1C_cell3|2304|2022-03-06T16:40:43|2022-03-06T17:23:43|#|102Ah_55degC_1C_cell3|2305|2022-03-06T19:05:55|2022-03-06T19:48:55|#|102Ah_55degC_1C_cell3|2306|2022-03-06T21:31:04|2022-03-06T22:14:04,2022-03-06T22:14:04,1.0
M6_event_stress_v1,bias_-1C,102Ah_55degC_1C_cell3,111,1,98.28299151305833,98.15,ridge_event_replay,5,102Ah_55degC_1C_cell3|107|2021-05-17T13:47:59|2021-05-17T14:48:59|#|102Ah_55degC_1C_cell3|108|2021-05-17T16:49:14|2021-05-17T17:50:14|#|102Ah_55degC_1C_cell3|109|2021-05-17T19:50:28|2021-05-17T20:51:28|#|102Ah_55degC_1C_cell3|110|2021-05-17T22:51:40|2021-05-17T23:52:40|#|102Ah_55degC_1C_cell3|111|2021-05-18T01:52:51|2021-05-18T02:53:51,2021-05-18T02:53:51,-1.0
M6_event_stress_v1,bias_-1C,102Ah_55degC_1C_cell3,178,2,97.46895512576434,97.002,ridge_event_replay,5,102Ah_55degC_1C_cell3|174|2021-05-26T00:03:34|2021-05-26T01:03:34|#|102Ah_55degC_1C_cell3|175|2021-05-26T03:03:27|2021-05-26T04:03:27|#|102Ah_55degC_1C_cell3|176|2021-05-26T06:03:19|2021-05-26T07:03:19|#|102Ah_55degC_1C_cell3|177|2021-05-26T09:03:10|2021-05-26T10:03:10|#|102Ah_55degC_1C_cell3|178|2021-05-26T12:03:00|2021-05-26T13:03:00,2021-05-26T13:03:00,-1.0
M6_event_stress_v1,bias_-1C,102Ah_55degC_1C_cell3,463,3,95.1160720845788,93.692,ridge_event_replay,5,102Ah_55degC_1C_cell3|459|2021-07-11T07:16:42|2021-07-11T08:15:11|#|102Ah_55degC_1C_cell3|460|2021-07-11T10:12:39|2021-07-11T11:11:09|#|102Ah_55degC_1C_cell3|461|2021-07-11T13:08:36|2021-07-11T14:07:06|#|102Ah_55degC_1C_cell3|462|2021-07-11T16:04:32|2021-07-11T17:03:02|#|102Ah_55degC_1C_cell3|463|2021-07-11T19:00:28|2021-07-11T19:58:58,2021-07-11T19:58:58,-1.0
M6_event_stress_v1,bias_-1C,102Ah_55degC_1C_cell3,530,4,94.42774982397641,93.086,ridge_event_replay,5,102Ah_55degC_1C_cell3|526|2021-07-19T11:21:42|2021-07-19T12:19:42|#|102Ah_55degC_1C_cell3|527|2021-07-19T14:16:57|2021-07-19T15:14:57|#|102Ah_55degC_1C_cell3|528|2021-07-19T17:12:10|2021-07-19T18:10:11|#|102Ah_55degC_1C_cell3|529|2021-07-19T20:07:24|2021-07-19T21:05:24|#|102Ah_55degC_1C_cell3|530|2021-07-19T23:02:37|2021-07-20T00:00:38,2021-07-20T00:00:38,-1.0
M6_event_stress_v1,bias_-1C,102Ah_55degC_1C_cell3,598,5,93.7114034211714,92.505,ridge_event_replay,5,102Ah_55degC_1C_cell3|594|2021-07-27T17:33:50|2021-07-27T18:31:21|#|102Ah_55degC_1C_cell3|595|2021-07-27T20:28:22|2021-07-27T21:25:51|#|102Ah_55degC_1C_cell3|596|2021-07-27T23:22:52|2021-07-28T00:20:22|#|102Ah_55degC_1C_cell3|597|2021-07-28T02:17:22|2021-07-28T03:14:52|#|102Ah_55degC_1C_cell3|598|2021-07-28T05:11:51|2021-07-28T06:09:21,2021-07-28T06:09:21,-1.0
M6_event_stress_v1,bias_-1C,102Ah_55degC_1C_cell3,667,6,93.03565069800156,91.953,ridge_event_replay,5,102Ah_55degC_1C_cell3|663|2021-08-05T01:55:28|2021-08-05T02:52:58|#|102Ah_55degC_1C_cell3|664|2021-08-05T04:49:19|2021-08-05T05:46:49|#|102Ah_55degC_1C_cell3|665|2021-08-05T07:43:10|2021-08-05T08:40:40|#|102Ah_55degC_1C_cell3|666|2021-08-05T10:37:02|2021-08-05T11:34:32|#|102Ah_55degC_1C_cell3|667|2021-08-05T13:30:51|2021-08-05T14:28:21,2021-08-05T14:28:21,-1.0
M6_event_stress_v1,bias_-1C,102Ah_55degC_1C_cell3,739,7,92.86809952672274,91.407,ridge_event_replay,5,102Ah_55degC_1C_cell3|735|2021-08-14T23:41:23|2021-08-15T00:38:23|#|102Ah_55degC_1C_cell3|736|2021-08-15T02:34:36|2021-08-15T03:31:36|#|102Ah_55degC_1C_cell3|737|2021-08-15T05:27:47|2021-08-15T06:24:47|#|102Ah_55degC_1C_cell3|738|2021-08-15T08:20:57|2021-08-15T09:17:58|#|102Ah_55degC_1C_cell3|739|2021-08-15T11:14:08|2021-08-15T12:11:08,2021-08-15T12:11:08,-1.0
M6_event_stress_v1,bias_-1C,102Ah_55degC_1C_cell3,806,8,92.1885613207078,90.846,ridge_event_replay,5,102Ah_55degC_1C_cell3|802|2021-08-23T00:43:29|2021-08-23T01:39:59|#|102Ah_55degC_1C_cell3|803|2021-08-23T03:36:00|2021-08-23T04:32:30|#|102Ah_55degC_1C_cell3|804|2021-08-23T06:28:30|2021-08-23T07:25:00|#|102Ah_55degC_1C_cell3|805|2021-08-23T09:21:00|2021-08-23T10:17:30|#|102Ah_55degC_1C_cell3|806|2021-08-23T12:13:29|2021-08-23T13:09:59,2021-08-23T13:09:59,-1.0
M6_event_stress_v1,bias_-1C,102Ah_55degC_1C_cell3,873,9,91.49928974637662,90.301,ridge_event_replay,5,102Ah_55degC_1C_cell3|869|2021-08-31T01:00:23|2021-08-31T01:56:53|#|102Ah_55degC_1C_cell3|870|2021-08-31T03:52:13|2021-08-31T04:48:43|#|102Ah_55degC_1C_cell3|871|2021-08-31T06:44:02|2021-08-31T07:40:32|#|102Ah_55degC_1C_cell3|872|2021-08-31T09:35:51|2021-08-31T10:32:21|#|102Ah_55degC_1C_cell3|873|2021-08-31T12:27:40|2021-08-31T13:24:10,2021-08-31T13:24:10,-1.0
M6_event_stress_v1,bias_-1C,102Ah_55degC_1C_cell3,941,10,91.29983885046272,89.744,ridge_event_replay,5,102Ah_55degC_1C_cell3|937|2021-09-08T03:23:16|2021-09-08T04:19:16|#|102Ah_55degC_1C_cell3|938|2021-09-08T06:14:26|2021-09-08T07:10:26|#|102Ah_55degC_1C_cell3|939|2021-09-08T09:05:37|2021-09-08T10:01:37|#|102Ah_55degC_1C_cell3|940|2021-09-08T11:56:46|2021-09-08T12:52:46|#|102Ah_55degC_1C_cell3|941|2021-09-08T14:47:54|2021-09-08T15:43:54,2021-09-08T15:43:54,-1.0
M6_event_stress_v1,bias_-1C,102Ah_55degC_1C_cell3,1008,11,90.60347942766418,89.204,ridge_event_replay,5,102Ah_55degC_1C_cell3|1004|2021-09-16T02:09:44|2021-09-16T03:05:14|#|102Ah_55degC_1C_cell3|1005|2021-09-16T05:00:15|2021-09-16T05:55:45|#|102Ah_55degC_1C_cell3|1006|2021-09-16T07:50:44|2021-09-16T08:46:14|#|102Ah_55degC_1C_cell3|1007|2021-09-16T10:41:14|2021-09-16T11:36:44|#|102Ah_55degC_1C_cell3|1008|2021-09-16T13:31:43|2021-09-16T14:27:13,2021-09-16T14:27:13,-1.0
M6_event_stress_v1,bias_-1C,102Ah_55degC_1C_cell3,1076,12,89.97584933258868,88.661,ridge_event_replay,5,102Ah_55degC_1C_cell3|1072|2021-09-24T03:01:46|2021-09-24T03:57:16|#|102Ah_55degC_1C_cell3|1073|2021-09-24T05:51:36|2021-09-24T06:47:06|#|102Ah_55degC_1C_cell3|1074|2021-09-24T08:41:25|2021-09-24T09:36:57|#|102Ah_55degC_1C_cell3|1075|2021-09-24T11:31:16|2021-09-24T12:26:46|#|102Ah_55degC_1C_cell3|1076|2021-09-24T14:21:04|2021-09-24T15:16:34,2021-09-24T15:16:34,-1.0
M6_event_stress_v1,bias_-1C,102Ah_55degC_1C_cell3,1143,13,89.76275612244376,88.039,ridge_event_replay,5,102Ah_55degC_1C_cell3|1139|2021-10-10T05:28:28|2021-10-10T06:23:28|#|102Ah_55degC_1C_cell3|1140|2021-10-10T08:17:31|2021-10-10T09:12:31|#|102Ah_55degC_1C_cell3|1141|2021-10-10T11:06:33|2021-10-10T12:01:33|#|102Ah_55degC_1C_cell3|1142|2021-10-10T13:55:35|2021-10-10T14:50:35|#|102Ah_55degC_1C_cell3|1143|2021-10-10T16:44:36|2021-10-10T17:39:36,2021-10-10T17:39:36,-1.0
M6_event_stress_v1,bias_-1C,102Ah_55degC_1C_cell3,1211,14,89.07898158409961,87.512,ridge_event_replay,5,102Ah_55degC_1C_cell3|1207|2021-10-18T04:42:56|2021-10-18T05:37:26|#|102Ah_55degC_1C_cell3|1208|2021-10-18T07:31:20|2021-10-18T08:25:50|#|102Ah_55degC_1C_cell3|1209|2021-10-18T10:19:44|2021-10-18T11:14:14|#|102Ah_55degC_1C_cell3|1210|2021-10-18T13:08:08|2021-10-18T14:02:38|#|102Ah_55degC_1C_cell3|1211|2021-10-18T15:56:30|2021-10-18T16:51:00,2021-10-18T16:51:00,-1.0
M6_event_stress_v1,bias_-1C,102Ah_55degC_1C_cell3,1278,15,88.39156379616789,86.962,ridge_event_replay,5,102Ah_55degC_1C_cell3|1274|2021-10-26T00:24:21|2021-10-26T01:18:21|#|102Ah_55degC_1C_cell3|1275|2021-10-26T03:12:06|2021-10-26T04:06:06|#|102Ah_55degC_1C_cell3|1276|2021-10-26T05:59:50|2021-10-26T06:53:50|#|102Ah_55degC_1C_cell3|1277|2021-10-26T08:47:32|2021-10-26T09:41:34|#|102Ah_55degC_1C_cell3|1278|2021-10-26T11:35:16|2021-10-26T12:29:16,2021-10-26T12:29:16,-1.0
M6_event_stress_v1,bias_-1C,102Ah_55degC_1C_cell3,1346,16,88.27923501619598,86.38,ridge_event_replay,5,102Ah_55degC_1C_cell3|1342|2021-11-02T22:08:14|2021-11-02T23:02:14|#|102Ah_55degC_1C_cell3|1343|2021-11-03T00:55:17|2021-11-03T01:49:17|#|102Ah_55degC_1C_cell3|1344|2021-11-03T03:42:20|2021-11-03T04:36:20|#|102Ah_55degC_1C_cell3|1345|2021-11-03T06:29:22|2021-11-03T07:23:22|#|102Ah_55degC_1C_cell3|1346|2021-11-03T09:16:24|2021-11-03T10:10:24,2021-11-03T10:10:24,-1.0
M6_event_stress_v1,bias_-1C,102Ah_55degC_1C_cell3,1413,17,87.51675377330186,85.815,ridge_event_replay,5,102Ah_55degC_1C_cell3|1409|2021-11-10T16:18:25|2021-11-10T17:11:55|#|102Ah_55degC_1C_cell3|1410|2021-11-10T19:04:47|2021-11-10T19:58:17|#|102Ah_55degC_1C_cell3|1411|2021-11-10T21:51:07|2021-11-10T22:44:37|#|102Ah_55degC_1C_cell3|1412|2021-11-11T00:37:26|2021-11-11T01:30:56|#|102Ah_55degC_1C_cell3|1413|2021-11-11T03:23:45|2021-11-11T04:17:15,2021-11-11T04:17:15,-1.0
M6_event_stress_v1,bias_-1C,102Ah_55degC_1C_cell3,1481,18,86.79904415116212,85.108,ridge_event_replay,5,102Ah_55degC_1C_cell3|1477|2021-11-18T12:23:57|2021-11-18T13:16:57|#|102Ah_55degC_1C_cell3|1478|2021-11-18T15:09:29|2021-11-18T16:02:29|#|102Ah_55degC_1C_cell3|1479|2021-11-18T17:55:01|2021-11-18T18:48:01|#|102Ah_55degC_1C_cell3|1480|2021-11-18T20:40:32|2021-11-18T21:33:32|#|102Ah_55degC_1C_cell3|1481|2021-11-18T23:26:02|2021-11-19T00:19:03,2021-11-19T00:19:03,-1.0
M6_event_stress_v1,bias_-1C,102Ah_55degC_1C_cell3,1550,19,86.07335779354469,84.207,ridge_event_replay,5,102Ah_55degC_1C_cell3|1546|2021-11-30T03:50:13|2021-11-30T04:42:43|#|102Ah_55degC_1C_cell3|1547|2021-11-30T06:34:46|2021-11-30T07:27:16|#|102Ah_55degC_1C_cell3|1548|2021-11-30T09:19:19|2021-11-30T10:11:49|#|102Ah_55degC_1C_cell3|1549|2021-11-30T12:03:51|2021-11-30T12:56:21|#|102Ah_55degC_1C_cell3|1550|2021-11-30T14:48:21|2021-11-30T15:40:51,2021-11-30T15:40:51,-1.0
M6_event_stress_v1,bias_-1C,102Ah_55degC_1C_cell3,1618,20,84.70819773042088,83.035,ridge_event_replay,5,102Ah_55degC_1C_cell3|1614|2021-12-07T21:37:06|2021-12-07T22:29:06|#|102Ah_55degC_1C_cell3|1615|2021-12-08T00:20:20|2021-12-08T01:12:20|#|102Ah_55degC_1C_cell3|1616|2021-12-08T03:03:32|2021-12-08T03:55:32|#|102Ah_55degC_1C_cell3|1617|2021-12-08T05:46:43|2021-12-08T06:38:43|#|102Ah_55degC_1C_cell3|1618|2021-12-08T08:29:52|2021-12-08T09:21:53,2021-12-08T09:21:53,-1.0
M6_event_stress_v1,bias_-1C,102Ah_55degC_1C_cell3,1685,21,83.9322238990433,81.814,ridge_event_replay,5,102Ah_55degC_1C_cell3|1681|2021-12-15T11:06:03|2021-12-15T11:57:32|#|102Ah_55degC_1C_cell3|1682|2021-12-15T13:47:49|2021-12-15T14:39:19|#|102Ah_55degC_1C_cell3|1683|2021-12-15T16:29:35|2021-12-15T17:21:05|#|102Ah_55degC_1C_cell3|1684|2021-12-15T19:11:20|2021-12-15T20:02:50|#|102Ah_55degC_1C_cell3|1685|2021-12-15T21:53:02|2021-12-15T22:44:32,2021-12-15T22:44:32,-1.0
M6_event_stress_v1,bias_-1C,102Ah_55degC_1C_cell3,1753,22,82.49059411932974,80.494,ridge_event_replay,5,102Ah_55degC_1C_cell3|1749|2021-12-23T01:35:20|2021-12-23T02:25:49|#|102Ah_55degC_1C_cell3|1750|2021-12-23T04:15:32|2021-12-23T05:06:02|#|102Ah_55degC_1C_cell3|1751|2021-12-23T06:55:42|2021-12-23T07:46:12|#|102Ah_55degC_1C_cell3|1752|2021-12-23T09:35:52|2021-12-23T10:26:22|#|102Ah_55degC_1C_cell3|1753|2021-12-23T12:16:00|2021-12-23T13:06:30,2021-12-23T13:06:30,-1.0
M6_event_stress_v1,bias_-1C,102Ah_55degC_1C_cell3,1820,23,81.68474781425007,79.116,ridge_event_replay,5,102Ah_55degC_1C_cell3|1816|2021-12-30T11:36:15|2021-12-30T12:26:14|#|102Ah_55degC_1C_cell3|1817|2021-12-30T14:14:49|2021-12-30T15:04:49|#|102Ah_55degC_1C_cell3|1818|2021-12-30T16:53:22|2021-12-30T17:43:22|#|102Ah_55degC_1C_cell3|1819|2021-12-30T19:31:54|2021-12-30T20:21:54|#|102Ah_55degC_1C_cell3|1820|2021-12-30T22:10:23|2021-12-30T23:00:23,2021-12-30T23:00:23,-1.0
M6_event_stress_v1,bias_-1C,102Ah_55degC_1C_cell3,1887,24,80.24220134482044,77.658,ridge_event_replay,5,102Ah_55degC_1C_cell3|1883|2022-01-06T19:44:55|2022-01-06T20:33:55|#|102Ah_55degC_1C_cell3|1884|2022-01-06T22:21:49|2022-01-06T23:10:49|#|102Ah_55degC_1C_cell3|1885|2022-01-07T00:58:42|2022-01-07T01:47:42|#|102Ah_55degC_1C_cell3|1886|2022-01-07T03:35:33|2022-01-07T04:24:33|#|102Ah_55degC_1C_cell3|1887|2022-01-07T06:12:22|2022-01-07T07:01:22,2022-01-07T07:01:22,-1.0
M6_event_stress_v1,bias_-1C,102Ah_55degC_1C_cell3,1957,25,78.78772272326151,76.068,ridge_event_replay,5,102Ah_55degC_1C_cell3|1951|2022-01-14T04:35:40|2022-01-14T05:23:40|#|102Ah_55degC_1C_cell3|1952|2022-01-14T07:10:47|2022-01-14T07:58:47|#|102Ah_55degC_1C_cell3|1953|2022-01-14T14:56:00|2022-01-14T15:44:30|#|102Ah_55degC_1C_cell3|1956|2022-01-14T17:31:20|2022-01-14T18:19:22|#|102Ah_55degC_1C_cell3|1957|2022-01-14T20:06:10|2022-01-14T20:54:10,2022-01-14T20:54:10,-1.0
M6_event_stress_v1,bias_-1C,102Ah_55degC_1C_cell3,2027,26,77.1840583715459,74.402,ridge_event_replay,5,102Ah_55degC_1C_cell3|2023|2022-01-22T16:37:04|2022-01-22T17:24:04|#|102Ah_55degC_1C_cell3|2024|2022-01-22T19:10:12|2022-01-22T19:57:12|#|102Ah_55degC_1C_cell3|2025|2022-01-22T21:43:17|2022-01-22T22:30:17|#|102Ah_55degC_1C_cell3|2026|2022-01-23T00:16:20|2022-01-23T01:03:20|#|102Ah_55degC_1C_cell3|2027|2022-01-23T02:49:22|2022-01-23T03:36:22,2022-01-23T03:36:22,-1.0
M6_event_stress_v1,bias_-1C,102Ah_55degC_1C_cell3,2099,27,75.60357756423804,72.733,ridge_event_replay,5,102Ah_55degC_1C_cell3|2095|2022-02-10T22:56:45|2022-02-10T23:42:44|#|102Ah_55degC_1C_cell3|2096|2022-02-11T01:27:38|2022-02-11T02:13:38|#|102Ah_55degC_1C_cell3|2097|2022-02-11T03:58:31|2022-02-11T04:44:31|#|102Ah_55degC_1C_cell3|2098|2022-02-11T06:29:24|2022-02-11T07:15:24|#|102Ah_55degC_1C_cell3|2099|2022-02-11T09:00:16|2022-02-11T09:46:16,2022-02-11T09:46:16,-1.0
M6_event_stress_v1,bias_-1C,102Ah_55degC_1C_cell3,2166,28,74.02895054917798,71.205,ridge_event_replay,5,102Ah_55degC_1C_cell3|2162|2022-02-17T22:41:23|2022-02-17T23:26:53|#|102Ah_55degC_1C_cell3|2163|2022-02-18T01:10:34|2022-02-18T01:55:34|#|102Ah_55degC_1C_cell3|2164|2022-02-18T03:39:42|2022-02-18T04:24:42|#|102Ah_55degC_1C_cell3|2165|2022-02-18T06:08:49|2022-02-18T06:53:49|#|102Ah_55degC_1C_cell3|2166|2022-02-18T08:37:55|2022-02-18T09:22:56,2022-02-18T09:22:56,-1.0
M6_event_stress_v1,bias_-1C,102Ah_55degC_1C_cell3,2234,29,72.41289267789334,69.634,ridge_event_replay,5,102Ah_55degC_1C_cell3|2230|2022-02-24T22:39:38|2022-02-24T23:24:08|#|102Ah_55degC_1C_cell3|2231|2022-02-25T01:06:52|2022-02-25T01:51:22|#|102Ah_55degC_1C_cell3|2232|2022-02-25T03:34:04|2022-02-25T04:18:04|#|102Ah_55degC_1C_cell3|2233|2022-02-25T06:01:13|2022-02-25T06:45:13|#|102Ah_55degC_1C_cell3|2234|2022-02-25T08:28:21|2022-02-25T09:12:23,2022-02-25T09:12:23,-1.0
M6_event_stress_v1,bias_-1C,102Ah_55degC_1C_cell3,2306,30,70.75646595972202,68.083,ridge_event_replay,5,102Ah_55degC_1C_cell3|2302|2022-03-06T11:50:17|2022-03-06T12:33:17|#|102Ah_55degC_1C_cell3|2303|2022-03-06T14:15:31|2022-03-06T14:58:31|#|102Ah_55degC_1C_cell3|2304|2022-03-06T16:40:43|2022-03-06T17:23:43|#|102Ah_55degC_1C_cell3|2305|2022-03-06T19:05:55|2022-03-06T19:48:55|#|102Ah_55degC_1C_cell3|2306|2022-03-06T21:31:04|2022-03-06T22:14:04,2022-03-06T22:14:04,-1.0
M6_event_stress_v1,drift_+3C,102Ah_55degC_1C_cell3,111,1,98.24889394762468,98.15,ridge_event_replay,5,102Ah_55degC_1C_cell3|107|2021-05-17T13:47:59|2021-05-17T14:48:59|#|102Ah_55degC_1C_cell3|108|2021-05-17T16:49:14|2021-05-17T17:50:14|#|102Ah_55degC_1C_cell3|109|2021-05-17T19:50:28|2021-05-17T20:51:28|#|102Ah_55degC_1C_cell3|110|2021-05-17T22:51:40|2021-05-17T23:52:40|#|102Ah_55degC_1C_cell3|111|2021-05-18T01:52:51|2021-05-18T02:53:51,2021-05-18T02:53:51,0.0
M6_event_stress_v1,drift_+3C,102Ah_55degC_1C_cell3,178,2,97.44041935820916,97.002,ridge_event_replay,5,102Ah_55degC_1C_cell3|174|2021-05-26T00:03:34|2021-05-26T01:03:34|#|102Ah_55degC_1C_cell3|175|2021-05-26T03:03:27|2021-05-26T04:03:27|#|102Ah_55degC_1C_cell3|176|2021-05-26T06:03:19|2021-05-26T07:03:19|#|102Ah_55degC_1C_cell3|177|2021-05-26T09:03:10|2021-05-26T10:03:10|#|102Ah_55degC_1C_cell3|178|2021-05-26T12:03:00|2021-05-26T13:03:00,2021-05-26T13:03:00,0.0
M6_event_stress_v1,drift_+3C,102Ah_55degC_1C_cell3,463,3,95.0946444477431,93.692,ridge_event_replay,5,102Ah_55degC_1C_cell3|459|2021-07-11T07:16:42|2021-07-11T08:15:11|#|102Ah_55degC_1C_cell3|460|2021-07-11T10:12:39|2021-07-11T11:11:09|#|102Ah_55degC_1C_cell3|461|2021-07-11T13:08:36|2021-07-11T14:07:06|#|102Ah_55degC_1C_cell3|462|2021-07-11T16:04:32|2021-07-11T17:03:02|#|102Ah_55degC_1C_cell3|463|2021-07-11T19:00:28|2021-07-11T19:58:58,2021-07-11T19:58:58,0.0
M6_event_stress_v1,drift_+3C,102Ah_55degC_1C_cell3,530,4,94.41215111749463,93.086,ridge_event_replay,5,102Ah_55degC_1C_cell3|526|2021-07-19T11:21:42|2021-07-19T12:19:42|#|102Ah_55degC_1C_cell3|527|2021-07-19T14:16:57|2021-07-19T15:14:57|#|102Ah_55degC_1C_cell3|528|2021-07-19T17:12:10|2021-07-19T18:10:11|#|102Ah_55degC_1C_cell3|529|2021-07-19T20:07:24|2021-07-19T21:05:24|#|102Ah_55degC_1C_cell3|530|2021-07-19T23:02:37|2021-07-20T00:00:38,2021-07-20T00:00:38,0.0
M6_event_stress_v1,drift_+3C,102Ah_55degC_1C_cell3,598,5,93.70229981014671,92.505,ridge_event_replay,5,102Ah_55degC_1C_cell3|594|2021-07-27T17:33:50|2021-07-27T18:31:21|#|102Ah_55degC_1C_cell3|595|2021-07-27T20:28:22|2021-07-27T21:25:51|#|102Ah_55degC_1C_cell3|596|2021-07-27T23:22:52|2021-07-28T00:20:22|#|102Ah_55degC_1C_cell3|597|2021-07-28T02:17:22|2021-07-28T03:14:52|#|102Ah_55degC_1C_cell3|598|2021-07-28T05:11:51|2021-07-28T06:09:21,2021-07-28T06:09:21,0.0
M6_event_stress_v1,drift_+3C,102Ah_55degC_1C_cell3,667,6,93.0324234562823,91.953,ridge_event_replay,5,102Ah_55degC_1C_cell3|663|2021-08-05T01:55:28|2021-08-05T02:52:58|#|102Ah_55degC_1C_cell3|664|2021-08-05T04:49:19|2021-08-05T05:46:49|#|102Ah_55degC_1C_cell3|665|2021-08-05T07:43:10|2021-08-05T08:40:40|#|102Ah_55degC_1C_cell3|666|2021-08-05T10:37:02|2021-08-05T11:34:32|#|102Ah_55degC_1C_cell3|667|2021-08-05T13:30:51|2021-08-05T14:28:21,2021-08-05T14:28:21,0.0
M6_event_stress_v1,drift_+3C,102Ah_55degC_1C_cell3,739,7,92.8715748535867,91.407,ridge_event_replay,5,102Ah_55degC_1C_cell3|735|2021-08-14T23:41:23|2021-08-15T00:38:23|#|102Ah_55degC_1C_cell3|736|2021-08-15T02:34:36|2021-08-15T03:31:36|#|102Ah_55degC_1C_cell3|737|2021-08-15T05:27:47|2021-08-15T06:24:47|#|102Ah_55degC_1C_cell3|738|2021-08-15T08:20:57|2021-08-15T09:17:58|#|102Ah_55degC_1C_cell3|739|2021-08-15T11:14:08|2021-08-15T12:11:08,2021-08-15T12:11:08,0.0
M6_event_stress_v1,drift_+3C,102Ah_55degC_1C_cell3,806,8,92.19811480519897,90.846,ridge_event_replay,5,102Ah_55degC_1C_cell3|802|2021-08-23T00:43:29|2021-08-23T01:39:59|#|102Ah_55degC_1C_cell3|803|2021-08-23T03:36:00|2021-08-23T04:32:30|#|102Ah_55degC_1C_cell3|804|2021-08-23T06:28:30|2021-08-23T07:25:00|#|102Ah_55degC_1C_cell3|805|2021-08-23T09:21:00|2021-08-23T10:17:30|#|102Ah_55degC_1C_cell3|806|2021-08-23T12:13:29|2021-08-23T13:09:59,2021-08-23T13:09:59,0.0
M6_event_stress_v1,drift_+3C,102Ah_55degC_1C_cell3,873,9,91.5152650169526,90.301,ridge_event_replay,5,102Ah_55degC_1C_cell3|869|2021-08-31T01:00:23|2021-08-31T01:56:53|#|102Ah_55degC_1C_cell3|870|2021-08-31T03:52:13|2021-08-31T04:48:43|#|102Ah_55degC_1C_cell3|871|2021-08-31T06:44:02|2021-08-31T07:40:32|#|102Ah_55degC_1C_cell3|872|2021-08-31T09:35:51|2021-08-31T10:32:21|#|102Ah_55degC_1C_cell3|873|2021-08-31T12:27:40|2021-08-31T13:24:10,2021-08-31T13:24:10,0.0
M6_event_stress_v1,drift_+3C,102Ah_55degC_1C_cell3,941,10,91.32288133643846,89.744,ridge_event_replay,5,102Ah_55degC_1C_cell3|937|2021-09-08T03:23:16|2021-09-08T04:19:16|#|102Ah_55degC_1C_cell3|938|2021-09-08T06:14:26|2021-09-08T07:10:26|#|102Ah_55degC_1C_cell3|939|2021-09-08T09:05:37|2021-09-08T10:01:37|#|102Ah_55degC_1C_cell3|940|2021-09-08T11:56:46|2021-09-08T12:52:46|#|102Ah_55degC_1C_cell3|941|2021-09-08T14:47:54|2021-09-08T15:43:54,2021-09-08T15:43:54,0.0
M6_event_stress_v1,drift_+3C,102Ah_55degC_1C_cell3,1008,11,90.633327475848,89.204,ridge_event_replay,5,102Ah_55degC_1C_cell3|1004|2021-09-16T02:09:44|2021-09-16T03:05:14|#|102Ah_55degC_1C_cell3|1005|2021-09-16T05:00:15|2021-09-16T05:55:45|#|102Ah_55degC_1C_cell3|1006|2021-09-16T07:50:44|2021-09-16T08:46:14|#|102Ah_55degC_1C_cell3|1007|2021-09-16T10:41:14|2021-09-16T11:36:44|#|102Ah_55degC_1C_cell3|1008|2021-09-16T13:31:43|2021-09-16T14:27:13,2021-09-16T14:27:13,0.0
M6_event_stress_v1,drift_+3C,102Ah_55degC_1C_cell3,1076,12,90.01194748721511,88.661,ridge_event_replay,5,102Ah_55degC_1C_cell3|1072|2021-09-24T03:01:46|2021-09-24T03:57:16|#|102Ah_55degC_1C_cell3|1073|2021-09-24T05:51:36|2021-09-24T06:47:06|#|102Ah_55degC_1C_cell3|1074|2021-09-24T08:41:25|2021-09-24T09:36:57|#|102Ah_55degC_1C_cell3|1075|2021-09-24T11:31:16|2021-09-24T12:26:46|#|102Ah_55degC_1C_cell3|1076|2021-09-24T14:21:04|2021-09-24T15:16:34,2021-09-24T15:16:34,0.0
M6_event_stress_v1,drift_+3C,102Ah_55degC_1C_cell3,1143,13,89.8060973261472,88.039,ridge_event_replay,5,102Ah_55degC_1C_cell3|1139|2021-10-10T05:28:28|2021-10-10T06:23:28|#|102Ah_55degC_1C_cell3|1140|2021-10-10T08:17:31|2021-10-10T09:12:31|#|102Ah_55degC_1C_cell3|1141|2021-10-10T11:06:33|2021-10-10T12:01:33|#|102Ah_55degC_1C_cell3|1142|2021-10-10T13:55:35|2021-10-10T14:50:35|#|102Ah_55degC_1C_cell3|1143|2021-10-10T16:44:36|2021-10-10T17:39:36,2021-10-10T17:39:36,0.0
M6_event_stress_v1,drift_+3C,102Ah_55degC_1C_cell3,1211,14,89.12942253975542,87.512,ridge_event_replay,5,102Ah_55degC_1C_cell3|1207|2021-10-18T04:42:56|2021-10-18T05:37:26|#|102Ah_55degC_1C_cell3|1208|2021-10-18T07:31:20|2021-10-18T08:25:50|#|102Ah_55degC_1C_cell3|1209|2021-10-18T10:19:44|2021-10-18T11:14:14|#|102Ah_55degC_1C_cell3|1210|2021-10-18T13:08:08|2021-10-18T14:02:38|#|102Ah_55degC_1C_cell3|1211|2021-10-18T15:56:30|2021-10-18T16:51:00,2021-10-18T16:51:00,0.0
M6_event_stress_v1,drift_+3C,102Ah_55degC_1C_cell3,1278,15,88.44849139447437,86.962,ridge_event_replay,5,102Ah_55degC_1C_cell3|1274|2021-10-26T00:24:21|2021-10-26T01:18:21|#|102Ah_55degC_1C_cell3|1275|2021-10-26T03:12:06|2021-10-26T04:06:06|#|102Ah_55degC_1C_cell3|1276|2021-10-26T05:59:50|2021-10-26T06:53:50|#|102Ah_55degC_1C_cell3|1277|2021-10-26T08:47:32|2021-10-26T09:41:34|#|102Ah_55degC_1C_cell3|1278|2021-10-26T11:35:16|2021-10-26T12:29:16,2021-10-26T12:29:16,0.0
M6_event_stress_v1,drift_+3C,102Ah_55degC_1C_cell3,1346,16,88.3437110420179,86.38,ridge_event_replay,5,102Ah_55degC_1C_cell3|1342|2021-11-02T22:08:14|2021-11-02T23:02:14|#|102Ah_55degC_1C_cell3|1343|2021-11-03T00:55:17|2021-11-03T01:49:17|#|102Ah_55degC_1C_cell3|1344|2021-11-03T03:42:20|2021-11-03T04:36:20|#|102Ah_55degC_1C_cell3|1345|2021-11-03T06:29:22|2021-11-03T07:23:22|#|102Ah_55degC_1C_cell3|1346|2021-11-03T09:16:24|2021-11-03T10:10:24,2021-11-03T10:10:24,0.0
M6_event_stress_v1,drift_+3C,102Ah_55degC_1C_cell3,1413,17,87.58797655442348,85.815,ridge_event_replay,5,102Ah_55degC_1C_cell3|1409|2021-11-10T16:18:25|2021-11-10T17:11:55|#|102Ah_55degC_1C_cell3|1410|2021-11-10T19:04:47|2021-11-10T19:58:17|#|102Ah_55degC_1C_cell3|1411|2021-11-10T21:51:07|2021-11-10T22:44:37|#|102Ah_55degC_1C_cell3|1412|2021-11-11T00:37:26|2021-11-11T01:30:56|#|102Ah_55degC_1C_cell3|1413|2021-11-11T03:23:45|2021-11-11T04:17:15,2021-11-11T04:17:15,0.0
M6_event_stress_v1,drift_+3C,102Ah_55degC_1C_cell3,1481,18,86.87820975230282,85.108,ridge_event_replay,5,102Ah_55degC_1C_cell3|1477|2021-11-18T12:23:57|2021-11-18T13:16:57|#|102Ah_55degC_1C_cell3|1478|2021-11-18T15:09:29|2021-11-18T16:02:29|#|102Ah_55degC_1C_cell3|1479|2021-11-18T17:55:01|2021-11-18T18:48:01|#|102Ah_55degC_1C_cell3|1480|2021-11-18T20:40:32|2021-11-18T21:33:32|#|102Ah_55degC_1C_cell3|1481|2021-11-18T23:26:02|2021-11-19T00:19:03,2021-11-19T00:19:03,0.0
M6_event_stress_v1,drift_+3C,102Ah_55degC_1C_cell3,1550,19,86.15994722410821,84.207,ridge_event_replay,5,102Ah_55degC_1C_cell3|1546|2021-11-30T03:50:13|2021-11-30T04:42:43|#|102Ah_55degC_1C_cell3|1547|2021-11-30T06:34:46|2021-11-30T07:27:16|#|102Ah_55degC_1C_cell3|1548|2021-11-30T09:19:19|2021-11-30T10:11:49|#|102Ah_55degC_1C_cell3|1549|2021-11-30T12:03:51|2021-11-30T12:56:21|#|102Ah_55degC_1C_cell3|1550|2021-11-30T14:48:21|2021-11-30T15:40:51,2021-11-30T15:40:51,0.0
M6_event_stress_v1,drift_+3C,102Ah_55degC_1C_cell3,1618,20,84.80306113256918,83.035,ridge_event_replay,5,102Ah_55degC_1C_cell3|1614|2021-12-07T21:37:06|2021-12-07T22:29:06|#|102Ah_55degC_1C_cell3|1615|2021-12-08T00:20:20|2021-12-08T01:12:20|#|102Ah_55degC_1C_cell3|1616|2021-12-08T03:03:32|2021-12-08T03:55:32|#|102Ah_55degC_1C_cell3|1617|2021-12-08T05:46:43|2021-12-08T06:38:43|#|102Ah_55degC_1C_cell3|1618|2021-12-08T08:29:52|2021-12-08T09:21:53,2021-12-08T09:21:53,0.0
M6_event_stress_v1,drift_+3C,102Ah_55degC_1C_cell3,1685,21,84.03616260471634,81.814,ridge_event_replay,5,102Ah_55degC_1C_cell3|1681|2021-12-15T11:06:03|2021-12-15T11:57:32|#|102Ah_55degC_1C_cell3|1682|2021-12-15T13:47:49|2021-12-15T14:39:19|#|102Ah_55degC_1C_cell3|1683|2021-12-15T16:29:35|2021-12-15T17:21:05|#|102Ah_55degC_1C_cell3|1684|2021-12-15T19:11:20|2021-12-15T20:02:50|#|102Ah_55degC_1C_cell3|1685|2021-12-15T21:53:02|2021-12-15T22:44:32,2021-12-15T22:44:32,0.0
M6_event_stress_v1,drift_+3C,102Ah_55degC_1C_cell3,1753,22,82.60363074569993,80.494,ridge_event_replay,5,102Ah_55degC_1C_cell3|1749|2021-12-23T01:35:20|2021-12-23T02:25:49|#|102Ah_55degC_1C_cell3|1750|2021-12-23T04:15:32|2021-12-23T05:06:02|#|102Ah_55degC_1C_cell3|1751|2021-12-23T06:55:42|2021-12-23T07:46:12|#|102Ah_55degC_1C_cell3|1752|2021-12-23T09:35:52|2021-12-23T10:26:22|#|102Ah_55degC_1C_cell3|1753|2021-12-23T12:16:00|2021-12-23T13:06:30,2021-12-23T13:06:30,0.0
M6_event_stress_v1,drift_+3C,102Ah_55degC_1C_cell3,1820,23,81.80818524441102,79.116,ridge_event_replay,5,102Ah_55degC_1C_cell3|1816|2021-12-30T11:36:15|2021-12-30T12:26:14|#|102Ah_55degC_1C_cell3|1817|2021-12-30T14:14:49|2021-12-30T15:04:49|#|102Ah_55degC_1C_cell3|1818|2021-12-30T16:53:22|2021-12-30T17:43:22|#|102Ah_55degC_1C_cell3|1819|2021-12-30T19:31:54|2021-12-30T20:21:54|#|102Ah_55degC_1C_cell3|1820|2021-12-30T22:10:23|2021-12-30T23:00:23,2021-12-30T23:00:23,0.0
M6_event_stress_v1,drift_+3C,102Ah_55degC_1C_cell3,1887,24,80.37604772091927,77.658,ridge_event_replay,5,102Ah_55degC_1C_cell3|1883|2022-01-06T19:44:55|2022-01-06T20:33:55|#|102Ah_55degC_1C_cell3|1884|2022-01-06T22:21:49|2022-01-06T23:10:49|#|102Ah_55degC_1C_cell3|1885|2022-01-07T00:58:42|2022-01-07T01:47:42|#|102Ah_55degC_1C_cell3|1886|2022-01-07T03:35:33|2022-01-07T04:24:33|#|102Ah_55degC_1C_cell3|1887|2022-01-07T06:12:22|2022-01-07T07:01:22,2022-01-07T07:01:22,0.0
M6_event_stress_v1,drift_+3C,102Ah_55degC_1C_cell3,1957,25,78.93134641778913,76.068,ridge_event_replay,5,102Ah_55degC_1C_cell3|1951|2022-01-14T04:35:40|2022-01-14T05:23:40|#|102Ah_55degC_1C_cell3|1952|2022-01-14T07:10:47|2022-01-14T07:58:47|#|102Ah_55degC_1C_cell3|1953|2022-01-14T14:56:00|2022-01-14T15:44:30|#|102Ah_55degC_1C_cell3|1956|2022-01-14T17:31:20|2022-01-14T18:19:22|#|102Ah_55degC_1C_cell3|1957|2022-01-14T20:06:10|2022-01-14T20:54:10,2022-01-14T20:54:10,0.0
M6_event_stress_v1,drift_+3C,102Ah_55degC_1C_cell3,2027,26,77.33968234403422,74.402,ridge_event_replay,5,102Ah_55degC_1C_cell3|2023|2022-01-22T16:37:04|2022-01-22T17:24:04|#|102Ah_55degC_1C_cell3|2024|2022-01-22T19:10:12|2022-01-22T19:57:12|#|102Ah_55degC_1C_cell3|2025|2022-01-22T21:43:17|2022-01-22T22:30:17|#|102Ah_55degC_1C_cell3|2026|2022-01-23T00:16:20|2022-01-23T01:03:20|#|102Ah_55degC_1C_cell3|2027|2022-01-23T02:49:22|2022-01-23T03:36:22,2022-01-23T03:36:22,0.0
M6_event_stress_v1,drift_+3C,102Ah_55degC_1C_cell3,2099,27,75.77062299264321,72.733,ridge_event_replay,5,102Ah_55degC_1C_cell3|2095|2022-02-10T22:56:45|2022-02-10T23:42:44|#|102Ah_55degC_1C_cell3|2096|2022-02-11T01:27:38|2022-02-11T02:13:38|#|102Ah_55degC_1C_cell3|2097|2022-02-11T03:58:31|2022-02-11T04:44:31|#|102Ah_55degC_1C_cell3|2098|2022-02-11T06:29:24|2022-02-11T07:15:24|#|102Ah_55degC_1C_cell3|2099|2022-02-11T09:00:16|2022-02-11T09:46:16,2022-02-11T09:46:16,0.0
M6_event_stress_v1,drift_+3C,102Ah_55degC_1C_cell3,2166,28,74.20902322826672,71.205,ridge_event_replay,5,102Ah_55degC_1C_cell3|2162|2022-02-17T22:41:23|2022-02-17T23:26:53|#|102Ah_55degC_1C_cell3|2163|2022-02-18T01:10:34|2022-02-18T01:55:34|#|102Ah_55degC_1C_cell3|2164|2022-02-18T03:39:42|2022-02-18T04:24:42|#|102Ah_55degC_1C_cell3|2165|2022-02-18T06:08:49|2022-02-18T06:53:49|#|102Ah_55degC_1C_cell3|2166|2022-02-18T08:37:55|2022-02-18T09:22:56,2022-02-18T09:22:56,0.0
M6_event_stress_v1,drift_+3C,102Ah_55degC_1C_cell3,2234,29,72.60636382799171,69.634,ridge_event_replay,5,102Ah_55degC_1C_cell3|2230|2022-02-24T22:39:38|2022-02-24T23:24:08|#|102Ah_55degC_1C_cell3|2231|2022-02-25T01:06:52|2022-02-25T01:51:22|#|102Ah_55degC_1C_cell3|2232|2022-02-25T03:34:04|2022-02-25T04:18:04|#|102Ah_55degC_1C_cell3|2233|2022-02-25T06:01:13|2022-02-25T06:45:13|#|102Ah_55degC_1C_cell3|2234|2022-02-25T08:28:21|2022-02-25T09:12:23,2022-02-25T09:12:23,0.0
M6_event_stress_v1,drift_+3C,102Ah_55degC_1C_cell3,2306,30,70.96194960468335,68.083,ridge_event_replay,5,102Ah_55degC_1C_cell3|2302|2022-03-06T11:50:17|2022-03-06T12:33:17|#|102Ah_55degC_1C_cell3|2303|2022-03-06T14:15:31|2022-03-06T14:58:31|#|102Ah_55degC_1C_cell3|2304|2022-03-06T16:40:43|2022-03-06T17:23:43|#|102Ah_55degC_1C_cell3|2305|2022-03-06T19:05:55|2022-03-06T19:48:55|#|102Ah_55degC_1C_cell3|2306|2022-03-06T21:31:04|2022-03-06T22:14:04,2022-03-06T22:14:04,0.0
M6_event_stress_v1,stuck_35C,102Ah_55degC_1C_cell3,111,1,99.27064930288172,98.15,ridge_event_replay,5,102Ah_55degC_1C_cell3|107|2021-05-17T13:47:59|2021-05-17T14:48:59|#|102Ah_55degC_1C_cell3|108|2021-05-17T16:49:14|2021-05-17T17:50:14|#|102Ah_55degC_1C_cell3|109|2021-05-17T19:50:28|2021-05-17T20:51:28|#|102Ah_55degC_1C_cell3|110|2021-05-17T22:51:40|2021-05-17T23:52:40|#|102Ah_55degC_1C_cell3|111|2021-05-18T01:52:51|2021-05-18T02:53:51,2021-05-18T02:53:51,0.0
M6_event_stress_v1,stuck_35C,102Ah_55degC_1C_cell3,178,2,98.45102682026656,97.002,ridge_event_replay,5,102Ah_55degC_1C_cell3|174|2021-05-26T00:03:34|2021-05-26T01:03:34|#|102Ah_55degC_1C_cell3|175|2021-05-26T03:03:27|2021-05-26T04:03:27|#|102Ah_55degC_1C_cell3|176|2021-05-26T06:03:19|2021-05-26T07:03:19|#|102Ah_55degC_1C_cell3|177|2021-05-26T09:03:10|2021-05-26T10:03:10|#|102Ah_55degC_1C_cell3|178|2021-05-26T12:03:00|2021-05-26T13:03:00,2021-05-26T13:03:00,0.0
M6_event_stress_v1,stuck_35C,102Ah_55degC_1C_cell3,463,3,96.07676798589473,93.692,ridge_event_replay,5,102Ah_55degC_1C_cell3|459|2021-07-11T07:16:42|2021-07-11T08:15:11|#|102Ah_55degC_1C_cell3|460|2021-07-11T10:12:39|2021-07-11T11:11:09|#|102Ah_55degC_1C_cell3|461|2021-07-11T13:08:36|2021-07-11T14:07:06|#|102Ah_55degC_1C_cell3|462|2021-07-11T16:04:32|2021-07-11T17:03:02|#|102Ah_55degC_1C_cell3|463|2021-07-11T19:00:28|2021-07-11T19:58:58,2021-07-11T19:58:58,0.0
M6_event_stress_v1,stuck_35C,102Ah_55degC_1C_cell3,530,4,95.39731473490666,93.086,ridge_event_replay,5,102Ah_55degC_1C_cell3|526|2021-07-19T11:21:42|2021-07-19T12:19:42|#|102Ah_55degC_1C_cell3|527|2021-07-19T14:16:57|2021-07-19T15:14:57|#|102Ah_55degC_1C_cell3|528|2021-07-19T17:12:10|2021-07-19T18:10:11|#|102Ah_55degC_1C_cell3|529|2021-07-19T20:07:24|2021-07-19T21:05:24|#|102Ah_55degC_1C_cell3|530|2021-07-19T23:02:37|2021-07-20T00:00:38,2021-07-20T00:00:38,0.0
M6_event_stress_v1,stuck_35C,102Ah_55degC_1C_cell3,598,5,94.68081565270884,92.505,ridge_event_replay,5,102Ah_55degC_1C_cell3|594|2021-07-27T17:33:50|2021-07-27T18:31:21|#|102Ah_55degC_1C_cell3|595|2021-07-27T20:28:22|2021-07-27T21:25:51|#|102Ah_55degC_1C_cell3|596|2021-07-27T23:22:52|2021-07-28T00:20:22|#|102Ah_55degC_1C_cell3|597|2021-07-28T02:17:22|2021-07-28T03:14:52|#|102Ah_55degC_1C_cell3|598|2021-07-28T05:11:51|2021-07-28T06:09:21,2021-07-28T06:09:21,0.0
M6_event_stress_v1,stuck_35C,102Ah_55degC_1C_cell3,667,6,93.98677050845369,91.953,ridge_event_replay,5,102Ah_55degC_1C_cell3|663|2021-08-05T01:55:28|2021-08-05T02:52:58|#|102Ah_55degC_1C_cell3|664|2021-08-05T04:49:19|2021-08-05T05:46:49|#|102Ah_55degC_1C_cell3|665|2021-08-05T07:43:10|2021-08-05T08:40:40|#|102Ah_55degC_1C_cell3|666|2021-08-05T10:37:02|2021-08-05T11:34:32|#|102Ah_55degC_1C_cell3|667|2021-08-05T13:30:51|2021-08-05T14:28:21,2021-08-05T14:28:21,0.0
M6_event_stress_v1,stuck_35C,102Ah_55degC_1C_cell3,739,7,93.81866187027116,91.407,ridge_event_replay,5,102Ah_55degC_1C_cell3|735|2021-08-14T23:41:23|2021-08-15T00:38:23|#|102Ah_55degC_1C_cell3|736|2021-08-15T02:34:36|2021-08-15T03:31:36|#|102Ah_55degC_1C_cell3|737|2021-08-15T05:27:47|2021-08-15T06:24:47|#|102Ah_55degC_1C_cell3|738|2021-08-15T08:20:57|2021-08-15T09:17:58|#|102Ah_55degC_1C_cell3|739|2021-08-15T11:14:08|2021-08-15T12:11:08,2021-08-15T12:11:08,0.0
M6_event_stress_v1,stuck_35C,102Ah_55degC_1C_cell3,806,8,93.15132881093491,90.846,ridge_event_replay,5,102Ah_55degC_1C_cell3|802|2021-08-23T00:43:29|2021-08-23T01:39:59|#|102Ah_55degC_1C_cell3|803|2021-08-23T03:36:00|2021-08-23T04:32:30|#|102Ah_55degC_1C_cell3|804|2021-08-23T06:28:30|2021-08-23T07:25:00|#|102Ah_55degC_1C_cell3|805|2021-08-23T09:21:00|2021-08-23T10:17:30|#|102Ah_55degC_1C_cell3|806|2021-08-23T12:13:29|2021-08-23T13:09:59,2021-08-23T13:09:59,0.0
M6_event_stress_v1,stuck_35C,102Ah_55degC_1C_cell3,873,9,92.44324763448586,90.301,ridge_event_replay,5,102Ah_55degC_1C_cell3|869|2021-08-31T01:00:23|2021-08-31T01:56:53|#|102Ah_55degC_1C_cell3|870|2021-08-31T03:52:13|2021-08-31T04:48:43|#|102Ah_55degC_1C_cell3|871|2021-08-31T06:44:02|2021-08-31T07:40:32|#|102Ah_55degC_1C_cell3|872|2021-08-31T09:35:51|2021-08-31T10:32:21|#|102Ah_55degC_1C_cell3|873|2021-08-31T12:27:40|2021-08-31T13:24:10,2021-08-31T13:24:10,0.0
M6_event_stress_v1,stuck_35C,102Ah_55degC_1C_cell3,941,10,92.24951542931478,89.744,ridge_event_replay,5,102Ah_55degC_1C_cell3|937|2021-09-08T03:23:16|2021-09-08T04:19:16|#|102Ah_55degC_1C_cell3|938|2021-09-08T06:14:26|2021-09-08T07:10:26|#|102Ah_55degC_1C_cell3|939|2021-09-08T09:05:37|2021-09-08T10:01:37|#|102Ah_55degC_1C_cell3|940|2021-09-08T11:56:46|2021-09-08T12:52:46|#|102Ah_55degC_1C_cell3|941|2021-09-08T14:47:54|2021-09-08T15:43:54,2021-09-08T15:43:54,0.0
M6_event_stress_v1,stuck_35C,102Ah_55degC_1C_cell3,1008,11,91.57199920173305,89.204,ridge_event_replay,5,102Ah_55degC_1C_cell3|1004|2021-09-16T02:09:44|2021-09-16T03:05:14|#|102Ah_55degC_1C_cell3|1005|2021-09-16T05:00:15|2021-09-16T05:55:45|#|102Ah_55degC_1C_cell3|1006|2021-09-16T07:50:44|2021-09-16T08:46:14|#|102Ah_55degC_1C_cell3|1007|2021-09-16T10:41:14|2021-09-16T11:36:44|#|102Ah_55degC_1C_cell3|1008|2021-09-16T13:31:43|2021-09-16T14:27:13,2021-09-16T14:27:13,0.0
M6_event_stress_v1,stuck_35C,102Ah_55degC_1C_cell3,1076,12,90.9443802625301,88.661,ridge_event_replay,5,102Ah_55degC_1C_cell3|1072|2021-09-24T03:01:46|2021-09-24T03:57:16|#|102Ah_55degC_1C_cell3|1073|2021-09-24T05:51:36|2021-09-24T06:47:06|#|102Ah_55degC_1C_cell3|1074|2021-09-24T08:41:25|2021-09-24T09:36:57|#|102Ah_55degC_1C_cell3|1075|2021-09-24T11:31:16|2021-09-24T12:26:46|#|102Ah_55degC_1C_cell3|1076|2021-09-24T14:21:04|2021-09-24T15:16:34,2021-09-24T15:16:34,0.0
M6_event_stress_v1,stuck_35C,102Ah_55degC_1C_cell3,1143,13,90.73752003995808,88.039,ridge_event_replay,5,102Ah_55degC_1C_cell3|1139|2021-10-10T05:28:28|2021-10-10T06:23:28|#|102Ah_55degC_1C_cell3|1140|2021-10-10T08:17:31|2021-10-10T09:12:31|#|102Ah_55degC_1C_cell3|1141|2021-10-10T11:06:33|2021-10-10T12:01:33|#|102Ah_55degC_1C_cell3|1142|2021-10-10T13:55:35|2021-10-10T14:50:35|#|102Ah_55degC_1C_cell3|1143|2021-10-10T16:44:36|2021-10-10T17:39:36,2021-10-10T17:39:36,0.0
M6_event_stress_v1,stuck_35C,102Ah_55degC_1C_cell3,1211,14,90.02760933576495,87.512,ridge_event_replay,5,102Ah_55degC_1C_cell3|1207|2021-10-18T04:42:56|2021-10-18T05:37:26|#|102Ah_55degC_1C_cell3|1208|2021-10-18T07:31:20|2021-10-18T08:25:50|#|102Ah_55degC_1C_cell3|1209|2021-10-18T10:19:44|2021-10-18T11:14:14|#|102Ah_55degC_1C_cell3|1210|2021-10-18T13:08:08|2021-10-18T14:02:38|#|102Ah_55degC_1C_cell3|1211|2021-10-18T15:56:30|2021-10-18T16:51:00,2021-10-18T16:51:00,0.0
M6_event_stress_v1,stuck_35C,102Ah_55degC_1C_cell3,1278,15,89.34001655437952,86.962,ridge_event_replay,5,102Ah_55degC_1C_cell3|1274|2021-10-26T00:24:21|2021-10-26T01:18:21|#|102Ah_55degC_1C_cell3|1275|2021-10-26T03:12:06|2021-10-26T04:06:06|#|102Ah_55degC_1C_cell3|1276|2021-10-26T05:59:50|2021-10-26T06:53:50|#|102Ah_55degC_1C_cell3|1277|2021-10-26T08:47:32|2021-10-26T09:41:34|#|102Ah_55degC_1C_cell3|1278|2021-10-26T11:35:16|2021-10-26T12:29:16,2021-10-26T12:29:16,0.0
M6_event_stress_v1,stuck_35C,102Ah_55degC_1C_cell3,1346,16,89.25371245746751,86.38,ridge_event_replay,5,102Ah_55degC_1C_cell3|1342|2021-11-02T22:08:14|2021-11-02T23:02:14|#|102Ah_55degC_1C_cell3|1343|2021-11-03T00:55:17|2021-11-03T01:49:17|#|102Ah_55degC_1C_cell3|1344|2021-11-03T03:42:20|2021-11-03T04:36:20|#|102Ah_55degC_1C_cell3|1345|2021-11-03T06:29:22|2021-11-03T07:23:22|#|102Ah_55degC_1C_cell3|1346|2021-11-03T09:16:24|2021-11-03T10:10:24,2021-11-03T10:10:24,0.0
M6_event_stress_v1,stuck_35C,102Ah_55degC_1C_cell3,1413,17,88.48123813096215,85.815,ridge_event_replay,5,102Ah_55degC_1C_cell3|1409|2021-11-10T16:18:25|2021-11-10T17:11:55|#|102Ah_55degC_1C_cell3|1410|2021-11-10T19:04:47|2021-11-10T19:58:17|#|102Ah_55degC_1C_cell3|1411|2021-11-10T21:51:07|2021-11-10T22:44:37|#|102Ah_55degC_1C_cell3|1412|2021-11-11T00:37:26|2021-11-11T01:30:56|#|102Ah_55degC_1C_cell3|1413|2021-11-11T03:23:45|2021-11-11T04:17:15,2021-11-11T04:17:15,0.0
M6_event_stress_v1,stuck_35C,102Ah_55degC_1C_cell3,1481,18,87.76662261467989,85.108,ridge_event_replay,5,102Ah_55degC_1C_cell3|1477|2021-11-18T12:23:57|2021-11-18T13:16:57|#|102Ah_55degC_1C_cell3|1478|2021-11-18T15:09:29|2021-11-18T16:02:29|#|102Ah_55degC_1C_cell3|1479|2021-11-18T17:55:01|2021-11-18T18:48:01|#|102Ah_55degC_1C_cell3|1480|2021-11-18T20:40:32|2021-11-18T21:33:32|#|102Ah_55degC_1C_cell3|1481|2021-11-18T23:26:02|2021-11-19T00:19:03,2021-11-19T00:19:03,0.0
M6_event_stress_v1,stuck_35C,102Ah_55degC_1C_cell3,1550,19,87.0407776591045,84.207,ridge_event_replay,5,102Ah_55degC_1C_cell3|1546|2021-11-30T03:50:13|2021-11-30T04:42:43|#|102Ah_55degC_1C_cell3|1547|2021-11-30T06:34:46|2021-11-30T07:27:16|#|102Ah_55degC_1C_cell3|1548|2021-11-30T09:19:19|2021-11-30T10:11:49|#|102Ah_55degC_1C_cell3|1549|2021-11-30T12:03:51|2021-11-30T12:56:21|#|102Ah_55degC_1C_cell3|1550|2021-11-30T14:48:21|2021-11-30T15:40:51,2021-11-30T15:40:51,0.0
M6_event_stress_v1,stuck_35C,102Ah_55degC_1C_cell3,1618,20,85.68223252084722,83.035,ridge_event_replay,5,102Ah_55degC_1C_cell3|1614|2021-12-07T21:37:06|2021-12-07T22:29:06|#|102Ah_55degC_1C_cell3|1615|2021-12-08T00:20:20|2021-12-08T01:12:20|#|102Ah_55degC_1C_cell3|1616|2021-12-08T03:03:32|2021-12-08T03:55:32|#|102Ah_55degC_1C_cell3|1617|2021-12-08T05:46:43|2021-12-08T06:38:43|#|102Ah_55degC_1C_cell3|1618|2021-12-08T08:29:52|2021-12-08T09:21:53,2021-12-08T09:21:53,0.0
M6_event_stress_v1,stuck_35C,102Ah_55degC_1C_cell3,1685,21,84.90600786029417,81.814,ridge_event_replay,5,102Ah_55degC_1C_cell3|1681|2021-12-15T11:06:03|2021-12-15T11:57:32|#|102Ah_55degC_1C_cell3|1682|2021-12-15T13:47:49|2021-12-15T14:39:19|#|102Ah_55degC_1C_cell3|1683|2021-12-15T16:29:35|2021-12-15T17:21:05|#|102Ah_55degC_1C_cell3|1684|2021-12-15T19:11:20|2021-12-15T20:02:50|#|102Ah_55degC_1C_cell3|1685|2021-12-15T21:53:02|2021-12-15T22:44:32,2021-12-15T22:44:32,0.0
M6_event_stress_v1,stuck_35C,102Ah_55degC_1C_cell3,1753,22,83.47121778289555,80.494,ridge_event_replay,5,102Ah_55degC_1C_cell3|1749|2021-12-23T01:35:20|2021-12-23T02:25:49|#|102Ah_55degC_1C_cell3|1750|2021-12-23T04:15:32|2021-12-23T05:06:02|#|102Ah_55degC_1C_cell3|1751|2021-12-23T06:55:42|2021-12-23T07:46:12|#|102Ah_55degC_1C_cell3|1752|2021-12-23T09:35:52|2021-12-23T10:26:22|#|102Ah_55degC_1C_cell3|1753|2021-12-23T12:16:00|2021-12-23T13:06:30,2021-12-23T13:06:30,0.0
M6_event_stress_v1,stuck_35C,102Ah_55degC_1C_cell3,1820,23,82.63648679446322,79.116,ridge_event_replay,5,102Ah_55degC_1C_cell3|1816|2021-12-30T11:36:15|2021-12-30T12:26:14|#|102Ah_55degC_1C_cell3|1817|2021-12-30T14:14:49|2021-12-30T15:04:49|#|102Ah_55degC_1C_cell3|1818|2021-12-30T16:53:22|2021-12-30T17:43:22|#|102Ah_55degC_1C_cell3|1819|2021-12-30T19:31:54|2021-12-30T20:21:54|#|102Ah_55degC_1C_cell3|1820|2021-12-30T22:10:23|2021-12-30T23:00:23,2021-12-30T23:00:23,0.0
M6_event_stress_v1,stuck_35C,102Ah_55degC_1C_cell3,1887,24,81.20786820807889,77.658,ridge_event_replay,5,102Ah_55degC_1C_cell3|1883|2022-01-06T19:44:55|2022-01-06T20:33:55|#|102Ah_55degC_1C_cell3|1884|2022-01-06T22:21:49|2022-01-06T23:10:49|#|102Ah_55degC_1C_cell3|1885|2022-01-07T00:58:42|2022-01-07T01:47:42|#|102Ah_55degC_1C_cell3|1886|2022-01-07T03:35:33|2022-01-07T04:24:33|#|102Ah_55degC_1C_cell3|1887|2022-01-07T06:12:22|2022-01-07T07:01:22,2022-01-07T07:01:22,0.0
M6_event_stress_v1,stuck_35C,102Ah_55degC_1C_cell3,1957,25,79.7679444224006,76.068,ridge_event_replay,5,102Ah_55degC_1C_cell3|1951|2022-01-14T04:35:40|2022-01-14T05:23:40|#|102Ah_55degC_1C_cell3|1952|2022-01-14T07:10:47|2022-01-14T07:58:47|#|102Ah_55degC_1C_cell3|1953|2022-01-14T14:56:00|2022-01-14T15:44:30|#|102Ah_55degC_1C_cell3|1956|2022-01-14T17:31:20|2022-01-14T18:19:22|#|102Ah_55degC_1C_cell3|1957|2022-01-14T20:06:10|2022-01-14T20:54:10,2022-01-14T20:54:10,0.0
M6_event_stress_v1,stuck_35C,102Ah_55degC_1C_cell3,2027,26,78.16410524265811,74.402,ridge_event_replay,5,102Ah_55degC_1C_cell3|2023|2022-01-22T16:37:04|2022-01-22T17:24:04|#|102Ah_55degC_1C_cell3|2024|2022-01-22T19:10:12|2022-01-22T19:57:12|#|102Ah_55degC_1C_cell3|2025|2022-01-22T21:43:17|2022-01-22T22:30:17|#|102Ah_55degC_1C_cell3|2026|2022-01-23T00:16:20|2022-01-23T01:03:20|#|102Ah_55degC_1C_cell3|2027|2022-01-23T02:49:22|2022-01-23T03:36:22,2022-01-23T03:36:22,0.0
M6_event_stress_v1,stuck_35C,102Ah_55degC_1C_cell3,2099,27,76.56796867174214,72.733,ridge_event_replay,5,102Ah_55degC_1C_cell3|2095|2022-02-10T22:56:45|2022-02-10T23:42:44|#|102Ah_55degC_1C_cell3|2096|2022-02-11T01:27:38|2022-02-11T02:13:38|#|102Ah_55degC_1C_cell3|2097|2022-02-11T03:58:31|2022-02-11T04:44:31|#|102Ah_55degC_1C_cell3|2098|2022-02-11T06:29:24|2022-02-11T07:15:24|#|102Ah_55degC_1C_cell3|2099|2022-02-11T09:00:16|2022-02-11T09:46:16,2022-02-11T09:46:16,0.0
M6_event_stress_v1,stuck_35C,102Ah_55degC_1C_cell3,2166,28,74.97687171762868,71.205,ridge_event_replay,5,102Ah_55degC_1C_cell3|2162|2022-02-17T22:41:23|2022-02-17T23:26:53|#|102Ah_55degC_1C_cell3|2163|2022-02-18T01:10:34|2022-02-18T01:55:34|#|102Ah_55degC_1C_cell3|2164|2022-02-18T03:39:42|2022-02-18T04:24:42|#|102Ah_55degC_1C_cell3|2165|2022-02-18T06:08:49|2022-02-18T06:53:49|#|102Ah_55degC_1C_cell3|2166|2022-02-18T08:37:55|2022-02-18T09:22:56,2022-02-18T09:22:56,0.0
M6_event_stress_v1,stuck_35C,102Ah_55degC_1C_cell3,2234,29,73.35983591411335,69.634,ridge_event_replay,5,102Ah_55degC_1C_cell3|2230|2022-02-24T22:39:38|2022-02-24T23:24:08|#|102Ah_55degC_1C_cell3|2231|2022-02-25T01:06:52|2022-02-25T01:51:22|#|102Ah_55degC_1C_cell3|2232|2022-02-25T03:34:04|2022-02-25T04:18:04|#|102Ah_55degC_1C_cell3|2233|2022-02-25T06:01:13|2022-02-25T06:45:13|#|102Ah_55degC_1C_cell3|2234|2022-02-25T08:28:21|2022-02-25T09:12:23,2022-02-25T09:12:23,0.0
M6_event_stress_v1,stuck_35C,102Ah_55degC_1C_cell3,2306,30,71.69442239245132,68.083,ridge_event_replay,5,102Ah_55degC_1C_cell3|2302|2022-03-06T11:50:17|2022-03-06T12:33:17|#|102Ah_55degC_1C_cell3|2303|2022-03-06T14:15:31|2022-03-06T14:58:31|#|102Ah_55degC_1C_cell3|2304|2022-03-06T16:40:43|2022-03-06T17:23:43|#|102Ah_55degC_1C_cell3|2305|2022-03-06T19:05:55|2022-03-06T19:48:55|#|102Ah_55degC_1C_cell3|2306|2022-03-06T21:31:04|2022-03-06T22:14:04,2022-03-06T22:14:04,0.0
M6_event_stress_v1,random_missing_20pct,102Ah_55degC_1C_cell3,111,1,98.34985947451953,98.15,ridge_event_replay,4,102Ah_55degC_1C_cell3|107|2021-05-17T13:47:59|2021-05-17T14:48:59|#|102Ah_55degC_1C_cell3|108|2021-05-17T16:49:14|2021-05-17T17:50:14|#|102Ah_55degC_1C_cell3|110|2021-05-17T22:51:40|2021-05-17T23:52:40|#|102Ah_55degC_1C_cell3|111|2021-05-18T01:52:51|2021-05-18T02:53:51,2021-05-18T02:53:51,0.0
M6_event_stress_v1,random_missing_20pct,102Ah_55degC_1C_cell3,178,2,97.55386708059443,97.002,ridge_event_replay,4,102Ah_55degC_1C_cell3|174|2021-05-26T00:03:34|2021-05-26T01:03:34|#|102Ah_55degC_1C_cell3|175|2021-05-26T03:03:27|2021-05-26T04:03:27|#|102Ah_55degC_1C_cell3|176|2021-05-26T06:03:19|2021-05-26T07:03:19|#|102Ah_55degC_1C_cell3|178|2021-05-26T12:03:00|2021-05-26T13:03:00,2021-05-26T13:03:00,0.0
M6_event_stress_v1,random_missing_20pct,102Ah_55degC_1C_cell3,463,3,95.21451434200887,93.692,ridge_event_replay,4,102Ah_55degC_1C_cell3|459|2021-07-11T07:16:42|2021-07-11T08:15:11|#|102Ah_55degC_1C_cell3|461|2021-07-11T13:08:36|2021-07-11T14:07:06|#|102Ah_55degC_1C_cell3|462|2021-07-11T16:04:32|2021-07-11T17:03:02|#|102Ah_55degC_1C_cell3|463|2021-07-11T19:00:28|2021-07-11T19:58:58,2021-07-11T19:58:58,0.0
M6_event_stress_v1,random_missing_20pct,102Ah_55degC_1C_cell3,530,4,94.52055735750285,93.086,ridge_event_replay,3,102Ah_55degC_1C_cell3|528|2021-07-19T17:12:10|2021-07-19T18:10:11|#|102Ah_55degC_1C_cell3|529|2021-07-19T20:07:24|2021-07-19T21:05:24|#|102Ah_55degC_1C_cell3|530|2021-07-19T23:02:37|2021-07-20T00:00:38,2021-07-20T00:00:38,0.0
M6_event_stress_v1,random_missing_20pct,102Ah_55degC_1C_cell3,598,5,93.81475117028893,92.505,ridge_event_replay,4,102Ah_55degC_1C_cell3|594|2021-07-27T17:33:50|2021-07-27T18:31:21|#|102Ah_55degC_1C_cell3|595|2021-07-27T20:28:22|2021-07-27T21:25:51|#|102Ah_55degC_1C_cell3|596|2021-07-27T23:22:52|2021-07-28T00:20:22|#|102Ah_55degC_1C_cell3|597|2021-07-28T02:17:22|2021-07-28T03:14:52,2021-07-28T03:14:52,0.0
M6_event_stress_v1,random_missing_20pct,102Ah_55degC_1C_cell3,667,6,93.1768695399278,91.953,ridge_event_replay,4,102Ah_55degC_1C_cell3|663|2021-08-05T01:55:28|2021-08-05T02:52:58|#|102Ah_55degC_1C_cell3|664|2021-08-05T04:49:19|2021-08-05T05:46:49|#|102Ah_55degC_1C_cell3|665|2021-08-05T07:43:10|2021-08-05T08:40:40|#|102Ah_55degC_1C_cell3|667|2021-08-05T13:30:51|2021-08-05T14:28:21,2021-08-05T14:28:21,0.0
M6_event_stress_v1,random_missing_20pct,102Ah_55degC_1C_cell3,739,7,92.9878620718947,91.407,ridge_event_replay,4,102Ah_55degC_1C_cell3|735|2021-08-14T23:41:23|2021-08-15T00:38:23|#|102Ah_55degC_1C_cell3|737|2021-08-15T05:27:47|2021-08-15T06:24:47|#|102Ah_55degC_1C_cell3|738|2021-08-15T08:20:57|2021-08-15T09:17:58|#|102Ah_55degC_1C_cell3|739|2021-08-15T11:14:08|2021-08-15T12:11:08,2021-08-15T12:11:08,0.0
M6_event_stress_v1,random_missing_20pct,102Ah_55degC_1C_cell3,806,8,92.33008110184828,90.846,ridge_event_replay,5,102Ah_55degC_1C_cell3|802|2021-08-23T00:43:29|2021-08-23T01:39:59|#|102Ah_55degC_1C_cell3|803|2021-08-23T03:36:00|2021-08-23T04:32:30|#|102Ah_55degC_1C_cell3|804|2021-08-23T06:28:30|2021-08-23T07:25:00|#|102Ah_55degC_1C_cell3|805|2021-08-23T09:21:00|2021-08-23T10:17:30|#|102Ah_55degC_1C_cell3|806|2021-08-23T12:13:29|2021-08-23T13:09:59,2021-08-23T13:09:59,0.0
M6_event_stress_v1,random_missing_20pct,102Ah_55degC_1C_cell3,873,9,91.59866388222379,90.301,ridge_event_replay,3,102Ah_55degC_1C_cell3|869|2021-08-31T01:00:23|2021-08-31T01:56:53|#|102Ah_55degC_1C_cell3|870|2021-08-31T03:52:13|2021-08-31T04:48:43|#|102Ah_55degC_1C_cell3|873|2021-08-31T12:27:40|2021-08-31T13:24:10,2021-08-31T13:24:10,0.0
M6_event_stress_v1,random_missing_20pct,102Ah_55degC_1C_cell3,941,10,91.46483012128525,89.744,ridge_event_replay,4,102Ah_55degC_1C_cell3|937|2021-09-08T03:23:16|2021-09-08T04:19:16|#|102Ah_55degC_1C_cell3|938|2021-09-08T06:14:26|2021-09-08T07:10:26|#|102Ah_55degC_1C_cell3|939|2021-09-08T09:05:37|2021-09-08T10:01:37|#|102Ah_55degC_1C_cell3|941|2021-09-08T14:47:54|2021-09-08T15:43:54,2021-09-08T15:43:54,0.0
M6_event_stress_v1,random_missing_20pct,102Ah_55degC_1C_cell3,1008,11,90.7461480619087,89.204,ridge_event_replay,3,102Ah_55degC_1C_cell3|1004|2021-09-16T02:09:44|2021-09-16T03:05:14|#|102Ah_55degC_1C_cell3|1005|2021-09-16T05:00:15|2021-09-16T05:55:45|#|102Ah_55degC_1C_cell3|1006|2021-09-16T07:50:44|2021-09-16T08:46:14,2021-09-16T08:46:14,0.0
M6_event_stress_v1,random_missing_20pct,102Ah_55degC_1C_cell3,1076,12,90.13039230007784,88.661,ridge_event_replay,5,102Ah_55degC_1C_cell3|1072|2021-09-24T03:01:46|2021-09-24T03:57:16|#|102Ah_55degC_1C_cell3|1073|2021-09-24T05:51:36|2021-09-24T06:47:06|#|102Ah_55degC_1C_cell3|1074|2021-09-24T08:41:25|2021-09-24T09:36:57|#|102Ah_55degC_1C_cell3|1075|2021-09-24T11:31:16|2021-09-24T12:26:46|#|102Ah_55degC_1C_cell3|1076|2021-09-24T14:21:04|2021-09-24T15:16:34,2021-09-24T15:16:34,0.0
M6_event_stress_v1,random_missing_20pct,102Ah_55degC_1C_cell3,1143,13,89.92136010049578,88.039,ridge_event_replay,4,102Ah_55degC_1C_cell3|1140|2021-10-10T08:17:31|2021-10-10T09:12:31|#|102Ah_55degC_1C_cell3|1141|2021-10-10T11:06:33|2021-10-10T12:01:33|#|102Ah_55degC_1C_cell3|1142|2021-10-10T13:55:35|2021-10-10T14:50:35|#|102Ah_55degC_1C_cell3|1143|2021-10-10T16:44:36|2021-10-10T17:39:36,2021-10-10T17:39:36,0.0
M6_event_stress_v1,random_missing_20pct,102Ah_55degC_1C_cell3,1211,14,89.23955700360229,87.512,ridge_event_replay,4,102Ah_55degC_1C_cell3|1207|2021-10-18T04:42:56|2021-10-18T05:37:26|#|102Ah_55degC_1C_cell3|1208|2021-10-18T07:31:20|2021-10-18T08:25:50|#|102Ah_55degC_1C_cell3|1210|2021-10-18T13:08:08|2021-10-18T14:02:38|#|102Ah_55degC_1C_cell3|1211|2021-10-18T15:56:30|2021-10-18T16:51:00,2021-10-18T16:51:00,0.0
M6_event_stress_v1,random_missing_20pct,102Ah_55degC_1C_cell3,1278,15,88.54607863113657,86.962,ridge_event_replay,4,102Ah_55degC_1C_cell3|1275|2021-10-26T03:12:06|2021-10-26T04:06:06|#|102Ah_55degC_1C_cell3|1276|2021-10-26T05:59:50|2021-10-26T06:53:50|#|102Ah_55degC_1C_cell3|1277|2021-10-26T08:47:32|2021-10-26T09:41:34|#|102Ah_55degC_1C_cell3|1278|2021-10-26T11:35:16|2021-10-26T12:29:16,2021-10-26T12:29:16,0.0
M6_event_stress_v1,random_missing_20pct,102Ah_55degC_1C_cell3,1346,16,88.37454479778268,86.38,ridge_event_replay,4,102Ah_55degC_1C_cell3|1342|2021-11-02T22:08:14|2021-11-02T23:02:14|#|102Ah_55degC_1C_cell3|1343|2021-11-03T00:55:17|2021-11-03T01:49:17|#|102Ah_55degC_1C_cell3|1345|2021-11-03T06:29:22|2021-11-03T07:23:22|#|102Ah_55degC_1C_cell3|1346|2021-11-03T09:16:24|2021-11-03T10:10:24,2021-11-03T10:10:24,0.0
M6_event_stress_v1,random_missing_20pct,102Ah_55degC_1C_cell3,1413,17,87.66697537878574,85.815,ridge_event_replay,3,102Ah_55degC_1C_cell3|1409|2021-11-10T16:18:25|2021-11-10T17:11:55|#|102Ah_55degC_1C_cell3|1410|2021-11-10T19:04:47|2021-11-10T19:58:17|#|102Ah_55degC_1C_cell3|1412|2021-11-11T00:37:26|2021-11-11T01:30:56,2021-11-11T01:30:56,0.0
M6_event_stress_v1,random_missing_20pct,102Ah_55degC_1C_cell3,1481,18,86.93762240059522,85.108,ridge_event_replay,3,102Ah_55degC_1C_cell3|1477|2021-11-18T12:23:57|2021-11-18T13:16:57|#|102Ah_55degC_1C_cell3|1479|2021-11-18T17:55:01|2021-11-18T18:48:01|#|102Ah_55degC_1C_cell3|1480|2021-11-18T20:40:32|2021-11-18T21:33:32,2021-11-18T21:33:32,0.0
M6_event_stress_v1,random_missing_20pct,102Ah_55degC_1C_cell3,1550,19,86.22513502445359,84.207,ridge_event_replay,3,102Ah_55degC_1C_cell3|1548|2021-11-30T09:19:19|2021-11-30T10:11:49|#|102Ah_55degC_1C_cell3|1549|2021-11-30T12:03:51|2021-11-30T12:56:21|#|102Ah_55degC_1C_cell3|1550|2021-11-30T14:48:21|2021-11-30T15:40:51,2021-11-30T15:40:51,0.0
M6_event_stress_v1,random_missing_20pct,102Ah_55degC_1C_cell3,1618,20,84.85911400181911,83.035,ridge_event_replay,5,102Ah_55degC_1C_cell3|1614|2021-12-07T21:37:06|2021-12-07T22:29:06|#|102Ah_55degC_1C_cell3|1615|2021-12-08T00:20:20|2021-12-08T01:12:20|#|102Ah_55degC_1C_cell3|1616|2021-12-08T03:03:32|2021-12-08T03:55:32|#|102Ah_55degC_1C_cell3|1617|2021-12-08T05:46:43|2021-12-08T06:38:43|#|102Ah_55degC_1C_cell3|1618|2021-12-08T08:29:52|2021-12-08T09:21:53,2021-12-08T09:21:53,0.0
M6_event_stress_v1,random_missing_20pct,102Ah_55degC_1C_cell3,1685,21,84.08232234872598,81.814,ridge_event_replay,4,102Ah_55degC_1C_cell3|1681|2021-12-15T11:06:03|2021-12-15T11:57:32|#|102Ah_55degC_1C_cell3|1683|2021-12-15T16:29:35|2021-12-15T17:21:05|#|102Ah_55degC_1C_cell3|1684|2021-12-15T19:11:20|2021-12-15T20:02:50|#|102Ah_55degC_1C_cell3|1685|2021-12-15T21:53:02|2021-12-15T22:44:32,2021-12-15T22:44:32,0.0
M6_event_stress_v1,random_missing_20pct,102Ah_55degC_1C_cell3,1753,22,82.62637260328258,80.494,ridge_event_replay,4,102Ah_55degC_1C_cell3|1749|2021-12-23T01:35:20|2021-12-23T02:25:49|#|102Ah_55degC_1C_cell3|1750|2021-12-23T04:15:32|2021-12-23T05:06:02|#|102Ah_55degC_1C_cell3|1751|2021-12-23T06:55:42|2021-12-23T07:46:12|#|102Ah_55degC_1C_cell3|1752|2021-12-23T09:35:52|2021-12-23T10:26:22,2021-12-23T10:26:22,0.0
M6_event_stress_v1,random_missing_20pct,102Ah_55degC_1C_cell3,1820,23,81.79921419291874,79.116,ridge_event_replay,4,102Ah_55degC_1C_cell3|1817|2021-12-30T14:14:49|2021-12-30T15:04:49|#|102Ah_55degC_1C_cell3|1818|2021-12-30T16:53:22|2021-12-30T17:43:22|#|102Ah_55degC_1C_cell3|1819|2021-12-30T19:31:54|2021-12-30T20:21:54|#|102Ah_55degC_1C_cell3|1820|2021-12-30T22:10:23|2021-12-30T23:00:23,2021-12-30T23:00:23,0.0
M6_event_stress_v1,random_missing_20pct,102Ah_55degC_1C_cell3,1887,24,80.37616059755271,77.658,ridge_event_replay,4,102Ah_55degC_1C_cell3|1883|2022-01-06T19:44:55|2022-01-06T20:33:55|#|102Ah_55degC_1C_cell3|1885|2022-01-07T00:58:42|2022-01-07T01:47:42|#|102Ah_55degC_1C_cell3|1886|2022-01-07T03:35:33|2022-01-07T04:24:33|#|102Ah_55degC_1C_cell3|1887|2022-01-07T06:12:22|2022-01-07T07:01:22,2022-01-07T07:01:22,0.0
M6_event_stress_v1,random_missing_20pct,102Ah_55degC_1C_cell3,1957,25,78.91688096808105,76.068,ridge_event_replay,4,102Ah_55degC_1C_cell3|1951|2022-01-14T04:35:40|2022-01-14T05:23:40|#|102Ah_55degC_1C_cell3|1952|2022-01-14T07:10:47|2022-01-14T07:58:47|#|102Ah_55degC_1C_cell3|1953|2022-01-14T14:56:00|2022-01-14T15:44:30|#|102Ah_55degC_1C_cell3|1957|2022-01-14T20:06:10|2022-01-14T20:54:10,2022-01-14T20:54:10,0.0
M6_event_stress_v1,random_missing_20pct,102Ah_55degC_1C_cell3,2027,26,77.31020724447639,74.402,ridge_event_replay,3,102Ah_55degC_1C_cell3|2024|2022-01-22T19:10:12|2022-01-22T19:57:12|#|102Ah_55degC_1C_cell3|2025|2022-01-22T21:43:17|2022-01-22T22:30:17|#|102Ah_55degC_1C_cell3|2026|2022-01-23T00:16:20|2022-01-23T01:03:20,2022-01-23T01:03:20,0.0
M6_event_stress_v1,random_missing_20pct,102Ah_55degC_1C_cell3,2099,27,75.70571671440459,72.733,ridge_event_replay,2,102Ah_55degC_1C_cell3|2095|2022-02-10T22:56:45|2022-02-10T23:42:44|#|102Ah_55degC_1C_cell3|2099|2022-02-11T09:00:16|2022-02-11T09:46:16,2022-02-11T09:46:16,0.0
M6_event_stress_v1,random_missing_20pct,102Ah_55degC_1C_cell3,2166,28,74.14111886039882,71.205,ridge_event_replay,4,102Ah_55degC_1C_cell3|2162|2022-02-17T22:41:23|2022-02-17T23:26:53|#|102Ah_55degC_1C_cell3|2163|2022-02-18T01:10:34|2022-02-18T01:55:34|#|102Ah_55degC_1C_cell3|2164|2022-02-18T03:39:42|2022-02-18T04:24:42|#|102Ah_55degC_1C_cell3|2165|2022-02-18T06:08:49|2022-02-18T06:53:49,2022-02-18T06:53:49,0.0
M6_event_stress_v1,random_missing_20pct,102Ah_55degC_1C_cell3,2234,29,72.52038024525123,69.634,ridge_event_replay,5,102Ah_55degC_1C_cell3|2230|2022-02-24T22:39:38|2022-02-24T23:24:08|#|102Ah_55degC_1C_cell3|2231|2022-02-25T01:06:52|2022-02-25T01:51:22|#|102Ah_55degC_1C_cell3|2232|2022-02-25T03:34:04|2022-02-25T04:18:04|#|102Ah_55degC_1C_cell3|2233|2022-02-25T06:01:13|2022-02-25T06:45:13|#|102Ah_55degC_1C_cell3|2234|2022-02-25T08:28:21|2022-02-25T09:12:23,2022-02-25T09:12:23,0.0
M6_event_stress_v1,random_missing_20pct,102Ah_55degC_1C_cell3,2306,30,70.86363936197489,68.083,ridge_event_replay,4,102Ah_55degC_1C_cell3|2302|2022-03-06T11:50:17|2022-03-06T12:33:17|#|102Ah_55degC_1C_cell3|2303|2022-03-06T14:15:31|2022-03-06T14:58:31|#|102Ah_55degC_1C_cell3|2304|2022-03-06T16:40:43|2022-03-06T17:23:43|#|102Ah_55degC_1C_cell3|2306|2022-03-06T21:31:04|2022-03-06T22:14:04,2022-03-06T22:14:04,0.0
M6_event_stress_v1,contiguous_missing_20pct,102Ah_55degC_1C_cell3,111,1,98.24042005660043,98.15,ridge_event_replay,5,102Ah_55degC_1C_cell3|107|2021-05-17T13:47:59|2021-05-17T14:48:59|#|102Ah_55degC_1C_cell3|108|2021-05-17T16:49:14|2021-05-17T17:50:14|#|102Ah_55degC_1C_cell3|109|2021-05-17T19:50:28|2021-05-17T20:51:28|#|102Ah_55degC_1C_cell3|110|2021-05-17T22:51:40|2021-05-17T23:52:40|#|102Ah_55degC_1C_cell3|111|2021-05-18T01:52:51|2021-05-18T02:53:51,2021-05-18T02:53:51,0.0
M6_event_stress_v1,contiguous_missing_20pct,102Ah_55degC_1C_cell3,178,2,97.42638366930643,97.002,ridge_event_replay,5,102Ah_55degC_1C_cell3|174|2021-05-26T00:03:34|2021-05-26T01:03:34|#|102Ah_55degC_1C_cell3|175|2021-05-26T03:03:27|2021-05-26T04:03:27|#|102Ah_55degC_1C_cell3|176|2021-05-26T06:03:19|2021-05-26T07:03:19|#|102Ah_55degC_1C_cell3|177|2021-05-26T09:03:10|2021-05-26T10:03:10|#|102Ah_55degC_1C_cell3|178|2021-05-26T12:03:00|2021-05-26T13:03:00,2021-05-26T13:03:00,0.0
M6_event_stress_v1,contiguous_missing_20pct,102Ah_55degC_1C_cell3,463,3,95.0735006281209,93.692,ridge_event_replay,5,102Ah_55degC_1C_cell3|459|2021-07-11T07:16:42|2021-07-11T08:15:11|#|102Ah_55degC_1C_cell3|460|2021-07-11T10:12:39|2021-07-11T11:11:09|#|102Ah_55degC_1C_cell3|461|2021-07-11T13:08:36|2021-07-11T14:07:06|#|102Ah_55degC_1C_cell3|462|2021-07-11T16:04:32|2021-07-11T17:03:02|#|102Ah_55degC_1C_cell3|463|2021-07-11T19:00:28|2021-07-11T19:58:58,2021-07-11T19:58:58,0.0
M6_event_stress_v1,contiguous_missing_20pct,102Ah_55degC_1C_cell3,530,4,94.3851783675185,93.086,ridge_event_replay,5,102Ah_55degC_1C_cell3|526|2021-07-19T11:21:42|2021-07-19T12:19:42|#|102Ah_55degC_1C_cell3|527|2021-07-19T14:16:57|2021-07-19T15:14:57|#|102Ah_55degC_1C_cell3|528|2021-07-19T17:12:10|2021-07-19T18:10:11|#|102Ah_55degC_1C_cell3|529|2021-07-19T20:07:24|2021-07-19T21:05:24|#|102Ah_55degC_1C_cell3|530|2021-07-19T23:02:37|2021-07-20T00:00:38,2021-07-20T00:00:38,0.0
M6_event_stress_v1,contiguous_missing_20pct,102Ah_55degC_1C_cell3,598,5,93.66883196471349,92.505,ridge_event_replay,5,102Ah_55degC_1C_cell3|594|2021-07-27T17:33:50|2021-07-27T18:31:21|#|102Ah_55degC_1C_cell3|595|2021-07-27T20:28:22|2021-07-27T21:25:51|#|102Ah_55degC_1C_cell3|596|2021-07-27T23:22:52|2021-07-28T00:20:22|#|102Ah_55degC_1C_cell3|597|2021-07-28T02:17:22|2021-07-28T03:14:52|#|102Ah_55degC_1C_cell3|598|2021-07-28T05:11:51|2021-07-28T06:09:21,2021-07-28T06:09:21,0.0
M6_event_stress_v1,contiguous_missing_20pct,102Ah_55degC_1C_cell3,667,6,92.99307924154365,91.953,ridge_event_replay,5,102Ah_55degC_1C_cell3|663|2021-08-05T01:55:28|2021-08-05T02:52:58|#|102Ah_55degC_1C_cell3|664|2021-08-05T04:49:19|2021-08-05T05:46:49|#|102Ah_55degC_1C_cell3|665|2021-08-05T07:43:10|2021-08-05T08:40:40|#|102Ah_55degC_1C_cell3|666|2021-08-05T10:37:02|2021-08-05T11:34:32|#|102Ah_55degC_1C_cell3|667|2021-08-05T13:30:51|2021-08-05T14:28:21,2021-08-05T14:28:21,0.0
M6_event_stress_v1,contiguous_missing_20pct,102Ah_55degC_1C_cell3,739,7,92.82552807026484,91.407,ridge_event_replay,5,102Ah_55degC_1C_cell3|735|2021-08-14T23:41:23|2021-08-15T00:38:23|#|102Ah_55degC_1C_cell3|736|2021-08-15T02:34:36|2021-08-15T03:31:36|#|102Ah_55degC_1C_cell3|737|2021-08-15T05:27:47|2021-08-15T06:24:47|#|102Ah_55degC_1C_cell3|738|2021-08-15T08:20:57|2021-08-15T09:17:58|#|102Ah_55degC_1C_cell3|739|2021-08-15T11:14:08|2021-08-15T12:11:08,2021-08-15T12:11:08,0.0
M6_event_stress_v1,contiguous_missing_20pct,102Ah_55degC_1C_cell3,806,8,92.1459898642499,90.846,ridge_event_replay,5,102Ah_55degC_1C_cell3|802|2021-08-23T00:43:29|2021-08-23T01:39:59|#|102Ah_55degC_1C_cell3|803|2021-08-23T03:36:00|2021-08-23T04:32:30|#|102Ah_55degC_1C_cell3|804|2021-08-23T06:28:30|2021-08-23T07:25:00|#|102Ah_55degC_1C_cell3|805|2021-08-23T09:21:00|2021-08-23T10:17:30|#|102Ah_55degC_1C_cell3|806|2021-08-23T12:13:29|2021-08-23T13:09:59,2021-08-23T13:09:59,0.0
M6_event_stress_v1,contiguous_missing_20pct,102Ah_55degC_1C_cell3,873,9,91.45671828991871,90.301,ridge_event_replay,5,102Ah_55degC_1C_cell3|869|2021-08-31T01:00:23|2021-08-31T01:56:53|#|102Ah_55degC_1C_cell3|870|2021-08-31T03:52:13|2021-08-31T04:48:43|#|102Ah_55degC_1C_cell3|871|2021-08-31T06:44:02|2021-08-31T07:40:32|#|102Ah_55degC_1C_cell3|872|2021-08-31T09:35:51|2021-08-31T10:32:21|#|102Ah_55degC_1C_cell3|873|2021-08-31T12:27:40|2021-08-31T13:24:10,2021-08-31T13:24:10,0.0
M6_event_stress_v1,contiguous_missing_20pct,102Ah_55degC_1C_cell3,941,10,91.25726739400481,89.744,ridge_event_replay,5,102Ah_55degC_1C_cell3|937|2021-09-08T03:23:16|2021-09-08T04:19:16|#|102Ah_55degC_1C_cell3|938|2021-09-08T06:14:26|2021-09-08T07:10:26|#|102Ah_55degC_1C_cell3|939|2021-09-08T09:05:37|2021-09-08T10:01:37|#|102Ah_55degC_1C_cell3|940|2021-09-08T11:56:46|2021-09-08T12:52:46|#|102Ah_55degC_1C_cell3|941|2021-09-08T14:47:54|2021-09-08T15:43:54,2021-09-08T15:43:54,0.0
M6_event_stress_v1,contiguous_missing_20pct,102Ah_55degC_1C_cell3,1008,11,90.56090797120629,89.204,ridge_event_replay,5,102Ah_55degC_1C_cell3|1004|2021-09-16T02:09:44|2021-09-16T03:05:14|#|102Ah_55degC_1C_cell3|1005|2021-09-16T05:00:15|2021-09-16T05:55:45|#|102Ah_55degC_1C_cell3|1006|2021-09-16T07:50:44|2021-09-16T08:46:14|#|102Ah_55degC_1C_cell3|1007|2021-09-16T10:41:14|2021-09-16T11:36:44|#|102Ah_55degC_1C_cell3|1008|2021-09-16T13:31:43|2021-09-16T14:27:13,2021-09-16T14:27:13,0.0
M6_event_stress_v1,contiguous_missing_20pct,102Ah_55degC_1C_cell3,1076,12,90.28310027022891,88.661,ridge_event_replay,0,,2021-09-21T13:38:21,0.0
M6_event_stress_v1,contiguous_missing_20pct,102Ah_55degC_1C_cell3,1143,13,89.24194834389658,88.039,ridge_event_replay,0,,2021-09-21T13:38:21,0.0
M6_event_stress_v1,contiguous_missing_20pct,102Ah_55degC_1C_cell3,1211,14,88.72676268618751,87.512,ridge_event_replay,0,,2021-09-21T13:38:21,0.0
M6_event_stress_v1,contiguous_missing_20pct,102Ah_55degC_1C_cell3,1278,15,88.22114731877556,86.962,ridge_event_replay,0,,2021-09-21T13:38:21,0.0
M6_event_stress_v1,contiguous_missing_20pct,102Ah_55degC_1C_cell3,1346,16,87.71002600302751,86.38,ridge_event_replay,0,,2021-09-21T13:38:21,0.0
M6_event_stress_v1,contiguous_missing_20pct,102Ah_55degC_1C_cell3,1413,17,87.26855098199187,85.815,ridge_event_replay,0,,2021-09-21T13:38:21,0.0
M6_event_stress_v1,contiguous_missing_20pct,102Ah_55degC_1C_cell3,1481,18,86.97711432623117,85.108,ridge_event_replay,5,102Ah_55degC_1C_cell3|1477|2021-11-18T12:23:57|2021-11-18T13:16:57|#|102Ah_55degC_1C_cell3|1478|2021-11-18T15:09:29|2021-11-18T16:02:29|#|102Ah_55degC_1C_cell3|1479|2021-11-18T17:55:01|2021-11-18T18:48:01|#|102Ah_55degC_1C_cell3|1480|2021-11-18T20:40:32|2021-11-18T21:33:32|#|102Ah_55degC_1C_cell3|1481|2021-11-18T23:26:02|2021-11-19T00:19:03,2021-11-19T00:19:03,0.0
M6_event_stress_v1,contiguous_missing_20pct,102Ah_55degC_1C_cell3,1550,19,86.23702435432698,84.207,ridge_event_replay,5,102Ah_55degC_1C_cell3|1546|2021-11-30T03:50:13|2021-11-30T04:42:43|#|102Ah_55degC_1C_cell3|1547|2021-11-30T06:34:46|2021-11-30T07:27:16|#|102Ah_55degC_1C_cell3|1548|2021-11-30T09:19:19|2021-11-30T10:11:49|#|102Ah_55degC_1C_cell3|1549|2021-11-30T12:03:51|2021-11-30T12:56:21|#|102Ah_55degC_1C_cell3|1550|2021-11-30T14:48:21|2021-11-30T15:40:51,2021-11-30T15:40:51,0.0
M6_event_stress_v1,contiguous_missing_20pct,102Ah_55degC_1C_cell3,1618,20,84.85742979645411,83.035,ridge_event_replay,5,102Ah_55degC_1C_cell3|1614|2021-12-07T21:37:06|2021-12-07T22:29:06|#|102Ah_55degC_1C_cell3|1615|2021-12-08T00:20:20|2021-12-08T01:12:20|#|102Ah_55degC_1C_cell3|1616|2021-12-08T03:03:32|2021-12-08T03:55:32|#|102Ah_55degC_1C_cell3|1617|2021-12-08T05:46:43|2021-12-08T06:38:43|#|102Ah_55degC_1C_cell3|1618|2021-12-08T08:29:52|2021-12-08T09:21:53,2021-12-08T09:21:53,0.0
M6_event_stress_v1,contiguous_missing_20pct,102Ah_55degC_1C_cell3,1685,21,84.06744415244513,81.814,ridge_event_replay,5,102Ah_55degC_1C_cell3|1681|2021-12-15T11:06:03|2021-12-15T11:57:32|#|102Ah_55degC_1C_cell3|1682|2021-12-15T13:47:49|2021-12-15T14:39:19|#|102Ah_55degC_1C_cell3|1683|2021-12-15T16:29:35|2021-12-15T17:21:05|#|102Ah_55degC_1C_cell3|1684|2021-12-15T19:11:20|2021-12-15T20:02:50|#|102Ah_55degC_1C_cell3|1685|2021-12-15T21:53:02|2021-12-15T22:44:32,2021-12-15T22:44:32,0.0
M6_event_stress_v1,contiguous_missing_20pct,102Ah_55degC_1C_cell3,1753,22,82.61180884403605,80.494,ridge_event_replay,5,102Ah_55degC_1C_cell3|1749|2021-12-23T01:35:20|2021-12-23T02:25:49|#|102Ah_55degC_1C_cell3|1750|2021-12-23T04:15:32|2021-12-23T05:06:02|#|102Ah_55degC_1C_cell3|1751|2021-12-23T06:55:42|2021-12-23T07:46:12|#|102Ah_55degC_1C_cell3|1752|2021-12-23T09:35:52|2021-12-23T10:26:22|#|102Ah_55degC_1C_cell3|1753|2021-12-23T12:16:00|2021-12-23T13:06:30,2021-12-23T13:06:30,0.0
M6_event_stress_v1,contiguous_missing_20pct,102Ah_55degC_1C_cell3,1820,23,81.79239317392998,79.116,ridge_event_replay,5,102Ah_55degC_1C_cell3|1816|2021-12-30T11:36:15|2021-12-30T12:26:14|#|102Ah_55degC_1C_cell3|1817|2021-12-30T14:14:49|2021-12-30T15:04:49|#|102Ah_55degC_1C_cell3|1818|2021-12-30T16:53:22|2021-12-30T17:43:22|#|102Ah_55degC_1C_cell3|1819|2021-12-30T19:31:54|2021-12-30T20:21:54|#|102Ah_55degC_1C_cell3|1820|2021-12-30T22:10:23|2021-12-30T23:00:23,2021-12-30T23:00:23,0.0
M6_event_stress_v1,contiguous_missing_20pct,102Ah_55degC_1C_cell3,1887,24,80.33652289906429,77.658,ridge_event_replay,5,102Ah_55degC_1C_cell3|1883|2022-01-06T19:44:55|2022-01-06T20:33:55|#|102Ah_55degC_1C_cell3|1884|2022-01-06T22:21:49|2022-01-06T23:10:49|#|102Ah_55degC_1C_cell3|1885|2022-01-07T00:58:42|2022-01-07T01:47:42|#|102Ah_55degC_1C_cell3|1886|2022-01-07T03:35:33|2022-01-07T04:24:33|#|102Ah_55degC_1C_cell3|1887|2022-01-07T06:12:22|2022-01-07T07:01:22,2022-01-07T07:01:22,0.0
M6_event_stress_v1,contiguous_missing_20pct,102Ah_55degC_1C_cell3,1957,25,78.86877966218887,76.068,ridge_event_replay,5,102Ah_55degC_1C_cell3|1951|2022-01-14T04:35:40|2022-01-14T05:23:40|#|102Ah_55degC_1C_cell3|1952|2022-01-14T07:10:47|2022-01-14T07:58:47|#|102Ah_55degC_1C_cell3|1953|2022-01-14T14:56:00|2022-01-14T15:44:30|#|102Ah_55degC_1C_cell3|1956|2022-01-14T17:31:20|2022-01-14T18:19:22|#|102Ah_55degC_1C_cell3|1957|2022-01-14T20:06:10|2022-01-14T20:54:10,2022-01-14T20:54:10,0.0
M6_event_stress_v1,contiguous_missing_20pct,102Ah_55degC_1C_cell3,2027,26,77.25232428849183,74.402,ridge_event_replay,5,102Ah_55degC_1C_cell3|2023|2022-01-22T16:37:04|2022-01-22T17:24:04|#|102Ah_55degC_1C_cell3|2024|2022-01-22T19:10:12|2022-01-22T19:57:12|#|102Ah_55degC_1C_cell3|2025|2022-01-22T21:43:17|2022-01-22T22:30:17|#|102Ah_55degC_1C_cell3|2026|2022-01-23T00:16:20|2022-01-23T01:03:20|#|102Ah_55degC_1C_cell3|2027|2022-01-23T02:49:22|2022-01-23T03:36:22,2022-01-23T03:36:22,0.0
M6_event_stress_v1,contiguous_missing_20pct,102Ah_55degC_1C_cell3,2099,27,75.65918656824971,72.733,ridge_event_replay,5,102Ah_55degC_1C_cell3|2095|2022-02-10T22:56:45|2022-02-10T23:42:44|#|102Ah_55degC_1C_cell3|2096|2022-02-11T01:27:38|2022-02-11T02:13:38|#|102Ah_55degC_1C_cell3|2097|2022-02-11T03:58:31|2022-02-11T04:44:31|#|102Ah_55degC_1C_cell3|2098|2022-02-11T06:29:24|2022-02-11T07:15:24|#|102Ah_55degC_1C_cell3|2099|2022-02-11T09:00:16|2022-02-11T09:46:16,2022-02-11T09:46:16,0.0
M6_event_stress_v1,contiguous_missing_20pct,102Ah_55degC_1C_cell3,2166,28,74.07233046040731,71.205,ridge_event_replay,5,102Ah_55degC_1C_cell3|2162|2022-02-17T22:41:23|2022-02-17T23:26:53|#|102Ah_55degC_1C_cell3|2163|2022-02-18T01:10:34|2022-02-18T01:55:34|#|102Ah_55degC_1C_cell3|2164|2022-02-18T03:39:42|2022-02-18T04:24:42|#|102Ah_55degC_1C_cell3|2165|2022-02-18T06:08:49|2022-02-18T06:53:49|#|102Ah_55degC_1C_cell3|2166|2022-02-18T08:37:55|2022-02-18T09:22:56,2022-02-18T09:22:56,0.0
M6_event_stress_v1,contiguous_missing_20pct,102Ah_55degC_1C_cell3,2234,29,72.44412870482005,69.634,ridge_event_replay,5,102Ah_55degC_1C_cell3|2230|2022-02-24T22:39:38|2022-02-24T23:24:08|#|102Ah_55degC_1C_cell3|2231|2022-02-25T01:06:52|2022-02-25T01:51:22|#|102Ah_55degC_1C_cell3|2232|2022-02-25T03:34:04|2022-02-25T04:18:04|#|102Ah_55degC_1C_cell3|2233|2022-02-25T06:01:13|2022-02-25T06:45:13|#|102Ah_55degC_1C_cell3|2234|2022-02-25T08:28:21|2022-02-25T09:12:23,2022-02-25T09:12:23,0.0
M6_event_stress_v1,contiguous_missing_20pct,102Ah_55degC_1C_cell3,2306,30,70.77602763139141,68.083,ridge_event_replay,5,102Ah_55degC_1C_cell3|2302|2022-03-06T11:50:17|2022-03-06T12:33:17|#|102Ah_55degC_1C_cell3|2303|2022-03-06T14:15:31|2022-03-06T14:58:31|#|102Ah_55degC_1C_cell3|2304|2022-03-06T16:40:43|2022-03-06T17:23:43|#|102Ah_55degC_1C_cell3|2305|2022-03-06T19:05:55|2022-03-06T19:48:55|#|102Ah_55degC_1C_cell3|2306|2022-03-06T21:31:04|2022-03-06T22:14:04,2022-03-06T22:14:04,0.0
M6_event_stress_v1,temperature_event_shift_1,102Ah_55degC_1C_cell3,111,1,98.24042005660043,98.15,ridge_event_replay,5,102Ah_55degC_1C_cell3|107|2021-05-17T13:47:59|2021-05-17T14:48:59|#|102Ah_55degC_1C_cell3|108|2021-05-17T16:49:14|2021-05-17T17:50:14|#|102Ah_55degC_1C_cell3|109|2021-05-17T19:50:28|2021-05-17T20:51:28|#|102Ah_55degC_1C_cell3|110|2021-05-17T22:51:40|2021-05-17T23:52:40|#|102Ah_55degC_1C_cell3|111|2021-05-18T01:52:51|2021-05-18T02:53:51,2021-05-18T02:53:51,0.0
M6_event_stress_v1,temperature_event_shift_1,102Ah_55degC_1C_cell3,178,2,97.42638366930643,97.002,ridge_event_replay,5,102Ah_55degC_1C_cell3|174|2021-05-26T00:03:34|2021-05-26T01:03:34|#|102Ah_55degC_1C_cell3|175|2021-05-26T03:03:27|2021-05-26T04:03:27|#|102Ah_55degC_1C_cell3|176|2021-05-26T06:03:19|2021-05-26T07:03:19|#|102Ah_55degC_1C_cell3|177|2021-05-26T09:03:10|2021-05-26T10:03:10|#|102Ah_55degC_1C_cell3|178|2021-05-26T12:03:00|2021-05-26T13:03:00,2021-05-26T13:03:00,0.0
M6_event_stress_v1,temperature_event_shift_1,102Ah_55degC_1C_cell3,463,3,95.0735006281209,93.692,ridge_event_replay,5,102Ah_55degC_1C_cell3|459|2021-07-11T07:16:42|2021-07-11T08:15:11|#|102Ah_55degC_1C_cell3|460|2021-07-11T10:12:39|2021-07-11T11:11:09|#|102Ah_55degC_1C_cell3|461|2021-07-11T13:08:36|2021-07-11T14:07:06|#|102Ah_55degC_1C_cell3|462|2021-07-11T16:04:32|2021-07-11T17:03:02|#|102Ah_55degC_1C_cell3|463|2021-07-11T19:00:28|2021-07-11T19:58:58,2021-07-11T19:58:58,0.0
M6_event_stress_v1,temperature_event_shift_1,102Ah_55degC_1C_cell3,530,4,94.3851783675185,93.086,ridge_event_replay,5,102Ah_55degC_1C_cell3|526|2021-07-19T11:21:42|2021-07-19T12:19:42|#|102Ah_55degC_1C_cell3|527|2021-07-19T14:16:57|2021-07-19T15:14:57|#|102Ah_55degC_1C_cell3|528|2021-07-19T17:12:10|2021-07-19T18:10:11|#|102Ah_55degC_1C_cell3|529|2021-07-19T20:07:24|2021-07-19T21:05:24|#|102Ah_55degC_1C_cell3|530|2021-07-19T23:02:37|2021-07-20T00:00:38,2021-07-20T00:00:38,0.0
M6_event_stress_v1,temperature_event_shift_1,102Ah_55degC_1C_cell3,598,5,93.67187289109448,92.505,ridge_event_replay,5,102Ah_55degC_1C_cell3|594|2021-07-27T17:33:50|2021-07-27T18:31:21|#|102Ah_55degC_1C_cell3|595|2021-07-27T20:28:22|2021-07-27T21:25:51|#|102Ah_55degC_1C_cell3|596|2021-07-27T23:22:52|2021-07-28T00:20:22|#|102Ah_55degC_1C_cell3|597|2021-07-28T02:17:22|2021-07-28T03:14:52|#|102Ah_55degC_1C_cell3|598|2021-07-28T05:11:51|2021-07-28T06:09:21,2021-07-28T06:09:21,0.0
M6_event_stress_v1,temperature_event_shift_1,102Ah_55degC_1C_cell3,667,6,93.00525856800074,91.953,ridge_event_replay,5,102Ah_55degC_1C_cell3|663|2021-08-05T01:55:28|2021-08-05T02:52:58|#|102Ah_55degC_1C_cell3|664|2021-08-05T04:49:19|2021-08-05T05:46:49|#|102Ah_55degC_1C_cell3|665|2021-08-05T07:43:10|2021-08-05T08:40:40|#|102Ah_55degC_1C_cell3|666|2021-08-05T10:37:02|2021-08-05T11:34:32|#|102Ah_55degC_1C_cell3|667|2021-08-05T13:30:51|2021-08-05T14:28:21,2021-08-05T14:28:21,0.0
M6_event_stress_v1,temperature_event_shift_1,102Ah_55degC_1C_cell3,739,7,92.82552807026484,91.407,ridge_event_replay,5,102Ah_55degC_1C_cell3|735|2021-08-14T23:41:23|2021-08-15T00:38:23|#|102Ah_55degC_1C_cell3|736|2021-08-15T02:34:36|2021-08-15T03:31:36|#|102Ah_55degC_1C_cell3|737|2021-08-15T05:27:47|2021-08-15T06:24:47|#|102Ah_55degC_1C_cell3|738|2021-08-15T08:20:57|2021-08-15T09:17:58|#|102Ah_55degC_1C_cell3|739|2021-08-15T11:14:08|2021-08-15T12:11:08,2021-08-15T12:11:08,0.0
M6_event_stress_v1,temperature_event_shift_1,102Ah_55degC_1C_cell3,806,8,92.1459898642499,90.846,ridge_event_replay,5,102Ah_55degC_1C_cell3|802|2021-08-23T00:43:29|2021-08-23T01:39:59|#|102Ah_55degC_1C_cell3|803|2021-08-23T03:36:00|2021-08-23T04:32:30|#|102Ah_55degC_1C_cell3|804|2021-08-23T06:28:30|2021-08-23T07:25:00|#|102Ah_55degC_1C_cell3|805|2021-08-23T09:21:00|2021-08-23T10:17:30|#|102Ah_55degC_1C_cell3|806|2021-08-23T12:13:29|2021-08-23T13:09:59,2021-08-23T13:09:59,0.0
M6_event_stress_v1,temperature_event_shift_1,102Ah_55degC_1C_cell3,873,9,91.45671828991871,90.301,ridge_event_replay,5,102Ah_55degC_1C_cell3|869|2021-08-31T01:00:23|2021-08-31T01:56:53|#|102Ah_55degC_1C_cell3|870|2021-08-31T03:52:13|2021-08-31T04:48:43|#|102Ah_55degC_1C_cell3|871|2021-08-31T06:44:02|2021-08-31T07:40:32|#|102Ah_55degC_1C_cell3|872|2021-08-31T09:35:51|2021-08-31T10:32:21|#|102Ah_55degC_1C_cell3|873|2021-08-31T12:27:40|2021-08-31T13:24:10,2021-08-31T13:24:10,0.0
M6_event_stress_v1,temperature_event_shift_1,102Ah_55degC_1C_cell3,941,10,91.26359759583336,89.744,ridge_event_replay,5,102Ah_55degC_1C_cell3|937|2021-09-08T03:23:16|2021-09-08T04:19:16|#|102Ah_55degC_1C_cell3|938|2021-09-08T06:14:26|2021-09-08T07:10:26|#|102Ah_55degC_1C_cell3|939|2021-09-08T09:05:37|2021-09-08T10:01:37|#|102Ah_55degC_1C_cell3|940|2021-09-08T11:56:46|2021-09-08T12:52:46|#|102Ah_55degC_1C_cell3|941|2021-09-08T14:47:54|2021-09-08T15:43:54,2021-09-08T15:43:54,0.0
M6_event_stress_v1,temperature_event_shift_1,102Ah_55degC_1C_cell3,1008,11,90.56090797120629,89.204,ridge_event_replay,5,102Ah_55degC_1C_cell3|1004|2021-09-16T02:09:44|2021-09-16T03:05:14|#|102Ah_55degC_1C_cell3|1005|2021-09-16T05:00:15|2021-09-16T05:55:45|#|102Ah_55degC_1C_cell3|1006|2021-09-16T07:50:44|2021-09-16T08:46:14|#|102Ah_55degC_1C_cell3|1007|2021-09-16T10:41:14|2021-09-16T11:36:44|#|102Ah_55degC_1C_cell3|1008|2021-09-16T13:31:43|2021-09-16T14:27:13,2021-09-16T14:27:13,0.0
M6_event_stress_v1,temperature_event_shift_1,102Ah_55degC_1C_cell3,1076,12,89.93327787613077,88.661,ridge_event_replay,5,102Ah_55degC_1C_cell3|1072|2021-09-24T03:01:46|2021-09-24T03:57:16|#|102Ah_55degC_1C_cell3|1073|2021-09-24T05:51:36|2021-09-24T06:47:06|#|102Ah_55degC_1C_cell3|1074|2021-09-24T08:41:25|2021-09-24T09:36:57|#|102Ah_55degC_1C_cell3|1075|2021-09-24T11:31:16|2021-09-24T12:26:46|#|102Ah_55degC_1C_cell3|1076|2021-09-24T14:21:04|2021-09-24T15:16:34,2021-09-24T15:16:34,0.0
M6_event_stress_v1,temperature_event_shift_1,102Ah_55degC_1C_cell3,1143,13,89.7266316021404,88.039,ridge_event_replay,5,102Ah_55degC_1C_cell3|1139|2021-10-10T05:28:28|2021-10-10T06:23:28|#|102Ah_55degC_1C_cell3|1140|2021-10-10T08:17:31|2021-10-10T09:12:31|#|102Ah_55degC_1C_cell3|1141|2021-10-10T11:06:33|2021-10-10T12:01:33|#|102Ah_55degC_1C_cell3|1142|2021-10-10T13:55:35|2021-10-10T14:50:35|#|102Ah_55degC_1C_cell3|1143|2021-10-10T16:44:36|2021-10-10T17:39:36,2021-10-10T17:39:36,0.0
M6_event_stress_v1,temperature_event_shift_1,102Ah_55degC_1C_cell3,1211,14,89.0364101276417,87.512,ridge_event_replay,5,102Ah_55degC_1C_cell3|1207|2021-10-18T04:42:56|2021-10-18T05:37:26|#|102Ah_55degC_1C_cell3|1208|2021-10-18T07:31:20|2021-10-18T08:25:50|#|102Ah_55degC_1C_cell3|1209|2021-10-18T10:19:44|2021-10-18T11:14:14|#|102Ah_55degC_1C_cell3|1210|2021-10-18T13:08:08|2021-10-18T14:02:38|#|102Ah_55degC_1C_cell3|1211|2021-10-18T15:56:30|2021-10-18T16:51:00,2021-10-18T16:51:00,0.0
M6_event_stress_v1,temperature_event_shift_1,102Ah_55degC_1C_cell3,1278,15,88.34899233970998,86.962,ridge_event_replay,5,102Ah_55degC_1C_cell3|1274|2021-10-26T00:24:21|2021-10-26T01:18:21|#|102Ah_55degC_1C_cell3|1275|2021-10-26T03:12:06|2021-10-26T04:06:06|#|102Ah_55degC_1C_cell3|1276|2021-10-26T05:59:50|2021-10-26T06:53:50|#|102Ah_55degC_1C_cell3|1277|2021-10-26T08:47:32|2021-10-26T09:41:34|#|102Ah_55degC_1C_cell3|1278|2021-10-26T11:35:16|2021-10-26T12:29:16,2021-10-26T12:29:16,0.0
M6_event_stress_v1,temperature_event_shift_1,102Ah_55degC_1C_cell3,1346,16,88.23666355973808,86.38,ridge_event_replay,5,102Ah_55degC_1C_cell3|1342|2021-11-02T22:08:14|2021-11-02T23:02:14|#|102Ah_55degC_1C_cell3|1343|2021-11-03T00:55:17|2021-11-03T01:49:17|#|102Ah_55degC_1C_cell3|1344|2021-11-03T03:42:20|2021-11-03T04:36:20|#|102Ah_55degC_1C_cell3|1345|2021-11-03T06:29:22|2021-11-03T07:23:22|#|102Ah_55degC_1C_cell3|1346|2021-11-03T09:16:24|2021-11-03T10:10:24,2021-11-03T10:10:24,0.0
M6_event_stress_v1,temperature_event_shift_1,102Ah_55degC_1C_cell3,1413,17,87.47418231684395,85.815,ridge_event_replay,5,102Ah_55degC_1C_cell3|1409|2021-11-10T16:18:25|2021-11-10T17:11:55|#|102Ah_55degC_1C_cell3|1410|2021-11-10T19:04:47|2021-11-10T19:58:17|#|102Ah_55degC_1C_cell3|1411|2021-11-10T21:51:07|2021-11-10T22:44:37|#|102Ah_55degC_1C_cell3|1412|2021-11-11T00:37:26|2021-11-11T01:30:56|#|102Ah_55degC_1C_cell3|1413|2021-11-11T03:23:45|2021-11-11T04:17:15,2021-11-11T04:17:15,0.0
M6_event_stress_v1,temperature_event_shift_1,102Ah_55degC_1C_cell3,1481,18,86.74977958593567,85.108,ridge_event_replay,5,102Ah_55degC_1C_cell3|1477|2021-11-18T12:23:57|2021-11-18T13:16:57|#|102Ah_55degC_1C_cell3|1478|2021-11-18T15:09:29|2021-11-18T16:02:29|#|102Ah_55degC_1C_cell3|1479|2021-11-18T17:55:01|2021-11-18T18:48:01|#|102Ah_55degC_1C_cell3|1480|2021-11-18T20:40:32|2021-11-18T21:33:32|#|102Ah_55degC_1C_cell3|1481|2021-11-18T23:26:02|2021-11-19T00:19:03,2021-11-19T00:19:03,0.0
M6_event_stress_v1,temperature_event_shift_1,102Ah_55degC_1C_cell3,1550,19,86.02741334970952,84.207,ridge_event_replay,5,102Ah_55degC_1C_cell3|1546|2021-11-30T03:50:13|2021-11-30T04:42:43|#|102Ah_55degC_1C_cell3|1547|2021-11-30T06:34:46|2021-11-30T07:27:16|#|102Ah_55degC_1C_cell3|1548|2021-11-30T09:19:19|2021-11-30T10:11:49|#|102Ah_55degC_1C_cell3|1549|2021-11-30T12:03:51|2021-11-30T12:56:21|#|102Ah_55degC_1C_cell3|1550|2021-11-30T14:48:21|2021-11-30T15:40:51,2021-11-30T15:40:51,0.0
M6_event_stress_v1,temperature_event_shift_1,102Ah_55degC_1C_cell3,1618,20,84.66562627396297,83.035,ridge_event_replay,5,102Ah_55degC_1C_cell3|1614|2021-12-07T21:37:06|2021-12-07T22:29:06|#|102Ah_55degC_1C_cell3|1615|2021-12-08T00:20:20|2021-12-08T01:12:20|#|102Ah_55degC_1C_cell3|1616|2021-12-08T03:03:32|2021-12-08T03:55:32|#|102Ah_55degC_1C_cell3|1617|2021-12-08T05:46:43|2021-12-08T06:38:43|#|102Ah_55degC_1C_cell3|1618|2021-12-08T08:29:52|2021-12-08T09:21:53,2021-12-08T09:21:53,0.0
M6_event_stress_v1,temperature_event_shift_1,102Ah_55degC_1C_cell3,1685,21,83.88618398544226,81.814,ridge_event_replay,5,102Ah_55degC_1C_cell3|1681|2021-12-15T11:06:03|2021-12-15T11:57:32|#|102Ah_55degC_1C_cell3|1682|2021-12-15T13:47:49|2021-12-15T14:39:19|#|102Ah_55degC_1C_cell3|1683|2021-12-15T16:29:35|2021-12-15T17:21:05|#|102Ah_55degC_1C_cell3|1684|2021-12-15T19:11:20|2021-12-15T20:02:50|#|102Ah_55degC_1C_cell3|1685|2021-12-15T21:53:02|2021-12-15T22:44:32,2021-12-15T22:44:32,0.0
M6_event_stress_v1,temperature_event_shift_1,102Ah_55degC_1C_cell3,1753,22,82.44802266287184,80.494,ridge_event_replay,5,102Ah_55degC_1C_cell3|1749|2021-12-23T01:35:20|2021-12-23T02:25:49|#|102Ah_55degC_1C_cell3|1750|2021-12-23T04:15:32|2021-12-23T05:06:02|#|102Ah_55degC_1C_cell3|1751|2021-12-23T06:55:42|2021-12-23T07:46:12|#|102Ah_55degC_1C_cell3|1752|2021-12-23T09:35:52|2021-12-23T10:26:22|#|102Ah_55degC_1C_cell3|1753|2021-12-23T12:16:00|2021-12-23T13:06:30,2021-12-23T13:06:30,0.0
M6_event_stress_v1,temperature_event_shift_1,102Ah_55degC_1C_cell3,1820,23,81.64217635779218,79.116,ridge_event_replay,5,102Ah_55degC_1C_cell3|1816|2021-12-30T11:36:15|2021-12-30T12:26:14|#|102Ah_55degC_1C_cell3|1817|2021-12-30T14:14:49|2021-12-30T15:04:49|#|102Ah_55degC_1C_cell3|1818|2021-12-30T16:53:22|2021-12-30T17:43:22|#|102Ah_55degC_1C_cell3|1819|2021-12-30T19:31:54|2021-12-30T20:21:54|#|102Ah_55degC_1C_cell3|1820|2021-12-30T22:10:23|2021-12-30T23:00:23,2021-12-30T23:00:23,0.0
M6_event_stress_v1,temperature_event_shift_1,102Ah_55degC_1C_cell3,1887,24,80.19229957950756,77.658,ridge_event_replay,5,102Ah_55degC_1C_cell3|1883|2022-01-06T19:44:55|2022-01-06T20:33:55|#|102Ah_55degC_1C_cell3|1884|2022-01-06T22:21:49|2022-01-06T23:10:49|#|102Ah_55degC_1C_cell3|1885|2022-01-07T00:58:42|2022-01-07T01:47:42|#|102Ah_55degC_1C_cell3|1886|2022-01-07T03:35:33|2022-01-07T04:24:33|#|102Ah_55degC_1C_cell3|1887|2022-01-07T06:12:22|2022-01-07T07:01:22,2022-01-07T07:01:22,0.0
M6_event_stress_v1,temperature_event_shift_1,102Ah_55degC_1C_cell3,1957,25,78.74515126680359,76.068,ridge_event_replay,5,102Ah_55degC_1C_cell3|1951|2022-01-14T04:35:40|2022-01-14T05:23:40|#|102Ah_55degC_1C_cell3|1952|2022-01-14T07:10:47|2022-01-14T07:58:47|#|102Ah_55degC_1C_cell3|1953|2022-01-14T14:56:00|2022-01-14T15:44:30|#|102Ah_55degC_1C_cell3|1956|2022-01-14T17:31:20|2022-01-14T18:19:22|#|102Ah_55degC_1C_cell3|1957|2022-01-14T20:06:10|2022-01-14T20:54:10,2022-01-14T20:54:10,0.0
M6_event_stress_v1,temperature_event_shift_1,102Ah_55degC_1C_cell3,2027,26,77.141486915088,74.402,ridge_event_replay,5,102Ah_55degC_1C_cell3|2023|2022-01-22T16:37:04|2022-01-22T17:24:04|#|102Ah_55degC_1C_cell3|2024|2022-01-22T19:10:12|2022-01-22T19:57:12|#|102Ah_55degC_1C_cell3|2025|2022-01-22T21:43:17|2022-01-22T22:30:17|#|102Ah_55degC_1C_cell3|2026|2022-01-23T00:16:20|2022-01-23T01:03:20|#|102Ah_55degC_1C_cell3|2027|2022-01-23T02:49:22|2022-01-23T03:36:22,2022-01-23T03:36:22,0.0
M6_event_stress_v1,temperature_event_shift_1,102Ah_55degC_1C_cell3,2099,27,75.57651722932633,72.733,ridge_event_replay,5,102Ah_55degC_1C_cell3|2095|2022-02-10T22:56:45|2022-02-10T23:42:44|#|102Ah_55degC_1C_cell3|2096|2022-02-11T01:27:38|2022-02-11T02:13:38|#|102Ah_55degC_1C_cell3|2097|2022-02-11T03:58:31|2022-02-11T04:44:31|#|102Ah_55degC_1C_cell3|2098|2022-02-11T06:29:24|2022-02-11T07:15:24|#|102Ah_55degC_1C_cell3|2099|2022-02-11T09:00:16|2022-02-11T09:46:16,2022-02-11T09:46:16,0.0
M6_event_stress_v1,temperature_event_shift_1,102Ah_55degC_1C_cell3,2166,28,73.98637909272006,71.205,ridge_event_replay,5,102Ah_55degC_1C_cell3|2162|2022-02-17T22:41:23|2022-02-17T23:26:53|#|102Ah_55degC_1C_cell3|2163|2022-02-18T01:10:34|2022-02-18T01:55:34|#|102Ah_55degC_1C_cell3|2164|2022-02-18T03:39:42|2022-02-18T04:24:42|#|102Ah_55degC_1C_cell3|2165|2022-02-18T06:08:49|2022-02-18T06:53:49|#|102Ah_55degC_1C_cell3|2166|2022-02-18T08:37:55|2022-02-18T09:22:56,2022-02-18T09:22:56,0.0
M6_event_stress_v1,temperature_event_shift_1,102Ah_55degC_1C_cell3,2234,29,72.37032122143543,69.634,ridge_event_replay,5,102Ah_55degC_1C_cell3|2230|2022-02-24T22:39:38|2022-02-24T23:24:08|#|102Ah_55degC_1C_cell3|2231|2022-02-25T01:06:52|2022-02-25T01:51:22|#|102Ah_55degC_1C_cell3|2232|2022-02-25T03:34:04|2022-02-25T04:18:04|#|102Ah_55degC_1C_cell3|2233|2022-02-25T06:01:13|2022-02-25T06:45:13|#|102Ah_55degC_1C_cell3|2234|2022-02-25T08:28:21|2022-02-25T09:12:23,2022-02-25T09:12:23,0.0
M6_event_stress_v1,temperature_event_shift_1,102Ah_55degC_1C_cell3,2306,30,70.72217806277979,68.083,ridge_event_replay,5,102Ah_55degC_1C_cell3|2302|2022-03-06T11:50:17|2022-03-06T12:33:17|#|102Ah_55degC_1C_cell3|2303|2022-03-06T14:15:31|2022-03-06T14:58:31|#|102Ah_55degC_1C_cell3|2304|2022-03-06T16:40:43|2022-03-06T17:23:43|#|102Ah_55degC_1C_cell3|2305|2022-03-06T19:05:55|2022-03-06T19:48:55|#|102Ah_55degC_1C_cell3|2306|2022-03-06T21:31:04|2022-03-06T22:14:04,2022-03-06T22:14:04,0.0
