cell_id,target_ordinal,method,target_soh_pp,anchor_soh_pp,pred_soh_pp,error_pp,budget_Ah,history_mode,held_cell,w01_visible,w03_visible
102Ah_25degC_0p5C_cell3,1,anchor_constant,100.57,102.13637254901961,102.13637254901961,1.5663725490196185,20,persistent,102Ah_25degC_0p5C_cell3,0,1
102Ah_25degC_0p5C_cell3,1,age_ridge,100.57,102.13637254901961,96.89572737778253,-3.674272622217458,20,persistent,102Ah_25degC_0p5C_cell3,0,1
102Ah_25degC_0p5C_cell3,1,fixed_window_ridge,100.57,102.13637254901961,99.69113792703315,-0.8788620729668395,20,persistent,102Ah_25degC_0p5C_cell3,0,1
102Ah_25degC_0p5C_cell3,1,mask_ridge,100.57,102.13637254901961,94.51235691450266,-6.057643085497332,20,persistent,102Ah_25degC_0p5C_cell3,0,1
102Ah_25degC_0p5C_cell3,1,within_cell_ratio_ridge,100.57,102.13637254901961,96.4342165165924,-4.135783483407593,20,persistent,102Ah_25degC_0p5C_cell3,0,1
102Ah_25degC_0p5C_cell3,1,rbf_residual,100.57,102.13637254901961,98.2333135201817,-2.3366864798182974,20,persistent,102Ah_25degC_0p5C_cell3,0,1
102Ah_25degC_0p5C_cell3,2,anchor_constant,99.885,102.13637254901961,102.13637254901961,2.2513725490196066,20,persistent,102Ah_25degC_0p5C_cell3,0,1
102Ah_25degC_0p5C_cell3,2,age_ridge,99.885,102.13637254901961,95.71331315412996,-4.171686845870042,20,persistent,102Ah_25degC_0p5C_cell3,0,1
102Ah_25degC_0p5C_cell3,2,fixed_window_ridge,99.885,102.13637254901961,98.28610896052983,-1.5988910394701747,20,persistent,102Ah_25degC_0p5C_cell3,0,1
102Ah_25degC_0p5C_cell3,2,mask_ridge,99.885,102.13637254901961,93.20147055042489,-6.6835294495751185,20,persistent,102Ah_25degC_0p5C_cell3,0,1
102Ah_25degC_0p5C_cell3,2,within_cell_ratio_ridge,99.885,102.13637254901961,95.24251607954356,-4.642483920456442,20,persistent,102Ah_25degC_0p5C_cell3,0,1
102Ah_25degC_0p5C_cell3,2,rbf_residual,99.885,102.13637254901961,97.33262191701095,-2.5523780829890512,20,persistent,102Ah_25degC_0p5C_cell3,0,1
102Ah_25degC_0p5C_cell3,3,anchor_constant,99.386,102.13637254901961,102.13637254901961,2.750372549019616,20,persistent,102Ah_25degC_0p5C_cell3,0,1
102Ah_25degC_0p5C_cell3,3,age_ridge,99.386,102.13637254901961,94.78844161581527,-4.5975583841847225,20,persistent,102Ah_25degC_0p5C_cell3,0,1
102Ah_25degC_0p5C_cell3,3,fixed_window_ridge,99.386,102.13637254901961,97.24562896381356,-2.140371036186437,20,persistent,102Ah_25degC_0p5C_cell3,0,1
102Ah_25degC_0p5C_cell3,3,mask_ridge,99.386,102.13637254901961,92.17470506874686,-7.211294931253136,20,persistent,102Ah_25degC_0p5C_cell3,0,1
102Ah_25degC_0p5C_cell3,3,within_cell_ratio_ridge,99.386,102.13637254901961,94.30012547477212,-5.085874525227879,20,persistent,102Ah_25degC_0p5C_cell3,0,1
102Ah_25degC_0p5C_cell3,3,rbf_residual,99.386,102.13637254901961,96.64893833608042,-2.737061663919576,20,persistent,102Ah_25degC_0p5C_cell3,0,1
102Ah_25degC_0p5C_cell3,4,anchor_constant,98.994,102.13637254901961,102.13637254901961,3.142372549019612,20,persistent,102Ah_25degC_0p5C_cell3,0,1
102Ah_25degC_0p5C_cell3,4,age_ridge,98.994,102.13637254901961,93.97855808279225,-5.0154419172077525,20,persistent,102Ah_25degC_0p5C_cell3,0,1
102Ah_25degC_0p5C_cell3,4,fixed_window_ridge,98.994,102.13637254901961,96.3715121364406,-2.6224878635593996,20,persistent,102Ah_25degC_0p5C_cell3,0,1
102Ah_25degC_0p5C_cell3,4,mask_ridge,98.994,102.13637254901961,91.25894303896905,-7.735056961030949,20,persistent,102Ah_25degC_0p5C_cell3,0,1
102Ah_25degC_0p5C_cell3,4,within_cell_ratio_ridge,98.994,102.13637254901961,93.46885760437031,-5.525142395629686,20,persistent,102Ah_25degC_0p5C_cell3,0,1
102Ah_25degC_0p5C_cell3,4,rbf_residual,98.994,102.13637254901961,96.20277124819417,-2.791228751805832,20,persistent,102Ah_25degC_0p5C_cell3,0,1
102Ah_25degC_0p5C_cell3,5,anchor_constant,98.602,102.13637254901961,102.13637254901961,3.534372549019608,20,persistent,102Ah_25degC_0p5C_cell3,0,1
102Ah_25degC_0p5C_cell3,5,age_ridge,98.602,102.13637254901961,93.2637486975995,-5.338251302400508,20,persistent,102Ah_25degC_0p5C_cell3,0,1
102Ah_25degC_0p5C_cell3,5,fixed_window_ridge,98.602,102.13637254901961,95.62898186112407,-2.973018138875929,20,persistent,102Ah_25degC_0p5C_cell3,0,1
102Ah_25degC_0p5C_cell3,5,mask_ridge,98.602,102.13637254901961,90.43764547396643,-8.164354526033577,20,persistent,102Ah_25degC_0p5C_cell3,0,1
102Ah_25degC_0p5C_cell3,5,within_cell_ratio_ridge,98.602,102.13637254901961,92.73044233617334,-5.871557663826664,20,persistent,102Ah_25degC_0p5C_cell3,0,1
102Ah_25degC_0p5C_cell3,5,rbf_residual,98.602,102.13637254901961,95.92969846750212,-2.672301532497883,20,persistent,102Ah_25degC_0p5C_cell3,0,1
102Ah_25degC_0p5C_cell3,6,anchor_constant,98.235,102.13637254901961,102.13637254901961,3.9013725490196123,20,persistent,102Ah_25degC_0p5C_cell3,0,1
102Ah_25degC_0p5C_cell3,6,age_ridge,98.235,102.13637254901961,93.08584779378506,-5.149152206214936,20,persistent,102Ah_25degC_0p5C_cell3,0,1
102Ah_25degC_0p5C_cell3,6,fixed_window_ridge,98.235,102.13637254901961,94.56063962823772,-3.674360371762276,20,persistent,102Ah_25degC_0p5C_cell3,0,1
102Ah_25degC_0p5C_cell3,6,mask_ridge,98.235,102.13637254901961,91.12825728200438,-7.1067427179956155,20,persistent,102Ah_25degC_0p5C_cell3,0,1
102Ah_25degC_0p5C_cell3,6,within_cell_ratio_ridge,98.235,102.13637254901961,92.77190162887428,-5.463098371125724,20,persistent,102Ah_25degC_0p5C_cell3,0,1
102Ah_25degC_0p5C_cell3,6,rbf_residual,98.235,102.13637254901961,92.52952562558974,-5.705474374410258,20,persistent,102Ah_25degC_0p5C_cell3,0,1
102Ah_25degC_0p5C_cell3,7,anchor_constant,97.993,102.13637254901961,102.13637254901961,4.143372549019617,20,persistent,102Ah_25degC_0p5C_cell3,0,1
102Ah_25degC_0p5C_cell3,7,age_ridge,97.993,102.13637254901961,92.70720909101796,-5.285790908982037,20,persistent,102Ah_25degC_0p5C_cell3,0,1
102Ah_25degC_0p5C_cell3,7,fixed_window_ridge,97.993,102.13637254901961,94.06201866749089,-3.9309813325091056,20,persistent,102Ah_25degC_0p5C_cell3,0,1
102Ah_25degC_0p5C_cell3,7,mask_ridge,97.993,102.13637254901961,90.68852783273938,-7.304472167260613,20,persistent,102Ah_25degC_0p5C_cell3,0,1
102Ah_25degC_0p5C_cell3,7,within_cell_ratio_ridge,97.993,102.13637254901961,92.41153287458523,-5.581467125414761,20,persistent,102Ah_25degC_0p5C_cell3,0,1
102Ah_25degC_0p5C_cell3,7,rbf_residual,97.993,102.13637254901961,91.98820108463852,-6.0047989153614765,20,persistent,102Ah_25degC_0p5C_cell3,0,1
102Ah_25degC_0p5C_cell3,8,anchor_constant,97.71,102.13637254901961,102.13637254901961,4.426372549019618,20,persistent,102Ah_25degC_0p5C_cell3,0,1
102Ah_25degC_0p5C_cell3,8,age_ridge,97.71,102.13637254901961,92.3377956253107,-5.372204374689289,20,persistent,102Ah_25degC_0p5C_cell3,0,1
102Ah_25degC_0p5C_cell3,8,fixed_window_ridge,97.71,102.13637254901961,93.57796558918427,-4.13203441081572,20,persistent,102Ah_25degC_0p5C_cell3,0,1
102Ah_25degC_0p5C_cell3,8,mask_ridge,97.71,102.13637254901961,90.39067070069987,-7.319329299300122,20,persistent,102Ah_25degC_0p5C_cell3,0,1
102Ah_25degC_0p5C_cell3,8,within_cell_ratio_ridge,97.71,102.13637254901961,92.06072819794055,-5.649271802059445,20,persistent,102Ah_25degC_0p5C_cell3,0,1
102Ah_25degC_0p5C_cell3,8,rbf_residual,97.71,102.13637254901961,91.99314716224096,-5.716852837759035,20,persistent,102Ah_25degC_0p5C_cell3,0,1
102Ah_25degC_0p5C_cell3,9,anchor_constant,97.441,102.13637254901961,102.13637254901961,4.695372549019609,20,persistent,102Ah_25degC_0p5C_cell3,0,1
102Ah_25degC_0p5C_cell3,9,age_ridge,97.441,102.13637254901961,92.00649429956958,-5.434505700430421,20,persistent,102Ah_25degC_0p5C_cell3,0,1
102Ah_25degC_0p5C_cell3,9,fixed_window_ridge,97.441,102.13637254901961,93.14597940218192,-4.29502059781808,20,persistent,102Ah_25degC_0p5C_cell3,0,1
102Ah_25degC_0p5C_cell3,9,mask_ridge,97.441,102.13637254901961,90.0437834059947,-7.3972165940053,20,persistent,102Ah_25degC_0p5C_cell3,0,1
102Ah_25degC_0p5C_cell3,9,within_cell_ratio_ridge,97.441,102.13637254901961,91.74679000657623,-5.694209993423769,20,persistent,102Ah_25degC_0p5C_cell3,0,1
102Ah_25degC_0p5C_cell3,9,rbf_residual,97.441,102.13637254901961,91.28419920934058,-6.1568007906594175,20,persistent,102Ah_25degC_0p5C_cell3,0,1
102Ah_25degC_0p5C_cell3,10,anchor_constant,97.212,102.13637254901961,102.13637254901961,4.924372549019608,20,persistent,102Ah_25degC_0p5C_cell3,0,1
102Ah_25degC_0p5C_cell3,10,age_ridge,97.212,102.13637254901961,91.70535498012359,-5.506645019876416,20,persistent,102Ah_25degC_0p5C_cell3,0,1
102Ah_25degC_0p5C_cell3,10,fixed_window_ridge,97.212,102.13637254901961,92.75510112148734,-4.456898878512661,20,persistent,102Ah_25degC_0p5C_cell3,0,1
102Ah_25degC_0p5C_cell3,10,mask_ridge,97.212,102.13637254901961,89.79828260540833,-7.4137173945916715,20,persistent,102Ah_25degC_0p5C_cell3,0,1
102Ah_25degC_0p5C_cell3,10,within_cell_ratio_ridge,97.212,102.13637254901961,91.46200320981256,-5.7499967901874385,20,persistent,102Ah_25degC_0p5C_cell3,0,1
102Ah_25degC_0p5C_cell3,10,rbf_residual,97.212,102.13637254901961,90.48079423869878,-6.731205761301226,20,persistent,102Ah_25degC_0p5C_cell3,0,1
102Ah_25degC_0p5C_cell3,11,anchor_constant,97.027,102.13637254901961,102.13637254901961,5.109372549019611,20,persistent,102Ah_25degC_0p5C_cell3,0,1
102Ah_25degC_0p5C_cell3,11,age_ridge,97.027,102.13637254901961,91.43159624300749,-5.595403756992511,20,persistent,102Ah_25degC_0p5C_cell3,0,1
102Ah_25degC_0p5C_cell3,11,fixed_window_ridge,97.027,102.13637254901961,92.40125018083569,-4.625749819164312,20,persistent,102Ah_25degC_0p5C_cell3,0,1
102Ah_25degC_0p5C_cell3,11,mask_ridge,97.027,102.13637254901961,89.52201395412028,-7.504986045879718,20,persistent,102Ah_25degC_0p5C_cell3,0,1
102Ah_25degC_0p5C_cell3,11,within_cell_ratio_ridge,97.027,102.13637254901961,91.20359282630952,-5.823407173690484,20,persistent,102Ah_25degC_0p5C_cell3,0,1
102Ah_25degC_0p5C_cell3,11,rbf_residual,97.027,102.13637254901961,90.58973997200326,-6.437260027996743,20,persistent,102Ah_25degC_0p5C_cell3,0,1
102Ah_25degC_0p5C_cell3,12,anchor_constant,96.825,102.13637254901961,102.13637254901961,5.311372549019609,20,persistent,102Ah_25degC_0p5C_cell3,0,1
102Ah_25degC_0p5C_cell3,12,age_ridge,96.825,102.13637254901961,91.16335901309516,-5.6616409869048425,20,persistent,102Ah_25degC_0p5C_cell3,0,1
102Ah_25degC_0p5C_cell3,12,fixed_window_ridge,96.825,102.13637254901961,92.05594958212492,-4.7690504178750786,20,persistent,102Ah_25degC_0p5C_cell3,0,1
102Ah_25degC_0p5C_cell3,12,mask_ridge,96.825,102.13637254901961,89.27817275563466,-7.546827244365346,20,persistent,102Ah_25degC_0p5C_cell3,0,1
102Ah_25degC_0p5C_cell3,12,within_cell_ratio_ridge,96.825,102.13637254901961,90.95084035323413,-5.874159646765875,20,persistent,102Ah_25degC_0p5C_cell3,0,1
102Ah_25degC_0p5C_cell3,12,rbf_residual,96.825,102.13637254901961,89.5920716773499,-7.232928322650096,20,persistent,102Ah_25degC_0p5C_cell3,0,1
102Ah_25degC_0p5C_cell3,13,anchor_constant,96.653,102.13637254901961,102.13637254901961,5.483372549019606,20,persistent,102Ah_25degC_0p5C_cell3,0,1
102Ah_25degC_0p5C_cell3,13,age_ridge,96.653,102.13637254901961,90.9161350392798,-5.736864960720212,20,persistent,102Ah_25degC_0p5C_cell3,0,1
102Ah_25degC_0p5C_cell3,13,fixed_window_ridge,96.653,102.13637254901961,91.73892955076875,-4.914070449231261,20,persistent,102Ah_25degC_0p5C_cell3,0,1
102Ah_25degC_0p5C_cell3,13,mask_ridge,96.653,102.13637254901961,89.043426074835,-7.609573925165009,20,persistent,102Ah_25degC_0p5C_cell3,0,1
102Ah_25degC_0p5C_cell3,13,within_cell_ratio_ridge,96.653,102.13637254901961,90.71828795688316,-5.934712043116846,20,persistent,102Ah_25degC_0p5C_cell3,0,1
102Ah_25degC_0p5C_cell3,13,rbf_residual,96.653,102.13637254901961,89.75538239338591,-6.897617606614091,20,persistent,102Ah_25degC_0p5C_cell3,0,1
102Ah_25degC_0p5C_cell3,14,anchor_constant,96.449,102.13637254901961,102.13637254901961,5.687372549019614,20,persistent,102Ah_25degC_0p5C_cell3,0,1
102Ah_25degC_0p5C_cell3,14,age_ridge,96.449,102.13637254901961,90.67181436844076,-5.7771856315592345,20,persistent,102Ah_25degC_0p5C_cell3,0,1
102Ah_25degC_0p5C_cell3,14,fixed_window_ridge,96.449,102.13637254901961,91.42681880176434,-5.022181198235657,20,persistent,102Ah_25degC_0p5C_cell3,0,1
102Ah_25degC_0p5C_cell3,14,mask_ridge,96.449,102.13637254901961,88.8086675366016,-7.640332463398394,20,persistent,102Ah_25degC_0p5C_cell3,0,1
102Ah_25degC_0p5C_cell3,14,within_cell_ratio_ridge,96.449,102.13637254901961,90.48883995596535,-5.960160044034652,20,persistent,102Ah_25degC_0p5C_cell3,0,1
102Ah_25degC_0p5C_cell3,14,rbf_residual,96.449,102.13637254901961,88.94565796927634,-7.503342030723658,20,persistent,102Ah_25degC_0p5C_cell3,0,1
102Ah_25degC_0p5C_cell3,15,anchor_constant,96.24,102.13637254901961,102.13637254901961,5.896372549019617,20,persistent,102Ah_25degC_0p5C_cell3,0,1
102Ah_25degC_0p5C_cell3,15,age_ridge,96.24,102.13637254901961,90.43751739308384,-5.802482606916158,20,persistent,102Ah_25degC_0p5C_cell3,0,1
102Ah_25degC_0p5C_cell3,15,fixed_window_ridge,96.24,102.13637254901961,91.12860299504287,-5.1113970049571265,20,persistent,102Ah_25degC_0p5C_cell3,0,1
102Ah_25degC_0p5C_cell3,15,mask_ridge,96.24,102.13637254901961,88.56722951118662,-7.67277048881337,20,persistent,102Ah_25degC_0p5C_cell3,0,1
102Ah_25degC_0p5C_cell3,15,within_cell_ratio_ridge,96.24,102.13637254901961,90.26916095184029,-5.970839048159704,20,persistent,102Ah_25degC_0p5C_cell3,0,1
102Ah_25degC_0p5C_cell3,15,rbf_residual,96.24,102.13637254901961,89.16382568448483,-7.076174315515161,20,persistent,102Ah_25degC_0p5C_cell3,0,1
102Ah_25degC_0p5C_cell3,16,anchor_constant,96.134,102.13637254901961,102.13637254901961,6.002372549019611,20,persistent,102Ah_25degC_0p5C_cell3,0,1
102Ah_25degC_0p5C_cell3,16,age_ridge,96.134,102.13637254901961,90.16759050975452,-5.966409490245482,20,persistent,102Ah_25degC_0p5C_cell3,0,1
102Ah_25degC_0p5C_cell3,16,fixed_window_ridge,96.134,102.13637254901961,90.78638477967687,-5.347615220323135,20,persistent,102Ah_25degC_0p5C_cell3,0,1
102Ah_25degC_0p5C_cell3,16,mask_ridge,96.134,102.13637254901961,88.37650014680301,-7.75749985319699,20,persistent,102Ah_25degC_0p5C_cell3,0,1
102Ah_25degC_0p5C_cell3,16,within_cell_ratio_ridge,96.134,102.13637254901961,90.01649976130301,-6.117500238696991,20,persistent,102Ah_25degC_0p5C_cell3,0,1
102Ah_25degC_0p5C_cell3,16,rbf_residual,96.134,102.13637254901961,88.03068413924073,-8.103315860759267,20,persistent,102Ah_25degC_0p5C_cell3,0,1
102Ah_25degC_0p5C_cell3,17,anchor_constant,95.949,102.13637254901961,102.13637254901961,6.187372549019614,20,persistent,102Ah_25degC_0p5C_cell3,0,1
102Ah_25degC_0p5C_cell3,17,age_ridge,95.949,102.13637254901961,89.93790566335099,-6.011094336649009,20,persistent,102Ah_25degC_0p5C_cell3,0,1
102Ah_25degC_0p5C_cell3,17,fixed_window_ridge,95.949,102.13637254901961,90.4962986888943,-5.452701311105699,20,persistent,102Ah_25degC_0p5C_cell3,0,1
102Ah_25degC_0p5C_cell3,17,mask_ridge,95.949,102.13637254901961,88.19914913369364,-7.74985086630636,20,persistent,102Ah_25degC_0p5C_cell3,0,1
102Ah_25degC_0p5C_cell3,17,within_cell_ratio_ridge,95.949,102.13637254901961,89.80187003501833,-6.147129964981673,20,persistent,102Ah_25degC_0p5C_cell3,0,1
102Ah_25degC_0p5C_cell3,17,rbf_residual,95.949,102.13637254901961,87.95299122833673,-7.99600877166327,20,persistent,102Ah_25degC_0p5C_cell3,0,1
102Ah_25degC_0p5C_cell3,18,anchor_constant,95.782,102.13637254901961,102.13637254901961,6.354372549019615,20,persistent,102Ah_25degC_0p5C_cell3,0,1
102Ah_25degC_0p5C_cell3,18,age_ridge,95.782,102.13637254901961,89.72941613462206,-6.05258386537794,20,persistent,102Ah_25degC_0p5C_cell3,0,1
102Ah_25degC_0p5C_cell3,18,fixed_window_ridge,95.782,102.13637254901961,90.23387328507424,-5.548126714925758,20,persistent,102Ah_25degC_0p5C_cell3,0,1
102Ah_25degC_0p5C_cell3,18,mask_ridge,95.782,102.13637254901961,88.02593104175938,-7.756068958240618,20,persistent,102Ah_25degC_0p5C_cell3,0,1
102Ah_25degC_0p5C_cell3,18,within_cell_ratio_ridge,95.782,102.13637254901961,89.60733181374339,-6.174668186256611,20,persistent,102Ah_25degC_0p5C_cell3,0,1
102Ah_25degC_0p5C_cell3,18,rbf_residual,95.782,102.13637254901961,88.07702571943938,-7.70497428056062,20,persistent,102Ah_25degC_0p5C_cell3,0,1
102Ah_25degC_0p5C_cell3,19,anchor_constant,95.643,102.13637254901961,102.13637254901961,6.493372549019611,20,persistent,102Ah_25degC_0p5C_cell3,0,1
102Ah_25degC_0p5C_cell3,19,age_ridge,95.643,102.13637254901961,89.5337222217515,-6.109277778248497,20,persistent,102Ah_25degC_0p5C_cell3,0,1
102Ah_25degC_0p5C_cell3,19,fixed_window_ridge,95.643,102.13637254901961,89.98833322274768,-5.6546667772523165,20,persistent,102Ah_25degC_0p5C_cell3,0,1
102Ah_25degC_0p5C_cell3,19,mask_ridge,95.643,102.13637254901961,87.86364043291269,-7.779359567087312,20,persistent,102Ah_25degC_0p5C_cell3,0,1
102Ah_25degC_0p5C_cell3,19,within_cell_ratio_ridge,95.643,102.13637254901961,89.42497532930831,-6.21802467069169,20,persistent,102Ah_25degC_0p5C_cell3,0,1
102Ah_25degC_0p5C_cell3,19,rbf_residual,95.643,102.13637254901961,87.27676802139669,-8.36623197860331,20,persistent,102Ah_25degC_0p5C_cell3,0,1
102Ah_25degC_0p5C_cell3,20,anchor_constant,95.469,102.13637254901961,102.13637254901961,6.667372549019618,20,persistent,102Ah_25degC_0p5C_cell3,0,1
102Ah_25degC_0p5C_cell3,20,age_ridge,95.469,102.13637254901961,89.32472153015058,-6.144278469849411,20,persistent,102Ah_25degC_0p5C_cell3,0,1
102Ah_25degC_0p5C_cell3,20,fixed_window_ridge,95.469,102.13637254901961,89.72689925377504,-5.742100746224949,20,persistent,102Ah_25degC_0p5C_cell3,0,1
102Ah_25degC_0p5C_cell3,20,mask_ridge,95.469,102.13637254901961,87.68403474576138,-7.784965254238614,20,persistent,102Ah_25degC_0p5C_cell3,0,1
102Ah_25degC_0p5C_cell3,20,within_cell_ratio_ridge,95.469,102.13637254901961,89.23048386414865,-6.2385161358513415,20,persistent,102Ah_25degC_0p5C_cell3,0,1
102Ah_25degC_0p5C_cell3,20,rbf_residual,95.469,102.13637254901961,87.46193947824241,-8.00706052175758,20,persistent,102Ah_25degC_0p5C_cell3,0,1
102Ah_25degC_0p5C_cell3,21,anchor_constant,95.318,102.13637254901961,102.13637254901961,6.818372549019614,20,persistent,102Ah_25degC_0p5C_cell3,0,1
102Ah_25degC_0p5C_cell3,21,age_ridge,95.318,102.13637254901961,89.13993121278502,-6.178068787214983,20,persistent,102Ah_25degC_0p5C_cell3,0,1
102Ah_25degC_0p5C_cell3,21,fixed_window_ridge,95.318,102.13637254901961,89.49645557792913,-5.821544422070872,20,persistent,102Ah_25degC_0p5C_cell3,0,1
102Ah_25degC_0p5C_cell3,21,mask_ridge,95.318,102.13637254901961,87.52014948080857,-7.797850519191428,20,persistent,102Ah_25degC_0p5C_cell3,0,1
102Ah_25degC_0p5C_cell3,21,within_cell_ratio_ridge,95.318,102.13637254901961,89.05874189457599,-6.25925810542401,20,persistent,102Ah_25degC_0p5C_cell3,0,1
102Ah_25degC_0p5C_cell3,21,rbf_residual,95.318,102.13637254901961,86.49345815141027,-8.824541848589732,20,persistent,102Ah_25degC_0p5C_cell3,0,1
102Ah_25degC_0p5C_cell3,22,anchor_constant,95.076,102.13637254901961,102.13637254901961,7.060372549019618,20,persistent,102Ah_25degC_0p5C_cell3,0,1
102Ah_25degC_0p5C_cell3,22,age_ridge,95.076,102.13637254901961,88.70573466268912,-6.370265337310869,20,persistent,102Ah_25degC_0p5C_cell3,0,1
102Ah_25degC_0p5C_cell3,22,fixed_window_ridge,95.076,102.13637254901961,88.95750460486023,-6.11849539513976,20,persistent,102Ah_25degC_0p5C_cell3,0,1
102Ah_25degC_0p5C_cell3,22,mask_ridge,95.076,102.13637254901961,87.11557335168449,-7.960426648315504,20,persistent,102Ah_25degC_0p5C_cell3,0,1
102Ah_25degC_0p5C_cell3,22,within_cell_ratio_ridge,95.076,102.13637254901961,88.65602301148031,-6.419976988519679,20,persistent,102Ah_25degC_0p5C_cell3,0,1
102Ah_25degC_0p5C_cell3,22,rbf_residual,95.076,102.13637254901961,86.43071280649329,-8.645287193506704,20,persistent,102Ah_25degC_0p5C_cell3,0,1
102Ah_25degC_0p5C_cell3,23,anchor_constant,94.944,102.13637254901961,102.13637254901961,7.192372549019609,20,persistent,102Ah_25degC_0p5C_cell3,0,1
102Ah_25degC_0p5C_cell3,23,age_ridge,94.944,102.13637254901961,88.5350997430329,-6.408900256967101,20,persistent,102Ah_25degC_0p5C_cell3,0,1
102Ah_25degC_0p5C_cell3,23,fixed_window_ridge,94.944,102.13637254901961,88.74667190917552,-6.1973280908244845,20,persistent,102Ah_25degC_0p5C_cell3,0,1
102Ah_25degC_0p5C_cell3,23,mask_ridge,94.944,102.13637254901961,86.96425811191544,-7.979741888084561,20,persistent,102Ah_25degC_0p5C_cell3,0,1
102Ah_25degC_0p5C_cell3,23,within_cell_ratio_ridge,94.944,102.13637254901961,88.4980629120111,-6.445937087988909,20,persistent,102Ah_25degC_0p5C_cell3,0,1
102Ah_25degC_0p5C_cell3,23,rbf_residual,94.944,102.13637254901961,85.58921705023761,-9.354782949762395,20,persistent,102Ah_25degC_0p5C_cell3,0,1
102Ah_25degC_0p5C_cell3,24,anchor_constant,94.756,102.13637254901961,102.13637254901961,7.3803725490196115,20,persistent,102Ah_25degC_0p5C_cell3,0,1
102Ah_25degC_0p5C_cell3,24,age_ridge,94.756,102.13637254901961,88.36239077601438,-6.393609223985621,20,persistent,102Ah_25degC_0p5C_cell3,0,1
102Ah_25degC_0p5C_cell3,24,fixed_window_ridge,94.756,102.13637254901961,88.53382138252013,-6.2221786174798694,20,persistent,102Ah_25degC_0p5C_cell3,0,1
102Ah_25degC_0p5C_cell3,24,mask_ridge,94.756,102.13637254901961,86.70525141221533,-8.050748587784668,20,persistent,102Ah_25degC_0p5C_cell3,0,1
102Ah_25degC_0p5C_cell3,24,within_cell_ratio_ridge,94.756,102.13637254901961,88.33835591078761,-6.417644089212388,20,persistent,102Ah_25degC_0p5C_cell3,0,1
102Ah_25degC_0p5C_cell3,24,rbf_residual,94.756,102.13637254901961,85.01693709894673,-9.739062901053273,20,persistent,102Ah_25degC_0p5C_cell3,0,1
102Ah_25degC_0p5C_cell3,25,anchor_constant,94.621,102.13637254901961,102.13637254901961,7.515372549019617,20,persistent,102Ah_25degC_0p5C_cell3,0,1
102Ah_25degC_0p5C_cell3,25,age_ridge,94.621,102.13637254901961,88.1823694012444,-6.438630598755594,20,persistent,102Ah_25degC_0p5C_cell3,0,1
102Ah_25degC_0p5C_cell3,25,fixed_window_ridge,94.621,102.13637254901961,88.31251871574776,-6.308481284252238,20,persistent,102Ah_25degC_0p5C_cell3,0,1
102Ah_25degC_0p5C_cell3,25,mask_ridge,94.621,102.13637254901961,86.51823227441663,-8.102767725583362,20,persistent,102Ah_25degC_0p5C_cell3,0,1
102Ah_25degC_0p5C_cell3,25,within_cell_ratio_ridge,94.621,102.13637254901961,88.17207523299906,-6.448924767000932,20,persistent,102Ah_25degC_0p5C_cell3,0,1
102Ah_25degC_0p5C_cell3,25,rbf_residual,94.621,102.13637254901961,84.9528673312218,-9.668132668778199,20,persistent,102Ah_25degC_0p5C_cell3,0,1
102Ah_25degC_0p5C_cell3,26,anchor_constant,94.566,102.13637254901961,102.13637254901961,7.570372549019609,20,persistent,102Ah_25degC_0p5C_cell3,0,1
102Ah_25degC_0p5C_cell3,26,age_ridge,94.566,102.13637254901961,87.9787425059663,-6.587257494033707,20,persistent,102Ah_25degC_0p5C_cell3,0,1
102Ah_25degC_0p5C_cell3,26,fixed_window_ridge,94.566,102.13637254901961,88.06289195457794,-6.503108045422067,20,persistent,102Ah_25degC_0p5C_cell3,0,1
102Ah_25degC_0p5C_cell3,26,mask_ridge,94.566,102.13637254901961,86.48308410661987,-8.082915893380132,20,persistent,102Ah_25degC_0p5C_cell3,0,1
102Ah_25degC_0p5C_cell3,26,within_cell_ratio_ridge,94.566,102.13637254901961,87.98421471999534,-6.581785280004667,20,persistent,102Ah_25degC_0p5C_cell3,0,1
102Ah_25degC_0p5C_cell3,26,rbf_residual,94.566,102.13637254901961,84.77282719199957,-9.793172808000435,20,persistent,102Ah_25degC_0p5C_cell3,0,1
102Ah_25degC_0p5C_cell3,27,anchor_constant,94.418,102.13637254901961,102.13637254901961,7.718372549019605,20,persistent,102Ah_25degC_0p5C_cell3,0,1
102Ah_25degC_0p5C_cell3,27,age_ridge,94.418,102.13637254901961,87.81666092257737,-6.601339077422637,20,persistent,102Ah_25degC_0p5C_cell3,0,1
102Ah_25degC_0p5C_cell3,27,fixed_window_ridge,94.418,102.13637254901961,87.86471848735796,-6.5532815126420445,20,persistent,102Ah_25degC_0p5C_cell3,0,1
102Ah_25degC_0p5C_cell3,27,mask_ridge,94.418,102.13637254901961,86.33858046225602,-8.079419537743988,20,persistent,102Ah_25degC_0p5C_cell3,0,1
102Ah_25degC_0p5C_cell3,27,within_cell_ratio_ridge,94.418,102.13637254901961,87.83484929900715,-6.58315070099286,20,persistent,102Ah_25degC_0p5C_cell3,0,1
102Ah_25degC_0p5C_cell3,27,rbf_residual,94.418,102.13637254901961,84.83404318750883,-9.58395681249118,20,persistent,102Ah_25degC_0p5C_cell3,0,1
102Ah_25degC_0p5C_cell3,28,anchor_constant,94.238,102.13637254901961,102.13637254901961,7.898372549019612,20,persistent,102Ah_25degC_0p5C_cell3,0,1
102Ah_25degC_0p5C_cell3,28,age_ridge,94.238,102.13637254901961,87.65738338618382,-6.580616613816176,20,persistent,102Ah_25degC_0p5C_cell3,0,1
102Ah_25degC_0p5C_cell3,28,fixed_window_ridge,94.238,102.13637254901961,87.67042877890972,-6.567571221090276,20,persistent,102Ah_25degC_0p5C_cell3,0,1
102Ah_25degC_0p5C_cell3,28,mask_ridge,94.238,102.13637254901961,86.15885972145394,-8.079140278546063,20,persistent,102Ah_25degC_0p5C_cell3,0,1
102Ah_25degC_0p5C_cell3,28,within_cell_ratio_ridge,94.238,102.13637254901961,87.68820650684532,-6.549793493154681,20,persistent,102Ah_25degC_0p5C_cell3,0,1
102Ah_25degC_0p5C_cell3,28,rbf_residual,94.238,102.13637254901961,84.13276505216947,-10.105234947830525,20,persistent,102Ah_25degC_0p5C_cell3,0,1
102Ah_25degC_0p5C_cell3,29,anchor_constant,94.035,102.13637254901961,102.13637254901961,8.101372549019615,20,persistent,102Ah_25degC_0p5C_cell3,0,1
102Ah_25degC_0p5C_cell3,29,age_ridge,94.035,102.13637254901961,87.50544502864611,-6.529554971353889,20,persistent,102Ah_25degC_0p5C_cell3,0,1
102Ah_25degC_0p5C_cell3,29,fixed_window_ridge,94.035,102.13637254901961,87.48550082314559,-6.549499176854411,20,persistent,102Ah_25degC_0p5C_cell3,0,1
102Ah_25degC_0p5C_cell3,29,mask_ridge,94.035,102.13637254901961,85.90099788067454,-8.134002119325459,20,persistent,102Ah_25degC_0p5C_cell3,0,1
102Ah_25degC_0p5C_cell3,29,within_cell_ratio_ridge,94.035,102.13637254901961,87.54844878738116,-6.486551212618835,20,persistent,102Ah_25degC_0p5C_cell3,0,1
102Ah_25degC_0p5C_cell3,29,rbf_residual,94.035,102.13637254901961,83.64387931761806,-10.391120682381938,20,persistent,102Ah_25degC_0p5C_cell3,0,1
102Ah_25degC_0p5C_cell3,30,anchor_constant,93.975,102.13637254901961,102.13637254901961,8.161372549019617,20,persistent,102Ah_25degC_0p5C_cell3,0,1
102Ah_25degC_0p5C_cell3,30,age_ridge,93.975,102.13637254901961,87.35118123397207,-6.623818766027924,20,persistent,102Ah_25degC_0p5C_cell3,0,1
102Ah_25degC_0p5C_cell3,30,fixed_window_ridge,93.975,102.13637254901961,87.29812161583277,-6.676878384167225,20,persistent,102Ah_25degC_0p5C_cell3,0,1
102Ah_25degC_0p5C_cell3,30,mask_ridge,93.975,102.13637254901961,85.82957470566988,-8.14542529433011,20,persistent,102Ah_25degC_0p5C_cell3,0,1
102Ah_25degC_0p5C_cell3,30,within_cell_ratio_ridge,93.975,102.13637254901961,87.40668590021959,-6.568314099780409,20,persistent,102Ah_25degC_0p5C_cell3,0,1
102Ah_25degC_0p5C_cell3,30,rbf_residual,93.975,102.13637254901961,83.45770744126904,-10.517292558730958,20,persistent,102Ah_25degC_0p5C_cell3,0,1
102Ah_25degC_1C_cell3,1,anchor_constant,98.416,102.52715686274509,102.52715686274509,4.111156862745091,20,persistent,102Ah_25degC_1C_cell3,0,1
102Ah_25degC_1C_cell3,1,age_ridge,98.416,102.52715686274509,96.61422017525884,-1.8017798247411605,20,persistent,102Ah_25degC_1C_cell3,0,1
102Ah_25degC_1C_cell3,1,fixed_window_ridge,98.416,102.52715686274509,98.58136613026547,0.16536613026546831,20,persistent,102Ah_25degC_1C_cell3,0,1
102Ah_25degC_1C_cell3,1,mask_ridge,98.416,102.52715686274509,96.83178907570802,-1.5842109242919804,20,persistent,102Ah_25degC_1C_cell3,0,1
102Ah_25degC_1C_cell3,1,within_cell_ratio_ridge,98.416,102.52715686274509,98.46410763797725,0.04810763797725315,20,persistent,102Ah_25degC_1C_cell3,0,1
102Ah_25degC_1C_cell3,1,rbf_residual,98.416,102.52715686274509,98.94671012261523,0.5307101226152326,20,persistent,102Ah_25degC_1C_cell3,0,1
102Ah_25degC_1C_cell3,2,anchor_constant,97.313,102.52715686274509,102.52715686274509,5.214156862745085,20,persistent,102Ah_25degC_1C_cell3,0,1
102Ah_25degC_1C_cell3,2,age_ridge,97.313,102.52715686274509,95.25754888979952,-2.0554511102004795,20,persistent,102Ah_25degC_1C_cell3,0,1
102Ah_25degC_1C_cell3,2,fixed_window_ridge,97.313,102.52715686274509,96.78372171215825,-0.5292782878417484,20,persistent,102Ah_25degC_1C_cell3,0,1
102Ah_25degC_1C_cell3,2,mask_ridge,97.313,102.52715686274509,95.52380737620784,-1.789192623792161,20,persistent,102Ah_25degC_1C_cell3,0,1
102Ah_25degC_1C_cell3,2,within_cell_ratio_ridge,97.313,102.52715686274509,96.77749635927792,-0.5355036407220837,20,persistent,102Ah_25degC_1C_cell3,0,1
102Ah_25degC_1C_cell3,2,rbf_residual,97.313,102.52715686274509,97.48779106457991,0.17479106457990667,20,persistent,102Ah_25degC_1C_cell3,0,1
102Ah_25degC_1C_cell3,3,anchor_constant,96.453,102.52715686274509,102.52715686274509,6.074156862745085,20,persistent,102Ah_25degC_1C_cell3,0,1
102Ah_25degC_1C_cell3,3,age_ridge,96.453,102.52715686274509,94.12552440211644,-2.327475597883563,20,persistent,102Ah_25degC_1C_cell3,0,1
102Ah_25degC_1C_cell3,3,fixed_window_ridge,96.453,102.52715686274509,95.29536633775389,-1.1576336622461127,20,persistent,102Ah_25degC_1C_cell3,0,1
102Ah_25degC_1C_cell3,3,mask_ridge,96.453,102.52715686274509,94.47245646260104,-1.9805435373989582,20,persistent,102Ah_25degC_1C_cell3,0,1
102Ah_25degC_1C_cell3,3,within_cell_ratio_ridge,96.453,102.52715686274509,95.35948703112838,-1.0935129688716216,20,persistent,102Ah_25degC_1C_cell3,0,1
102Ah_25degC_1C_cell3,3,rbf_residual,96.453,102.52715686274509,96.11379091821311,-0.33920908178689047,20,persistent,102Ah_25degC_1C_cell3,0,1
102Ah_25degC_1C_cell3,4,anchor_constant,95.685,102.52715686274509,102.52715686274509,6.842156862745085,20,persistent,102Ah_25degC_1C_cell3,0,1
102Ah_25degC_1C_cell3,4,age_ridge,95.685,102.52715686274509,93.23210534086104,-2.4528946591389627,20,persistent,102Ah_25degC_1C_cell3,0,1
102Ah_25degC_1C_cell3,4,fixed_window_ridge,95.685,102.52715686274509,94.12916677154402,-1.555833228455981,20,persistent,102Ah_25degC_1C_cell3,0,1
102Ah_25degC_1C_cell3,4,mask_ridge,95.685,102.52715686274509,93.63502883503283,-2.0499711649671752,20,persistent,102Ah_25degC_1C_cell3,0,1
102Ah_25degC_1C_cell3,4,within_cell_ratio_ridge,95.685,102.52715686274509,94.23264413726653,-1.4523558627334694,20,persistent,102Ah_25degC_1C_cell3,0,1
102Ah_25degC_1C_cell3,4,rbf_residual,95.685,102.52715686274509,95.12602264651323,-0.5589773534867675,20,persistent,102Ah_25degC_1C_cell3,0,1
102Ah_25degC_1C_cell3,5,anchor_constant,95.032,102.52715686274509,102.52715686274509,7.495156862745091,20,persistent,102Ah_25degC_1C_cell3,0,1
102Ah_25degC_1C_cell3,5,age_ridge,95.032,102.52715686274509,92.53689086533139,-2.49510913466861,20,persistent,102Ah_25degC_1C_cell3,0,1
102Ah_25degC_1C_cell3,5,fixed_window_ridge,95.032,102.52715686274509,93.22710877011971,-1.8048912298802833,20,persistent,102Ah_25degC_1C_cell3,0,1
102Ah_25degC_1C_cell3,5,mask_ridge,95.032,102.52715686274509,92.97985120189522,-2.0521487981047812,20,persistent,102Ah_25degC_1C_cell3,0,1
102Ah_25degC_1C_cell3,5,within_cell_ratio_ridge,95.032,102.52715686274509,93.35077124946822,-1.6812287505317727,20,persistent,102Ah_25degC_1C_cell3,0,1
102Ah_25degC_1C_cell3,5,rbf_residual,95.032,102.52715686274509,94.14728690074429,-0.8847130992557055,20,persistent,102Ah_25degC_1C_cell3,0,1
102Ah_25degC_1C_cell3,6,anchor_constant,94.387,102.52715686274509,102.52715686274509,8.140156862745087,20,persistent,102Ah_25degC_1C_cell3,0,1
102Ah_25degC_1C_cell3,6,age_ridge,94.387,102.52715686274509,91.87930811244082,-2.507691887559176,20,persistent,102Ah_25degC_1C_cell3,0,1
102Ah_25degC_1C_cell3,6,fixed_window_ridge,94.387,102.52715686274509,92.378359963603,-2.008640036396997,20,persistent,102Ah_25degC_1C_cell3,0,1
102Ah_25degC_1C_cell3,6,mask_ridge,94.387,102.52715686274509,92.38295046034071,-2.0040495396592917,20,persistent,102Ah_25degC_1C_cell3,0,1
102Ah_25degC_1C_cell3,6,within_cell_ratio_ridge,94.387,102.52715686274509,92.5125510709587,-1.874448929041307,20,persistent,102Ah_25degC_1C_cell3,0,1
102Ah_25degC_1C_cell3,6,rbf_residual,94.387,102.52715686274509,93.31341705498744,-1.0735829450125607,20,persistent,102Ah_25degC_1C_cell3,0,1
102Ah_25degC_1C_cell3,7,anchor_constant,93.84,102.52715686274509,102.52715686274509,8.687156862745084,20,persistent,102Ah_25degC_1C_cell3,0,1
102Ah_25degC_1C_cell3,7,age_ridge,93.84,102.52715686274509,91.2971739477583,-2.5428260522417077,20,persistent,102Ah_25degC_1C_cell3,0,1
102Ah_25degC_1C_cell3,7,fixed_window_ridge,93.84,102.52715686274509,91.63061549285592,-2.2093845071440796,20,persistent,102Ah_25degC_1C_cell3,0,1
102Ah_25degC_1C_cell3,7,mask_ridge,93.84,102.52715686274509,91.86170505972792,-1.9782949402720789,20,persistent,102Ah_25degC_1C_cell3,0,1
102Ah_25degC_1C_cell3,7,within_cell_ratio_ridge,93.84,102.52715686274509,91.7671891537798,-2.0728108462202073,20,persistent,102Ah_25degC_1C_cell3,0,1
102Ah_25degC_1C_cell3,7,rbf_residual,93.84,102.52715686274509,92.58102439445071,-1.2589756055492956,20,persistent,102Ah_25degC_1C_cell3,0,1
102Ah_25degC_1C_cell3,8,anchor_constant,91.223,102.52715686274509,102.52715686274509,11.304156862745089,20,persistent,102Ah_25degC_1C_cell3,0,1
102Ah_25degC_1C_cell3,8,age_ridge,91.223,102.52715686274509,88.72091459481211,-2.5020854051878842,20,persistent,102Ah_25degC_1C_cell3,0,1
102Ah_25degC_1C_cell3,8,fixed_window_ridge,91.223,102.52715686274509,88.3602412893514,-2.862758710648592,20,persistent,102Ah_25degC_1C_cell3,0,1
102Ah_25degC_1C_cell3,8,mask_ridge,91.223,102.52715686274509,89.57228805051992,-1.6507119494800833,20,persistent,102Ah_25degC_1C_cell3,0,1
102Ah_25degC_1C_cell3,8,within_cell_ratio_ridge,91.223,102.52715686274509,88.43291819003527,-2.7900818099647324,20,persistent,102Ah_25degC_1C_cell3,0,1
102Ah_25degC_1C_cell3,8,rbf_residual,91.223,102.52715686274509,88.66816694817841,-2.554833051821589,20,persistent,102Ah_25degC_1C_cell3,0,1
102Ah_25degC_1C_cell3,9,anchor_constant,90.681,102.52715686274509,102.52715686274509,11.84615686274509,20,persistent,102Ah_25degC_1C_cell3,0,1
102Ah_25degC_1C_cell3,9,age_ridge,90.681,102.52715686274509,88.32694354621586,-2.354056453784139,20,persistent,102Ah_25degC_1C_cell3,0,1
102Ah_25degC_1C_cell3,9,fixed_window_ridge,90.681,102.52715686274509,87.86528918590514,-2.8157108140948566,20,persistent,102Ah_25degC_1C_cell3,0,1
102Ah_25degC_1C_cell3,9,mask_ridge,90.681,102.52715686274509,89.29915111625756,-1.3818488837424354,20,persistent,102Ah_25degC_1C_cell3,0,1
102Ah_25degC_1C_cell3,9,within_cell_ratio_ridge,90.681,102.52715686274509,87.91830940756097,-2.7626905924390286,20,persistent,102Ah_25degC_1C_cell3,0,1
102Ah_25degC_1C_cell3,9,rbf_residual,90.681,102.52715686274509,88.51206025594077,-2.16893974405923,20,persistent,102Ah_25degC_1C_cell3,0,1
102Ah_25degC_1C_cell3,10,anchor_constant,90.145,102.52715686274509,102.52715686274509,12.382156862745092,20,persistent,102Ah_25degC_1C_cell3,0,1
102Ah_25degC_1C_cell3,10,age_ridge,90.145,102.52715686274509,87.94562369682545,-2.199376303174546,20,persistent,102Ah_25degC_1C_cell3,0,1
102Ah_25degC_1C_cell3,10,fixed_window_ridge,90.145,102.52715686274509,87.38742258010777,-2.757577419892229,20,persistent,102Ah_25degC_1C_cell3,0,1
102Ah_25degC_1C_cell3,10,mask_ridge,90.145,102.52715686274509,89.02622802424398,-1.1187719757560188,20,persistent,102Ah_25degC_1C_cell3,0,1
102Ah_25degC_1C_cell3,10,within_cell_ratio_ridge,90.145,102.52715686274509,87.41915774105786,-2.725842258942137,20,persistent,102Ah_25degC_1C_cell3,0,1
102Ah_25degC_1C_cell3,10,rbf_residual,90.145,102.52715686274509,87.66738308390978,-2.477616916090213,20,persistent,102Ah_25degC_1C_cell3,0,1
102Ah_25degC_1C_cell3,11,anchor_constant,88.091,102.52715686274509,102.52715686274509,14.436156862745094,20,persistent,102Ah_25degC_1C_cell3,0,1
102Ah_25degC_1C_cell3,11,age_ridge,88.091,102.52715686274509,85.97243170607655,-2.1185682939234454,20,persistent,102Ah_25degC_1C_cell3,0,1
102Ah_25degC_1C_cell3,11,fixed_window_ridge,88.091,102.52715686274509,84.93138435718768,-3.1596156428123123,20,persistent,102Ah_25degC_1C_cell3,0,1
102Ah_25degC_1C_cell3,11,mask_ridge,88.091,102.52715686274509,87.22391550443787,-0.8670844955621249,20,persistent,102Ah_25degC_1C_cell3,0,1
102Ah_25degC_1C_cell3,11,within_cell_ratio_ridge,88.091,102.52715686274509,84.82059937272521,-3.270400627274782,20,persistent,102Ah_25degC_1C_cell3,0,1
102Ah_25degC_1C_cell3,11,rbf_residual,88.091,102.52715686274509,84.63251780754447,-3.45848219245552,20,persistent,102Ah_25degC_1C_cell3,0,1
102Ah_25degC_1C_cell3,12,anchor_constant,87.634,102.52715686274509,102.52715686274509,14.893156862745087,20,persistent,102Ah_25degC_1C_cell3,0,1
102Ah_25degC_1C_cell3,12,age_ridge,87.634,102.52715686274509,85.63633278909154,-1.9976672109084603,20,persistent,102Ah_25degC_1C_cell3,0,1
102Ah_25degC_1C_cell3,12,fixed_window_ridge,87.634,102.52715686274509,84.51559927505193,-3.1184007249480743,20,persistent,102Ah_25degC_1C_cell3,0,1
102Ah_25degC_1C_cell3,12,mask_ridge,87.634,102.52715686274509,86.95112780694032,-0.6828721930596799,20,persistent,102Ah_25degC_1C_cell3,0,1
102Ah_25degC_1C_cell3,12,within_cell_ratio_ridge,87.634,102.52715686274509,84.37565161301853,-3.258348386981467,20,persistent,102Ah_25degC_1C_cell3,0,1
102Ah_25degC_1C_cell3,12,rbf_residual,87.634,102.52715686274509,84.13928063153142,-3.49471936846858,20,persistent,102Ah_25degC_1C_cell3,0,1
102Ah_25degC_1C_cell3,13,anchor_constant,87.186,102.52715686274509,102.52715686274509,15.34115686274508,20,persistent,102Ah_25degC_1C_cell3,0,1
102Ah_25degC_1C_cell3,13,age_ridge,87.186,102.52715686274509,85.17455390059841,-2.0114460994015957,20,persistent,102Ah_25degC_1C_cell3,0,1
102Ah_25degC_1C_cell3,13,fixed_window_ridge,87.186,102.52715686274509,83.9454001176034,-3.2405998823966087,20,persistent,102Ah_25degC_1C_cell3,0,1
102Ah_25degC_1C_cell3,13,mask_ridge,87.186,102.52715686274509,86.48110567547815,-0.7048943245218595,20,persistent,102Ah_25degC_1C_cell3,0,1
102Ah_25degC_1C_cell3,13,within_cell_ratio_ridge,87.186,102.52715686274509,83.7632952687197,-3.422704731280305,20,persistent,102Ah_25degC_1C_cell3,0,1
102Ah_25degC_1C_cell3,13,rbf_residual,87.186,102.52715686274509,83.76740427112168,-3.41859572887833,20,persistent,102Ah_25degC_1C_cell3,0,1
102Ah_25degC_1C_cell3,14,anchor_constant,86.59,102.52715686274509,102.52715686274509,15.937156862745084,20,persistent,102Ah_25degC_1C_cell3,0,1
102Ah_25degC_1C_cell3,14,age_ridge,86.59,102.52715686274509,84.85762541851003,-1.732374581489978,20,persistent,102Ah_25degC_1C_cell3,0,1
102Ah_25degC_1C_cell3,14,fixed_window_ridge,86.59,102.52715686274509,83.55479051227667,-3.0352094877233355,20,persistent,102Ah_25degC_1C_cell3,0,1
102Ah_25degC_1C_cell3,14,mask_ridge,86.59,102.52715686274509,86.30361378632404,-0.28638621367596784,20,persistent,102Ah_25degC_1C_cell3,0,1
102Ah_25degC_1C_cell3,14,within_cell_ratio_ridge,86.59,102.52715686274509,83.34242851804873,-3.247571481951269,20,persistent,102Ah_25degC_1C_cell3,0,1
102Ah_25degC_1C_cell3,14,rbf_residual,86.59,102.52715686274509,82.97187433862447,-3.6181256613755295,20,persistent,102Ah_25degC_1C_cell3,0,1
102Ah_25degC_1C_cell3,15,anchor_constant,86.06,102.52715686274509,102.52715686274509,16.467156862745085,20,persistent,102Ah_25degC_1C_cell3,0,1
102Ah_25degC_1C_cell3,15,age_ridge,86.06,102.52715686274509,84.46140842612553,-1.5985915738744723,20,persistent,102Ah_25degC_1C_cell3,0,1
102Ah_25degC_1C_cell3,15,fixed_window_ridge,86.06,102.52715686274509,83.0671841594722,-2.992815840527797,20,persistent,102Ah_25degC_1C_cell3,0,1
102Ah_25degC_1C_cell3,15,mask_ridge,86.06,102.52715686274509,85.9612229526228,-0.09877704737719739,20,persistent,102Ah_25degC_1C_cell3,0,1
102Ah_25degC_1C_cell3,15,within_cell_ratio_ridge,86.06,102.52715686274509,82.81552556267192,-3.24447443732808,20,persistent,102Ah_25degC_1C_cell3,0,1
102Ah_25degC_1C_cell3,15,rbf_residual,86.06,102.52715686274509,82.297482688997,-3.762517311003009,20,persistent,102Ah_25degC_1C_cell3,0,1
102Ah_25degC_1C_cell3,16,anchor_constant,85.611,102.52715686274509,102.52715686274509,16.916156862745083,20,persistent,102Ah_25degC_1C_cell3,0,1
102Ah_25degC_1C_cell3,16,age_ridge,85.611,102.52715686274509,84.16242214907314,-1.448577850926867,20,persistent,102Ah_25degC_1C_cell3,0,1
102Ah_25degC_1C_cell3,16,fixed_window_ridge,85.611,102.52715686274509,82.69978420800963,-2.9112157919903723,20,persistent,102Ah_25degC_1C_cell3,0,1
102Ah_25degC_1C_cell3,16,mask_ridge,85.611,102.52715686274509,85.72364475488305,0.11264475488304981,20,persistent,102Ah_25degC_1C_cell3,0,1
102Ah_25degC_1C_cell3,16,within_cell_ratio_ridge,85.611,102.52715686274509,82.41744568062528,-3.1935543193747264,20,persistent,102Ah_25degC_1C_cell3,0,1
102Ah_25degC_1C_cell3,16,rbf_residual,85.611,102.52715686274509,82.24186115314009,-3.3691388468599115,20,persistent,102Ah_25degC_1C_cell3,0,1
102Ah_25degC_1C_cell3,17,anchor_constant,85.114,102.52715686274509,102.52715686274509,17.413156862745083,20,persistent,102Ah_25degC_1C_cell3,0,1
102Ah_25degC_1C_cell3,17,age_ridge,85.114,102.52715686274509,83.81158327769373,-1.3024167223062761,20,persistent,102Ah_25degC_1C_cell3,0,1
102Ah_25degC_1C_cell3,17,fixed_window_ridge,85.114,102.52715686274509,82.26922453491859,-2.844775465081412,20,persistent,102Ah_25degC_1C_cell3,0,1
102Ah_25degC_1C_cell3,17,mask_ridge,85.114,102.52715686274509,85.43443593568237,0.3204359356823687,20,persistent,102Ah_25degC_1C_cell3,0,1
102Ah_25degC_1C_cell3,17,within_cell_ratio_ridge,85.114,102.52715686274509,81.94979889178182,-3.1642011082181796,20,persistent,102Ah_25degC_1C_cell3,0,1
102Ah_25degC_1C_cell3,17,rbf_residual,85.114,102.52715686274509,81.71582184559615,-3.398178154403851,20,persistent,102Ah_25degC_1C_cell3,0,1
102Ah_25degC_1C_cell3,18,anchor_constant,84.615,102.52715686274509,102.52715686274509,17.912156862745093,20,persistent,102Ah_25degC_1C_cell3,0,1
102Ah_25degC_1C_cell3,18,age_ridge,84.615,102.52715686274509,83.51490424517843,-1.1000957548215666,20,persistent,102Ah_25degC_1C_cell3,0,1
102Ah_25degC_1C_cell3,18,fixed_window_ridge,84.615,102.52715686274509,81.9055954304929,-2.7094045695071003,20,persistent,102Ah_25degC_1C_cell3,0,1
102Ah_25degC_1C_cell3,18,mask_ridge,84.615,102.52715686274509,85.16449648221344,0.549496482213442,20,persistent,102Ah_25degC_1C_cell3,0,1
102Ah_25degC_1C_cell3,18,within_cell_ratio_ridge,84.615,102.52715686274509,81.55393012828605,-3.06106987171394,20,persistent,102Ah_25degC_1C_cell3,0,1
102Ah_25degC_1C_cell3,18,rbf_residual,84.615,102.52715686274509,80.8641728708227,-3.7508271291772957,20,persistent,102Ah_25degC_1C_cell3,0,1
102Ah_25degC_1C_cell3,19,anchor_constant,84.043,102.52715686274509,102.52715686274509,18.48415686274508,20,persistent,102Ah_25degC_1C_cell3,0,1
102Ah_25degC_1C_cell3,19,age_ridge,84.043,102.52715686274509,83.15562529281888,-0.8873747071811238,20,persistent,102Ah_25degC_1C_cell3,0,1
102Ah_25degC_1C_cell3,19,fixed_window_ridge,84.043,102.52715686274509,81.4657817410001,-2.577218258999906,20,persistent,102Ah_25degC_1C_cell3,0,1
102Ah_25degC_1C_cell3,19,mask_ridge,84.043,102.52715686274509,84.91297625327852,0.8699762532785087,20,persistent,102Ah_25degC_1C_cell3,0,1
102Ah_25degC_1C_cell3,19,within_cell_ratio_ridge,84.043,102.52715686274509,81.07403798689923,-2.9689620131007786,20,persistent,102Ah_25degC_1C_cell3,0,1
102Ah_25degC_1C_cell3,19,rbf_residual,84.043,102.52715686274509,80.69644522874269,-3.346554771257317,20,persistent,102Ah_25degC_1C_cell3,0,1
102Ah_25degC_1C_cell3,20,anchor_constant,83.473,102.52715686274509,102.52715686274509,19.05415686274509,20,persistent,102Ah_25degC_1C_cell3,0,1
102Ah_25degC_1C_cell3,20,age_ridge,83.473,102.52715686274509,82.8696428132121,-0.6033571867879033,20,persistent,102Ah_25degC_1C_cell3,0,1
102Ah_25degC_1C_cell3,20,fixed_window_ridge,83.473,102.52715686274509,81.1160961439425,-2.3569038560574995,20,persistent,102Ah_25degC_1C_cell3,0,1
102Ah_25degC_1C_cell3,20,mask_ridge,83.473,102.52715686274509,84.64465592769491,1.1716559276949141,20,persistent,102Ah_25degC_1C_cell3,0,1
102Ah_25degC_1C_cell3,20,within_cell_ratio_ridge,83.473,102.52715686274509,80.6916664547149,-2.7813335452850936,20,persistent,102Ah_25degC_1C_cell3,0,1
102Ah_25degC_1C_cell3,20,rbf_residual,83.473,102.52715686274509,79.86096809765431,-3.6120319023456915,20,persistent,102Ah_25degC_1C_cell3,0,1
102Ah_25degC_1C_cell3,21,anchor_constant,82.835,102.52715686274509,102.52715686274509,19.692156862745094,20,persistent,102Ah_25degC_1C_cell3,0,1
102Ah_25degC_1C_cell3,21,age_ridge,82.835,102.52715686274509,82.57893807554187,-0.25606192445812326,20,persistent,102Ah_25degC_1C_cell3,0,1
102Ah_25degC_1C_cell3,21,fixed_window_ridge,82.835,102.52715686274509,80.76098209649082,-2.074017903509173,20,persistent,102Ah_25degC_1C_cell3,0,1
102Ah_25degC_1C_cell3,21,mask_ridge,82.835,102.52715686274509,84.37726810870652,1.5422681087065229,20,persistent,102Ah_25degC_1C_cell3,0,1
102Ah_25degC_1C_cell3,21,within_cell_ratio_ridge,82.835,102.52715686274509,80.30263846882724,-2.5323615311727536,20,persistent,102Ah_25degC_1C_cell3,0,1
102Ah_25degC_1C_cell3,21,rbf_residual,82.835,102.52715686274509,79.34512281186521,-3.489877188134784,20,persistent,102Ah_25degC_1C_cell3,0,1
102Ah_25degC_1C_cell3,22,anchor_constant,81.961,102.52715686274509,102.52715686274509,20.56615686274509,20,persistent,102Ah_25degC_1C_cell3,0,1
102Ah_25degC_1C_cell3,22,age_ridge,81.961,102.52715686274509,82.12475198902754,0.16375198902754562,20,persistent,102Ah_25degC_1C_cell3,0,1
102Ah_25degC_1C_cell3,22,fixed_window_ridge,81.961,102.52715686274509,80.20688707561156,-1.754112924388437,20,persistent,102Ah_25degC_1C_cell3,0,1
102Ah_25degC_1C_cell3,22,mask_ridge,81.961,102.52715686274509,84.01240784922278,2.051407849222784,20,persistent,102Ah_25degC_1C_cell3,0,1
102Ah_25degC_1C_cell3,22,within_cell_ratio_ridge,81.961,102.52715686274509,79.69424113090503,-2.2667588690949714,20,persistent,102Ah_25degC_1C_cell3,0,1
102Ah_25degC_1C_cell3,22,rbf_residual,81.961,102.52715686274509,78.65418630581901,-3.3068136941809883,20,persistent,102Ah_25degC_1C_cell3,0,1
102Ah_25degC_1C_cell3,23,anchor_constant,81.241,102.52715686274509,102.52715686274509,21.286156862745088,20,persistent,102Ah_25degC_1C_cell3,0,1
102Ah_25degC_1C_cell3,23,age_ridge,81.241,102.52715686274509,81.83615143422641,0.595151434226409,20,persistent,102Ah_25degC_1C_cell3,0,1
102Ah_25degC_1C_cell3,23,fixed_window_ridge,81.241,102.52715686274509,79.85521850501732,-1.3857814949826803,20,persistent,102Ah_25degC_1C_cell3,0,1
102Ah_25degC_1C_cell3,23,mask_ridge,81.241,102.52715686274509,83.75990066672045,2.518900666720455,20,persistent,102Ah_25degC_1C_cell3,0,1
102Ah_25degC_1C_cell3,23,within_cell_ratio_ridge,81.241,102.52715686274509,79.3072589103426,-1.9337410896574028,20,persistent,102Ah_25degC_1C_cell3,0,1
102Ah_25degC_1C_cell3,23,rbf_residual,81.241,102.52715686274509,78.17950608709006,-3.0614939129099383,20,persistent,102Ah_25degC_1C_cell3,0,1
102Ah_25degC_1C_cell3,24,anchor_constant,80.472,102.52715686274509,102.52715686274509,22.055156862745093,20,persistent,102Ah_25degC_1C_cell3,0,1
102Ah_25degC_1C_cell3,24,age_ridge,80.472,102.52715686274509,81.5575597720223,1.0855597720223074,20,persistent,102Ah_25degC_1C_cell3,0,1
102Ah_25degC_1C_cell3,24,fixed_window_ridge,80.472,102.52715686274509,79.51604371946883,-0.9559562805311685,20,persistent,102Ah_25degC_1C_cell3,0,1
102Ah_25degC_1C_cell3,24,mask_ridge,80.472,102.52715686274509,83.5232592178484,3.0512592178484113,20,persistent,102Ah_25degC_1C_cell3,0,1
102Ah_25degC_1C_cell3,24,within_cell_ratio_ridge,80.472,102.52715686274509,78.93342323492803,-1.5385767650719657,20,persistent,102Ah_25degC_1C_cell3,0,1
102Ah_25degC_1C_cell3,24,rbf_residual,80.472,102.52715686274509,77.7231721637057,-2.7488278362942964,20,persistent,102Ah_25degC_1C_cell3,0,1
102Ah_25degC_1C_cell3,25,anchor_constant,79.606,102.52715686274509,102.52715686274509,22.921156862745093,20,persistent,102Ah_25degC_1C_cell3,0,1
102Ah_25degC_1C_cell3,25,age_ridge,79.606,102.52715686274509,81.28862310466768,1.6826231046676838,20,persistent,102Ah_25degC_1C_cell3,0,1
102Ah_25degC_1C_cell3,25,fixed_window_ridge,79.606,102.52715686274509,79.18889012325607,-0.41710987674392186,20,persistent,102Ah_25degC_1C_cell3,0,1
102Ah_25degC_1C_cell3,25,mask_ridge,79.606,102.52715686274509,83.28432475314052,3.6783247531405294,20,persistent,102Ah_25degC_1C_cell3,0,1
102Ah_25degC_1C_cell3,25,within_cell_ratio_ridge,79.606,102.52715686274509,78.57229327777111,-1.0337067222288852,20,persistent,102Ah_25degC_1C_cell3,0,1
102Ah_25degC_1C_cell3,25,rbf_residual,79.606,102.52715686274509,77.65530139640562,-1.9506986035943754,20,persistent,102Ah_25degC_1C_cell3,0,1
102Ah_25degC_1C_cell3,26,anchor_constant,78.648,102.52715686274509,102.52715686274509,23.87915686274509,20,persistent,102Ah_25degC_1C_cell3,0,1
102Ah_25degC_1C_cell3,26,age_ridge,78.648,102.52715686274509,81.02903881128076,2.38103881128076,20,persistent,102Ah_25degC_1C_cell3,0,1
102Ah_25degC_1C_cell3,26,fixed_window_ridge,78.648,102.52715686274509,78.8733680924793,0.22536809247930023,20,persistent,102Ah_25degC_1C_cell3,0,1
102Ah_25degC_1C_cell3,26,mask_ridge,78.648,102.52715686274509,83.06490784199885,4.4169078419988494,20,persistent,102Ah_25degC_1C_cell3,0,1
102Ah_25degC_1C_cell3,26,within_cell_ratio_ridge,78.648,102.52715686274509,78.22351445463369,-0.4244855453663092,20,persistent,102Ah_25degC_1C_cell3,0,1
102Ah_25degC_1C_cell3,26,rbf_residual,78.648,102.52715686274509,76.87600780168196,-1.7719921983180313,20,persistent,102Ah_25degC_1C_cell3,0,1
102Ah_25degC_1C_cell3,27,anchor_constant,77.549,102.52715686274509,102.52715686274509,24.97815686274508,20,persistent,102Ah_25degC_1C_cell3,0,1
102Ah_25degC_1C_cell3,27,age_ridge,77.549,102.52715686274509,80.75583550697398,3.206835506973974,20,persistent,102Ah_25degC_1C_cell3,0,1
102Ah_25degC_1C_cell3,27,fixed_window_ridge,77.549,102.52715686274509,78.5415322608857,0.9925322608856959,20,persistent,102Ah_25degC_1C_cell3,0,1
102Ah_25degC_1C_cell3,27,mask_ridge,77.549,102.52715686274509,82.8446774058405,5.295677405840493,20,persistent,102Ah_25degC_1C_cell3,0,1
102Ah_25degC_1C_cell3,27,within_cell_ratio_ridge,77.549,102.52715686274509,77.85619411729539,0.3071941172953814,20,persistent,102Ah_25degC_1C_cell3,0,1
102Ah_25degC_1C_cell3,27,rbf_residual,77.549,102.52715686274509,76.40285654262192,-1.1461434573780878,20,persistent,102Ah_25degC_1C_cell3,0,1
102Ah_25degC_1C_cell3,28,anchor_constant,76.204,102.52715686274509,102.52715686274509,26.323156862745094,20,persistent,102Ah_25degC_1C_cell3,0,1
102Ah_25degC_1C_cell3,28,age_ridge,76.204,102.52715686274509,80.47728198898548,4.273281988985488,20,persistent,102Ah_25degC_1C_cell3,0,1
102Ah_25degC_1C_cell3,28,fixed_window_ridge,76.204,102.52715686274509,78.20347332732709,1.9994733273270953,20,persistent,102Ah_25degC_1C_cell3,0,1
102Ah_25degC_1C_cell3,28,mask_ridge,76.204,102.52715686274509,82.61701358870584,6.4130135887058515,20,persistent,102Ah_25degC_1C_cell3,0,1
102Ah_25degC_1C_cell3,28,within_cell_ratio_ridge,76.204,102.52715686274509,77.4814715016358,1.2774715016358016,20,persistent,102Ah_25degC_1C_cell3,0,1
102Ah_25degC_1C_cell3,28,rbf_residual,76.204,102.52715686274509,76.3723296831587,0.1683296831587029,20,persistent,102Ah_25degC_1C_cell3,0,1
102Ah_25degC_1C_cell3,29,anchor_constant,73.38,102.52715686274509,102.52715686274509,29.147156862745092,20,persistent,102Ah_25degC_1C_cell3,0,1
102Ah_25degC_1C_cell3,29,age_ridge,73.38,102.52715686274509,79.35635520665505,5.976355206655057,20,persistent,102Ah_25degC_1C_cell3,0,1
102Ah_25degC_1C_cell3,29,fixed_window_ridge,73.38,102.52715686274509,76.92523183485575,3.5452318348557554,20,persistent,102Ah_25degC_1C_cell3,0,1
102Ah_25degC_1C_cell3,29,mask_ridge,73.38,102.52715686274509,81.54880175243024,8.168801752430241,20,persistent,102Ah_25degC_1C_cell3,0,1
102Ah_25degC_1C_cell3,29,within_cell_ratio_ridge,73.38,102.52715686274509,76.0787374388375,2.6987374388375116,20,persistent,102Ah_25degC_1C_cell3,0,1
102Ah_25degC_1C_cell3,29,rbf_residual,73.38,102.52715686274509,74.60519446731313,1.2251944673131305,20,persistent,102Ah_25degC_1C_cell3,0,1
102Ah_25degC_1C_cell3,30,anchor_constant,70.854,102.52715686274509,102.52715686274509,31.67315686274509,20,persistent,102Ah_25degC_1C_cell3,0,1
102Ah_25degC_1C_cell3,30,age_ridge,70.854,102.52715686274509,79.12700729815896,8.273007298158959,20,persistent,102Ah_25degC_1C_cell3,0,1
102Ah_25degC_1C_cell3,30,fixed_window_ridge,70.854,102.52715686274509,76.63015613351044,5.77615613351044,20,persistent,102Ah_25degC_1C_cell3,0,1
102Ah_25degC_1C_cell3,30,mask_ridge,70.854,102.52715686274509,81.34847265298511,10.49447265298511,20,persistent,102Ah_25degC_1C_cell3,0,1
102Ah_25degC_1C_cell3,30,within_cell_ratio_ridge,70.854,102.52715686274509,75.7455215316765,4.891521531676503,20,persistent,102Ah_25degC_1C_cell3,0,1
102Ah_25degC_1C_cell3,30,rbf_residual,70.854,102.52715686274509,74.17265807624713,3.3186580762471323,20,persistent,102Ah_25degC_1C_cell3,0,1
102Ah_35degC_1C_cell1,1,anchor_constant,97.944,102.1385294117647,102.1385294117647,4.194529411764691,20,persistent,102Ah_35degC_1C_cell1,0,1
102Ah_35degC_1C_cell1,1,age_ridge,97.944,102.1385294117647,95.57409860202642,-2.369901397973578,20,persistent,102Ah_35degC_1C_cell1,0,1
102Ah_35degC_1C_cell1,1,fixed_window_ridge,97.944,102.1385294117647,97.39914336481144,-0.544856635188566,20,persistent,102Ah_35degC_1C_cell1,0,1
102Ah_35degC_1C_cell1,1,mask_ridge,97.944,102.1385294117647,94.88342450302716,-3.060575496972845,20,persistent,102Ah_35degC_1C_cell1,0,1
102Ah_35degC_1C_cell1,1,within_cell_ratio_ridge,97.944,102.1385294117647,97.38004221914979,-0.5639577808502167,20,persistent,102Ah_35degC_1C_cell1,0,1
102Ah_35degC_1C_cell1,1,rbf_residual,97.944,102.1385294117647,98.0318897657814,0.08788976578139795,20,persistent,102Ah_35degC_1C_cell1,0,1
102Ah_35degC_1C_cell1,2,anchor_constant,96.746,102.1385294117647,102.1385294117647,5.3925294117646985,20,persistent,102Ah_35degC_1C_cell1,0,1
102Ah_35degC_1C_cell1,2,age_ridge,96.746,102.1385294117647,93.93146382051644,-2.8145361794835537,20,persistent,102Ah_35degC_1C_cell1,0,1
102Ah_35degC_1C_cell1,2,fixed_window_ridge,96.746,102.1385294117647,95.25586986056419,-1.4901301394358057,20,persistent,102Ah_35degC_1C_cell1,0,1
102Ah_35degC_1C_cell1,2,mask_ridge,96.746,102.1385294117647,93.22386105782675,-3.5221389421732425,20,persistent,102Ah_35degC_1C_cell1,0,1
102Ah_35degC_1C_cell1,2,within_cell_ratio_ridge,96.746,102.1385294117647,95.33173074685554,-1.4142692531444538,20,persistent,102Ah_35degC_1C_cell1,0,1
102Ah_35degC_1C_cell1,2,rbf_residual,96.746,102.1385294117647,96.37784673590252,-0.3681532640974723,20,persistent,102Ah_35degC_1C_cell1,0,1
102Ah_35degC_1C_cell1,3,anchor_constant,95.84,102.1385294117647,102.1385294117647,6.29852941176469,20,persistent,102Ah_35degC_1C_cell1,0,1
102Ah_35degC_1C_cell1,3,age_ridge,95.84,102.1385294117647,92.79638056932336,-3.0436194306766424,20,persistent,102Ah_35degC_1C_cell1,0,1
102Ah_35degC_1C_cell1,3,fixed_window_ridge,95.84,102.1385294117647,93.78533708058917,-2.0546629194108306,20,persistent,102Ah_35degC_1C_cell1,0,1
102Ah_35degC_1C_cell1,3,mask_ridge,95.84,102.1385294117647,92.14747950789581,-3.692520492104194,20,persistent,102Ah_35degC_1C_cell1,0,1
102Ah_35degC_1C_cell1,3,within_cell_ratio_ridge,95.84,102.1385294117647,93.90525391734747,-1.9347460826525378,20,persistent,102Ah_35degC_1C_cell1,0,1
102Ah_35degC_1C_cell1,3,rbf_residual,95.84,102.1385294117647,94.97756165436466,-0.8624383456353399,20,persistent,102Ah_35degC_1C_cell1,0,1
102Ah_35degC_1C_cell1,4,anchor_constant,95.05,102.1385294117647,102.1385294117647,7.088529411764696,20,persistent,102Ah_35degC_1C_cell1,0,1
102Ah_35degC_1C_cell1,4,age_ridge,95.05,102.1385294117647,91.88577039904014,-3.1642296009598567,20,persistent,102Ah_35degC_1C_cell1,0,1
102Ah_35degC_1C_cell1,4,fixed_window_ridge,95.05,102.1385294117647,92.61240148833647,-2.4375985116635235,20,persistent,102Ah_35degC_1C_cell1,0,1
102Ah_35degC_1C_cell1,4,mask_ridge,95.05,102.1385294117647,91.3030320631283,-3.746967936871698,20,persistent,102Ah_35degC_1C_cell1,0,1
102Ah_35degC_1C_cell1,4,within_cell_ratio_ridge,95.05,102.1385294117647,92.75372362812925,-2.2962763718707464,20,persistent,102Ah_35degC_1C_cell1,0,1
102Ah_35degC_1C_cell1,4,rbf_residual,95.05,102.1385294117647,93.9042707302325,-1.1457292697675001,20,persistent,102Ah_35degC_1C_cell1,0,1
102Ah_35degC_1C_cell1,5,anchor_constant,94.325,102.1385294117647,102.1385294117647,7.813529411764691,20,persistent,102Ah_35degC_1C_cell1,0,1
102Ah_35degC_1C_cell1,5,age_ridge,94.325,102.1385294117647,91.09243035131968,-3.2325696486803253,20,persistent,102Ah_35degC_1C_cell1,0,1
102Ah_35degC_1C_cell1,5,fixed_window_ridge,94.325,102.1385294117647,91.59555862655372,-2.729441373446278,20,persistent,102Ah_35degC_1C_cell1,0,1
102Ah_35degC_1C_cell1,5,mask_ridge,94.325,102.1385294117647,90.59367362256639,-3.731326377433618,20,persistent,102Ah_35degC_1C_cell1,0,1
102Ah_35degC_1C_cell1,5,within_cell_ratio_ridge,94.325,102.1385294117647,91.74517780342859,-2.5798221965714134,20,persistent,102Ah_35degC_1C_cell1,0,1
102Ah_35degC_1C_cell1,5,rbf_residual,94.325,102.1385294117647,92.88049899041575,-1.4445010095842576,20,persistent,102Ah_35degC_1C_cell1,0,1
102Ah_35degC_1C_cell1,6,anchor_constant,93.595,102.1385294117647,102.1385294117647,8.543529411764695,20,persistent,102Ah_35degC_1C_cell1,0,1
102Ah_35degC_1C_cell1,6,age_ridge,93.595,102.1385294117647,90.35280654328515,-3.242193456714844,20,persistent,102Ah_35degC_1C_cell1,0,1
102Ah_35degC_1C_cell1,6,fixed_window_ridge,93.595,102.1385294117647,90.65176474162365,-2.9432352583763475,20,persistent,102Ah_35degC_1C_cell1,0,1
102Ah_35degC_1C_cell1,6,mask_ridge,93.595,102.1385294117647,89.91569699779471,-3.6793030022052875,20,persistent,102Ah_35degC_1C_cell1,0,1
102Ah_35degC_1C_cell1,6,within_cell_ratio_ridge,93.595,102.1385294117647,90.8004932943897,-2.794506705610303,20,persistent,102Ah_35degC_1C_cell1,0,1
102Ah_35degC_1C_cell1,6,rbf_residual,93.595,102.1385294117647,91.91805351154306,-1.6769464884569345,20,persistent,102Ah_35degC_1C_cell1,0,1
102Ah_35degC_1C_cell1,7,anchor_constant,92.852,102.1385294117647,102.1385294117647,9.28652941176469,20,persistent,102Ah_35degC_1C_cell1,0,1
102Ah_35degC_1C_cell1,7,age_ridge,92.852,102.1385294117647,89.49229017099914,-3.359709829000863,20,persistent,102Ah_35degC_1C_cell1,0,1
102Ah_35degC_1C_cell1,7,fixed_window_ridge,92.852,102.1385294117647,89.55866194331495,-3.2933380566850587,20,persistent,102Ah_35degC_1C_cell1,0,1
102Ah_35degC_1C_cell1,7,mask_ridge,92.852,102.1385294117647,89.14015258047748,-3.7118474195225275,20,persistent,102Ah_35degC_1C_cell1,0,1
102Ah_35degC_1C_cell1,7,within_cell_ratio_ridge,92.852,102.1385294117647,89.69617571889316,-3.1558242811068453,20,persistent,102Ah_35degC_1C_cell1,0,1
102Ah_35degC_1C_cell1,7,rbf_residual,92.852,102.1385294117647,90.76104237114141,-2.0909576288585896,20,persistent,102Ah_35degC_1C_cell1,0,1
102Ah_35degC_1C_cell1,8,anchor_constant,92.207,102.1385294117647,102.1385294117647,9.9315294117647,20,persistent,102Ah_35degC_1C_cell1,0,1
102Ah_35degC_1C_cell1,8,age_ridge,92.207,102.1385294117647,88.90533929276963,-3.3016607072303685,20,persistent,102Ah_35degC_1C_cell1,0,1
102Ah_35degC_1C_cell1,8,fixed_window_ridge,92.207,102.1385294117647,88.81599927380033,-3.391000726199664,20,persistent,102Ah_35degC_1C_cell1,0,1
102Ah_35degC_1C_cell1,8,mask_ridge,92.207,102.1385294117647,88.63805528537723,-3.5689447146227593,20,persistent,102Ah_35degC_1C_cell1,0,1
102Ah_35degC_1C_cell1,8,within_cell_ratio_ridge,92.207,102.1385294117647,88.93983834567997,-3.26716165432002,20,persistent,102Ah_35degC_1C_cell1,0,1
102Ah_35degC_1C_cell1,8,rbf_residual,92.207,102.1385294117647,89.96089367278873,-2.2461063272112654,20,persistent,102Ah_35degC_1C_cell1,0,1
102Ah_35degC_1C_cell1,9,anchor_constant,91.607,102.1385294117647,102.1385294117647,10.531529411764694,20,persistent,102Ah_35degC_1C_cell1,0,1
102Ah_35degC_1C_cell1,9,age_ridge,91.607,102.1385294117647,88.22988313258948,-3.377116867410521,20,persistent,102Ah_35degC_1C_cell1,0,1
102Ah_35degC_1C_cell1,9,fixed_window_ridge,91.607,102.1385294117647,87.96414745976584,-3.642852540234159,20,persistent,102Ah_35degC_1C_cell1,0,1
102Ah_35degC_1C_cell1,9,mask_ridge,91.607,102.1385294117647,88.03926507101522,-3.567734928984777,20,persistent,102Ah_35degC_1C_cell1,0,1
102Ah_35degC_1C_cell1,9,within_cell_ratio_ridge,91.607,102.1385294117647,88.06650762973807,-3.54049237026193,20,persistent,102Ah_35degC_1C_cell1,0,1
102Ah_35degC_1C_cell1,9,rbf_residual,91.607,102.1385294117647,89.0296027614929,-2.5773972385071033,20,persistent,102Ah_35degC_1C_cell1,0,1
102Ah_35degC_1C_cell1,10,anchor_constant,90.941,102.1385294117647,102.1385294117647,11.197529411764691,20,persistent,102Ah_35degC_1C_cell1,0,1
102Ah_35degC_1C_cell1,10,age_ridge,90.941,102.1385294117647,87.71071942724762,-3.2302805727523776,20,persistent,102Ah_35degC_1C_cell1,0,1
102Ah_35degC_1C_cell1,10,fixed_window_ridge,90.941,102.1385294117647,87.3113352930772,-3.629664706922796,20,persistent,102Ah_35degC_1C_cell1,0,1
102Ah_35degC_1C_cell1,10,mask_ridge,90.941,102.1385294117647,87.59489653728039,-3.3461034627196113,20,persistent,102Ah_35degC_1C_cell1,0,1
102Ah_35degC_1C_cell1,10,within_cell_ratio_ridge,90.941,102.1385294117647,87.39321956718246,-3.5477804328175466,20,persistent,102Ah_35degC_1C_cell1,0,1
102Ah_35degC_1C_cell1,10,rbf_residual,90.941,102.1385294117647,88.08437142442888,-2.856628575571122,20,persistent,102Ah_35degC_1C_cell1,0,1
102Ah_35degC_1C_cell1,11,anchor_constant,89.839,102.1385294117647,102.1385294117647,12.299529411764695,20,persistent,102Ah_35degC_1C_cell1,0,1
102Ah_35degC_1C_cell1,11,age_ridge,89.839,102.1385294117647,87.21245175061532,-2.6265482493846832,20,persistent,102Ah_35degC_1C_cell1,0,1
102Ah_35degC_1C_cell1,11,fixed_window_ridge,89.839,102.1385294117647,86.68629436969248,-3.1527056303075227,20,persistent,102Ah_35degC_1C_cell1,0,1
102Ah_35degC_1C_cell1,11,mask_ridge,89.839,102.1385294117647,87.14964167933074,-2.689358320669257,20,persistent,102Ah_35degC_1C_cell1,0,1
102Ah_35degC_1C_cell1,11,within_cell_ratio_ridge,89.839,102.1385294117647,86.74545427192777,-3.093545728072229,20,persistent,102Ah_35degC_1C_cell1,0,1
102Ah_35degC_1C_cell1,11,rbf_residual,89.839,102.1385294117647,87.55531222443277,-2.2836877755672305,20,persistent,102Ah_35degC_1C_cell1,0,1
102Ah_35degC_1C_cell1,12,anchor_constant,89.102,102.1385294117647,102.1385294117647,13.03652941176469,20,persistent,102Ah_35degC_1C_cell1,0,1
102Ah_35degC_1C_cell1,12,age_ridge,89.102,102.1385294117647,86.49978845222762,-2.6022115477723844,20,persistent,102Ah_35degC_1C_cell1,0,1
102Ah_35degC_1C_cell1,12,fixed_window_ridge,89.102,102.1385294117647,85.79471178368377,-3.3072882163162376,20,persistent,102Ah_35degC_1C_cell1,0,1
102Ah_35degC_1C_cell1,12,mask_ridge,89.102,102.1385294117647,86.56558511003186,-2.5364148899681425,20,persistent,102Ah_35degC_1C_cell1,0,1
102Ah_35degC_1C_cell1,12,within_cell_ratio_ridge,89.102,102.1385294117647,85.81643535174734,-3.2855646482526595,20,persistent,102Ah_35degC_1C_cell1,0,1
102Ah_35degC_1C_cell1,12,rbf_residual,89.102,102.1385294117647,86.52549420037553,-2.5765057996244707,20,persistent,102Ah_35degC_1C_cell1,0,1
102Ah_35degC_1C_cell1,13,anchor_constant,88.517,102.1385294117647,102.1385294117647,13.621529411764698,20,persistent,102Ah_35degC_1C_cell1,0,1
102Ah_35degC_1C_cell1,13,age_ridge,88.517,102.1385294117647,86.04649909141318,-2.470500908586814,20,persistent,102Ah_35degC_1C_cell1,0,1
102Ah_35degC_1C_cell1,13,fixed_window_ridge,88.517,102.1385294117647,85.22900860128564,-3.287991398714354,20,persistent,102Ah_35degC_1C_cell1,0,1
102Ah_35degC_1C_cell1,13,mask_ridge,88.517,102.1385294117647,86.1963127007443,-2.3206872992556953,20,persistent,102Ah_35degC_1C_cell1,0,1
102Ah_35degC_1C_cell1,13,within_cell_ratio_ridge,88.517,102.1385294117647,85.22407033708188,-3.2929296629181124,20,persistent,102Ah_35degC_1C_cell1,0,1
102Ah_35degC_1C_cell1,13,rbf_residual,88.517,102.1385294117647,85.86695578212851,-2.650044217871482,20,persistent,102Ah_35degC_1C_cell1,0,1
102Ah_35degC_1C_cell1,14,anchor_constant,87.874,102.1385294117647,102.1385294117647,14.264529411764698,20,persistent,102Ah_35degC_1C_cell1,0,1
102Ah_35degC_1C_cell1,14,age_ridge,87.874,102.1385294117647,85.60654520522618,-2.267454794773812,20,persistent,102Ah_35degC_1C_cell1,0,1
102Ah_35degC_1C_cell1,14,fixed_window_ridge,87.874,102.1385294117647,84.68091991418952,-3.193080085810479,20,persistent,102Ah_35degC_1C_cell1,0,1
102Ah_35degC_1C_cell1,14,mask_ridge,87.874,102.1385294117647,85.83285314190763,-2.041146858092361,20,persistent,102Ah_35degC_1C_cell1,0,1
102Ah_35degC_1C_cell1,14,within_cell_ratio_ridge,87.874,102.1385294117647,84.64810795715997,-3.22589204284003,20,persistent,102Ah_35degC_1C_cell1,0,1
102Ah_35degC_1C_cell1,14,rbf_residual,87.874,102.1385294117647,85.22248994841294,-2.651510051587053,20,persistent,102Ah_35degC_1C_cell1,0,1
102Ah_35degC_1C_cell1,15,anchor_constant,87.254,102.1385294117647,102.1385294117647,14.884529411764689,20,persistent,102Ah_35degC_1C_cell1,0,1
102Ah_35degC_1C_cell1,15,age_ridge,87.254,102.1385294117647,85.17332241137206,-2.0806775886279496,20,persistent,102Ah_35degC_1C_cell1,0,1
102Ah_35degC_1C_cell1,15,fixed_window_ridge,87.254,102.1385294117647,84.14210588392609,-3.1118941160739126,20,persistent,102Ah_35degC_1C_cell1,0,1
102Ah_35degC_1C_cell1,15,mask_ridge,87.254,102.1385294117647,85.47318783514592,-1.7808121648540833,20,persistent,102Ah_35degC_1C_cell1,0,1
102Ah_35degC_1C_cell1,15,within_cell_ratio_ridge,87.254,102.1385294117647,84.08002038889549,-3.1739796111045138,20,persistent,102Ah_35degC_1C_cell1,0,1
102Ah_35degC_1C_cell1,15,rbf_residual,87.254,102.1385294117647,84.35903747268634,-2.894962527313666,20,persistent,102Ah_35degC_1C_cell1,0,1
102Ah_35degC_1C_cell1,16,anchor_constant,86.669,102.1385294117647,102.1385294117647,15.469529411764697,20,persistent,102Ah_35degC_1C_cell1,0,1
102Ah_35degC_1C_cell1,16,age_ridge,86.669,102.1385294117647,84.70579290397953,-1.9632070960204686,20,persistent,102Ah_35degC_1C_cell1,0,1
102Ah_35degC_1C_cell1,16,fixed_window_ridge,86.669,102.1385294117647,83.56156049555999,-3.107439504440009,20,persistent,102Ah_35degC_1C_cell1,0,1
102Ah_35degC_1C_cell1,16,mask_ridge,86.669,102.1385294117647,85.54207304606852,-1.1269269539314735,20,persistent,102Ah_35degC_1C_cell1,0,1
102Ah_35degC_1C_cell1,16,within_cell_ratio_ridge,86.669,102.1385294117647,83.46595864211483,-3.2030413578851693,20,persistent,102Ah_35degC_1C_cell1,0,1
102Ah_35degC_1C_cell1,16,rbf_residual,86.669,102.1385294117647,83.62885280504135,-3.0401471949586494,20,persistent,102Ah_35degC_1C_cell1,0,1
102Ah_35degC_1C_cell1,17,anchor_constant,86.04,102.1385294117647,102.1385294117647,16.098529411764687,20,persistent,102Ah_35degC_1C_cell1,0,1
102Ah_35degC_1C_cell1,17,age_ridge,86.04,102.1385294117647,84.20632359889927,-1.8336764011007318,20,persistent,102Ah_35degC_1C_cell1,0,1
102Ah_35degC_1C_cell1,17,fixed_window_ridge,86.04,102.1385294117647,82.94237567409314,-3.097624325906864,20,persistent,102Ah_35degC_1C_cell1,0,1
102Ah_35degC_1C_cell1,17,mask_ridge,86.04,102.1385294117647,85.18218890005468,-0.857811099945323,20,persistent,102Ah_35degC_1C_cell1,0,1
102Ah_35degC_1C_cell1,17,within_cell_ratio_ridge,86.04,102.1385294117647,82.80887028256203,-3.2311297174379803,20,persistent,102Ah_35degC_1C_cell1,0,1
102Ah_35degC_1C_cell1,17,rbf_residual,86.04,102.1385294117647,82.8793613931017,-3.160638606898303,20,persistent,102Ah_35degC_1C_cell1,0,1
102Ah_35degC_1C_cell1,18,anchor_constant,85.225,102.1385294117647,102.1385294117647,16.9135294117647,20,persistent,102Ah_35degC_1C_cell1,0,1
102Ah_35degC_1C_cell1,18,age_ridge,85.225,102.1385294117647,83.69640614723572,-1.5285938527642742,20,persistent,102Ah_35degC_1C_cell1,0,1
102Ah_35degC_1C_cell1,18,fixed_window_ridge,85.225,102.1385294117647,82.31126908546234,-2.913730914537652,20,persistent,102Ah_35degC_1C_cell1,0,1
102Ah_35degC_1C_cell1,18,mask_ridge,85.225,102.1385294117647,84.67058093593772,-0.554419064062273,20,persistent,102Ah_35degC_1C_cell1,0,1
102Ah_35degC_1C_cell1,18,within_cell_ratio_ridge,85.225,102.1385294117647,82.13695023581155,-3.0880497641884403,20,persistent,102Ah_35degC_1C_cell1,0,1
102Ah_35degC_1C_cell1,18,rbf_residual,85.225,102.1385294117647,82.0987773512095,-3.1262226487904883,20,persistent,102Ah_35degC_1C_cell1,0,1
102Ah_35degC_1C_cell1,19,anchor_constant,84.635,102.1385294117647,102.1385294117647,17.50352941176469,20,persistent,102Ah_35degC_1C_cell1,0,1
102Ah_35degC_1C_cell1,19,age_ridge,84.635,102.1385294117647,83.29960671632236,-1.3353932836776465,20,persistent,102Ah_35degC_1C_cell1,0,1
102Ah_35degC_1C_cell1,19,fixed_window_ridge,84.635,102.1385294117647,81.82084686497409,-2.8141531350259186,20,persistent,102Ah_35degC_1C_cell1,0,1
102Ah_35degC_1C_cell1,19,mask_ridge,84.635,102.1385294117647,84.31408284098326,-0.32091715901674434,20,persistent,102Ah_35degC_1C_cell1,0,1
102Ah_35degC_1C_cell1,19,within_cell_ratio_ridge,84.635,102.1385294117647,81.61336705430796,-3.0216329456920477,20,persistent,102Ah_35degC_1C_cell1,0,1
102Ah_35degC_1C_cell1,19,rbf_residual,84.635,102.1385294117647,81.57223320752072,-3.0627667924792803,20,persistent,102Ah_35degC_1C_cell1,0,1
102Ah_35degC_1C_cell1,20,anchor_constant,84.066,102.1385294117647,102.1385294117647,18.07252941176469,20,persistent,102Ah_35degC_1C_cell1,0,1
102Ah_35degC_1C_cell1,20,age_ridge,84.066,102.1385294117647,82.91776826692133,-1.1482317330786742,20,persistent,102Ah_35degC_1C_cell1,0,1
102Ah_35degC_1C_cell1,20,fixed_window_ridge,84.066,102.1385294117647,81.3494408190209,-2.716559180979104,20,persistent,102Ah_35degC_1C_cell1,0,1
102Ah_35degC_1C_cell1,20,mask_ridge,84.066,102.1385294117647,84.0213496844864,-0.0446503155136071,20,persistent,102Ah_35degC_1C_cell1,0,1
102Ah_35degC_1C_cell1,20,within_cell_ratio_ridge,84.066,102.1385294117647,81.1089717478975,-2.9570282521025035,20,persistent,102Ah_35degC_1C_cell1,0,1
102Ah_35degC_1C_cell1,20,rbf_residual,84.066,102.1385294117647,80.93232279317729,-3.1336772068227106,20,persistent,102Ah_35degC_1C_cell1,0,1
102Ah_35degC_1C_cell1,21,anchor_constant,83.481,102.1385294117647,102.1385294117647,18.6575294117647,20,persistent,102Ah_35degC_1C_cell1,0,1
102Ah_35degC_1C_cell1,21,age_ridge,83.481,102.1385294117647,82.52600856308096,-0.9549914369190304,20,persistent,102Ah_35degC_1C_cell1,0,1
102Ah_35degC_1C_cell1,21,fixed_window_ridge,83.481,102.1385294117647,80.86630846844041,-2.6146915315595862,20,persistent,102Ah_35degC_1C_cell1,0,1
102Ah_35degC_1C_cell1,21,mask_ridge,83.481,102.1385294117647,83.69971061748275,0.21871061748275622,20,persistent,102Ah_35degC_1C_cell1,0,1
102Ah_35degC_1C_cell1,21,within_cell_ratio_ridge,83.481,102.1385294117647,80.59092036803534,-2.890079631964653,20,persistent,102Ah_35degC_1C_cell1,0,1
102Ah_35degC_1C_cell1,21,rbf_residual,83.481,102.1385294117647,80.34111139816955,-3.1398886018304495,20,persistent,102Ah_35degC_1C_cell1,0,1
102Ah_35degC_1C_cell1,22,anchor_constant,82.816,102.1385294117647,102.1385294117647,19.32252941176469,20,persistent,102Ah_35degC_1C_cell1,0,1
102Ah_35degC_1C_cell1,22,age_ridge,82.816,102.1385294117647,82.157936438034,-0.6580635619660029,20,persistent,102Ah_35degC_1C_cell1,0,1
102Ah_35degC_1C_cell1,22,fixed_window_ridge,82.816,102.1385294117647,80.41284688690851,-2.4031531130914914,20,persistent,102Ah_35degC_1C_cell1,0,1
102Ah_35degC_1C_cell1,22,mask_ridge,82.816,102.1385294117647,83.39633239380454,0.5803323938045395,20,persistent,102Ah_35degC_1C_cell1,0,1
102Ah_35degC_1C_cell1,22,within_cell_ratio_ridge,82.816,102.1385294117647,80.10370959761104,-2.712290402388959,20,persistent,102Ah_35degC_1C_cell1,0,1
102Ah_35degC_1C_cell1,22,rbf_residual,82.816,102.1385294117647,79.77160625910356,-3.0443937408964388,20,persistent,102Ah_35degC_1C_cell1,0,1
102Ah_35degC_1C_cell1,23,anchor_constant,82.089,102.1385294117647,102.1385294117647,20.049529411764695,20,persistent,102Ah_35degC_1C_cell1,0,1
102Ah_35degC_1C_cell1,23,age_ridge,82.089,102.1385294117647,81.75183781139629,-0.3371621886037133,20,persistent,102Ah_35degC_1C_cell1,0,1
102Ah_35degC_1C_cell1,23,fixed_window_ridge,82.089,102.1385294117647,79.91302736847162,-2.1759726315283814,20,persistent,102Ah_35degC_1C_cell1,0,1
102Ah_35degC_1C_cell1,23,mask_ridge,82.089,102.1385294117647,83.0710333945752,0.9820333945751969,20,persistent,102Ah_35degC_1C_cell1,0,1
102Ah_35degC_1C_cell1,23,within_cell_ratio_ridge,82.089,102.1385294117647,79.56564698755328,-2.5233530124467194,20,persistent,102Ah_35degC_1C_cell1,0,1
102Ah_35degC_1C_cell1,23,rbf_residual,82.089,102.1385294117647,79.13767605993374,-2.95132394006626,20,persistent,102Ah_35degC_1C_cell1,0,1
102Ah_35degC_1C_cell1,24,anchor_constant,81.26,102.1385294117647,102.1385294117647,20.87852941176469,20,persistent,102Ah_35degC_1C_cell1,0,1
102Ah_35degC_1C_cell1,24,age_ridge,81.26,102.1385294117647,81.33424240056743,0.07424240056742804,20,persistent,102Ah_35degC_1C_cell1,0,1
102Ah_35degC_1C_cell1,24,fixed_window_ridge,81.26,102.1385294117647,79.48492174099214,-1.77507825900787,20,persistent,102Ah_35degC_1C_cell1,0,1
102Ah_35degC_1C_cell1,24,mask_ridge,81.26,102.1385294117647,83.32234563782282,2.0623456378228155,20,persistent,102Ah_35degC_1C_cell1,0,1
102Ah_35degC_1C_cell1,24,within_cell_ratio_ridge,81.26,102.1385294117647,78.91971068916189,-2.3402893108381164,20,persistent,102Ah_35degC_1C_cell1,0,1
102Ah_35degC_1C_cell1,24,rbf_residual,81.26,102.1385294117647,77.94103630843256,-3.318963691567447,20,persistent,102Ah_35degC_1C_cell1,0,1
102Ah_35degC_1C_cell1,25,anchor_constant,80.436,102.1385294117647,102.1385294117647,21.702529411764687,20,persistent,102Ah_35degC_1C_cell1,0,1
102Ah_35degC_1C_cell1,25,age_ridge,80.436,102.1385294117647,81.22158930895873,0.7855893089587198,20,persistent,102Ah_35degC_1C_cell1,0,1
102Ah_35degC_1C_cell1,25,fixed_window_ridge,80.436,102.1385294117647,79.57047187560208,-0.865528124397926,20,persistent,102Ah_35degC_1C_cell1,0,1
102Ah_35degC_1C_cell1,25,mask_ridge,80.436,102.1385294117647,84.79791919352286,4.361919193522851,20,persistent,102Ah_35degC_1C_cell1,0,1
102Ah_35degC_1C_cell1,25,within_cell_ratio_ridge,80.436,102.1385294117647,78.52853240231681,-1.907467597683194,20,persistent,102Ah_35degC_1C_cell1,0,1
102Ah_35degC_1C_cell1,25,rbf_residual,80.436,102.1385294117647,76.87235158480689,-3.5636484151931143,20,persistent,102Ah_35degC_1C_cell1,0,1
102Ah_35degC_1C_cell1,26,anchor_constant,79.583,102.1385294117647,102.1385294117647,22.555529411764695,20,persistent,102Ah_35degC_1C_cell1,0,1
102Ah_35degC_1C_cell1,26,age_ridge,79.583,102.1385294117647,81.12938495331115,1.5463849533111471,20,persistent,102Ah_35degC_1C_cell1,0,1
102Ah_35degC_1C_cell1,26,fixed_window_ridge,79.583,102.1385294117647,79.6475238889852,0.06452388898520667,20,persistent,102Ah_35degC_1C_cell1,0,1
102Ah_35degC_1C_cell1,26,mask_ridge,79.583,102.1385294117647,86.05295246582062,6.469952465820626,20,persistent,102Ah_35degC_1C_cell1,0,1
102Ah_35degC_1C_cell1,26,within_cell_ratio_ridge,79.583,102.1385294117647,78.20078260145903,-1.3822173985409734,20,persistent,102Ah_35degC_1C_cell1,0,1
102Ah_35degC_1C_cell1,26,rbf_residual,79.583,102.1385294117647,75.94308566835412,-3.6399143316458833,20,persistent,102Ah_35degC_1C_cell1,0,1
102Ah_35degC_1C_cell1,27,anchor_constant,78.65,102.1385294117647,102.1385294117647,23.488529411764688,20,persistent,102Ah_35degC_1C_cell1,0,1
102Ah_35degC_1C_cell1,27,age_ridge,78.65,102.1385294117647,81.04050726855215,2.390507268552142,20,persistent,102Ah_35degC_1C_cell1,0,1
102Ah_35degC_1C_cell1,27,fixed_window_ridge,78.65,102.1385294117647,79.72799188735752,1.0779918873575127,20,persistent,102Ah_35degC_1C_cell1,0,1
102Ah_35degC_1C_cell1,27,mask_ridge,78.65,102.1385294117647,87.30439256506928,8.654392565069273,20,persistent,102Ah_35degC_1C_cell1,0,1
102Ah_35degC_1C_cell1,27,within_cell_ratio_ridge,78.65,102.1385294117647,77.87817967991464,-0.7718203200853679,20,persistent,102Ah_35degC_1C_cell1,0,1
102Ah_35degC_1C_cell1,27,rbf_residual,78.65,102.1385294117647,75.03030121623254,-3.6196987837674612,20,persistent,102Ah_35degC_1C_cell1,0,1
102Ah_35degC_1C_cell1,28,anchor_constant,77.59,102.1385294117647,102.1385294117647,24.54852941176469,20,persistent,102Ah_35degC_1C_cell1,0,1
102Ah_35degC_1C_cell1,28,age_ridge,77.59,102.1385294117647,79.79290447799349,2.202904477993485,20,persistent,102Ah_35degC_1C_cell1,0,1
102Ah_35degC_1C_cell1,28,fixed_window_ridge,77.59,102.1385294117647,77.5085427128046,-0.08145728719540557,20,persistent,102Ah_35degC_1C_cell1,0,1
102Ah_35degC_1C_cell1,28,mask_ridge,77.59,102.1385294117647,81.46394209469445,3.873942094694442,20,persistent,102Ah_35degC_1C_cell1,0,1
102Ah_35degC_1C_cell1,28,within_cell_ratio_ridge,77.59,102.1385294117647,76.9632560571738,-0.6267439428262094,20,persistent,102Ah_35degC_1C_cell1,0,1
102Ah_35degC_1C_cell1,28,rbf_residual,77.59,102.1385294117647,75.84664205452077,-1.7433579454792323,20,persistent,102Ah_35degC_1C_cell1,0,1
102Ah_35degC_1C_cell1,29,anchor_constant,76.374,102.1385294117647,102.1385294117647,25.7645294117647,20,persistent,102Ah_35degC_1C_cell1,0,1
102Ah_35degC_1C_cell1,29,age_ridge,76.374,102.1385294117647,79.35537076467116,2.981370764671169,20,persistent,102Ah_35degC_1C_cell1,0,1
102Ah_35degC_1C_cell1,29,fixed_window_ridge,76.374,102.1385294117647,77.01586325205459,0.6418632520545913,20,persistent,102Ah_35degC_1C_cell1,0,1
102Ah_35degC_1C_cell1,29,mask_ridge,76.374,102.1385294117647,81.40057605028005,5.026576050280056,20,persistent,102Ah_35degC_1C_cell1,0,1
102Ah_35degC_1C_cell1,29,within_cell_ratio_ridge,76.374,102.1385294117647,76.33416639067941,-0.03983360932058133,20,persistent,102Ah_35degC_1C_cell1,0,1
102Ah_35degC_1C_cell1,29,rbf_residual,76.374,102.1385294117647,74.97574517483244,-1.3982548251675553,20,persistent,102Ah_35degC_1C_cell1,0,1
102Ah_35degC_1C_cell1,30,anchor_constant,75.089,102.1385294117647,102.1385294117647,27.049529411764695,20,persistent,102Ah_35degC_1C_cell1,0,1
102Ah_35degC_1C_cell1,30,age_ridge,75.089,102.1385294117647,79.27520491538417,4.186204915384167,20,persistent,102Ah_35degC_1C_cell1,0,1
102Ah_35degC_1C_cell1,30,fixed_window_ridge,75.089,102.1385294117647,77.10786198557065,2.018861985570652,20,persistent,102Ah_35degC_1C_cell1,0,1
102Ah_35degC_1C_cell1,30,mask_ridge,75.089,102.1385294117647,82.65999877502247,7.570998775022474,20,persistent,102Ah_35degC_1C_cell1,0,1
102Ah_35degC_1C_cell1,30,within_cell_ratio_ridge,75.089,102.1385294117647,76.02225588015932,0.9332558801593223,20,persistent,102Ah_35degC_1C_cell1,0,1
102Ah_35degC_1C_cell1,30,rbf_residual,75.089,102.1385294117647,74.1132526281974,-0.9757473718025977,20,persistent,102Ah_35degC_1C_cell1,0,1
102Ah_45degC_0p5C_cell3,1,anchor_constant,97.213,103.01980392156864,103.01980392156864,5.806803921568644,20,persistent,102Ah_45degC_0p5C_cell3,0,1
102Ah_45degC_0p5C_cell3,1,age_ridge,97.213,103.01980392156864,95.39507430720921,-1.81792569279078,20,persistent,102Ah_45degC_0p5C_cell3,0,1
102Ah_45degC_0p5C_cell3,1,fixed_window_ridge,97.213,103.01980392156864,95.39507430720921,-1.81792569279078,20,persistent,102Ah_45degC_0p5C_cell3,0,1
102Ah_45degC_0p5C_cell3,1,mask_ridge,97.213,103.01980392156864,102.6964005706787,5.483400570678711,20,persistent,102Ah_45degC_0p5C_cell3,0,1
102Ah_45degC_0p5C_cell3,1,within_cell_ratio_ridge,97.213,103.01980392156864,95.39507430720921,-1.81792569279078,20,persistent,102Ah_45degC_0p5C_cell3,0,1
102Ah_45degC_0p5C_cell3,1,rbf_residual,97.213,103.01980392156864,95.39507430720161,-1.817925692798383,20,persistent,102Ah_45degC_0p5C_cell3,0,1
102Ah_45degC_0p5C_cell3,2,anchor_constant,96.093,103.01980392156864,103.01980392156864,6.926803921568634,20,persistent,102Ah_45degC_0p5C_cell3,0,1
102Ah_45degC_0p5C_cell3,2,age_ridge,96.093,103.01980392156864,93.71068897356608,-2.382311026433925,20,persistent,102Ah_45degC_0p5C_cell3,0,1
102Ah_45degC_0p5C_cell3,2,fixed_window_ridge,96.093,103.01980392156864,93.71068897356608,-2.382311026433925,20,persistent,102Ah_45degC_0p5C_cell3,0,1
102Ah_45degC_0p5C_cell3,2,mask_ridge,96.093,103.01980392156864,101.41297373393235,5.319973733932343,20,persistent,102Ah_45degC_0p5C_cell3,0,1
102Ah_45degC_0p5C_cell3,2,within_cell_ratio_ridge,96.093,103.01980392156864,93.71068897356608,-2.382311026433925,20,persistent,102Ah_45degC_0p5C_cell3,0,1
102Ah_45degC_0p5C_cell3,2,rbf_residual,96.093,103.01980392156864,93.71068897355875,-2.3823110264412577,20,persistent,102Ah_45degC_0p5C_cell3,0,1
102Ah_45degC_0p5C_cell3,3,anchor_constant,95.183,103.01980392156864,103.01980392156864,7.836803921568631,20,persistent,102Ah_45degC_0p5C_cell3,0,1
102Ah_45degC_0p5C_cell3,3,age_ridge,95.183,103.01980392156864,92.3819713432613,-2.8010286567387084,20,persistent,102Ah_45degC_0p5C_cell3,0,1
102Ah_45degC_0p5C_cell3,3,fixed_window_ridge,95.183,103.01980392156864,92.3819713432613,-2.8010286567387084,20,persistent,102Ah_45degC_0p5C_cell3,0,1
102Ah_45degC_0p5C_cell3,3,mask_ridge,95.183,103.01980392156864,100.37732220834279,5.194322208342783,20,persistent,102Ah_45degC_0p5C_cell3,0,1
102Ah_45degC_0p5C_cell3,3,within_cell_ratio_ridge,95.183,103.01980392156864,92.3819713432613,-2.8010286567387084,20,persistent,102Ah_45degC_0p5C_cell3,0,1
102Ah_45degC_0p5C_cell3,3,rbf_residual,95.183,103.01980392156864,92.38197134325257,-2.801028656747434,20,persistent,102Ah_45degC_0p5C_cell3,0,1
102Ah_45degC_0p5C_cell3,4,anchor_constant,94.405,103.01980392156864,103.01980392156864,8.614803921568637,20,persistent,102Ah_45degC_0p5C_cell3,0,1
102Ah_45degC_0p5C_cell3,4,age_ridge,94.405,103.01980392156864,91.13887421457889,-3.26612578542111,20,persistent,102Ah_45degC_0p5C_cell3,0,1
102Ah_45degC_0p5C_cell3,4,fixed_window_ridge,94.405,103.01980392156864,91.13887421457889,-3.26612578542111,20,persistent,102Ah_45degC_0p5C_cell3,0,1
102Ah_45degC_0p5C_cell3,4,mask_ridge,94.405,103.01980392156864,99.29718402524155,4.892184025241548,20,persistent,102Ah_45degC_0p5C_cell3,0,1
102Ah_45degC_0p5C_cell3,4,within_cell_ratio_ridge,94.405,103.01980392156864,91.13887421457889,-3.26612578542111,20,persistent,102Ah_45degC_0p5C_cell3,0,1
102Ah_45degC_0p5C_cell3,4,rbf_residual,94.405,103.01980392156864,91.1388742145633,-3.2661257854366994,20,persistent,102Ah_45degC_0p5C_cell3,0,1
102Ah_45degC_0p5C_cell3,5,anchor_constant,93.579,103.01980392156864,103.01980392156864,9.440803921568644,20,persistent,102Ah_45degC_0p5C_cell3,0,1
102Ah_45degC_0p5C_cell3,5,age_ridge,93.579,103.01980392156864,89.8186420471115,-3.760357952888498,20,persistent,102Ah_45degC_0p5C_cell3,0,1
102Ah_45degC_0p5C_cell3,5,fixed_window_ridge,93.579,103.01980392156864,89.8186420471115,-3.760357952888498,20,persistent,102Ah_45degC_0p5C_cell3,0,1
102Ah_45degC_0p5C_cell3,5,mask_ridge,93.579,103.01980392156864,98.37008825975757,4.791088259757572,20,persistent,102Ah_45degC_0p5C_cell3,0,1
102Ah_45degC_0p5C_cell3,5,within_cell_ratio_ridge,93.579,103.01980392156864,89.8186420471115,-3.760357952888498,20,persistent,102Ah_45degC_0p5C_cell3,0,1
102Ah_45degC_0p5C_cell3,5,rbf_residual,93.579,103.01980392156864,89.81864204710202,-3.7603579528979765,20,persistent,102Ah_45degC_0p5C_cell3,0,1
102Ah_45degC_0p5C_cell3,6,anchor_constant,92.867,103.01980392156864,103.01980392156864,10.152803921568633,20,persistent,102Ah_45degC_0p5C_cell3,0,1
102Ah_45degC_0p5C_cell3,6,age_ridge,92.867,103.01980392156864,88.89527796500099,-3.9717220349990185,20,persistent,102Ah_45degC_0p5C_cell3,0,1
102Ah_45degC_0p5C_cell3,6,fixed_window_ridge,92.867,103.01980392156864,88.89527796500099,-3.9717220349990185,20,persistent,102Ah_45degC_0p5C_cell3,0,1
102Ah_45degC_0p5C_cell3,6,mask_ridge,92.867,103.01980392156864,97.61932147223709,4.752321472237085,20,persistent,102Ah_45degC_0p5C_cell3,0,1
102Ah_45degC_0p5C_cell3,6,within_cell_ratio_ridge,92.867,103.01980392156864,88.89527796500099,-3.9717220349990185,20,persistent,102Ah_45degC_0p5C_cell3,0,1
102Ah_45degC_0p5C_cell3,6,rbf_residual,92.867,103.01980392156864,88.8952779649871,-3.9717220350129026,20,persistent,102Ah_45degC_0p5C_cell3,0,1
102Ah_45degC_0p5C_cell3,7,anchor_constant,92.307,103.01980392156864,103.01980392156864,10.712803921568636,20,persistent,102Ah_45degC_0p5C_cell3,0,1
102Ah_45degC_0p5C_cell3,7,age_ridge,92.307,103.01980392156864,87.19279828236523,-5.114201717634771,20,persistent,102Ah_45degC_0p5C_cell3,0,1
102Ah_45degC_0p5C_cell3,7,fixed_window_ridge,92.307,103.01980392156864,87.19279828236523,-5.114201717634771,20,persistent,102Ah_45degC_0p5C_cell3,0,1
102Ah_45degC_0p5C_cell3,7,mask_ridge,92.307,103.01980392156864,96.29789571579029,3.9908957157902876,20,persistent,102Ah_45degC_0p5C_cell3,0,1
102Ah_45degC_0p5C_cell3,7,within_cell_ratio_ridge,92.307,103.01980392156864,87.19279828236523,-5.114201717634771,20,persistent,102Ah_45degC_0p5C_cell3,0,1
102Ah_45degC_0p5C_cell3,7,rbf_residual,92.307,103.01980392156864,87.19279828235328,-5.114201717646722,20,persistent,102Ah_45degC_0p5C_cell3,0,1
102Ah_45degC_0p5C_cell3,8,anchor_constant,91.334,103.01980392156864,103.01980392156864,11.685803921568635,20,persistent,102Ah_45degC_0p5C_cell3,0,1
102Ah_45degC_0p5C_cell3,8,age_ridge,91.334,103.01980392156864,85.84782372339663,-5.4861762766033735,20,persistent,102Ah_45degC_0p5C_cell3,0,1
102Ah_45degC_0p5C_cell3,8,fixed_window_ridge,91.334,103.01980392156864,85.84782372339663,-5.4861762766033735,20,persistent,102Ah_45degC_0p5C_cell3,0,1
102Ah_45degC_0p5C_cell3,8,mask_ridge,91.334,103.01980392156864,95.21611270412733,3.882112704127323,20,persistent,102Ah_45degC_0p5C_cell3,0,1
102Ah_45degC_0p5C_cell3,8,within_cell_ratio_ridge,91.334,103.01980392156864,85.84782372339663,-5.4861762766033735,20,persistent,102Ah_45degC_0p5C_cell3,0,1
102Ah_45degC_0p5C_cell3,8,rbf_residual,91.334,103.01980392156864,85.84782372338591,-5.4861762766140885,20,persistent,102Ah_45degC_0p5C_cell3,0,1
102Ah_45degC_0p5C_cell3,9,anchor_constant,90.546,103.01980392156864,103.01980392156864,12.473803921568631,20,persistent,102Ah_45degC_0p5C_cell3,0,1
102Ah_45degC_0p5C_cell3,9,age_ridge,90.546,103.01980392156864,85.0509748964535,-5.49502510354651,20,persistent,102Ah_45degC_0p5C_cell3,0,1
102Ah_45degC_0p5C_cell3,9,fixed_window_ridge,90.546,103.01980392156864,85.05097489645351,-5.495025103546496,20,persistent,102Ah_45degC_0p5C_cell3,0,1
102Ah_45degC_0p5C_cell3,9,mask_ridge,90.546,103.01980392156864,94.65221212763586,4.106212127635857,20,persistent,102Ah_45degC_0p5C_cell3,0,1
102Ah_45degC_0p5C_cell3,9,within_cell_ratio_ridge,90.546,103.01980392156864,85.05097489645351,-5.495025103546496,20,persistent,102Ah_45degC_0p5C_cell3,0,1
102Ah_45degC_0p5C_cell3,9,rbf_residual,90.546,103.01980392156864,85.0509748964413,-5.495025103558703,20,persistent,102Ah_45degC_0p5C_cell3,0,1
102Ah_45degC_0p5C_cell3,10,anchor_constant,89.71,103.01980392156864,103.01980392156864,13.309803921568644,20,persistent,102Ah_45degC_0p5C_cell3,0,1
102Ah_45degC_0p5C_cell3,10,age_ridge,89.71,103.01980392156864,83.83213378425097,-5.877866215749023,20,persistent,102Ah_45degC_0p5C_cell3,0,1
102Ah_45degC_0p5C_cell3,10,fixed_window_ridge,89.71,103.01980392156864,83.83213378425097,-5.877866215749023,20,persistent,102Ah_45degC_0p5C_cell3,0,1
102Ah_45degC_0p5C_cell3,10,mask_ridge,89.71,103.01980392156864,95.97790985384688,6.267909853846888,20,persistent,102Ah_45degC_0p5C_cell3,0,1
102Ah_45degC_0p5C_cell3,10,within_cell_ratio_ridge,89.71,103.01980392156864,83.83213378425097,-5.877866215749023,20,persistent,102Ah_45degC_0p5C_cell3,0,1
102Ah_45degC_0p5C_cell3,10,rbf_residual,89.71,103.01980392156864,83.83213378425097,-5.877866215749023,20,persistent,102Ah_45degC_0p5C_cell3,0,1
102Ah_45degC_0p5C_cell3,11,anchor_constant,88.797,103.01980392156864,103.01980392156864,14.22280392156864,20,persistent,102Ah_45degC_0p5C_cell3,0,1
102Ah_45degC_0p5C_cell3,11,age_ridge,88.797,103.01980392156864,83.2341124351343,-5.56288756486569,20,persistent,102Ah_45degC_0p5C_cell3,0,1
102Ah_45degC_0p5C_cell3,11,fixed_window_ridge,88.797,103.01980392156864,83.2341124351343,-5.56288756486569,20,persistent,102Ah_45degC_0p5C_cell3,0,1
102Ah_45degC_0p5C_cell3,11,mask_ridge,88.797,103.01980392156864,93.24248146832221,4.445481468322214,20,persistent,102Ah_45degC_0p5C_cell3,0,1
102Ah_45degC_0p5C_cell3,11,within_cell_ratio_ridge,88.797,103.01980392156864,83.2341124351343,-5.56288756486569,20,persistent,102Ah_45degC_0p5C_cell3,0,1
102Ah_45degC_0p5C_cell3,11,rbf_residual,88.797,103.01980392156864,83.23411243512234,-5.562887564877656,20,persistent,102Ah_45degC_0p5C_cell3,0,1
102Ah_45degC_0p5C_cell3,12,anchor_constant,88.025,103.01980392156864,103.01980392156864,14.994803921568632,20,persistent,102Ah_45degC_0p5C_cell3,0,1
102Ah_45degC_0p5C_cell3,12,age_ridge,88.025,103.01980392156864,82.55371456396159,-5.471285436038414,20,persistent,102Ah_45degC_0p5C_cell3,0,1
102Ah_45degC_0p5C_cell3,12,fixed_window_ridge,88.025,103.01980392156864,82.55371456396159,-5.471285436038414,20,persistent,102Ah_45degC_0p5C_cell3,0,1
102Ah_45degC_0p5C_cell3,12,mask_ridge,88.025,103.01980392156864,92.72807403222934,4.703074032229338,20,persistent,102Ah_45degC_0p5C_cell3,0,1
102Ah_45degC_0p5C_cell3,12,within_cell_ratio_ridge,88.025,103.01980392156864,82.55371456396159,-5.471285436038414,20,persistent,102Ah_45degC_0p5C_cell3,0,1
102Ah_45degC_0p5C_cell3,12,rbf_residual,88.025,103.01980392156864,82.55371456395318,-5.471285436046827,20,persistent,102Ah_45degC_0p5C_cell3,0,1
102Ah_45degC_0p5C_cell3,13,anchor_constant,87.256,103.01980392156864,103.01980392156864,15.763803921568638,20,persistent,102Ah_45degC_0p5C_cell3,0,1
102Ah_45degC_0p5C_cell3,13,age_ridge,87.256,103.01980392156864,81.91894967913328,-5.337050320866723,20,persistent,102Ah_45degC_0p5C_cell3,0,1
102Ah_45degC_0p5C_cell3,13,fixed_window_ridge,87.256,103.01980392156864,81.91894967913328,-5.337050320866723,20,persistent,102Ah_45degC_0p5C_cell3,0,1
102Ah_45degC_0p5C_cell3,13,mask_ridge,87.256,103.01980392156864,92.2136093428963,4.957609342896305,20,persistent,102Ah_45degC_0p5C_cell3,0,1
102Ah_45degC_0p5C_cell3,13,within_cell_ratio_ridge,87.256,103.01980392156864,81.91894967913328,-5.337050320866723,20,persistent,102Ah_45degC_0p5C_cell3,0,1
102Ah_45degC_0p5C_cell3,13,rbf_residual,87.256,103.01980392156864,81.91894967912197,-5.337050320878035,20,persistent,102Ah_45degC_0p5C_cell3,0,1
102Ah_45degC_0p5C_cell3,14,anchor_constant,86.448,103.01980392156864,103.01980392156864,16.571803921568645,20,persistent,102Ah_45degC_0p5C_cell3,0,1
102Ah_45degC_0p5C_cell3,14,age_ridge,86.448,103.01980392156864,81.28898253855284,-5.159017461447149,20,persistent,102Ah_45degC_0p5C_cell3,0,1
102Ah_45degC_0p5C_cell3,14,fixed_window_ridge,86.448,103.01980392156864,81.28898253855284,-5.159017461447149,20,persistent,102Ah_45degC_0p5C_cell3,0,1
102Ah_45degC_0p5C_cell3,14,mask_ridge,86.448,103.01980392156864,91.74376457840053,5.2957645784005365,20,persistent,102Ah_45degC_0p5C_cell3,0,1
102Ah_45degC_0p5C_cell3,14,within_cell_ratio_ridge,86.448,103.01980392156864,81.28898253855284,-5.159017461447149,20,persistent,102Ah_45degC_0p5C_cell3,0,1
102Ah_45degC_0p5C_cell3,14,rbf_residual,86.448,103.01980392156864,81.28898253854517,-5.159017461454823,20,persistent,102Ah_45degC_0p5C_cell3,0,1
102Ah_45degC_0p5C_cell3,15,anchor_constant,85.454,103.01980392156864,103.01980392156864,17.565803921568644,20,persistent,102Ah_45degC_0p5C_cell3,0,1
102Ah_45degC_0p5C_cell3,15,age_ridge,85.454,103.01980392156864,80.67738689612064,-4.776613103879356,20,persistent,102Ah_45degC_0p5C_cell3,0,1
102Ah_45degC_0p5C_cell3,15,fixed_window_ridge,85.454,103.01980392156864,80.67738689612064,-4.776613103879356,20,persistent,102Ah_45degC_0p5C_cell3,0,1
102Ah_45degC_0p5C_cell3,15,mask_ridge,85.454,103.01980392156864,91.22766456996052,5.7736645699605305,20,persistent,102Ah_45degC_0p5C_cell3,0,1
102Ah_45degC_0p5C_cell3,15,within_cell_ratio_ridge,85.454,103.01980392156864,80.67738689612064,-4.776613103879356,20,persistent,102Ah_45degC_0p5C_cell3,0,1
102Ah_45degC_0p5C_cell3,15,rbf_residual,85.454,103.01980392156864,80.67738689610985,-4.776613103890142,20,persistent,102Ah_45degC_0p5C_cell3,0,1
102Ah_45degC_0p5C_cell3,16,anchor_constant,84.767,103.01980392156864,103.01980392156864,18.252803921568642,20,persistent,102Ah_45degC_0p5C_cell3,0,1
102Ah_45degC_0p5C_cell3,16,age_ridge,84.767,103.01980392156864,79.86785032064446,-4.899149679355531,20,persistent,102Ah_45degC_0p5C_cell3,0,1
102Ah_45degC_0p5C_cell3,16,fixed_window_ridge,84.767,103.01980392156864,79.86785032064446,-4.899149679355531,20,persistent,102Ah_45degC_0p5C_cell3,0,1
102Ah_45degC_0p5C_cell3,16,mask_ridge,84.767,103.01980392156864,90.56387097883243,5.79687097883243,20,persistent,102Ah_45degC_0p5C_cell3,0,1
102Ah_45degC_0p5C_cell3,16,within_cell_ratio_ridge,84.767,103.01980392156864,79.86785032064446,-4.899149679355531,20,persistent,102Ah_45degC_0p5C_cell3,0,1
102Ah_45degC_0p5C_cell3,16,rbf_residual,84.767,103.01980392156864,79.86785032063338,-4.899149679366616,20,persistent,102Ah_45degC_0p5C_cell3,0,1
102Ah_45degC_0p5C_cell3,17,anchor_constant,83.861,103.01980392156864,103.01980392156864,19.158803921568634,20,persistent,102Ah_45degC_0p5C_cell3,0,1
102Ah_45degC_0p5C_cell3,17,age_ridge,83.861,103.01980392156864,79.20981131685058,-4.651188683149428,20,persistent,102Ah_45degC_0p5C_cell3,0,1
102Ah_45degC_0p5C_cell3,17,fixed_window_ridge,83.861,103.01980392156864,79.20981131685058,-4.651188683149428,20,persistent,102Ah_45degC_0p5C_cell3,0,1
102Ah_45degC_0p5C_cell3,17,mask_ridge,83.861,103.01980392156864,90.04615191637309,6.185151916373087,20,persistent,102Ah_45degC_0p5C_cell3,0,1
102Ah_45degC_0p5C_cell3,17,within_cell_ratio_ridge,83.861,103.01980392156864,79.20981131685058,-4.651188683149428,20,persistent,102Ah_45degC_0p5C_cell3,0,1
102Ah_45degC_0p5C_cell3,17,rbf_residual,83.861,103.01980392156864,79.20981131684067,-4.651188683159333,20,persistent,102Ah_45degC_0p5C_cell3,0,1
102Ah_45degC_0p5C_cell3,18,anchor_constant,82.921,103.01980392156864,103.01980392156864,20.09880392156863,20,persistent,102Ah_45degC_0p5C_cell3,1,1
102Ah_45degC_0p5C_cell3,18,age_ridge,82.921,103.01980392156864,78.64385169449983,-4.277148305500177,20,persistent,102Ah_45degC_0p5C_cell3,1,1
102Ah_45degC_0p5C_cell3,18,fixed_window_ridge,82.921,103.01980392156864,78.64385169449983,-4.277148305500177,20,persistent,102Ah_45degC_0p5C_cell3,1,1
102Ah_45degC_0p5C_cell3,18,mask_ridge,82.921,103.01980392156864,89.59191921023252,6.670919210232512,20,persistent,102Ah_45degC_0p5C_cell3,1,1
102Ah_45degC_0p5C_cell3,18,within_cell_ratio_ridge,82.921,103.01980392156864,78.64385169449983,-4.277148305500177,20,persistent,102Ah_45degC_0p5C_cell3,1,1
102Ah_45degC_0p5C_cell3,18,rbf_residual,82.921,103.01980392156864,78.64385169449983,-4.277148305500177,20,persistent,102Ah_45degC_0p5C_cell3,1,1
102Ah_45degC_0p5C_cell3,19,anchor_constant,81.859,103.01980392156864,103.01980392156864,21.160803921568643,20,persistent,102Ah_45degC_0p5C_cell3,1,1
102Ah_45degC_0p5C_cell3,19,age_ridge,81.859,103.01980392156864,78.08683137051686,-3.772168629483133,20,persistent,102Ah_45degC_0p5C_cell3,1,1
102Ah_45degC_0p5C_cell3,19,fixed_window_ridge,81.859,103.01980392156864,78.08683137051686,-3.772168629483133,20,persistent,102Ah_45degC_0p5C_cell3,1,1
102Ah_45degC_0p5C_cell3,19,mask_ridge,81.859,103.01980392156864,89.17074760313149,7.311747603131494,20,persistent,102Ah_45degC_0p5C_cell3,1,1
102Ah_45degC_0p5C_cell3,19,within_cell_ratio_ridge,81.859,103.01980392156864,78.08683137051686,-3.772168629483133,20,persistent,102Ah_45degC_0p5C_cell3,1,1
102Ah_45degC_0p5C_cell3,19,rbf_residual,81.859,103.01980392156864,78.08683137051686,-3.772168629483133,20,persistent,102Ah_45degC_0p5C_cell3,1,1
102Ah_45degC_0p5C_cell3,20,anchor_constant,80.568,103.01980392156864,103.01980392156864,22.45180392156864,20,persistent,102Ah_45degC_0p5C_cell3,1,1
102Ah_45degC_0p5C_cell3,20,age_ridge,80.568,103.01980392156864,77.31804450149886,-3.249955498501137,20,persistent,102Ah_45degC_0p5C_cell3,1,1
102Ah_45degC_0p5C_cell3,20,fixed_window_ridge,80.568,103.01980392156864,77.31804450149886,-3.249955498501137,20,persistent,102Ah_45degC_0p5C_cell3,1,1
102Ah_45degC_0p5C_cell3,20,mask_ridge,80.568,103.01980392156864,88.53013670634854,7.962136706348545,20,persistent,102Ah_45degC_0p5C_cell3,1,1
102Ah_45degC_0p5C_cell3,20,within_cell_ratio_ridge,80.568,103.01980392156864,77.31804450149886,-3.249955498501137,20,persistent,102Ah_45degC_0p5C_cell3,1,1
102Ah_45degC_0p5C_cell3,20,rbf_residual,80.568,103.01980392156864,77.31804450149886,-3.249955498501137,20,persistent,102Ah_45degC_0p5C_cell3,1,1
102Ah_45degC_0p5C_cell3,21,anchor_constant,78.862,103.01980392156864,103.01980392156864,24.157803921568643,20,persistent,102Ah_45degC_0p5C_cell3,1,1
102Ah_45degC_0p5C_cell3,21,age_ridge,78.862,103.01980392156864,76.47277525784068,-2.389224742159314,20,persistent,102Ah_45degC_0p5C_cell3,1,1
102Ah_45degC_0p5C_cell3,21,fixed_window_ridge,78.862,103.01980392156864,76.47277525784068,-2.389224742159314,20,persistent,102Ah_45degC_0p5C_cell3,1,1
102Ah_45degC_0p5C_cell3,21,mask_ridge,78.862,103.01980392156864,87.81613643218924,8.954136432189244,20,persistent,102Ah_45degC_0p5C_cell3,1,1
102Ah_45degC_0p5C_cell3,21,within_cell_ratio_ridge,78.862,103.01980392156864,76.47277525784068,-2.389224742159314,20,persistent,102Ah_45degC_0p5C_cell3,1,1
102Ah_45degC_0p5C_cell3,21,rbf_residual,78.862,103.01980392156864,76.47277525784068,-2.389224742159314,20,persistent,102Ah_45degC_0p5C_cell3,1,1
102Ah_45degC_0p5C_cell3,22,anchor_constant,77.351,103.01980392156864,103.01980392156864,25.66880392156864,20,persistent,102Ah_45degC_0p5C_cell3,1,1
102Ah_45degC_0p5C_cell3,22,age_ridge,77.351,103.01980392156864,75.95564038555207,-1.3953596144479263,20,persistent,102Ah_45degC_0p5C_cell3,1,1
102Ah_45degC_0p5C_cell3,22,fixed_window_ridge,77.351,103.01980392156864,75.95564038555207,-1.3953596144479263,20,persistent,102Ah_45degC_0p5C_cell3,1,1
102Ah_45degC_0p5C_cell3,22,mask_ridge,77.351,103.01980392156864,87.39690215531218,10.045902155312177,20,persistent,102Ah_45degC_0p5C_cell3,1,1
102Ah_45degC_0p5C_cell3,22,within_cell_ratio_ridge,77.351,103.01980392156864,75.95564038555207,-1.3953596144479263,20,persistent,102Ah_45degC_0p5C_cell3,1,1
102Ah_45degC_0p5C_cell3,22,rbf_residual,77.351,103.01980392156864,75.95564038555207,-1.3953596144479263,20,persistent,102Ah_45degC_0p5C_cell3,1,1
102Ah_45degC_0p5C_cell3,23,anchor_constant,75.585,103.01980392156864,103.01980392156864,27.434803921568644,20,persistent,102Ah_45degC_0p5C_cell3,1,1
102Ah_45degC_0p5C_cell3,23,age_ridge,75.585,103.01980392156864,75.29773971880353,-0.28726028119646685,20,persistent,102Ah_45degC_0p5C_cell3,1,1
102Ah_45degC_0p5C_cell3,23,fixed_window_ridge,75.585,103.01980392156864,75.29773971880353,-0.28726028119646685,20,persistent,102Ah_45degC_0p5C_cell3,1,1
102Ah_45degC_0p5C_cell3,23,mask_ridge,75.585,103.01980392156864,86.83881216710705,11.253812167107057,20,persistent,102Ah_45degC_0p5C_cell3,1,1
102Ah_45degC_0p5C_cell3,23,within_cell_ratio_ridge,75.585,103.01980392156864,75.29773971880353,-0.28726028119646685,20,persistent,102Ah_45degC_0p5C_cell3,1,1
102Ah_45degC_0p5C_cell3,23,rbf_residual,75.585,103.01980392156864,75.29773971880353,-0.28726028119646685,20,persistent,102Ah_45degC_0p5C_cell3,1,1
102Ah_45degC_0p5C_cell3,24,anchor_constant,73.377,103.01980392156864,103.01980392156864,29.642803921568643,20,persistent,102Ah_45degC_0p5C_cell3,1,1
102Ah_45degC_0p5C_cell3,24,age_ridge,73.377,103.01980392156864,74.21036216013817,0.8333621601381793,20,persistent,102Ah_45degC_0p5C_cell3,1,1
102Ah_45degC_0p5C_cell3,24,fixed_window_ridge,73.377,103.01980392156864,74.21036216013817,0.8333621601381793,20,persistent,102Ah_45degC_0p5C_cell3,1,1
102Ah_45degC_0p5C_cell3,24,mask_ridge,73.377,103.01980392156864,86.24777374104127,12.870773741041276,20,persistent,102Ah_45degC_0p5C_cell3,1,1
102Ah_45degC_0p5C_cell3,24,within_cell_ratio_ridge,73.377,103.01980392156864,74.21036216013817,0.8333621601381793,20,persistent,102Ah_45degC_0p5C_cell3,1,1
102Ah_45degC_0p5C_cell3,24,rbf_residual,73.377,103.01980392156864,74.21036216013817,0.8333621601381793,20,persistent,102Ah_45degC_0p5C_cell3,1,1
102Ah_45degC_0p5C_cell3,25,anchor_constant,71.212,103.01980392156864,103.01980392156864,31.807803921568635,20,persistent,102Ah_45degC_0p5C_cell3,1,1
102Ah_45degC_0p5C_cell3,25,age_ridge,71.212,103.01980392156864,73.66057725011414,2.448577250114141,20,persistent,102Ah_45degC_0p5C_cell3,1,1
102Ah_45degC_0p5C_cell3,25,fixed_window_ridge,71.212,103.01980392156864,73.66057725011414,2.448577250114141,20,persistent,102Ah_45degC_0p5C_cell3,1,1
102Ah_45degC_0p5C_cell3,25,mask_ridge,71.212,103.01980392156864,85.67174059452995,14.459740594529947,20,persistent,102Ah_45degC_0p5C_cell3,1,1
102Ah_45degC_0p5C_cell3,25,within_cell_ratio_ridge,71.212,103.01980392156864,73.66057725011414,2.448577250114141,20,persistent,102Ah_45degC_0p5C_cell3,1,1
102Ah_45degC_0p5C_cell3,25,rbf_residual,71.212,103.01980392156864,73.66057725011414,2.448577250114141,20,persistent,102Ah_45degC_0p5C_cell3,1,1
102Ah_45degC_0p5C_cell3,26,anchor_constant,68.96,103.01980392156864,103.01980392156864,34.059803921568644,20,persistent,102Ah_45degC_0p5C_cell3,1,1
102Ah_45degC_0p5C_cell3,26,age_ridge,68.96,103.01980392156864,73.19873497137453,4.238734971374541,20,persistent,102Ah_45degC_0p5C_cell3,1,1
102Ah_45degC_0p5C_cell3,26,fixed_window_ridge,68.96,103.01980392156864,73.19873497137453,4.238734971374541,20,persistent,102Ah_45degC_0p5C_cell3,1,1
102Ah_45degC_0p5C_cell3,26,mask_ridge,68.96,103.01980392156864,85.2668735454576,16.306873545457606,20,persistent,102Ah_45degC_0p5C_cell3,1,1
102Ah_45degC_0p5C_cell3,26,within_cell_ratio_ridge,68.96,103.01980392156864,73.19873497137453,4.238734971374541,20,persistent,102Ah_45degC_0p5C_cell3,1,1
102Ah_45degC_0p5C_cell3,26,rbf_residual,68.96,103.01980392156864,73.19873497137453,4.238734971374541,20,persistent,102Ah_45degC_0p5C_cell3,1,1
102Ah_45degC_0p5C_cell3,27,anchor_constant,66.665,103.01980392156864,103.01980392156864,36.35480392156863,20,persistent,102Ah_45degC_0p5C_cell3,1,1
102Ah_45degC_0p5C_cell3,27,age_ridge,66.665,103.01980392156864,72.7466649534598,6.081664953459793,20,persistent,102Ah_45degC_0p5C_cell3,1,1
102Ah_45degC_0p5C_cell3,27,fixed_window_ridge,66.665,103.01980392156864,72.7466649534598,6.081664953459793,20,persistent,102Ah_45degC_0p5C_cell3,1,1
102Ah_45degC_0p5C_cell3,27,mask_ridge,66.665,103.01980392156864,84.89237931349601,18.227379313496,20,persistent,102Ah_45degC_0p5C_cell3,1,1
102Ah_45degC_0p5C_cell3,27,within_cell_ratio_ridge,66.665,103.01980392156864,72.7466649534598,6.081664953459793,20,persistent,102Ah_45degC_0p5C_cell3,1,1
102Ah_45degC_0p5C_cell3,27,rbf_residual,66.665,103.01980392156864,72.7466649534598,6.081664953459793,20,persistent,102Ah_45degC_0p5C_cell3,1,1
102Ah_45degC_0p5C_cell3,28,anchor_constant,64.205,103.01980392156864,103.01980392156864,38.81480392156864,20,persistent,102Ah_45degC_0p5C_cell3,1,1
102Ah_45degC_0p5C_cell3,28,age_ridge,64.205,103.01980392156864,72.09157459568942,7.886574595689424,20,persistent,102Ah_45degC_0p5C_cell3,1,1
102Ah_45degC_0p5C_cell3,28,fixed_window_ridge,64.205,103.01980392156864,72.09157459568942,7.886574595689424,20,persistent,102Ah_45degC_0p5C_cell3,1,1
102Ah_45degC_0p5C_cell3,28,mask_ridge,64.205,103.01980392156864,84.34837225037566,20.143372250375663,20,persistent,102Ah_45degC_0p5C_cell3,1,1
102Ah_45degC_0p5C_cell3,28,within_cell_ratio_ridge,64.205,103.01980392156864,72.09157459568942,7.886574595689424,20,persistent,102Ah_45degC_0p5C_cell3,1,1
102Ah_45degC_0p5C_cell3,28,rbf_residual,64.205,103.01980392156864,72.09157459568942,7.886574595689424,20,persistent,102Ah_45degC_0p5C_cell3,1,1
102Ah_45degC_0p5C_cell3,29,anchor_constant,63.18,103.01980392156864,103.01980392156864,39.83980392156864,20,persistent,102Ah_45degC_0p5C_cell3,1,1
102Ah_45degC_0p5C_cell3,29,age_ridge,63.18,103.01980392156864,72.01165781367501,8.831657813675015,20,persistent,102Ah_45degC_0p5C_cell3,1,1
102Ah_45degC_0p5C_cell3,29,fixed_window_ridge,63.18,103.01980392156864,72.01165781367501,8.831657813675015,20,persistent,102Ah_45degC_0p5C_cell3,1,1
102Ah_45degC_0p5C_cell3,29,mask_ridge,63.18,103.01980392156864,84.05080032549134,20.870800325491338,20,persistent,102Ah_45degC_0p5C_cell3,1,1
102Ah_45degC_0p5C_cell3,29,within_cell_ratio_ridge,63.18,103.01980392156864,72.01165781367501,8.831657813675015,20,persistent,102Ah_45degC_0p5C_cell3,1,1
102Ah_45degC_0p5C_cell3,29,rbf_residual,63.18,103.01980392156864,72.01165781367501,8.831657813675015,20,persistent,102Ah_45degC_0p5C_cell3,1,1
102Ah_45degC_0p5C_cell3,30,anchor_constant,61.901,103.01980392156864,103.01980392156864,41.118803921568635,20,persistent,102Ah_45degC_0p5C_cell3,1,1
102Ah_45degC_0p5C_cell3,30,age_ridge,61.901,103.01980392156864,71.589804277591,9.688804277590997,20,persistent,102Ah_45degC_0p5C_cell3,1,1
102Ah_45degC_0p5C_cell3,30,fixed_window_ridge,61.901,103.01980392156864,71.589804277591,9.688804277590997,20,persistent,102Ah_45degC_0p5C_cell3,1,1
102Ah_45degC_0p5C_cell3,30,mask_ridge,61.901,103.01980392156864,83.93212269295202,22.031122692952017,20,persistent,102Ah_45degC_0p5C_cell3,1,1
102Ah_45degC_0p5C_cell3,30,within_cell_ratio_ridge,61.901,103.01980392156864,71.589804277591,9.688804277590997,20,persistent,102Ah_45degC_0p5C_cell3,1,1
102Ah_45degC_0p5C_cell3,30,rbf_residual,61.901,103.01980392156864,71.589804277591,9.688804277590997,20,persistent,102Ah_45degC_0p5C_cell3,1,1
102Ah_45degC_1C_cell1,1,anchor_constant,98.462,102.61176470588235,102.61176470588235,4.1497647058823475,20,persistent,102Ah_45degC_1C_cell1,0,1
102Ah_45degC_1C_cell1,1,age_ridge,98.462,102.61176470588235,98.53318365456896,0.07118365456895503,20,persistent,102Ah_45degC_1C_cell1,0,1
102Ah_45degC_1C_cell1,1,fixed_window_ridge,98.462,102.61176470588235,101.13493683732345,2.672936837323448,20,persistent,102Ah_45degC_1C_cell1,0,1
102Ah_45degC_1C_cell1,1,mask_ridge,98.462,102.61176470588235,105.06875033315136,6.6067503331513535,20,persistent,102Ah_45degC_1C_cell1,0,1
102Ah_45degC_1C_cell1,1,within_cell_ratio_ridge,98.462,102.61176470588235,100.84475678021774,2.3827567802177327,20,persistent,102Ah_45degC_1C_cell1,0,1
102Ah_45degC_1C_cell1,1,rbf_residual,98.462,102.61176470588235,101.81959315343718,3.357593153437179,20,persistent,102Ah_45degC_1C_cell1,0,1
102Ah_45degC_1C_cell1,2,anchor_constant,97.488,102.61176470588235,102.61176470588235,5.123764705882351,20,persistent,102Ah_45degC_1C_cell1,0,1
102Ah_45degC_1C_cell1,2,age_ridge,97.488,102.61176470588235,97.27947610458573,-0.20852389541427385,20,persistent,102Ah_45degC_1C_cell1,0,1
102Ah_45degC_1C_cell1,2,fixed_window_ridge,97.488,102.61176470588235,99.51706761166338,2.029067611663379,20,persistent,102Ah_45degC_1C_cell1,0,1
102Ah_45degC_1C_cell1,2,mask_ridge,97.488,102.61176470588235,103.11331420442193,5.625314204421926,20,persistent,102Ah_45degC_1C_cell1,0,1
102Ah_45degC_1C_cell1,2,within_cell_ratio_ridge,97.488,102.61176470588235,99.34886953334983,1.8608695333498275,20,persistent,102Ah_45degC_1C_cell1,0,1
102Ah_45degC_1C_cell1,2,rbf_residual,97.488,102.61176470588235,100.92293641875338,3.434936418753381,20,persistent,102Ah_45degC_1C_cell1,0,1
102Ah_45degC_1C_cell1,3,anchor_constant,96.668,102.61176470588235,102.61176470588235,5.943764705882344,20,persistent,102Ah_45degC_1C_cell1,0,1
102Ah_45degC_1C_cell1,3,age_ridge,96.668,102.61176470588235,96.37129422286432,-0.2967057771356849,20,persistent,102Ah_45degC_1C_cell1,0,1
102Ah_45degC_1C_cell1,3,fixed_window_ridge,96.668,102.61176470588235,98.3489835703215,1.6809835703214873,20,persistent,102Ah_45degC_1C_cell1,0,1
102Ah_45degC_1C_cell1,3,mask_ridge,96.668,102.61176470588235,101.70659991254252,5.038599912542509,20,persistent,102Ah_45degC_1C_cell1,0,1
102Ah_45degC_1C_cell1,3,within_cell_ratio_ridge,96.668,102.61176470588235,98.26008619554449,1.592086195544482,20,persistent,102Ah_45degC_1C_cell1,0,1
102Ah_45degC_1C_cell1,3,rbf_residual,96.668,102.61176470588235,99.87703140639948,3.2090314063994754,20,persistent,102Ah_45degC_1C_cell1,0,1
102Ah_45degC_1C_cell1,4,anchor_constant,96.07,102.61176470588235,102.61176470588235,6.541764705882358,20,persistent,102Ah_45degC_1C_cell1,0,1
102Ah_45degC_1C_cell1,4,age_ridge,96.07,102.61176470588235,95.63641059322563,-0.43358940677435953,20,persistent,102Ah_45degC_1C_cell1,0,1
102Ah_45degC_1C_cell1,4,fixed_window_ridge,96.07,102.61176470588235,97.40666307277792,1.3366630727779238,20,persistent,102Ah_45degC_1C_cell1,0,1
102Ah_45degC_1C_cell1,4,mask_ridge,96.07,102.61176470588235,100.57988501466139,4.509885014661393,20,persistent,102Ah_45degC_1C_cell1,0,1
102Ah_45degC_1C_cell1,4,within_cell_ratio_ridge,96.07,102.61176470588235,97.37526961325166,1.3052696132516672,20,persistent,102Ah_45degC_1C_cell1,0,1
102Ah_45degC_1C_cell1,4,rbf_residual,96.07,102.61176470588235,99.12208153901047,3.052081539010473,20,persistent,102Ah_45degC_1C_cell1,0,1
102Ah_45degC_1C_cell1,5,anchor_constant,95.532,102.61176470588235,102.61176470588235,7.079764705882354,20,persistent,102Ah_45degC_1C_cell1,0,1
102Ah_45degC_1C_cell1,5,age_ridge,95.532,102.61176470588235,94.8922788639088,-0.6397211360911967,20,persistent,102Ah_45degC_1C_cell1,0,1
102Ah_45degC_1C_cell1,5,fixed_window_ridge,95.532,102.61176470588235,96.45542507676325,0.9234250767632517,20,persistent,102Ah_45degC_1C_cell1,0,1
102Ah_45degC_1C_cell1,5,mask_ridge,95.532,102.61176470588235,99.42863519985323,3.896635199853236,20,persistent,102Ah_45degC_1C_cell1,0,1
102Ah_45degC_1C_cell1,5,within_cell_ratio_ridge,95.532,102.61176470588235,96.47540724968789,0.943407249687894,20,persistent,102Ah_45degC_1C_cell1,0,1
102Ah_45degC_1C_cell1,5,rbf_residual,95.532,102.61176470588235,97.8400260342286,2.308026034228604,20,persistent,102Ah_45degC_1C_cell1,0,1
102Ah_45degC_1C_cell1,6,anchor_constant,95.047,102.61176470588235,102.61176470588235,7.564764705882354,20,persistent,102Ah_45degC_1C_cell1,0,1
102Ah_45degC_1C_cell1,6,age_ridge,95.047,102.61176470588235,94.3591290466452,-0.6878709533548033,20,persistent,102Ah_45degC_1C_cell1,0,1
102Ah_45degC_1C_cell1,6,fixed_window_ridge,95.047,102.61176470588235,95.77587508400843,0.7288750840084361,20,persistent,102Ah_45degC_1C_cell1,0,1
102Ah_45degC_1C_cell1,6,mask_ridge,95.047,102.61176470588235,98.61875740683601,3.5717574068360136,20,persistent,102Ah_45degC_1C_cell1,0,1
102Ah_45degC_1C_cell1,6,within_cell_ratio_ridge,95.047,102.61176470588235,95.82807098007964,0.7810709800796474,20,persistent,102Ah_45degC_1C_cell1,0,1
102Ah_45degC_1C_cell1,6,rbf_residual,95.047,102.61176470588235,97.47512404224923,2.4281240422492374,20,persistent,102Ah_45degC_1C_cell1,0,1
102Ah_45degC_1C_cell1,7,anchor_constant,94.61,102.61176470588235,102.61176470588235,8.001764705882351,20,persistent,102Ah_45degC_1C_cell1,0,1
102Ah_45degC_1C_cell1,7,age_ridge,94.61,102.61176470588235,93.82562604940493,-0.784373950595068,20,persistent,102Ah_45degC_1C_cell1,0,1
102Ah_45degC_1C_cell1,7,fixed_window_ridge,94.61,102.61176470588235,95.09762556516475,0.4876255651647483,20,persistent,102Ah_45degC_1C_cell1,0,1
102Ah_45degC_1C_cell1,7,mask_ridge,94.61,102.61176470588235,97.81412234547432,3.2041223454743175,20,persistent,102Ah_45degC_1C_cell1,0,1
102Ah_45degC_1C_cell1,7,within_cell_ratio_ridge,94.61,102.61176470588235,95.1779929512549,0.5679929512548938,20,persistent,102Ah_45degC_1C_cell1,0,1
102Ah_45degC_1C_cell1,7,rbf_residual,94.61,102.61176470588235,96.99149924478681,2.3814992447868093,20,persistent,102Ah_45degC_1C_cell1,0,1
102Ah_45degC_1C_cell1,8,anchor_constant,94.15,102.61176470588235,102.61176470588235,8.461764705882345,20,persistent,102Ah_45degC_1C_cell1,0,1
102Ah_45degC_1C_cell1,8,age_ridge,94.15,102.61176470588235,93.37506757986115,-0.7749324201388532,20,persistent,102Ah_45degC_1C_cell1,0,1
102Ah_45degC_1C_cell1,8,fixed_window_ridge,94.15,102.61176470588235,94.526227082297,0.3762270822969924,20,persistent,102Ah_45degC_1C_cell1,0,1
102Ah_45degC_1C_cell1,8,mask_ridge,94.15,102.61176470588235,97.1263472597082,2.9763472597081915,20,persistent,102Ah_45degC_1C_cell1,0,1
102Ah_45degC_1C_cell1,8,within_cell_ratio_ridge,94.15,102.61176470588235,94.62710561798222,0.4771056179822182,20,persistent,102Ah_45degC_1C_cell1,0,1
102Ah_45degC_1C_cell1,8,rbf_residual,94.15,102.61176470588235,96.1474524494417,1.9974524494416954,20,persistent,102Ah_45degC_1C_cell1,0,1
102Ah_45degC_1C_cell1,9,anchor_constant,93.732,102.61176470588235,102.61176470588235,8.879764705882351,20,persistent,102Ah_45degC_1C_cell1,0,1
102Ah_45degC_1C_cell1,9,age_ridge,93.732,102.61176470588235,92.96463993194716,-0.7673600680528381,20,persistent,102Ah_45degC_1C_cell1,0,1
102Ah_45degC_1C_cell1,9,fixed_window_ridge,93.732,102.61176470588235,94.00688175675268,0.2748817567526771,20,persistent,102Ah_45degC_1C_cell1,0,1
102Ah_45degC_1C_cell1,9,mask_ridge,93.732,102.61176470588235,96.51186150794403,2.779861507944034,20,persistent,102Ah_45degC_1C_cell1,0,1
102Ah_45degC_1C_cell1,9,within_cell_ratio_ridge,93.732,102.61176470588235,94.12377160058716,0.39177160058716254,20,persistent,102Ah_45degC_1C_cell1,0,1
102Ah_45degC_1C_cell1,9,rbf_residual,93.732,102.61176470588235,95.85339126962228,2.121391269622279,20,persistent,102Ah_45degC_1C_cell1,0,1
102Ah_45degC_1C_cell1,10,anchor_constant,93.34,102.61176470588235,102.61176470588235,9.271764705882347,20,persistent,102Ah_45degC_1C_cell1,0,1
102Ah_45degC_1C_cell1,10,age_ridge,93.34,102.61176470588235,92.5919508800217,-0.7480491199783046,20,persistent,102Ah_45degC_1C_cell1,0,1
102Ah_45degC_1C_cell1,10,fixed_window_ridge,93.34,102.61176470588235,93.53624522599279,0.19624522599278293,20,persistent,102Ah_45degC_1C_cell1,0,1
102Ah_45degC_1C_cell1,10,mask_ridge,93.34,102.61176470588235,95.94941484384259,2.609414843842586,20,persistent,102Ah_45degC_1C_cell1,0,1
102Ah_45degC_1C_cell1,10,within_cell_ratio_ridge,93.34,102.61176470588235,93.66543594173808,0.3254359417380783,20,persistent,102Ah_45degC_1C_cell1,0,1
102Ah_45degC_1C_cell1,10,rbf_residual,93.34,102.61176470588235,95.096072845022,1.7560728450219898,20,persistent,102Ah_45degC_1C_cell1,0,1
102Ah_45degC_1C_cell1,11,anchor_constant,92.94,102.61176470588235,102.61176470588235,9.671764705882353,20,persistent,102Ah_45degC_1C_cell1,0,1
102Ah_45degC_1C_cell1,11,age_ridge,92.94,102.61176470588235,92.22223509569561,-0.7177649043043886,20,persistent,102Ah_45degC_1C_cell1,0,1
102Ah_45degC_1C_cell1,11,fixed_window_ridge,92.94,102.61176470588235,93.07028301964596,0.13028301964595812,20,persistent,102Ah_45degC_1C_cell1,0,1
102Ah_45degC_1C_cell1,11,mask_ridge,92.94,102.61176470588235,95.3998372263462,2.4598372263461954,20,persistent,102Ah_45degC_1C_cell1,0,1
102Ah_45degC_1C_cell1,11,within_cell_ratio_ridge,92.94,102.61176470588235,93.20956107576623,0.26956107576623367,20,persistent,102Ah_45degC_1C_cell1,0,1
102Ah_45degC_1C_cell1,11,rbf_residual,92.94,102.61176470588235,94.9024325797637,1.9624325797637,20,persistent,102Ah_45degC_1C_cell1,0,1
102Ah_45degC_1C_cell1,12,anchor_constant,92.564,102.61176470588235,102.61176470588235,10.047764705882358,20,persistent,102Ah_45degC_1C_cell1,0,1
102Ah_45degC_1C_cell1,12,age_ridge,92.564,102.61176470588235,91.89094505458526,-0.6730549454147337,20,persistent,102Ah_45degC_1C_cell1,0,1
102Ah_45degC_1C_cell1,12,fixed_window_ridge,92.564,102.61176470588235,92.65351362230564,0.08951362230564541,20,persistent,102Ah_45degC_1C_cell1,0,1
102Ah_45degC_1C_cell1,12,mask_ridge,92.564,102.61176470588235,94.90588986876884,2.3418898687688454,20,persistent,102Ah_45degC_1C_cell1,0,1
102Ah_45degC_1C_cell1,12,within_cell_ratio_ridge,92.564,102.61176470588235,92.80003735819697,0.23603735819698102,20,persistent,102Ah_45degC_1C_cell1,0,1
102Ah_45degC_1C_cell1,12,rbf_residual,92.564,102.61176470588235,94.24717403070088,1.683174030700883,20,persistent,102Ah_45degC_1C_cell1,0,1
102Ah_45degC_1C_cell1,13,anchor_constant,92.197,102.61176470588235,102.61176470588235,10.414764705882348,20,persistent,102Ah_45degC_1C_cell1,0,1
102Ah_45degC_1C_cell1,13,age_ridge,92.197,102.61176470588235,91.57118654997814,-0.625813450021866,20,persistent,102Ah_45degC_1C_cell1,0,1
102Ah_45degC_1C_cell1,13,fixed_window_ridge,92.197,102.61176470588235,92.25194808065491,0.05494808065490986,20,persistent,102Ah_45degC_1C_cell1,0,1
102Ah_45degC_1C_cell1,13,mask_ridge,92.197,102.61176470588235,94.4332592793209,2.2362592793208904,20,persistent,102Ah_45degC_1C_cell1,0,1
102Ah_45degC_1C_cell1,13,within_cell_ratio_ridge,92.197,102.61176470588235,92.40386561419234,0.2068656141923384,20,persistent,102Ah_45degC_1C_cell1,0,1
102Ah_45degC_1C_cell1,13,rbf_residual,92.197,102.61176470588235,94.06208125600858,1.8650812560085797,20,persistent,102Ah_45degC_1C_cell1,0,1
102Ah_45degC_1C_cell1,14,anchor_constant,91.821,102.61176470588235,102.61176470588235,10.790764705882353,20,persistent,102Ah_45degC_1C_cell1,0,1
102Ah_45degC_1C_cell1,14,age_ridge,91.821,102.61176470588235,91.23322359773427,-0.5877764022657317,20,persistent,102Ah_45degC_1C_cell1,0,1
102Ah_45degC_1C_cell1,14,fixed_window_ridge,91.821,102.61176470588235,91.82824271281783,0.0072427128178276234,20,persistent,102Ah_45degC_1C_cell1,0,1
102Ah_45degC_1C_cell1,14,mask_ridge,91.821,102.61176470588235,93.93191726278187,2.110917262781868,20,persistent,102Ah_45degC_1C_cell1,0,1
102Ah_45degC_1C_cell1,14,within_cell_ratio_ridge,91.821,102.61176470588235,91.98416249931472,0.1631624993147227,20,persistent,102Ah_45degC_1C_cell1,0,1
102Ah_45degC_1C_cell1,14,rbf_residual,91.821,102.61176470588235,93.38954836547492,1.5685483654749248,20,persistent,102Ah_45degC_1C_cell1,0,1
102Ah_45degC_1C_cell1,15,anchor_constant,91.424,102.61176470588235,102.61176470588235,11.187764705882344,20,persistent,102Ah_45degC_1C_cell1,0,1
102Ah_45degC_1C_cell1,15,age_ridge,91.424,102.61176470588235,90.92939126657194,-0.4946087334280662,20,persistent,102Ah_45degC_1C_cell1,0,1
102Ah_45degC_1C_cell1,15,fixed_window_ridge,91.424,102.61176470588235,91.44796935792871,0.02396935792870636,20,persistent,102Ah_45degC_1C_cell1,0,1
102Ah_45degC_1C_cell1,15,mask_ridge,91.424,102.61176470588235,93.48393610196219,2.0599361019621796,20,persistent,102Ah_45degC_1C_cell1,0,1
102Ah_45degC_1C_cell1,15,within_cell_ratio_ridge,91.424,102.61176470588235,91.60601451796816,0.18201451796815604,20,persistent,102Ah_45degC_1C_cell1,0,1
102Ah_45degC_1C_cell1,15,rbf_residual,91.424,102.61176470588235,93.22321859380797,1.7992185938079643,20,persistent,102Ah_45degC_1C_cell1,0,1
102Ah_45degC_1C_cell1,16,anchor_constant,90.943,102.61176470588235,102.61176470588235,11.668764705882353,20,persistent,102Ah_45degC_1C_cell1,0,1
102Ah_45degC_1C_cell1,16,age_ridge,90.943,102.61176470588235,90.40792528521517,-0.5350747147848267,20,persistent,102Ah_45degC_1C_cell1,0,1
102Ah_45degC_1C_cell1,16,fixed_window_ridge,90.943,102.61176470588235,90.79668113722266,-0.14631886277733486,20,persistent,102Ah_45degC_1C_cell1,0,1
102Ah_45degC_1C_cell1,16,mask_ridge,90.943,102.61176470588235,92.71823450973523,1.7752345097352276,20,persistent,102Ah_45degC_1C_cell1,0,1
102Ah_45degC_1C_cell1,16,within_cell_ratio_ridge,90.943,102.61176470588235,90.95517306854786,0.012173068547866706,20,persistent,102Ah_45degC_1C_cell1,0,1
102Ah_45degC_1C_cell1,16,rbf_residual,90.943,102.61176470588235,92.6383315560557,1.6953315560557058,20,persistent,102Ah_45degC_1C_cell1,0,1
102Ah_45degC_1C_cell1,17,anchor_constant,90.603,102.61176470588235,102.61176470588235,12.008764705882356,20,persistent,102Ah_45degC_1C_cell1,0,1
102Ah_45degC_1C_cell1,17,age_ridge,90.603,102.61176470588235,90.14266642158096,-0.4603335784190392,20,persistent,102Ah_45degC_1C_cell1,0,1
102Ah_45degC_1C_cell1,17,fixed_window_ridge,90.603,102.61176470588235,90.46603453722362,-0.13696546277637367,20,persistent,102Ah_45degC_1C_cell1,0,1
102Ah_45degC_1C_cell1,17,mask_ridge,90.603,102.61176470588235,92.32484208819159,1.7218420881915932,20,persistent,102Ah_45degC_1C_cell1,0,1
102Ah_45degC_1C_cell1,17,within_cell_ratio_ridge,90.603,102.61176470588235,90.62322983663076,0.02022983663076161,20,persistent,102Ah_45degC_1C_cell1,0,1
102Ah_45degC_1C_cell1,17,rbf_residual,90.603,102.61176470588235,92.12319814014403,1.520198140144032,20,persistent,102Ah_45degC_1C_cell1,0,1
102Ah_45degC_1C_cell1,18,anchor_constant,90.278,102.61176470588235,102.61176470588235,12.333764705882345,20,persistent,102Ah_45degC_1C_cell1,0,1
102Ah_45degC_1C_cell1,18,age_ridge,90.278,102.61176470588235,89.87621301368073,-0.40178698631928,20,persistent,102Ah_45degC_1C_cell1,0,1
102Ah_45degC_1C_cell1,18,fixed_window_ridge,90.278,102.61176470588235,90.13432963462144,-0.14367036537856848,20,persistent,102Ah_45degC_1C_cell1,0,1
102Ah_45degC_1C_cell1,18,mask_ridge,90.278,102.61176470588235,80.83546353553047,-9.44253646446954,20,persistent,102Ah_45degC_1C_cell1,0,1
102Ah_45degC_1C_cell1,18,within_cell_ratio_ridge,90.278,102.61176470588235,90.28920916053816,0.011209160538157903,20,persistent,102Ah_45degC_1C_cell1,0,1
102Ah_45degC_1C_cell1,18,rbf_residual,90.278,102.61176470588235,86.57431687562844,-3.7036831243715653,20,persistent,102Ah_45degC_1C_cell1,0,1
102Ah_45degC_1C_cell1,19,anchor_constant,89.822,102.61176470588235,102.61176470588235,12.789764705882348,20,persistent,102Ah_45degC_1C_cell1,0,1
102Ah_45degC_1C_cell1,19,age_ridge,89.822,102.61176470588235,89.62100839569798,-0.20099160430201835,20,persistent,102Ah_45degC_1C_cell1,0,1
102Ah_45degC_1C_cell1,19,fixed_window_ridge,89.822,102.61176470588235,89.81704827880073,-0.004951721199276449,20,persistent,102Ah_45degC_1C_cell1,0,1
102Ah_45degC_1C_cell1,19,mask_ridge,89.822,102.61176470588235,91.5616454565317,1.7396454565317043,20,persistent,102Ah_45degC_1C_cell1,0,1
102Ah_45degC_1C_cell1,19,within_cell_ratio_ridge,89.822,102.61176470588235,89.96877825146407,0.1467782514640703,20,persistent,102Ah_45degC_1C_cell1,0,1
102Ah_45degC_1C_cell1,19,rbf_residual,89.822,102.61176470588235,91.39680764987153,1.5748076498715307,20,persistent,102Ah_45degC_1C_cell1,0,1
102Ah_45degC_1C_cell1,20,anchor_constant,89.494,102.61176470588235,102.61176470588235,13.117764705882351,20,persistent,102Ah_45degC_1C_cell1,0,1
102Ah_45degC_1C_cell1,20,age_ridge,89.494,102.61176470588235,89.31052912150739,-0.18347087849261356,20,persistent,102Ah_45degC_1C_cell1,0,1
102Ah_45degC_1C_cell1,20,fixed_window_ridge,89.494,102.61176470588235,89.4315527781711,-0.062447221828904276,20,persistent,102Ah_45degC_1C_cell1,0,1
102Ah_45degC_1C_cell1,20,mask_ridge,89.494,102.61176470588235,91.11140491228723,1.6174049122872276,20,persistent,102Ah_45degC_1C_cell1,0,1
102Ah_45degC_1C_cell1,20,within_cell_ratio_ridge,89.494,102.61176470588235,89.5782400569712,0.08424005697119696,20,persistent,102Ah_45degC_1C_cell1,0,1
102Ah_45degC_1C_cell1,20,rbf_residual,89.494,102.61176470588235,90.75888782224914,1.2648878222491362,20,persistent,102Ah_45degC_1C_cell1,0,1
102Ah_45degC_1C_cell1,21,anchor_constant,89.036,102.61176470588235,102.61176470588235,13.57576470588235,20,persistent,102Ah_45degC_1C_cell1,0,1
102Ah_45degC_1C_cell1,21,age_ridge,89.036,102.61176470588235,88.92549849151179,-0.11050150848821261,20,persistent,102Ah_45degC_1C_cell1,0,1
102Ah_45degC_1C_cell1,21,fixed_window_ridge,89.036,102.61176470588235,88.95427464951518,-0.08172535048481677,20,persistent,102Ah_45degC_1C_cell1,0,1
102Ah_45degC_1C_cell1,21,mask_ridge,89.036,102.61176470588235,90.54253582855928,1.5065358285592794,20,persistent,102Ah_45degC_1C_cell1,0,1
102Ah_45degC_1C_cell1,21,within_cell_ratio_ridge,89.036,102.61176470588235,89.09291258253833,0.05691258253833098,20,persistent,102Ah_45degC_1C_cell1,0,1
102Ah_45degC_1C_cell1,21,rbf_residual,89.036,102.61176470588235,90.39130636022378,1.3553063602237785,20,persistent,102Ah_45degC_1C_cell1,0,1
102Ah_45degC_1C_cell1,22,anchor_constant,88.696,102.61176470588235,102.61176470588235,13.915764705882353,20,persistent,102Ah_45degC_1C_cell1,0,1
102Ah_45degC_1C_cell1,22,age_ridge,88.696,102.61176470588235,88.6951649235679,-0.0008350764320965709,20,persistent,102Ah_45degC_1C_cell1,0,1
102Ah_45degC_1C_cell1,22,fixed_window_ridge,88.696,102.61176470588235,88.66915021876116,-0.026849781238837522,20,persistent,102Ah_45degC_1C_cell1,0,1
102Ah_45degC_1C_cell1,22,mask_ridge,88.696,102.61176470588235,90.20812411861691,1.51212411861691,20,persistent,102Ah_45degC_1C_cell1,0,1
102Ah_45degC_1C_cell1,22,within_cell_ratio_ridge,88.696,102.61176470588235,88.80204482178108,0.10604482178108299,20,persistent,102Ah_45degC_1C_cell1,0,1
102Ah_45degC_1C_cell1,22,rbf_residual,88.696,102.61176470588235,89.86571906232,1.1697190623199987,20,persistent,102Ah_45degC_1C_cell1,0,1
102Ah_45degC_1C_cell1,23,anchor_constant,88.347,102.61176470588235,102.61176470588235,14.264764705882357,20,persistent,102Ah_45degC_1C_cell1,0,1
102Ah_45degC_1C_cell1,23,age_ridge,88.347,102.61176470588235,88.47393446782851,0.12693446782851936,20,persistent,102Ah_45degC_1C_cell1,0,1
102Ah_45degC_1C_cell1,23,fixed_window_ridge,88.347,102.61176470588235,88.3955764826234,0.048576482623403194,20,persistent,102Ah_45degC_1C_cell1,0,1
102Ah_45degC_1C_cell1,23,mask_ridge,88.347,102.61176470588235,75.95069268333388,-12.39630731666611,20,persistent,102Ah_45degC_1C_cell1,0,1
102Ah_45degC_1C_cell1,23,within_cell_ratio_ridge,88.347,102.61176470588235,88.52231869180558,0.175318691805586,20,persistent,102Ah_45degC_1C_cell1,0,1
102Ah_45degC_1C_cell1,23,rbf_residual,88.347,102.61176470588235,83.99773874096998,-4.3492612590300155,20,persistent,102Ah_45degC_1C_cell1,0,1
102Ah_45degC_1C_cell1,24,anchor_constant,88.0,102.61176470588235,102.61176470588235,14.61176470588235,20,persistent,102Ah_45degC_1C_cell1,0,1
102Ah_45degC_1C_cell1,24,age_ridge,88.0,102.61176470588235,88.26007736191063,0.260077361910632,20,persistent,102Ah_45degC_1C_cell1,0,1
102Ah_45degC_1C_cell1,24,fixed_window_ridge,88.0,102.61176470588235,88.13136307809998,0.13136307809998016,20,persistent,102Ah_45degC_1C_cell1,0,1
102Ah_45degC_1C_cell1,24,mask_ridge,88.0,102.61176470588235,89.57860980102558,1.5786098010255785,20,persistent,102Ah_45degC_1C_cell1,0,1
102Ah_45degC_1C_cell1,24,within_cell_ratio_ridge,88.0,102.61176470588235,88.25157459549216,0.25157459549215844,20,persistent,102Ah_45degC_1C_cell1,0,1
102Ah_45degC_1C_cell1,24,rbf_residual,88.0,102.61176470588235,89.30579569421509,1.3057956942150923,20,persistent,102Ah_45degC_1C_cell1,0,1
102Ah_45degC_1C_cell1,25,anchor_constant,87.625,102.61176470588235,102.61176470588235,14.98676470588235,20,persistent,102Ah_45degC_1C_cell1,0,1
102Ah_45degC_1C_cell1,25,age_ridge,87.625,102.61176470588235,88.04706430650714,0.42206430650713855,20,persistent,102Ah_45degC_1C_cell1,0,1
102Ah_45degC_1C_cell1,25,fixed_window_ridge,87.625,102.61176470588235,87.86843983373822,0.24343983373822198,20,persistent,102Ah_45degC_1C_cell1,0,1
102Ah_45degC_1C_cell1,25,mask_ridge,87.625,102.61176470588235,76.28230345530332,-11.342696544696679,20,persistent,102Ah_45degC_1C_cell1,0,1
102Ah_45degC_1C_cell1,25,within_cell_ratio_ridge,87.625,102.61176470588235,87.98159081375766,0.3565908137576628,20,persistent,102Ah_45degC_1C_cell1,0,1
102Ah_45degC_1C_cell1,25,rbf_residual,87.625,102.61176470588235,83.6281812480639,-3.996818751936104,20,persistent,102Ah_45degC_1C_cell1,0,1
102Ah_45degC_1C_cell1,26,anchor_constant,87.258,102.61176470588235,102.61176470588235,15.353764705882355,20,persistent,102Ah_45degC_1C_cell1,0,1
102Ah_45degC_1C_cell1,26,age_ridge,87.258,102.61176470588235,87.70217508880187,0.4441750888018703,20,persistent,102Ah_45degC_1C_cell1,0,1
102Ah_45degC_1C_cell1,26,fixed_window_ridge,87.258,102.61176470588235,89.12183155470231,1.8638315547023154,20,persistent,102Ah_45degC_1C_cell1,0,1
102Ah_45degC_1C_cell1,26,mask_ridge,87.258,102.61176470588235,74.58647808575847,-12.671521914241524,20,persistent,102Ah_45degC_1C_cell1,0,1
102Ah_45degC_1C_cell1,26,within_cell_ratio_ridge,87.258,102.61176470588235,89.27096031667527,2.012960316675276,20,persistent,102Ah_45degC_1C_cell1,0,1
102Ah_45degC_1C_cell1,26,rbf_residual,87.258,102.61176470588235,84.08528377472145,-3.172716225278549,20,persistent,102Ah_45degC_1C_cell1,0,1
102Ah_45degC_1C_cell1,27,anchor_constant,86.915,102.61176470588235,102.61176470588235,15.696764705882345,20,persistent,102Ah_45degC_1C_cell1,0,1
102Ah_45degC_1C_cell1,27,age_ridge,86.915,102.61176470588235,87.58311894779047,0.668118947790461,20,persistent,102Ah_45degC_1C_cell1,0,1
102Ah_45degC_1C_cell1,27,fixed_window_ridge,86.915,102.61176470588235,87.29658677997836,0.381586779978349,20,persistent,102Ah_45degC_1C_cell1,0,1
102Ah_45degC_1C_cell1,27,mask_ridge,86.915,102.61176470588235,75.96980667254485,-10.945193327455158,20,persistent,102Ah_45degC_1C_cell1,0,1
102Ah_45degC_1C_cell1,27,within_cell_ratio_ridge,86.915,102.61176470588235,87.3924891726304,0.47748917263039914,20,persistent,102Ah_45degC_1C_cell1,0,1
102Ah_45degC_1C_cell1,27,rbf_residual,86.915,102.61176470588235,83.05755025335725,-3.8574497466427573,20,persistent,102Ah_45degC_1C_cell1,0,1
102Ah_45degC_1C_cell1,28,anchor_constant,86.361,102.61176470588235,102.61176470588235,16.250764705882347,20,persistent,102Ah_45degC_1C_cell1,0,1
102Ah_45degC_1C_cell1,28,age_ridge,86.361,102.61176470588235,87.13394660755829,0.772946607558282,20,persistent,102Ah_45degC_1C_cell1,0,1
102Ah_45degC_1C_cell1,28,fixed_window_ridge,86.361,102.61176470588235,86.7439466329474,0.3829466329473945,20,persistent,102Ah_45degC_1C_cell1,0,1
102Ah_45degC_1C_cell1,28,mask_ridge,86.361,102.61176470588235,75.92710841244552,-10.433891587554484,20,persistent,102Ah_45degC_1C_cell1,0,1
102Ah_45degC_1C_cell1,28,within_cell_ratio_ridge,86.361,102.61176470588235,86.82079781193971,0.45979781193970837,20,persistent,102Ah_45degC_1C_cell1,0,1
102Ah_45degC_1C_cell1,28,rbf_residual,86.361,102.61176470588235,82.34931872191652,-4.011681278083486,20,persistent,102Ah_45degC_1C_cell1,0,1
102Ah_45degC_1C_cell1,29,anchor_constant,85.894,102.61176470588235,102.61176470588235,16.717764705882345,20,persistent,102Ah_45degC_1C_cell1,0,1
102Ah_45degC_1C_cell1,29,age_ridge,85.894,102.61176470588235,86.87662001432915,0.982620014329143,20,persistent,102Ah_45degC_1C_cell1,0,1
102Ah_45degC_1C_cell1,29,fixed_window_ridge,85.894,102.61176470588235,86.4277818364208,0.5337818364208005,20,persistent,102Ah_45degC_1C_cell1,0,1
102Ah_45degC_1C_cell1,29,mask_ridge,85.894,102.61176470588235,76.0160233386416,-9.877976661358403,20,persistent,102Ah_45degC_1C_cell1,0,1
102Ah_45degC_1C_cell1,29,within_cell_ratio_ridge,85.894,102.61176470588235,86.49271998593618,0.5987199859361709,20,persistent,102Ah_45degC_1C_cell1,0,1
102Ah_45degC_1C_cell1,29,rbf_residual,85.894,102.61176470588235,82.17629817337438,-3.7177018266256283,20,persistent,102Ah_45degC_1C_cell1,0,1
102Ah_45degC_1C_cell1,30,anchor_constant,85.512,102.61176470588235,102.61176470588235,17.09976470588235,20,persistent,102Ah_45degC_1C_cell1,0,1
102Ah_45degC_1C_cell1,30,age_ridge,85.512,102.61176470588235,86.68822797413361,1.1762279741336101,20,persistent,102Ah_45degC_1C_cell1,0,1
102Ah_45degC_1C_cell1,30,fixed_window_ridge,85.512,102.61176470588235,86.19650884638128,0.6845088463812772,20,persistent,102Ah_45degC_1C_cell1,0,1
102Ah_45degC_1C_cell1,30,mask_ridge,85.512,102.61176470588235,75.64881313420234,-9.863186865797658,20,persistent,102Ah_45degC_1C_cell1,0,1
102Ah_45degC_1C_cell1,30,within_cell_ratio_ridge,85.512,102.61176470588235,86.25227843763668,0.7402784376366753,20,persistent,102Ah_45degC_1C_cell1,0,1
102Ah_45degC_1C_cell1,30,rbf_residual,85.512,102.61176470588235,82.01664757337531,-3.4953524266246916,20,persistent,102Ah_45degC_1C_cell1,0,1
102Ah_55degC_1C_cell3,1,anchor_constant,98.15,102.83911764705883,102.83911764705883,4.689117647058822,20,persistent,102Ah_55degC_1C_cell3,0,1
102Ah_55degC_1C_cell3,1,age_ridge,98.15,102.83911764705883,100.36109835159556,2.2110983515955525,20,persistent,102Ah_55degC_1C_cell3,0,1
102Ah_55degC_1C_cell3,1,fixed_window_ridge,98.15,102.83911764705883,99.4214517743988,1.2714517743987983,20,persistent,102Ah_55degC_1C_cell3,0,1
102Ah_55degC_1C_cell3,1,mask_ridge,98.15,102.83911764705883,98.97393301028868,0.8239330102886697,20,persistent,102Ah_55degC_1C_cell3,0,1
102Ah_55degC_1C_cell3,1,within_cell_ratio_ridge,98.15,102.83911764705883,100.43231713643124,2.2823171364312316,20,persistent,102Ah_55degC_1C_cell3,0,1
102Ah_55degC_1C_cell3,1,rbf_residual,98.15,102.83911764705883,100.2752650334833,2.125265033483288,20,persistent,102Ah_55degC_1C_cell3,0,1
102Ah_55degC_1C_cell3,2,anchor_constant,97.002,102.83911764705883,102.83911764705883,5.837117647058832,20,persistent,102Ah_55degC_1C_cell3,0,1
102Ah_55degC_1C_cell3,2,age_ridge,97.002,102.83911764705883,99.6225455140002,2.6205455140001988,20,persistent,102Ah_55degC_1C_cell3,0,1
102Ah_55degC_1C_cell3,2,fixed_window_ridge,97.002,102.83911764705883,98.98093645345989,1.9789364534598946,20,persistent,102Ah_55degC_1C_cell3,0,1
102Ah_55degC_1C_cell3,2,mask_ridge,97.002,102.83911764705883,98.62765571935611,1.6256557193561179,20,persistent,102Ah_55degC_1C_cell3,0,1
102Ah_55degC_1C_cell3,2,within_cell_ratio_ridge,97.002,102.83911764705883,99.61920251098081,2.6172025109808175,20,persistent,102Ah_55degC_1C_cell3,0,1
102Ah_55degC_1C_cell3,2,rbf_residual,97.002,102.83911764705883,99.58509591528912,2.583095915289121,20,persistent,102Ah_55degC_1C_cell3,0,1
102Ah_55degC_1C_cell3,3,anchor_constant,93.692,102.83911764705883,102.83911764705883,9.147117647058835,20,persistent,102Ah_55degC_1C_cell3,0,1
102Ah_55degC_1C_cell3,3,age_ridge,93.692,102.83911764705883,96.97786552390043,3.2858655239004406,20,persistent,102Ah_55degC_1C_cell3,0,1
102Ah_55degC_1C_cell3,3,fixed_window_ridge,93.692,102.83911764705883,96.12455626339339,2.432556263393394,20,persistent,102Ah_55degC_1C_cell3,0,1
102Ah_55degC_1C_cell3,3,mask_ridge,93.692,102.83911764705883,95.5798645174538,1.8878645174538065,20,persistent,102Ah_55degC_1C_cell3,0,1
102Ah_55degC_1C_cell3,3,within_cell_ratio_ridge,93.692,102.83911764705883,97.2101657258239,3.5181657258239056,20,persistent,102Ah_55degC_1C_cell3,0,1
102Ah_55degC_1C_cell3,3,rbf_residual,93.692,102.83911764705883,96.85704266604667,3.1650426660466735,20,persistent,102Ah_55degC_1C_cell3,0,1
102Ah_55degC_1C_cell3,4,anchor_constant,93.086,102.83911764705883,102.83911764705883,9.75311764705883,20,persistent,102Ah_55degC_1C_cell3,0,1
102Ah_55degC_1C_cell3,4,age_ridge,93.086,102.83911764705883,96.60717380518858,3.5211738051885817,20,persistent,102Ah_55degC_1C_cell3,0,1
102Ah_55degC_1C_cell3,4,fixed_window_ridge,93.086,102.83911764705883,95.90048246579964,2.8144824657996423,20,persistent,102Ah_55degC_1C_cell3,0,1
102Ah_55degC_1C_cell3,4,mask_ridge,93.086,102.83911764705883,95.44997634904244,2.3639763490424457,20,persistent,102Ah_55degC_1C_cell3,0,1
102Ah_55degC_1C_cell3,4,within_cell_ratio_ridge,93.086,102.83911764705883,96.70348013409975,3.6174801340997504,20,persistent,102Ah_55degC_1C_cell3,0,1
102Ah_55degC_1C_cell3,4,rbf_residual,93.086,102.83911764705883,96.51100048271277,3.4250004827127754,20,persistent,102Ah_55degC_1C_cell3,0,1
102Ah_55degC_1C_cell3,5,anchor_constant,92.505,102.83911764705883,102.83911764705883,10.334117647058832,20,persistent,102Ah_55degC_1C_cell3,0,1
102Ah_55degC_1C_cell3,5,age_ridge,92.505,102.83911764705883,96.24656771638296,3.74156771638296,20,persistent,102Ah_55degC_1C_cell3,0,1
102Ah_55degC_1C_cell3,5,fixed_window_ridge,92.505,102.83911764705883,95.57692173133421,3.071921731334214,20,persistent,102Ah_55degC_1C_cell3,0,1
102Ah_55degC_1C_cell3,5,mask_ridge,92.505,102.83911764705883,95.13546141797441,2.6304614179744163,20,persistent,102Ah_55degC_1C_cell3,0,1
102Ah_55degC_1C_cell3,5,within_cell_ratio_ridge,92.505,102.83911764705883,96.37335031665273,3.8683503166527373,20,persistent,102Ah_55degC_1C_cell3,0,1
102Ah_55degC_1C_cell3,5,rbf_residual,92.505,102.83911764705883,96.06428817912342,3.5592881791234277,20,persistent,102Ah_55degC_1C_cell3,0,1
102Ah_55degC_1C_cell3,6,anchor_constant,91.953,102.83911764705883,102.83911764705883,10.886117647058825,20,persistent,102Ah_55degC_1C_cell3,0,1
102Ah_55degC_1C_cell3,6,age_ridge,91.953,102.83911764705883,95.8939039942887,3.9409039942887034,20,persistent,102Ah_55degC_1C_cell3,0,1
102Ah_55degC_1C_cell3,6,fixed_window_ridge,91.953,102.83911764705883,95.44415564286592,3.4911556428659196,20,persistent,102Ah_55degC_1C_cell3,0,1
102Ah_55degC_1C_cell3,6,mask_ridge,91.953,102.83911764705883,95.10907327393316,3.15607327393316,20,persistent,102Ah_55degC_1C_cell3,0,1
102Ah_55degC_1C_cell3,6,within_cell_ratio_ridge,91.953,102.83911764705883,96.06125893076856,4.108258930768557,20,persistent,102Ah_55degC_1C_cell3,0,1
102Ah_55degC_1C_cell3,6,rbf_residual,91.953,102.83911764705883,95.86152996782886,3.908529967828855,20,persistent,102Ah_55degC_1C_cell3,0,1
102Ah_55degC_1C_cell3,7,anchor_constant,91.407,102.83911764705883,102.83911764705883,11.432117647058831,20,persistent,102Ah_55degC_1C_cell3,0,1
102Ah_55degC_1C_cell3,7,age_ridge,91.407,102.83911764705883,95.4882502090663,4.081250209066297,20,persistent,102Ah_55degC_1C_cell3,0,1
102Ah_55degC_1C_cell3,7,fixed_window_ridge,91.407,102.83911764705883,95.18540865228381,3.778408652283815,20,persistent,102Ah_55degC_1C_cell3,0,1
102Ah_55degC_1C_cell3,7,mask_ridge,91.407,102.83911764705883,94.924567303995,3.5175673039950084,20,persistent,102Ah_55degC_1C_cell3,0,1
102Ah_55degC_1C_cell3,7,within_cell_ratio_ridge,91.407,102.83911764705883,95.56337252404948,4.1563725240494875,20,persistent,102Ah_55degC_1C_cell3,0,1
102Ah_55degC_1C_cell3,7,rbf_residual,91.407,102.83911764705883,95.44057697931301,4.033576979313011,20,persistent,102Ah_55degC_1C_cell3,0,1
102Ah_55degC_1C_cell3,8,anchor_constant,90.846,102.83911764705883,102.83911764705883,11.993117647058824,20,persistent,102Ah_55degC_1C_cell3,0,1
102Ah_55degC_1C_cell3,8,age_ridge,90.846,102.83911764705883,95.16759001721988,4.321590017219876,20,persistent,102Ah_55degC_1C_cell3,0,1
102Ah_55degC_1C_cell3,8,fixed_window_ridge,90.846,102.83911764705883,94.89736555149354,4.051365551493532,20,persistent,102Ah_55degC_1C_cell3,0,1
102Ah_55degC_1C_cell3,8,mask_ridge,90.846,102.83911764705883,94.65346908549725,3.807469085497246,20,persistent,102Ah_55degC_1C_cell3,0,1
102Ah_55degC_1C_cell3,8,within_cell_ratio_ridge,90.846,102.83911764705883,95.29321880318587,4.447218803185862,20,persistent,102Ah_55degC_1C_cell3,0,1
102Ah_55degC_1C_cell3,8,rbf_residual,90.846,102.83911764705883,95.05865288971994,4.212652889719934,20,persistent,102Ah_55degC_1C_cell3,0,1
102Ah_55degC_1C_cell3,9,anchor_constant,90.301,102.83911764705883,102.83911764705883,12.538117647058826,20,persistent,102Ah_55degC_1C_cell3,0,1
102Ah_55degC_1C_cell3,9,age_ridge,90.301,102.83911764705883,94.85478646315822,4.553786463158218,20,persistent,102Ah_55degC_1C_cell3,0,1
102Ah_55degC_1C_cell3,9,fixed_window_ridge,90.301,102.83911764705883,94.77170565653594,4.470705656535941,20,persistent,102Ah_55degC_1C_cell3,0,1
102Ah_55degC_1C_cell3,9,mask_ridge,90.301,102.83911764705883,94.61579629263986,4.314796292639855,20,persistent,102Ah_55degC_1C_cell3,0,1
102Ah_55degC_1C_cell3,9,within_cell_ratio_ridge,90.301,102.83911764705883,94.99684333339144,4.695843333391437,20,persistent,102Ah_55degC_1C_cell3,0,1
102Ah_55degC_1C_cell3,9,rbf_residual,90.301,102.83911764705883,94.9511880757422,4.650188075742193,20,persistent,102Ah_55degC_1C_cell3,0,1
102Ah_55degC_1C_cell3,10,anchor_constant,89.744,102.83911764705883,102.83911764705883,13.095117647058828,20,persistent,102Ah_55degC_1C_cell3,0,1
102Ah_55degC_1C_cell3,10,age_ridge,89.744,102.83911764705883,94.5444267475978,4.800426747597797,20,persistent,102Ah_55degC_1C_cell3,0,1
102Ah_55degC_1C_cell3,10,fixed_window_ridge,89.744,102.83911764705883,94.42004905753556,4.676049057535565,20,persistent,102Ah_55degC_1C_cell3,0,1
102Ah_55degC_1C_cell3,10,mask_ridge,89.744,102.83911764705883,94.23016512207481,4.486165122074809,20,persistent,102Ah_55degC_1C_cell3,0,1
102Ah_55degC_1C_cell3,10,within_cell_ratio_ridge,89.744,102.83911764705883,94.8030196616124,5.059019661612396,20,persistent,102Ah_55degC_1C_cell3,0,1
102Ah_55degC_1C_cell3,10,rbf_residual,89.744,102.83911764705883,94.6826693984058,4.938669398405807,20,persistent,102Ah_55degC_1C_cell3,0,1
102Ah_55degC_1C_cell3,11,anchor_constant,89.204,102.83911764705883,102.83911764705883,13.635117647058834,20,persistent,102Ah_55degC_1C_cell3,0,1
102Ah_55degC_1C_cell3,11,age_ridge,89.204,102.83911764705883,94.24488927758112,5.04088927758113,20,persistent,102Ah_55degC_1C_cell3,0,1
102Ah_55degC_1C_cell3,11,fixed_window_ridge,89.204,102.83911764705883,94.16400612780902,4.960006127809024,20,persistent,102Ah_55degC_1C_cell3,0,1
102Ah_55degC_1C_cell3,11,mask_ridge,89.204,102.83911764705883,94.02309110857863,4.8190911085786325,20,persistent,102Ah_55degC_1C_cell3,0,1
102Ah_55degC_1C_cell3,11,within_cell_ratio_ridge,89.204,102.83911764705883,94.37121456653674,5.167214566536742,20,persistent,102Ah_55degC_1C_cell3,0,1
102Ah_55degC_1C_cell3,11,rbf_residual,89.204,102.83911764705883,94.16524212976064,4.961242129760649,20,persistent,102Ah_55degC_1C_cell3,0,1
102Ah_55degC_1C_cell3,12,anchor_constant,88.661,102.83911764705883,102.83911764705883,14.178117647058826,20,persistent,102Ah_55degC_1C_cell3,0,1
102Ah_55degC_1C_cell3,12,age_ridge,88.661,102.83911764705883,93.94659182856847,5.285591828568471,20,persistent,102Ah_55degC_1C_cell3,0,1
102Ah_55degC_1C_cell3,12,fixed_window_ridge,88.661,102.83911764705883,93.95297583312556,5.291975833125562,20,persistent,102Ah_55degC_1C_cell3,0,1
102Ah_55degC_1C_cell3,12,mask_ridge,88.661,102.83911764705883,93.86000169921113,5.199001699211124,20,persistent,102Ah_55degC_1C_cell3,0,1
102Ah_55degC_1C_cell3,12,within_cell_ratio_ridge,88.661,102.83911764705883,94.11071755852346,5.44971755852346,20,persistent,102Ah_55degC_1C_cell3,0,1
102Ah_55degC_1C_cell3,12,rbf_residual,88.661,102.83911764705883,94.04418439686972,5.383184396869723,20,persistent,102Ah_55degC_1C_cell3,0,1
102Ah_55degC_1C_cell3,13,anchor_constant,88.039,102.83911764705883,102.83911764705883,14.800117647058826,20,persistent,102Ah_55degC_1C_cell3,0,1
102Ah_55degC_1C_cell3,13,age_ridge,88.039,102.83911764705883,93.3606909100245,5.3216909100245005,20,persistent,102Ah_55degC_1C_cell3,0,1
102Ah_55degC_1C_cell3,13,fixed_window_ridge,88.039,102.83911764705883,93.32491375917638,5.285913759176381,20,persistent,102Ah_55degC_1C_cell3,0,1
102Ah_55degC_1C_cell3,13,mask_ridge,88.039,102.83911764705883,93.22331558656106,5.1843155865610555,20,persistent,102Ah_55degC_1C_cell3,0,1
102Ah_55degC_1C_cell3,13,within_cell_ratio_ridge,88.039,102.83911764705883,93.57516716352846,5.536167163528461,20,persistent,102Ah_55degC_1C_cell3,0,1
102Ah_55degC_1C_cell3,13,rbf_residual,88.039,102.83911764705883,93.50841563281188,5.469415632811874,20,persistent,102Ah_55degC_1C_cell3,0,1
102Ah_55degC_1C_cell3,14,anchor_constant,87.512,102.83911764705883,102.83911764705883,15.327117647058827,20,persistent,102Ah_55degC_1C_cell3,0,1
102Ah_55degC_1C_cell3,14,age_ridge,87.512,102.83911764705883,93.07587728826626,5.563877288266255,20,persistent,102Ah_55degC_1C_cell3,0,1
102Ah_55degC_1C_cell3,14,fixed_window_ridge,87.512,102.83911764705883,93.3408756592051,5.828875659205096,20,persistent,102Ah_55degC_1C_cell3,0,1
102Ah_55degC_1C_cell3,14,mask_ridge,87.512,102.83911764705883,93.38661671491636,5.874616714916357,20,persistent,102Ah_55degC_1C_cell3,0,1
102Ah_55degC_1C_cell3,14,within_cell_ratio_ridge,87.512,102.83911764705883,93.18597728004613,5.673977280046131,20,persistent,102Ah_55degC_1C_cell3,0,1
102Ah_55degC_1C_cell3,14,rbf_residual,87.512,102.83911764705883,93.03826929879136,5.526269298791362,20,persistent,102Ah_55degC_1C_cell3,0,1
102Ah_55degC_1C_cell3,15,anchor_constant,86.962,102.83911764705883,102.83911764705883,15.877117647058824,20,persistent,102Ah_55degC_1C_cell3,0,1
102Ah_55degC_1C_cell3,15,age_ridge,86.962,102.83911764705883,92.79923930547994,5.83723930547994,20,persistent,102Ah_55degC_1C_cell3,0,1
102Ah_55degC_1C_cell3,15,fixed_window_ridge,86.962,102.83911764705883,93.10910533780705,6.147105337807048,20,persistent,102Ah_55degC_1C_cell3,0,1
102Ah_55degC_1C_cell3,15,mask_ridge,86.962,102.83911764705883,93.17681395105629,6.214813951056286,20,persistent,102Ah_55degC_1C_cell3,0,1
102Ah_55degC_1C_cell3,15,within_cell_ratio_ridge,86.962,102.83911764705883,92.94192353697636,5.979923536976358,20,persistent,102Ah_55degC_1C_cell3,0,1
102Ah_55degC_1C_cell3,15,rbf_residual,86.962,102.83911764705883,92.96662108778574,6.004621087785736,20,persistent,102Ah_55degC_1C_cell3,0,1
102Ah_55degC_1C_cell3,16,anchor_constant,86.38,102.83911764705883,102.83911764705883,16.459117647058832,20,persistent,102Ah_55degC_1C_cell3,0,1
102Ah_55degC_1C_cell3,16,age_ridge,86.38,102.83911764705883,92.52224591018611,6.142245910186119,20,persistent,102Ah_55degC_1C_cell3,0,1
102Ah_55degC_1C_cell3,16,fixed_window_ridge,86.38,102.83911764705883,91.72244584255246,5.342445842552465,20,persistent,102Ah_55degC_1C_cell3,0,1
102Ah_55degC_1C_cell3,16,mask_ridge,86.38,102.83911764705883,91.32496550204246,4.944965502042464,20,persistent,102Ah_55degC_1C_cell3,0,1
102Ah_55degC_1C_cell3,16,within_cell_ratio_ridge,86.38,102.83911764705883,92.85079673149386,6.470796731493863,20,persistent,102Ah_55degC_1C_cell3,0,1
102Ah_55degC_1C_cell3,16,rbf_residual,86.38,102.83911764705883,92.22364394573474,5.84364394573474,20,persistent,102Ah_55degC_1C_cell3,0,1
102Ah_55degC_1C_cell3,17,anchor_constant,85.815,102.83911764705883,102.83911764705883,17.02411764705883,20,persistent,102Ah_55degC_1C_cell3,0,1
102Ah_55degC_1C_cell3,17,age_ridge,85.815,102.83911764705883,92.2528588962747,6.4378588962747045,20,persistent,102Ah_55degC_1C_cell3,0,1
102Ah_55degC_1C_cell3,17,fixed_window_ridge,85.815,102.83911764705883,92.51055943332949,6.6955594333294925,20,persistent,102Ah_55degC_1C_cell3,0,1
102Ah_55degC_1C_cell3,17,mask_ridge,85.815,102.83911764705883,92.58933179423173,6.774331794231728,20,persistent,102Ah_55degC_1C_cell3,0,1
102Ah_55degC_1C_cell3,17,within_cell_ratio_ridge,85.815,102.83911764705883,92.3846454894254,6.5696454894253975,20,persistent,102Ah_55degC_1C_cell3,0,1
102Ah_55degC_1C_cell3,17,rbf_residual,85.815,102.83911764705883,92.20105894151168,6.386058941511678,20,persistent,102Ah_55degC_1C_cell3,0,1
102Ah_55degC_1C_cell3,18,anchor_constant,85.108,102.83911764705883,102.83911764705883,17.731117647058824,20,persistent,102Ah_55degC_1C_cell3,0,1
102Ah_55degC_1C_cell3,18,age_ridge,85.108,102.83911764705883,91.98290225740787,6.874902257407868,20,persistent,102Ah_55degC_1C_cell3,0,1
102Ah_55degC_1C_cell3,18,fixed_window_ridge,85.108,102.83911764705883,92.3410018401814,7.233001840181402,20,persistent,102Ah_55degC_1C_cell3,0,1
102Ah_55degC_1C_cell3,18,mask_ridge,85.108,102.83911764705883,92.46398042559795,7.355980425597949,20,persistent,102Ah_55degC_1C_cell3,0,1
102Ah_55degC_1C_cell3,18,within_cell_ratio_ridge,85.108,102.83911764705883,92.10942979433077,7.001429794330761,20,persistent,102Ah_55degC_1C_cell3,0,1
102Ah_55degC_1C_cell3,18,rbf_residual,85.108,102.83911764705883,91.96433039600839,6.856330396008389,20,persistent,102Ah_55degC_1C_cell3,0,1
102Ah_55degC_1C_cell3,19,anchor_constant,84.207,102.83911764705883,102.83911764705883,18.632117647058834,20,persistent,102Ah_55degC_1C_cell3,0,1
102Ah_55degC_1C_cell3,19,age_ridge,84.207,102.83911764705883,91.58557313863184,7.37857313863185,20,persistent,102Ah_55degC_1C_cell3,0,1
102Ah_55degC_1C_cell3,19,fixed_window_ridge,84.207,102.83911764705883,91.96579147813804,7.7587914781380505,20,persistent,102Ah_55degC_1C_cell3,0,1
102Ah_55degC_1C_cell3,19,mask_ridge,84.207,102.83911764705883,92.1257087206122,7.9187087206122015,20,persistent,102Ah_55degC_1C_cell3,0,1
102Ah_55degC_1C_cell3,19,within_cell_ratio_ridge,84.207,102.83911764705883,91.72500634755073,7.518006347550738,20,persistent,102Ah_55degC_1C_cell3,0,1
102Ah_55degC_1C_cell3,19,rbf_residual,84.207,102.83911764705883,91.54428705598042,7.3372870559804255,20,persistent,102Ah_55degC_1C_cell3,0,1
102Ah_55degC_1C_cell3,20,anchor_constant,83.035,102.83911764705883,102.83911764705883,19.80411764705883,20,persistent,102Ah_55degC_1C_cell3,0,1
102Ah_55degC_1C_cell3,20,age_ridge,83.035,102.83911764705883,91.3237594503608,8.2887594503608,20,persistent,102Ah_55degC_1C_cell3,0,1
102Ah_55degC_1C_cell3,20,fixed_window_ridge,83.035,102.83911764705883,91.69328065701148,8.658280657011488,20,persistent,102Ah_55degC_1C_cell3,0,1
102Ah_55degC_1C_cell3,20,mask_ridge,83.035,102.83911764705883,91.83998138449591,8.804981384495917,20,persistent,102Ah_55degC_1C_cell3,0,1
102Ah_55degC_1C_cell3,20,within_cell_ratio_ridge,83.035,102.83911764705883,91.50304375175396,8.468043751753967,20,persistent,102Ah_55degC_1C_cell3,0,1
102Ah_55degC_1C_cell3,20,rbf_residual,83.035,102.83911764705883,91.56170817698995,8.526708176989956,20,persistent,102Ah_55degC_1C_cell3,0,1
102Ah_55degC_1C_cell3,21,anchor_constant,81.814,102.83911764705883,102.83911764705883,21.025117647058835,20,persistent,102Ah_55degC_1C_cell3,0,1
102Ah_55degC_1C_cell3,21,age_ridge,81.814,102.83911764705883,91.06963739001651,9.255637390016517,20,persistent,102Ah_55degC_1C_cell3,0,1
102Ah_55degC_1C_cell3,21,fixed_window_ridge,81.814,102.83911764705883,91.52431997117026,9.710319971170264,20,persistent,102Ah_55degC_1C_cell3,0,1
102Ah_55degC_1C_cell3,21,mask_ridge,81.814,102.83911764705883,91.7375060378086,9.923506037808608,20,persistent,102Ah_55degC_1C_cell3,0,1
102Ah_55degC_1C_cell3,21,within_cell_ratio_ridge,81.814,102.83911764705883,91.20938689576651,9.39538689576652,20,persistent,102Ah_55degC_1C_cell3,0,1
102Ah_55degC_1C_cell3,21,rbf_residual,81.814,102.83911764705883,91.04208614573727,9.22808614573728,20,persistent,102Ah_55degC_1C_cell3,0,1
102Ah_55degC_1C_cell3,22,anchor_constant,80.494,102.83911764705883,102.83911764705883,22.345117647058828,20,persistent,102Ah_55degC_1C_cell3,0,1
102Ah_55degC_1C_cell3,22,age_ridge,80.494,102.83911764705883,90.81562299637493,10.321622996374927,20,persistent,102Ah_55degC_1C_cell3,0,1
102Ah_55degC_1C_cell3,22,fixed_window_ridge,80.494,102.83911764705883,91.25321371767222,10.759213717672225,20,persistent,102Ah_55degC_1C_cell3,0,1
102Ah_55degC_1C_cell3,22,mask_ridge,80.494,102.83911764705883,91.45436814384684,10.960368143846836,20,persistent,102Ah_55degC_1C_cell3,0,1
102Ah_55degC_1C_cell3,22,within_cell_ratio_ridge,80.494,102.83911764705883,90.99989274731205,10.505892747312046,20,persistent,102Ah_55degC_1C_cell3,0,1
102Ah_55degC_1C_cell3,22,rbf_residual,80.494,102.83911764705883,91.00301265058205,10.50901265058205,20,persistent,102Ah_55degC_1C_cell3,0,1
102Ah_55degC_1C_cell3,23,anchor_constant,79.116,102.83911764705883,102.83911764705883,23.723117647058828,20,persistent,102Ah_55degC_1C_cell3,0,1
102Ah_55degC_1C_cell3,23,age_ridge,79.116,102.83911764705883,90.56920922497537,11.453209224975367,20,persistent,102Ah_55degC_1C_cell3,0,1
102Ah_55degC_1C_cell3,23,fixed_window_ridge,79.116,102.83911764705883,91.13609299770329,12.020092997703287,20,persistent,102Ah_55degC_1C_cell3,0,1
102Ah_55degC_1C_cell3,23,mask_ridge,79.116,102.83911764705883,91.40445813253693,12.288458132536931,20,persistent,102Ah_55degC_1C_cell3,0,1
102Ah_55degC_1C_cell3,23,within_cell_ratio_ridge,79.116,102.83911764705883,90.79126422442624,11.675264224426243,20,persistent,102Ah_55degC_1C_cell3,0,1
102Ah_55degC_1C_cell3,23,rbf_residual,79.116,102.83911764705883,90.98086799864204,11.86486799864204,20,persistent,102Ah_55degC_1C_cell3,0,1
102Ah_55degC_1C_cell3,24,anchor_constant,77.658,102.83911764705883,102.83911764705883,25.181117647058826,20,persistent,102Ah_55degC_1C_cell3,0,1
102Ah_55degC_1C_cell3,24,age_ridge,77.658,102.83911764705883,90.32663561215372,12.668635612153722,20,persistent,102Ah_55degC_1C_cell3,0,1
102Ah_55degC_1C_cell3,24,fixed_window_ridge,77.658,102.83911764705883,90.82748493107658,13.169484931076582,20,persistent,102Ah_55degC_1C_cell3,0,1
102Ah_55degC_1C_cell3,24,mask_ridge,77.658,102.83911764705883,91.0675407536777,13.409540753677703,20,persistent,102Ah_55degC_1C_cell3,0,1
102Ah_55degC_1C_cell3,24,within_cell_ratio_ridge,77.658,102.83911764705883,90.60942049401773,12.951420494017725,20,persistent,102Ah_55degC_1C_cell3,0,1
102Ah_55degC_1C_cell3,24,rbf_residual,77.658,102.83911764705883,90.71940879706347,13.061408797063464,20,persistent,102Ah_55degC_1C_cell3,0,1
102Ah_55degC_1C_cell3,25,anchor_constant,76.068,102.83911764705883,102.83911764705883,26.77111764705883,20,persistent,102Ah_55degC_1C_cell3,0,1
102Ah_55degC_1C_cell3,25,age_ridge,76.068,102.83911764705883,90.07721137907416,14.00921137907416,20,persistent,102Ah_55degC_1C_cell3,0,1
102Ah_55degC_1C_cell3,25,fixed_window_ridge,76.068,102.83911764705883,90.55675096296046,14.488750962960466,20,persistent,102Ah_55degC_1C_cell3,0,1
102Ah_55degC_1C_cell3,25,mask_ridge,76.068,102.83911764705883,90.81115217748423,14.743152177484234,20,persistent,102Ah_55degC_1C_cell3,0,1
102Ah_55degC_1C_cell3,25,within_cell_ratio_ridge,76.068,102.83911764705883,90.38481335950334,14.316813359503342,20,persistent,102Ah_55degC_1C_cell3,0,1
102Ah_55degC_1C_cell3,25,rbf_residual,76.068,102.83911764705883,90.45759933510628,14.389599335106283,20,persistent,102Ah_55degC_1C_cell3,0,1
102Ah_55degC_1C_cell3,26,anchor_constant,74.402,102.83911764705883,102.83911764705883,28.437117647058827,20,persistent,102Ah_55degC_1C_cell3,0,1
102Ah_55degC_1C_cell3,26,age_ridge,74.402,102.83911764705883,89.80606187098583,15.404061870985828,20,persistent,102Ah_55degC_1C_cell3,0,1
102Ah_55degC_1C_cell3,26,fixed_window_ridge,74.402,102.83911764705883,90.32840451644373,15.926404516443725,20,persistent,102Ah_55degC_1C_cell3,0,1
102Ah_55degC_1C_cell3,26,mask_ridge,74.402,102.83911764705883,90.6163209336239,16.214320933623895,20,persistent,102Ah_55degC_1C_cell3,0,1
102Ah_55degC_1C_cell3,26,within_cell_ratio_ridge,74.402,102.83911764705883,90.11262680918341,15.71062680918341,20,persistent,102Ah_55degC_1C_cell3,0,1
102Ah_55degC_1C_cell3,26,rbf_residual,74.402,102.83911764705883,90.19715730878359,15.795157308783587,20,persistent,102Ah_55degC_1C_cell3,0,1
102Ah_55degC_1C_cell3,27,anchor_constant,72.733,102.83911764705883,102.83911764705883,30.106117647058824,20,persistent,102Ah_55degC_1C_cell3,0,1
102Ah_55degC_1C_cell3,27,age_ridge,72.733,102.83911764705883,89.18037100318584,16.447371003185836,20,persistent,102Ah_55degC_1C_cell3,0,1
102Ah_55degC_1C_cell3,27,fixed_window_ridge,72.733,102.83911764705883,89.66561861942745,16.932618619427444,20,persistent,102Ah_55degC_1C_cell3,0,1
102Ah_55degC_1C_cell3,27,mask_ridge,72.733,102.83911764705883,89.95897220956175,17.225972209561746,20,persistent,102Ah_55degC_1C_cell3,0,1
102Ah_55degC_1C_cell3,27,within_cell_ratio_ridge,72.733,102.83911764705883,89.52129493442868,16.788294934428677,20,persistent,102Ah_55degC_1C_cell3,0,1
102Ah_55degC_1C_cell3,27,rbf_residual,72.733,102.83911764705883,89.5355054638011,16.802505463801097,20,persistent,102Ah_55degC_1C_cell3,0,1
102Ah_55degC_1C_cell3,28,anchor_constant,71.205,102.83911764705883,102.83911764705883,31.63411764705883,20,persistent,102Ah_55degC_1C_cell3,0,1
102Ah_55degC_1C_cell3,28,age_ridge,71.205,102.83911764705883,88.95503142166226,17.750031421662257,20,persistent,102Ah_55degC_1C_cell3,0,1
102Ah_55degC_1C_cell3,28,fixed_window_ridge,71.205,102.83911764705883,89.59154874065962,18.38654874065962,20,persistent,102Ah_55degC_1C_cell3,0,1
102Ah_55degC_1C_cell3,28,mask_ridge,71.205,102.83911764705883,89.96341947374097,18.75841947374097,20,persistent,102Ah_55degC_1C_cell3,0,1
102Ah_55degC_1C_cell3,28,within_cell_ratio_ridge,71.205,102.83911764705883,89.30270906484543,18.097709064845432,20,persistent,102Ah_55degC_1C_cell3,0,1
102Ah_55degC_1C_cell3,28,rbf_residual,71.205,102.83911764705883,89.38934260300849,18.18434260300849,20,persistent,102Ah_55degC_1C_cell3,0,1
102Ah_55degC_1C_cell3,29,anchor_constant,69.634,102.83911764705883,102.83911764705883,33.20511764705883,20,persistent,102Ah_55degC_1C_cell3,0,1
102Ah_55degC_1C_cell3,29,age_ridge,69.634,102.83911764705883,88.73019022616137,19.09619022616137,20,persistent,102Ah_55degC_1C_cell3,0,1
102Ah_55degC_1C_cell3,29,fixed_window_ridge,69.634,102.83911764705883,89.41488087888186,19.78088087888186,20,persistent,102Ah_55degC_1C_cell3,0,1
102Ah_55degC_1C_cell3,29,mask_ridge,69.634,102.83911764705883,89.8228742229489,20.188874222948897,20,persistent,102Ah_55degC_1C_cell3,0,1
102Ah_55degC_1C_cell3,29,within_cell_ratio_ridge,69.634,102.83911764705883,89.12294808477873,19.488948084778727,20,persistent,102Ah_55degC_1C_cell3,0,1
102Ah_55degC_1C_cell3,29,rbf_residual,69.634,102.83911764705883,88.80779576026325,19.173795760263246,20,persistent,102Ah_55degC_1C_cell3,0,1
102Ah_55degC_1C_cell3,30,anchor_constant,68.083,102.83911764705883,102.83911764705883,34.75611764705883,20,persistent,102Ah_55degC_1C_cell3,0,1
102Ah_55degC_1C_cell3,30,age_ridge,68.083,102.83911764705883,88.42455058110306,20.341550581103064,20,persistent,102Ah_55degC_1C_cell3,0,1
102Ah_55degC_1C_cell3,30,fixed_window_ridge,68.083,102.83911764705883,89.16413691272713,21.081136912727132,20,persistent,102Ah_55degC_1C_cell3,0,1
102Ah_55degC_1C_cell3,30,mask_ridge,68.083,102.83911764705883,89.64398664920728,21.56098664920728,20,persistent,102Ah_55degC_1C_cell3,0,1
102Ah_55degC_1C_cell3,30,within_cell_ratio_ridge,68.083,102.83911764705883,88.70436040175122,20.621360401751218,20,persistent,102Ah_55degC_1C_cell3,0,1
102Ah_55degC_1C_cell3,30,rbf_residual,68.083,102.83911764705883,88.47492489832324,20.39192489832324,20,persistent,102Ah_55degC_1C_cell3,0,1
