cell_id,target_ordinal,method,target_soh_pp,anchor_soh_pp,pred_soh_pp,error_pp,budget_Ah,history_mode,held_cell,w01_visible,w03_visible
102Ah_25degC_0p5C_cell3,1,anchor_constant,100.57,102.13637254901961,102.13637254901961,1.5663725490196185,20,persistent,102Ah_25degC_0p5C_cell3,0,1
102Ah_25degC_0p5C_cell3,1,age_ridge,100.57,102.13637254901961,96.75743574425542,-3.812564255744576,20,persistent,102Ah_25degC_0p5C_cell3,0,1
102Ah_25degC_0p5C_cell3,1,fixed_window_ridge,100.57,102.13637254901961,95.84792804180562,-4.722071958194377,20,persistent,102Ah_25degC_0p5C_cell3,0,1
102Ah_25degC_0p5C_cell3,1,mask_ridge,100.57,102.13637254901961,94.55617517193534,-6.0138248280646565,20,persistent,102Ah_25degC_0p5C_cell3,0,1
102Ah_25degC_0p5C_cell3,1,within_cell_ratio_ridge,100.57,102.13637254901961,96.6393001619018,-3.9306998380981923,20,persistent,102Ah_25degC_0p5C_cell3,0,1
102Ah_25degC_0p5C_cell3,1,rbf_residual,100.57,102.13637254901961,98.70338587431429,-1.8666141256857003,20,persistent,102Ah_25degC_0p5C_cell3,0,1
102Ah_25degC_0p5C_cell3,2,anchor_constant,99.885,102.13637254901961,102.13637254901961,2.2513725490196066,20,persistent,102Ah_25degC_0p5C_cell3,0,1
102Ah_25degC_0p5C_cell3,2,age_ridge,99.885,102.13637254901961,95.93491276346914,-3.9500872365308624,20,persistent,102Ah_25degC_0p5C_cell3,0,1
102Ah_25degC_0p5C_cell3,2,fixed_window_ridge,99.885,102.13637254901961,95.04756274483778,-4.837437255162229,20,persistent,102Ah_25degC_0p5C_cell3,0,1
102Ah_25degC_0p5C_cell3,2,mask_ridge,99.885,102.13637254901961,93.78975852784215,-6.095241472157852,20,persistent,102Ah_25degC_0p5C_cell3,0,1
102Ah_25degC_0p5C_cell3,2,within_cell_ratio_ridge,99.885,102.13637254901961,95.80514231657546,-4.0798576834245495,20,persistent,102Ah_25degC_0p5C_cell3,0,1
102Ah_25degC_0p5C_cell3,2,rbf_residual,99.885,102.13637254901961,97.66663185750488,-2.218368142495123,20,persistent,102Ah_25degC_0p5C_cell3,0,1
102Ah_25degC_0p5C_cell3,3,anchor_constant,99.386,102.13637254901961,102.13637254901961,2.750372549019616,20,persistent,102Ah_25degC_0p5C_cell3,0,1
102Ah_25degC_0p5C_cell3,3,age_ridge,99.386,102.13637254901961,95.317769775907,-4.068230224093,20,persistent,102Ah_25degC_0p5C_cell3,0,1
102Ah_25degC_0p5C_cell3,3,fixed_window_ridge,99.386,102.13637254901961,94.42425598830776,-4.9617440116922324,20,persistent,102Ah_25degC_0p5C_cell3,0,1
102Ah_25degC_0p5C_cell3,3,mask_ridge,99.386,102.13637254901961,93.2739099167905,-6.112090083209495,20,persistent,102Ah_25degC_0p5C_cell3,0,1
102Ah_25degC_0p5C_cell3,3,within_cell_ratio_ridge,99.386,102.13637254901961,95.28973135412976,-4.096268645870239,20,persistent,102Ah_25degC_0p5C_cell3,0,1
102Ah_25degC_0p5C_cell3,3,rbf_residual,99.386,102.13637254901961,97.04687633848735,-2.3391236615126445,20,persistent,102Ah_25degC_0p5C_cell3,0,1
102Ah_25degC_0p5C_cell3,4,anchor_constant,98.994,102.13637254901961,102.13637254901961,3.142372549019612,20,persistent,102Ah_25degC_0p5C_cell3,0,1
102Ah_25degC_0p5C_cell3,4,age_ridge,98.994,102.13637254901961,94.79189365207161,-4.202106347928392,20,persistent,102Ah_25degC_0p5C_cell3,0,1
102Ah_25degC_0p5C_cell3,4,fixed_window_ridge,98.994,102.13637254901961,93.90529150807134,-5.0887084919286565,20,persistent,102Ah_25degC_0p5C_cell3,0,1
102Ah_25degC_0p5C_cell3,4,mask_ridge,98.994,102.13637254901961,92.7621500474633,-6.231849952536706,20,persistent,102Ah_25degC_0p5C_cell3,0,1
102Ah_25degC_0p5C_cell3,4,within_cell_ratio_ridge,98.994,102.13637254901961,94.7859666333455,-4.2080333666545044,20,persistent,102Ah_25degC_0p5C_cell3,0,1
102Ah_25degC_0p5C_cell3,4,rbf_residual,98.994,102.13637254901961,96.49149065553036,-2.502509344469644,20,persistent,102Ah_25degC_0p5C_cell3,0,1
102Ah_25degC_0p5C_cell3,5,anchor_constant,98.602,102.13637254901961,102.13637254901961,3.534372549019608,20,persistent,102Ah_25degC_0p5C_cell3,0,1
102Ah_25degC_0p5C_cell3,5,age_ridge,98.602,102.13637254901961,94.3387994211658,-4.263200578834201,20,persistent,102Ah_25degC_0p5C_cell3,0,1
102Ah_25degC_0p5C_cell3,5,fixed_window_ridge,98.602,102.13637254901961,93.56978000952448,-5.032219990475525,20,persistent,102Ah_25degC_0p5C_cell3,0,1
102Ah_25degC_0p5C_cell3,5,mask_ridge,98.602,102.13637254901961,91.84819877876714,-6.753801221232862,20,persistent,102Ah_25degC_0p5C_cell3,0,1
102Ah_25degC_0p5C_cell3,5,within_cell_ratio_ridge,98.602,102.13637254901961,93.78796618843026,-4.814033811569743,20,persistent,102Ah_25degC_0p5C_cell3,0,1
102Ah_25degC_0p5C_cell3,5,rbf_residual,98.602,102.13637254901961,96.0111130021789,-2.5908869978211015,20,persistent,102Ah_25degC_0p5C_cell3,0,1
102Ah_25degC_0p5C_cell3,6,anchor_constant,98.235,102.13637254901961,102.13637254901961,3.9013725490196123,20,persistent,102Ah_25degC_0p5C_cell3,0,1
102Ah_25degC_0p5C_cell3,6,age_ridge,98.235,102.13637254901961,93.61613379163502,-4.618866208364977,20,persistent,102Ah_25degC_0p5C_cell3,0,1
102Ah_25degC_0p5C_cell3,6,fixed_window_ridge,98.235,102.13637254901961,92.66478856082638,-5.570211439173619,20,persistent,102Ah_25degC_0p5C_cell3,0,1
102Ah_25degC_0p5C_cell3,6,mask_ridge,98.235,102.13637254901961,92.16755366083737,-6.067446339162629,20,persistent,102Ah_25degC_0p5C_cell3,0,1
102Ah_25degC_0p5C_cell3,6,within_cell_ratio_ridge,98.235,102.13637254901961,94.08219023957173,-4.152809760428269,20,persistent,102Ah_25degC_0p5C_cell3,0,1
102Ah_25degC_0p5C_cell3,6,rbf_residual,98.235,102.13637254901961,94.87499148570623,-3.3600085142937672,20,persistent,102Ah_25degC_0p5C_cell3,0,1
102Ah_25degC_0p5C_cell3,7,anchor_constant,97.993,102.13637254901961,102.13637254901961,4.143372549019617,20,persistent,102Ah_25degC_0p5C_cell3,0,1
102Ah_25degC_0p5C_cell3,7,age_ridge,97.993,102.13637254901961,93.28354545482563,-4.709454545174367,20,persistent,102Ah_25degC_0p5C_cell3,0,1
102Ah_25degC_0p5C_cell3,7,fixed_window_ridge,97.993,102.13637254901961,92.37499965745661,-5.618000342543382,20,persistent,102Ah_25degC_0p5C_cell3,0,1
102Ah_25degC_0p5C_cell3,7,mask_ridge,97.993,102.13637254901961,91.70553323604616,-6.28746676395383,20,persistent,102Ah_25degC_0p5C_cell3,0,1
102Ah_25degC_0p5C_cell3,7,within_cell_ratio_ridge,97.993,102.13637254901961,93.56327417302509,-4.429725826974902,20,persistent,102Ah_25degC_0p5C_cell3,0,1
102Ah_25degC_0p5C_cell3,7,rbf_residual,97.993,102.13637254901961,94.18723622943074,-3.805763770569257,20,persistent,102Ah_25degC_0p5C_cell3,0,1
102Ah_25degC_0p5C_cell3,8,anchor_constant,97.71,102.13637254901961,102.13637254901961,4.426372549019618,20,persistent,102Ah_25degC_0p5C_cell3,0,1
102Ah_25degC_0p5C_cell3,8,age_ridge,97.71,102.13637254901961,92.95860811811016,-4.75139188188983,20,persistent,102Ah_25degC_0p5C_cell3,0,1
102Ah_25degC_0p5C_cell3,8,fixed_window_ridge,97.71,102.13637254901961,92.01189925432367,-5.698100745676328,20,persistent,102Ah_25degC_0p5C_cell3,0,1
102Ah_25degC_0p5C_cell3,8,mask_ridge,97.71,102.13637254901961,91.50760284870398,-6.202397151296012,20,persistent,102Ah_25degC_0p5C_cell3,0,1
102Ah_25degC_0p5C_cell3,8,within_cell_ratio_ridge,97.71,102.13637254901961,93.45884306338102,-4.251156936618969,20,persistent,102Ah_25degC_0p5C_cell3,0,1
102Ah_25degC_0p5C_cell3,8,rbf_residual,97.71,102.13637254901961,94.52479555261367,-3.185204447386326,20,persistent,102Ah_25degC_0p5C_cell3,0,1
102Ah_25degC_0p5C_cell3,9,anchor_constant,97.441,102.13637254901961,102.13637254901961,4.695372549019609,20,persistent,102Ah_25degC_0p5C_cell3,0,1
102Ah_25degC_0p5C_cell3,9,age_ridge,97.441,102.13637254901961,92.66277650828913,-4.778223491710875,20,persistent,102Ah_25degC_0p5C_cell3,0,1
102Ah_25degC_0p5C_cell3,9,fixed_window_ridge,97.441,102.13637254901961,91.7381240690738,-5.702875930926197,20,persistent,102Ah_25degC_0p5C_cell3,0,1
102Ah_25degC_0p5C_cell3,9,mask_ridge,97.441,102.13637254901961,91.16696847148083,-6.274031528519174,20,persistent,102Ah_25degC_0p5C_cell3,0,1
102Ah_25degC_0p5C_cell3,9,within_cell_ratio_ridge,97.441,102.13637254901961,93.07607471199445,-4.364925288005551,20,persistent,102Ah_25degC_0p5C_cell3,0,1
102Ah_25degC_0p5C_cell3,9,rbf_residual,97.441,102.13637254901961,93.84594551573929,-3.5950544842607144,20,persistent,102Ah_25degC_0p5C_cell3,0,1
102Ah_25degC_0p5C_cell3,10,anchor_constant,97.212,102.13637254901961,102.13637254901961,4.924372549019608,20,persistent,102Ah_25degC_0p5C_cell3,0,1
102Ah_25degC_0p5C_cell3,10,age_ridge,97.212,102.13637254901961,92.39158369409813,-4.8204163059018725,20,persistent,102Ah_25degC_0p5C_cell3,0,1
102Ah_25degC_0p5C_cell3,10,fixed_window_ridge,97.212,102.13637254901961,91.48687041741377,-5.725129582586234,20,persistent,102Ah_25degC_0p5C_cell3,0,1
102Ah_25degC_0p5C_cell3,10,mask_ridge,97.212,102.13637254901961,90.97601321008824,-6.235986789911763,20,persistent,102Ah_25degC_0p5C_cell3,0,1
102Ah_25degC_0p5C_cell3,10,within_cell_ratio_ridge,97.212,102.13637254901961,92.72567947680929,-4.486320523190713,20,persistent,102Ah_25degC_0p5C_cell3,0,1
102Ah_25degC_0p5C_cell3,10,rbf_residual,97.212,102.13637254901961,93.16603403728979,-4.045965962710213,20,persistent,102Ah_25degC_0p5C_cell3,0,1
102Ah_25degC_0p5C_cell3,11,anchor_constant,97.027,102.13637254901961,102.13637254901961,5.109372549019611,20,persistent,102Ah_25degC_0p5C_cell3,0,1
102Ah_25degC_0p5C_cell3,11,age_ridge,97.027,102.13637254901961,92.14179260019387,-4.885207399806134,20,persistent,102Ah_25degC_0p5C_cell3,0,1
102Ah_25degC_0p5C_cell3,11,fixed_window_ridge,97.027,102.13637254901961,91.21118591999543,-5.8158140800045715,20,persistent,102Ah_25degC_0p5C_cell3,0,1
102Ah_25degC_0p5C_cell3,11,mask_ridge,97.027,102.13637254901961,90.71857833182493,-6.308421668175072,20,persistent,102Ah_25degC_0p5C_cell3,0,1
102Ah_25degC_0p5C_cell3,11,within_cell_ratio_ridge,97.027,102.13637254901961,92.62352299874762,-4.403477001252384,20,persistent,102Ah_25degC_0p5C_cell3,0,1
102Ah_25degC_0p5C_cell3,11,rbf_residual,97.027,102.13637254901961,93.24577806470367,-3.7812219352963297,20,persistent,102Ah_25degC_0p5C_cell3,0,1
102Ah_25degC_0p5C_cell3,12,anchor_constant,96.825,102.13637254901961,102.13637254901961,5.311372549019609,20,persistent,102Ah_25degC_0p5C_cell3,0,1
102Ah_25degC_0p5C_cell3,12,age_ridge,96.825,102.13637254901961,91.89471092359545,-4.930289076404549,20,persistent,102Ah_25degC_0p5C_cell3,0,1
102Ah_25degC_0p5C_cell3,12,fixed_window_ridge,96.825,102.13637254901961,90.97555887809564,-5.849441121904363,20,persistent,102Ah_25degC_0p5C_cell3,0,1
102Ah_25degC_0p5C_cell3,12,mask_ridge,96.825,102.13637254901961,90.49869602979723,-6.326303970202773,20,persistent,102Ah_25degC_0p5C_cell3,0,1
102Ah_25degC_0p5C_cell3,12,within_cell_ratio_ridge,96.825,102.13637254901961,92.3352862394134,-4.489713760586596,20,persistent,102Ah_25degC_0p5C_cell3,0,1
102Ah_25degC_0p5C_cell3,12,rbf_residual,96.825,102.13637254901961,92.39848148964052,-4.426518510359486,20,persistent,102Ah_25degC_0p5C_cell3,0,1
102Ah_25degC_0p5C_cell3,13,anchor_constant,96.653,102.13637254901961,102.13637254901961,5.483372549019606,20,persistent,102Ah_25degC_0p5C_cell3,0,1
102Ah_25degC_0p5C_cell3,13,age_ridge,96.653,102.13637254901961,91.66541940675828,-4.987580593241731,20,persistent,102Ah_25degC_0p5C_cell3,0,1
102Ah_25degC_0p5C_cell3,13,fixed_window_ridge,96.653,102.13637254901961,90.73686561065429,-5.916134389345714,20,persistent,102Ah_25degC_0p5C_cell3,0,1
102Ah_25degC_0p5C_cell3,13,mask_ridge,96.653,102.13637254901961,90.28235703313644,-6.370642966863571,20,persistent,102Ah_25degC_0p5C_cell3,0,1
102Ah_25degC_0p5C_cell3,13,within_cell_ratio_ridge,96.653,102.13637254901961,92.16770170496886,-4.485298295031143,20,persistent,102Ah_25degC_0p5C_cell3,0,1
102Ah_25degC_0p5C_cell3,13,rbf_residual,96.653,102.13637254901961,92.6677835601863,-3.985216439813712,20,persistent,102Ah_25degC_0p5C_cell3,0,1
102Ah_25degC_0p5C_cell3,14,anchor_constant,96.449,102.13637254901961,102.13637254901961,5.687372549019614,20,persistent,102Ah_25degC_0p5C_cell3,0,1
102Ah_25degC_0p5C_cell3,14,age_ridge,96.449,102.13637254901961,91.43681973011329,-5.012180269886713,20,persistent,102Ah_25degC_0p5C_cell3,0,1
102Ah_25degC_0p5C_cell3,14,fixed_window_ridge,96.449,102.13637254901961,90.53195035800601,-5.917049641993984,20,persistent,102Ah_25degC_0p5C_cell3,0,1
102Ah_25degC_0p5C_cell3,14,mask_ridge,96.449,102.13637254901961,90.0505743594317,-6.398425640568291,20,persistent,102Ah_25degC_0p5C_cell3,0,1
102Ah_25degC_0p5C_cell3,14,within_cell_ratio_ridge,96.449,102.13637254901961,91.83374260637022,-4.615257393629776,20,persistent,102Ah_25degC_0p5C_cell3,0,1
102Ah_25degC_0p5C_cell3,14,rbf_residual,96.449,102.13637254901961,91.86177997380169,-4.58722002619831,20,persistent,102Ah_25degC_0p5C_cell3,0,1
102Ah_25degC_0p5C_cell3,15,anchor_constant,96.24,102.13637254901961,102.13637254901961,5.896372549019617,20,persistent,102Ah_25degC_0p5C_cell3,0,1
102Ah_25degC_0p5C_cell3,15,age_ridge,96.24,102.13637254901961,91.21625468536018,-5.023745314639811,20,persistent,102Ah_25degC_0p5C_cell3,0,1
102Ah_25degC_0p5C_cell3,15,fixed_window_ridge,96.24,102.13637254901961,90.31112243843505,-5.928877561564946,20,persistent,102Ah_25degC_0p5C_cell3,0,1
102Ah_25degC_0p5C_cell3,15,mask_ridge,96.24,102.13637254901961,89.80450658040846,-6.435493419591538,20,persistent,102Ah_25degC_0p5C_cell3,0,1
102Ah_25degC_0p5C_cell3,15,within_cell_ratio_ridge,96.24,102.13637254901961,91.62700979011143,-4.612990209888565,20,persistent,102Ah_25degC_0p5C_cell3,0,1
102Ah_25degC_0p5C_cell3,15,rbf_residual,96.24,102.13637254901961,92.01119907341041,-4.228800926589585,20,persistent,102Ah_25degC_0p5C_cell3,0,1
102Ah_25degC_0p5C_cell3,16,anchor_constant,96.134,102.13637254901961,102.13637254901961,6.002372549019611,20,persistent,102Ah_25degC_0p5C_cell3,0,1
102Ah_25degC_0p5C_cell3,16,age_ridge,96.134,102.13637254901961,90.96953209118894,-5.164467908811062,20,persistent,102Ah_25degC_0p5C_cell3,0,1
102Ah_25degC_0p5C_cell3,16,fixed_window_ridge,96.134,102.13637254901961,90.06636443281906,-6.067635567180943,20,persistent,102Ah_25degC_0p5C_cell3,0,1
102Ah_25degC_0p5C_cell3,16,mask_ridge,96.134,102.13637254901961,89.68194625102267,-6.452053748977335,20,persistent,102Ah_25degC_0p5C_cell3,0,1
102Ah_25degC_0p5C_cell3,16,within_cell_ratio_ridge,96.134,102.13637254901961,91.39052068676175,-4.743479313238254,20,persistent,102Ah_25degC_0p5C_cell3,0,1
102Ah_25degC_0p5C_cell3,16,rbf_residual,96.134,102.13637254901961,91.12240330193778,-5.01159669806222,20,persistent,102Ah_25degC_0p5C_cell3,0,1
102Ah_25degC_0p5C_cell3,17,anchor_constant,95.949,102.13637254901961,102.13637254901961,6.187372549019614,20,persistent,102Ah_25degC_0p5C_cell3,0,1
102Ah_25degC_0p5C_cell3,17,age_ridge,95.949,102.13637254901961,90.7527023986935,-5.196297601306497,20,persistent,102Ah_25degC_0p5C_cell3,0,1
102Ah_25degC_0p5C_cell3,17,fixed_window_ridge,95.949,102.13637254901961,89.824603909007,-6.124396090993002,20,persistent,102Ah_25degC_0p5C_cell3,0,1
102Ah_25degC_0p5C_cell3,17,mask_ridge,95.949,102.13637254901961,89.55059603947105,-6.398403960528952,20,persistent,102Ah_25degC_0p5C_cell3,0,1
102Ah_25degC_0p5C_cell3,17,within_cell_ratio_ridge,95.949,102.13637254901961,91.31187020746131,-4.637129792538687,20,persistent,102Ah_25degC_0p5C_cell3,0,1
102Ah_25degC_0p5C_cell3,17,rbf_residual,95.949,102.13637254901961,91.3523542200767,-4.596645779923293,20,persistent,102Ah_25degC_0p5C_cell3,0,1
102Ah_25degC_0p5C_cell3,18,anchor_constant,95.782,102.13637254901961,102.13637254901961,6.354372549019615,20,persistent,102Ah_25degC_0p5C_cell3,0,1
102Ah_25degC_0p5C_cell3,18,age_ridge,95.782,102.13637254901961,90.55213675398254,-5.229863246017459,20,persistent,102Ah_25degC_0p5C_cell3,0,1
102Ah_25degC_0p5C_cell3,18,fixed_window_ridge,95.782,102.13637254901961,89.60555240064316,-6.176447599356834,20,persistent,102Ah_25degC_0p5C_cell3,0,1
102Ah_25degC_0p5C_cell3,18,mask_ridge,95.782,102.13637254901961,89.40399497900165,-6.378005020998344,20,persistent,102Ah_25degC_0p5C_cell3,0,1
102Ah_25degC_0p5C_cell3,18,within_cell_ratio_ridge,95.782,102.13637254901961,91.21384083998683,-4.568159160013167,20,persistent,102Ah_25degC_0p5C_cell3,0,1
102Ah_25degC_0p5C_cell3,18,rbf_residual,95.782,102.13637254901961,91.5498867207025,-4.232113279297494,20,persistent,102Ah_25degC_0p5C_cell3,0,1
102Ah_25degC_0p5C_cell3,19,anchor_constant,95.643,102.13637254901961,102.13637254901961,6.493372549019611,20,persistent,102Ah_25degC_0p5C_cell3,0,1
102Ah_25degC_0p5C_cell3,19,age_ridge,95.643,102.13637254901961,90.36241811734845,-5.280581882651546,20,persistent,102Ah_25degC_0p5C_cell3,0,1
102Ah_25degC_0p5C_cell3,19,fixed_window_ridge,95.643,102.13637254901961,89.43016022068008,-6.212839779319921,20,persistent,102Ah_25degC_0p5C_cell3,0,1
102Ah_25degC_0p5C_cell3,19,mask_ridge,95.643,102.13637254901961,89.25500122678977,-6.387998773210228,20,persistent,102Ah_25degC_0p5C_cell3,0,1
102Ah_25degC_0p5C_cell3,19,within_cell_ratio_ridge,95.643,102.13637254901961,90.96075820805157,-4.682241791948428,20,persistent,102Ah_25degC_0p5C_cell3,0,1
102Ah_25degC_0p5C_cell3,19,rbf_residual,95.643,102.13637254901961,90.85169828194282,-4.791301718057184,20,persistent,102Ah_25degC_0p5C_cell3,0,1
102Ah_25degC_0p5C_cell3,20,anchor_constant,95.469,102.13637254901961,102.13637254901961,6.667372549019618,20,persistent,102Ah_25degC_0p5C_cell3,0,1
102Ah_25degC_0p5C_cell3,20,age_ridge,95.469,102.13637254901961,90.16157443459919,-5.307425565400806,20,persistent,102Ah_25degC_0p5C_cell3,0,1
102Ah_25degC_0p5C_cell3,20,fixed_window_ridge,95.469,102.13637254901961,89.21179561910374,-6.257204380896255,20,persistent,102Ah_25degC_0p5C_cell3,0,1
102Ah_25degC_0p5C_cell3,20,mask_ridge,95.469,102.13637254901961,89.0968669792861,-6.372133020713889,20,persistent,102Ah_25degC_0p5C_cell3,0,1
102Ah_25degC_0p5C_cell3,20,within_cell_ratio_ridge,95.469,102.13637254901961,90.8584674680148,-4.6105325319852,20,persistent,102Ah_25degC_0p5C_cell3,0,1
102Ah_25degC_0p5C_cell3,20,rbf_residual,95.469,102.13637254901961,91.14747076103968,-4.321529238960309,20,persistent,102Ah_25degC_0p5C_cell3,0,1
102Ah_25degC_0p5C_cell3,21,anchor_constant,95.318,102.13637254901961,102.13637254901961,6.818372549019614,20,persistent,102Ah_25degC_0p5C_cell3,0,1
102Ah_25degC_0p5C_cell3,21,age_ridge,95.318,102.13637254901961,89.98032910138653,-5.337670898613467,20,persistent,102Ah_25degC_0p5C_cell3,0,1
102Ah_25degC_0p5C_cell3,21,fixed_window_ridge,95.318,102.13637254901961,89.04903853075058,-6.268961469249419,20,persistent,102Ah_25degC_0p5C_cell3,0,1
102Ah_25degC_0p5C_cell3,21,mask_ridge,95.318,102.13637254901961,88.93298967323236,-6.385010326767642,20,persistent,102Ah_25degC_0p5C_cell3,0,1
102Ah_25degC_0p5C_cell3,21,within_cell_ratio_ridge,95.318,102.13637254901961,90.59166253468294,-4.726337465317059,20,persistent,102Ah_25degC_0p5C_cell3,0,1
102Ah_25degC_0p5C_cell3,21,rbf_residual,95.318,102.13637254901961,90.05561260621192,-5.2623873937880745,20,persistent,102Ah_25degC_0p5C_cell3,0,1
102Ah_25degC_0p5C_cell3,22,anchor_constant,95.076,102.13637254901961,102.13637254901961,7.060372549019618,20,persistent,102Ah_25degC_0p5C_cell3,0,1
102Ah_25degC_0p5C_cell3,22,age_ridge,95.076,102.13637254901961,89.60763660578945,-5.468363394210542,20,persistent,102Ah_25degC_0p5C_cell3,0,1
102Ah_25degC_0p5C_cell3,22,fixed_window_ridge,95.076,102.13637254901961,88.66584028692454,-6.410159713075458,20,persistent,102Ah_25degC_0p5C_cell3,0,1
102Ah_25degC_0p5C_cell3,22,mask_ridge,95.076,102.13637254901961,88.59057968329519,-6.485420316704804,20,persistent,102Ah_25degC_0p5C_cell3,0,1
102Ah_25degC_0p5C_cell3,22,within_cell_ratio_ridge,95.076,102.13637254901961,90.32443618033673,-4.751563819663261,20,persistent,102Ah_25degC_0p5C_cell3,0,1
102Ah_25degC_0p5C_cell3,22,rbf_residual,95.076,102.13637254901961,90.3177892751228,-4.758210724877188,20,persistent,102Ah_25degC_0p5C_cell3,0,1
102Ah_25degC_0p5C_cell3,23,anchor_constant,94.944,102.13637254901961,102.13637254901961,7.192372549019609,20,persistent,102Ah_25degC_0p5C_cell3,0,1
102Ah_25degC_0p5C_cell3,23,age_ridge,94.944,102.13637254901961,89.43729797889176,-5.506702021108239,20,persistent,102Ah_25degC_0p5C_cell3,0,1
102Ah_25degC_0p5C_cell3,23,fixed_window_ridge,94.944,102.13637254901961,88.5074215091893,-6.436578490810703,20,persistent,102Ah_25degC_0p5C_cell3,0,1
102Ah_25degC_0p5C_cell3,23,mask_ridge,94.944,102.13637254901961,88.43657225028484,-6.507427749715163,20,persistent,102Ah_25degC_0p5C_cell3,0,1
102Ah_25degC_0p5C_cell3,23,within_cell_ratio_ridge,94.944,102.13637254901961,90.09997053125625,-4.844029468743756,20,persistent,102Ah_25degC_0p5C_cell3,0,1
102Ah_25degC_0p5C_cell3,23,rbf_residual,94.944,102.13637254901961,89.3698879693133,-5.574112030686706,20,persistent,102Ah_25degC_0p5C_cell3,0,1
102Ah_25degC_0p5C_cell3,24,anchor_constant,94.756,102.13637254901961,102.13637254901961,7.3803725490196115,20,persistent,102Ah_25degC_0p5C_cell3,0,1
102Ah_25degC_0p5C_cell3,24,age_ridge,94.756,102.13637254901961,89.26402010567719,-5.49197989432281,20,persistent,102Ah_25degC_0p5C_cell3,0,1
102Ah_25degC_0p5C_cell3,24,fixed_window_ridge,94.756,102.13637254901961,88.39477431261574,-6.3612256873842625,20,persistent,102Ah_25degC_0p5C_cell3,0,1
102Ah_25degC_0p5C_cell3,24,mask_ridge,94.756,102.13637254901961,88.07906803552551,-6.676931964474491,20,persistent,102Ah_25degC_0p5C_cell3,0,1
102Ah_25degC_0p5C_cell3,24,within_cell_ratio_ridge,94.756,102.13637254901961,89.62739108235502,-5.128608917644982,20,persistent,102Ah_25degC_0p5C_cell3,0,1
102Ah_25degC_0p5C_cell3,24,rbf_residual,94.756,102.13637254901961,88.32449914254398,-6.431500857456015,20,persistent,102Ah_25degC_0p5C_cell3,0,1
102Ah_25degC_0p5C_cell3,25,anchor_constant,94.621,102.13637254901961,102.13637254901961,7.515372549019617,20,persistent,102Ah_25degC_0p5C_cell3,0,1
102Ah_25degC_0p5C_cell3,25,age_ridge,94.621,102.13637254901961,89.08557082743334,-5.535429172566651,20,persistent,102Ah_25degC_0p5C_cell3,0,1
102Ah_25degC_0p5C_cell3,25,fixed_window_ridge,94.621,102.13637254901961,88.21108289053132,-6.4099171094686795,20,persistent,102Ah_25degC_0p5C_cell3,0,1
102Ah_25degC_0p5C_cell3,25,mask_ridge,94.621,102.13637254901961,87.8749369966853,-6.7460630033146884,20,persistent,102Ah_25degC_0p5C_cell3,0,1
102Ah_25degC_0p5C_cell3,25,within_cell_ratio_ridge,94.621,102.13637254901961,89.4824305457995,-5.138569454200493,20,persistent,102Ah_25degC_0p5C_cell3,0,1
102Ah_25degC_0p5C_cell3,25,rbf_residual,94.621,102.13637254901961,88.37583818183133,-6.245161818168668,20,persistent,102Ah_25degC_0p5C_cell3,0,1
102Ah_25degC_0p5C_cell3,26,anchor_constant,94.566,102.13637254901961,102.13637254901961,7.570372549019609,20,persistent,102Ah_25degC_0p5C_cell3,0,1
102Ah_25degC_0p5C_cell3,26,age_ridge,94.566,102.13637254901961,88.88923311835296,-5.6767668816470405,20,persistent,102Ah_25degC_0p5C_cell3,0,1
102Ah_25degC_0p5C_cell3,26,fixed_window_ridge,94.566,102.13637254901961,87.95778813541955,-6.608211864580454,20,persistent,102Ah_25degC_0p5C_cell3,0,1
102Ah_25degC_0p5C_cell3,26,mask_ridge,94.566,102.13637254901961,87.97487581142684,-6.591124188573161,20,persistent,102Ah_25degC_0p5C_cell3,0,1
102Ah_25degC_0p5C_cell3,26,within_cell_ratio_ridge,94.566,102.13637254901961,89.58442981906548,-4.981570180934526,20,persistent,102Ah_25degC_0p5C_cell3,0,1
102Ah_25degC_0p5C_cell3,26,rbf_residual,94.566,102.13637254901961,88.70198076768821,-5.86401923231179,20,persistent,102Ah_25degC_0p5C_cell3,0,1
102Ah_25degC_0p5C_cell3,27,anchor_constant,94.418,102.13637254901961,102.13637254901961,7.718372549019605,20,persistent,102Ah_25degC_0p5C_cell3,0,1
102Ah_25degC_0p5C_cell3,27,age_ridge,94.418,102.13637254901961,88.72454591971672,-5.6934540802832885,20,persistent,102Ah_25degC_0p5C_cell3,0,1
102Ah_25degC_0p5C_cell3,27,fixed_window_ridge,94.418,102.13637254901961,87.7801268813229,-6.637873118677106,20,persistent,102Ah_25degC_0p5C_cell3,0,1
102Ah_25degC_0p5C_cell3,27,mask_ridge,94.418,102.13637254901961,87.83022434123706,-6.587775658762951,20,persistent,102Ah_25degC_0p5C_cell3,0,1
102Ah_25degC_0p5C_cell3,27,within_cell_ratio_ridge,94.418,102.13637254901961,89.48924256878368,-4.928757431216326,20,persistent,102Ah_25degC_0p5C_cell3,0,1
102Ah_25degC_0p5C_cell3,27,rbf_residual,94.418,102.13637254901961,88.99433373061619,-5.423666269383816,20,persistent,102Ah_25degC_0p5C_cell3,0,1
102Ah_25degC_0p5C_cell3,28,anchor_constant,94.238,102.13637254901961,102.13637254901961,7.898372549019612,20,persistent,102Ah_25degC_0p5C_cell3,0,1
102Ah_25degC_0p5C_cell3,28,age_ridge,94.238,102.13637254901961,88.56171324941792,-5.676286750582079,20,persistent,102Ah_25degC_0p5C_cell3,0,1
102Ah_25degC_0p5C_cell3,28,fixed_window_ridge,94.238,102.13637254901961,87.65356167687023,-6.584438323129774,20,persistent,102Ah_25degC_0p5C_cell3,0,1
102Ah_25degC_0p5C_cell3,28,mask_ridge,94.238,102.13637254901961,87.60565833136133,-6.632341668638674,20,persistent,102Ah_25degC_0p5C_cell3,0,1
102Ah_25degC_0p5C_cell3,28,within_cell_ratio_ridge,94.238,102.13637254901961,89.14805785687423,-5.089942143125768,20,persistent,102Ah_25degC_0p5C_cell3,0,1
102Ah_25degC_0p5C_cell3,28,rbf_residual,94.238,102.13637254901961,87.9571441972738,-6.280855802726194,20,persistent,102Ah_25degC_0p5C_cell3,0,1
102Ah_25degC_0p5C_cell3,29,anchor_constant,94.035,102.13637254901961,102.13637254901961,8.101372549019615,20,persistent,102Ah_25degC_0p5C_cell3,0,1
102Ah_25degC_0p5C_cell3,29,age_ridge,94.035,102.13637254901961,88.40571191100781,-5.629288088992183,20,persistent,102Ah_25degC_0p5C_cell3,0,1
102Ah_25degC_0p5C_cell3,29,fixed_window_ridge,94.035,102.13637254901961,87.5553111242365,-6.4796888757635,20,persistent,102Ah_25degC_0p5C_cell3,0,1
102Ah_25degC_0p5C_cell3,29,mask_ridge,94.035,102.13637254901961,87.23217756953458,-6.802822430465412,20,persistent,102Ah_25degC_0p5C_cell3,0,1
102Ah_25degC_0p5C_cell3,29,within_cell_ratio_ridge,94.035,102.13637254901961,88.70534610212296,-5.329653897877037,20,persistent,102Ah_25degC_0p5C_cell3,0,1
102Ah_25degC_0p5C_cell3,29,rbf_residual,94.035,102.13637254901961,86.99841933429343,-7.036580665706566,20,persistent,102Ah_25degC_0p5C_cell3,0,1
102Ah_25degC_0p5C_cell3,30,anchor_constant,93.975,102.13637254901961,102.13637254901961,8.161372549019617,20,persistent,102Ah_25degC_0p5C_cell3,0,1
102Ah_25degC_0p5C_cell3,30,age_ridge,93.975,102.13637254901961,88.2471640429374,-5.727835957062595,20,persistent,102Ah_25degC_0p5C_cell3,0,1
102Ah_25degC_0p5C_cell3,30,fixed_window_ridge,93.975,102.13637254901961,87.36325571310503,-6.611744286894961,20,persistent,102Ah_25degC_0p5C_cell3,0,1
102Ah_25degC_0p5C_cell3,30,mask_ridge,93.975,102.13637254901961,87.21427417715559,-6.760725822844407,20,persistent,102Ah_25degC_0p5C_cell3,0,1
102Ah_25degC_0p5C_cell3,30,within_cell_ratio_ridge,93.975,102.13637254901961,88.71862037924254,-5.256379620757457,20,persistent,102Ah_25degC_0p5C_cell3,0,1
102Ah_25degC_0p5C_cell3,30,rbf_residual,93.975,102.13637254901961,87.04833217362179,-6.926667826378207,20,persistent,102Ah_25degC_0p5C_cell3,0,1
102Ah_25degC_1C_cell3,1,anchor_constant,98.416,102.52715686274509,102.52715686274509,4.111156862745091,20,persistent,102Ah_25degC_1C_cell3,0,1
102Ah_25degC_1C_cell3,1,age_ridge,98.416,102.52715686274509,96.6264764622974,-1.7895235377025926,20,persistent,102Ah_25degC_1C_cell3,0,1
102Ah_25degC_1C_cell3,1,fixed_window_ridge,98.416,102.52715686274509,97.84311181973703,-0.5728881802629644,20,persistent,102Ah_25degC_1C_cell3,0,1
102Ah_25degC_1C_cell3,1,mask_ridge,98.416,102.52715686274509,97.45699811276725,-0.9590018872327448,20,persistent,102Ah_25degC_1C_cell3,0,1
102Ah_25degC_1C_cell3,1,within_cell_ratio_ridge,98.416,102.52715686274509,97.5212105254811,-0.8947894745189018,20,persistent,102Ah_25degC_1C_cell3,0,1
102Ah_25degC_1C_cell3,1,rbf_residual,98.416,102.52715686274509,98.64441080184413,0.22841080184413443,20,persistent,102Ah_25degC_1C_cell3,0,1
102Ah_25degC_1C_cell3,2,anchor_constant,97.313,102.52715686274509,102.52715686274509,5.214156862745085,20,persistent,102Ah_25degC_1C_cell3,0,1
102Ah_25degC_1C_cell3,2,age_ridge,97.313,102.52715686274509,95.39163217538767,-1.9213678246123322,20,persistent,102Ah_25degC_1C_cell3,0,1
102Ah_25degC_1C_cell3,2,fixed_window_ridge,97.313,102.52715686274509,96.5861411304097,-0.726858869590302,20,persistent,102Ah_25degC_1C_cell3,0,1
102Ah_25degC_1C_cell3,2,mask_ridge,97.313,102.52715686274509,96.25494436235633,-1.058055637643676,20,persistent,102Ah_25degC_1C_cell3,0,1
102Ah_25degC_1C_cell3,2,within_cell_ratio_ridge,97.313,102.52715686274509,96.31191298415357,-1.0010870158464371,20,persistent,102Ah_25degC_1C_cell3,0,1
102Ah_25degC_1C_cell3,2,rbf_residual,97.313,102.52715686274509,97.30989819447628,-0.0031018055237268527,20,persistent,102Ah_25degC_1C_cell3,0,1
102Ah_25degC_1C_cell3,3,anchor_constant,96.453,102.52715686274509,102.52715686274509,6.074156862745085,20,persistent,102Ah_25degC_1C_cell3,0,1
102Ah_25degC_1C_cell3,3,age_ridge,96.453,102.52715686274509,94.33153662287259,-2.1214633771274123,20,persistent,102Ah_25degC_1C_cell3,0,1
102Ah_25degC_1C_cell3,3,fixed_window_ridge,96.453,102.52715686274509,95.50406191482664,-0.9489380851733671,20,persistent,102Ah_25degC_1C_cell3,0,1
102Ah_25degC_1C_cell3,3,mask_ridge,96.453,102.52715686274509,95.27415717997418,-1.178842820025821,20,persistent,102Ah_25degC_1C_cell3,0,1
102Ah_25degC_1C_cell3,3,within_cell_ratio_ridge,96.453,102.52715686274509,95.27211667967528,-1.1808833203247247,20,persistent,102Ah_25degC_1C_cell3,0,1
102Ah_25degC_1C_cell3,3,rbf_residual,96.453,102.52715686274509,96.04211759768127,-0.41088240231873385,20,persistent,102Ah_25degC_1C_cell3,0,1
102Ah_25degC_1C_cell3,4,anchor_constant,95.685,102.52715686274509,102.52715686274509,6.842156862745085,20,persistent,102Ah_25degC_1C_cell3,0,1
102Ah_25degC_1C_cell3,4,age_ridge,95.685,102.52715686274509,93.45431475754572,-2.2306852424542853,20,persistent,102Ah_25degC_1C_cell3,0,1
102Ah_25degC_1C_cell3,4,fixed_window_ridge,95.685,102.52715686274509,94.60541282159376,-1.0795871784062427,20,persistent,102Ah_25degC_1C_cell3,0,1
102Ah_25degC_1C_cell3,4,mask_ridge,95.685,102.52715686274509,94.43958493723878,-1.245415062761225,20,persistent,102Ah_25degC_1C_cell3,0,1
102Ah_25degC_1C_cell3,4,within_cell_ratio_ridge,95.685,102.52715686274509,94.40836805714211,-1.2766319428578896,20,persistent,102Ah_25degC_1C_cell3,0,1
102Ah_25degC_1C_cell3,4,rbf_residual,95.685,102.52715686274509,95.12866479380696,-0.5563352061930402,20,persistent,102Ah_25degC_1C_cell3,0,1
102Ah_25degC_1C_cell3,5,anchor_constant,95.032,102.52715686274509,102.52715686274509,7.495156862745091,20,persistent,102Ah_25degC_1C_cell3,0,1
102Ah_25degC_1C_cell3,5,age_ridge,95.032,102.52715686274509,92.72789456946478,-2.304105430535216,20,persistent,102Ah_25degC_1C_cell3,0,1
102Ah_25degC_1C_cell3,5,fixed_window_ridge,95.032,102.52715686274509,93.85817567626948,-1.1738243237305142,20,persistent,102Ah_25degC_1C_cell3,0,1
102Ah_25degC_1C_cell3,5,mask_ridge,95.032,102.52715686274509,93.73500220479826,-1.296997795201733,20,persistent,102Ah_25degC_1C_cell3,0,1
102Ah_25degC_1C_cell3,5,within_cell_ratio_ridge,95.032,102.52715686274509,93.6889296544522,-1.343070345547801,20,persistent,102Ah_25degC_1C_cell3,0,1
102Ah_25degC_1C_cell3,5,rbf_residual,95.032,102.52715686274509,94.17563256226583,-0.8563674377341641,20,persistent,102Ah_25degC_1C_cell3,0,1
102Ah_25degC_1C_cell3,6,anchor_constant,94.387,102.52715686274509,102.52715686274509,8.140156862745087,20,persistent,102Ah_25degC_1C_cell3,0,1
102Ah_25degC_1C_cell3,6,age_ridge,94.387,102.52715686274509,92.03031445063581,-2.3566855493641867,20,persistent,102Ah_25degC_1C_cell3,0,1
102Ah_25degC_1C_cell3,6,fixed_window_ridge,94.387,102.52715686274509,93.13966330474499,-1.2473366952550151,20,persistent,102Ah_25degC_1C_cell3,0,1
102Ah_25degC_1C_cell3,6,mask_ridge,94.387,102.52715686274509,93.08991347856511,-1.297086521434892,20,persistent,102Ah_25degC_1C_cell3,0,1
102Ah_25degC_1C_cell3,6,within_cell_ratio_ridge,94.387,102.52715686274509,92.99771671581644,-1.3892832841835627,20,persistent,102Ah_25degC_1C_cell3,0,1
102Ah_25degC_1C_cell3,6,rbf_residual,94.387,102.52715686274509,93.37212263554193,-1.0148773644580729,20,persistent,102Ah_25degC_1C_cell3,0,1
102Ah_25degC_1C_cell3,7,anchor_constant,93.84,102.52715686274509,102.52715686274509,8.687156862745084,20,persistent,102Ah_25degC_1C_cell3,0,1
102Ah_25degC_1C_cell3,7,age_ridge,93.84,102.52715686274509,91.38897533554368,-2.4510246644563267,20,persistent,102Ah_25degC_1C_cell3,0,1
102Ah_25degC_1C_cell3,7,fixed_window_ridge,93.84,102.52715686274509,92.4775139199594,-1.362486080040597,20,persistent,102Ah_25degC_1C_cell3,0,1
102Ah_25degC_1C_cell3,7,mask_ridge,93.84,102.52715686274509,92.50274815519643,-1.3372518448035748,20,persistent,102Ah_25degC_1C_cell3,0,1
102Ah_25degC_1C_cell3,7,within_cell_ratio_ridge,93.84,102.52715686274509,92.36028052370712,-1.4797194762928854,20,persistent,102Ah_25degC_1C_cell3,0,1
102Ah_25degC_1C_cell3,7,rbf_residual,93.84,102.52715686274509,92.65467399085887,-1.1853260091411357,20,persistent,102Ah_25degC_1C_cell3,0,1
102Ah_25degC_1C_cell3,8,anchor_constant,91.223,102.52715686274509,102.52715686274509,11.304156862745089,20,persistent,102Ah_25degC_1C_cell3,0,1
102Ah_25degC_1C_cell3,8,age_ridge,91.223,102.52715686274509,89.23543173010732,-1.9875682698926767,20,persistent,102Ah_25degC_1C_cell3,0,1
102Ah_25degC_1C_cell3,8,fixed_window_ridge,91.223,102.52715686274509,90.284556836665,-0.9384431633349948,20,persistent,102Ah_25degC_1C_cell3,0,1
102Ah_25degC_1C_cell3,8,mask_ridge,91.223,102.52715686274509,90.59303912812967,-0.629960871870324,20,persistent,102Ah_25degC_1C_cell3,0,1
102Ah_25degC_1C_cell3,8,within_cell_ratio_ridge,91.223,102.52715686274509,90.29813440280248,-0.9248655971975239,20,persistent,102Ah_25degC_1C_cell3,0,1
102Ah_25degC_1C_cell3,8,rbf_residual,91.223,102.52715686274509,89.61977686686404,-1.6032231331359554,20,persistent,102Ah_25degC_1C_cell3,0,1
102Ah_25degC_1C_cell3,9,anchor_constant,90.681,102.52715686274509,102.52715686274509,11.84615686274509,20,persistent,102Ah_25degC_1C_cell3,0,1
102Ah_25degC_1C_cell3,9,age_ridge,90.681,102.52715686274509,88.73984121850773,-1.9411587814922626,20,persistent,102Ah_25degC_1C_cell3,0,1
102Ah_25degC_1C_cell3,9,fixed_window_ridge,90.681,102.52715686274509,89.76882213457634,-0.9121778654236579,20,persistent,102Ah_25degC_1C_cell3,0,1
102Ah_25degC_1C_cell3,9,mask_ridge,90.681,102.52715686274509,90.24822918288208,-0.43277081711791254,20,persistent,102Ah_25degC_1C_cell3,0,1
102Ah_25degC_1C_cell3,9,within_cell_ratio_ridge,90.681,102.52715686274509,89.80098140555903,-0.8800185944409691,20,persistent,102Ah_25degC_1C_cell3,0,1
102Ah_25degC_1C_cell3,9,rbf_residual,90.681,102.52715686274509,89.42477134595941,-1.2562286540405836,20,persistent,102Ah_25degC_1C_cell3,0,1
102Ah_25degC_1C_cell3,10,anchor_constant,90.145,102.52715686274509,102.52715686274509,12.382156862745092,20,persistent,102Ah_25degC_1C_cell3,0,1
102Ah_25degC_1C_cell3,10,age_ridge,90.145,102.52715686274509,88.25371684287367,-1.891283157126324,20,persistent,102Ah_25degC_1C_cell3,0,1
102Ah_25degC_1C_cell3,10,fixed_window_ridge,90.145,102.52715686274509,89.26258726640904,-0.8824127335909537,20,persistent,102Ah_25degC_1C_cell3,0,1
102Ah_25degC_1C_cell3,10,mask_ridge,90.145,102.52715686274509,89.89364760575748,-0.25135239424251665,20,persistent,102Ah_25degC_1C_cell3,0,1
102Ah_25degC_1C_cell3,10,within_cell_ratio_ridge,90.145,102.52715686274509,89.31295009842037,-0.832049901579623,20,persistent,102Ah_25degC_1C_cell3,0,1
102Ah_25degC_1C_cell3,10,rbf_residual,90.145,102.52715686274509,88.58111810425699,-1.563881895743009,20,persistent,102Ah_25degC_1C_cell3,0,1
102Ah_25degC_1C_cell3,11,anchor_constant,88.091,102.52715686274509,102.52715686274509,14.436156862745094,20,persistent,102Ah_25degC_1C_cell3,0,1
102Ah_25degC_1C_cell3,11,age_ridge,88.091,102.52715686274509,86.56502823853165,-1.525971761468341,20,persistent,102Ah_25degC_1C_cell3,0,1
102Ah_25degC_1C_cell3,11,fixed_window_ridge,88.091,102.52715686274509,87.53598670501701,-0.5550132949829845,20,persistent,102Ah_25degC_1C_cell3,0,1
102Ah_25degC_1C_cell3,11,mask_ridge,88.091,102.52715686274509,88.27134681756087,0.18034681756087423,20,persistent,102Ah_25degC_1C_cell3,0,1
102Ah_25degC_1C_cell3,11,within_cell_ratio_ridge,88.091,102.52715686274509,87.69849384063632,-0.39250615936367694,20,persistent,102Ah_25degC_1C_cell3,0,1
102Ah_25degC_1C_cell3,11,rbf_residual,88.091,102.52715686274509,86.31306945959412,-1.777930540405876,20,persistent,102Ah_25degC_1C_cell3,0,1
102Ah_25degC_1C_cell3,12,anchor_constant,87.634,102.52715686274509,102.52715686274509,14.893156862745087,20,persistent,102Ah_25degC_1C_cell3,0,1
102Ah_25degC_1C_cell3,12,age_ridge,87.634,102.52715686274509,86.11556194785717,-1.5184380521428267,20,persistent,102Ah_25degC_1C_cell3,0,1
102Ah_25degC_1C_cell3,12,fixed_window_ridge,87.634,102.52715686274509,87.06654794509585,-0.5674520549041517,20,persistent,102Ah_25degC_1C_cell3,0,1
102Ah_25degC_1C_cell3,12,mask_ridge,87.634,102.52715686274509,87.88201015226913,0.24801015226913137,20,persistent,102Ah_25degC_1C_cell3,0,1
102Ah_25degC_1C_cell3,12,within_cell_ratio_ridge,87.634,102.52715686274509,87.24613273704037,-0.3878672629596309,20,persistent,102Ah_25degC_1C_cell3,0,1
102Ah_25degC_1C_cell3,12,rbf_residual,87.634,102.52715686274509,85.79817201130352,-1.8358279886964795,20,persistent,102Ah_25degC_1C_cell3,0,1
102Ah_25degC_1C_cell3,13,anchor_constant,87.186,102.52715686274509,102.52715686274509,15.34115686274508,20,persistent,102Ah_25degC_1C_cell3,0,1
102Ah_25degC_1C_cell3,13,age_ridge,87.186,102.52715686274509,85.57160110910078,-1.6143988908992242,20,persistent,102Ah_25degC_1C_cell3,0,1
102Ah_25degC_1C_cell3,13,fixed_window_ridge,87.186,102.52715686274509,86.50104470875922,-0.684955291240783,20,persistent,102Ah_25degC_1C_cell3,0,1
102Ah_25degC_1C_cell3,13,mask_ridge,87.186,102.52715686274509,87.27132342222576,0.08532342222575551,20,persistent,102Ah_25degC_1C_cell3,0,1
102Ah_25degC_1C_cell3,13,within_cell_ratio_ridge,87.186,102.52715686274509,86.70556112260212,-0.48043887739788715,20,persistent,102Ah_25degC_1C_cell3,0,1
102Ah_25degC_1C_cell3,13,rbf_residual,87.186,102.52715686274509,85.45497737570706,-1.7310226242929474,20,persistent,102Ah_25degC_1C_cell3,0,1
102Ah_25degC_1C_cell3,14,anchor_constant,86.59,102.52715686274509,102.52715686274509,15.937156862745084,20,persistent,102Ah_25degC_1C_cell3,0,1
102Ah_25degC_1C_cell3,14,age_ridge,86.59,102.52715686274509,85.13484845847037,-1.4551515415296308,20,persistent,102Ah_25degC_1C_cell3,0,1
102Ah_25degC_1C_cell3,14,fixed_window_ridge,86.59,102.52715686274509,86.04430547243811,-0.5456945275618921,20,persistent,102Ah_25degC_1C_cell3,0,1
102Ah_25degC_1C_cell3,14,mask_ridge,86.59,102.52715686274509,87.01504540505347,0.4250454050534671,20,persistent,102Ah_25degC_1C_cell3,0,1
102Ah_25degC_1C_cell3,14,within_cell_ratio_ridge,86.59,102.52715686274509,86.26511674296118,-0.32488325703882026,20,persistent,102Ah_25degC_1C_cell3,0,1
102Ah_25degC_1C_cell3,14,rbf_residual,86.59,102.52715686274509,84.64896541867849,-1.9410345813215173,20,persistent,102Ah_25degC_1C_cell3,0,1
102Ah_25degC_1C_cell3,15,anchor_constant,86.06,102.52715686274509,102.52715686274509,16.467156862745085,20,persistent,102Ah_25degC_1C_cell3,0,1
102Ah_25degC_1C_cell3,15,age_ridge,86.06,102.52715686274509,84.63889667911339,-1.4211033208866155,20,persistent,102Ah_25degC_1C_cell3,0,1
102Ah_25degC_1C_cell3,15,fixed_window_ridge,86.06,102.52715686274509,85.52733440154802,-0.5326655984519846,20,persistent,102Ah_25degC_1C_cell3,0,1
102Ah_25degC_1C_cell3,15,mask_ridge,86.06,102.52715686274509,86.5554846293467,0.49548462934669146,20,persistent,102Ah_25degC_1C_cell3,0,1
102Ah_25degC_1C_cell3,15,within_cell_ratio_ridge,86.06,102.52715686274509,85.76948505781274,-0.29051494218725793,20,persistent,102Ah_25degC_1C_cell3,0,1
102Ah_25degC_1C_cell3,15,rbf_residual,86.06,102.52715686274509,83.98825434403238,-2.071745655967618,20,persistent,102Ah_25degC_1C_cell3,0,1
102Ah_25degC_1C_cell3,16,anchor_constant,85.611,102.52715686274509,102.52715686274509,16.916156862745083,20,persistent,102Ah_25degC_1C_cell3,0,1
102Ah_25degC_1C_cell3,16,age_ridge,85.611,102.52715686274509,84.21618532086552,-1.394814679134484,20,persistent,102Ah_25degC_1C_cell3,0,1
102Ah_25degC_1C_cell3,16,fixed_window_ridge,85.611,102.52715686274509,85.08475503276513,-0.5262449672348737,20,persistent,102Ah_25degC_1C_cell3,0,1
102Ah_25degC_1C_cell3,16,mask_ridge,85.611,102.52715686274509,86.1917191164836,0.5807191164835928,20,persistent,102Ah_25degC_1C_cell3,0,1
102Ah_25degC_1C_cell3,16,within_cell_ratio_ridge,85.611,102.52715686274509,85.3423601514971,-0.26863984850290024,20,persistent,102Ah_25degC_1C_cell3,0,1
102Ah_25degC_1C_cell3,16,rbf_residual,85.611,102.52715686274509,83.87950829954627,-1.7314917004537307,20,persistent,102Ah_25degC_1C_cell3,0,1
102Ah_25degC_1C_cell3,17,anchor_constant,85.114,102.52715686274509,102.52715686274509,17.413156862745083,20,persistent,102Ah_25degC_1C_cell3,0,1
102Ah_25degC_1C_cell3,17,age_ridge,85.114,102.52715686274509,83.7560211924378,-1.3579788075622048,20,persistent,102Ah_25degC_1C_cell3,0,1
102Ah_25degC_1C_cell3,17,fixed_window_ridge,85.114,102.52715686274509,84.60415578980475,-0.5098442101952543,20,persistent,102Ah_25degC_1C_cell3,0,1
102Ah_25degC_1C_cell3,17,mask_ridge,85.114,102.52715686274509,85.78436160747435,0.6703616074743479,20,persistent,102Ah_25degC_1C_cell3,0,1
102Ah_25degC_1C_cell3,17,within_cell_ratio_ridge,85.114,102.52715686274509,84.88062639335573,-0.2333736066442782,20,persistent,102Ah_25degC_1C_cell3,0,1
102Ah_25degC_1C_cell3,17,rbf_residual,85.114,102.52715686274509,83.35078844575153,-1.7632115542484712,20,persistent,102Ah_25degC_1C_cell3,0,1
102Ah_25degC_1C_cell3,18,anchor_constant,84.615,102.52715686274509,102.52715686274509,17.912156862745093,20,persistent,102Ah_25degC_1C_cell3,0,1
102Ah_25degC_1C_cell3,18,age_ridge,84.615,102.52715686274509,83.33517193163246,-1.2798280683675358,20,persistent,102Ah_25degC_1C_cell3,0,1
102Ah_25degC_1C_cell3,18,fixed_window_ridge,84.615,102.52715686274509,84.16338878592869,-0.4516112140713062,20,persistent,102Ah_25degC_1C_cell3,0,1
102Ah_25degC_1C_cell3,18,mask_ridge,84.615,102.52715686274509,85.3675391446661,0.7525391446661018,20,persistent,102Ah_25degC_1C_cell3,0,1
102Ah_25degC_1C_cell3,18,within_cell_ratio_ridge,84.615,102.52715686274509,84.45541189402871,-0.15958810597128092,20,persistent,102Ah_25degC_1C_cell3,0,1
102Ah_25degC_1C_cell3,18,rbf_residual,84.615,102.52715686274509,82.48638612598384,-2.1286138740161533,20,persistent,102Ah_25degC_1C_cell3,0,1
102Ah_25degC_1C_cell3,19,anchor_constant,84.043,102.52715686274509,102.52715686274509,18.48415686274508,20,persistent,102Ah_25degC_1C_cell3,0,1
102Ah_25degC_1C_cell3,19,age_ridge,84.043,102.52715686274509,82.86704269896664,-1.175957301033364,20,persistent,102Ah_25degC_1C_cell3,0,1
102Ah_25degC_1C_cell3,19,fixed_window_ridge,84.043,102.52715686274509,83.67450496574754,-0.36849503425246155,20,persistent,102Ah_25degC_1C_cell3,0,1
102Ah_25degC_1C_cell3,19,mask_ridge,84.043,102.52715686274509,85.02267034680551,0.9796703468055057,20,persistent,102Ah_25degC_1C_cell3,0,1
102Ah_25degC_1C_cell3,19,within_cell_ratio_ridge,84.043,102.52715686274509,83.98619726524345,-0.05680273475655895,20,persistent,102Ah_25degC_1C_cell3,0,1
102Ah_25degC_1C_cell3,19,rbf_residual,84.043,102.52715686274509,82.30076759504284,-1.7422324049571642,20,persistent,102Ah_25degC_1C_cell3,0,1
102Ah_25degC_1C_cell3,20,anchor_constant,83.473,102.52715686274509,102.52715686274509,19.05415686274509,20,persistent,102Ah_25degC_1C_cell3,0,1
102Ah_25degC_1C_cell3,20,age_ridge,83.473,102.52715686274509,82.45599633658136,-1.0170036634186346,20,persistent,102Ah_25degC_1C_cell3,0,1
102Ah_25degC_1C_cell3,20,fixed_window_ridge,83.473,102.52715686274509,83.24373000684815,-0.2292699931518456,20,persistent,102Ah_25degC_1C_cell3,0,1
102Ah_25degC_1C_cell3,20,mask_ridge,83.473,102.52715686274509,84.60188889008722,1.1288888900872251,20,persistent,102Ah_25degC_1C_cell3,0,1
102Ah_25degC_1C_cell3,20,within_cell_ratio_ridge,83.473,102.52715686274509,83.57053247527952,0.09753247527952169,20,persistent,102Ah_25degC_1C_cell3,0,1
102Ah_25degC_1C_cell3,20,rbf_residual,83.473,102.52715686274509,81.45144594539249,-2.021554054607506,20,persistent,102Ah_25degC_1C_cell3,0,1
102Ah_25degC_1C_cell3,21,anchor_constant,82.835,102.52715686274509,102.52715686274509,19.692156862745094,20,persistent,102Ah_25degC_1C_cell3,0,1
102Ah_25degC_1C_cell3,21,age_ridge,82.835,102.52715686274509,82.040149247399,-0.7948507526009934,20,persistent,102Ah_25degC_1C_cell3,0,1
102Ah_25degC_1C_cell3,21,fixed_window_ridge,82.835,102.52715686274509,82.80793428646479,-0.027065713535208147,20,persistent,102Ah_25degC_1C_cell3,0,1
102Ah_25degC_1C_cell3,21,mask_ridge,82.835,102.52715686274509,84.18410687238168,1.3491068723816824,20,persistent,102Ah_25degC_1C_cell3,0,1
102Ah_25degC_1C_cell3,21,within_cell_ratio_ridge,82.835,102.52715686274509,83.15020144828601,0.31520144828601815,20,persistent,102Ah_25degC_1C_cell3,0,1
102Ah_25degC_1C_cell3,21,rbf_residual,82.835,102.52715686274509,80.90289315201434,-1.9321068479856507,20,persistent,102Ah_25degC_1C_cell3,0,1
102Ah_25degC_1C_cell3,22,anchor_constant,81.961,102.52715686274509,102.52715686274509,20.56615686274509,20,persistent,102Ah_25degC_1C_cell3,0,1
102Ah_25degC_1C_cell3,22,age_ridge,81.961,102.52715686274509,81.50043767009167,-0.4605623299083277,20,persistent,102Ah_25degC_1C_cell3,0,1
102Ah_25degC_1C_cell3,22,fixed_window_ridge,81.961,102.52715686274509,82.24609823678313,0.28509823678312785,20,persistent,102Ah_25degC_1C_cell3,0,1
102Ah_25degC_1C_cell3,22,mask_ridge,81.961,102.52715686274509,83.7259307278116,1.7649307278116027,20,persistent,102Ah_25degC_1C_cell3,0,1
102Ah_25degC_1C_cell3,22,within_cell_ratio_ridge,81.961,102.52715686274509,82.61459548000852,0.6535954800085193,20,persistent,102Ah_25degC_1C_cell3,0,1
102Ah_25degC_1C_cell3,22,rbf_residual,81.961,102.52715686274509,80.27339987296072,-1.6876001270392749,20,persistent,102Ah_25degC_1C_cell3,0,1
102Ah_25degC_1C_cell3,23,anchor_constant,81.241,102.52715686274509,102.52715686274509,21.286156862745088,20,persistent,102Ah_25degC_1C_cell3,0,1
102Ah_25degC_1C_cell3,23,age_ridge,81.241,102.52715686274509,81.08593706924914,-0.15506293075085864,20,persistent,102Ah_25degC_1C_cell3,0,1
102Ah_25degC_1C_cell3,23,fixed_window_ridge,81.241,102.52715686274509,81.81161007227067,0.570610072270668,20,persistent,102Ah_25degC_1C_cell3,0,1
102Ah_25degC_1C_cell3,23,mask_ridge,81.241,102.52715686274509,83.32922794909365,2.0882279490936497,20,persistent,102Ah_25degC_1C_cell3,0,1
102Ah_25degC_1C_cell3,23,within_cell_ratio_ridge,81.241,102.52715686274509,82.19568169442988,0.9546816944298797,20,persistent,102Ah_25degC_1C_cell3,0,1
102Ah_25degC_1C_cell3,23,rbf_residual,81.241,102.52715686274509,79.76809881889892,-1.4729011811010793,20,persistent,102Ah_25degC_1C_cell3,0,1
102Ah_25degC_1C_cell3,24,anchor_constant,80.472,102.52715686274509,102.52715686274509,22.055156862745093,20,persistent,102Ah_25degC_1C_cell3,0,1
102Ah_25degC_1C_cell3,24,age_ridge,80.472,102.52715686274509,80.67903340072291,0.20703340072292065,20,persistent,102Ah_25degC_1C_cell3,0,1
102Ah_25degC_1C_cell3,24,fixed_window_ridge,80.472,102.52715686274509,81.38482648459761,0.9128264845976162,20,persistent,102Ah_25degC_1C_cell3,0,1
102Ah_25degC_1C_cell3,24,mask_ridge,80.472,102.52715686274509,82.95026545447863,2.478265454478631,20,persistent,102Ah_25degC_1C_cell3,0,1
102Ah_25degC_1C_cell3,24,within_cell_ratio_ridge,80.472,102.52715686274509,81.78389551238651,1.3118955123865135,20,persistent,102Ah_25degC_1C_cell3,0,1
102Ah_25degC_1C_cell3,24,rbf_residual,80.472,102.52715686274509,79.2761443555895,-1.1958556444105,20,persistent,102Ah_25degC_1C_cell3,0,1
102Ah_25degC_1C_cell3,25,anchor_constant,79.606,102.52715686274509,102.52715686274509,22.921156862745093,20,persistent,102Ah_25degC_1C_cell3,0,1
102Ah_25degC_1C_cell3,25,age_ridge,79.606,102.52715686274509,80.2794977664023,0.6734977664023063,20,persistent,102Ah_25degC_1C_cell3,0,1
102Ah_25degC_1C_cell3,25,fixed_window_ridge,79.606,102.52715686274509,80.9655164893107,1.3595164893107068,20,persistent,102Ah_25degC_1C_cell3,0,1
102Ah_25degC_1C_cell3,25,mask_ridge,79.606,102.52715686274509,82.5608692223924,2.9548692223924036,20,persistent,102Ah_25degC_1C_cell3,0,1
102Ah_25degC_1C_cell3,25,within_cell_ratio_ridge,79.606,102.52715686274509,81.37901605600356,1.77301605600357,20,persistent,102Ah_25degC_1C_cell3,0,1
102Ah_25degC_1C_cell3,25,rbf_residual,79.606,102.52715686274509,79.14730613343028,-0.45869386656971756,20,persistent,102Ah_25degC_1C_cell3,0,1
102Ah_25degC_1C_cell3,26,anchor_constant,78.648,102.52715686274509,102.52715686274509,23.87915686274509,20,persistent,102Ah_25degC_1C_cell3,0,1
102Ah_25degC_1C_cell3,26,age_ridge,78.648,102.52715686274509,79.88677895530179,1.2387789553017967,20,persistent,102Ah_25degC_1C_cell3,0,1
102Ah_25degC_1C_cell3,26,fixed_window_ridge,78.648,102.52715686274509,80.55313293941076,1.9051329394107626,20,persistent,102Ah_25degC_1C_cell3,0,1
102Ah_25degC_1C_cell3,26,mask_ridge,78.648,102.52715686274509,82.19534663966306,3.5473466396630613,20,persistent,102Ah_25degC_1C_cell3,0,1
102Ah_25degC_1C_cell3,26,within_cell_ratio_ridge,78.648,102.52715686274509,80.98052741610411,2.3325274161041136,20,persistent,102Ah_25degC_1C_cell3,0,1
102Ah_25degC_1C_cell3,26,rbf_residual,78.648,102.52715686274509,78.34483585407487,-0.3031641459251233,20,persistent,102Ah_25degC_1C_cell3,0,1
102Ah_25degC_1C_cell3,27,anchor_constant,77.549,102.52715686274509,102.52715686274509,24.97815686274508,20,persistent,102Ah_25degC_1C_cell3,0,1
102Ah_25degC_1C_cell3,27,age_ridge,77.549,102.52715686274509,79.48402601978425,1.935026019784246,20,persistent,102Ah_25degC_1C_cell3,0,1
102Ah_25degC_1C_cell3,27,fixed_window_ridge,77.549,102.52715686274509,80.13050705411919,2.581507054119186,20,persistent,102Ah_25degC_1C_cell3,0,1
102Ah_25degC_1C_cell3,27,mask_ridge,77.549,102.52715686274509,81.8377932286694,4.288793228669391,20,persistent,102Ah_25degC_1C_cell3,0,1
102Ah_25degC_1C_cell3,27,within_cell_ratio_ridge,77.549,102.52715686274509,80.57274808351869,3.023748083518683,20,persistent,102Ah_25degC_1C_cell3,0,1
102Ah_25degC_1C_cell3,27,rbf_residual,77.549,102.52715686274509,77.83408946020656,0.28508946020654946,20,persistent,102Ah_25degC_1C_cell3,0,1
102Ah_25degC_1C_cell3,28,anchor_constant,76.204,102.52715686274509,102.52715686274509,26.323156862745094,20,persistent,102Ah_25degC_1C_cell3,0,1
102Ah_25degC_1C_cell3,28,age_ridge,76.204,102.52715686274509,79.07682787802258,2.8728278780225907,20,persistent,102Ah_25degC_1C_cell3,0,1
102Ah_25degC_1C_cell3,28,fixed_window_ridge,76.204,102.52715686274509,79.7033490259403,3.4993490259403046,20,persistent,102Ah_25degC_1C_cell3,0,1
102Ah_25degC_1C_cell3,28,mask_ridge,76.204,102.52715686274509,81.47190207896898,5.267902078968987,20,persistent,102Ah_25degC_1C_cell3,0,1
102Ah_25degC_1C_cell3,28,within_cell_ratio_ridge,76.204,102.52715686274509,80.16088639294554,3.956886392945549,20,persistent,102Ah_25degC_1C_cell3,0,1
102Ah_25degC_1C_cell3,28,rbf_residual,76.204,102.52715686274509,77.74952828035161,1.5455282803516184,20,persistent,102Ah_25degC_1C_cell3,0,1
102Ah_25degC_1C_cell3,29,anchor_constant,73.38,102.52715686274509,102.52715686274509,29.147156862745092,20,persistent,102Ah_25degC_1C_cell3,0,1
102Ah_25degC_1C_cell3,29,age_ridge,73.38,102.52715686274509,76.26352121501418,2.8835212150141842,20,persistent,102Ah_25degC_1C_cell3,0,1
102Ah_25degC_1C_cell3,29,fixed_window_ridge,73.38,102.52715686274509,76.8898502950264,3.5098502950264105,20,persistent,102Ah_25degC_1C_cell3,0,1
102Ah_25degC_1C_cell3,29,mask_ridge,73.38,102.52715686274509,79.73316969256328,6.353169692563284,20,persistent,102Ah_25degC_1C_cell3,0,1
102Ah_25degC_1C_cell3,29,within_cell_ratio_ridge,73.38,102.52715686274509,77.53599930545283,4.155999305452838,20,persistent,102Ah_25degC_1C_cell3,0,1
102Ah_25degC_1C_cell3,29,rbf_residual,73.38,102.52715686274509,74.23944356948058,0.8594435694805895,20,persistent,102Ah_25degC_1C_cell3,0,1
102Ah_25degC_1C_cell3,30,anchor_constant,70.854,102.52715686274509,102.52715686274509,31.67315686274509,20,persistent,102Ah_25degC_1C_cell3,0,1
102Ah_25degC_1C_cell3,30,age_ridge,70.854,102.52715686274509,76.48609721346665,5.6320972134666505,20,persistent,102Ah_25degC_1C_cell3,0,1
102Ah_25degC_1C_cell3,30,fixed_window_ridge,70.854,102.52715686274509,77.1025233032702,6.248523303270204,20,persistent,102Ah_25degC_1C_cell3,0,1
102Ah_25degC_1C_cell3,30,mask_ridge,70.854,102.52715686274509,79.71885985549456,8.864859855494558,20,persistent,102Ah_25degC_1C_cell3,0,1
102Ah_25degC_1C_cell3,30,within_cell_ratio_ridge,70.854,102.52715686274509,77.73843342404038,6.884433424040381,20,persistent,102Ah_25degC_1C_cell3,0,1
102Ah_25degC_1C_cell3,30,rbf_residual,70.854,102.52715686274509,74.43903933707716,3.5850393370771627,20,persistent,102Ah_25degC_1C_cell3,0,1
102Ah_35degC_1C_cell1,1,anchor_constant,97.944,102.1385294117647,102.1385294117647,4.194529411764691,20,persistent,102Ah_35degC_1C_cell1,0,1
102Ah_35degC_1C_cell1,1,age_ridge,97.944,102.1385294117647,95.72975650041404,-2.2142434995859617,20,persistent,102Ah_35degC_1C_cell1,0,1
102Ah_35degC_1C_cell1,1,fixed_window_ridge,97.944,102.1385294117647,95.49614591458194,-2.447854085418058,20,persistent,102Ah_35degC_1C_cell1,0,1
102Ah_35degC_1C_cell1,1,mask_ridge,97.944,102.1385294117647,96.20361437298047,-1.7403856270195348,20,persistent,102Ah_35degC_1C_cell1,0,1
102Ah_35degC_1C_cell1,1,within_cell_ratio_ridge,97.944,102.1385294117647,95.5188265448588,-2.4251734551412056,20,persistent,102Ah_35degC_1C_cell1,0,1
102Ah_35degC_1C_cell1,1,rbf_residual,97.944,102.1385294117647,98.28975432156027,0.3457543215602641,20,persistent,102Ah_35degC_1C_cell1,0,1
102Ah_35degC_1C_cell1,2,anchor_constant,96.746,102.1385294117647,102.1385294117647,5.3925294117646985,20,persistent,102Ah_35degC_1C_cell1,0,1
102Ah_35degC_1C_cell1,2,age_ridge,96.746,102.1385294117647,94.21888019027998,-2.52711980972002,20,persistent,102Ah_35degC_1C_cell1,0,1
102Ah_35degC_1C_cell1,2,fixed_window_ridge,96.746,102.1385294117647,94.04133691220903,-2.704663087790962,20,persistent,102Ah_35degC_1C_cell1,0,1
102Ah_35degC_1C_cell1,2,mask_ridge,96.746,102.1385294117647,94.73053702388616,-2.015462976113838,20,persistent,102Ah_35degC_1C_cell1,0,1
102Ah_35degC_1C_cell1,2,within_cell_ratio_ridge,96.746,102.1385294117647,94.07329493389982,-2.6727050661001783,20,persistent,102Ah_35degC_1C_cell1,0,1
102Ah_35degC_1C_cell1,2,rbf_residual,96.746,102.1385294117647,97.75705936336416,1.0110593633641685,20,persistent,102Ah_35degC_1C_cell1,0,1
102Ah_35degC_1C_cell1,3,anchor_constant,95.84,102.1385294117647,102.1385294117647,6.29852941176469,20,persistent,102Ah_35degC_1C_cell1,0,1
102Ah_35degC_1C_cell1,3,age_ridge,95.84,102.1385294117647,93.05600601088551,-2.7839939891144923,20,persistent,102Ah_35degC_1C_cell1,0,1
102Ah_35degC_1C_cell1,3,fixed_window_ridge,95.84,102.1385294117647,92.93103375059212,-2.9089662494078823,20,persistent,102Ah_35degC_1C_cell1,0,1
102Ah_35degC_1C_cell1,3,mask_ridge,95.84,102.1385294117647,93.61288792593163,-2.2271120740683727,20,persistent,102Ah_35degC_1C_cell1,0,1
102Ah_35degC_1C_cell1,3,within_cell_ratio_ridge,95.84,102.1385294117647,92.96660657126365,-2.8733934287363496,20,persistent,102Ah_35degC_1C_cell1,0,1
102Ah_35degC_1C_cell1,3,rbf_residual,95.84,102.1385294117647,96.65453763874619,0.814537638746188,20,persistent,102Ah_35degC_1C_cell1,0,1
102Ah_35degC_1C_cell1,4,anchor_constant,95.05,102.1385294117647,102.1385294117647,7.088529411764696,20,persistent,102Ah_35degC_1C_cell1,0,1
102Ah_35degC_1C_cell1,4,age_ridge,95.05,102.1385294117647,92.04675576645788,-3.0032442335421194,20,persistent,102Ah_35degC_1C_cell1,0,1
102Ah_35degC_1C_cell1,4,fixed_window_ridge,95.05,102.1385294117647,91.97294168605595,-3.0770583139440504,20,persistent,102Ah_35degC_1C_cell1,0,1
102Ah_35degC_1C_cell1,4,mask_ridge,95.05,102.1385294117647,92.65329293443301,-2.3967070655669858,20,persistent,102Ah_35degC_1C_cell1,0,1
102Ah_35degC_1C_cell1,4,within_cell_ratio_ridge,95.05,102.1385294117647,92.00955773662537,-3.0404422633746293,20,persistent,102Ah_35degC_1C_cell1,0,1
102Ah_35degC_1C_cell1,4,rbf_residual,95.05,102.1385294117647,95.64129947863002,0.5912994786300203,20,persistent,102Ah_35degC_1C_cell1,0,1
102Ah_35degC_1C_cell1,5,anchor_constant,94.325,102.1385294117647,102.1385294117647,7.813529411764691,20,persistent,102Ah_35degC_1C_cell1,0,1
102Ah_35degC_1C_cell1,5,age_ridge,94.325,102.1385294117647,91.1183143601487,-3.206685639851301,20,persistent,102Ah_35degC_1C_cell1,0,1
102Ah_35degC_1C_cell1,5,fixed_window_ridge,94.325,102.1385294117647,91.09525131393744,-3.229748686062564,20,persistent,102Ah_35degC_1C_cell1,0,1
102Ah_35degC_1C_cell1,5,mask_ridge,94.325,102.1385294117647,91.7767769303409,-2.5482230696591017,20,persistent,102Ah_35degC_1C_cell1,0,1
102Ah_35degC_1C_cell1,5,within_cell_ratio_ridge,94.325,102.1385294117647,91.1315444647795,-3.193455535220508,20,persistent,102Ah_35degC_1C_cell1,0,1
102Ah_35degC_1C_cell1,5,rbf_residual,94.325,102.1385294117647,94.62211364817406,0.2971136481740615,20,persistent,102Ah_35degC_1C_cell1,0,1
102Ah_35degC_1C_cell1,6,anchor_constant,93.595,102.1385294117647,102.1385294117647,8.543529411764695,20,persistent,102Ah_35degC_1C_cell1,0,1
102Ah_35degC_1C_cell1,6,age_ridge,93.595,102.1385294117647,90.22725334244768,-3.367746657552317,20,persistent,102Ah_35degC_1C_cell1,0,1
102Ah_35degC_1C_cell1,6,fixed_window_ridge,93.595,102.1385294117647,90.2558688819136,-3.3391311180863994,20,persistent,102Ah_35degC_1C_cell1,0,1
102Ah_35degC_1C_cell1,6,mask_ridge,93.595,102.1385294117647,90.94138396843522,-2.6536160315647805,20,persistent,102Ah_35degC_1C_cell1,0,1
102Ah_35degC_1C_cell1,6,within_cell_ratio_ridge,93.595,102.1385294117647,90.29096658030079,-3.304033419699209,20,persistent,102Ah_35degC_1C_cell1,0,1
102Ah_35degC_1C_cell1,6,rbf_residual,93.595,102.1385294117647,93.65122239258108,0.056222392581076974,20,persistent,102Ah_35degC_1C_cell1,0,1
102Ah_35degC_1C_cell1,7,anchor_constant,92.852,102.1385294117647,102.1385294117647,9.28652941176469,20,persistent,102Ah_35degC_1C_cell1,0,1
102Ah_35degC_1C_cell1,7,age_ridge,92.852,102.1385294117647,89.25673229615279,-3.595267703847213,20,persistent,102Ah_35degC_1C_cell1,0,1
102Ah_35degC_1C_cell1,7,fixed_window_ridge,92.852,102.1385294117647,89.34547332879961,-3.5065266712003904,20,persistent,102Ah_35degC_1C_cell1,0,1
102Ah_35degC_1C_cell1,7,mask_ridge,92.852,102.1385294117647,90.03407712874817,-2.817922871251838,20,persistent,102Ah_35degC_1C_cell1,0,1
102Ah_35degC_1C_cell1,7,within_cell_ratio_ridge,92.852,102.1385294117647,89.37914404726968,-3.4728559527303275,20,persistent,102Ah_35degC_1C_cell1,0,1
102Ah_35degC_1C_cell1,7,rbf_residual,92.852,102.1385294117647,92.62799545614412,-0.22400454385588375,20,persistent,102Ah_35degC_1C_cell1,0,1
102Ah_35degC_1C_cell1,8,anchor_constant,92.207,102.1385294117647,102.1385294117647,9.9315294117647,20,persistent,102Ah_35degC_1C_cell1,0,1
102Ah_35degC_1C_cell1,8,age_ridge,92.207,102.1385294117647,88.46991583320839,-3.737084166791604,20,persistent,102Ah_35degC_1C_cell1,0,1
102Ah_35degC_1C_cell1,8,fixed_window_ridge,92.207,102.1385294117647,88.60844009293949,-3.5985599070605048,20,persistent,102Ah_35degC_1C_cell1,0,1
102Ah_35degC_1C_cell1,8,mask_ridge,92.207,102.1385294117647,89.30394668022387,-2.90305331977612,20,persistent,102Ah_35degC_1C_cell1,0,1
102Ah_35degC_1C_cell1,8,within_cell_ratio_ridge,92.207,102.1385294117647,88.63938080527663,-3.5676191947233633,20,persistent,102Ah_35degC_1C_cell1,0,1
102Ah_35degC_1C_cell1,8,rbf_residual,92.207,102.1385294117647,91.66248401005193,-0.5445159899480672,20,persistent,102Ah_35degC_1C_cell1,0,1
102Ah_35degC_1C_cell1,9,anchor_constant,91.607,102.1385294117647,102.1385294117647,10.531529411764694,20,persistent,102Ah_35degC_1C_cell1,0,1
102Ah_35degC_1C_cell1,9,age_ridge,91.607,102.1385294117647,87.62490214701816,-3.9820978529818376,20,persistent,102Ah_35degC_1C_cell1,0,1
102Ah_35degC_1C_cell1,9,fixed_window_ridge,91.607,102.1385294117647,87.81949468161588,-3.7875053183841203,20,persistent,102Ah_35degC_1C_cell1,0,1
102Ah_35degC_1C_cell1,9,mask_ridge,91.607,102.1385294117647,88.52221325283965,-3.0847867471603507,20,persistent,102Ah_35degC_1C_cell1,0,1
102Ah_35degC_1C_cell1,9,within_cell_ratio_ridge,91.607,102.1385294117647,87.84750689546583,-3.7594931045341724,20,persistent,102Ah_35degC_1C_cell1,0,1
102Ah_35degC_1C_cell1,9,rbf_residual,91.607,102.1385294117647,90.69485205432207,-0.9121479456779298,20,persistent,102Ah_35degC_1C_cell1,0,1
102Ah_35degC_1C_cell1,10,anchor_constant,90.941,102.1385294117647,102.1385294117647,11.197529411764691,20,persistent,102Ah_35degC_1C_cell1,0,1
102Ah_35degC_1C_cell1,10,age_ridge,90.941,102.1385294117647,86.88451652030615,-4.056483479693853,20,persistent,102Ah_35degC_1C_cell1,0,1
102Ah_35degC_1C_cell1,10,fixed_window_ridge,90.941,102.1385294117647,87.1284396707338,-3.812560329266205,20,persistent,102Ah_35degC_1C_cell1,0,1
102Ah_35degC_1C_cell1,10,mask_ridge,90.941,102.1385294117647,87.84026470748633,-3.1007352925136757,20,persistent,102Ah_35degC_1C_cell1,0,1
102Ah_35degC_1C_cell1,10,within_cell_ratio_ridge,90.941,102.1385294117647,87.1529564756202,-3.788043524379802,20,persistent,102Ah_35degC_1C_cell1,0,1
102Ah_35degC_1C_cell1,10,rbf_residual,90.941,102.1385294117647,89.20828578863862,-1.7327142113613831,20,persistent,102Ah_35degC_1C_cell1,0,1
102Ah_35degC_1C_cell1,11,anchor_constant,89.839,102.1385294117647,102.1385294117647,12.299529411764695,20,persistent,102Ah_35degC_1C_cell1,0,1
102Ah_35degC_1C_cell1,11,age_ridge,89.839,102.1385294117647,86.15614921861989,-3.682850781380111,20,persistent,102Ah_35degC_1C_cell1,0,1
102Ah_35degC_1C_cell1,11,fixed_window_ridge,89.839,102.1385294117647,86.44942395050693,-3.3895760494930727,20,persistent,102Ah_35degC_1C_cell1,0,1
102Ah_35degC_1C_cell1,11,mask_ridge,89.839,102.1385294117647,87.1718249756131,-2.667175024386893,20,persistent,102Ah_35degC_1C_cell1,0,1
102Ah_35degC_1C_cell1,11,within_cell_ratio_ridge,89.839,102.1385294117647,86.47018571538763,-3.3688142846123696,20,persistent,102Ah_35degC_1C_cell1,0,1
102Ah_35degC_1C_cell1,11,rbf_residual,89.839,102.1385294117647,88.83889746029291,-1.0001025397070862,20,persistent,102Ah_35degC_1C_cell1,0,1
102Ah_35degC_1C_cell1,12,anchor_constant,89.102,102.1385294117647,102.1385294117647,13.03652941176469,20,persistent,102Ah_35degC_1C_cell1,0,1
102Ah_35degC_1C_cell1,12,age_ridge,89.102,102.1385294117647,85.28874693402227,-3.813253065977733,20,persistent,102Ah_35degC_1C_cell1,0,1
102Ah_35degC_1C_cell1,12,fixed_window_ridge,89.102,102.1385294117647,85.6449917411881,-3.4570082588119107,20,persistent,102Ah_35degC_1C_cell1,0,1
102Ah_35degC_1C_cell1,12,mask_ridge,89.102,102.1385294117647,86.37450307796374,-2.7274969220362664,20,persistent,102Ah_35degC_1C_cell1,0,1
102Ah_35degC_1C_cell1,12,within_cell_ratio_ridge,89.102,102.1385294117647,85.66187558832644,-3.4401244116735654,20,persistent,102Ah_35degC_1C_cell1,0,1
102Ah_35degC_1C_cell1,12,rbf_residual,89.102,102.1385294117647,87.79896960786174,-1.3030303921382682,20,persistent,102Ah_35degC_1C_cell1,0,1
102Ah_35degC_1C_cell1,13,anchor_constant,88.517,102.1385294117647,102.1385294117647,13.621529411764698,20,persistent,102Ah_35degC_1C_cell1,0,1
102Ah_35degC_1C_cell1,13,age_ridge,88.517,102.1385294117647,84.59343348262377,-3.92356651737623,20,persistent,102Ah_35degC_1C_cell1,0,1
102Ah_35degC_1C_cell1,13,fixed_window_ridge,88.517,102.1385294117647,84.99842087721214,-3.5185791227878553,20,persistent,102Ah_35degC_1C_cell1,0,1
102Ah_35degC_1C_cell1,13,mask_ridge,88.517,102.1385294117647,85.73842180232658,-2.7785781976734114,20,persistent,102Ah_35degC_1C_cell1,0,1
102Ah_35degC_1C_cell1,13,within_cell_ratio_ridge,88.517,102.1385294117647,85.01109835463714,-3.5059016453628544,20,persistent,102Ah_35degC_1C_cell1,0,1
102Ah_35degC_1C_cell1,13,rbf_residual,88.517,102.1385294117647,86.85412926331,-1.662870736689996,20,persistent,102Ah_35degC_1C_cell1,0,1
102Ah_35degC_1C_cell1,14,anchor_constant,87.874,102.1385294117647,102.1385294117647,14.264529411764698,20,persistent,102Ah_35degC_1C_cell1,0,1
102Ah_35degC_1C_cell1,14,age_ridge,87.874,102.1385294117647,83.90720701068594,-3.966792989314058,20,persistent,102Ah_35degC_1C_cell1,0,1
102Ah_35degC_1C_cell1,14,fixed_window_ridge,87.874,102.1385294117647,84.36081310463456,-3.513186895365436,20,persistent,102Ah_35degC_1C_cell1,0,1
102Ah_35degC_1C_cell1,14,mask_ridge,87.874,102.1385294117647,85.11192582890985,-2.7620741710901484,20,persistent,102Ah_35degC_1C_cell1,0,1
102Ah_35degC_1C_cell1,14,within_cell_ratio_ridge,87.874,102.1385294117647,84.36913727841306,-3.5048627215869317,20,persistent,102Ah_35degC_1C_cell1,0,1
102Ah_35degC_1C_cell1,14,rbf_residual,87.874,102.1385294117647,85.9202464058146,-1.9537535941854003,20,persistent,102Ah_35degC_1C_cell1,0,1
102Ah_35degC_1C_cell1,15,anchor_constant,87.254,102.1385294117647,102.1385294117647,14.884529411764689,20,persistent,102Ah_35degC_1C_cell1,0,1
102Ah_35degC_1C_cell1,15,age_ridge,87.254,102.1385294117647,83.22570334392955,-4.028296656070452,20,persistent,102Ah_35degC_1C_cell1,0,1
102Ah_35degC_1C_cell1,15,fixed_window_ridge,87.254,102.1385294117647,83.72812845426164,-3.5258715457383687,20,persistent,102Ah_35degC_1C_cell1,0,1
102Ah_35degC_1C_cell1,15,mask_ridge,87.254,102.1385294117647,84.49074628045372,-2.7632537195462845,20,persistent,102Ah_35degC_1C_cell1,0,1
102Ah_35degC_1C_cell1,15,within_cell_ratio_ridge,87.254,102.1385294117647,83.7319726317524,-3.522027368247606,20,persistent,102Ah_35degC_1C_cell1,0,1
102Ah_35degC_1C_cell1,15,rbf_residual,87.254,102.1385294117647,84.34687456024774,-2.9071254397522637,20,persistent,102Ah_35degC_1C_cell1,0,1
102Ah_35degC_1C_cell1,16,anchor_constant,86.669,102.1385294117647,102.1385294117647,15.469529411764697,20,persistent,102Ah_35degC_1C_cell1,0,1
102Ah_35degC_1C_cell1,16,age_ridge,86.669,102.1385294117647,82.52205173219679,-4.146948267803211,20,persistent,102Ah_35degC_1C_cell1,0,1
102Ah_35degC_1C_cell1,16,fixed_window_ridge,86.669,102.1385294117647,83.07608128797992,-3.5929187120200794,20,persistent,102Ah_35degC_1C_cell1,0,1
102Ah_35degC_1C_cell1,16,mask_ridge,86.669,102.1385294117647,83.8334039636329,-2.835596036367093,20,persistent,102Ah_35degC_1C_cell1,0,1
102Ah_35degC_1C_cell1,16,within_cell_ratio_ridge,86.669,102.1385294117647,83.07532498386178,-3.5936750161382207,20,persistent,102Ah_35degC_1C_cell1,0,1
102Ah_35degC_1C_cell1,16,rbf_residual,86.669,102.1385294117647,82.34297162947651,-4.326028370523488,20,persistent,102Ah_35degC_1C_cell1,0,1
102Ah_35degC_1C_cell1,17,anchor_constant,86.04,102.1385294117647,102.1385294117647,16.098529411764687,20,persistent,102Ah_35degC_1C_cell1,0,1
102Ah_35degC_1C_cell1,17,age_ridge,86.04,102.1385294117647,81.7976381975715,-4.242361802428505,20,persistent,102Ah_35degC_1C_cell1,0,1
102Ah_35degC_1C_cell1,17,fixed_window_ridge,86.04,102.1385294117647,82.40607302626783,-3.633926973732173,20,persistent,102Ah_35degC_1C_cell1,0,1
102Ah_35degC_1C_cell1,17,mask_ridge,86.04,102.1385294117647,83.1728591809125,-2.86714081908751,20,persistent,102Ah_35degC_1C_cell1,0,1
102Ah_35degC_1C_cell1,17,within_cell_ratio_ridge,86.04,102.1385294117647,82.4005340930531,-3.63946590694691,20,persistent,102Ah_35degC_1C_cell1,0,1
102Ah_35degC_1C_cell1,17,rbf_residual,86.04,102.1385294117647,81.00828306951873,-5.031716930481281,20,persistent,102Ah_35degC_1C_cell1,0,1
102Ah_35degC_1C_cell1,18,anchor_constant,85.225,102.1385294117647,102.1385294117647,16.9135294117647,20,persistent,102Ah_35degC_1C_cell1,0,1
102Ah_35degC_1C_cell1,18,age_ridge,85.225,102.1385294117647,81.06636887423791,-4.158631125762085,20,persistent,102Ah_35degC_1C_cell1,0,1
102Ah_35degC_1C_cell1,18,fixed_window_ridge,85.225,102.1385294117647,81.73070763105954,-3.4942923689404495,20,persistent,102Ah_35degC_1C_cell1,0,1
102Ah_35degC_1C_cell1,18,mask_ridge,85.225,102.1385294117647,82.51245502832647,-2.7125449716735233,20,persistent,102Ah_35degC_1C_cell1,0,1
102Ah_35degC_1C_cell1,18,within_cell_ratio_ridge,85.225,102.1385294117647,81.72016831645678,-3.504831683543216,20,persistent,102Ah_35degC_1C_cell1,0,1
102Ah_35degC_1C_cell1,18,rbf_residual,85.225,102.1385294117647,80.43463850138899,-4.790361498611006,20,persistent,102Ah_35degC_1C_cell1,0,1
102Ah_35degC_1C_cell1,19,anchor_constant,84.635,102.1385294117647,102.1385294117647,17.50352941176469,20,persistent,102Ah_35degC_1C_cell1,0,1
102Ah_35degC_1C_cell1,19,age_ridge,84.635,102.1385294117647,80.41193223858355,-4.223067761416459,20,persistent,102Ah_35degC_1C_cell1,0,1
102Ah_35degC_1C_cell1,19,fixed_window_ridge,84.635,102.1385294117647,81.12488348884543,-3.5101165111545782,20,persistent,102Ah_35degC_1C_cell1,0,1
102Ah_35degC_1C_cell1,19,mask_ridge,84.635,102.1385294117647,81.92032037950862,-2.7146796204913812,20,persistent,102Ah_35degC_1C_cell1,0,1
102Ah_35degC_1C_cell1,19,within_cell_ratio_ridge,84.635,102.1385294117647,81.10940549198824,-3.525594508011764,20,persistent,102Ah_35degC_1C_cell1,0,1
102Ah_35degC_1C_cell1,19,rbf_residual,84.635,102.1385294117647,79.6005983090509,-5.03440169094911,20,persistent,102Ah_35degC_1C_cell1,0,1
102Ah_35degC_1C_cell1,20,anchor_constant,84.066,102.1385294117647,102.1385294117647,18.07252941176469,20,persistent,102Ah_35degC_1C_cell1,0,1
102Ah_35degC_1C_cell1,20,age_ridge,84.066,102.1385294117647,79.76568763062231,-4.300312369377693,20,persistent,102Ah_35degC_1C_cell1,0,1
102Ah_35degC_1C_cell1,20,fixed_window_ridge,84.066,102.1385294117647,80.52654599172594,-3.5394540082740633,20,persistent,102Ah_35degC_1C_cell1,0,1
102Ah_35degC_1C_cell1,20,mask_ridge,84.066,102.1385294117647,81.33406566672903,-2.7319343332709707,20,persistent,102Ah_35degC_1C_cell1,0,1
102Ah_35degC_1C_cell1,20,within_cell_ratio_ridge,84.066,102.1385294117647,80.50616234980399,-3.559837650196016,20,persistent,102Ah_35degC_1C_cell1,0,1
102Ah_35degC_1C_cell1,20,rbf_residual,84.066,102.1385294117647,78.53776135496624,-5.528238645033767,20,persistent,102Ah_35degC_1C_cell1,0,1
102Ah_35degC_1C_cell1,21,anchor_constant,83.481,102.1385294117647,102.1385294117647,18.6575294117647,20,persistent,102Ah_35degC_1C_cell1,0,1
102Ah_35degC_1C_cell1,21,age_ridge,83.481,102.1385294117647,79.1104747890416,-4.370525210958391,20,persistent,102Ah_35degC_1C_cell1,0,1
102Ah_35degC_1C_cell1,21,fixed_window_ridge,83.481,102.1385294117647,79.92049338309099,-3.5605066169090094,20,persistent,102Ah_35degC_1C_cell1,0,1
102Ah_35degC_1C_cell1,21,mask_ridge,83.481,102.1385294117647,80.74106625700522,-2.739933742994779,20,persistent,102Ah_35degC_1C_cell1,0,1
102Ah_35degC_1C_cell1,21,within_cell_ratio_ridge,83.481,102.1385294117647,79.89504051613599,-3.585959483864002,20,persistent,102Ah_35degC_1C_cell1,0,1
102Ah_35degC_1C_cell1,21,rbf_residual,83.481,102.1385294117647,77.55443103725901,-5.926568962740987,20,persistent,102Ah_35degC_1C_cell1,0,1
102Ah_35degC_1C_cell1,22,anchor_constant,82.816,102.1385294117647,102.1385294117647,19.32252941176469,20,persistent,102Ah_35degC_1C_cell1,0,1
102Ah_35degC_1C_cell1,22,age_ridge,82.816,102.1385294117647,78.47330716736138,-4.342692832638619,20,persistent,102Ah_35degC_1C_cell1,0,1
102Ah_35degC_1C_cell1,22,fixed_window_ridge,82.816,102.1385294117647,79.33100335902972,-3.48499664097028,20,persistent,102Ah_35degC_1C_cell1,0,1
102Ah_35degC_1C_cell1,22,mask_ridge,82.816,102.1385294117647,80.16487126926451,-2.6511287307354934,20,persistent,102Ah_35degC_1C_cell1,0,1
102Ah_35degC_1C_cell1,22,within_cell_ratio_ridge,82.816,102.1385294117647,79.3004848200339,-3.5155151799661013,20,persistent,102Ah_35degC_1C_cell1,0,1
102Ah_35degC_1C_cell1,22,rbf_residual,82.816,102.1385294117647,76.57922199432146,-6.236778005678545,20,persistent,102Ah_35degC_1C_cell1,0,1
102Ah_35degC_1C_cell1,23,anchor_constant,82.089,102.1385294117647,102.1385294117647,20.049529411764695,20,persistent,102Ah_35degC_1C_cell1,0,1
102Ah_35degC_1C_cell1,23,age_ridge,82.089,102.1385294117647,77.81380459552082,-4.275195404479177,20,persistent,102Ah_35degC_1C_cell1,0,1
102Ah_35degC_1C_cell1,23,fixed_window_ridge,82.089,102.1385294117647,78.72210625558861,-3.366893744411385,20,persistent,102Ah_35degC_1C_cell1,0,1
102Ah_35degC_1C_cell1,23,mask_ridge,82.089,102.1385294117647,79.56873854158599,-2.520261458414012,20,persistent,102Ah_35degC_1C_cell1,0,1
102Ah_35degC_1C_cell1,23,within_cell_ratio_ridge,82.089,102.1385294117647,78.6864028157174,-3.402597184282598,20,persistent,102Ah_35degC_1C_cell1,0,1
102Ah_35degC_1C_cell1,23,rbf_residual,82.089,102.1385294117647,75.56023669391413,-6.528763306085864,20,persistent,102Ah_35degC_1C_cell1,0,1
102Ah_35degC_1C_cell1,24,anchor_constant,81.26,102.1385294117647,102.1385294117647,20.87852941176469,20,persistent,102Ah_35degC_1C_cell1,0,1
102Ah_35degC_1C_cell1,24,age_ridge,81.26,102.1385294117647,77.07289519819327,-4.18710480180674,20,persistent,102Ah_35degC_1C_cell1,0,1
102Ah_35degC_1C_cell1,24,fixed_window_ridge,81.26,102.1385294117647,78.04138107309893,-3.2186189269010725,20,persistent,102Ah_35degC_1C_cell1,0,1
102Ah_35degC_1C_cell1,24,mask_ridge,81.26,102.1385294117647,78.90058514313841,-2.3594148568615907,20,persistent,102Ah_35degC_1C_cell1,0,1
102Ah_35degC_1C_cell1,24,within_cell_ratio_ridge,81.26,102.1385294117647,78.00007328931022,-3.2599267106897827,20,persistent,102Ah_35degC_1C_cell1,0,1
102Ah_35degC_1C_cell1,24,rbf_residual,81.26,102.1385294117647,73.26407240194692,-7.995927598053086,20,persistent,102Ah_35degC_1C_cell1,0,1
102Ah_35degC_1C_cell1,25,anchor_constant,80.436,102.1385294117647,102.1385294117647,21.702529411764687,20,persistent,102Ah_35degC_1C_cell1,0,1
102Ah_35degC_1C_cell1,25,age_ridge,80.436,102.1385294117647,76.40936157984238,-4.026638420157624,20,persistent,102Ah_35degC_1C_cell1,0,1
102Ah_35degC_1C_cell1,25,fixed_window_ridge,80.436,102.1385294117647,77.42962345854261,-3.0063765414573993,20,persistent,102Ah_35degC_1C_cell1,0,1
102Ah_35degC_1C_cell1,25,mask_ridge,80.436,102.1385294117647,78.30240769946533,-2.133592300534673,20,persistent,102Ah_35degC_1C_cell1,0,1
102Ah_35degC_1C_cell1,25,within_cell_ratio_ridge,80.436,102.1385294117647,77.38288939742527,-3.0531106025747334,20,persistent,102Ah_35degC_1C_cell1,0,1
102Ah_35degC_1C_cell1,25,rbf_residual,80.436,102.1385294117647,72.33607810112498,-8.099921898875024,20,persistent,102Ah_35degC_1C_cell1,0,1
102Ah_35degC_1C_cell1,26,anchor_constant,79.583,102.1385294117647,102.1385294117647,22.555529411764695,20,persistent,102Ah_35degC_1C_cell1,0,1
102Ah_35degC_1C_cell1,26,age_ridge,79.583,102.1385294117647,75.78896174602026,-3.7940382539797355,20,persistent,102Ah_35degC_1C_cell1,0,1
102Ah_35degC_1C_cell1,26,fixed_window_ridge,79.583,102.1385294117647,76.8562940999908,-2.7267059000091933,20,persistent,102Ah_35degC_1C_cell1,0,1
102Ah_35degC_1C_cell1,26,mask_ridge,79.583,102.1385294117647,77.74296925056937,-1.8400307494306247,20,persistent,102Ah_35degC_1C_cell1,0,1
102Ah_35degC_1C_cell1,26,within_cell_ratio_ridge,79.583,102.1385294117647,76.8043152786466,-2.7786847213534003,20,persistent,102Ah_35degC_1C_cell1,0,1
102Ah_35degC_1C_cell1,26,rbf_residual,79.583,102.1385294117647,71.41175471538821,-8.171245284611786,20,persistent,102Ah_35degC_1C_cell1,0,1
102Ah_35degC_1C_cell1,27,anchor_constant,78.65,102.1385294117647,102.1385294117647,23.488529411764688,20,persistent,102Ah_35degC_1C_cell1,0,1
102Ah_35degC_1C_cell1,27,age_ridge,78.65,102.1385294117647,75.17169036676356,-3.4783096332364494,20,persistent,102Ah_35degC_1C_cell1,0,1
102Ah_35degC_1C_cell1,27,fixed_window_ridge,78.65,102.1385294117647,76.28594690782663,-2.3640530921733784,20,persistent,102Ah_35degC_1C_cell1,0,1
102Ah_35degC_1C_cell1,27,mask_ridge,78.65,102.1385294117647,77.18627736166493,-1.4637226383350708,20,persistent,102Ah_35degC_1C_cell1,0,1
102Ah_35degC_1C_cell1,27,within_cell_ratio_ridge,78.65,102.1385294117647,76.22869881666502,-2.4213011833349896,20,persistent,102Ah_35degC_1C_cell1,0,1
102Ah_35degC_1C_cell1,27,rbf_residual,78.65,102.1385294117647,70.4485203061958,-8.201479693804202,20,persistent,102Ah_35degC_1C_cell1,0,1
102Ah_35degC_1C_cell1,28,anchor_constant,77.59,102.1385294117647,102.1385294117647,24.54852941176469,20,persistent,102Ah_35degC_1C_cell1,0,1
102Ah_35degC_1C_cell1,28,age_ridge,77.59,102.1385294117647,74.55521026071973,-3.0347897392802707,20,persistent,102Ah_35degC_1C_cell1,0,1
102Ah_35degC_1C_cell1,28,fixed_window_ridge,77.59,102.1385294117647,75.7165448847476,-1.8734551152523977,20,persistent,102Ah_35degC_1C_cell1,0,1
102Ah_35degC_1C_cell1,28,mask_ridge,77.59,102.1385294117647,76.63121503735837,-0.95878496264163,20,persistent,102Ah_35degC_1C_cell1,0,1
102Ah_35degC_1C_cell1,28,within_cell_ratio_ridge,77.59,102.1385294117647,75.65395033787937,-1.936049662120638,20,persistent,102Ah_35degC_1C_cell1,0,1
102Ah_35degC_1C_cell1,28,rbf_residual,77.59,102.1385294117647,69.5710334108397,-8.0189665891603,20,persistent,102Ah_35degC_1C_cell1,0,1
102Ah_35degC_1C_cell1,29,anchor_constant,76.374,102.1385294117647,102.1385294117647,25.7645294117647,20,persistent,102Ah_35degC_1C_cell1,0,1
102Ah_35degC_1C_cell1,29,age_ridge,76.374,102.1385294117647,73.83634985122255,-2.5376501487774448,20,persistent,102Ah_35degC_1C_cell1,0,1
102Ah_35degC_1C_cell1,29,fixed_window_ridge,76.374,102.1385294117647,75.05711281920075,-1.3168871807992417,20,persistent,102Ah_35degC_1C_cell1,0,1
102Ah_35degC_1C_cell1,29,mask_ridge,76.374,102.1385294117647,75.9857319155606,-0.38826808443938887,20,persistent,102Ah_35degC_1C_cell1,0,1
102Ah_35degC_1C_cell1,29,within_cell_ratio_ridge,76.374,102.1385294117647,74.98858241983646,-1.3854175801635336,20,persistent,102Ah_35degC_1C_cell1,0,1
102Ah_35degC_1C_cell1,29,rbf_residual,76.374,102.1385294117647,69.7677217073786,-6.606278292621397,20,persistent,102Ah_35degC_1C_cell1,0,1
102Ah_35degC_1C_cell1,30,anchor_constant,75.089,102.1385294117647,102.1385294117647,27.049529411764695,20,persistent,102Ah_35degC_1C_cell1,0,1
102Ah_35degC_1C_cell1,30,age_ridge,75.089,102.1385294117647,73.22736410588499,-1.861635894115011,20,persistent,102Ah_35degC_1C_cell1,0,1
102Ah_35degC_1C_cell1,30,fixed_window_ridge,75.089,102.1385294117647,74.4949323403271,-0.594067659672902,20,persistent,102Ah_35degC_1C_cell1,0,1
102Ah_35degC_1C_cell1,30,mask_ridge,75.089,102.1385294117647,75.43714585847289,0.3481458584728898,20,persistent,102Ah_35degC_1C_cell1,0,1
102Ah_35degC_1C_cell1,30,within_cell_ratio_ridge,75.089,102.1385294117647,74.4210269586356,-0.6679730413644052,20,persistent,102Ah_35degC_1C_cell1,0,1
102Ah_35degC_1C_cell1,30,rbf_residual,75.089,102.1385294117647,68.73633533870154,-6.352664661298462,20,persistent,102Ah_35degC_1C_cell1,0,1
102Ah_45degC_0p5C_cell3,1,anchor_constant,97.213,103.01980392156864,103.01980392156864,5.806803921568644,20,persistent,102Ah_45degC_0p5C_cell3,0,1
102Ah_45degC_0p5C_cell3,1,age_ridge,97.213,103.01980392156864,95.00914305605622,-2.2038569439437765,20,persistent,102Ah_45degC_0p5C_cell3,0,1
102Ah_45degC_0p5C_cell3,1,fixed_window_ridge,97.213,103.01980392156864,97.58164284674596,0.3686428467459706,20,persistent,102Ah_45degC_0p5C_cell3,0,1
102Ah_45degC_0p5C_cell3,1,mask_ridge,97.213,103.01980392156864,98.22348648381785,1.010486483817857,20,persistent,102Ah_45degC_0p5C_cell3,0,1
102Ah_45degC_0p5C_cell3,1,within_cell_ratio_ridge,97.213,103.01980392156864,93.79546859512003,-3.4175314048799663,20,persistent,102Ah_45degC_0p5C_cell3,0,1
102Ah_45degC_0p5C_cell3,1,rbf_residual,97.213,103.01980392156864,100.86545887814839,3.652458878148394,20,persistent,102Ah_45degC_0p5C_cell3,0,1
102Ah_45degC_0p5C_cell3,2,anchor_constant,96.093,103.01980392156864,103.01980392156864,6.926803921568634,20,persistent,102Ah_45degC_0p5C_cell3,0,1
102Ah_45degC_0p5C_cell3,2,age_ridge,96.093,103.01980392156864,93.84631385019532,-2.246686149804688,20,persistent,102Ah_45degC_0p5C_cell3,0,1
102Ah_45degC_0p5C_cell3,2,fixed_window_ridge,96.093,103.01980392156864,96.43222619091077,0.33922619091076456,20,persistent,102Ah_45degC_0p5C_cell3,0,1
102Ah_45degC_0p5C_cell3,2,mask_ridge,96.093,103.01980392156864,97.05610831218142,0.9631083121814186,20,persistent,102Ah_45degC_0p5C_cell3,0,1
102Ah_45degC_0p5C_cell3,2,within_cell_ratio_ridge,96.093,103.01980392156864,92.68063831948646,-3.4123616805135413,20,persistent,102Ah_45degC_0p5C_cell3,0,1
102Ah_45degC_0p5C_cell3,2,rbf_residual,96.093,103.01980392156864,99.23977225734546,3.146772257345461,20,persistent,102Ah_45degC_0p5C_cell3,0,1
102Ah_45degC_0p5C_cell3,3,anchor_constant,95.183,103.01980392156864,103.01980392156864,7.836803921568631,20,persistent,102Ah_45degC_0p5C_cell3,0,1
102Ah_45degC_0p5C_cell3,3,age_ridge,95.183,103.01980392156864,92.90245691124076,-2.280543088759245,20,persistent,102Ah_45degC_0p5C_cell3,0,1
102Ah_45degC_0p5C_cell3,3,fixed_window_ridge,95.183,103.01980392156864,95.44875891767768,0.26575891767767246,20,persistent,102Ah_45degC_0p5C_cell3,0,1
102Ah_45degC_0p5C_cell3,3,mask_ridge,95.183,103.01980392156864,96.08120968854395,0.8982096885439432,20,persistent,102Ah_45degC_0p5C_cell3,0,1
102Ah_45degC_0p5C_cell3,3,within_cell_ratio_ridge,95.183,103.01980392156864,91.65094993497631,-3.5320500650236966,20,persistent,102Ah_45degC_0p5C_cell3,0,1
102Ah_45degC_0p5C_cell3,3,rbf_residual,95.183,103.01980392156864,97.8147954091081,2.6317954091080935,20,persistent,102Ah_45degC_0p5C_cell3,0,1
102Ah_45degC_0p5C_cell3,4,anchor_constant,94.405,103.01980392156864,103.01980392156864,8.614803921568637,20,persistent,102Ah_45degC_0p5C_cell3,0,1
102Ah_45degC_0p5C_cell3,4,age_ridge,94.405,103.01980392156864,92.01588480541055,-2.3891151945894507,20,persistent,102Ah_45degC_0p5C_cell3,0,1
102Ah_45degC_0p5C_cell3,4,fixed_window_ridge,94.405,103.01980392156864,94.47063914715385,0.06563914715384556,20,persistent,102Ah_45degC_0p5C_cell3,0,1
102Ah_45degC_0p5C_cell3,4,mask_ridge,94.405,103.01980392156864,95.06877034035712,0.663770340357118,20,persistent,102Ah_45degC_0p5C_cell3,0,1
102Ah_45degC_0p5C_cell3,4,within_cell_ratio_ridge,94.405,103.01980392156864,90.54942692361736,-3.8555730763826404,20,persistent,102Ah_45degC_0p5C_cell3,0,1
102Ah_45degC_0p5C_cell3,4,rbf_residual,94.405,103.01980392156864,96.95882253490389,2.5538225349038868,20,persistent,102Ah_45degC_0p5C_cell3,0,1
102Ah_45degC_0p5C_cell3,5,anchor_constant,93.579,103.01980392156864,103.01980392156864,9.440803921568644,20,persistent,102Ah_45degC_0p5C_cell3,0,1
102Ah_45degC_0p5C_cell3,5,age_ridge,93.579,103.01980392156864,91.0917453254439,-2.487254674556098,20,persistent,102Ah_45degC_0p5C_cell3,0,1
102Ah_45degC_0p5C_cell3,5,fixed_window_ridge,93.579,103.01980392156864,93.59402784999034,0.015027849990346454,20,persistent,102Ah_45degC_0p5C_cell3,0,1
102Ah_45degC_0p5C_cell3,5,mask_ridge,93.579,103.01980392156864,94.19496924613472,0.6159692461347248,20,persistent,102Ah_45degC_0p5C_cell3,0,1
102Ah_45degC_0p5C_cell3,5,within_cell_ratio_ridge,93.579,103.01980392156864,89.76359888692687,-3.815401113073122,20,persistent,102Ah_45degC_0p5C_cell3,0,1
102Ah_45degC_0p5C_cell3,5,rbf_residual,93.579,103.01980392156864,95.1610839802372,1.5820839802372006,20,persistent,102Ah_45degC_0p5C_cell3,0,1
102Ah_45degC_0p5C_cell3,6,anchor_constant,92.867,103.01980392156864,103.01980392156864,10.152803921568633,20,persistent,102Ah_45degC_0p5C_cell3,0,1
102Ah_45degC_0p5C_cell3,6,age_ridge,92.867,103.01980392156864,90.39827486216814,-2.4687251378318678,20,persistent,102Ah_45degC_0p5C_cell3,0,1
102Ah_45degC_0p5C_cell3,6,fixed_window_ridge,92.867,103.01980392156864,92.86657725898102,-0.0004227410189798775,20,persistent,102Ah_45degC_0p5C_cell3,0,1
102Ah_45degC_0p5C_cell3,6,mask_ridge,92.867,103.01980392156864,93.44711760327215,0.5801176032721429,20,persistent,102Ah_45degC_0p5C_cell3,0,1
102Ah_45degC_0p5C_cell3,6,within_cell_ratio_ridge,92.867,103.01980392156864,88.99835359075588,-3.8686464092441213,20,persistent,102Ah_45degC_0p5C_cell3,0,1
102Ah_45degC_0p5C_cell3,6,rbf_residual,92.867,103.01980392156864,94.79329557671133,1.9262955767113255,20,persistent,102Ah_45degC_0p5C_cell3,0,1
102Ah_45degC_0p5C_cell3,7,anchor_constant,92.307,103.01980392156864,103.01980392156864,10.712803921568636,20,persistent,102Ah_45degC_0p5C_cell3,0,1
102Ah_45degC_0p5C_cell3,7,age_ridge,92.307,103.01980392156864,89.27617779915879,-3.0308222008412145,20,persistent,102Ah_45degC_0p5C_cell3,0,1
102Ah_45degC_0p5C_cell3,7,fixed_window_ridge,92.307,103.01980392156864,91.71416625923058,-0.5928337407694215,20,persistent,102Ah_45degC_0p5C_cell3,0,1
102Ah_45degC_0p5C_cell3,7,mask_ridge,92.307,103.01980392156864,92.27736057220287,-0.02963942779713591,20,persistent,102Ah_45degC_0p5C_cell3,0,1
102Ah_45degC_0p5C_cell3,7,within_cell_ratio_ridge,92.307,103.01980392156864,87.83084318979111,-4.476156810208892,20,persistent,102Ah_45degC_0p5C_cell3,0,1
102Ah_45degC_0p5C_cell3,7,rbf_residual,92.307,103.01980392156864,92.63556602119739,0.3285660211973891,20,persistent,102Ah_45degC_0p5C_cell3,0,1
102Ah_45degC_0p5C_cell3,8,anchor_constant,91.334,103.01980392156864,103.01980392156864,11.685803921568635,20,persistent,102Ah_45degC_0p5C_cell3,0,1
102Ah_45degC_0p5C_cell3,8,age_ridge,91.334,103.01980392156864,88.3584125955672,-2.975587404432801,20,persistent,102Ah_45degC_0p5C_cell3,0,1
102Ah_45degC_0p5C_cell3,8,fixed_window_ridge,91.334,103.01980392156864,90.75168006823594,-0.5823199317640615,20,persistent,102Ah_45degC_0p5C_cell3,0,1
102Ah_45degC_0p5C_cell3,8,mask_ridge,91.334,103.01980392156864,91.28698319834614,-0.0470168016538679,20,persistent,102Ah_45degC_0p5C_cell3,0,1
102Ah_45degC_0p5C_cell3,8,within_cell_ratio_ridge,91.334,103.01980392156864,86.82661696610646,-4.5073830338935466,20,persistent,102Ah_45degC_0p5C_cell3,0,1
102Ah_45degC_0p5C_cell3,8,rbf_residual,91.334,103.01980392156864,91.4585476645346,0.12454766453460309,20,persistent,102Ah_45degC_0p5C_cell3,0,1
102Ah_45degC_0p5C_cell3,9,anchor_constant,90.546,103.01980392156864,103.01980392156864,12.473803921568631,20,persistent,102Ah_45degC_0p5C_cell3,0,1
102Ah_45degC_0p5C_cell3,9,age_ridge,90.546,103.01980392156864,87.74733359931645,-2.798666400683558,20,persistent,102Ah_45degC_0p5C_cell3,0,1
102Ah_45degC_0p5C_cell3,9,fixed_window_ridge,90.546,103.01980392156864,90.16476707074338,-0.3812329292566261,20,persistent,102Ah_45degC_0p5C_cell3,0,1
102Ah_45degC_0p5C_cell3,9,mask_ridge,90.546,103.01980392156864,90.69451428613097,0.14851428613096118,20,persistent,102Ah_45degC_0p5C_cell3,0,1
102Ah_45degC_0p5C_cell3,9,within_cell_ratio_ridge,90.546,103.01980392156864,86.29113587709755,-4.254864122902461,20,persistent,102Ah_45degC_0p5C_cell3,0,1
102Ah_45degC_0p5C_cell3,9,rbf_residual,90.546,103.01980392156864,91.15064854459168,0.6046485445916687,20,persistent,102Ah_45degC_0p5C_cell3,0,1
102Ah_45degC_0p5C_cell3,10,anchor_constant,89.71,103.01980392156864,103.01980392156864,13.309803921568644,20,persistent,102Ah_45degC_0p5C_cell3,0,1
102Ah_45degC_0p5C_cell3,10,age_ridge,89.71,103.01980392156864,87.06854294522425,-2.641457054775742,20,persistent,102Ah_45degC_0p5C_cell3,0,1
102Ah_45degC_0p5C_cell3,10,fixed_window_ridge,89.71,103.01980392156864,89.47093979668155,-0.23906020331844502,20,persistent,102Ah_45degC_0p5C_cell3,0,1
102Ah_45degC_0p5C_cell3,10,mask_ridge,89.71,103.01980392156864,89.99335067807789,0.2833506780778947,20,persistent,102Ah_45degC_0p5C_cell3,0,1
102Ah_45degC_0p5C_cell3,10,within_cell_ratio_ridge,89.71,103.01980392156864,85.59304530962775,-4.116954690372239,20,persistent,102Ah_45degC_0p5C_cell3,0,1
102Ah_45degC_0p5C_cell3,10,rbf_residual,89.71,103.01980392156864,90.11545241054301,0.4054524105430204,20,persistent,102Ah_45degC_0p5C_cell3,0,1
102Ah_45degC_0p5C_cell3,11,anchor_constant,88.797,103.01980392156864,103.01980392156864,14.22280392156864,20,persistent,102Ah_45degC_0p5C_cell3,0,1
102Ah_45degC_0p5C_cell3,11,age_ridge,88.797,103.01980392156864,86.40931945179399,-2.3876805482060064,20,persistent,102Ah_45degC_0p5C_cell3,0,1
102Ah_45degC_0p5C_cell3,11,fixed_window_ridge,88.797,103.01980392156864,88.78029175605535,-0.01670824394464887,20,persistent,102Ah_45degC_0p5C_cell3,0,1
102Ah_45degC_0p5C_cell3,11,mask_ridge,88.797,103.01980392156864,89.29078439345324,0.49378439345323955,20,persistent,102Ah_45degC_0p5C_cell3,0,1
102Ah_45degC_0p5C_cell3,11,within_cell_ratio_ridge,88.797,103.01980392156864,84.87324200214509,-3.9237579978549064,20,persistent,102Ah_45degC_0p5C_cell3,0,1
102Ah_45degC_0p5C_cell3,11,rbf_residual,88.797,103.01980392156864,89.00377568554836,0.20677568554836512,20,persistent,102Ah_45degC_0p5C_cell3,0,1
102Ah_45degC_0p5C_cell3,12,anchor_constant,88.025,103.01980392156864,103.01980392156864,14.994803921568632,20,persistent,102Ah_45degC_0p5C_cell3,0,1
102Ah_45degC_0p5C_cell3,12,age_ridge,88.025,103.01980392156864,85.86510863204651,-2.1598913679534917,20,persistent,102Ah_45degC_0p5C_cell3,0,1
102Ah_45degC_0p5C_cell3,12,fixed_window_ridge,88.025,103.01980392156864,88.23036848132573,0.2053684813257206,20,persistent,102Ah_45degC_0p5C_cell3,0,1
102Ah_45degC_0p5C_cell3,12,mask_ridge,88.025,103.01980392156864,88.73137152870933,0.706371528709326,20,persistent,102Ah_45degC_0p5C_cell3,0,1
102Ah_45degC_0p5C_cell3,12,within_cell_ratio_ridge,88.025,103.01980392156864,84.32830897799502,-3.696691022004984,20,persistent,102Ah_45degC_0p5C_cell3,0,1
102Ah_45degC_0p5C_cell3,12,rbf_residual,88.025,103.01980392156864,87.81073312381683,-0.2142668761831743,20,persistent,102Ah_45degC_0p5C_cell3,0,1
102Ah_45degC_0p5C_cell3,13,anchor_constant,87.256,103.01980392156864,103.01980392156864,15.763803921568638,20,persistent,102Ah_45degC_0p5C_cell3,0,1
102Ah_45degC_0p5C_cell3,13,age_ridge,87.256,103.01980392156864,85.3478847718331,-1.9081152281669063,20,persistent,102Ah_45degC_0p5C_cell3,0,1
102Ah_45degC_0p5C_cell3,13,fixed_window_ridge,87.256,103.01980392156864,87.6840552659198,0.42805526591979515,20,persistent,102Ah_45degC_0p5C_cell3,0,1
102Ah_45degC_0p5C_cell3,13,mask_ridge,87.256,103.01980392156864,88.1699989680891,0.9139989680891034,20,persistent,102Ah_45degC_0p5C_cell3,0,1
102Ah_45degC_0p5C_cell3,13,within_cell_ratio_ridge,87.256,103.01980392156864,83.75077873005512,-3.505221269944883,20,persistent,102Ah_45degC_0p5C_cell3,0,1
102Ah_45degC_0p5C_cell3,13,rbf_residual,87.256,103.01980392156864,87.61020035260921,0.3542003526092117,20,persistent,102Ah_45degC_0p5C_cell3,0,1
102Ah_45degC_0p5C_cell3,14,anchor_constant,86.448,103.01980392156864,103.01980392156864,16.571803921568645,20,persistent,102Ah_45degC_0p5C_cell3,0,1
102Ah_45degC_0p5C_cell3,14,age_ridge,86.448,103.01980392156864,84.83670686135227,-1.6112931386477243,20,persistent,102Ah_45degC_0p5C_cell3,0,1
102Ah_45degC_0p5C_cell3,14,fixed_window_ridge,86.448,103.01980392156864,87.1691350155867,0.7211350155867109,20,persistent,102Ah_45degC_0p5C_cell3,0,1
102Ah_45degC_0p5C_cell3,14,mask_ridge,86.448,103.01980392156864,87.64883369678263,1.200833696782638,20,persistent,102Ah_45degC_0p5C_cell3,0,1
102Ah_45degC_0p5C_cell3,14,within_cell_ratio_ridge,86.448,103.01980392156864,83.24320584178615,-3.2047941582138435,20,persistent,102Ah_45degC_0p5C_cell3,0,1
102Ah_45degC_0p5C_cell3,14,rbf_residual,86.448,103.01980392156864,86.38666316851213,-0.061336831487864174,20,persistent,102Ah_45degC_0p5C_cell3,0,1
102Ah_45degC_0p5C_cell3,15,anchor_constant,85.454,103.01980392156864,103.01980392156864,17.565803921568644,20,persistent,102Ah_45degC_0p5C_cell3,0,1
102Ah_45degC_0p5C_cell3,15,age_ridge,85.454,103.01980392156864,83.91855945659874,-1.5354405434012506,20,persistent,102Ah_45degC_0p5C_cell3,0,1
102Ah_45degC_0p5C_cell3,15,fixed_window_ridge,85.454,103.01980392156864,86.1936756240473,0.7396756240473081,20,persistent,102Ah_45degC_0p5C_cell3,0,1
102Ah_45degC_0p5C_cell3,15,mask_ridge,85.454,103.01980392156864,86.66518882926553,1.211188829265538,20,persistent,102Ah_45degC_0p5C_cell3,0,1
102Ah_45degC_0p5C_cell3,15,within_cell_ratio_ridge,85.454,103.01980392156864,82.22774072958293,-3.22625927041706,20,persistent,102Ah_45degC_0p5C_cell3,0,1
102Ah_45degC_0p5C_cell3,15,rbf_residual,85.454,103.01980392156864,85.55068788727867,0.0966878872786765,20,persistent,102Ah_45degC_0p5C_cell3,0,1
102Ah_45degC_0p5C_cell3,16,anchor_constant,84.767,103.01980392156864,103.01980392156864,18.252803921568642,20,persistent,102Ah_45degC_0p5C_cell3,0,1
102Ah_45degC_0p5C_cell3,16,age_ridge,84.767,103.01980392156864,83.72394990756891,-1.0430500924310877,20,persistent,102Ah_45degC_0p5C_cell3,0,1
102Ah_45degC_0p5C_cell3,16,fixed_window_ridge,84.767,103.01980392156864,85.9641785718846,1.1971785718846064,20,persistent,102Ah_45degC_0p5C_cell3,0,1
102Ah_45degC_0p5C_cell3,16,mask_ridge,84.767,103.01980392156864,86.41299125417244,1.6459912541724435,20,persistent,102Ah_45degC_0p5C_cell3,0,1
102Ah_45degC_0p5C_cell3,16,within_cell_ratio_ridge,84.767,103.01980392156864,81.92964284978234,-2.837357150217656,20,persistent,102Ah_45degC_0p5C_cell3,0,1
102Ah_45degC_0p5C_cell3,16,rbf_residual,84.767,103.01980392156864,85.12273908535063,0.3557390853506348,20,persistent,102Ah_45degC_0p5C_cell3,0,1
102Ah_45degC_0p5C_cell3,17,anchor_constant,83.861,103.01980392156864,103.01980392156864,19.158803921568634,20,persistent,102Ah_45degC_0p5C_cell3,0,1
102Ah_45degC_0p5C_cell3,17,age_ridge,83.861,103.01980392156864,83.19905935676954,-0.6619406432304658,20,persistent,102Ah_45degC_0p5C_cell3,0,1
102Ah_45degC_0p5C_cell3,17,fixed_window_ridge,83.861,103.01980392156864,85.4147160366142,1.5537160366141904,20,persistent,102Ah_45degC_0p5C_cell3,0,1
102Ah_45degC_0p5C_cell3,17,mask_ridge,83.861,103.01980392156864,85.8541935719449,1.9931935719449,20,persistent,102Ah_45degC_0p5C_cell3,0,1
102Ah_45degC_0p5C_cell3,17,within_cell_ratio_ridge,83.861,103.01980392156864,81.35748431596512,-2.5035156840348805,20,persistent,102Ah_45degC_0p5C_cell3,0,1
102Ah_45degC_0p5C_cell3,17,rbf_residual,83.861,103.01980392156864,84.17659156556866,0.31559156556865275,20,persistent,102Ah_45degC_0p5C_cell3,0,1
102Ah_45degC_0p5C_cell3,18,anchor_constant,82.921,103.01980392156864,103.01980392156864,20.09880392156863,20,persistent,102Ah_45degC_0p5C_cell3,1,1
102Ah_45degC_0p5C_cell3,18,age_ridge,82.921,103.01980392156864,82.7220423935768,-0.1989576064232068,20,persistent,102Ah_45degC_0p5C_cell3,1,1
102Ah_45degC_0p5C_cell3,18,fixed_window_ridge,82.921,103.01980392156864,84.92436432948864,2.003364329488633,20,persistent,102Ah_45degC_0p5C_cell3,1,1
102Ah_45degC_0p5C_cell3,18,mask_ridge,82.921,103.01980392156864,85.34043328416077,2.4194332841607604,20,persistent,102Ah_45degC_0p5C_cell3,1,1
102Ah_45degC_0p5C_cell3,18,within_cell_ratio_ridge,82.921,103.01980392156864,80.85915422307755,-2.0618457769224534,20,persistent,102Ah_45degC_0p5C_cell3,1,1
102Ah_45degC_0p5C_cell3,18,rbf_residual,82.921,103.01980392156864,81.64242916709071,-1.2785708329092955,20,persistent,102Ah_45degC_0p5C_cell3,1,1
102Ah_45degC_0p5C_cell3,19,anchor_constant,81.859,103.01980392156864,103.01980392156864,21.160803921568643,20,persistent,102Ah_45degC_0p5C_cell3,1,1
102Ah_45degC_0p5C_cell3,19,age_ridge,81.859,103.01980392156864,82.25240034143862,0.3934003414386211,20,persistent,102Ah_45degC_0p5C_cell3,1,1
102Ah_45degC_0p5C_cell3,19,fixed_window_ridge,81.859,103.01980392156864,84.43506793784087,2.5760679378408753,20,persistent,102Ah_45degC_0p5C_cell3,1,1
102Ah_45degC_0p5C_cell3,19,mask_ridge,81.859,103.01980392156864,84.85449108879428,2.9954910887942816,20,persistent,102Ah_45degC_0p5C_cell3,1,1
102Ah_45degC_0p5C_cell3,19,within_cell_ratio_ridge,81.859,103.01980392156864,80.35218081549712,-1.5068191845028736,20,persistent,102Ah_45degC_0p5C_cell3,1,1
102Ah_45degC_0p5C_cell3,19,rbf_residual,81.859,103.01980392156864,81.13004111824476,-0.7289588817552328,20,persistent,102Ah_45degC_0p5C_cell3,1,1
102Ah_45degC_0p5C_cell3,20,anchor_constant,80.568,103.01980392156864,103.01980392156864,22.45180392156864,20,persistent,102Ah_45degC_0p5C_cell3,1,1
102Ah_45degC_0p5C_cell3,20,age_ridge,80.568,103.01980392156864,81.66699134963451,1.0989913496345167,20,persistent,102Ah_45degC_0p5C_cell3,1,1
102Ah_45degC_0p5C_cell3,20,fixed_window_ridge,80.568,103.01980392156864,83.81622230359953,3.2482223035995332,20,persistent,102Ah_45degC_0p5C_cell3,1,1
102Ah_45degC_0p5C_cell3,20,mask_ridge,80.568,103.01980392156864,84.20089926474404,3.63289926474404,20,persistent,102Ah_45degC_0p5C_cell3,1,1
102Ah_45degC_0p5C_cell3,20,within_cell_ratio_ridge,80.568,103.01980392156864,79.70093769413393,-0.8670623058660709,20,persistent,102Ah_45degC_0p5C_cell3,1,1
102Ah_45degC_0p5C_cell3,20,rbf_residual,80.568,103.01980392156864,80.50089845103894,-0.06710154896106246,20,persistent,102Ah_45degC_0p5C_cell3,1,1
102Ah_45degC_0p5C_cell3,21,anchor_constant,78.862,103.01980392156864,103.01980392156864,24.157803921568643,20,persistent,102Ah_45degC_0p5C_cell3,1,1
102Ah_45degC_0p5C_cell3,21,age_ridge,78.862,103.01980392156864,81.0450849167417,2.1830849167417057,20,persistent,102Ah_45degC_0p5C_cell3,1,1
102Ah_45degC_0p5C_cell3,21,fixed_window_ridge,78.862,103.01980392156864,83.12306359285735,4.261063592857354,20,persistent,102Ah_45degC_0p5C_cell3,1,1
102Ah_45degC_0p5C_cell3,21,mask_ridge,78.862,103.01980392156864,83.49334802240409,4.631348022404097,20,persistent,102Ah_45degC_0p5C_cell3,1,1
102Ah_45degC_0p5C_cell3,21,within_cell_ratio_ridge,78.862,103.01980392156864,78.92057905401711,0.05857905401711605,20,persistent,102Ah_45degC_0p5C_cell3,1,1
102Ah_45degC_0p5C_cell3,21,rbf_residual,78.862,103.01980392156864,79.83852316963741,0.9765231696374173,20,persistent,102Ah_45degC_0p5C_cell3,1,1
102Ah_45degC_0p5C_cell3,22,anchor_constant,77.351,103.01980392156864,103.01980392156864,25.66880392156864,20,persistent,102Ah_45degC_0p5C_cell3,1,1
102Ah_45degC_0p5C_cell3,22,age_ridge,77.351,103.01980392156864,80.59604191668566,3.2450419166856648,20,persistent,102Ah_45degC_0p5C_cell3,1,1
102Ah_45degC_0p5C_cell3,22,fixed_window_ridge,77.351,103.01980392156864,82.65225701343653,5.301257013436526,20,persistent,102Ah_45degC_0p5C_cell3,1,1
102Ah_45degC_0p5C_cell3,22,mask_ridge,77.351,103.01980392156864,83.00561068309014,5.654610683090141,20,persistent,102Ah_45degC_0p5C_cell3,1,1
102Ah_45degC_0p5C_cell3,22,within_cell_ratio_ridge,77.351,103.01980392156864,78.42832801220457,1.0773280122045747,20,persistent,102Ah_45degC_0p5C_cell3,1,1
102Ah_45degC_0p5C_cell3,22,rbf_residual,77.351,103.01980392156864,79.35233153262517,2.001331532625173,20,persistent,102Ah_45degC_0p5C_cell3,1,1
102Ah_45degC_0p5C_cell3,23,anchor_constant,75.585,103.01980392156864,103.01980392156864,27.434803921568644,20,persistent,102Ah_45degC_0p5C_cell3,1,1
102Ah_45degC_0p5C_cell3,23,age_ridge,75.585,103.01980392156864,80.07467885432881,4.489678854328815,20,persistent,102Ah_45degC_0p5C_cell3,1,1
102Ah_45degC_0p5C_cell3,23,fixed_window_ridge,75.585,103.01980392156864,82.068916875441,6.483916875441011,20,persistent,102Ah_45degC_0p5C_cell3,1,1
102Ah_45degC_0p5C_cell3,23,mask_ridge,75.585,103.01980392156864,82.4135496085728,6.8285496085728,20,persistent,102Ah_45degC_0p5C_cell3,1,1
102Ah_45degC_0p5C_cell3,23,within_cell_ratio_ridge,75.585,103.01980392156864,77.76683945977221,2.1818394597722204,20,persistent,102Ah_45degC_0p5C_cell3,1,1
102Ah_45degC_0p5C_cell3,23,rbf_residual,75.585,103.01980392156864,78.7954619217431,3.2104619217431036,20,persistent,102Ah_45degC_0p5C_cell3,1,1
102Ah_45degC_0p5C_cell3,24,anchor_constant,73.377,103.01980392156864,103.01980392156864,29.642803921568643,20,persistent,102Ah_45degC_0p5C_cell3,1,1
102Ah_45degC_0p5C_cell3,24,age_ridge,73.377,103.01980392156864,79.3261418308782,5.9491418308782045,20,persistent,102Ah_45degC_0p5C_cell3,1,1
102Ah_45degC_0p5C_cell3,24,fixed_window_ridge,73.377,103.01980392156864,81.457577463034,8.080577463034004,20,persistent,102Ah_45degC_0p5C_cell3,1,1
102Ah_45degC_0p5C_cell3,24,mask_ridge,73.377,103.01980392156864,81.83352508876791,8.456525088767918,20,persistent,102Ah_45degC_0p5C_cell3,1,1
102Ah_45degC_0p5C_cell3,24,within_cell_ratio_ridge,73.377,103.01980392156864,77.39154453887592,4.014544538875924,20,persistent,102Ah_45degC_0p5C_cell3,1,1
102Ah_45degC_0p5C_cell3,24,rbf_residual,73.377,103.01980392156864,78.0149419726801,4.63794197268011,20,persistent,102Ah_45degC_0p5C_cell3,1,1
102Ah_45degC_0p5C_cell3,25,anchor_constant,71.212,103.01980392156864,103.01980392156864,31.807803921568635,20,persistent,102Ah_45degC_0p5C_cell3,1,1
102Ah_45degC_0p5C_cell3,25,age_ridge,71.212,103.01980392156864,78.86093931592728,7.648939315927279,20,persistent,102Ah_45degC_0p5C_cell3,1,1
102Ah_45degC_0p5C_cell3,25,fixed_window_ridge,71.212,103.01980392156864,80.88537169694811,9.67337169694811,20,persistent,102Ah_45degC_0p5C_cell3,1,1
102Ah_45degC_0p5C_cell3,25,mask_ridge,71.212,103.01980392156864,81.2168653313762,10.004865331376195,20,persistent,102Ah_45degC_0p5C_cell3,1,1
102Ah_45degC_0p5C_cell3,25,within_cell_ratio_ridge,71.212,103.01980392156864,76.67027471410135,5.45827471410135,20,persistent,102Ah_45degC_0p5C_cell3,1,1
102Ah_45degC_0p5C_cell3,25,rbf_residual,71.212,103.01980392156864,77.51757409336813,6.305574093368122,20,persistent,102Ah_45degC_0p5C_cell3,1,1
102Ah_45degC_0p5C_cell3,26,anchor_constant,68.96,103.01980392156864,103.01980392156864,34.059803921568644,20,persistent,102Ah_45degC_0p5C_cell3,1,1
102Ah_45degC_0p5C_cell3,26,age_ridge,68.96,103.01980392156864,78.44323062800649,9.483230628006496,20,persistent,102Ah_45degC_0p5C_cell3,1,1
102Ah_45degC_0p5C_cell3,26,fixed_window_ridge,68.96,103.01980392156864,80.41333132261528,11.453331322615284,20,persistent,102Ah_45degC_0p5C_cell3,1,1
102Ah_45degC_0p5C_cell3,26,mask_ridge,68.96,103.01980392156864,80.7360709735725,11.776070973572502,20,persistent,102Ah_45degC_0p5C_cell3,1,1
102Ah_45degC_0p5C_cell3,26,within_cell_ratio_ridge,68.96,103.01980392156864,76.12631069889746,7.166310698897462,20,persistent,102Ah_45degC_0p5C_cell3,1,1
102Ah_45degC_0p5C_cell3,26,rbf_residual,68.96,103.01980392156864,77.06810095643321,8.10810095643322,20,persistent,102Ah_45degC_0p5C_cell3,1,1
102Ah_45degC_0p5C_cell3,27,anchor_constant,66.665,103.01980392156864,103.01980392156864,36.35480392156863,20,persistent,102Ah_45degC_0p5C_cell3,1,1
102Ah_45degC_0p5C_cell3,27,age_ridge,66.665,103.01980392156864,78.02909707697245,11.364097076972442,20,persistent,102Ah_45degC_0p5C_cell3,1,1
102Ah_45degC_0p5C_cell3,27,fixed_window_ridge,66.665,103.01980392156864,79.96934673889504,13.304346738895035,20,persistent,102Ah_45degC_0p5C_cell3,1,1
102Ah_45degC_0p5C_cell3,27,mask_ridge,66.665,103.01980392156864,80.27954575101771,13.614545751017701,20,persistent,102Ah_45degC_0p5C_cell3,1,1
102Ah_45degC_0p5C_cell3,27,within_cell_ratio_ridge,66.665,103.01980392156864,75.64724621790742,8.982246217907417,20,persistent,102Ah_45degC_0p5C_cell3,1,1
102Ah_45degC_0p5C_cell3,27,rbf_residual,66.665,103.01980392156864,76.62255427186393,9.957554271863927,20,persistent,102Ah_45degC_0p5C_cell3,1,1
102Ah_45degC_0p5C_cell3,28,anchor_constant,64.205,103.01980392156864,103.01980392156864,38.81480392156864,20,persistent,102Ah_45degC_0p5C_cell3,1,1
102Ah_45degC_0p5C_cell3,28,age_ridge,64.205,103.01980392156864,76.07515830016189,11.87015830016189,20,persistent,102Ah_45degC_0p5C_cell3,1,1
102Ah_45degC_0p5C_cell3,28,fixed_window_ridge,64.205,103.01980392156864,77.9330411922908,13.728041192290803,20,persistent,102Ah_45degC_0p5C_cell3,1,1
102Ah_45degC_0p5C_cell3,28,mask_ridge,64.205,103.01980392156864,78.2494830178151,14.044483017815097,20,persistent,102Ah_45degC_0p5C_cell3,1,1
102Ah_45degC_0p5C_cell3,28,within_cell_ratio_ridge,64.205,103.01980392156864,73.62153608394792,9.416536083947918,20,persistent,102Ah_45degC_0p5C_cell3,1,1
102Ah_45degC_0p5C_cell3,28,rbf_residual,64.205,103.01980392156864,74.31832271332439,10.113322713324393,20,persistent,102Ah_45degC_0p5C_cell3,1,1
102Ah_45degC_0p5C_cell3,29,anchor_constant,63.18,103.01980392156864,103.01980392156864,39.83980392156864,20,persistent,102Ah_45degC_0p5C_cell3,1,1
102Ah_45degC_0p5C_cell3,29,age_ridge,63.18,103.01980392156864,56.890015881133934,-6.289984118866066,20,persistent,102Ah_45degC_0p5C_cell3,1,1
102Ah_45degC_0p5C_cell3,29,fixed_window_ridge,63.18,103.01980392156864,58.01493742183037,-5.165062578169632,20,persistent,102Ah_45degC_0p5C_cell3,1,1
102Ah_45degC_0p5C_cell3,29,mask_ridge,63.18,103.01980392156864,58.6426602236195,-4.537339776380499,20,persistent,102Ah_45degC_0p5C_cell3,1,1
102Ah_45degC_0p5C_cell3,29,within_cell_ratio_ridge,63.18,103.01980392156864,54.16640960031215,-9.01359039968785,20,persistent,102Ah_45degC_0p5C_cell3,1,1
102Ah_45degC_0p5C_cell3,29,rbf_residual,63.18,103.01980392156864,50.84033545708503,-12.339664542914967,20,persistent,102Ah_45degC_0p5C_cell3,1,1
102Ah_45degC_0p5C_cell3,30,anchor_constant,61.901,103.01980392156864,103.01980392156864,41.118803921568635,20,persistent,102Ah_45degC_0p5C_cell3,1,1
102Ah_45degC_0p5C_cell3,30,age_ridge,61.901,103.01980392156864,77.21879164256609,15.317791642566085,20,persistent,102Ah_45degC_0p5C_cell3,1,1
102Ah_45degC_0p5C_cell3,30,fixed_window_ridge,61.901,103.01980392156864,79.09128233457042,17.19028233457042,20,persistent,102Ah_45degC_0p5C_cell3,1,1
102Ah_45degC_0p5C_cell3,30,mask_ridge,61.901,103.01980392156864,79.36739923560614,17.46639923560614,20,persistent,102Ah_45degC_0p5C_cell3,1,1
102Ah_45degC_0p5C_cell3,30,within_cell_ratio_ridge,61.901,103.01980392156864,74.69746150307373,12.796461503073722,20,persistent,102Ah_45degC_0p5C_cell3,1,1
102Ah_45degC_0p5C_cell3,30,rbf_residual,61.901,103.01980392156864,75.78513993706568,13.884139937065676,20,persistent,102Ah_45degC_0p5C_cell3,1,1
102Ah_45degC_1C_cell1,1,anchor_constant,98.462,102.61176470588235,102.61176470588235,4.1497647058823475,20,persistent,102Ah_45degC_1C_cell1,0,1
102Ah_45degC_1C_cell1,1,age_ridge,98.462,102.61176470588235,98.21686868805547,-0.24513131194453308,20,persistent,102Ah_45degC_1C_cell1,0,1
102Ah_45degC_1C_cell1,1,fixed_window_ridge,98.462,102.61176470588235,97.88827853637133,-0.5737214636286723,20,persistent,102Ah_45degC_1C_cell1,0,1
102Ah_45degC_1C_cell1,1,mask_ridge,98.462,102.61176470588235,99.25415493329898,0.7921549332989741,20,persistent,102Ah_45degC_1C_cell1,0,1
102Ah_45degC_1C_cell1,1,within_cell_ratio_ridge,98.462,102.61176470588235,98.99908337734266,0.537083377342654,20,persistent,102Ah_45degC_1C_cell1,0,1
102Ah_45degC_1C_cell1,1,rbf_residual,98.462,102.61176470588235,99.78463777516939,1.3226377751693832,20,persistent,102Ah_45degC_1C_cell1,0,1
102Ah_45degC_1C_cell1,2,anchor_constant,97.488,102.61176470588235,102.61176470588235,5.123764705882351,20,persistent,102Ah_45degC_1C_cell1,0,1
102Ah_45degC_1C_cell1,2,age_ridge,97.488,102.61176470588235,97.15612334052896,-0.3318766594710354,20,persistent,102Ah_45degC_1C_cell1,0,1
102Ah_45degC_1C_cell1,2,fixed_window_ridge,97.488,102.61176470588235,96.86267519575453,-0.6253248042454658,20,persistent,102Ah_45degC_1C_cell1,0,1
102Ah_45degC_1C_cell1,2,mask_ridge,97.488,102.61176470588235,98.11850029898336,0.6305002989833639,20,persistent,102Ah_45degC_1C_cell1,0,1
102Ah_45degC_1C_cell1,2,within_cell_ratio_ridge,97.488,102.61176470588235,98.03293750271536,0.5449375027153565,20,persistent,102Ah_45degC_1C_cell1,0,1
102Ah_45degC_1C_cell1,2,rbf_residual,97.488,102.61176470588235,98.95053479639488,1.462534796394877,20,persistent,102Ah_45degC_1C_cell1,0,1
102Ah_45degC_1C_cell1,3,anchor_constant,96.668,102.61176470588235,102.61176470588235,5.943764705882344,20,persistent,102Ah_45degC_1C_cell1,0,1
102Ah_45degC_1C_cell1,3,age_ridge,96.668,102.61176470588235,96.3583168883778,-0.3096831116222063,20,persistent,102Ah_45degC_1C_cell1,0,1
102Ah_45degC_1C_cell1,3,fixed_window_ridge,96.668,102.61176470588235,96.09382387661515,-0.5741761233848592,20,persistent,102Ah_45degC_1C_cell1,0,1
102Ah_45degC_1C_cell1,3,mask_ridge,96.668,102.61176470588235,97.27392050148666,0.6059205014866507,20,persistent,102Ah_45degC_1C_cell1,0,1
102Ah_45degC_1C_cell1,3,within_cell_ratio_ridge,96.668,102.61176470588235,97.26623123103198,0.5982312310319742,20,persistent,102Ah_45degC_1C_cell1,0,1
102Ah_45degC_1C_cell1,3,rbf_residual,96.668,102.61176470588235,98.21305287175348,1.5450528717534695,20,persistent,102Ah_45degC_1C_cell1,0,1
102Ah_45degC_1C_cell1,4,anchor_constant,96.07,102.61176470588235,102.61176470588235,6.541764705882358,20,persistent,102Ah_45degC_1C_cell1,0,1
102Ah_45degC_1C_cell1,4,age_ridge,96.07,102.61176470588235,95.69223704069154,-0.3777629593084555,20,persistent,102Ah_45degC_1C_cell1,0,1
102Ah_45degC_1C_cell1,4,fixed_window_ridge,96.07,102.61176470588235,95.45379043355054,-0.6162095664494558,20,persistent,102Ah_45degC_1C_cell1,0,1
102Ah_45degC_1C_cell1,4,mask_ridge,96.07,102.61176470588235,96.58482916348265,0.5148291634826592,20,persistent,102Ah_45degC_1C_cell1,0,1
102Ah_45degC_1C_cell1,4,within_cell_ratio_ridge,96.07,102.61176470588235,96.50210106544068,0.4321010654406905,20,persistent,102Ah_45degC_1C_cell1,0,1
102Ah_45degC_1C_cell1,4,rbf_residual,96.07,102.61176470588235,97.57873099809575,1.508730998095757,20,persistent,102Ah_45degC_1C_cell1,0,1
102Ah_45degC_1C_cell1,5,anchor_constant,95.532,102.61176470588235,102.61176470588235,7.079764705882354,20,persistent,102Ah_45degC_1C_cell1,0,1
102Ah_45degC_1C_cell1,5,age_ridge,95.532,102.61176470588235,95.02000889189296,-0.5119911081070398,20,persistent,102Ah_45degC_1C_cell1,0,1
102Ah_45degC_1C_cell1,5,fixed_window_ridge,95.532,102.61176470588235,94.81023335205171,-0.7217666479482858,20,persistent,102Ah_45degC_1C_cell1,0,1
102Ah_45degC_1C_cell1,5,mask_ridge,95.532,102.61176470588235,95.85857378356795,0.32657378356795164,20,persistent,102Ah_45degC_1C_cell1,0,1
102Ah_45degC_1C_cell1,5,within_cell_ratio_ridge,95.532,102.61176470588235,96.09485204479012,0.5628520447901195,20,persistent,102Ah_45degC_1C_cell1,0,1
102Ah_45degC_1C_cell1,5,rbf_residual,95.532,102.61176470588235,96.60774506466524,1.0757450646652416,20,persistent,102Ah_45degC_1C_cell1,0,1
102Ah_45degC_1C_cell1,6,anchor_constant,95.047,102.61176470588235,102.61176470588235,7.564764705882354,20,persistent,102Ah_45degC_1C_cell1,0,1
102Ah_45degC_1C_cell1,6,age_ridge,95.047,102.61176470588235,94.50731004706111,-0.5396899529388861,20,persistent,102Ah_45degC_1C_cell1,0,1
102Ah_45degC_1C_cell1,6,fixed_window_ridge,95.047,102.61176470588235,94.32015095715302,-0.7268490428469789,20,persistent,102Ah_45degC_1C_cell1,0,1
102Ah_45degC_1C_cell1,6,mask_ridge,95.047,102.61176470588235,95.33143268004696,0.28443268004696165,20,persistent,102Ah_45degC_1C_cell1,0,1
102Ah_45degC_1C_cell1,6,within_cell_ratio_ridge,95.047,102.61176470588235,95.53230426212042,0.48530426212042244,20,persistent,102Ah_45degC_1C_cell1,0,1
102Ah_45degC_1C_cell1,6,rbf_residual,95.047,102.61176470588235,96.41361014275893,1.3666101427589297,20,persistent,102Ah_45degC_1C_cell1,0,1
102Ah_45degC_1C_cell1,7,anchor_constant,94.61,102.61176470588235,102.61176470588235,8.001764705882351,20,persistent,102Ah_45degC_1C_cell1,0,1
102Ah_45degC_1C_cell1,7,age_ridge,94.61,102.61176470588235,93.99465331444019,-0.615346685559814,20,persistent,102Ah_45degC_1C_cell1,0,1
102Ah_45degC_1C_cell1,7,fixed_window_ridge,94.61,102.61176470588235,93.83155843195489,-0.7784415680451104,20,persistent,102Ah_45degC_1C_cell1,0,1
102Ah_45degC_1C_cell1,7,mask_ridge,94.61,102.61176470588235,94.8112528261379,0.20125282613790318,20,persistent,102Ah_45degC_1C_cell1,0,1
102Ah_45degC_1C_cell1,7,within_cell_ratio_ridge,94.61,102.61176470588235,94.92379657366179,0.31379657366179003,20,persistent,102Ah_45degC_1C_cell1,0,1
102Ah_45degC_1C_cell1,7,rbf_residual,94.61,102.61176470588235,95.91460862477572,1.3046086247757245,20,persistent,102Ah_45degC_1C_cell1,0,1
102Ah_45degC_1C_cell1,8,anchor_constant,94.15,102.61176470588235,102.61176470588235,8.461764705882345,20,persistent,102Ah_45degC_1C_cell1,0,1
102Ah_45degC_1C_cell1,8,age_ridge,94.15,102.61176470588235,93.5451455526732,-0.6048544473268009,20,persistent,102Ah_45degC_1C_cell1,0,1
102Ah_45degC_1C_cell1,8,fixed_window_ridge,94.15,102.61176470588235,93.40364626548111,-0.7463537345188911,20,persistent,102Ah_45degC_1C_cell1,0,1
102Ah_45degC_1C_cell1,8,mask_ridge,94.15,102.61176470588235,94.33292260557468,0.18292260557467444,20,persistent,102Ah_45degC_1C_cell1,0,1
102Ah_45degC_1C_cell1,8,within_cell_ratio_ridge,94.15,102.61176470588235,94.63816889674062,0.4881688967406177,20,persistent,102Ah_45degC_1C_cell1,0,1
102Ah_45degC_1C_cell1,8,rbf_residual,94.15,102.61176470588235,95.27948046060084,1.1294804606008313,20,persistent,102Ah_45degC_1C_cell1,0,1
102Ah_45degC_1C_cell1,9,anchor_constant,93.732,102.61176470588235,102.61176470588235,8.879764705882351,20,persistent,102Ah_45degC_1C_cell1,0,1
102Ah_45degC_1C_cell1,9,age_ridge,93.732,102.61176470588235,93.12583300453218,-0.6061669954678166,20,persistent,102Ah_45degC_1C_cell1,0,1
102Ah_45degC_1C_cell1,9,fixed_window_ridge,93.732,102.61176470588235,93.00514670916337,-0.7268532908366296,20,persistent,102Ah_45degC_1C_cell1,0,1
102Ah_45degC_1C_cell1,9,mask_ridge,93.732,102.61176470588235,93.90889720206052,0.17689720206051618,20,persistent,102Ah_45degC_1C_cell1,0,1
102Ah_45degC_1C_cell1,9,within_cell_ratio_ridge,93.732,102.61176470588235,94.1563879696629,0.42438796966290226,20,persistent,102Ah_45degC_1C_cell1,0,1
102Ah_45degC_1C_cell1,9,rbf_residual,93.732,102.61176470588235,95.05045464245596,1.3184546424559613,20,persistent,102Ah_45degC_1C_cell1,0,1
102Ah_45degC_1C_cell1,10,anchor_constant,93.34,102.61176470588235,102.61176470588235,9.271764705882347,20,persistent,102Ah_45degC_1C_cell1,0,1
102Ah_45degC_1C_cell1,10,age_ridge,93.34,102.61176470588235,92.73538725154039,-0.6046127484596155,20,persistent,102Ah_45degC_1C_cell1,0,1
102Ah_45degC_1C_cell1,10,fixed_window_ridge,93.34,102.61176470588235,92.63443306259778,-0.7055669374022244,20,persistent,102Ah_45degC_1C_cell1,0,1
102Ah_45degC_1C_cell1,10,mask_ridge,93.34,102.61176470588235,93.50133111676105,0.1613311167610476,20,persistent,102Ah_45degC_1C_cell1,0,1
102Ah_45degC_1C_cell1,10,within_cell_ratio_ridge,93.34,102.61176470588235,93.85086448893584,0.5108644889358374,20,persistent,102Ah_45degC_1C_cell1,0,1
102Ah_45degC_1C_cell1,10,rbf_residual,93.34,102.61176470588235,94.28373874724782,0.9437387472478207,20,persistent,102Ah_45degC_1C_cell1,0,1
102Ah_45degC_1C_cell1,11,anchor_constant,92.94,102.61176470588235,102.61176470588235,9.671764705882353,20,persistent,102Ah_45degC_1C_cell1,0,1
102Ah_45degC_1C_cell1,11,age_ridge,92.94,102.61176470588235,92.3470872531651,-0.592912746834898,20,persistent,102Ah_45degC_1C_cell1,0,1
102Ah_45degC_1C_cell1,11,fixed_window_ridge,92.94,102.61176470588235,92.2665443463302,-0.6734556536697909,20,persistent,102Ah_45degC_1C_cell1,0,1
102Ah_45degC_1C_cell1,11,mask_ridge,92.94,102.61176470588235,93.11102726125281,0.1710272612528172,20,persistent,102Ah_45degC_1C_cell1,0,1
102Ah_45degC_1C_cell1,11,within_cell_ratio_ridge,92.94,102.61176470588235,93.40492806517743,0.4649280651774319,20,persistent,102Ah_45degC_1C_cell1,0,1
102Ah_45degC_1C_cell1,11,rbf_residual,92.94,102.61176470588235,94.22966797367476,1.2896679736747672,20,persistent,102Ah_45degC_1C_cell1,0,1
102Ah_45degC_1C_cell1,12,anchor_constant,92.564,102.61176470588235,102.61176470588235,10.047764705882358,20,persistent,102Ah_45degC_1C_cell1,0,1
102Ah_45degC_1C_cell1,12,age_ridge,92.564,102.61176470588235,91.98809324448581,-0.5759067555141826,20,persistent,102Ah_45degC_1C_cell1,0,1
102Ah_45degC_1C_cell1,12,fixed_window_ridge,92.564,102.61176470588235,91.92653550831794,-0.6374644916820529,20,persistent,102Ah_45degC_1C_cell1,0,1
102Ah_45degC_1C_cell1,12,mask_ridge,92.564,102.61176470588235,92.74417992383033,0.18017992383033743,20,persistent,102Ah_45degC_1C_cell1,0,1
102Ah_45degC_1C_cell1,12,within_cell_ratio_ridge,92.564,102.61176470588235,93.06155816120689,0.49755816120689644,20,persistent,102Ah_45degC_1C_cell1,0,1
102Ah_45degC_1C_cell1,12,rbf_residual,92.564,102.61176470588235,93.53719198738523,0.9731919873852348,20,persistent,102Ah_45degC_1C_cell1,0,1
102Ah_45degC_1C_cell1,13,anchor_constant,92.197,102.61176470588235,102.61176470588235,10.414764705882348,20,persistent,102Ah_45degC_1C_cell1,0,1
102Ah_45degC_1C_cell1,13,age_ridge,92.197,102.61176470588235,91.63764631684953,-0.5593536831504764,20,persistent,102Ah_45degC_1C_cell1,0,1
102Ah_45degC_1C_cell1,13,fixed_window_ridge,92.197,102.61176470588235,91.59510022277965,-0.6018997772203534,20,persistent,102Ah_45degC_1C_cell1,0,1
102Ah_45degC_1C_cell1,13,mask_ridge,92.197,102.61176470588235,92.39269217060094,0.19569217060093536,20,persistent,102Ah_45degC_1C_cell1,0,1
102Ah_45degC_1C_cell1,13,within_cell_ratio_ridge,92.197,102.61176470588235,92.66740021071348,0.4704002107134784,20,persistent,102Ah_45degC_1C_cell1,0,1
102Ah_45degC_1C_cell1,13,rbf_residual,92.197,102.61176470588235,93.48718739470374,1.290187394703736,20,persistent,102Ah_45degC_1C_cell1,0,1
102Ah_45degC_1C_cell1,14,anchor_constant,91.821,102.61176470588235,102.61176470588235,10.790764705882353,20,persistent,102Ah_45degC_1C_cell1,0,1
102Ah_45degC_1C_cell1,14,age_ridge,91.821,102.61176470588235,91.27394319356645,-0.5470568064335453,20,persistent,102Ah_45degC_1C_cell1,0,1
102Ah_45degC_1C_cell1,14,fixed_window_ridge,91.821,102.61176470588235,91.25191807777573,-0.5690819222242709,20,persistent,102Ah_45degC_1C_cell1,0,1
102Ah_45degC_1C_cell1,14,mask_ridge,91.821,102.61176470588235,92.02206201779417,0.20106201779417177,20,persistent,102Ah_45degC_1C_cell1,0,1
102Ah_45degC_1C_cell1,14,within_cell_ratio_ridge,91.821,102.61176470588235,92.33125268617975,0.5102526861797543,20,persistent,102Ah_45degC_1C_cell1,0,1
102Ah_45degC_1C_cell1,14,rbf_residual,91.821,102.61176470588235,92.76236812840673,0.9413681284067366,20,persistent,102Ah_45degC_1C_cell1,0,1
102Ah_45degC_1C_cell1,15,anchor_constant,91.424,102.61176470588235,102.61176470588235,11.187764705882344,20,persistent,102Ah_45degC_1C_cell1,0,1
102Ah_45degC_1C_cell1,15,age_ridge,91.424,102.61176470588235,90.93571834334627,-0.48828165665374,20,persistent,102Ah_45degC_1C_cell1,0,1
102Ah_45degC_1C_cell1,15,fixed_window_ridge,91.424,102.61176470588235,90.93287760522821,-0.49112239477179287,20,persistent,102Ah_45degC_1C_cell1,0,1
102Ah_45degC_1C_cell1,15,mask_ridge,91.424,102.61176470588235,91.68105769537087,0.257057695370861,20,persistent,102Ah_45degC_1C_cell1,0,1
102Ah_45degC_1C_cell1,15,within_cell_ratio_ridge,91.424,102.61176470588235,91.98649251781751,0.5624925178175033,20,persistent,102Ah_45degC_1C_cell1,0,1
102Ah_45degC_1C_cell1,15,rbf_residual,91.424,102.61176470588235,92.7274291114028,1.3034291114027923,20,persistent,102Ah_45degC_1C_cell1,0,1
102Ah_45degC_1C_cell1,16,anchor_constant,90.943,102.61176470588235,102.61176470588235,11.668764705882353,20,persistent,102Ah_45degC_1C_cell1,0,1
102Ah_45degC_1C_cell1,16,age_ridge,90.943,102.61176470588235,90.43302840448223,-0.5099715955177686,20,persistent,102Ah_45degC_1C_cell1,0,1
102Ah_45degC_1C_cell1,16,fixed_window_ridge,90.943,102.61176470588235,90.46320477599537,-0.4797952240046328,20,persistent,102Ah_45degC_1C_cell1,0,1
102Ah_45degC_1C_cell1,16,mask_ridge,90.943,102.61176470588235,91.17948563311408,0.23648563311408566,20,persistent,102Ah_45degC_1C_cell1,0,1
102Ah_45degC_1C_cell1,16,within_cell_ratio_ridge,90.943,102.61176470588235,91.4731627313848,0.5301627313848059,20,persistent,102Ah_45degC_1C_cell1,0,1
102Ah_45degC_1C_cell1,16,rbf_residual,90.943,102.61176470588235,92.09959663825188,1.1565966382518837,20,persistent,102Ah_45degC_1C_cell1,0,1
102Ah_45degC_1C_cell1,17,anchor_constant,90.603,102.61176470588235,102.61176470588235,12.008764705882356,20,persistent,102Ah_45degC_1C_cell1,0,1
102Ah_45degC_1C_cell1,17,age_ridge,90.603,102.61176470588235,90.12428011593737,-0.47871988406262744,20,persistent,102Ah_45degC_1C_cell1,0,1
102Ah_45degC_1C_cell1,17,fixed_window_ridge,90.603,102.61176470588235,90.1724055595798,-0.4305944404201938,20,persistent,102Ah_45degC_1C_cell1,0,1
102Ah_45degC_1C_cell1,17,mask_ridge,90.603,102.61176470588235,90.85870048214817,0.2557004821481712,20,persistent,102Ah_45degC_1C_cell1,0,1
102Ah_45degC_1C_cell1,17,within_cell_ratio_ridge,90.603,102.61176470588235,91.27038017188303,0.667380171883039,20,persistent,102Ah_45degC_1C_cell1,0,1
102Ah_45degC_1C_cell1,17,rbf_residual,90.603,102.61176470588235,91.78489211527763,1.181892115277634,20,persistent,102Ah_45degC_1C_cell1,0,1
102Ah_45degC_1C_cell1,18,anchor_constant,90.278,102.61176470588235,102.61176470588235,12.333764705882345,20,persistent,102Ah_45degC_1C_cell1,0,1
102Ah_45degC_1C_cell1,18,age_ridge,90.278,102.61176470588235,89.81489102005838,-0.46310897994162303,20,persistent,102Ah_45degC_1C_cell1,0,1
102Ah_45degC_1C_cell1,18,fixed_window_ridge,90.278,102.61176470588235,89.88134197600601,-0.39665802399399297,20,persistent,102Ah_45degC_1C_cell1,0,1
102Ah_45degC_1C_cell1,18,mask_ridge,90.278,102.61176470588235,85.98114854990934,-4.296851450090671,20,persistent,102Ah_45degC_1C_cell1,0,1
102Ah_45degC_1C_cell1,18,within_cell_ratio_ridge,90.278,102.61176470588235,91.85231420526166,1.5743142052616577,20,persistent,102Ah_45degC_1C_cell1,0,1
102Ah_45degC_1C_cell1,18,rbf_residual,90.278,102.61176470588235,85.64938735465606,-4.628612645343949,20,persistent,102Ah_45degC_1C_cell1,0,1
102Ah_45degC_1C_cell1,19,anchor_constant,89.822,102.61176470588235,102.61176470588235,12.789764705882348,20,persistent,102Ah_45degC_1C_cell1,0,1
102Ah_45degC_1C_cell1,19,age_ridge,89.822,102.61176470588235,89.51341709961352,-0.30858290038648306,20,persistent,102Ah_45degC_1C_cell1,0,1
102Ah_45degC_1C_cell1,19,fixed_window_ridge,89.822,102.61176470588235,89.5979859928884,-0.2240140071116059,20,persistent,102Ah_45degC_1C_cell1,0,1
102Ah_45degC_1C_cell1,19,mask_ridge,89.822,102.61176470588235,90.2423311466782,0.42033114667819405,20,persistent,102Ah_45degC_1C_cell1,0,1
102Ah_45degC_1C_cell1,19,within_cell_ratio_ridge,89.822,102.61176470588235,90.69627024068036,0.8742702406803602,20,persistent,102Ah_45degC_1C_cell1,0,1
102Ah_45degC_1C_cell1,19,rbf_residual,89.822,102.61176470588235,91.081407647427,1.2594076474269968,20,persistent,102Ah_45degC_1C_cell1,0,1
102Ah_45degC_1C_cell1,20,anchor_constant,89.494,102.61176470588235,102.61176470588235,13.117764705882351,20,persistent,102Ah_45degC_1C_cell1,0,1
102Ah_45degC_1C_cell1,20,age_ridge,89.494,102.61176470588235,89.17108429169647,-0.3229157083035261,20,persistent,102Ah_45degC_1C_cell1,0,1
102Ah_45degC_1C_cell1,20,fixed_window_ridge,89.494,102.61176470588235,89.27766715033991,-0.21633284966009114,20,persistent,102Ah_45degC_1C_cell1,0,1
102Ah_45degC_1C_cell1,20,mask_ridge,89.494,102.61176470588235,89.90370632221124,0.4097063222112354,20,persistent,102Ah_45degC_1C_cell1,0,1
102Ah_45degC_1C_cell1,20,within_cell_ratio_ridge,89.494,102.61176470588235,90.32524707686987,0.8312470768698716,20,persistent,102Ah_45degC_1C_cell1,0,1
102Ah_45degC_1C_cell1,20,rbf_residual,89.494,102.61176470588235,90.31942435494068,0.8254243549406795,20,persistent,102Ah_45degC_1C_cell1,0,1
102Ah_45degC_1C_cell1,21,anchor_constant,89.036,102.61176470588235,102.61176470588235,13.57576470588235,20,persistent,102Ah_45degC_1C_cell1,0,1
102Ah_45degC_1C_cell1,21,age_ridge,89.036,102.61176470588235,88.77290708120819,-0.26309291879181274,20,persistent,102Ah_45degC_1C_cell1,0,1
102Ah_45degC_1C_cell1,21,fixed_window_ridge,89.036,102.61176470588235,88.90716141109468,-0.1288385889053245,20,persistent,102Ah_45degC_1C_cell1,0,1
102Ah_45degC_1C_cell1,21,mask_ridge,89.036,102.61176470588235,89.48690873515463,0.45090873515462704,20,persistent,102Ah_45degC_1C_cell1,0,1
102Ah_45degC_1C_cell1,21,within_cell_ratio_ridge,89.036,102.61176470588235,90.1611662769938,1.1251662769937951,20,persistent,102Ah_45degC_1C_cell1,0,1
102Ah_45degC_1C_cell1,21,rbf_residual,89.036,102.61176470588235,90.11496944732723,1.0789694473272249,20,persistent,102Ah_45degC_1C_cell1,0,1
102Ah_45degC_1C_cell1,22,anchor_constant,88.696,102.61176470588235,102.61176470588235,13.915764705882353,20,persistent,102Ah_45degC_1C_cell1,0,1
102Ah_45degC_1C_cell1,22,age_ridge,88.696,102.61176470588235,88.49070532147623,-0.2052946785237708,20,persistent,102Ah_45degC_1C_cell1,0,1
102Ah_45degC_1C_cell1,22,fixed_window_ridge,88.696,102.61176470588235,88.64234306189296,-0.05365693810703931,20,persistent,102Ah_45degC_1C_cell1,0,1
102Ah_45degC_1C_cell1,22,mask_ridge,88.696,102.61176470588235,89.2027660601243,0.5067660601243063,20,persistent,102Ah_45degC_1C_cell1,0,1
102Ah_45degC_1C_cell1,22,within_cell_ratio_ridge,88.696,102.61176470588235,89.90386854326786,1.207868543267864,20,persistent,102Ah_45degC_1C_cell1,0,1
102Ah_45degC_1C_cell1,22,rbf_residual,88.696,102.61176470588235,89.47417133436198,0.7781713343619856,20,persistent,102Ah_45degC_1C_cell1,0,1
102Ah_45degC_1C_cell1,23,anchor_constant,88.347,102.61176470588235,102.61176470588235,14.264764705882357,20,persistent,102Ah_45degC_1C_cell1,0,1
102Ah_45degC_1C_cell1,23,age_ridge,88.347,102.61176470588235,88.21510458629271,-0.13189541370728364,20,persistent,102Ah_45degC_1C_cell1,0,1
102Ah_45degC_1C_cell1,23,fixed_window_ridge,88.347,102.61176470588235,88.38379601357782,0.03679601357782758,20,persistent,102Ah_45degC_1C_cell1,0,1
102Ah_45degC_1C_cell1,23,mask_ridge,88.347,102.61176470588235,83.43606696947234,-4.910933030527659,20,persistent,102Ah_45degC_1C_cell1,0,1
102Ah_45degC_1C_cell1,23,within_cell_ratio_ridge,88.347,102.61176470588235,89.64585091954844,1.2988509195484426,20,persistent,102Ah_45degC_1C_cell1,0,1
102Ah_45degC_1C_cell1,23,rbf_residual,88.347,102.61176470588235,85.01915253431255,-3.327847465687441,20,persistent,102Ah_45degC_1C_cell1,0,1
102Ah_45degC_1C_cell1,24,anchor_constant,88.0,102.61176470588235,102.61176470588235,14.61176470588235,20,persistent,102Ah_45degC_1C_cell1,0,1
102Ah_45degC_1C_cell1,24,age_ridge,88.0,102.61176470588235,87.94532999654749,-0.05467000345251449,20,persistent,102Ah_45degC_1C_cell1,0,1
102Ah_45degC_1C_cell1,24,fixed_window_ridge,88.0,102.61176470588235,88.13067466663077,0.13067466663076743,20,persistent,102Ah_45degC_1C_cell1,0,1
102Ah_45degC_1C_cell1,24,mask_ridge,88.0,102.61176470588235,88.65546969381276,0.655469693812762,20,persistent,102Ah_45degC_1C_cell1,0,1
102Ah_45degC_1C_cell1,24,within_cell_ratio_ridge,88.0,102.61176470588235,89.39363122866372,1.3936312286637218,20,persistent,102Ah_45degC_1C_cell1,0,1
102Ah_45degC_1C_cell1,24,rbf_residual,88.0,102.61176470588235,88.97479127506976,0.9747912750697623,20,persistent,102Ah_45degC_1C_cell1,0,1
102Ah_45degC_1C_cell1,25,anchor_constant,87.625,102.61176470588235,102.61176470588235,14.98676470588235,20,persistent,102Ah_45degC_1C_cell1,0,1
102Ah_45degC_1C_cell1,25,age_ridge,87.625,102.61176470588235,87.67598593354222,0.05098593354222203,20,persistent,102Ah_45degC_1C_cell1,0,1
102Ah_45degC_1C_cell1,25,fixed_window_ridge,87.625,102.61176470588235,87.87819580672408,0.2531958067240794,20,persistent,102Ah_45degC_1C_cell1,0,1
102Ah_45degC_1C_cell1,25,mask_ridge,87.625,102.61176470588235,83.2382938424108,-4.386706157589202,20,persistent,102Ah_45degC_1C_cell1,0,1
102Ah_45degC_1C_cell1,25,within_cell_ratio_ridge,87.625,102.61176470588235,89.10942706415692,1.4844270641569182,20,persistent,102Ah_45degC_1C_cell1,0,1
102Ah_45degC_1C_cell1,25,rbf_residual,87.625,102.61176470588235,83.47109954571505,-4.153900454284951,20,persistent,102Ah_45degC_1C_cell1,0,1
102Ah_45degC_1C_cell1,26,anchor_constant,87.258,102.61176470588235,102.61176470588235,15.353764705882355,20,persistent,102Ah_45degC_1C_cell1,0,1
102Ah_45degC_1C_cell1,26,age_ridge,87.258,102.61176470588235,87.40922092429349,0.1512209242934972,20,persistent,102Ah_45degC_1C_cell1,0,1
102Ah_45degC_1C_cell1,26,fixed_window_ridge,87.258,102.61176470588235,87.62831465182514,0.3703146518251401,20,persistent,102Ah_45degC_1C_cell1,0,1
102Ah_45degC_1C_cell1,26,mask_ridge,87.258,102.61176470588235,83.01655658333735,-4.241443416662648,20,persistent,102Ah_45degC_1C_cell1,0,1
102Ah_45degC_1C_cell1,26,within_cell_ratio_ridge,87.258,102.61176470588235,88.8831463974343,1.6251463974343068,20,persistent,102Ah_45degC_1C_cell1,0,1
102Ah_45degC_1C_cell1,26,rbf_residual,87.258,102.61176470588235,83.50111537489629,-3.7568846251037087,20,persistent,102Ah_45degC_1C_cell1,0,1
102Ah_45degC_1C_cell1,27,anchor_constant,86.915,102.61176470588235,102.61176470588235,15.696764705882345,20,persistent,102Ah_45degC_1C_cell1,0,1
102Ah_45degC_1C_cell1,27,age_ridge,86.915,102.61176470588235,87.11089163123296,0.1958916312329535,20,persistent,102Ah_45degC_1C_cell1,0,1
102Ah_45degC_1C_cell1,27,fixed_window_ridge,86.915,102.61176470588235,87.35014476707373,0.43514476707372296,20,persistent,102Ah_45degC_1C_cell1,0,1
102Ah_45degC_1C_cell1,27,mask_ridge,86.915,102.61176470588235,82.80845828805374,-4.106541711946264,20,persistent,102Ah_45degC_1C_cell1,0,1
102Ah_45degC_1C_cell1,27,within_cell_ratio_ridge,86.915,102.61176470588235,88.52149986039475,1.6064998603947487,20,persistent,102Ah_45degC_1C_cell1,0,1
102Ah_45degC_1C_cell1,27,rbf_residual,86.915,102.61176470588235,82.34469019116557,-4.570309808834438,20,persistent,102Ah_45degC_1C_cell1,0,1
102Ah_45degC_1C_cell1,28,anchor_constant,86.361,102.61176470588235,102.61176470588235,16.250764705882347,20,persistent,102Ah_45degC_1C_cell1,0,1
102Ah_45degC_1C_cell1,28,age_ridge,86.361,102.61176470588235,86.66745194494628,0.30645194494627503,20,persistent,102Ah_45degC_1C_cell1,0,1
102Ah_45degC_1C_cell1,28,fixed_window_ridge,86.361,102.61176470588235,86.94199992316844,0.5809999231684344,20,persistent,102Ah_45degC_1C_cell1,0,1
102Ah_45degC_1C_cell1,28,mask_ridge,86.361,102.61176470588235,82.57721047909222,-3.7837895209077885,20,persistent,102Ah_45degC_1C_cell1,0,1
102Ah_45degC_1C_cell1,28,within_cell_ratio_ridge,86.361,102.61176470588235,88.18245188384782,1.8214518838478142,20,persistent,102Ah_45degC_1C_cell1,0,1
102Ah_45degC_1C_cell1,28,rbf_residual,86.361,102.61176470588235,82.12770796312105,-4.23329203687895,20,persistent,102Ah_45degC_1C_cell1,0,1
102Ah_45degC_1C_cell1,29,anchor_constant,85.894,102.61176470588235,102.61176470588235,16.717764705882345,20,persistent,102Ah_45degC_1C_cell1,0,1
102Ah_45degC_1C_cell1,29,age_ridge,85.894,102.61176470588235,86.3653364340008,0.47133643400078995,20,persistent,102Ah_45degC_1C_cell1,0,1
102Ah_45degC_1C_cell1,29,fixed_window_ridge,85.894,102.61176470588235,86.66113418051285,0.7671341805128407,20,persistent,102Ah_45degC_1C_cell1,0,1
102Ah_45degC_1C_cell1,29,mask_ridge,85.894,102.61176470588235,82.44230444888902,-3.451695551110987,20,persistent,102Ah_45degC_1C_cell1,0,1
102Ah_45degC_1C_cell1,29,within_cell_ratio_ridge,85.894,102.61176470588235,87.88733456363252,1.9933345636325157,20,persistent,102Ah_45degC_1C_cell1,0,1
102Ah_45degC_1C_cell1,29,rbf_residual,85.894,102.61176470588235,80.61832172978481,-5.275678270215195,20,persistent,102Ah_45degC_1C_cell1,0,1
102Ah_45degC_1C_cell1,30,anchor_constant,85.512,102.61176470588235,102.61176470588235,17.09976470588235,20,persistent,102Ah_45degC_1C_cell1,0,1
102Ah_45degC_1C_cell1,30,age_ridge,85.512,102.61176470588235,86.11459323363549,0.6025932336354884,20,persistent,102Ah_45degC_1C_cell1,0,1
102Ah_45degC_1C_cell1,30,fixed_window_ridge,85.512,102.61176470588235,86.42650632472284,0.9145063247228364,20,persistent,102Ah_45degC_1C_cell1,0,1
102Ah_45degC_1C_cell1,30,mask_ridge,85.512,102.61176470588235,82.17063976309278,-3.341360236907221,20,persistent,102Ah_45degC_1C_cell1,0,1
102Ah_45degC_1C_cell1,30,within_cell_ratio_ridge,85.512,102.61176470588235,87.5551793126773,2.043179312677296,20,persistent,102Ah_45degC_1C_cell1,0,1
102Ah_45degC_1C_cell1,30,rbf_residual,85.512,102.61176470588235,80.03043954045407,-5.481560459545932,20,persistent,102Ah_45degC_1C_cell1,0,1
102Ah_55degC_1C_cell3,1,anchor_constant,98.15,102.83911764705883,102.83911764705883,4.689117647058822,20,persistent,102Ah_55degC_1C_cell3,0,1
102Ah_55degC_1C_cell3,1,age_ridge,98.15,102.83911764705883,99.83269604671415,1.6826960467141419,20,persistent,102Ah_55degC_1C_cell3,0,1
102Ah_55degC_1C_cell3,1,fixed_window_ridge,98.15,102.83911764705883,100.0810479128895,1.9310479128894968,20,persistent,102Ah_55degC_1C_cell3,0,1
102Ah_55degC_1C_cell3,1,mask_ridge,98.15,102.83911764705883,100.18223244631147,2.0322324463114683,20,persistent,102Ah_55degC_1C_cell3,0,1
102Ah_55degC_1C_cell3,1,within_cell_ratio_ridge,98.15,102.83911764705883,99.85809781269349,1.708097812693481,20,persistent,102Ah_55degC_1C_cell3,0,1
102Ah_55degC_1C_cell3,1,rbf_residual,98.15,102.83911764705883,99.72601005880551,1.5760100588055082,20,persistent,102Ah_55degC_1C_cell3,0,1
102Ah_55degC_1C_cell3,2,anchor_constant,97.002,102.83911764705883,102.83911764705883,5.837117647058832,20,persistent,102Ah_55degC_1C_cell3,0,1
102Ah_55degC_1C_cell3,2,age_ridge,97.002,102.83911764705883,99.25616522100842,2.254165221008421,20,persistent,102Ah_55degC_1C_cell3,0,1
102Ah_55degC_1C_cell3,2,fixed_window_ridge,97.002,102.83911764705883,99.33433131606758,2.332331316067581,20,persistent,102Ah_55degC_1C_cell3,0,1
102Ah_55degC_1C_cell3,2,mask_ridge,97.002,102.83911764705883,99.40403836126919,2.4020383612691916,20,persistent,102Ah_55degC_1C_cell3,0,1
102Ah_55degC_1C_cell3,2,within_cell_ratio_ridge,97.002,102.83911764705883,99.20031343658485,2.1983134365848542,20,persistent,102Ah_55degC_1C_cell3,0,1
102Ah_55degC_1C_cell3,2,rbf_residual,97.002,102.83911764705883,99.19203617795584,2.1900361779558466,20,persistent,102Ah_55degC_1C_cell3,0,1
102Ah_55degC_1C_cell3,3,anchor_constant,93.692,102.83911764705883,102.83911764705883,9.147117647058835,20,persistent,102Ah_55degC_1C_cell3,0,1
102Ah_55degC_1C_cell3,3,age_ridge,93.692,102.83911764705883,97.39139684115861,3.6993968411586167,20,persistent,102Ah_55degC_1C_cell3,0,1
102Ah_55degC_1C_cell3,3,fixed_window_ridge,93.692,102.83911764705883,97.24335135291619,3.5513513529161997,20,persistent,102Ah_55degC_1C_cell3,0,1
102Ah_55degC_1C_cell3,3,mask_ridge,93.692,102.83911764705883,96.68570502885339,2.993705028853398,20,persistent,102Ah_55degC_1C_cell3,0,1
102Ah_55degC_1C_cell3,3,within_cell_ratio_ridge,93.692,102.83911764705883,97.30911858609733,3.617118586097334,20,persistent,102Ah_55degC_1C_cell3,0,1
102Ah_55degC_1C_cell3,3,rbf_residual,93.692,102.83911764705883,97.11809210706139,3.426092107061393,20,persistent,102Ah_55degC_1C_cell3,0,1
102Ah_55degC_1C_cell3,4,anchor_constant,93.086,102.83911764705883,102.83911764705883,9.75311764705883,20,persistent,102Ah_55degC_1C_cell3,0,1
102Ah_55degC_1C_cell3,4,age_ridge,93.086,102.83911764705883,97.02570800653497,3.939708006534971,20,persistent,102Ah_55degC_1C_cell3,0,1
102Ah_55degC_1C_cell3,4,fixed_window_ridge,93.086,102.83911764705883,96.85085473414779,3.7648547341477894,20,persistent,102Ah_55degC_1C_cell3,0,1
102Ah_55degC_1C_cell3,4,mask_ridge,93.086,102.83911764705883,96.32517848002621,3.2391784800262116,20,persistent,102Ah_55degC_1C_cell3,0,1
102Ah_55degC_1C_cell3,4,within_cell_ratio_ridge,93.086,102.83911764705883,96.93290953565935,3.84690953565935,20,persistent,102Ah_55degC_1C_cell3,0,1
102Ah_55degC_1C_cell3,4,rbf_residual,93.086,102.83911764705883,96.83809108816372,3.7520910881637235,20,persistent,102Ah_55degC_1C_cell3,0,1
102Ah_55degC_1C_cell3,5,anchor_constant,92.505,102.83911764705883,102.83911764705883,10.334117647058832,20,persistent,102Ah_55degC_1C_cell3,0,1
102Ah_55degC_1C_cell3,5,age_ridge,92.505,102.83911764705883,96.66366278889922,4.158662788899221,20,persistent,102Ah_55degC_1C_cell3,0,1
102Ah_55degC_1C_cell3,5,fixed_window_ridge,92.505,102.83911764705883,96.46750036363527,3.9625003636352716,20,persistent,102Ah_55degC_1C_cell3,0,1
102Ah_55degC_1C_cell3,5,mask_ridge,92.505,102.83911764705883,95.94366345898983,3.4386634589898364,20,persistent,102Ah_55degC_1C_cell3,0,1
102Ah_55degC_1C_cell3,5,within_cell_ratio_ridge,92.505,102.83911764705883,96.56305045547988,4.058050455479886,20,persistent,102Ah_55degC_1C_cell3,0,1
102Ah_55degC_1C_cell3,5,rbf_residual,92.505,102.83911764705883,96.25687365626851,3.751873656268515,20,persistent,102Ah_55degC_1C_cell3,0,1
102Ah_55degC_1C_cell3,6,anchor_constant,91.953,102.83911764705883,102.83911764705883,10.886117647058825,20,persistent,102Ah_55degC_1C_cell3,0,1
102Ah_55degC_1C_cell3,6,age_ridge,91.953,102.83911764705883,96.30761234595253,4.354612345952532,20,persistent,102Ah_55degC_1C_cell3,0,1
102Ah_55degC_1C_cell3,6,fixed_window_ridge,91.953,102.83911764705883,96.09560418693337,4.142604186933369,20,persistent,102Ah_55degC_1C_cell3,0,1
102Ah_55degC_1C_cell3,6,mask_ridge,91.953,102.83911764705883,95.68319118663406,3.730191186634059,20,persistent,102Ah_55degC_1C_cell3,0,1
102Ah_55degC_1C_cell3,6,within_cell_ratio_ridge,91.953,102.83911764705883,96.20236456516946,4.249364565169458,20,persistent,102Ah_55degC_1C_cell3,0,1
102Ah_55degC_1C_cell3,6,rbf_residual,91.953,102.83911764705883,96.05610026861267,4.103100268612664,20,persistent,102Ah_55degC_1C_cell3,0,1
102Ah_55degC_1C_cell3,7,anchor_constant,91.407,102.83911764705883,102.83911764705883,11.432117647058831,20,persistent,102Ah_55degC_1C_cell3,0,1
102Ah_55degC_1C_cell3,7,age_ridge,91.407,102.83911764705883,95.91243544214555,4.505435442145554,20,persistent,102Ah_55degC_1C_cell3,0,1
102Ah_55degC_1C_cell3,7,fixed_window_ridge,91.407,102.83911764705883,95.6921050607163,4.285105060716305,20,persistent,102Ah_55degC_1C_cell3,0,1
102Ah_55degC_1C_cell3,7,mask_ridge,91.407,102.83911764705883,95.31680056517855,3.909800565178557,20,persistent,102Ah_55degC_1C_cell3,0,1
102Ah_55degC_1C_cell3,7,within_cell_ratio_ridge,91.407,102.83911764705883,95.8096142373369,4.4026142373369055,20,persistent,102Ah_55degC_1C_cell3,0,1
102Ah_55degC_1C_cell3,7,rbf_residual,91.407,102.83911764705883,95.81473968042515,4.407739680425152,20,persistent,102Ah_55degC_1C_cell3,0,1
102Ah_55degC_1C_cell3,8,anchor_constant,90.846,102.83911764705883,102.83911764705883,11.993117647058824,20,persistent,102Ah_55degC_1C_cell3,0,1
102Ah_55degC_1C_cell3,8,age_ridge,90.846,102.83911764705883,95.57662473745722,4.7306247374572195,20,persistent,102Ah_55degC_1C_cell3,0,1
102Ah_55degC_1C_cell3,8,fixed_window_ridge,90.846,102.83911764705883,95.34769682793613,4.501696827936129,20,persistent,102Ah_55degC_1C_cell3,0,1
102Ah_55degC_1C_cell3,8,mask_ridge,90.846,102.83911764705883,94.99203591043376,4.146035910433753,20,persistent,102Ah_55degC_1C_cell3,0,1
102Ah_55degC_1C_cell3,8,within_cell_ratio_ridge,90.846,102.83911764705883,95.4721568544844,4.6261568544843925,20,persistent,102Ah_55degC_1C_cell3,0,1
102Ah_55degC_1C_cell3,8,rbf_residual,90.846,102.83911764705883,95.2532935868902,4.407293586890191,20,persistent,102Ah_55degC_1C_cell3,0,1
102Ah_55degC_1C_cell3,9,anchor_constant,90.301,102.83911764705883,102.83911764705883,12.538117647058826,20,persistent,102Ah_55degC_1C_cell3,0,1
102Ah_55degC_1C_cell3,9,age_ridge,90.301,102.83911764705883,95.24558955910574,4.9445895591057365,20,persistent,102Ah_55degC_1C_cell3,0,1
102Ah_55degC_1C_cell3,9,fixed_window_ridge,90.301,102.83911764705883,95.01068654724241,4.709686547242413,20,persistent,102Ah_55degC_1C_cell3,0,1
102Ah_55degC_1C_cell3,9,mask_ridge,90.301,102.83911764705883,94.75361675340714,4.452616753407142,20,persistent,102Ah_55degC_1C_cell3,0,1
102Ah_55degC_1C_cell3,9,within_cell_ratio_ridge,90.301,102.83911764705883,95.14072859612631,4.839728596126307,20,persistent,102Ah_55degC_1C_cell3,0,1
102Ah_55degC_1C_cell3,9,rbf_residual,90.301,102.83911764705883,95.11175576038664,4.810755760386641,20,persistent,102Ah_55degC_1C_cell3,0,1
102Ah_55degC_1C_cell3,10,anchor_constant,89.744,102.83911764705883,102.83911764705883,13.095117647058828,20,persistent,102Ah_55degC_1C_cell3,0,1
102Ah_55degC_1C_cell3,10,age_ridge,89.744,102.83911764705883,94.91395209777293,5.169952097772935,20,persistent,102Ah_55degC_1C_cell3,0,1
102Ah_55degC_1C_cell3,10,fixed_window_ridge,89.744,102.83911764705883,94.67528931749257,4.9312893174925705,20,persistent,102Ah_55degC_1C_cell3,0,1
102Ah_55degC_1C_cell3,10,mask_ridge,89.744,102.83911764705883,94.41100173829533,4.667001738295326,20,persistent,102Ah_55degC_1C_cell3,0,1
102Ah_55degC_1C_cell3,10,within_cell_ratio_ridge,89.744,102.83911764705883,94.80978403309946,5.065784033099462,20,persistent,102Ah_55degC_1C_cell3,0,1
102Ah_55degC_1C_cell3,10,rbf_residual,89.744,102.83911764705883,94.87953950154197,5.13553950154197,20,persistent,102Ah_55degC_1C_cell3,0,1
102Ah_55degC_1C_cell3,11,anchor_constant,89.204,102.83911764705883,102.83911764705883,13.635117647058834,20,persistent,102Ah_55degC_1C_cell3,0,1
102Ah_55degC_1C_cell3,11,age_ridge,89.204,102.83911764705883,94.59136216295158,5.3873621629515895,20,persistent,102Ah_55degC_1C_cell3,0,1
102Ah_55degC_1C_cell3,11,fixed_window_ridge,89.204,102.83911764705883,94.35079418595008,5.146794185950085,20,persistent,102Ah_55degC_1C_cell3,0,1
102Ah_55degC_1C_cell3,11,mask_ridge,89.204,102.83911764705883,94.08797043084819,4.883970430848194,20,persistent,102Ah_55degC_1C_cell3,0,1
102Ah_55degC_1C_cell3,11,within_cell_ratio_ridge,89.204,102.83911764705883,94.48876262455032,5.284762624550325,20,persistent,102Ah_55degC_1C_cell3,0,1
102Ah_55degC_1C_cell3,11,rbf_residual,89.204,102.83911764705883,94.30739057334875,5.1033905733487614,20,persistent,102Ah_55degC_1C_cell3,0,1
102Ah_55degC_1C_cell3,12,anchor_constant,88.661,102.83911764705883,102.83911764705883,14.178117647058826,20,persistent,102Ah_55degC_1C_cell3,0,1
102Ah_55degC_1C_cell3,12,age_ridge,88.661,102.83911764705883,94.2671440918237,5.606144091823694,20,persistent,102Ah_55degC_1C_cell3,0,1
102Ah_55degC_1C_cell3,12,fixed_window_ridge,88.661,102.83911764705883,94.02654226810122,5.365542268101223,20,persistent,102Ah_55degC_1C_cell3,0,1
102Ah_55degC_1C_cell3,12,mask_ridge,88.661,102.83911764705883,93.8209918378493,5.159991837849304,20,persistent,102Ah_55degC_1C_cell3,0,1
102Ah_55degC_1C_cell3,12,within_cell_ratio_ridge,88.661,102.83911764705883,94.16698103325155,5.505981033251544,20,persistent,102Ah_55degC_1C_cell3,0,1
102Ah_55degC_1C_cell3,12,rbf_residual,88.661,102.83911764705883,94.12948638707633,5.468486387076325,20,persistent,102Ah_55degC_1C_cell3,0,1
102Ah_55degC_1C_cell3,13,anchor_constant,88.039,102.83911764705883,102.83911764705883,14.800117647058826,20,persistent,102Ah_55degC_1C_cell3,0,1
102Ah_55degC_1C_cell3,13,age_ridge,88.039,102.83911764705883,93.74126803443383,5.702268034433828,20,persistent,102Ah_55degC_1C_cell3,0,1
102Ah_55degC_1C_cell3,13,fixed_window_ridge,88.039,102.83911764705883,93.53779464462107,5.498794644621071,20,persistent,102Ah_55degC_1C_cell3,0,1
102Ah_55degC_1C_cell3,13,mask_ridge,88.039,102.83911764705883,93.28645539468671,5.24745539468671,20,persistent,102Ah_55degC_1C_cell3,0,1
102Ah_55degC_1C_cell3,13,within_cell_ratio_ridge,88.039,102.83911764705883,93.68035163850494,5.641351638504943,20,persistent,102Ah_55degC_1C_cell3,0,1
102Ah_55degC_1C_cell3,13,rbf_residual,88.039,102.83911764705883,93.69125258411805,5.652252584118045,20,persistent,102Ah_55degC_1C_cell3,0,1
102Ah_55degC_1C_cell3,14,anchor_constant,87.512,102.83911764705883,102.83911764705883,15.327117647058827,20,persistent,102Ah_55degC_1C_cell3,0,1
102Ah_55degC_1C_cell3,14,age_ridge,87.512,102.83911764705883,93.42564434413181,5.913644344131811,20,persistent,102Ah_55degC_1C_cell3,0,1
102Ah_55degC_1C_cell3,14,fixed_window_ridge,87.512,102.83911764705883,93.22620196426962,5.71420196426962,20,persistent,102Ah_55degC_1C_cell3,0,1
102Ah_55degC_1C_cell3,14,mask_ridge,87.512,102.83911764705883,93.12114030310693,5.609140303106926,20,persistent,102Ah_55degC_1C_cell3,0,1
102Ah_55degC_1C_cell3,14,within_cell_ratio_ridge,87.512,102.83911764705883,93.36911261974882,5.857112619748818,20,persistent,102Ah_55degC_1C_cell3,0,1
102Ah_55degC_1C_cell3,14,rbf_residual,87.512,102.83911764705883,93.231394633109,5.719394633109005,20,persistent,102Ah_55degC_1C_cell3,0,1
102Ah_55degC_1C_cell3,15,anchor_constant,86.962,102.83911764705883,102.83911764705883,15.877117647058824,20,persistent,102Ah_55degC_1C_cell3,0,1
102Ah_55degC_1C_cell3,15,age_ridge,86.962,102.83911764705883,93.11682057884859,6.154820578848586,20,persistent,102Ah_55degC_1C_cell3,0,1
102Ah_55degC_1C_cell3,15,fixed_window_ridge,86.962,102.83911764705883,92.92255704070014,5.960557040700138,20,persistent,102Ah_55degC_1C_cell3,0,1
102Ah_55degC_1C_cell3,15,mask_ridge,86.962,102.83911764705883,92.85363088873962,5.891630888739613,20,persistent,102Ah_55degC_1C_cell3,0,1
102Ah_55degC_1C_cell3,15,within_cell_ratio_ridge,86.962,102.83911764705883,93.06510454506677,6.1031045450667705,20,persistent,102Ah_55degC_1C_cell3,0,1
102Ah_55degC_1C_cell3,15,rbf_residual,86.962,102.83911764705883,93.07667020760452,6.114670207604519,20,persistent,102Ah_55degC_1C_cell3,0,1
102Ah_55degC_1C_cell3,16,anchor_constant,86.38,102.83911764705883,102.83911764705883,16.459117647058832,20,persistent,102Ah_55degC_1C_cell3,0,1
102Ah_55degC_1C_cell3,16,age_ridge,86.38,102.83911764705883,92.8056087591018,6.425608759101806,20,persistent,102Ah_55degC_1C_cell3,0,1
102Ah_55degC_1C_cell3,16,fixed_window_ridge,86.38,102.83911764705883,92.61761435611406,6.237614356114065,20,persistent,102Ah_55degC_1C_cell3,0,1
102Ah_55degC_1C_cell3,16,mask_ridge,86.38,102.83911764705883,92.00881043431413,5.628810434314133,20,persistent,102Ah_55degC_1C_cell3,0,1
102Ah_55degC_1C_cell3,16,within_cell_ratio_ridge,86.38,102.83911764705883,92.75920208075377,6.379202080753771,20,persistent,102Ah_55degC_1C_cell3,0,1
102Ah_55degC_1C_cell3,16,rbf_residual,86.38,102.83911764705883,92.13657280381001,5.756572803810016,20,persistent,102Ah_55degC_1C_cell3,0,1
102Ah_55degC_1C_cell3,17,anchor_constant,85.815,102.83911764705883,102.83911764705883,17.02411764705883,20,persistent,102Ah_55degC_1C_cell3,0,1
102Ah_55degC_1C_cell3,17,age_ridge,85.815,102.83911764705883,92.5018452779231,6.686845277923098,20,persistent,102Ah_55degC_1C_cell3,0,1
102Ah_55degC_1C_cell3,17,fixed_window_ridge,85.815,102.83911764705883,92.32052989120149,6.5055298912014905,20,persistent,102Ah_55degC_1C_cell3,0,1
102Ah_55degC_1C_cell3,17,mask_ridge,85.815,102.83911764705883,92.24486957802438,6.42986957802438,20,persistent,102Ah_55degC_1C_cell3,0,1
102Ah_55degC_1C_cell3,17,within_cell_ratio_ridge,85.815,102.83911764705883,92.46094082186707,6.645940821867072,20,persistent,102Ah_55degC_1C_cell3,0,1
102Ah_55degC_1C_cell3,17,rbf_residual,85.815,102.83911764705883,92.34901743377101,6.534017433771012,20,persistent,102Ah_55degC_1C_cell3,0,1
102Ah_55degC_1C_cell3,18,anchor_constant,85.108,102.83911764705883,102.83911764705883,17.731117647058824,20,persistent,102Ah_55degC_1C_cell3,0,1
102Ah_55degC_1C_cell3,18,age_ridge,85.108,102.83911764705883,92.1952741514228,7.08727415142279,20,persistent,102Ah_55degC_1C_cell3,0,1
102Ah_55degC_1C_cell3,18,fixed_window_ridge,85.108,102.83911764705883,92.0216976140446,6.913697614044594,20,persistent,102Ah_55degC_1C_cell3,0,1
102Ah_55degC_1C_cell3,18,mask_ridge,85.108,102.83911764705883,92.00580775809324,6.897807758093236,20,persistent,102Ah_55degC_1C_cell3,0,1
102Ah_55degC_1C_cell3,18,within_cell_ratio_ridge,85.108,102.83911764705883,92.1602953008229,7.052295300822891,20,persistent,102Ah_55degC_1C_cell3,0,1
102Ah_55degC_1C_cell3,18,rbf_residual,85.108,102.83911764705883,92.02887164715008,6.920871647150079,20,persistent,102Ah_55degC_1C_cell3,0,1
102Ah_55degC_1C_cell3,19,anchor_constant,84.207,102.83911764705883,102.83911764705883,18.632117647058834,20,persistent,102Ah_55degC_1C_cell3,0,1
102Ah_55degC_1C_cell3,19,age_ridge,84.207,102.83911764705883,91.7994086296412,7.592408629641213,20,persistent,102Ah_55degC_1C_cell3,0,1
102Ah_55degC_1C_cell3,19,fixed_window_ridge,84.207,102.83911764705883,91.65475009758546,7.44775009758547,20,persistent,102Ah_55degC_1C_cell3,0,1
102Ah_55degC_1C_cell3,19,mask_ridge,84.207,102.83911764705883,91.65614670498601,7.4491467049860205,20,persistent,102Ah_55degC_1C_cell3,0,1
102Ah_55degC_1C_cell3,19,within_cell_ratio_ridge,84.207,102.83911764705883,91.78968663287763,7.582686632877639,20,persistent,102Ah_55degC_1C_cell3,0,1
102Ah_55degC_1C_cell3,19,rbf_residual,84.207,102.83911764705883,91.67685093525337,7.469850935253376,20,persistent,102Ah_55degC_1C_cell3,0,1
102Ah_55degC_1C_cell3,20,anchor_constant,83.035,102.83911764705883,102.83911764705883,19.80411764705883,20,persistent,102Ah_55degC_1C_cell3,0,1
102Ah_55degC_1C_cell3,20,age_ridge,83.035,102.83911764705883,91.49790762023497,8.462907620234972,20,persistent,102Ah_55degC_1C_cell3,0,1
102Ah_55degC_1C_cell3,20,fixed_window_ridge,83.035,102.83911764705883,91.36252507275256,8.327525072752564,20,persistent,102Ah_55degC_1C_cell3,0,1
102Ah_55degC_1C_cell3,20,mask_ridge,83.035,102.83911764705883,91.3731947566987,8.338194756698698,20,persistent,102Ah_55degC_1C_cell3,0,1
102Ah_55degC_1C_cell3,20,within_cell_ratio_ridge,83.035,102.83911764705883,91.49464940699717,8.459649406997173,20,persistent,102Ah_55degC_1C_cell3,0,1
102Ah_55degC_1C_cell3,20,rbf_residual,83.035,102.83911764705883,91.58771911716866,8.552719117168664,20,persistent,102Ah_55degC_1C_cell3,0,1
102Ah_55degC_1C_cell3,21,anchor_constant,81.814,102.83911764705883,102.83911764705883,21.025117647058835,20,persistent,102Ah_55degC_1C_cell3,0,1
102Ah_55degC_1C_cell3,21,age_ridge,81.814,102.83911764705883,91.20373766863646,9.38973766863647,20,persistent,102Ah_55degC_1C_cell3,0,1
102Ah_55degC_1C_cell3,21,fixed_window_ridge,81.814,102.83911764705883,91.07763433340477,9.26363433340478,20,persistent,102Ah_55degC_1C_cell3,0,1
102Ah_55degC_1C_cell3,21,mask_ridge,81.814,102.83911764705883,91.14570500002769,9.331705000027696,20,persistent,102Ah_55degC_1C_cell3,0,1
102Ah_55degC_1C_cell3,21,within_cell_ratio_ridge,81.814,102.83911764705883,91.20682243287855,9.39282243287856,20,persistent,102Ah_55degC_1C_cell3,0,1
102Ah_55degC_1C_cell3,21,rbf_residual,81.814,102.83911764705883,91.07664278926495,9.262642789264959,20,persistent,102Ah_55degC_1C_cell3,0,1
102Ah_55degC_1C_cell3,22,anchor_constant,80.494,102.83911764705883,102.83911764705883,22.345117647058828,20,persistent,102Ah_55degC_1C_cell3,0,1
102Ah_55degC_1C_cell3,22,age_ridge,80.494,102.83911764705883,90.90749607597593,10.413496075975928,20,persistent,102Ah_55degC_1C_cell3,0,1
102Ah_55degC_1C_cell3,22,fixed_window_ridge,80.494,102.83911764705883,90.7911836039782,10.297183603978198,20,persistent,102Ah_55degC_1C_cell3,0,1
102Ah_55degC_1C_cell3,22,mask_ridge,80.494,102.83911764705883,90.86926655059052,10.375266550590524,20,persistent,102Ah_55degC_1C_cell3,0,1
102Ah_55degC_1C_cell3,22,within_cell_ratio_ridge,80.494,102.83911764705883,90.91701003494306,10.423010034943061,20,persistent,102Ah_55degC_1C_cell3,0,1
102Ah_55degC_1C_cell3,22,rbf_residual,80.494,102.83911764705883,90.9557002023591,10.461700202359097,20,persistent,102Ah_55degC_1C_cell3,0,1
102Ah_55degC_1C_cell3,23,anchor_constant,79.116,102.83911764705883,102.83911764705883,23.723117647058828,20,persistent,102Ah_55degC_1C_cell3,0,1
102Ah_55degC_1C_cell3,23,age_ridge,79.116,102.83911764705883,90.61824687338772,11.502246873387719,20,persistent,102Ah_55degC_1C_cell3,0,1
102Ah_55degC_1C_cell3,23,fixed_window_ridge,79.116,102.83911764705883,90.51171146696893,11.395711466968933,20,persistent,102Ah_55degC_1C_cell3,0,1
102Ah_55degC_1C_cell3,23,mask_ridge,79.116,102.83911764705883,90.68285625404016,11.566856254040161,20,persistent,102Ah_55degC_1C_cell3,0,1
102Ah_55degC_1C_cell3,23,within_cell_ratio_ridge,79.116,102.83911764705883,90.63400145468592,11.518001454685916,20,persistent,102Ah_55degC_1C_cell3,0,1
102Ah_55degC_1C_cell3,23,rbf_residual,79.116,102.83911764705883,90.99317003999533,11.877170039995335,20,persistent,102Ah_55degC_1C_cell3,0,1
102Ah_55degC_1C_cell3,24,anchor_constant,77.658,102.83911764705883,102.83911764705883,25.181117647058826,20,persistent,102Ah_55degC_1C_cell3,0,1
102Ah_55degC_1C_cell3,24,age_ridge,77.658,102.83911764705883,90.33156096407993,12.673560964079925,20,persistent,102Ah_55degC_1C_cell3,0,1
102Ah_55degC_1C_cell3,24,fixed_window_ridge,77.658,102.83911764705883,90.23489643285708,12.576896432857083,20,persistent,102Ah_55degC_1C_cell3,0,1
102Ah_55degC_1C_cell3,24,mask_ridge,77.658,102.83911764705883,90.39670366849009,12.73870366849009,20,persistent,102Ah_55degC_1C_cell3,0,1
102Ah_55degC_1C_cell3,24,within_cell_ratio_ridge,77.658,102.83911764705883,90.35342685859527,12.695426858595269,20,persistent,102Ah_55degC_1C_cell3,0,1
102Ah_55degC_1C_cell3,24,rbf_residual,77.658,102.83911764705883,90.71256297322628,13.054562973226282,20,persistent,102Ah_55degC_1C_cell3,0,1
102Ah_55degC_1C_cell3,25,anchor_constant,76.068,102.83911764705883,102.83911764705883,26.77111764705883,20,persistent,102Ah_55degC_1C_cell3,0,1
102Ah_55degC_1C_cell3,25,age_ridge,76.068,102.83911764705883,90.03819691126705,13.970196911267053,20,persistent,102Ah_55degC_1C_cell3,0,1
102Ah_55degC_1C_cell3,25,fixed_window_ridge,76.068,102.83911764705883,89.95277730146238,13.884777301462378,20,persistent,102Ah_55degC_1C_cell3,0,1
102Ah_55degC_1C_cell3,25,mask_ridge,76.068,102.83911764705883,90.12979405963614,14.061794059636142,20,persistent,102Ah_55degC_1C_cell3,0,1
102Ah_55degC_1C_cell3,25,within_cell_ratio_ridge,76.068,102.83911764705883,90.06719152639913,13.99919152639913,20,persistent,102Ah_55degC_1C_cell3,0,1
102Ah_55degC_1C_cell3,25,rbf_residual,76.068,102.83911764705883,90.41382238811795,14.345822388117952,20,persistent,102Ah_55degC_1C_cell3,0,1
102Ah_55degC_1C_cell3,26,anchor_constant,74.402,102.83911764705883,102.83911764705883,28.437117647058827,20,persistent,102Ah_55degC_1C_cell3,0,1
102Ah_55degC_1C_cell3,26,age_ridge,74.402,102.83911764705883,89.73084384906836,15.328843849068363,20,persistent,102Ah_55degC_1C_cell3,0,1
102Ah_55degC_1C_cell3,26,fixed_window_ridge,74.402,102.83911764705883,89.66163463738238,15.259634637382376,20,persistent,102Ah_55degC_1C_cell3,0,1
102Ah_55degC_1C_cell3,26,mask_ridge,74.402,102.83911764705883,89.876617748143,15.474617748143004,20,persistent,102Ah_55degC_1C_cell3,0,1
102Ah_55degC_1C_cell3,26,within_cell_ratio_ridge,74.402,102.83911764705883,89.77125620990637,15.369256209906368,20,persistent,102Ah_55degC_1C_cell3,0,1
102Ah_55degC_1C_cell3,26,rbf_residual,74.402,102.83911764705883,90.1275704355943,15.725570435594292,20,persistent,102Ah_55degC_1C_cell3,0,1
102Ah_55degC_1C_cell3,27,anchor_constant,72.733,102.83911764705883,102.83911764705883,30.106117647058824,20,persistent,102Ah_55degC_1C_cell3,0,1
102Ah_55degC_1C_cell3,27,age_ridge,72.733,102.83911764705883,89.1669778000123,16.4339778000123,20,persistent,102Ah_55degC_1C_cell3,0,1
102Ah_55degC_1C_cell3,27,fixed_window_ridge,72.733,102.83911764705883,89.1785440340835,16.445544034083497,20,persistent,102Ah_55degC_1C_cell3,0,1
102Ah_55degC_1C_cell3,27,mask_ridge,72.733,102.83911764705883,89.3640486870165,16.631048687016502,20,persistent,102Ah_55degC_1C_cell3,0,1
102Ah_55degC_1C_cell3,27,within_cell_ratio_ridge,72.733,102.83911764705883,89.27544777032006,16.542447770320052,20,persistent,102Ah_55degC_1C_cell3,0,1
102Ah_55degC_1C_cell3,27,rbf_residual,72.733,102.83911764705883,89.52889126998033,16.79589126998033,20,persistent,102Ah_55degC_1C_cell3,0,1
102Ah_55degC_1C_cell3,28,anchor_constant,71.205,102.83911764705883,102.83911764705883,31.63411764705883,20,persistent,102Ah_55degC_1C_cell3,0,1
102Ah_55degC_1C_cell3,28,age_ridge,71.205,102.83911764705883,88.89198907099653,17.686989070996532,20,persistent,102Ah_55degC_1C_cell3,0,1
102Ah_55degC_1C_cell3,28,fixed_window_ridge,71.205,102.83911764705883,88.9137486717926,17.708748671792605,20,persistent,102Ah_55degC_1C_cell3,0,1
102Ah_55degC_1C_cell3,28,mask_ridge,71.205,102.83911764705883,89.20177755861555,17.99677755861555,20,persistent,102Ah_55degC_1C_cell3,0,1
102Ah_55degC_1C_cell3,28,within_cell_ratio_ridge,71.205,102.83911764705883,89.00596678185158,17.800966781851585,20,persistent,102Ah_55degC_1C_cell3,0,1
102Ah_55degC_1C_cell3,28,rbf_residual,71.205,102.83911764705883,89.3934574526711,18.188457452671102,20,persistent,102Ah_55degC_1C_cell3,0,1
102Ah_55degC_1C_cell3,29,anchor_constant,69.634,102.83911764705883,102.83911764705883,33.20511764705883,20,persistent,102Ah_55degC_1C_cell3,0,1
102Ah_55degC_1C_cell3,29,age_ridge,69.634,102.83911764705883,88.6156699526606,18.981669952660596,20,persistent,102Ah_55degC_1C_cell3,0,1
102Ah_55degC_1C_cell3,29,fixed_window_ridge,69.634,102.83911764705883,88.64748044911047,19.013480449110475,20,persistent,102Ah_55degC_1C_cell3,0,1
102Ah_55degC_1C_cell3,29,mask_ridge,69.634,102.83911764705883,88.99322587139125,19.359225871391246,20,persistent,102Ah_55degC_1C_cell3,0,1
102Ah_55degC_1C_cell3,29,within_cell_ratio_ridge,69.634,102.83911764705883,88.73489122685663,19.100891226856632,20,persistent,102Ah_55degC_1C_cell3,0,1
102Ah_55degC_1C_cell3,29,rbf_residual,69.634,102.83911764705883,88.64370063453252,19.00970063453252,20,persistent,102Ah_55degC_1C_cell3,0,1
102Ah_55degC_1C_cell3,30,anchor_constant,68.083,102.83911764705883,102.83911764705883,34.75611764705883,20,persistent,102Ah_55degC_1C_cell3,0,1
102Ah_55degC_1C_cell3,30,age_ridge,68.083,102.83911764705883,88.28306597875553,20.200065978755532,20,persistent,102Ah_55degC_1C_cell3,0,1
102Ah_55degC_1C_cell3,30,fixed_window_ridge,68.083,102.83911764705883,88.34099331098504,20.257993310985043,20,persistent,102Ah_55degC_1C_cell3,0,1
102Ah_55degC_1C_cell3,30,mask_ridge,68.083,102.83911764705883,88.71646895199889,20.633468951998893,20,persistent,102Ah_55degC_1C_cell3,0,1
102Ah_55degC_1C_cell3,30,within_cell_ratio_ridge,68.083,102.83911764705883,88.42154630921416,20.338546309214166,20,persistent,102Ah_55degC_1C_cell3,0,1
102Ah_55degC_1C_cell3,30,rbf_residual,68.083,102.83911764705883,88.28720162212048,20.20420162212048,20,persistent,102Ah_55degC_1C_cell3,0,1
