event_id,cell_id,fragment_start,fragment_end,n_native_samples,span_Ah,native_median_dt_s,source_voltage_first_V,source_voltage_last_V,source_temperature_C
102Ah_25degC_0p5C_cell3|3|2021-04-27T01:22:37|2021-04-27T03:28:37,102Ah_25degC_0p5C_cell3,2021-04-27T03:03:07,2021-04-27T03:26:37,48,19.58688333333332,30.0,3.4068,3.5416,35.8
102Ah_25degC_0p5C_cell3|4|2021-04-27T06:34:13|2021-04-27T08:40:43,102Ah_25degC_0p5C_cell3,2021-04-27T08:15:13,2021-04-27T08:38:43,48,19.586333333333442,30.0,3.4058,3.5388,35.95
102Ah_25degC_0p5C_cell3|5|2021-04-27T11:46:47|2021-04-27T13:52:47,102Ah_25degC_0p5C_cell3,2021-04-27T13:27:17,2021-04-27T13:50:47,48,19.587383333333207,30.0,3.4058,3.5441,35.8
102Ah_25degC_0p5C_cell3|6|2021-04-27T16:58:49|2021-04-27T19:04:48,102Ah_25degC_0p5C_cell3,2021-04-27T18:38:48,2021-04-27T19:02:18,48,19.585133333333616,30.0,3.4052,3.5001,36.1
102Ah_25degC_0p5C_cell3|7|2021-04-27T22:10:12|2021-04-28T00:16:42,102Ah_25degC_0p5C_cell3,2021-04-27T23:50:42,2021-04-28T00:14:12,48,19.586983333333308,30.0,3.4046,3.5072,35.8
102Ah_25degC_0p5C_cell3|8|2021-04-28T03:22:28|2021-04-28T05:27:58,102Ah_25degC_0p5C_cell3,2021-04-28T05:02:28,2021-04-28T05:25:58,48,19.585133333333445,30.0,3.4049,3.514,35.9
102Ah_25degC_0p5C_cell3|9|2021-04-28T08:33:37|2021-04-28T10:39:35,102Ah_25degC_0p5C_cell3,2021-04-28T10:14:05,2021-04-28T10:37:35,48,19.58723333333323,30.0,3.4046,3.5233,35.8
102Ah_25degC_0p5C_cell3|10|2021-04-28T13:45:36|2021-04-28T15:51:06,102Ah_25degC_0p5C_cell3,2021-04-28T15:25:36,2021-04-28T15:49:06,48,19.58663333333334,30.0,3.4049,3.5336,35.7
102Ah_25degC_0p5C_cell3|11|2021-04-28T18:56:30|2021-04-28T21:02:29,102Ah_25degC_0p5C_cell3,2021-04-28T20:36:59,2021-04-28T21:00:29,48,19.586183333333494,30.0,3.4043,3.5435,35.9
102Ah_25degC_0p5C_cell3|12|2021-04-29T00:07:46|2021-04-29T02:13:46,102Ah_25degC_0p5C_cell3,2021-04-29T01:47:46,2021-04-29T02:11:16,48,19.587083333333283,30.0,3.404,3.5001,35.9
102Ah_25degC_0p5C_cell3|42|2021-05-09T16:34:22|2021-05-09T18:38:22,102Ah_25degC_0p5C_cell3,2021-05-09T18:12:22,2021-05-09T18:35:52,48,19.587383333333207,30.0,3.4021,3.5162,
102Ah_25degC_0p5C_cell3|48|2021-05-10T23:23:16|2021-05-11T01:27:44,102Ah_25degC_0p5C_cell3,2021-05-11T01:01:14,2021-05-11T01:24:44,48,19.586583333333394,30.0,3.4024,3.5041,35.2
102Ah_25degC_0p5C_cell3|49|2021-05-11T04:31:20|2021-05-11T06:35:50,102Ah_25degC_0p5C_cell3,2021-05-11T06:09:20,2021-05-11T06:32:50,48,19.58704166666665,30.0,3.4027,3.5066,35.3
102Ah_25degC_0p5C_cell3|50|2021-05-11T09:39:21|2021-05-11T11:43:51,102Ah_25degC_0p5C_cell3,2021-05-11T11:17:21,2021-05-11T11:40:51,48,19.58713333333327,30.0,3.4027,3.5066,35.7
102Ah_25degC_0p5C_cell3|51|2021-05-11T14:47:47|2021-05-11T16:51:47,102Ah_25degC_0p5C_cell3,2021-05-11T16:25:17,2021-05-11T16:48:47,48,19.58753333333317,30.0,3.4015,3.5007,36.4
102Ah_25degC_0p5C_cell3|52|2021-05-11T19:55:07|2021-05-11T21:59:37,102Ah_25degC_0p5C_cell3,2021-05-11T21:33:07,2021-05-11T21:56:37,48,19.585833333333596,30.0,3.4009,3.5053,36.2
102Ah_25degC_0p5C_cell3|53|2021-05-12T01:02:56|2021-05-12T03:07:26,102Ah_25degC_0p5C_cell3,2021-05-12T02:40:56,2021-05-12T03:04:26,48,19.587383333333207,30.0,3.4018,3.5084,35.7
102Ah_25degC_0p5C_cell3|200|2021-06-18T18:39:55|2021-06-18T20:41:55,102Ah_25degC_0p5C_cell3,2021-06-18T20:14:55,2021-06-18T20:38:25,48,19.592275000000186,30.0,3.3975,3.5181,38.1
102Ah_25degC_0p5C_cell3|203|2021-06-19T04:44:58|2021-06-19T06:46:28,102Ah_25degC_0p5C_cell3,2021-06-19T06:19:28,2021-06-19T06:42:58,48,19.59040000000006,30.0,3.3971,3.5128,37.849999999999994
102Ah_25degC_0p5C_cell3|204|2021-06-19T09:47:21|2021-06-19T11:48:51,102Ah_25degC_0p5C_cell3,2021-06-19T11:21:51,2021-06-19T11:45:21,48,19.59150833333348,30.0,3.3978,3.5125,37.9
102Ah_25degC_0p5C_cell3|205|2021-06-19T14:49:47|2021-06-19T16:51:17,102Ah_25degC_0p5C_cell3,2021-06-19T16:24:17,2021-06-19T16:47:47,48,19.590900000000076,30.0,3.3978,3.5125,37.8
102Ah_25degC_0p5C_cell3|206|2021-06-19T19:51:42|2021-06-19T21:53:42,102Ah_25degC_0p5C_cell3,2021-06-19T21:26:42,2021-06-19T21:50:12,48,19.592325000000187,30.0,3.3971,3.5057,38.4
102Ah_25degC_0p5C_cell3|233|2021-06-25T11:52:59|2021-06-25T13:54:29,102Ah_25degC_0p5C_cell3,2021-06-25T13:26:59,2021-06-25T13:50:29,48,19.592475000000192,30.0,3.4002,3.5168,36.0
102Ah_25degC_0p5C_cell3|234|2021-06-25T16:54:36|2021-06-25T18:56:36,102Ah_25degC_0p5C_cell3,2021-06-25T18:29:06,2021-06-25T18:52:36,48,19.592625000000197,30.0,3.3984,3.5029,37.4
102Ah_25degC_0p5C_cell3|235|2021-06-25T21:57:05|2021-06-25T23:58:35,102Ah_25degC_0p5C_cell3,2021-06-25T23:31:35,2021-06-25T23:55:05,48,19.5927250000002,30.0,3.3984,3.5487,37.7
102Ah_25degC_0p5C_cell3|236|2021-06-26T02:59:03|2021-06-26T05:00:33,102Ah_25degC_0p5C_cell3,2021-06-26T04:33:03,2021-06-26T04:56:33,48,19.591916666666833,30.0,3.3981,3.5016,37.6
102Ah_25degC_0p5C_cell3|237|2021-06-26T08:01:01|2021-06-26T10:02:30,102Ah_25degC_0p5C_cell3,2021-06-26T09:35:00,2021-06-26T09:58:30,48,19.592525000000194,30.0,3.3984,3.5041,37.5
102Ah_25degC_0p5C_cell3|266|2021-07-02T09:48:54|2021-07-02T11:50:24,102Ah_25degC_0p5C_cell3,2021-07-02T11:23:24,2021-07-02T11:46:54,48,19.592175000000182,30.0,3.3981,3.5323,37.7
102Ah_25degC_0p5C_cell3|267|2021-07-02T14:50:47|2021-07-02T16:51:47,102Ah_25degC_0p5C_cell3,2021-07-02T16:24:47,2021-07-02T16:48:17,48,19.59212500000018,30.0,3.3975,3.5227,38.4
102Ah_25degC_0p5C_cell3|268|2021-07-02T19:52:06|2021-07-02T21:53:06,102Ah_25degC_0p5C_cell3,2021-07-02T21:26:06,2021-07-02T21:49:36,48,19.592216666666843,30.0,3.3971,3.5274,38.2
102Ah_25degC_0p5C_cell3|269|2021-07-03T00:52:55|2021-07-03T02:54:25,102Ah_25degC_0p5C_cell3,2021-07-03T02:27:25,2021-07-03T02:50:55,48,19.59182500000017,30.0,3.3981,3.5326,37.9
102Ah_25degC_0p5C_cell3|270|2021-07-03T05:54:13|2021-07-03T07:55:43,102Ah_25degC_0p5C_cell3,2021-07-03T07:28:43,2021-07-03T07:52:13,48,19.592525000000194,30.0,3.3981,3.5348,37.9
102Ah_25degC_0p5C_cell3|297|2021-07-08T21:23:06|2021-07-08T23:24:06,102Ah_25degC_0p5C_cell3,2021-07-08T22:56:36,2021-07-08T23:20:06,48,19.591966666666835,30.0,3.3981,3.5181,37.6
102Ah_25degC_0p5C_cell3|298|2021-07-09T02:23:25|2021-07-09T04:24:54,102Ah_25degC_0p5C_cell3,2021-07-09T03:57:24,2021-07-09T04:20:54,48,19.59146666666682,30.0,3.3981,3.5196,37.5
102Ah_25degC_0p5C_cell3|299|2021-07-09T07:24:13|2021-07-09T09:25:42,102Ah_25degC_0p5C_cell3,2021-07-09T08:57:43,2021-07-09T09:21:42,49,19.994337500000142,30.0,3.3978,3.5233,37.4
102Ah_25degC_0p5C_cell3|300|2021-07-09T12:25:30|2021-07-09T14:26:30,102Ah_25degC_0p5C_cell3,2021-07-09T13:59:00,2021-07-09T14:22:30,48,19.591058333333464,30.0,3.3987,3.527,37.2
102Ah_25degC_0p5C_cell3|301|2021-07-09T22:26:32|2021-07-10T00:28:02,102Ah_25degC_0p5C_cell3,2021-07-10T00:00:32,2021-07-10T00:24:02,48,19.592225000000184,30.0,3.3981,3.5252,37.5
102Ah_25degC_0p5C_cell3|329|2021-07-15T13:40:25|2021-07-15T15:41:25,102Ah_25degC_0p5C_cell3,2021-07-15T15:13:55,2021-07-15T15:37:25,48,19.591916666666833,30.0,3.3978,3.5016,37.9
102Ah_25degC_0p5C_cell3|330|2021-07-15T19:15:09|2021-07-15T21:16:09,102Ah_25degC_0p5C_cell3,2021-07-15T20:48:39,2021-07-15T21:12:09,48,19.591066666666805,30.0,3.3978,3.5069,37.55
102Ah_25degC_0p5C_cell3|331|2021-07-16T00:15:27|2021-07-16T02:16:27,102Ah_25degC_0p5C_cell3,2021-07-16T01:48:57,2021-07-16T02:12:27,48,19.59152500000016,30.0,3.3981,3.5069,37.6
102Ah_25degC_0p5C_cell3|332|2021-07-16T05:16:12|2021-07-16T07:16:42,102Ah_25degC_0p5C_cell3,2021-07-16T06:49:12,2021-07-16T07:12:42,48,19.59035000000003,30.0,3.3984,3.5091,37.3
102Ah_25degC_0p5C_cell3|333|2021-07-16T10:15:57|2021-07-16T12:16:57,102Ah_25degC_0p5C_cell3,2021-07-16T11:49:27,2021-07-16T12:12:57,48,19.591008333333463,30.0,3.3978,3.5091,37.5
102Ah_25degC_0p5C_cell3|359|2021-07-21T20:16:27|2021-07-21T22:17:28,102Ah_25degC_0p5C_cell3,2021-07-21T21:49:57,2021-07-21T22:13:28,48,19.604144166666714,30.0,3.3968,3.5218,38.4
102Ah_25degC_0p5C_cell3|360|2021-07-22T01:16:44|2021-07-22T03:17:14,102Ah_25degC_0p5C_cell3,2021-07-22T02:49:44,2021-07-22T03:13:14,48,19.592216666666843,30.0,3.3978,3.5252,38.0
102Ah_25degC_0p5C_cell3|361|2021-07-22T06:16:02|2021-07-22T08:17:01,102Ah_25degC_0p5C_cell3,2021-07-22T07:49:31,2021-07-22T08:13:01,48,19.591333333333452,30.0,3.3978,3.5308,37.95
102Ah_25degC_0p5C_cell3|362|2021-07-22T11:16:18|2021-07-22T13:16:48,102Ah_25degC_0p5C_cell3,2021-07-22T12:49:18,2021-07-22T13:12:48,48,19.591658333333484,30.0,3.3975,3.5286,37.9
102Ah_25degC_0p5C_cell3|363|2021-07-22T16:15:33|2021-07-22T18:16:32,102Ah_25degC_0p5C_cell3,2021-07-22T17:48:33,2021-07-22T18:12:32,49,19.995447500000182,30.0,3.3978,3.5292,38.0
102Ah_25degC_0p5C_cell3|390|2021-07-28T07:03:50|2021-07-28T09:04:19,102Ah_25degC_0p5C_cell3,2021-07-28T08:36:20,2021-07-28T09:00:19,49,19.9941391666668,30.0,3.3978,3.5119,37.6
102Ah_25degC_0p5C_cell3|391|2021-07-28T12:03:43|2021-07-28T14:03:43,102Ah_25degC_0p5C_cell3,2021-07-28T13:36:13,2021-07-28T13:59:43,48,19.590766666666795,30.0,3.3975,3.5075,38.1
102Ah_25degC_0p5C_cell3|392|2021-07-28T17:03:03|2021-07-28T19:03:03,102Ah_25degC_0p5C_cell3,2021-07-28T18:35:33,2021-07-28T18:59:03,48,19.592058333333497,30.0,3.3975,3.5057,38.2
102Ah_25degC_0p5C_cell3|393|2021-07-28T22:02:21|2021-07-29T00:02:21,102Ah_25degC_0p5C_cell3,2021-07-28T23:34:51,2021-07-28T23:58:21,48,19.592275000000186,30.0,3.3971,3.5057,38.5
102Ah_25degC_0p5C_cell3|394|2021-07-29T03:01:39|2021-07-29T05:01:39,102Ah_25degC_0p5C_cell3,2021-07-29T04:34:09,2021-07-29T04:57:39,48,19.592266666666845,30.0,3.3975,3.5075,38.2
102Ah_25degC_0p5C_cell3|420|2021-08-03T12:38:00|2021-08-03T14:38:30,102Ah_25degC_0p5C_cell3,2021-08-03T14:11:00,2021-08-03T14:34:30,48,19.59237500000019,30.0,3.3975,3.5277,38.3
102Ah_25degC_0p5C_cell3|421|2021-08-03T17:36:55|2021-08-03T19:37:24,102Ah_25degC_0p5C_cell3,2021-08-03T19:09:54,2021-08-03T19:33:24,48,19.592775000000202,30.0,3.3971,3.5252,38.6
102Ah_25degC_0p5C_cell3|422|2021-08-03T22:36:16|2021-08-04T00:36:16,102Ah_25degC_0p5C_cell3,2021-08-04T00:08:46,2021-08-04T00:32:16,48,19.592625000000197,30.0,3.3975,3.5252,38.6
102Ah_25degC_0p5C_cell3|423|2021-08-04T03:35:08|2021-08-04T05:35:08,102Ah_25degC_0p5C_cell3,2021-08-04T05:07:38,2021-08-04T05:31:08,48,19.591725000000167,30.0,3.3971,3.5301,38.3
102Ah_25degC_0p5C_cell3|424|2021-08-04T08:33:30|2021-08-04T10:33:59,102Ah_25degC_0p5C_cell3,2021-08-04T10:06:29,2021-08-04T10:29:59,48,19.592325000000187,30.0,3.3978,3.5329,38.2
102Ah_25degC_0p5C_cell3|451|2021-08-09T22:58:19|2021-08-10T00:58:18,102Ah_25degC_0p5C_cell3,2021-08-10T00:30:48,2021-08-10T00:54:18,48,19.59237500000019,30.0,3.3978,3.5091,38.0
102Ah_25degC_0p5C_cell3|452|2021-08-10T03:56:49|2021-08-10T05:56:49,102Ah_25degC_0p5C_cell3,2021-08-10T05:29:19,2021-08-10T05:52:49,48,19.592575000000195,30.0,3.3978,3.5125,37.7
102Ah_25degC_0p5C_cell3|453|2021-08-10T08:55:20|2021-08-10T10:55:19,102Ah_25degC_0p5C_cell3,2021-08-10T10:27:49,2021-08-10T10:51:19,48,19.592525000000194,30.0,3.3981,3.5122,37.95
102Ah_25degC_0p5C_cell3|454|2021-08-10T13:54:19|2021-08-10T15:53:49,102Ah_25degC_0p5C_cell3,2021-08-10T15:26:19,2021-08-10T15:49:49,48,19.59237500000019,30.0,3.3981,3.5134,37.7
102Ah_25degC_0p5C_cell3|455|2021-08-10T18:52:19|2021-08-10T20:52:19,102Ah_25degC_0p5C_cell3,2021-08-10T20:24:49,2021-08-10T20:48:19,48,19.59182500000017,30.0,3.3981,3.5143,37.9
102Ah_25degC_0p5C_cell3|482|2021-08-16T09:06:34|2021-08-16T11:06:34,102Ah_25degC_0p5C_cell3,2021-08-16T10:39:04,2021-08-16T11:02:34,48,19.590075000000027,30.0,3.3981,3.5401,37.4
102Ah_25degC_0p5C_cell3|483|2021-08-16T14:04:42|2021-08-16T16:04:42,102Ah_25degC_0p5C_cell3,2021-08-16T15:37:12,2021-08-16T16:00:42,48,19.590741666666787,30.0,3.3978,3.5398,37.5
102Ah_25degC_0p5C_cell3|484|2021-08-16T19:03:20|2021-08-16T21:02:50,102Ah_25degC_0p5C_cell3,2021-08-16T20:35:20,2021-08-16T20:58:50,48,19.591708333333486,30.0,3.3981,3.5348,37.8
102Ah_25degC_0p5C_cell3|485|2021-08-17T00:01:24|2021-08-17T02:00:54,102Ah_25degC_0p5C_cell3,2021-08-17T01:33:24,2021-08-17T01:56:54,48,19.592258333333504,30.0,3.3981,3.5357,37.7
102Ah_25degC_0p5C_cell3|486|2021-08-17T04:58:58|2021-08-17T06:58:58,102Ah_25degC_0p5C_cell3,2021-08-17T06:31:28,2021-08-17T06:54:58,48,19.59186666666683,30.0,3.3981,3.5394,37.7
102Ah_25degC_0p5C_cell3|514|2021-08-24T02:05:33|2021-08-24T04:05:33,102Ah_25degC_0p5C_cell3,2021-08-24T03:37:33,2021-08-24T04:01:03,48,19.591625000000164,30.0,3.3984,3.5115,37.3
102Ah_25degC_0p5C_cell3|515|2021-08-24T07:03:28|2021-08-24T09:03:27,102Ah_25degC_0p5C_cell3,2021-08-24T08:35:28,2021-08-24T08:58:58,48,19.59121666666681,30.0,3.399,3.5224,36.5
102Ah_25degC_0p5C_cell3|516|2021-08-24T12:01:55|2021-08-24T14:01:25,102Ah_25degC_0p5C_cell3,2021-08-24T13:33:25,2021-08-24T13:56:55,48,19.590483333333424,30.0,3.3984,3.5196,36.9
102Ah_25degC_0p5C_cell3|517|2021-08-24T16:59:20|2021-08-24T18:59:20,102Ah_25degC_0p5C_cell3,2021-08-24T18:31:20,2021-08-24T18:54:50,48,19.59152500000016,30.0,3.399,3.5193,36.8
102Ah_25degC_0p5C_cell3|518|2021-08-24T21:57:46|2021-08-24T23:57:16,102Ah_25degC_0p5C_cell3,2021-08-24T23:29:16,2021-08-24T23:52:46,48,19.591316666666813,30.0,3.3978,3.5075,37.8
102Ah_25degC_0p5C_cell3|547|2021-08-30T21:47:18|2021-08-30T23:46:48,102Ah_25degC_0p5C_cell3,2021-08-30T23:19:18,2021-08-30T23:42:48,48,19.591925000000174,30.0,3.3968,3.5184,38.3
102Ah_25degC_0p5C_cell3|548|2021-08-31T02:44:39|2021-08-31T04:44:09,102Ah_25degC_0p5C_cell3,2021-08-31T04:16:39,2021-08-31T04:40:09,48,19.59186666666683,30.0,3.3975,3.5246,37.9
102Ah_25degC_0p5C_cell3|549|2021-08-31T07:42:32|2021-08-31T09:41:31,102Ah_25degC_0p5C_cell3,2021-08-31T09:14:01,2021-08-31T09:37:31,48,19.5903583333334,30.0,3.3971,3.5289,37.6
102Ah_25degC_0p5C_cell3|550|2021-08-31T12:39:55|2021-08-31T14:38:55,102Ah_25degC_0p5C_cell3,2021-08-31T14:11:25,2021-08-31T14:34:55,48,19.592325000000187,30.0,3.3971,3.5227,38.3
102Ah_25degC_0p5C_cell3|551|2021-08-31T17:37:16|2021-08-31T19:36:16,102Ah_25degC_0p5C_cell3,2021-08-31T19:08:46,2021-08-31T19:32:16,48,19.590858333333415,30.0,3.3965,3.5208,38.3
102Ah_25degC_0p5C_cell3|578|2021-09-06T07:19:51|2021-09-06T09:19:20,102Ah_25degC_0p5C_cell3,2021-09-06T08:51:20,2021-09-06T09:14:50,48,19.590616666666747,30.0,3.3968,3.501,38.0
102Ah_25degC_0p5C_cell3|579|2021-09-06T12:17:20|2021-09-06T14:16:20,102Ah_25degC_0p5C_cell3,2021-09-06T13:48:50,2021-09-06T14:12:20,48,19.590858333333458,30.0,3.3965,3.5429,38.4
102Ah_25degC_0p5C_cell3|580|2021-09-06T17:13:48|2021-09-06T19:13:17,102Ah_25degC_0p5C_cell3,2021-09-06T18:45:47,2021-09-06T19:09:17,48,19.591358333333474,30.0,3.3968,3.5404,38.55
102Ah_25degC_0p5C_cell3|581|2021-09-06T22:11:13|2021-09-07T00:10:12,102Ah_25degC_0p5C_cell3,2021-09-06T23:42:13,2021-09-07T00:06:12,49,19.9948058333335,30.0,3.3956,3.5382,38.8
102Ah_25degC_0p5C_cell3|582|2021-09-07T03:08:06|2021-09-07T05:07:06,102Ah_25degC_0p5C_cell3,2021-09-07T04:39:36,2021-09-07T05:03:06,48,19.592625000000197,30.0,3.3965,3.5373,38.849999999999994
102Ah_25degC_0p5C_cell3|608|2021-09-12T11:43:00|2021-09-12T13:42:00,102Ah_25degC_0p5C_cell3,2021-09-12T13:14:00,2021-09-12T13:37:30,48,19.59182500000017,30.0,3.3962,3.5094,38.9
102Ah_25degC_0p5C_cell3|609|2021-09-12T16:39:34|2021-09-12T18:38:33,102Ah_25degC_0p5C_cell3,2021-09-12T18:10:33,2021-09-12T18:34:03,48,19.592266666666845,30.0,3.3965,3.5115,38.7
102Ah_25degC_0p5C_cell3|610|2021-09-12T21:35:38|2021-09-12T23:35:08,102Ah_25degC_0p5C_cell3,2021-09-12T23:07:08,2021-09-12T23:30:38,48,19.592775000000202,30.0,3.3962,3.5112,38.8
102Ah_25degC_0p5C_cell3|611|2021-09-13T02:32:40|2021-09-13T04:31:40,102Ah_25degC_0p5C_cell3,2021-09-13T04:03:40,2021-09-13T04:27:10,48,19.59180000000015,30.0,3.3968,3.5137,38.5
102Ah_25degC_0p5C_cell3|612|2021-09-13T07:29:14|2021-09-13T09:28:14,102Ah_25degC_0p5C_cell3,2021-09-13T09:00:14,2021-09-13T09:23:44,48,19.590466666666742,30.0,3.3962,3.5156,38.5
102Ah_25degC_0p5C_cell3|641|2021-09-19T06:43:39|2021-09-19T08:42:09,102Ah_25degC_0p5C_cell3,2021-09-19T08:14:39,2021-09-19T08:38:09,48,19.590925000000098,30.0,3.3962,3.5342,38.7
102Ah_25degC_0p5C_cell3|642|2021-09-19T11:39:49|2021-09-19T13:38:19,102Ah_25degC_0p5C_cell3,2021-09-19T13:10:49,2021-09-19T13:34:19,48,19.592475000000192,30.0,3.3965,3.5351,38.6
102Ah_25degC_0p5C_cell3|643|2021-09-19T16:35:59|2021-09-19T18:34:29,102Ah_25degC_0p5C_cell3,2021-09-19T18:06:59,2021-09-19T18:30:29,48,19.592625000000197,30.0,3.3965,3.5351,38.7
102Ah_25degC_0p5C_cell3|644|2021-09-19T21:31:39|2021-09-19T23:30:39,102Ah_25degC_0p5C_cell3,2021-09-19T23:03:09,2021-09-19T23:26:39,48,19.590733333333432,30.0,3.3965,3.5354,38.5
102Ah_25degC_0p5C_cell3|645|2021-09-20T02:27:48|2021-09-20T04:26:48,102Ah_25degC_0p5C_cell3,2021-09-20T03:59:18,2021-09-20T04:22:48,48,19.59071666666675,30.0,3.3956,3.5357,38.9
102Ah_25degC_0p5C_cell3|671|2021-09-25T10:42:47|2021-09-25T12:41:46,102Ah_25degC_0p5C_cell3,2021-09-25T12:14:16,2021-09-25T12:37:46,48,19.592925000000207,30.0,3.3953,3.5432,39.5
102Ah_25degC_0p5C_cell3|672|2021-09-25T15:38:33|2021-09-25T17:37:32,102Ah_25degC_0p5C_cell3,2021-09-25T17:09:32,2021-09-25T17:33:02,48,19.592066666666838,30.0,3.395,3.5004,39.4
102Ah_25degC_0p5C_cell3|673|2021-09-25T20:34:50|2021-09-25T22:33:20,102Ah_25degC_0p5C_cell3,2021-09-25T22:05:20,2021-09-25T22:28:50,48,19.592025000000177,30.0,3.3947,3.501,39.4
102Ah_25degC_0p5C_cell3|674|2021-09-26T01:30:06|2021-09-26T03:29:05,102Ah_25degC_0p5C_cell3,2021-09-26T03:01:05,2021-09-26T03:24:35,48,19.593125000000214,30.0,3.3953,3.5029,39.3
102Ah_25degC_0p5C_cell3|675|2021-09-26T06:25:52|2021-09-26T08:24:52,102Ah_25degC_0p5C_cell3,2021-09-26T07:56:52,2021-09-26T08:20:22,48,19.5926750000002,30.0,3.3956,3.5032,39.2
102Ah_25degC_0p5C_cell3|704|2021-10-10T12:33:04|2021-10-10T14:31:04,102Ah_25degC_0p5C_cell3,2021-10-10T14:03:34,2021-10-10T14:27:04,48,19.591975000000176,30.0,3.3962,3.5348,39.0
102Ah_25degC_0p5C_cell3|705|2021-10-10T17:27:51|2021-10-10T19:26:20,102Ah_25degC_0p5C_cell3,2021-10-10T18:58:50,2021-10-10T19:22:20,48,19.59002500000004,30.0,3.395,3.5332,39.1
102Ah_25degC_0p5C_cell3|706|2021-10-10T22:23:04|2021-10-11T00:21:33,102Ah_25degC_0p5C_cell3,2021-10-10T23:53:34,2021-10-11T00:17:33,49,19.994129166666795,30.0,3.395,3.5329,39.2
102Ah_25degC_0p5C_cell3|707|2021-10-11T03:18:18|2021-10-11T05:16:48,102Ah_25degC_0p5C_cell3,2021-10-11T04:49:18,2021-10-11T05:12:48,48,19.59095833333346,30.0,3.3953,3.5329,39.2
102Ah_25degC_0p5C_cell3|708|2021-10-11T08:13:30|2021-10-11T10:12:00,102Ah_25degC_0p5C_cell3,2021-10-11T09:44:30,2021-10-11T10:08:00,48,19.591616666666823,30.0,3.3956,3.5332,39.3
102Ah_25degC_0p5C_cell3|734|2021-10-16T16:04:32|2021-10-16T18:03:01,102Ah_25degC_0p5C_cell3,2021-10-16T17:35:32,2021-10-16T17:59:02,48,19.592625000000197,30.0,3.394,3.541,39.9
102Ah_25degC_0p5C_cell3|735|2021-10-16T20:59:27|2021-10-16T22:57:57,102Ah_25degC_0p5C_cell3,2021-10-16T22:29:57,2021-10-16T22:53:27,48,19.591958333333494,30.0,3.395,3.5013,39.6
102Ah_25degC_0p5C_cell3|736|2021-10-17T01:54:23|2021-10-17T03:52:52,102Ah_25degC_0p5C_cell3,2021-10-17T03:24:52,2021-10-17T03:48:22,48,19.591350000000133,30.0,3.3953,3.505,39.2
102Ah_25degC_0p5C_cell3|737|2021-10-17T06:49:19|2021-10-17T08:47:49,102Ah_25degC_0p5C_cell3,2021-10-17T08:19:49,2021-10-17T08:43:19,48,19.591708333333486,30.0,3.3956,3.5066,39.1
102Ah_25degC_0p5C_cell3|738|2021-10-17T11:44:15|2021-10-17T13:42:44,102Ah_25degC_0p5C_cell3,2021-10-17T13:14:44,2021-10-17T13:38:14,48,19.592016666666836,30.0,3.3956,3.5063,39.1
102Ah_25degC_0p5C_cell3|765|2021-10-23T00:24:35|2021-10-23T02:23:05,102Ah_25degC_0p5C_cell3,2021-10-23T01:55:05,2021-10-23T02:18:35,48,19.59147500000016,30.0,3.3971,3.5348,38.0
102Ah_25degC_0p5C_cell3|766|2021-10-23T05:19:18|2021-10-23T07:17:48,102Ah_25degC_0p5C_cell3,2021-10-23T06:49:48,2021-10-23T07:13:18,48,19.59065833333341,30.0,3.3971,3.5336,38.3
102Ah_25degC_0p5C_cell3|767|2021-10-23T10:14:01|2021-10-23T12:12:31,102Ah_25degC_0p5C_cell3,2021-10-23T11:44:31,2021-10-23T12:08:01,48,19.59090000000012,30.0,3.3965,3.5332,38.3
102Ah_25degC_0p5C_cell3|768|2021-10-23T15:08:43|2021-10-23T17:07:13,102Ah_25degC_0p5C_cell3,2021-10-23T16:39:13,2021-10-23T17:02:43,48,19.591400000000135,30.0,3.3971,3.5345,38.3
102Ah_25degC_0p5C_cell3|769|2021-10-23T20:03:53|2021-10-23T22:01:53,102Ah_25degC_0p5C_cell3,2021-10-23T21:33:23,2021-10-23T21:56:53,48,19.590791666666775,30.0,3.3975,3.5019,37.6
102Ah_25degC_0p5C_cell3|796|2021-10-29T13:30:10|2021-10-29T15:28:40,102Ah_25degC_0p5C_cell3,2021-10-29T15:00:10,2021-10-29T15:23:40,48,19.591000000000122,30.0,3.395,3.5007,38.7
102Ah_25degC_0p5C_cell3|799|2021-10-29T23:18:52|2021-10-30T01:17:22,102Ah_25degC_0p5C_cell3,2021-10-30T00:48:52,2021-10-30T01:12:22,48,19.59116666666681,30.0,3.3968,3.5128,37.7
102Ah_25degC_0p5C_cell3|800|2021-10-30T04:13:15|2021-10-30T06:11:45,102Ah_25degC_0p5C_cell3,2021-10-30T05:43:15,2021-10-30T06:06:45,48,19.591308333333473,30.0,3.3962,3.5075,38.1
102Ah_25degC_0p5C_cell3|801|2021-10-30T09:08:05|2021-10-30T11:06:05,102Ah_25degC_0p5C_cell3,2021-10-30T10:37:35,2021-10-30T11:01:05,48,19.5921583333335,30.0,3.3971,3.5115,37.8
102Ah_25degC_0p5C_cell3|802|2021-10-30T14:02:27|2021-10-30T16:00:27,102Ah_25degC_0p5C_cell3,2021-10-30T15:31:57,2021-10-30T15:55:27,48,19.592058333333497,30.0,3.3978,3.5171,37.4
102Ah_25degC_0p5C_cell3|829|2021-11-06T13:31:28|2021-11-06T15:29:28,102Ah_25degC_0p5C_cell3,2021-11-06T15:01:28,2021-11-06T15:24:58,48,19.5927250000002,30.0,3.395,3.5026,39.6
102Ah_25degC_0p5C_cell3|830|2021-11-06T18:25:33|2021-11-06T20:23:33,102Ah_25degC_0p5C_cell3,2021-11-06T19:55:33,2021-11-06T20:19:03,48,19.59155833333348,30.0,3.3947,3.5044,39.5
102Ah_25degC_0p5C_cell3|831|2021-11-06T23:19:38|2021-11-07T01:17:37,102Ah_25degC_0p5C_cell3,2021-11-07T00:49:37,2021-11-07T01:13:07,48,19.591141666666786,30.0,3.394,3.5038,39.5
102Ah_25degC_0p5C_cell3|832|2021-11-07T04:13:40|2021-11-07T06:11:40,102Ah_25degC_0p5C_cell3,2021-11-07T05:43:40,2021-11-07T06:07:10,48,19.59242500000019,30.0,3.3944,3.5026,39.9
102Ah_25degC_0p5C_cell3|833|2021-11-07T09:07:40|2021-11-07T11:05:40,102Ah_25degC_0p5C_cell3,2021-11-07T10:37:40,2021-11-07T11:01:10,48,19.592575000000195,30.0,3.3947,3.5044,39.7
102Ah_25degC_0p5C_cell3|860|2021-11-12T21:22:06|2021-11-12T23:20:06,102Ah_25degC_0p5C_cell3,2021-11-12T22:52:06,2021-11-12T23:15:36,48,19.59242500000019,30.0,3.395,3.5227,39.349999999999994
102Ah_25degC_0p5C_cell3|861|2021-11-13T02:15:49|2021-11-13T04:13:49,102Ah_25degC_0p5C_cell3,2021-11-13T03:45:49,2021-11-13T04:09:19,48,19.592325000000187,30.0,3.3953,3.5255,39.1
102Ah_25degC_0p5C_cell3|862|2021-11-13T07:09:32|2021-11-13T09:07:31,102Ah_25degC_0p5C_cell3,2021-11-13T08:39:02,2021-11-13T09:03:01,49,19.9947558333335,30.0,3.395,3.5258,39.1
102Ah_25degC_0p5C_cell3|863|2021-11-13T12:03:13|2021-11-13T14:01:13,102Ah_25degC_0p5C_cell3,2021-11-13T13:33:13,2021-11-13T13:56:43,48,19.592875000000205,30.0,3.395,3.5221,39.3
102Ah_25degC_0p5C_cell3|864|2021-11-13T16:56:53|2021-11-13T18:54:53,102Ah_25degC_0p5C_cell3,2021-11-13T18:26:53,2021-11-13T18:50:23,48,19.592616666666856,30.0,3.3947,3.5205,39.7
102Ah_25degC_0p5C_cell3|891|2021-11-19T05:02:23|2021-11-19T07:00:22,102Ah_25degC_0p5C_cell3,2021-11-19T06:31:52,2021-11-19T06:55:22,48,19.591108333333466,30.0,3.3956,3.5075,38.5
102Ah_25degC_0p5C_cell3|892|2021-11-19T09:55:48|2021-11-19T11:53:48,102Ah_25degC_0p5C_cell3,2021-11-19T11:25:18,2021-11-19T11:48:48,48,19.590816666666797,30.0,3.3953,3.5047,38.6
102Ah_25degC_0p5C_cell3|893|2021-11-19T14:49:13|2021-11-19T16:47:13,102Ah_25degC_0p5C_cell3,2021-11-19T16:18:43,2021-11-19T16:42:13,48,19.590625000000088,30.0,3.395,3.5044,38.9
102Ah_25degC_0p5C_cell3|894|2021-11-19T19:42:35|2021-11-19T21:40:35,102Ah_25degC_0p5C_cell3,2021-11-19T21:12:05,2021-11-19T21:35:35,48,19.59125000000013,30.0,3.395,3.5041,38.9
102Ah_25degC_0p5C_cell3|895|2021-11-20T00:35:57|2021-11-20T02:33:57,102Ah_25degC_0p5C_cell3,2021-11-20T02:05:27,2021-11-20T02:28:57,48,19.591975000000176,30.0,3.3953,3.5044,38.9
102Ah_25degC_0p5C_cell3|921|2021-11-25T07:57:50|2021-11-25T09:55:20,102Ah_25degC_0p5C_cell3,2021-11-25T09:27:20,2021-11-25T09:50:50,48,19.591000000000122,30.0,3.3962,3.5233,38.3
102Ah_25degC_0p5C_cell3|922|2021-11-25T12:50:57|2021-11-25T14:48:27,102Ah_25degC_0p5C_cell3,2021-11-25T14:20:27,2021-11-25T14:43:57,48,19.5915416666668,30.0,3.3962,3.5224,38.4
102Ah_25degC_0p5C_cell3|923|2021-11-25T17:44:04|2021-11-25T19:41:33,102Ah_25degC_0p5C_cell3,2021-11-25T19:13:33,2021-11-25T19:37:03,48,19.59216666666684,30.0,3.3968,3.527,38.1
102Ah_25degC_0p5C_cell3|924|2021-11-25T22:37:10|2021-11-26T00:35:10,102Ah_25degC_0p5C_cell3,2021-11-26T00:06:40,2021-11-26T00:30:10,48,19.590475000000083,30.0,3.3965,3.532,37.7
102Ah_25degC_0p5C_cell3|925|2021-11-26T03:30:18|2021-11-26T05:28:17,102Ah_25degC_0p5C_cell3,2021-11-26T04:59:17,2021-11-26T05:22:47,48,19.590008333333344,30.0,3.3975,3.5069,36.7
102Ah_25degC_0p5C_cell3|952|2021-12-01T15:22:48|2021-12-01T17:20:17,102Ah_25degC_0p5C_cell3,2021-12-01T16:51:47,2021-12-01T17:15:17,48,19.592066666666838,30.0,3.3968,3.5063,37.6
102Ah_25degC_0p5C_cell3|953|2021-12-01T20:15:39|2021-12-01T22:13:09,102Ah_25degC_0p5C_cell3,2021-12-01T21:44:39,2021-12-01T22:08:09,48,19.591608333333483,30.0,3.3965,3.5007,38.0
102Ah_25degC_0p5C_cell3|954|2021-12-02T01:08:27|2021-12-02T03:05:57,102Ah_25degC_0p5C_cell3,2021-12-02T02:37:27,2021-12-02T03:00:57,48,19.592525000000194,30.0,3.3965,3.5022,38.0
102Ah_25degC_0p5C_cell3|955|2021-12-02T06:01:16|2021-12-02T07:58:46,102Ah_25degC_0p5C_cell3,2021-12-02T07:30:16,2021-12-02T07:53:46,48,19.592775000000202,30.0,3.3965,3.5035,37.8
102Ah_25degC_0p5C_cell3|956|2021-12-02T10:54:06|2021-12-02T12:51:36,102Ah_25degC_0p5C_cell3,2021-12-02T12:23:06,2021-12-02T12:46:36,48,19.59297500000021,30.0,3.3962,3.5019,38.0
102Ah_25degC_1C_cell3|2|2021-04-26T18:35:02|2021-04-26T19:39:02,102Ah_25degC_1C_cell3,2021-04-26T19:25:02,2021-04-26T19:36:32,24,19.17145833333322,30.0,3.4328,3.506,44.650000000000006
102Ah_25degC_1C_cell3|4|2021-04-27T00:49:35|2021-04-27T01:53:35,102Ah_25degC_1C_cell3,2021-04-27T01:40:05,2021-04-27T01:51:35,24,19.169616666666613,30.0,3.4316,3.5174,44.7
102Ah_25degC_1C_cell3|5|2021-04-27T03:56:55|2021-04-27T05:00:55,102Ah_25degC_1C_cell3,2021-04-27T04:47:25,2021-04-27T04:58:55,24,19.171558333333223,30.0,3.4309,3.5187,44.9
102Ah_25degC_1C_cell3|6|2021-04-27T07:04:10|2021-04-27T08:08:09,102Ah_25degC_1C_cell3,2021-04-27T07:54:39,2021-04-27T08:06:09,24,19.17145833333322,30.0,3.4306,3.5233,44.8
102Ah_25degC_1C_cell3|7|2021-04-27T10:11:48|2021-04-27T11:15:18,102Ah_25degC_1C_cell3,2021-04-27T11:01:48,2021-04-27T11:13:18,24,19.17145833333322,30.0,3.4303,3.5267,44.9
102Ah_25degC_1C_cell3|8|2021-04-27T13:18:21|2021-04-27T14:22:21,102Ah_25degC_1C_cell3,2021-04-27T14:08:51,2021-04-27T14:20:21,24,19.17145833333322,30.0,3.43,3.5301,44.9
102Ah_25degC_1C_cell3|9|2021-04-27T16:25:20|2021-04-27T17:29:20,102Ah_25degC_1C_cell3,2021-04-27T17:15:20,2021-04-27T17:26:50,24,19.17145833333322,30.0,3.4291,3.5001,44.849999999999994
102Ah_25degC_1C_cell3|10|2021-04-27T19:32:14|2021-04-27T20:35:44,102Ah_25degC_1C_cell3,2021-04-27T20:22:14,2021-04-27T20:33:44,24,19.17145833333322,30.0,3.4288,3.5019,45.0
102Ah_25degC_1C_cell3|11|2021-04-27T22:39:32|2021-04-27T23:42:32,102Ah_25degC_1C_cell3,2021-04-27T23:29:02,2021-04-27T23:40:32,24,19.17145833333322,30.0,3.4288,3.5041,44.95
102Ah_25degC_1C_cell3|12|2021-04-28T01:45:46|2021-04-28T02:49:16,102Ah_25degC_1C_cell3,2021-04-28T02:35:46,2021-04-28T02:47:16,24,19.17145833333322,30.0,3.4285,3.506,44.9
102Ah_25degC_1C_cell3|207|2021-05-27T04:55:17|2021-05-27T05:57:17,102Ah_25degC_1C_cell3,2021-05-27T05:42:47,2021-05-27T05:54:17,24,19.17145833333322,30.0,3.4254,3.5323,44.8
102Ah_25degC_1C_cell3|208|2021-05-27T07:58:04|2021-05-27T08:59:34,102Ah_25degC_1C_cell3,2021-05-27T08:45:04,2021-05-27T08:56:34,24,19.17145833333322,30.0,3.4254,3.5339,44.75
102Ah_25degC_1C_cell3|209|2021-05-27T11:00:21|2021-05-27T12:01:51,102Ah_25degC_1C_cell3,2021-05-27T11:47:21,2021-05-27T11:58:51,24,19.17134999999989,30.0,3.4254,3.5339,44.7
102Ah_25degC_1C_cell3|210|2021-05-27T14:02:36|2021-05-27T15:04:06,102Ah_25degC_1C_cell3,2021-05-27T14:49:06,2021-05-27T15:00:36,24,19.17134999999989,30.0,3.4247,3.5001,44.55
102Ah_25degC_1C_cell3|211|2021-05-27T17:04:22|2021-05-27T18:06:22,102Ah_25degC_1C_cell3,2021-05-27T17:51:52,2021-05-27T18:03:22,24,19.17091666666657,30.0,3.4254,3.5357,44.6
102Ah_25degC_1C_cell3|336|2021-06-12T11:36:33|2021-06-12T12:38:03,102Ah_25degC_1C_cell3,2021-06-12T12:23:03,2021-06-12T12:34:33,24,19.169724999999943,30.0,3.4244,3.514,44.5
102Ah_25degC_1C_cell3|337|2021-06-12T14:37:42|2021-06-12T15:39:12,102Ah_25degC_1C_cell3,2021-06-12T15:24:12,2021-06-12T15:35:42,24,19.170158333333262,30.0,3.4244,3.5137,44.75
102Ah_25degC_1C_cell3|338|2021-06-12T17:39:19|2021-06-12T18:40:19,102Ah_25degC_1C_cell3,2021-06-12T18:25:19,2021-06-12T18:36:49,24,19.170066666666585,30.0,3.4238,3.5119,45.2
102Ah_25degC_1C_cell3|339|2021-06-12T20:39:55|2021-06-12T21:41:25,102Ah_25degC_1C_cell3,2021-06-12T21:26:25,2021-06-12T21:37:55,24,19.169941666666602,30.0,3.4238,3.5128,44.9
102Ah_25degC_1C_cell3|340|2021-06-12T23:41:02|2021-06-13T00:42:32,102Ah_25degC_1C_cell3,2021-06-13T00:27:32,2021-06-13T00:39:02,24,19.168966666666634,30.0,3.4244,3.5159,44.4
102Ah_25degC_1C_cell3|464|2021-06-30T17:56:52|2021-06-30T18:57:21,102Ah_25degC_1C_cell3,2021-06-30T18:42:21,2021-06-30T18:53:51,24,19.168966666666634,30.0,3.425,3.5289,43.9
102Ah_25degC_1C_cell3|465|2021-06-30T20:56:39|2021-06-30T21:57:39,102Ah_25degC_1C_cell3,2021-06-30T21:42:39,2021-06-30T21:54:09,24,19.168966666666634,30.0,3.425,3.5292,43.95
102Ah_25degC_1C_cell3|466|2021-06-30T23:57:25|2021-07-01T00:57:55,102Ah_25degC_1C_cell3,2021-07-01T00:42:55,2021-07-01T00:54:25,24,19.169291666666624,30.0,3.4247,3.5283,44.1
102Ah_25degC_1C_cell3|467|2021-07-01T02:57:39|2021-07-01T03:58:09,102Ah_25degC_1C_cell3,2021-07-01T03:43:09,2021-07-01T03:54:39,24,19.16940833333328,30.0,3.425,3.5292,44.0
102Ah_25degC_1C_cell3|468|2021-07-01T05:57:55|2021-07-01T06:58:25,102Ah_25degC_1C_cell3,2021-07-01T06:43:25,2021-07-01T06:54:55,24,19.168966666666634,30.0,3.4254,3.5298,44.0
102Ah_25degC_1C_cell3|601|2021-07-18T13:19:38|2021-07-18T14:19:38,102Ah_25degC_1C_cell3,2021-07-18T14:04:08,2021-07-18T14:15:38,24,19.169291666666624,30.0,3.4241,3.501,43.8
102Ah_25degC_1C_cell3|602|2021-07-18T16:19:09|2021-07-18T17:19:09,102Ah_25degC_1C_cell3,2021-07-18T17:03:39,2021-07-18T17:15:09,24,19.169616666666613,30.0,3.4238,3.5013,43.9
102Ah_25degC_1C_cell3|603|2021-07-18T19:18:09|2021-07-18T20:18:39,102Ah_25degC_1C_cell3,2021-07-18T20:03:09,2021-07-18T20:14:39,24,19.169941666666602,30.0,3.4241,3.5013,43.9
102Ah_25degC_1C_cell3|604|2021-07-18T22:18:08|2021-07-18T23:18:08,102Ah_25degC_1C_cell3,2021-07-18T23:02:38,2021-07-18T23:14:08,24,19.169183333333294,30.0,3.4238,3.5013,43.75
102Ah_25degC_1C_cell3|605|2021-07-19T01:17:09|2021-07-19T02:17:39,102Ah_25degC_1C_cell3,2021-07-19T02:02:09,2021-07-19T02:13:39,24,19.168966666666634,30.0,3.4241,3.5026,43.55
102Ah_25degC_1C_cell3|730|2021-08-03T14:28:51|2021-08-03T15:28:51,102Ah_25degC_1C_cell3,2021-08-03T15:13:21,2021-08-03T15:24:51,24,19.168966666666634,30.0,3.4244,3.528,43.8
102Ah_25degC_1C_cell3|731|2021-08-03T17:27:08|2021-08-03T18:27:38,102Ah_25degC_1C_cell3,2021-08-03T18:12:08,2021-08-03T18:23:38,24,19.169074999999964,30.0,3.4241,3.5274,43.9
102Ah_25degC_1C_cell3|732|2021-08-03T20:25:52|2021-08-03T21:26:22,102Ah_25degC_1C_cell3,2021-08-03T21:10:52,2021-08-03T21:22:22,24,19.168966666666634,30.0,3.4238,3.5258,44.3
102Ah_25degC_1C_cell3|733|2021-08-03T23:24:36|2021-08-04T00:25:05,102Ah_25degC_1C_cell3,2021-08-04T00:09:35,2021-08-04T00:21:05,24,19.168666666666624,30.0,3.4238,3.5261,44.1
102Ah_25degC_1C_cell3|734|2021-08-04T02:23:20|2021-08-04T03:23:50,102Ah_25degC_1C_cell3,2021-08-04T03:08:20,2021-08-04T03:19:50,24,19.16826666666661,30.0,3.4241,3.5289,43.849999999999994
102Ah_25degC_1C_cell3|867|2021-08-20T13:56:21|2021-08-20T14:55:51,102Ah_25degC_1C_cell3,2021-08-20T14:40:21,2021-08-20T14:51:51,24,19.168966666666634,30.0,3.4244,3.5258,43.5
102Ah_25degC_1C_cell3|868|2021-08-20T16:53:56|2021-08-20T17:53:56,102Ah_25degC_1C_cell3,2021-08-20T17:38:26,2021-08-20T17:49:56,24,19.168966666666634,30.0,3.4238,3.5246,43.8
102Ah_25degC_1C_cell3|869|2021-08-20T19:51:58|2021-08-20T20:51:58,102Ah_25degC_1C_cell3,2021-08-20T20:36:28,2021-08-20T20:47:58,24,19.168966666666634,30.0,3.4238,3.5239,43.849999999999994
102Ah_25degC_1C_cell3|870|2021-08-20T22:50:00|2021-08-20T23:50:00,102Ah_25degC_1C_cell3,2021-08-20T23:34:30,2021-08-20T23:46:00,24,19.168966666666634,30.0,3.4235,3.5239,43.9
102Ah_25degC_1C_cell3|871|2021-08-21T01:48:34|2021-08-21T02:48:04,102Ah_25degC_1C_cell3,2021-08-21T02:32:34,2021-08-21T02:44:04,24,19.168966666666634,30.0,3.4241,3.527,43.4
102Ah_25degC_1C_cell3|997|2021-09-05T15:04:58|2021-09-05T16:04:28,102Ah_25degC_1C_cell3,2021-09-05T15:48:28,2021-09-05T15:59:58,24,19.169074999999964,30.0,3.4238,3.5196,43.05
102Ah_25degC_1C_cell3|998|2021-09-05T18:01:54|2021-09-05T19:01:54,102Ah_25degC_1C_cell3,2021-09-05T18:45:54,2021-09-05T18:57:24,24,19.168366666666614,30.0,3.4238,3.5196,42.9
102Ah_25degC_1C_cell3|999|2021-09-05T20:59:51|2021-09-05T21:59:21,102Ah_25degC_1C_cell3,2021-09-05T21:43:21,2021-09-05T21:54:51,24,19.169074999999964,30.0,3.4241,3.5205,42.9
102Ah_25degC_1C_cell3|1000|2021-09-06T10:27:51|2021-09-06T11:27:51,102Ah_25degC_1C_cell3,2021-09-06T11:10:21,2021-09-06T11:21:51,24,19.169399999999953,30.0,3.4288,3.5022,41.1
102Ah_25degC_1C_cell3|1001|2021-09-06T13:25:21|2021-09-06T14:25:21,102Ah_25degC_1C_cell3,2021-09-06T14:09:21,2021-09-06T14:20:51,24,19.169183333333294,30.0,3.4241,3.5202,43.1
102Ah_25degC_1C_cell3|1623|2021-12-03T15:37:45|2021-12-03T16:36:15,102Ah_25degC_1C_cell3,2021-12-03T16:19:45,2021-12-03T16:31:15,24,19.16856666666662,30.0,3.4229,3.5122,40.6
102Ah_25degC_1C_cell3|1624|2021-12-03T18:32:20|2021-12-03T19:30:50,102Ah_25degC_1C_cell3,2021-12-03T19:13:50,2021-12-03T19:25:50,25,19.998700000000028,30.0,3.4213,3.5109,40.8
102Ah_25degC_1C_cell3|1625|2021-12-03T21:26:56|2021-12-03T22:25:26,102Ah_25degC_1C_cell3,2021-12-03T22:08:56,2021-12-03T22:20:26,24,19.166966666666568,30.0,3.4219,3.5103,40.9
102Ah_25degC_1C_cell3|1626|2021-12-04T00:21:30|2021-12-04T01:20:00,102Ah_25degC_1C_cell3,2021-12-04T01:03:30,2021-12-04T01:15:00,24,19.167566666666588,30.0,3.4226,3.5115,40.75
102Ah_25degC_1C_cell3|1627|2021-12-04T03:16:04|2021-12-04T04:14:34,102Ah_25degC_1C_cell3,2021-12-04T03:57:34,2021-12-04T04:09:34,25,19.999999999999886,30.0,3.4216,3.5131,40.3
102Ah_25degC_1C_cell3|1752|2021-12-19T06:32:57|2021-12-19T07:31:26,102Ah_25degC_1C_cell3,2021-12-19T07:14:26,2021-12-19T07:25:56,24,19.168966666666634,30.0,3.426,3.5184,38.5
102Ah_25degC_1C_cell3|1753|2021-12-19T09:27:11|2021-12-19T10:25:41,102Ah_25degC_1C_cell3,2021-12-19T10:08:41,2021-12-19T10:20:11,24,19.16856666666662,30.0,3.426,3.5184,38.4
102Ah_25degC_1C_cell3|1754|2021-12-19T12:21:26|2021-12-19T13:19:56,102Ah_25degC_1C_cell3,2021-12-19T13:02:56,2021-12-19T13:14:26,24,19.168966666666634,30.0,3.426,3.5184,38.4
102Ah_25degC_1C_cell3|1755|2021-12-19T15:15:42|2021-12-19T16:14:11,102Ah_25degC_1C_cell3,2021-12-19T15:57:11,2021-12-19T16:08:41,24,19.16886666666663,30.0,3.426,3.5184,38.4
102Ah_25degC_1C_cell3|1756|2021-12-19T18:09:56|2021-12-19T19:08:26,102Ah_25degC_1C_cell3,2021-12-19T18:51:26,2021-12-19T19:02:56,24,19.166866666666564,30.0,3.426,3.5187,38.5
102Ah_25degC_1C_cell3|1881|2022-01-03T20:49:32|2022-01-03T21:48:02,102Ah_25degC_1C_cell3,2022-01-03T21:29:32,2022-01-03T21:41:32,25,19.998999999999995,30.0,3.4257,3.501,36.6
102Ah_25degC_1C_cell3|1882|2022-01-03T23:43:26|2022-01-04T00:41:56,102Ah_25degC_1C_cell3,2022-01-04T00:23:26,2022-01-04T00:35:26,25,19.999899999999897,30.0,3.4257,3.5016,36.3
102Ah_25degC_1C_cell3|1883|2022-01-04T02:37:20|2022-01-04T03:35:50,102Ah_25degC_1C_cell3,2022-01-04T03:17:20,2022-01-04T03:29:20,25,19.99969999999992,30.0,3.426,3.5022,36.2
102Ah_25degC_1C_cell3|1884|2022-01-04T05:31:16|2022-01-04T06:29:46,102Ah_25degC_1C_cell3,2022-01-04T06:11:16,2022-01-04T06:23:16,25,19.999999999999886,30.0,3.426,3.5026,36.2
102Ah_25degC_1C_cell3|1885|2022-01-04T08:25:11|2022-01-04T09:23:41,102Ah_25degC_1C_cell3,2022-01-04T09:05:11,2022-01-04T09:17:11,25,19.999999999999886,30.0,3.426,3.5026,36.2
102Ah_25degC_1C_cell3|2491|2022-04-01T00:03:53|2022-04-01T01:00:53,102Ah_25degC_1C_cell3,2022-04-01T00:43:23,2022-04-01T00:54:53,24,19.16766666666659,30.0,3.4207,3.5035,39.6
102Ah_25degC_1C_cell3|2492|2022-04-01T02:55:15|2022-04-01T03:52:15,102Ah_25degC_1C_cell3,2022-04-01T03:34:45,2022-04-01T03:46:15,24,19.16856666666662,30.0,3.4207,3.5035,39.7
102Ah_25degC_1C_cell3|2493|2022-04-01T05:46:36|2022-04-01T06:43:36,102Ah_25degC_1C_cell3,2022-04-01T06:26:06,2022-04-01T06:37:36,24,19.167766666666594,30.0,3.4207,3.5035,39.7
102Ah_25degC_1C_cell3|2494|2022-04-01T08:37:57|2022-04-01T09:34:56,102Ah_25degC_1C_cell3,2022-04-01T09:17:26,2022-04-01T09:28:56,24,19.168166666666608,30.0,3.4207,3.5041,39.5
102Ah_25degC_1C_cell3|2495|2022-04-01T20:03:26|2022-04-01T21:00:56,102Ah_25degC_1C_cell3,2022-04-01T20:42:26,2022-04-01T20:54:26,25,19.999999999999886,30.0,3.4213,3.5103,38.7
102Ah_25degC_1C_cell3|2628|2022-04-17T06:55:12|2022-04-17T07:52:12,102Ah_25degC_1C_cell3,2022-04-17T07:33:42,2022-04-17T07:45:42,25,19.999999999999886,30.0,3.4216,3.5072,37.8
102Ah_25degC_1C_cell3|2629|2022-04-17T09:46:12|2022-04-17T10:43:12,102Ah_25degC_1C_cell3,2022-04-17T10:24:42,2022-04-17T10:36:42,25,19.999999999999886,30.0,3.4216,3.5072,37.8
102Ah_25degC_1C_cell3|2630|2022-04-17T12:37:13|2022-04-17T13:34:13,102Ah_25degC_1C_cell3,2022-04-17T13:15:43,2022-04-17T13:27:43,25,19.999999999999886,30.0,3.4219,3.5078,37.8
102Ah_25degC_1C_cell3|2631|2022-04-17T15:28:13|2022-04-17T16:25:13,102Ah_25degC_1C_cell3,2022-04-17T16:06:43,2022-04-17T16:18:43,25,19.999999999999886,30.0,3.4219,3.5081,37.8
102Ah_25degC_1C_cell3|2632|2022-04-17T18:19:14|2022-04-17T19:16:14,102Ah_25degC_1C_cell3,2022-04-17T18:57:44,2022-04-17T19:09:44,25,19.999999999999886,30.0,3.4219,3.5078,37.8
102Ah_25degC_1C_cell3|2763|2022-05-09T14:41:33|2022-05-09T15:38:03,102Ah_25degC_1C_cell3,2022-05-09T15:20:33,2022-05-09T15:32:03,24,19.168066666666604,30.0,3.4182,3.5063,41.0
102Ah_25degC_1C_cell3|2764|2022-05-09T17:31:42|2022-05-09T18:28:11,102Ah_25degC_1C_cell3,2022-05-09T18:10:41,2022-05-09T18:22:11,24,19.16856666666662,30.0,3.4182,3.5057,41.05
102Ah_25degC_1C_cell3|2765|2022-05-09T20:21:50|2022-05-09T21:18:20,102Ah_25degC_1C_cell3,2022-05-09T21:00:50,2022-05-09T21:12:20,24,19.16826666666661,30.0,3.4182,3.5057,41.1
102Ah_25degC_1C_cell3|2766|2022-05-09T23:11:58|2022-05-10T00:08:28,102Ah_25degC_1C_cell3,2022-05-09T23:50:58,2022-05-10T00:02:28,24,19.16886666666663,30.0,3.4182,3.506,41.0
102Ah_25degC_1C_cell3|2767|2022-05-10T02:02:06|2022-05-10T02:58:36,102Ah_25degC_1C_cell3,2022-05-10T02:41:06,2022-05-10T02:52:36,24,19.167266666666578,30.0,3.4185,3.5072,40.849999999999994
102Ah_25degC_1C_cell3|2895|2022-05-25T05:04:19|2022-05-25T06:00:49,102Ah_25degC_1C_cell3,2022-05-25T05:41:49,2022-05-25T05:53:49,25,19.9999999999999,30.0,3.4216,3.5016,37.5
102Ah_25degC_1C_cell3|2896|2022-05-25T07:54:16|2022-05-25T08:50:46,102Ah_25degC_1C_cell3,2022-05-25T08:32:16,2022-05-25T08:43:46,24,19.16676666666656,30.0,3.4229,3.501,37.7
102Ah_25degC_1C_cell3|2897|2022-05-25T10:44:12|2022-05-25T11:40:42,102Ah_25degC_1C_cell3,2022-05-25T11:21:42,2022-05-25T11:33:42,25,19.999999999999893,30.0,3.4216,3.5013,37.4
102Ah_25degC_1C_cell3|2898|2022-05-25T13:34:11|2022-05-25T14:30:41,102Ah_25degC_1C_cell3,2022-05-25T14:12:11,2022-05-25T14:23:41,24,19.16676666666656,30.0,3.4229,3.5016,37.6
102Ah_25degC_1C_cell3|2899|2022-05-25T16:24:08|2022-05-25T17:20:38,102Ah_25degC_1C_cell3,2022-05-25T17:01:38,2022-05-25T17:13:38,25,19.9999999999999,30.0,3.4216,3.5013,37.6
102Ah_25degC_1C_cell3|3027|2022-06-14T00:30:08|2022-06-14T01:26:38,102Ah_25degC_1C_cell3,2022-06-14T01:07:38,2022-06-14T01:19:38,25,19.9999999999999,30.0,3.4219,3.5153,36.9
102Ah_25degC_1C_cell3|3028|2022-06-14T03:19:38|2022-06-14T04:16:08,102Ah_25degC_1C_cell3,2022-06-14T03:57:08,2022-06-14T04:09:08,25,19.9999999999999,30.0,3.4219,3.5156,36.9
102Ah_25degC_1C_cell3|3029|2022-06-14T06:09:07|2022-06-14T07:05:37,102Ah_25degC_1C_cell3,2022-06-14T06:46:07,2022-06-14T06:58:07,25,19.9999999999999,30.0,3.421,3.5001,36.8
102Ah_25degC_1C_cell3|3030|2022-06-14T08:58:36|2022-06-14T09:55:05,102Ah_25degC_1C_cell3,2022-06-14T09:36:05,2022-06-14T09:48:05,25,19.999999999999893,30.0,3.4223,3.5162,36.9
102Ah_25degC_1C_cell3|3031|2022-06-14T11:48:05|2022-06-14T12:44:35,102Ah_25degC_1C_cell3,2022-06-14T12:25:35,2022-06-14T12:37:35,25,19.999999999999893,30.0,3.4219,3.5159,37.0
102Ah_25degC_1C_cell3|3156|2022-06-29T04:26:55|2022-06-29T05:23:25,102Ah_25degC_1C_cell3,2022-06-29T05:03:55,2022-06-29T05:15:55,25,19.99969999999994,30.0,3.4226,3.5115,36.3
102Ah_25degC_1C_cell3|3157|2022-06-29T07:16:01|2022-06-29T08:12:30,102Ah_25degC_1C_cell3,2022-06-29T07:53:00,2022-06-29T08:05:00,25,19.999999999999908,30.0,3.4226,3.5119,35.9
102Ah_25degC_1C_cell3|3158|2022-06-29T10:05:07|2022-06-29T11:01:37,102Ah_25degC_1C_cell3,2022-06-29T10:42:07,2022-06-29T10:54:07,25,19.999999999999908,30.0,3.4229,3.5131,35.9
102Ah_25degC_1C_cell3|3159|2022-06-29T12:54:13|2022-06-29T13:50:43,102Ah_25degC_1C_cell3,2022-06-29T13:31:13,2022-06-29T13:43:13,25,19.998500000000064,30.0,3.4232,3.5134,35.7
102Ah_25degC_1C_cell3|3160|2022-06-29T15:43:20|2022-06-29T16:39:50,102Ah_25degC_1C_cell3,2022-06-29T16:20:50,2022-06-29T16:32:20,24,19.166966666666575,30.0,3.4238,3.5122,36.0
102Ah_25degC_1C_cell3|3309|2022-07-17T04:59:47|2022-07-17T05:55:47,102Ah_25degC_1C_cell3,2022-07-17T05:36:47,2022-07-17T05:48:17,24,19.16746666666659,30.0,3.4244,3.5078,36.6
102Ah_25degC_1C_cell3|3310|2022-07-17T07:48:15|2022-07-17T08:44:14,102Ah_25degC_1C_cell3,2022-07-17T08:25:14,2022-07-17T08:36:44,24,19.1674666666666,30.0,3.4244,3.5081,36.6
102Ah_25degC_1C_cell3|3311|2022-07-17T10:36:42|2022-07-17T11:32:41,102Ah_25degC_1C_cell3,2022-07-17T11:13:11,2022-07-17T11:25:11,25,19.999999999999915,30.0,3.4232,3.5075,36.8
102Ah_25degC_1C_cell3|3312|2022-07-17T13:25:09|2022-07-17T14:21:09,102Ah_25degC_1C_cell3,2022-07-17T14:02:09,2022-07-17T14:13:39,24,19.167666666666598,30.0,3.4244,3.5075,36.9
102Ah_25degC_1C_cell3|3313|2022-07-17T16:13:36|2022-07-17T17:09:36,102Ah_25degC_1C_cell3,2022-07-17T16:50:36,2022-07-17T17:02:06,24,19.16866666666663,30.0,3.4241,3.5066,37.0
102Ah_25degC_1C_cell3|3441|2022-08-01T15:11:25|2022-08-01T16:07:25,102Ah_25degC_1C_cell3,2022-08-01T15:47:25,2022-08-01T15:59:25,25,19.99929999999999,30.0,3.4216,3.5041,36.5
102Ah_25degC_1C_cell3|3442|2022-08-01T17:59:26|2022-08-01T18:55:25,102Ah_25degC_1C_cell3,2022-08-01T18:35:25,2022-08-01T18:47:25,25,19.998600000000067,30.0,3.4216,3.5035,36.7
102Ah_25degC_1C_cell3|3443|2022-08-01T20:47:25|2022-08-01T21:43:25,102Ah_25degC_1C_cell3,2022-08-01T21:23:25,2022-08-01T21:35:25,25,19.999999999999915,30.0,3.4216,3.5035,36.8
102Ah_25degC_1C_cell3|3444|2022-08-01T23:35:24|2022-08-02T00:31:24,102Ah_25degC_1C_cell3,2022-08-02T00:11:54,2022-08-02T00:23:24,24,19.167166666666596,30.0,3.4223,3.5022,37.2
102Ah_25degC_1C_cell3|3445|2022-08-02T02:23:21|2022-08-02T03:19:21,102Ah_25degC_1C_cell3,2022-08-02T02:59:21,2022-08-02T03:11:21,25,19.99890000000007,30.0,3.421,3.5022,37.0
102Ah_25degC_1C_cell3|3582|2022-08-20T12:42:18|2022-08-20T13:38:18,102Ah_25degC_1C_cell3,2022-08-20T13:18:18,2022-08-20T13:29:48,24,19.16886666666663,30.0,3.4238,3.5013,36.3
102Ah_25degC_1C_cell3|3583|2022-08-20T15:29:48|2022-08-20T16:25:48,102Ah_25degC_1C_cell3,2022-08-20T16:05:48,2022-08-20T16:17:18,24,19.166666666666593,30.0,3.4247,3.5038,35.4
102Ah_25degC_1C_cell3|3584|2022-08-20T18:17:20|2022-08-20T19:13:20,102Ah_25degC_1C_cell3,2022-08-20T18:52:50,2022-08-20T19:04:50,25,19.99999999999993,30.0,3.4247,3.5066,35.1
102Ah_25degC_1C_cell3|3585|2022-08-20T21:04:56|2022-08-20T22:00:56,102Ah_25degC_1C_cell3,2022-08-20T21:40:56,2022-08-20T21:52:26,24,19.1668666666666,30.0,3.4263,3.5078,34.9
102Ah_25degC_1C_cell3|3586|2022-08-20T23:52:32|2022-08-21T00:48:31,102Ah_25degC_1C_cell3,2022-08-21T00:28:31,2022-08-21T00:40:01,24,19.166766666666597,30.0,3.426,3.5078,35.0
102Ah_25degC_1C_cell3|3713|2022-09-04T17:40:26|2022-09-04T18:35:56,102Ah_25degC_1C_cell3,2022-09-04T18:16:26,2022-09-04T18:27:56,24,19.167166666666603,30.0,3.4232,3.5106,37.0
102Ah_25degC_1C_cell3|3714|2022-09-04T20:27:14|2022-09-04T21:22:43,102Ah_25degC_1C_cell3,2022-09-04T21:03:13,2022-09-04T21:14:43,24,19.166866666666593,30.0,3.4235,3.5112,37.2
102Ah_25degC_1C_cell3|3715|2022-09-04T23:14:01|2022-09-05T00:09:30,102Ah_25degC_1C_cell3,2022-09-04T23:49:31,2022-09-05T00:01:30,25,19.972222222222157,30.0,3.4232,3.5134,36.6
102Ah_25degC_1C_cell3|3716|2022-09-05T02:00:50|2022-09-05T02:56:20,102Ah_25degC_1C_cell3,2022-09-05T02:35:50,2022-09-05T02:47:50,25,19.99999999999993,30.0,3.4223,3.5004,36.5
102Ah_25degC_1C_cell3|3717|2022-09-05T04:47:41|2022-09-05T05:43:11,102Ah_25degC_1C_cell3,2022-09-05T05:22:41,2022-09-05T05:34:41,25,19.999999999999936,30.0,3.4226,3.5013,36.0
102Ah_25degC_1C_cell3|3848|2022-09-20T08:07:12|2022-09-20T09:02:12,102Ah_25degC_1C_cell3,2022-09-20T08:42:12,2022-09-20T08:54:12,25,19.999999999999936,30.0,3.4219,3.5106,37.4
102Ah_25degC_1C_cell3|3849|2022-09-20T10:53:19|2022-09-20T11:48:19,102Ah_25degC_1C_cell3,2022-09-20T11:28:19,2022-09-20T11:40:19,25,19.999999999999936,30.0,3.4223,3.5112,37.2
102Ah_25degC_1C_cell3|3850|2022-09-20T13:39:28|2022-09-20T14:34:28,102Ah_25degC_1C_cell3,2022-09-20T14:14:28,2022-09-20T14:26:28,25,19.999999999999936,30.0,3.4223,3.5119,37.2
102Ah_25degC_1C_cell3|3851|2022-09-20T16:25:36|2022-09-20T17:20:36,102Ah_25degC_1C_cell3,2022-09-20T17:00:36,2022-09-20T17:12:36,25,19.99999999999993,30.0,3.4223,3.5122,36.9
102Ah_25degC_1C_cell3|3852|2022-09-20T19:11:44|2022-09-20T20:06:44,102Ah_25degC_1C_cell3,2022-09-20T19:46:44,2022-09-20T19:58:44,25,19.999999999999936,30.0,3.4216,3.5109,37.2
102Ah_25degC_1C_cell3|3983|2022-10-14T23:46:58|2022-10-15T00:41:57,102Ah_25degC_1C_cell3,2022-10-15T00:20:57,2022-10-15T00:32:57,25,19.999999999999943,30.0,3.4226,3.5038,36.1
102Ah_25degC_1C_cell3|3984|2022-10-15T02:32:16|2022-10-15T03:27:16,102Ah_25degC_1C_cell3,2022-10-15T03:06:16,2022-10-15T03:18:16,25,19.99999999999995,30.0,3.4226,3.5041,36.1
102Ah_25degC_1C_cell3|3985|2022-10-15T05:17:34|2022-10-15T06:12:34,102Ah_25degC_1C_cell3,2022-10-15T05:51:34,2022-10-15T06:03:34,25,19.999999999999943,30.0,3.4226,3.5041,36.2
102Ah_25degC_1C_cell3|3986|2022-10-15T08:02:52|2022-10-15T08:57:52,102Ah_25degC_1C_cell3,2022-10-15T08:36:52,2022-10-15T08:48:52,25,19.99999999999995,30.0,3.4229,3.5047,36.0
102Ah_25degC_1C_cell3|3987|2022-10-15T10:48:09|2022-10-15T11:43:09,102Ah_25degC_1C_cell3,2022-10-15T11:22:09,2022-10-15T11:34:09,25,19.999999999999943,30.0,3.4226,3.5044,36.1
102Ah_25degC_1C_cell3|4118|2022-10-30T19:49:01|2022-10-30T20:43:31,102Ah_25degC_1C_cell3,2022-10-30T20:23:01,2022-10-30T20:34:31,24,19.166766666666625,30.0,3.4235,3.505,36.4
102Ah_25degC_1C_cell3|4119|2022-10-30T22:33:41|2022-10-30T23:28:11,102Ah_25degC_1C_cell3,2022-10-30T23:07:11,2022-10-30T23:19:11,25,19.99999999999995,30.0,3.4223,3.505,36.4
102Ah_25degC_1C_cell3|4120|2022-10-31T01:18:19|2022-10-31T02:12:49,102Ah_25degC_1C_cell3,2022-10-31T01:51:49,2022-10-31T02:03:49,25,19.999999999999957,30.0,3.4226,3.5053,36.2
102Ah_25degC_1C_cell3|4121|2022-10-31T04:02:58|2022-10-31T04:57:28,102Ah_25degC_1C_cell3,2022-10-31T04:36:28,2022-10-31T04:48:28,25,19.99979999999998,30.0,3.4223,3.5053,36.3
102Ah_25degC_1C_cell3|4122|2022-10-31T06:47:38|2022-10-31T07:42:08,102Ah_25degC_1C_cell3,2022-10-31T07:21:08,2022-10-31T07:33:08,25,19.999999999999957,30.0,3.4219,3.505,36.4
102Ah_25degC_1C_cell3|4253|2022-11-15T05:33:36|2022-11-15T06:28:06,102Ah_25degC_1C_cell3,2022-11-15T06:06:36,2022-11-15T06:18:36,25,19.999999999999964,30.0,3.4229,3.5088,35.5
102Ah_25degC_1C_cell3|4254|2022-11-15T08:17:33|2022-11-15T09:12:04,102Ah_25degC_1C_cell3,2022-11-15T08:51:03,2022-11-15T09:02:34,24,19.194444444444407,30.0,3.4238,3.5088,35.4
102Ah_25degC_1C_cell3|4255|2022-11-15T11:01:30|2022-11-15T11:56:00,102Ah_25degC_1C_cell3,2022-11-15T11:35:00,2022-11-15T11:46:30,24,19.166766666666625,30.0,3.4235,3.5078,35.9
102Ah_25degC_1C_cell3|4256|2022-11-15T13:45:25|2022-11-15T14:39:55,102Ah_25degC_1C_cell3,2022-11-15T14:18:25,2022-11-15T14:30:25,25,19.999999999999957,30.0,3.4219,3.5066,35.9
102Ah_25degC_1C_cell3|4257|2022-11-15T16:29:19|2022-11-15T17:23:48,102Ah_25degC_1C_cell3,2022-11-15T17:02:18,2022-11-15T17:14:18,25,19.999999999999964,30.0,3.4219,3.5063,36.0
102Ah_25degC_1C_cell3|4385|2022-11-30T05:06:29|2022-11-30T06:00:29,102Ah_25degC_1C_cell3,2022-11-30T05:39:29,2022-11-30T05:50:59,24,19.16696666666663,30.0,3.4223,3.5075,36.4
102Ah_25degC_1C_cell3|4386|2022-11-30T07:49:28|2022-11-30T08:43:28,102Ah_25degC_1C_cell3,2022-11-30T08:22:28,2022-11-30T08:33:58,24,19.166766666666632,30.0,3.4226,3.5081,36.3
102Ah_25degC_1C_cell3|4387|2022-11-30T10:32:27|2022-11-30T11:26:27,102Ah_25degC_1C_cell3,2022-11-30T11:05:27,2022-11-30T11:16:57,24,19.16756666666665,30.0,3.4226,3.5081,36.4
102Ah_25degC_1C_cell3|4388|2022-11-30T13:15:25|2022-11-30T14:09:25,102Ah_25degC_1C_cell3,2022-11-30T13:48:25,2022-11-30T13:59:55,24,19.167466666666648,30.0,3.4226,3.5081,36.3
102Ah_25degC_1C_cell3|4389|2022-11-30T15:58:23|2022-11-30T16:52:23,102Ah_25degC_1C_cell3,2022-11-30T16:31:23,2022-11-30T16:42:53,24,19.167266666666634,30.0,3.4223,3.5081,36.3
102Ah_25degC_1C_cell3|4514|2022-12-14T18:29:39|2022-12-14T19:23:09,102Ah_25degC_1C_cell3,2022-12-14T19:01:39,2022-12-14T19:13:39,25,19.99989999999997,30.0,3.4216,3.5125,36.4
102Ah_25degC_1C_cell3|4515|2022-12-14T21:11:41|2022-12-14T22:05:11,102Ah_25degC_1C_cell3,2022-12-14T21:43:11,2022-12-14T21:55:11,25,19.999999999999986,30.0,3.4204,3.5001,36.5
102Ah_25degC_1C_cell3|4516|2022-12-14T23:53:43|2022-12-15T00:47:12,102Ah_25degC_1C_cell3,2022-12-15T00:25:12,2022-12-15T00:37:12,25,19.999999999999986,30.0,3.4207,3.5004,36.5
102Ah_25degC_1C_cell3|4517|2022-12-15T02:35:44|2022-12-15T03:29:14,102Ah_25degC_1C_cell3,2022-12-15T03:07:44,2022-12-15T03:19:14,24,19.166966666666646,30.0,3.4216,3.5004,36.7
102Ah_25degC_1C_cell3|4518|2022-12-15T05:17:45|2022-12-15T06:11:15,102Ah_25degC_1C_cell3,2022-12-15T05:49:15,2022-12-15T06:01:15,25,19.999999999999986,30.0,3.4204,3.5001,36.6
102Ah_25degC_1C_cell3|4646|2022-12-30T04:37:41|2022-12-30T05:31:11,102Ah_25degC_1C_cell3,2022-12-30T05:08:41,2022-12-30T05:20:41,25,19.999699999999997,30.0,3.4223,3.5097,35.7
102Ah_25degC_1C_cell3|4647|2022-12-30T07:18:47|2022-12-30T08:12:17,102Ah_25degC_1C_cell3,2022-12-30T07:49:47,2022-12-30T08:01:47,25,19.999799999999993,30.0,3.4223,3.5097,35.6
102Ah_25degC_1C_cell3|4648|2022-12-30T09:59:51|2022-12-30T10:53:21,102Ah_25degC_1C_cell3,2022-12-30T10:30:51,2022-12-30T10:42:51,25,19.99989999999999,30.0,3.4226,3.5103,35.7
102Ah_25degC_1C_cell3|4649|2022-12-30T12:40:55|2022-12-30T13:34:25,102Ah_25degC_1C_cell3,2022-12-30T13:11:55,2022-12-30T13:23:55,25,19.999999999999993,30.0,3.4223,3.5103,35.5
102Ah_25degC_1C_cell3|4650|2022-12-30T15:21:59|2022-12-30T16:15:29,102Ah_25degC_1C_cell3,2022-12-30T15:52:59,2022-12-30T16:04:59,25,19.999999999999986,30.0,3.4223,3.5106,35.6
102Ah_25degC_1C_cell3|4788|2023-01-15T00:29:19|2023-01-15T01:22:19,102Ah_25degC_1C_cell3,2023-01-15T00:59:49,2023-01-15T01:11:19,24,19.16666666666667,30.0,3.4244,3.5106,35.1
102Ah_25degC_1C_cell3|4789|2023-01-15T03:09:10|2023-01-15T04:02:10,102Ah_25degC_1C_cell3,2023-01-15T03:39:10,2023-01-15T03:50:40,24,19.16666666666668,30.0,3.4235,3.5001,34.9
102Ah_25degC_1C_cell3|4790|2023-01-15T05:49:02|2023-01-15T06:42:02,102Ah_25degC_1C_cell3,2023-01-15T06:19:02,2023-01-15T06:30:32,24,19.16666666666668,30.0,3.4235,3.5004,34.9
102Ah_25degC_1C_cell3|4791|2023-01-15T08:28:54|2023-01-15T09:21:53,102Ah_25degC_1C_cell3,2023-01-15T08:58:24,2023-01-15T09:10:23,25,19.97222222222223,30.0,3.4226,3.501,34.8
102Ah_25degC_1C_cell3|4792|2023-01-15T11:08:46|2023-01-15T12:01:45,102Ah_25degC_1C_cell3,2023-01-15T11:38:45,2023-01-15T11:50:15,24,19.16666666666667,30.0,3.4235,3.5001,35.0
102Ah_25degC_1C_cell3|4948|2023-03-15T19:41:14|2023-03-15T20:32:44,102Ah_25degC_1C_cell3,2023-03-15T20:10:14,2023-03-15T20:21:44,24,19.16746666666662,30.0,3.4139,3.5044,35.8
102Ah_25degC_1C_cell3|4949|2023-03-15T22:18:07|2023-03-15T23:09:37,102Ah_25degC_1C_cell3,2023-03-15T22:47:07,2023-03-15T22:58:37,24,19.167766666666623,30.0,3.4145,3.5047,35.75
102Ah_25degC_1C_cell3|4950|2023-03-16T00:54:58|2023-03-16T01:46:28,102Ah_25degC_1C_cell3,2023-03-16T01:23:58,2023-03-16T01:35:28,24,19.167766666666623,30.0,3.4145,3.5057,35.8
102Ah_25degC_1C_cell3|4951|2023-03-16T03:31:51|2023-03-16T04:23:21,102Ah_25degC_1C_cell3,2023-03-16T04:00:51,2023-03-16T04:12:21,24,19.16761666666661,30.0,3.4145,3.506,35.8
102Ah_25degC_1C_cell3|4952|2023-03-16T06:08:43|2023-03-16T07:00:13,102Ah_25degC_1C_cell3,2023-03-16T06:37:43,2023-03-16T06:49:13,24,19.167616666666625,30.0,3.4145,3.5069,35.7
102Ah_25degC_1C_cell3|5029|2023-03-25T03:17:35|2023-03-25T04:09:05,102Ah_25degC_1C_cell3,2023-03-25T03:45:35,2023-03-25T03:57:05,24,19.167108333333324,30.0,3.4126,3.5022,36.3
102Ah_25degC_1C_cell3|5081|2023-03-30T17:49:36|2023-03-30T18:40:36,102Ah_25degC_1C_cell3,2023-03-30T18:17:06,2023-03-30T18:28:36,24,19.167566666666637,30.0,3.4145,3.5084,35.7
102Ah_35degC_1C_cell1|2|2021-04-27T22:02:31|2021-04-27T23:06:31,102Ah_35degC_1C_cell1,2021-04-27T22:52:01,2021-04-27T23:03:31,24,19.178133333333292,30.0,3.4356,3.5004,41.3
102Ah_35degC_1C_cell1|3|2021-04-28T01:09:26|2021-04-28T02:13:26,102Ah_35degC_1C_cell1,2021-04-28T01:58:56,2021-04-28T02:10:56,25,19.998200000000082,30.0,3.4347,3.5119,41.2
102Ah_35degC_1C_cell1|4|2021-04-28T04:16:35|2021-04-28T05:20:35,102Ah_35degC_1C_cell1,2021-04-28T05:06:35,2021-04-28T05:18:05,24,19.178133333333292,30.0,3.435,3.5115,41.3
102Ah_35degC_1C_cell1|5|2021-04-28T07:23:43|2021-04-28T08:27:43,102Ah_35degC_1C_cell1,2021-04-28T08:13:43,2021-04-28T08:25:13,24,19.168583333333274,30.0,3.4343,3.5103,41.349999999999994
102Ah_35degC_1C_cell1|6|2021-04-28T10:30:52|2021-04-28T11:34:52,102Ah_35degC_1C_cell1,2021-04-28T11:20:22,2021-04-28T11:32:22,25,19.998600000000053,30.0,3.4331,3.5115,41.3
102Ah_35degC_1C_cell1|7|2021-04-28T13:38:00|2021-04-28T14:42:00,102Ah_35degC_1C_cell1,2021-04-28T14:28:00,2021-04-28T14:39:30,24,19.175841666666628,30.0,3.434,3.5143,41.4
102Ah_35degC_1C_cell1|8|2021-04-28T16:45:04|2021-04-28T17:49:04,102Ah_35degC_1C_cell1,2021-04-28T17:35:04,2021-04-28T17:46:34,24,19.16716666666659,30.0,3.4334,3.5143,41.4
102Ah_35degC_1C_cell1|9|2021-04-28T19:52:06|2021-04-28T20:56:06,102Ah_35degC_1C_cell1,2021-04-28T20:42:06,2021-04-28T20:53:36,24,19.176883333333294,30.0,3.4334,3.5184,41.4
102Ah_35degC_1C_cell1|10|2021-04-28T22:59:05|2021-04-29T00:03:05,102Ah_35degC_1C_cell1,2021-04-28T23:49:05,2021-04-29T00:00:35,24,19.17480833333329,30.0,3.4334,3.5193,41.3
102Ah_35degC_1C_cell1|11|2021-04-29T02:06:01|2021-04-29T03:10:01,102Ah_35degC_1C_cell1,2021-04-29T02:55:31,2021-04-29T03:07:31,25,19.999191666666633,30.0,3.4325,3.5224,41.3
102Ah_35degC_1C_cell1|266|2021-06-03T00:25:48|2021-06-03T01:27:47,102Ah_35degC_1C_cell1,2021-06-03T01:12:17,2021-06-03T01:23:47,24,19.17884999999997,30.0,3.4334,3.5094,42.6
102Ah_35degC_1C_cell1|267|2021-06-03T03:28:10|2021-06-03T04:30:10,102Ah_35degC_1C_cell1,2021-06-03T04:14:40,2021-06-03T04:26:10,24,19.16821666666661,30.0,3.4334,3.5078,42.6
102Ah_35degC_1C_cell1|268|2021-06-03T06:30:33|2021-06-03T07:32:33,102Ah_35degC_1C_cell1,2021-06-03T07:17:03,2021-06-03T07:28:33,24,19.16848333333327,30.0,3.4334,3.5094,42.6
102Ah_35degC_1C_cell1|269|2021-06-03T09:32:56|2021-06-03T10:34:56,102Ah_35degC_1C_cell1,2021-06-03T10:19:26,2021-06-03T10:30:56,24,19.17854999999996,30.0,3.434,3.5094,42.6
102Ah_35degC_1C_cell1|270|2021-06-03T12:35:17|2021-06-03T13:37:17,102Ah_35degC_1C_cell1,2021-06-03T13:21:17,2021-06-03T13:33:17,25,19.997658333333362,30.0,3.4325,3.5088,42.6
102Ah_35degC_1C_cell1|432|2021-06-25T22:54:47|2021-06-25T23:56:17,102Ah_35degC_1C_cell1,2021-06-25T23:39:47,2021-06-25T23:51:47,25,19.998083333333383,30.0,3.4347,3.5066,42.3
102Ah_35degC_1C_cell1|433|2021-06-26T01:55:58|2021-06-26T02:57:27,102Ah_35degC_1C_cell1,2021-06-26T02:41:27,2021-06-26T02:52:57,24,19.18045000000002,30.0,3.4359,3.5081,42.3
102Ah_35degC_1C_cell1|434|2021-06-26T04:57:06|2021-06-26T05:58:36,102Ah_35degC_1C_cell1,2021-06-26T05:42:36,2021-06-26T05:54:06,24,19.16737499999998,30.0,3.4359,3.5075,42.2
102Ah_35degC_1C_cell1|435|2021-06-26T07:58:14|2021-06-26T08:59:44,102Ah_35degC_1C_cell1,2021-06-26T08:43:44,2021-06-26T08:55:14,24,19.16666666666667,30.0,3.4359,3.5078,42.3
102Ah_35degC_1C_cell1|436|2021-06-26T10:59:23|2021-06-26T12:00:53,102Ah_35degC_1C_cell1,2021-06-26T11:44:53,2021-06-26T11:56:23,24,19.180150000000012,30.0,3.4359,3.5094,42.3
102Ah_35degC_1C_cell1|598|2021-07-17T08:01:54|2021-07-17T09:03:24,102Ah_35degC_1C_cell1,2021-07-17T08:46:54,2021-07-17T08:58:24,24,19.173783333333276,30.0,3.4371,3.5177,42.3
102Ah_35degC_1C_cell1|599|2021-07-17T11:02:08|2021-07-17T12:03:38,102Ah_35degC_1C_cell1,2021-07-17T11:46:38,2021-07-17T11:58:38,25,19.999200000000002,30.0,3.4359,3.5181,42.2
102Ah_35degC_1C_cell1|600|2021-07-17T14:02:23|2021-07-17T15:03:53,102Ah_35degC_1C_cell1,2021-07-17T14:47:23,2021-07-17T14:58:53,24,19.177399999999963,30.0,3.4371,3.5193,42.3
102Ah_35degC_1C_cell1|601|2021-07-17T17:02:35|2021-07-17T18:04:05,102Ah_35degC_1C_cell1,2021-07-17T17:47:05,2021-07-17T17:59:05,25,19.99969999999996,30.0,3.4359,3.5177,42.3
102Ah_35degC_1C_cell1|602|2021-07-17T20:02:49|2021-07-17T21:04:18,102Ah_35degC_1C_cell1,2021-07-17T20:47:48,2021-07-17T20:59:18,24,19.180466666666675,30.0,3.4371,3.5196,42.2
102Ah_35degC_1C_cell1|764|2021-08-07T01:25:38|2021-08-07T02:26:38,102Ah_35degC_1C_cell1,2021-08-07T02:09:38,2021-08-07T02:21:08,24,19.180550000000025,30.0,3.4362,3.5016,42.1
102Ah_35degC_1C_cell1|765|2021-08-07T04:24:56|2021-08-07T05:25:56,102Ah_35degC_1C_cell1,2021-08-07T05:08:56,2021-08-07T05:20:26,24,19.1698416666666,30.0,3.4362,3.501,42.05
102Ah_35degC_1C_cell1|766|2021-08-07T07:24:17|2021-08-07T08:25:16,102Ah_35degC_1C_cell1,2021-08-07T08:08:16,2021-08-07T08:19:46,24,19.18075000000003,30.0,3.4365,3.5019,42.1
102Ah_35degC_1C_cell1|767|2021-08-07T10:23:35|2021-08-07T11:24:35,102Ah_35degC_1C_cell1,2021-08-07T11:07:35,2021-08-07T11:19:05,24,19.1711916666666,30.0,3.4362,3.5013,42.1
102Ah_35degC_1C_cell1|768|2021-08-07T13:22:54|2021-08-07T14:23:53,102Ah_35degC_1C_cell1,2021-08-07T14:06:53,2021-08-07T14:18:23,24,19.171091666666598,30.0,3.4362,3.5016,42.1
102Ah_35degC_1C_cell1|930|2021-08-27T18:30:07|2021-08-27T19:30:37,102Ah_35degC_1C_cell1,2021-08-27T19:13:37,2021-08-27T19:25:07,24,19.167583333333283,30.0,3.4359,3.5004,42.2
102Ah_35degC_1C_cell1|931|2021-08-27T21:28:40|2021-08-27T22:29:10,102Ah_35degC_1C_cell1,2021-08-27T22:12:10,2021-08-27T22:23:40,24,19.17035833333327,30.0,3.4359,3.5013,42.1
102Ah_35degC_1C_cell1|932|2021-08-28T00:27:13|2021-08-28T01:27:43,102Ah_35degC_1C_cell1,2021-08-28T01:10:43,2021-08-28T01:22:13,24,19.17811666666664,30.0,3.4359,3.501,42.2
102Ah_35degC_1C_cell1|933|2021-08-28T03:25:44|2021-08-28T04:26:14,102Ah_35degC_1C_cell1,2021-08-28T04:09:14,2021-08-28T04:20:44,24,19.167066666666614,30.0,3.4359,3.501,42.1
102Ah_35degC_1C_cell1|934|2021-08-28T06:24:17|2021-08-28T07:24:47,102Ah_35degC_1C_cell1,2021-08-28T07:07:47,2021-08-28T07:19:17,24,19.17944999999999,30.0,3.4359,3.5019,42.2
102Ah_35degC_1C_cell1|1097|2021-09-18T07:00:38|2021-09-18T08:00:38,102Ah_35degC_1C_cell1,2021-09-18T07:43:38,2021-09-18T07:55:08,24,19.171424999999914,30.0,3.4362,3.5016,41.9
102Ah_35degC_1C_cell1|1098|2021-09-18T09:58:20|2021-09-18T10:58:20,102Ah_35degC_1C_cell1,2021-09-18T10:41:20,2021-09-18T10:52:50,24,19.17553333333329,30.0,3.4362,3.5022,41.9
102Ah_35degC_1C_cell1|1099|2021-09-18T12:56:02|2021-09-18T13:56:02,102Ah_35degC_1C_cell1,2021-09-18T13:39:02,2021-09-18T13:50:32,24,19.17336666666661,30.0,3.4362,3.5019,41.8
102Ah_35degC_1C_cell1|1100|2021-09-18T15:53:43|2021-09-18T16:53:43,102Ah_35degC_1C_cell1,2021-09-18T16:36:43,2021-09-18T16:48:13,24,19.17005833333326,30.0,3.4362,3.5019,41.8
102Ah_35degC_1C_cell1|1101|2021-09-18T18:51:26|2021-09-18T19:51:26,102Ah_35degC_1C_cell1,2021-09-18T19:34:26,2021-09-18T19:45:56,24,19.172458333333253,30.0,3.4362,3.5019,41.8
102Ah_35degC_1C_cell1|1263|2021-10-15T22:34:04|2021-10-15T23:34:04,102Ah_35degC_1C_cell1,2021-10-15T23:16:34,2021-10-15T23:28:04,24,19.171008333333248,30.0,3.4365,3.5035,42.0
102Ah_35degC_1C_cell1|1264|2021-10-16T01:30:58|2021-10-16T02:30:58,102Ah_35degC_1C_cell1,2021-10-16T02:13:28,2021-10-16T02:24:58,24,19.171341666666564,30.0,3.4365,3.5038,41.9
102Ah_35degC_1C_cell1|1265|2021-10-16T04:27:53|2021-10-16T05:27:53,102Ah_35degC_1C_cell1,2021-10-16T05:10:23,2021-10-16T05:21:53,24,19.171091666666598,30.0,3.4365,3.5038,42.0
102Ah_35degC_1C_cell1|1266|2021-10-16T07:24:47|2021-10-16T08:24:47,102Ah_35degC_1C_cell1,2021-10-16T08:07:17,2021-10-16T08:18:47,24,19.170258333333265,30.0,3.4365,3.5038,41.95
102Ah_35degC_1C_cell1|1267|2021-10-16T10:21:41|2021-10-16T11:21:41,102Ah_35degC_1C_cell1,2021-10-16T11:04:11,2021-10-16T11:15:41,24,19.172149999999917,30.0,3.4365,3.5044,41.8
102Ah_35degC_1C_cell1|1429|2021-11-05T08:16:05|2021-11-05T09:15:35,102Ah_35degC_1C_cell1,2021-11-05T08:58:05,2021-11-05T09:09:35,24,19.172266666666573,30.0,3.4359,3.5016,42.5
102Ah_35degC_1C_cell1|1430|2021-11-05T11:12:16|2021-11-05T12:11:46,102Ah_35degC_1C_cell1,2021-11-05T11:54:16,2021-11-05T12:05:46,24,19.16973333333327,30.0,3.4359,3.5019,42.5
102Ah_35degC_1C_cell1|1431|2021-11-05T14:08:26|2021-11-05T15:07:56,102Ah_35degC_1C_cell1,2021-11-05T14:50:26,2021-11-05T15:01:56,24,19.170258333333265,30.0,3.4359,3.5019,42.5
102Ah_35degC_1C_cell1|1432|2021-11-05T17:04:34|2021-11-05T18:04:04,102Ah_35degC_1C_cell1,2021-11-05T17:46:34,2021-11-05T17:58:04,24,19.170366666666595,30.0,3.4359,3.5019,42.5
102Ah_35degC_1C_cell1|1433|2021-11-05T20:00:43|2021-11-05T21:00:13,102Ah_35degC_1C_cell1,2021-11-05T20:42:43,2021-11-05T20:54:13,24,19.170799999999915,30.0,3.4359,3.5022,42.5
102Ah_35degC_1C_cell1|1595|2021-11-30T07:07:00|2021-11-30T08:06:00,102Ah_35degC_1C_cell1,2021-11-30T07:48:30,2021-11-30T08:00:00,24,19.176983333333297,30.0,3.4362,3.5022,42.25
102Ah_35degC_1C_cell1|1596|2021-11-30T10:02:34|2021-11-30T11:01:33,102Ah_35degC_1C_cell1,2021-11-30T10:43:33,2021-11-30T10:55:33,25,19.999291666666636,30.0,3.4347,3.501,42.3
102Ah_35degC_1C_cell1|1597|2021-11-30T12:58:07|2021-11-30T13:57:07,102Ah_35degC_1C_cell1,2021-11-30T13:39:37,2021-11-30T13:51:07,24,19.175841666666628,30.0,3.4362,3.5019,42.4
102Ah_35degC_1C_cell1|1598|2021-11-30T15:53:40|2021-11-30T16:52:40,102Ah_35degC_1C_cell1,2021-11-30T16:35:10,2021-11-30T16:46:40,24,19.167566666666602,30.0,3.4362,3.5013,42.3
102Ah_35degC_1C_cell1|1599|2021-11-30T18:49:13|2021-11-30T19:48:13,102Ah_35degC_1C_cell1,2021-11-30T19:30:43,2021-11-30T19:42:13,24,19.167766666666623,30.0,3.4362,3.5019,42.2
102Ah_35degC_1C_cell1|1761|2021-12-20T11:50:08|2021-12-20T12:49:08,102Ah_35degC_1C_cell1,2021-12-20T12:31:08,2021-12-20T12:42:38,24,19.171808333333274,30.0,3.4356,3.5007,42.4
102Ah_35degC_1C_cell1|1762|2021-12-20T14:44:57|2021-12-20T15:43:56,102Ah_35degC_1C_cell1,2021-12-20T15:25:56,2021-12-20T15:37:26,24,19.168841666666623,30.0,3.4356,3.5007,42.25
102Ah_35degC_1C_cell1|1763|2021-12-20T17:39:45|2021-12-20T18:38:45,102Ah_35degC_1C_cell1,2021-12-20T18:20:15,2021-12-20T18:32:15,25,19.996208333333385,30.0,3.4347,3.5007,42.2
102Ah_35degC_1C_cell1|1764|2021-12-20T20:34:35|2021-12-20T21:33:34,102Ah_35degC_1C_cell1,2021-12-20T21:15:34,2021-12-20T21:27:04,24,19.176466666666627,30.0,3.4359,3.5016,42.2
102Ah_35degC_1C_cell1|1765|2021-12-20T23:29:22|2021-12-21T00:28:22,102Ah_35degC_1C_cell1,2021-12-21T00:09:52,2021-12-21T00:21:52,25,19.9945083333333,30.0,3.4347,3.5007,42.2
102Ah_35degC_1C_cell1|1928|2022-01-09T15:59:14|2022-01-09T16:57:44,102Ah_35degC_1C_cell1,2022-01-09T16:39:44,2022-01-09T16:51:14,24,19.17388333333328,30.0,3.4371,3.5137,41.5
102Ah_35degC_1C_cell1|1929|2022-01-09T18:52:59|2022-01-09T19:51:29,102Ah_35degC_1C_cell1,2022-01-09T19:32:59,2022-01-09T19:44:59,25,19.997624999999957,30.0,3.4359,3.5125,41.5
102Ah_35degC_1C_cell1|1930|2022-01-09T21:46:45|2022-01-09T22:45:15,102Ah_35degC_1C_cell1,2022-01-09T22:27:15,2022-01-09T22:38:45,24,19.17604999999996,30.0,3.4371,3.514,41.5
102Ah_35degC_1C_cell1|1931|2022-01-10T00:40:30|2022-01-10T01:39:00,102Ah_35degC_1C_cell1,2022-01-10T01:20:30,2022-01-10T01:32:30,25,19.996716666666686,30.0,3.4359,3.5128,41.4
102Ah_35degC_1C_cell1|1932|2022-01-10T03:34:14|2022-01-10T04:32:44,102Ah_35degC_1C_cell1,2022-01-10T04:14:44,2022-01-10T04:26:14,24,19.17252499999995,30.0,3.4371,3.514,41.5
102Ah_35degC_1C_cell1|2094|2022-02-08T18:47:21|2022-02-08T19:45:21,102Ah_35degC_1C_cell1,2022-02-08T19:27:21,2022-02-08T19:38:51,24,19.17719166666663,30.0,3.4362,3.5119,42.0
102Ah_35degC_1C_cell1|2095|2022-02-08T21:40:08|2022-02-08T22:38:08,102Ah_35degC_1C_cell1,2022-02-08T22:19:38,2022-02-08T22:31:38,25,19.9951333333333,30.0,3.435,3.5106,42.0
102Ah_35degC_1C_cell1|2096|2022-02-09T00:32:59|2022-02-09T01:30:59,102Ah_35degC_1C_cell1,2022-02-09T01:12:59,2022-02-09T01:24:29,24,19.178941666666645,30.0,3.4362,3.5122,42.0
102Ah_35degC_1C_cell1|2097|2022-02-09T03:25:47|2022-02-09T04:23:46,102Ah_35degC_1C_cell1,2022-02-09T04:05:16,2022-02-09T04:17:16,25,19.997041666666718,30.0,3.435,3.5103,42.0
102Ah_35degC_1C_cell1|2098|2022-02-09T06:18:35|2022-02-09T07:16:35,102Ah_35degC_1C_cell1,2022-02-09T06:58:35,2022-02-09T07:10:05,24,19.175733333333298,30.0,3.4365,3.5122,41.9
102Ah_35degC_1C_cell1|2260|2022-02-28T16:03:28|2022-02-28T17:00:58,102Ah_35degC_1C_cell1,2022-02-28T16:42:58,2022-02-28T16:54:28,24,19.169199999999947,30.0,3.4359,3.5088,42.0
102Ah_35degC_1C_cell1|2261|2022-02-28T18:55:39|2022-02-28T19:53:08,102Ah_35degC_1C_cell1,2022-02-28T19:35:08,2022-02-28T19:46:38,24,19.16797499999997,30.0,3.4356,3.5091,41.9
102Ah_35degC_1C_cell1|2262|2022-02-28T21:47:49|2022-02-28T22:45:19,102Ah_35degC_1C_cell1,2022-02-28T22:27:19,2022-02-28T22:38:49,24,19.17729999999996,30.0,3.4359,3.5094,41.9
102Ah_35degC_1C_cell1|2263|2022-03-01T00:39:58|2022-03-01T01:37:28,102Ah_35degC_1C_cell1,2022-03-01T01:18:58,2022-03-01T01:30:58,25,19.99746666666674,30.0,3.4343,3.5084,42.0
102Ah_35degC_1C_cell1|2264|2022-03-01T03:32:09|2022-03-01T04:29:39,102Ah_35degC_1C_cell1,2022-03-01T04:11:39,2022-03-01T04:23:09,24,19.177716666666626,30.0,3.4359,3.5097,42.0
102Ah_35degC_1C_cell1|2426|2022-03-20T11:33:54|2022-03-20T12:31:23,102Ah_35degC_1C_cell1,2022-03-20T12:12:53,2022-03-20T12:24:23,24,19.167466666666584,30.0,3.4356,3.5088,41.9
102Ah_35degC_1C_cell1|2427|2022-03-20T14:25:26|2022-03-20T15:22:56,102Ah_35degC_1C_cell1,2022-03-20T15:03:56,2022-03-20T15:15:56,25,19.999799999999937,30.0,3.4343,3.5088,41.8
102Ah_35degC_1C_cell1|2428|2022-03-20T17:16:58|2022-03-20T18:14:28,102Ah_35degC_1C_cell1,2022-03-20T17:55:58,2022-03-20T18:07:28,24,19.166866666666607,30.0,3.4356,3.5094,41.8
102Ah_35degC_1C_cell1|2429|2022-03-20T20:08:30|2022-03-20T21:06:00,102Ah_35degC_1C_cell1,2022-03-20T20:47:30,2022-03-20T20:59:00,24,19.170049999999932,30.0,3.4356,3.5091,41.9
102Ah_35degC_1C_cell1|2430|2022-03-20T23:00:02|2022-03-20T23:57:32,102Ah_35degC_1C_cell1,2022-03-20T23:39:02,2022-03-20T23:50:32,24,19.168683333333277,30.0,3.4356,3.5091,41.8
102Ah_35degC_1C_cell1|2592|2022-04-09T11:01:47|2022-04-09T11:59:17,102Ah_35degC_1C_cell1,2022-04-09T11:39:47,2022-04-09T11:51:17,24,19.169533333333263,30.0,3.4362,3.5019,42.55
102Ah_35degC_1C_cell1|2593|2022-04-09T13:52:56|2022-04-09T14:50:26,102Ah_35degC_1C_cell1,2022-04-09T14:31:26,2022-04-09T14:42:56,24,19.167258333333265,30.0,3.4356,3.5088,43.1
102Ah_35degC_1C_cell1|2594|2022-04-09T16:43:55|2022-04-09T17:41:25,102Ah_35degC_1C_cell1,2022-04-09T17:21:55,2022-04-09T17:33:55,25,19.999899999999975,30.0,3.434,3.5081,43.3
102Ah_35degC_1C_cell1|2595|2022-04-09T19:34:50|2022-04-09T20:32:21,102Ah_35degC_1C_cell1,2022-04-09T20:13:21,2022-04-09T20:24:51,24,19.16666666666663,30.0,3.4353,3.5084,43.2
102Ah_35degC_1C_cell1|2596|2022-04-09T22:25:47|2022-04-09T23:22:47,102Ah_35degC_1C_cell1,2022-04-09T23:03:47,2022-04-09T23:15:47,25,19.999491666666614,30.0,3.434,3.5084,43.2
102Ah_35degC_1C_cell1|2758|2022-05-01T12:20:22|2022-05-01T13:17:21,102Ah_35degC_1C_cell1,2022-05-01T12:58:51,2022-05-01T13:10:21,24,19.168066666666604,30.0,3.4185,3.5128,40.4
102Ah_35degC_1C_cell1|2759|2022-05-01T15:10:46|2022-05-01T16:07:46,102Ah_35degC_1C_cell1,2022-05-01T15:49:16,2022-05-01T16:00:46,24,19.16937499999993,30.0,3.4185,3.5131,40.4
102Ah_35degC_1C_cell1|2760|2022-05-01T18:01:11|2022-05-01T18:58:11,102Ah_35degC_1C_cell1,2022-05-01T18:39:41,2022-05-01T18:51:11,24,19.1692166666666,30.0,3.4185,3.5131,40.4
102Ah_35degC_1C_cell1|2761|2022-05-01T20:51:34|2022-05-01T21:48:34,102Ah_35degC_1C_cell1,2022-05-01T21:30:04,2022-05-01T21:41:34,24,19.16839999999992,30.0,3.4185,3.5131,40.4
102Ah_35degC_1C_cell1|2762|2022-05-01T23:41:59|2022-05-02T00:38:59,102Ah_35degC_1C_cell1,2022-05-02T00:20:29,2022-05-02T00:31:59,24,19.168641666666602,30.0,3.4185,3.5128,40.5
102Ah_35degC_1C_cell1|2924|2022-05-25T14:44:22|2022-05-25T15:40:52,102Ah_35degC_1C_cell1,2022-05-25T15:22:22,2022-05-25T15:33:52,24,19.167916666666606,30.0,3.4151,3.5032,42.1
102Ah_35degC_1C_cell1|2925|2022-05-25T17:33:53|2022-05-25T18:30:23,102Ah_35degC_1C_cell1,2022-05-25T18:11:53,2022-05-25T18:23:23,24,19.168499999999923,30.0,3.4148,3.5019,42.349999999999994
102Ah_35degC_1C_cell1|2926|2022-05-25T20:23:21|2022-05-25T21:19:51,102Ah_35degC_1C_cell1,2022-05-25T21:01:21,2022-05-25T21:12:51,24,19.167816666666596,30.0,3.4148,3.5022,42.2
102Ah_35degC_1C_cell1|2927|2022-05-25T23:12:51|2022-05-26T00:09:20,102Ah_35degC_1C_cell1,2022-05-25T23:50:50,2022-05-26T00:02:20,24,19.168383333333267,30.0,3.4142,3.5007,42.5
102Ah_35degC_1C_cell1|2928|2022-05-26T02:02:17|2022-05-26T02:58:47,102Ah_35degC_1C_cell1,2022-05-26T02:40:17,2022-05-26T02:51:47,24,19.168633333333283,30.0,3.4148,3.5019,42.45
102Ah_35degC_1C_cell1|3090|2022-06-19T18:10:54|2022-06-19T19:07:24,102Ah_35degC_1C_cell1,2022-06-19T18:48:24,2022-06-19T18:59:54,24,19.17360833333329,30.0,3.4188,3.5181,39.9
102Ah_35degC_1C_cell1|3091|2022-06-19T20:59:52|2022-06-19T21:56:22,102Ah_35degC_1C_cell1,2022-06-19T21:37:22,2022-06-19T21:48:52,24,19.170541666666622,30.0,3.4188,3.5171,39.9
102Ah_35degC_1C_cell1|3092|2022-06-19T23:48:49|2022-06-20T00:45:19,102Ah_35degC_1C_cell1,2022-06-20T00:26:19,2022-06-20T00:37:49,24,19.16766666666659,30.0,3.4188,3.5171,39.9
102Ah_35degC_1C_cell1|3093|2022-06-20T02:37:48|2022-06-20T03:34:18,102Ah_35degC_1C_cell1,2022-06-20T03:15:18,2022-06-20T03:26:48,24,19.16836666666662,30.0,3.4188,3.5177,39.849999999999994
102Ah_35degC_1C_cell1|3094|2022-06-20T05:26:45|2022-06-20T06:23:15,102Ah_35degC_1C_cell1,2022-06-20T06:04:15,2022-06-20T06:15:45,24,19.173458333333286,30.0,3.4188,3.5187,39.9
102Ah_35degC_1C_cell1|3256|2022-07-09T16:20:57|2022-07-09T17:17:27,102Ah_35degC_1C_cell1,2022-07-09T16:57:27,2022-07-09T17:08:57,24,19.168958333333265,30.0,3.4182,3.501,39.0
102Ah_35degC_1C_cell1|3257|2022-07-09T19:09:28|2022-07-09T20:05:58,102Ah_35degC_1C_cell1,2022-07-09T19:45:58,2022-07-09T19:57:28,24,19.168583333333288,30.0,3.4182,3.501,39.0
102Ah_35degC_1C_cell1|3258|2022-07-09T21:57:59|2022-07-09T22:54:29,102Ah_35degC_1C_cell1,2022-07-09T22:34:29,2022-07-09T22:45:59,24,19.167824999999937,30.0,3.4182,3.5007,39.0
102Ah_35degC_1C_cell1|3259|2022-07-10T00:46:30|2022-07-10T01:43:00,102Ah_35degC_1C_cell1,2022-07-10T01:23:00,2022-07-10T01:34:30,24,19.168224999999943,30.0,3.4182,3.501,39.0
102Ah_35degC_1C_cell1|3260|2022-07-10T03:35:01|2022-07-10T04:31:31,102Ah_35degC_1C_cell1,2022-07-10T04:11:31,2022-07-10T04:23:01,24,19.168083333333257,30.0,3.4182,3.501,39.0
102Ah_35degC_1C_cell1|3422|2022-07-29T03:13:57|2022-07-29T04:09:57,102Ah_35degC_1C_cell1,2022-07-29T03:50:27,2022-07-29T04:01:57,24,19.168799999999933,30.0,3.4176,3.5122,39.7
102Ah_35degC_1C_cell1|3423|2022-07-29T06:01:48|2022-07-29T06:57:48,102Ah_35degC_1C_cell1,2022-07-29T06:38:18,2022-07-29T06:49:48,24,19.170108333333268,30.0,3.4176,3.5122,39.7
102Ah_35degC_1C_cell1|3424|2022-07-29T08:49:38|2022-07-29T09:45:38,102Ah_35degC_1C_cell1,2022-07-29T09:26:08,2022-07-29T09:37:38,24,19.168074999999938,30.0,3.4176,3.5122,39.7
102Ah_35degC_1C_cell1|3425|2022-07-29T11:37:27|2022-07-29T12:33:27,102Ah_35degC_1C_cell1,2022-07-29T12:13:57,2022-07-29T12:25:27,24,19.16970833333327,30.0,3.4179,3.5131,39.6
102Ah_35degC_1C_cell1|3426|2022-07-29T14:25:19|2022-07-29T15:21:19,102Ah_35degC_1C_cell1,2022-07-29T15:01:49,2022-07-29T15:13:19,24,19.168533333333286,30.0,3.4179,3.5134,39.6
102Ah_35degC_1C_cell1|3589|2022-08-18T08:48:21|2022-08-18T09:44:21,102Ah_35degC_1C_cell1,2022-08-18T09:24:21,2022-08-18T09:35:51,24,19.16887499999997,30.0,3.4173,3.51,40.2
102Ah_35degC_1C_cell1|3590|2022-08-18T11:35:36|2022-08-18T12:31:35,102Ah_35degC_1C_cell1,2022-08-18T12:11:35,2022-08-18T12:23:05,24,19.168116666666606,30.0,3.4173,3.5103,40.1
102Ah_35degC_1C_cell1|3591|2022-08-18T14:22:50|2022-08-18T15:18:50,102Ah_35degC_1C_cell1,2022-08-18T14:58:50,2022-08-18T15:10:20,24,19.168083333333264,30.0,3.4173,3.5097,40.2
102Ah_35degC_1C_cell1|3592|2022-08-18T17:10:04|2022-08-18T18:06:04,102Ah_35degC_1C_cell1,2022-08-18T17:46:04,2022-08-18T17:57:34,24,19.16843333333329,30.0,3.4173,3.51,40.2
102Ah_35degC_1C_cell1|3593|2022-08-18T19:57:17|2022-08-18T20:53:17,102Ah_35degC_1C_cell1,2022-08-18T20:33:17,2022-08-18T20:44:47,24,19.167766666666616,30.0,3.4173,3.51,40.2
102Ah_35degC_1C_cell1|3755|2022-09-06T14:48:42|2022-09-06T15:44:12,102Ah_35degC_1C_cell1,2022-09-06T15:23:42,2022-09-06T15:35:42,25,19.999841666666576,30.0,3.4157,3.5097,39.9
102Ah_35degC_1C_cell1|3756|2022-09-06T17:35:18|2022-09-06T18:30:48,102Ah_35degC_1C_cell1,2022-09-06T18:10:18,2022-09-06T18:22:18,25,19.99949999999992,30.0,3.4151,3.5097,39.9
102Ah_35degC_1C_cell1|3757|2022-09-06T20:21:53|2022-09-06T21:17:23,102Ah_35degC_1C_cell1,2022-09-06T20:57:23,2022-09-06T21:08:53,24,19.16706666666657,30.0,3.417,3.51,39.849999999999994
102Ah_35degC_1C_cell1|3758|2022-09-06T23:08:28|2022-09-07T00:03:58,102Ah_35degC_1C_cell1,2022-09-06T23:43:58,2022-09-06T23:55:28,24,19.16746666666659,30.0,3.4167,3.51,39.849999999999994
102Ah_35degC_1C_cell1|3759|2022-09-07T01:55:02|2022-09-07T02:50:32,102Ah_35degC_1C_cell1,2022-09-07T02:30:32,2022-09-07T02:42:02,24,19.16815833333326,30.0,3.4167,3.51,39.9
102Ah_35degC_1C_cell1|3921|2022-09-28T02:46:12|2022-09-28T03:41:42,102Ah_35degC_1C_cell1,2022-09-28T03:21:12,2022-09-28T03:32:42,24,19.167266666666578,30.0,3.4164,3.5106,42.05
102Ah_35degC_1C_cell1|3922|2022-09-28T05:32:00|2022-09-28T06:27:30,102Ah_35degC_1C_cell1,2022-09-28T06:07:00,2022-09-28T06:18:30,24,19.16716666666661,30.0,3.4164,3.5106,42.05
102Ah_35degC_1C_cell1|3923|2022-09-28T08:17:47|2022-09-28T09:13:17,102Ah_35degC_1C_cell1,2022-09-28T08:52:47,2022-09-28T09:04:17,24,19.167616666666596,30.0,3.4164,3.5109,42.0
102Ah_35degC_1C_cell1|3924|2022-09-28T11:03:34|2022-09-28T11:58:34,102Ah_35degC_1C_cell1,2022-09-28T11:38:04,2022-09-28T11:50:04,25,19.999691666666592,30.0,3.4145,3.51,42.2
102Ah_35degC_1C_cell1|3925|2022-09-28T13:49:20|2022-09-28T14:44:19,102Ah_35degC_1C_cell1,2022-09-28T14:24:19,2022-09-28T14:35:49,24,19.167166666666596,30.0,3.4161,3.51,42.4
102Ah_35degC_1C_cell1|4013|2022-10-18T02:41:45|2022-10-18T03:36:45,102Ah_35degC_1C_cell1,2022-10-18T03:15:45,2022-10-18T03:27:45,25,19.999491666666593,30.0,3.4139,3.5035,42.5
102Ah_35degC_1C_cell1|4014|2022-10-18T05:26:54|2022-10-18T06:21:54,102Ah_35degC_1C_cell1,2022-10-18T06:00:54,2022-10-18T06:12:54,25,19.99959166666661,30.0,3.4136,3.5032,42.5
102Ah_35degC_1C_cell1|4015|2022-10-18T08:12:02|2022-10-18T09:07:02,102Ah_35degC_1C_cell1,2022-10-18T08:46:32,2022-10-18T08:58:02,24,19.166866666666607,30.0,3.4151,3.5035,42.4
102Ah_35degC_1C_cell1|4016|2022-10-18T10:57:11|2022-10-18T11:52:11,102Ah_35degC_1C_cell1,2022-10-18T11:31:41,2022-10-18T11:43:11,24,19.16691666666661,30.0,3.4148,3.5038,42.6
102Ah_35degC_1C_cell1|4017|2022-10-18T13:42:18|2022-10-18T14:37:18,102Ah_35degC_1C_cell1,2022-10-18T14:16:18,2022-10-18T14:28:18,25,19.999124999999935,30.0,3.4139,3.5038,
102Ah_35degC_1C_cell1|4751|2023-01-13T06:15:43|2023-01-13T07:09:13,102Ah_35degC_1C_cell1,2023-01-13T06:47:13,2023-01-13T06:58:43,24,19.167916666666628,30.0,3.4148,3.5041,42.3
102Ah_35degC_1C_cell1|4752|2023-01-13T08:56:49|2023-01-13T09:50:19,102Ah_35degC_1C_cell1,2023-01-13T09:28:19,2023-01-13T09:39:49,24,19.16827499999996,30.0,3.4151,3.5044,42.1
102Ah_35degC_1C_cell1|4753|2023-01-13T11:37:55|2023-01-13T12:31:25,102Ah_35degC_1C_cell1,2023-01-13T12:08:55,2023-01-13T12:20:55,25,19.99924166666664,30.0,3.4136,3.5041,42.4
102Ah_35degC_1C_cell1|4754|2023-01-13T14:19:00|2023-01-13T15:12:30,102Ah_35degC_1C_cell1,2023-01-13T14:50:00,2023-01-13T15:02:00,25,19.999549999999957,30.0,3.4136,3.5041,42.4
102Ah_35degC_1C_cell1|4755|2023-01-13T17:00:04|2023-01-13T17:53:34,102Ah_35degC_1C_cell1,2023-01-13T17:31:04,2023-01-13T17:43:04,25,19.998341666666626,30.0,3.4136,3.5041,42.4
102Ah_35degC_1C_cell1|4879|2023-02-05T20:19:31|2023-02-05T21:12:31,102Ah_35degC_1C_cell1,2023-02-05T20:50:31,2023-02-05T21:02:01,24,19.167816666666624,30.0,3.4164,3.5112,41.4
102Ah_35degC_1C_cell1|4880|2023-02-05T22:59:37|2023-02-05T23:52:37,102Ah_35degC_1C_cell1,2023-02-05T23:30:37,2023-02-05T23:42:07,24,19.16838333333329,30.0,3.4164,3.5115,41.45
102Ah_35degC_1C_cell1|4881|2023-02-06T01:39:43|2023-02-06T02:32:43,102Ah_35degC_1C_cell1,2023-02-06T02:10:43,2023-02-06T02:22:13,24,19.168766666666627,30.0,3.4164,3.5115,41.5
102Ah_35degC_1C_cell1|4882|2023-02-06T04:19:48|2023-02-06T05:12:48,102Ah_35degC_1C_cell1,2023-02-06T04:50:48,2023-02-06T05:02:18,24,19.16701666666664,30.0,3.4164,3.5112,41.55
102Ah_35degC_1C_cell1|4883|2023-02-06T06:59:51|2023-02-06T07:52:50,102Ah_35degC_1C_cell1,2023-02-06T07:30:20,2023-02-06T07:42:20,25,19.999649999999967,30.0,3.4148,3.5115,41.4
102Ah_45degC_0p5C_cell3|2|2021-04-29T00:38:16|2021-04-29T02:44:45,102Ah_45degC_0p5C_cell3,2021-04-29T02:20:45,2021-04-29T02:44:15,48,19.58685833333334,30.0,3.39,3.6216,47.5
102Ah_45degC_0p5C_cell3|4|2021-04-29T11:03:55|2021-04-29T13:10:25,102Ah_45degC_0p5C_cell3,2021-04-29T12:45:55,2021-04-29T13:09:25,48,19.58685833333334,30.0,3.3888,3.5286,47.9
102Ah_45degC_0p5C_cell3|5|2021-04-29T16:16:16|2021-04-29T18:22:17,102Ah_45degC_0p5C_cell3,2021-04-29T17:58:16,2021-04-29T18:21:47,48,19.600749722222233,30.0,3.3888,3.5962,47.4
102Ah_45degC_0p5C_cell3|7|2021-04-30T02:40:07|2021-04-30T04:46:07,102Ah_45degC_0p5C_cell3,2021-04-30T04:21:37,2021-04-30T04:45:07,48,19.587125000000015,30.0,3.3882,3.5311,47.9
102Ah_45degC_0p5C_cell3|8|2021-04-30T07:51:36|2021-04-30T09:57:07,102Ah_45degC_0p5C_cell3,2021-04-30T09:33:07,2021-04-30T09:56:37,48,19.586650000000034,30.0,3.3885,3.5856,47.2
102Ah_45degC_0p5C_cell3|9|2021-05-04T15:41:05|2021-05-04T17:46:35,102Ah_45degC_0p5C_cell3,2021-05-04T17:22:05,2021-05-04T17:45:35,48,19.58652500000005,30.0,3.3882,3.5587,48.7
102Ah_45degC_0p5C_cell3|10|2021-05-04T20:51:33|2021-05-04T22:57:02,102Ah_45degC_0p5C_cell3,2021-05-04T22:32:32,2021-05-04T22:56:02,48,19.58648333333339,30.0,3.3875,3.5825,47.75
102Ah_45degC_0p5C_cell3|11|2021-05-05T02:01:56|2021-05-05T04:06:56,102Ah_45degC_0p5C_cell3,2021-05-05T03:42:56,2021-05-05T04:06:26,48,19.58565000000017,30.0,3.3878,3.6321,47.3
102Ah_45degC_0p5C_cell3|213|2021-07-02T21:15:41|2021-07-02T23:15:53,102Ah_45degC_0p5C_cell3,2021-07-02T22:49:41,2021-07-02T23:13:41,49,19.998400000000174,30.0,3.3854,3.5047,46.8
102Ah_45degC_0p5C_cell3|214|2021-07-03T02:14:57|2021-07-03T04:14:57,102Ah_45degC_0p5C_cell3,2021-07-03T03:48:57,2021-07-03T04:12:57,49,19.997524999999996,30.0,3.3854,3.506,48.7
102Ah_45degC_0p5C_cell3|215|2021-07-03T07:14:10|2021-07-03T09:14:12,102Ah_45degC_0p5C_cell3,2021-07-03T08:48:40,2021-07-03T09:12:12,48,19.610408888889083,30.0,3.3857,3.5081,48.8
102Ah_45degC_0p5C_cell3|216|2021-07-03T12:13:23|2021-07-03T14:13:23,102Ah_45degC_0p5C_cell3,2021-07-03T13:47:23,2021-07-03T14:11:23,49,19.998533333333512,30.0,3.3857,3.5112,46.8
102Ah_45degC_0p5C_cell3|217|2021-07-03T17:12:33|2021-07-03T19:12:33,102Ah_45degC_0p5C_cell3,2021-07-03T18:46:33,2021-07-03T19:10:33,49,19.998316666666824,30.0,3.3857,3.5115,48.8
102Ah_45degC_0p5C_cell3|346|2021-07-31T04:02:20|2021-07-31T06:01:15,102Ah_45degC_0p5C_cell3,2021-07-31T05:34:50,2021-07-31T05:58:50,49,19.996399999999767,30.0,3.3847,3.5001,47.9
102Ah_45degC_0p5C_cell3|347|2021-07-31T08:58:56|2021-07-31T10:57:27,102Ah_45degC_0p5C_cell3,2021-07-31T10:31:27,2021-07-31T10:55:27,49,19.996858333333194,30.0,3.3847,3.5013,48.3
102Ah_45degC_0p5C_cell3|348|2021-07-31T13:55:33|2021-07-31T15:54:02,102Ah_45degC_0p5C_cell3,2021-07-31T15:28:02,2021-07-31T15:52:02,49,19.997024999999894,30.0,3.3847,3.5019,46.8
102Ah_45degC_0p5C_cell3|349|2021-07-31T18:52:08|2021-07-31T20:50:37,102Ah_45degC_0p5C_cell3,2021-07-31T20:24:37,2021-07-31T20:48:37,49,19.996399999999767,30.0,3.3847,3.5035,48.1
102Ah_45degC_0p5C_cell3|350|2021-07-31T23:48:41|2021-08-01T01:47:11,102Ah_45degC_0p5C_cell3,2021-08-01T01:21:11,2021-08-01T01:45:11,49,19.996733333333168,30.0,3.3847,3.5041,48.7
102Ah_45degC_0p5C_cell3|479|2021-08-27T12:04:34|2021-08-27T14:02:04,102Ah_45degC_0p5C_cell3,2021-08-27T13:36:04,2021-08-27T14:00:04,49,19.99689999999987,30.0,3.3844,3.5249,46.5
102Ah_45degC_0p5C_cell3|480|2021-08-27T16:59:02|2021-08-27T18:56:33,102Ah_45degC_0p5C_cell3,2021-08-27T18:30:33,2021-08-27T18:54:33,49,19.996399999999767,30.0,3.3844,3.5252,47.8
102Ah_45degC_0p5C_cell3|481|2021-08-27T21:53:29|2021-08-27T23:51:21,102Ah_45degC_0p5C_cell3,2021-08-27T23:24:59,2021-08-27T23:48:59,49,19.99748333333332,30.0,3.3844,3.5261,48.1
102Ah_45degC_0p5C_cell3|482|2021-08-28T02:47:55|2021-08-28T04:45:25,102Ah_45degC_0p5C_cell3,2021-08-28T04:19:25,2021-08-28T04:43:25,49,19.99723333333327,30.0,3.3844,3.5286,46.6
102Ah_45degC_0p5C_cell3|483|2021-08-28T07:42:19|2021-08-28T09:39:50,102Ah_45degC_0p5C_cell3,2021-08-28T09:13:50,2021-08-28T09:37:50,49,19.996399999999767,30.0,3.3844,3.5301,47.9
102Ah_45degC_0p5C_cell3|616|2021-09-26T00:51:29|2021-09-26T02:48:27,102Ah_45degC_0p5C_cell3,2021-09-26T02:22:29,2021-09-26T02:45:59,48,19.586275000000086,30.0,3.3857,3.5323,46.55
102Ah_45degC_0p5C_cell3|617|2021-09-26T05:44:02|2021-09-26T07:41:00,102Ah_45degC_0p5C_cell3,2021-09-26T07:15:02,2021-09-26T07:38:32,48,19.584941666666936,30.0,3.3857,3.5339,47.849999999999994
102Ah_45degC_0p5C_cell3|618|2021-09-26T10:36:35|2021-09-26T12:33:05,102Ah_45degC_0p5C_cell3,2021-09-26T12:07:35,2021-09-26T12:31:05,48,19.586691666666695,30.0,3.386,3.5351,47.4
102Ah_45degC_0p5C_cell3|619|2021-09-26T15:29:06|2021-09-26T17:26:03,102Ah_45degC_0p5C_cell3,2021-09-26T17:00:06,2021-09-26T17:23:36,48,19.585775000000154,30.0,3.3857,3.5373,46.9
102Ah_45degC_0p5C_cell3|620|2021-09-26T20:21:37|2021-09-26T22:18:34,102Ah_45degC_0p5C_cell3,2021-09-26T21:52:37,2021-09-26T22:16:07,48,19.58648333333339,30.0,3.386,3.5379,48.150000000000006
102Ah_45degC_0p5C_cell3|750|2021-10-31T09:10:25|2021-10-31T11:06:28,102Ah_45degC_0p5C_cell3,2021-10-31T10:39:55,2021-10-31T11:03:55,49,19.997941666666748,30.0,3.3844,3.5342,46.5
102Ah_45degC_0p5C_cell3|751|2021-10-31T14:01:04|2021-10-31T15:57:05,102Ah_45degC_0p5C_cell3,2021-10-31T15:30:34,2021-10-31T15:54:34,49,19.996299999999763,30.0,3.3844,3.5357,47.2
102Ah_45degC_0p5C_cell3|752|2021-10-31T18:51:42|2021-10-31T20:47:41,102Ah_45degC_0p5C_cell3,2021-10-31T20:21:11,2021-10-31T20:45:11,49,19.996858333333194,30.0,3.3841,3.5373,47.4
102Ah_45degC_0p5C_cell3|753|2021-10-31T23:42:18|2021-11-01T01:38:18,102Ah_45degC_0p5C_cell3,2021-11-01T01:11:48,2021-11-01T01:35:48,49,19.996774999999843,30.0,3.3841,3.5379,46.4
102Ah_45degC_0p5C_cell3|754|2021-11-01T04:32:54|2021-11-01T06:28:54,102Ah_45degC_0p5C_cell3,2021-11-01T06:02:24,2021-11-01T06:26:24,49,19.996333333333098,30.0,3.3841,3.5394,47.3
102Ah_45degC_0p5C_cell3|884|2021-11-27T09:04:38|2021-11-27T10:59:50,102Ah_45degC_0p5C_cell3,2021-11-27T10:33:08,2021-11-27T10:57:08,49,19.999000000000194,30.0,3.3844,3.5233,47.2
102Ah_45degC_0p5C_cell3|885|2021-11-27T13:53:32|2021-11-27T15:48:32,102Ah_45degC_0p5C_cell3,2021-11-27T15:22:32,2021-11-27T15:46:02,48,19.584900000000275,30.0,3.3847,3.5239,47.45
102Ah_45degC_0p5C_cell3|886|2021-11-27T18:42:25|2021-11-27T20:37:35,102Ah_45degC_0p5C_cell3,2021-11-27T20:11:25,2021-11-27T20:34:55,48,19.584833333333606,30.0,3.3847,3.5246,46.5
102Ah_45degC_0p5C_cell3|887|2021-11-27T23:31:16|2021-11-28T01:26:17,102Ah_45degC_0p5C_cell3,2021-11-28T01:00:17,2021-11-28T01:23:47,48,19.583500000000228,30.0,3.3847,3.5258,47.7
102Ah_45degC_0p5C_cell3|888|2021-11-28T04:20:08|2021-11-28T06:15:08,102Ah_45degC_0p5C_cell3,2021-11-28T05:49:08,2021-11-28T06:12:38,48,19.584941666666936,30.0,3.3847,3.527,46.9
102Ah_45degC_0p5C_cell3|1019|2022-01-20T12:54:31|2022-01-20T14:48:01,102Ah_45degC_0p5C_cell3,2022-01-20T14:23:01,2022-01-20T14:46:31,48,19.586191666666764,30.0,3.3851,3.5649,47.2
102Ah_45degC_0p5C_cell3|1020|2022-01-20T18:56:24|2022-01-20T20:50:24,102Ah_45degC_0p5C_cell3,2022-01-20T20:24:24,2022-01-20T20:47:54,48,19.58685833333334,30.0,3.3851,3.5016,46.3
102Ah_45degC_0p5C_cell3|1021|2022-01-20T23:43:53|2022-01-21T01:38:25,102Ah_45degC_0p5C_cell3,2022-01-21T01:11:55,2022-01-21T01:35:25,48,19.585441666666867,30.0,3.3851,3.5004,47.4
102Ah_45degC_0p5C_cell3|1022|2022-01-21T04:31:27|2022-01-21T06:25:58,102Ah_45degC_0p5C_cell3,2022-01-21T05:59:57,2022-01-21T06:23:27,48,19.58685833333334,30.0,3.3844,3.563,47.3
102Ah_45degC_0p5C_cell3|1023|2022-01-21T09:18:57|2022-01-21T11:13:27,102Ah_45degC_0p5C_cell3,2022-01-21T10:47:27,2022-01-21T11:10:57,48,19.58685833333334,30.0,3.3847,3.5677,47.6
102Ah_45degC_0p5C_cell3|1164|2022-03-08T01:18:56|2022-03-08T03:12:18,102Ah_45degC_0p5C_cell3,2022-03-08T02:45:55,2022-03-08T03:09:25,48,19.58450000000026,30.0,3.3841,3.5143,46.5
102Ah_45degC_0p5C_cell3|1165|2022-03-08T06:04:07|2022-03-08T07:57:07,102Ah_45degC_0p5C_cell3,2022-03-08T07:31:07,2022-03-08T07:54:37,48,19.584166666666917,30.0,3.3838,3.5153,46.3
102Ah_45degC_0p5C_cell3|1166|2022-03-08T10:49:19|2022-03-08T12:42:40,102Ah_45degC_0p5C_cell3,2022-03-08T12:16:19,2022-03-08T12:39:49,48,19.58403333333358,30.0,3.3841,3.5168,46.3
102Ah_45degC_0p5C_cell3|1167|2022-03-08T15:34:29|2022-03-08T17:27:29,102Ah_45degC_0p5C_cell3,2022-03-08T17:01:29,2022-03-08T17:24:59,48,19.58336666666689,30.0,3.3841,3.5174,46.3
102Ah_45degC_0p5C_cell3|1168|2022-03-08T20:19:39|2022-03-08T22:13:00,102Ah_45degC_0p5C_cell3,2022-03-08T21:46:08,2022-03-08T22:10:08,49,19.99933333333354,30.0,3.3841,3.5196,46.3
102Ah_45degC_0p5C_cell3|1310|2022-04-05T22:16:07|2022-04-06T00:08:32,102Ah_45degC_0p5C_cell3,2022-04-05T23:42:07,2022-04-06T00:05:38,48,19.600041388888997,30.0,3.3841,3.5165,46.4
102Ah_45degC_0p5C_cell3|1311|2022-04-06T02:59:23|2022-04-06T04:51:46,102Ah_45degC_0p5C_cell3,2022-04-06T04:25:22,2022-04-06T04:48:52,48,19.586108333333442,30.0,3.3841,3.5168,46.45
102Ah_45degC_0p5C_cell3|1312|2022-04-06T07:42:36|2022-04-06T09:34:38,102Ah_45degC_0p5C_cell3,2022-04-06T09:08:38,2022-04-06T09:32:08,48,19.585233333333562,30.0,3.3841,3.5177,46.4
102Ah_45degC_0p5C_cell3|1313|2022-04-06T12:25:51|2022-04-06T14:18:14,102Ah_45degC_0p5C_cell3,2022-04-06T13:51:51,2022-04-06T14:15:21,48,19.584900000000275,30.0,3.3838,3.519,46.4
102Ah_45degC_0p5C_cell3|1314|2022-04-06T17:09:02|2022-04-06T19:01:02,102Ah_45degC_0p5C_cell3,2022-04-06T18:35:02,2022-04-06T18:58:32,48,19.584900000000275,30.0,3.3838,3.5122,46.4
102Ah_45degC_0p5C_cell3|1449|2022-05-10T18:50:05|2022-05-10T19:47:35,102Ah_45degC_0p5C_cell3,2022-05-10T19:21:05,2022-05-10T19:44:35,48,19.587891666666703,30.0,3.3841,3.5088,46.5
102Ah_45degC_0p5C_cell3|1455|2022-05-10T22:37:28|2022-05-11T00:28:45,102Ah_45degC_0p5C_cell3,2022-05-11T00:02:29,2022-05-11T00:25:59,48,19.586925000000008,30.0,3.3826,3.5243,47.3
102Ah_45degC_0p5C_cell3|1456|2022-05-11T03:18:32|2022-05-11T05:09:52,102Ah_45degC_0p5C_cell3,2022-05-11T04:43:32,2022-05-11T05:07:02,48,19.58685833333334,30.0,3.3829,3.5221,47.2
102Ah_45degC_0p5C_cell3|1457|2022-05-11T07:59:39|2022-05-11T09:51:01,102Ah_45degC_0p5C_cell3,2022-05-11T09:24:40,2022-05-11T09:48:10,48,19.58829166666672,30.0,3.3829,3.5221,47.2
102Ah_45degC_0p5C_cell3|1601|2022-06-14T01:08:45|2022-06-14T02:59:02,102Ah_45degC_0p5C_cell3,2022-06-14T02:32:15,2022-06-14T02:56:15,49,19.998400000000174,30.0,3.382,3.536,46.7
102Ah_45degC_0p5C_cell3|1602|2022-06-14T05:47:45|2022-06-14T07:38:02,102Ah_45degC_0p5C_cell3,2022-06-14T07:11:15,2022-06-14T07:35:15,49,19.998933333333525,30.0,3.3823,3.537,46.7
102Ah_45degC_0p5C_cell3|1603|2022-06-14T10:26:46|2022-06-14T12:16:46,102Ah_45degC_0p5C_cell3,2022-06-14T11:50:16,2022-06-14T12:14:16,49,19.998933333333525,30.0,3.382,3.5379,46.7
102Ah_45degC_0p5C_cell3|1604|2022-06-14T15:05:45|2022-06-14T16:55:45,102Ah_45degC_0p5C_cell3,2022-06-14T16:29:15,2022-06-14T16:53:15,49,19.99926666666687,30.0,3.3823,3.5385,46.7
102Ah_45degC_0p5C_cell3|1605|2022-06-14T19:44:44|2022-06-14T21:35:00,102Ah_45degC_0p5C_cell3,2022-06-14T21:08:43,2022-06-14T21:32:13,48,19.58515000000024,30.0,3.3826,3.5401,46.75
102Ah_45degC_0p5C_cell3|1735|2022-07-10T23:45:11|2022-07-11T01:34:11,102Ah_45degC_0p5C_cell3,2022-07-11T01:07:41,2022-07-11T01:31:41,49,19.99860000000018,30.0,3.382,3.5298,46.5
102Ah_45degC_0p5C_cell3|1736|2022-07-11T04:22:21|2022-07-11T06:11:21,102Ah_45degC_0p5C_cell3,2022-07-11T05:44:51,2022-07-11T06:08:51,49,19.998400000000174,30.0,3.382,3.5305,46.5
102Ah_45degC_0p5C_cell3|1737|2022-07-11T08:59:31|2022-07-11T10:48:55,102Ah_45degC_0p5C_cell3,2022-07-11T10:22:02,2022-07-11T10:46:02,49,19.998400000000174,30.0,3.3816,3.5314,46.4
102Ah_45degC_0p5C_cell3|1738|2022-07-11T13:36:40|2022-07-11T15:26:02,102Ah_45degC_0p5C_cell3,2022-07-11T14:59:10,2022-07-11T15:23:10,49,19.998800000000188,30.0,3.382,3.5329,46.4
102Ah_45degC_0p5C_cell3|1739|2022-07-11T18:13:49|2022-07-11T20:02:49,102Ah_45degC_0p5C_cell3,2022-07-11T19:36:19,2022-07-11T20:00:19,49,19.998400000000174,30.0,3.382,3.5332,46.5
102Ah_45degC_0p5C_cell3|1868|2022-08-05T14:14:24|2022-08-05T16:02:24,102Ah_45degC_0p5C_cell3,2022-08-05T15:36:24,2022-08-05T15:59:54,48,19.58640000000007,30.0,3.3823,3.5224,46.8
102Ah_45degC_0p5C_cell3|1869|2022-08-05T18:49:41|2022-08-05T20:37:41,102Ah_45degC_0p5C_cell3,2022-08-05T20:11:41,2022-08-05T20:35:11,48,19.585358333333545,30.0,3.382,3.5227,46.9
102Ah_45degC_0p5C_cell3|1870|2022-08-05T23:24:57|2022-08-06T01:13:23,102Ah_45degC_0p5C_cell3,2022-08-06T00:46:57,2022-08-06T01:10:27,48,19.58450000000026,30.0,3.382,3.5246,46.8
102Ah_45degC_0p5C_cell3|1871|2022-08-06T04:00:12|2022-08-06T05:48:12,102Ah_45degC_0p5C_cell3,2022-08-06T05:22:12,2022-08-06T05:45:42,48,19.58390000000024,30.0,3.382,3.5249,46.8
102Ah_45degC_0p5C_cell3|1872|2022-08-06T08:35:27|2022-08-06T10:23:28,102Ah_45degC_0p5C_cell3,2022-08-06T09:57:28,2022-08-06T10:20:58,48,19.584233333333586,30.0,3.382,3.5261,46.7
102Ah_45degC_0p5C_cell3|2001|2022-08-31T10:09:06|2022-08-31T11:56:06,102Ah_45degC_0p5C_cell3,2022-08-31T11:30:06,2022-08-31T11:53:36,48,19.584766666666937,30.0,3.3816,3.5236,46.6
102Ah_45degC_0p5C_cell3|2002|2022-08-31T14:42:26|2022-08-31T16:29:54,102Ah_45degC_0p5C_cell3,2022-08-31T16:02:55,2022-08-31T16:26:55,49,19.99993333333356,30.0,3.381,3.5239,46.7
102Ah_45degC_0p5C_cell3|2003|2022-08-31T19:15:45|2022-08-31T21:02:45,102Ah_45degC_0p5C_cell3,2022-08-31T20:36:15,2022-08-31T21:00:15,49,19.99866666666685,30.0,3.381,3.5246,46.9
102Ah_45degC_0p5C_cell3|2004|2022-08-31T23:49:04|2022-09-01T01:36:32,102Ah_45degC_0p5C_cell3,2022-09-01T01:09:34,2022-09-01T01:33:34,49,19.998400000000174,30.0,3.3807,3.5249,46.9
102Ah_45degC_0p5C_cell3|2005|2022-09-01T04:22:21|2022-09-01T06:09:48,102Ah_45degC_0p5C_cell3,2022-09-01T05:42:51,2022-09-01T06:06:51,49,19.997983333333423,30.0,3.381,3.5261,46.9
102Ah_45degC_0p5C_cell3|2134|2022-09-25T18:39:23|2022-09-25T20:25:23,102Ah_45degC_0p5C_cell3,2022-09-25T19:58:53,2022-09-25T20:22:53,49,19.998533333333512,30.0,3.3807,3.5246,46.7
102Ah_45degC_0p5C_cell3|2135|2022-09-25T23:10:42|2022-09-26T00:57:11,102Ah_45degC_0p5C_cell3,2022-09-26T00:30:13,2022-09-26T00:54:13,49,19.998933333333525,30.0,3.381,3.5267,46.7
102Ah_45degC_0p5C_cell3|2136|2022-09-26T03:42:02|2022-09-26T05:28:02,102Ah_45degC_0p5C_cell3,2022-09-26T05:02:02,2022-09-26T05:25:32,48,19.58595833333345,30.0,3.3816,3.5283,46.6
102Ah_45degC_0p5C_cell3|2137|2022-09-26T08:13:20|2022-09-26T09:59:21,102Ah_45degC_0p5C_cell3,2022-09-26T09:33:21,2022-09-26T09:56:51,48,19.58506666666692,30.0,3.3816,3.5289,46.7
102Ah_45degC_0p5C_cell3|2138|2022-09-26T12:44:38|2022-09-26T14:31:05,102Ah_45degC_0p5C_cell3,2022-09-26T14:04:38,2022-09-26T14:28:08,48,19.584900000000275,30.0,3.3813,3.5277,47.0
102Ah_45degC_0p5C_cell3|2268|2022-10-30T02:22:05|2022-10-30T04:07:33,102Ah_45degC_0p5C_cell3,2022-10-30T03:41:05,2022-10-30T04:04:35,48,19.58685833333334,30.0,3.3813,3.5354,46.5
102Ah_45degC_0p5C_cell3|2269|2022-10-30T06:51:19|2022-10-30T08:36:47,102Ah_45degC_0p5C_cell3,2022-10-30T08:10:19,2022-10-30T08:33:49,48,19.58685833333334,30.0,3.3813,3.5367,46.5
102Ah_45degC_0p5C_cell3|2270|2022-10-30T11:20:34|2022-10-30T13:06:01,102Ah_45degC_0p5C_cell3,2022-10-30T12:39:34,2022-10-30T13:03:04,48,19.58606666666678,30.0,3.381,3.5373,46.5
102Ah_45degC_0p5C_cell3|2271|2022-10-30T15:49:47|2022-10-30T17:35:13,102Ah_45degC_0p5C_cell3,2022-10-30T17:08:47,2022-10-30T17:32:17,48,19.584900000000275,30.0,3.381,3.5379,46.5
102Ah_45degC_0p5C_cell3|2272|2022-10-30T20:18:59|2022-10-30T22:03:59,102Ah_45degC_0p5C_cell3,2022-10-30T21:37:59,2022-10-30T22:01:29,48,19.584900000000275,30.0,3.381,3.5391,46.5
102Ah_45degC_0p5C_cell3|2401|2022-11-27T08:07:09|2022-11-27T09:51:31,102Ah_45degC_0p5C_cell3,2022-11-27T09:25:10,2022-11-27T09:48:40,48,19.586775000000017,30.0,3.3804,3.5491,45.7
102Ah_45degC_0p5C_cell3|2402|2022-11-27T12:34:12|2022-11-27T14:18:33,102Ah_45degC_0p5C_cell3,2022-11-27T13:52:12,2022-11-27T14:15:42,48,19.585316666666884,30.0,3.3804,3.5512,45.5
102Ah_45degC_0p5C_cell3|2403|2022-11-27T17:01:13|2022-11-27T18:45:14,102Ah_45degC_0p5C_cell3,2022-11-27T18:19:14,2022-11-27T18:42:44,48,19.585025000000257,30.0,3.3801,3.5518,45.5
102Ah_45degC_0p5C_cell3|2404|2022-11-27T21:28:14|2022-11-27T23:12:33,102Ah_45degC_0p5C_cell3,2022-11-27T22:46:14,2022-11-27T23:09:44,48,19.584900000000275,30.0,3.3801,3.5531,45.5
102Ah_45degC_0p5C_cell3|2405|2022-11-28T01:55:13|2022-11-28T03:39:31,102Ah_45degC_0p5C_cell3,2022-11-28T03:13:12,2022-11-28T03:36:42,48,19.58552500000019,30.0,3.3801,3.5543,45.5
102Ah_45degC_0p5C_cell3|2534|2022-12-21T21:50:55|2022-12-21T23:34:07,102Ah_45degC_0p5C_cell3,2022-12-21T23:07:25,2022-12-21T23:30:55,48,19.584900000000268,30.0,3.3776,3.5066,45.9
102Ah_45degC_0p5C_cell3|2535|2022-12-22T02:15:40|2022-12-22T03:58:51,102Ah_45degC_0p5C_cell3,2022-12-22T03:31:40,2022-12-22T03:55:40,49,19.999600000000207,30.0,3.3764,3.5072,45.8
102Ah_45degC_0p5C_cell3|2536|2022-12-22T06:40:23|2022-12-22T08:23:23,102Ah_45degC_0p5C_cell3,2022-12-22T07:56:23,2022-12-22T08:20:23,49,19.999600000000207,30.0,3.3761,3.5081,45.8
102Ah_45degC_0p5C_cell3|2537|2022-12-22T11:05:06|2022-12-22T12:48:16,102Ah_45degC_0p5C_cell3,2022-12-22T12:21:36,2022-12-22T12:45:06,48,19.584766666666937,30.0,3.3776,3.5094,45.8
102Ah_45degC_0p5C_cell3|2538|2022-12-22T15:29:47|2022-12-22T17:12:47,102Ah_45degC_0p5C_cell3,2022-12-22T16:46:17,2022-12-22T17:09:47,48,19.58450000000026,30.0,3.3776,3.5112,45.6
102Ah_45degC_0p5C_cell3|2667|2023-01-15T08:04:35|2023-01-15T09:46:33,102Ah_45degC_0p5C_cell3,2023-01-15T09:19:36,2023-01-15T09:43:36,49,19.998400000000146,30.0,3.3751,3.541,45.5
102Ah_45degC_0p5C_cell3|2668|2023-01-15T12:26:48|2023-01-15T14:08:44,102Ah_45degC_0p5C_cell3,2023-01-15T13:41:48,2023-01-15T14:05:48,49,19.998466666666815,30.0,3.3754,3.5429,45.5
102Ah_45degC_0p5C_cell3|2669|2023-01-15T16:48:59|2023-01-15T18:30:55,102Ah_45degC_0p5C_cell3,2023-01-15T18:04:30,2023-01-15T18:28:00,48,19.584633333333578,30.0,3.3767,3.5441,45.6
102Ah_45degC_0p5C_cell3|2670|2023-01-15T21:11:10|2023-01-15T22:52:39,102Ah_45degC_0p5C_cell3,2023-01-15T22:26:09,2023-01-15T22:50:09,49,19.998400000000153,30.0,3.3754,3.546,45.5
102Ah_45degC_0p5C_cell3|2671|2023-01-16T01:33:19|2023-01-16T03:15:13,102Ah_45degC_0p5C_cell3,2023-01-16T02:48:19,2023-01-16T03:12:19,49,19.998400000000146,30.0,3.3754,3.5472,45.5
102Ah_45degC_0p5C_cell3|2801|2023-02-18T10:04:30|2023-02-18T11:44:30,102Ah_45degC_0p5C_cell3,2023-02-18T11:17:30,2023-02-18T11:41:30,49,19.998400000000117,30.0,3.3727,3.5001,45.8
102Ah_45degC_0p5C_cell3|2802|2023-02-18T14:23:38|2023-02-18T16:03:38,102Ah_45degC_0p5C_cell3,2023-02-18T15:36:38,2023-02-18T16:00:38,49,19.99933333333348,30.0,3.373,3.5013,45.7
102Ah_45degC_0p5C_cell3|2803|2023-02-18T18:42:45|2023-02-18T20:23:11,102Ah_45degC_0p5C_cell3,2023-02-18T19:56:15,2023-02-18T20:19:45,48,19.583633333333516,30.0,3.3739,3.5022,45.7
102Ah_45degC_0p5C_cell3|2804|2023-02-18T23:01:50|2023-02-19T00:41:51,102Ah_45degC_0p5C_cell3,2023-02-19T00:14:51,2023-02-19T00:38:51,49,19.998533333333455,30.0,3.373,3.5035,45.7
102Ah_45degC_0p5C_cell3|2805|2023-02-19T03:20:55|2023-02-19T05:00:54,102Ah_45degC_0p5C_cell3,2023-02-19T04:33:54,2023-02-19T04:57:54,49,19.998400000000117,30.0,3.373,3.5044,45.7
102Ah_45degC_0p5C_cell3|2935|2023-03-28T08:41:39|2023-03-28T10:19:40,102Ah_45degC_0p5C_cell3,2023-03-28T09:52:40,2023-03-28T10:16:40,49,19.998400000000096,30.0,3.3705,3.5109,45.7
102Ah_45degC_0p5C_cell3|2936|2023-03-28T12:56:45|2023-03-28T14:35:15,102Ah_45degC_0p5C_cell3,2023-03-28T14:07:45,2023-03-28T14:31:45,49,19.99886666666678,30.0,3.3708,3.5128,45.6
102Ah_45degC_0p5C_cell3|2937|2023-03-28T17:11:50|2023-03-28T18:50:19,102Ah_45degC_0p5C_cell3,2023-03-28T18:22:51,2023-03-28T18:46:51,49,19.99840000000009,30.0,3.3708,3.5134,45.7
102Ah_45degC_0p5C_cell3|2938|2023-03-28T21:26:54|2023-03-28T23:05:21,102Ah_45degC_0p5C_cell3,2023-03-28T22:37:54,2023-03-28T23:01:54,49,19.998316666666767,30.0,3.3705,3.5146,45.6
102Ah_45degC_0p5C_cell3|2939|2023-03-29T01:41:55|2023-03-29T03:20:22,102Ah_45degC_0p5C_cell3,2023-03-29T02:52:55,2023-03-29T03:16:55,49,19.997775000000104,30.0,3.3705,3.5162,45.7
102Ah_45degC_0p5C_cell3|3068|2023-04-20T19:19:15|2023-04-20T20:56:07,102Ah_45degC_0p5C_cell3,2023-04-20T20:28:14,2023-04-20T20:52:14,49,19.997233333333163,30.0,3.3696,3.506,45.6
102Ah_45degC_0p5C_cell3|3069|2023-04-20T23:30:53|2023-04-21T01:07:23,102Ah_45degC_0p5C_cell3,2023-04-21T00:39:53,2023-04-21T01:03:53,49,19.99702499999983,30.0,3.3696,3.506,45.9
102Ah_45degC_0p5C_cell3|3070|2023-04-21T03:42:29|2023-04-21T05:19:20,102Ah_45degC_0p5C_cell3,2023-04-21T04:51:29,2023-04-21T05:15:29,49,19.998358333333393,30.0,3.3696,3.5078,45.6
102Ah_45degC_0p5C_cell3|3071|2023-04-21T07:54:03|2023-04-21T09:30:55,102Ah_45degC_0p5C_cell3,2023-04-21T09:03:04,2023-04-21T09:27:04,49,19.998400000000068,30.0,3.3696,3.5097,45.6
102Ah_45degC_0p5C_cell3|3072|2023-04-21T12:05:37|2023-04-21T13:42:07,102Ah_45degC_0p5C_cell3,2023-04-21T13:14:37,2023-04-21T13:38:37,49,19.998600000000067,30.0,3.3696,3.51,45.6
102Ah_45degC_0p5C_cell3|3201|2023-05-20T20:41:57|2023-05-20T22:16:50,102Ah_45degC_0p5C_cell3,2023-05-20T21:49:27,2023-05-20T22:12:57,48,19.58490000000014,30.0,3.3699,3.527,45.9
102Ah_45degC_0p5C_cell3|3202|2023-05-21T00:49:25|2023-05-21T02:23:55,102Ah_45degC_0p5C_cell3,2023-05-21T01:56:55,2023-05-21T02:20:25,48,19.584983333333476,30.0,3.3699,3.5289,45.8
102Ah_45degC_0p5C_cell3|3203|2023-05-21T04:56:51|2023-05-21T06:31:20,102Ah_45degC_0p5C_cell3,2023-05-21T06:04:20,2023-05-21T06:27:50,48,19.58677500000001,30.0,3.3699,3.5308,45.8
102Ah_45degC_0p5C_cell3|3204|2023-05-21T09:04:15|2023-05-21T10:38:44,102Ah_45degC_0p5C_cell3,2023-05-21T10:11:44,2023-05-21T10:35:14,48,19.585025000000144,30.0,3.3699,3.5323,45.9
102Ah_45degC_0p5C_cell3|3205|2023-05-21T13:11:37|2023-05-21T14:46:26,102Ah_45degC_0p5C_cell3,2023-05-21T14:19:06,2023-05-21T14:42:36,48,19.584900000000147,30.0,3.3699,3.5348,45.8
102Ah_45degC_0p5C_cell3|3336|2023-07-10T01:50:45|2023-07-10T03:22:44,102Ah_45degC_0p5C_cell3,2023-07-10T02:55:14,2023-07-10T03:19:14,49,19.99939999999998,30.0,3.367,3.5339,48.6
102Ah_45degC_0p5C_cell3|3337|2023-07-10T05:52:43|2023-07-10T07:24:43,102Ah_45degC_0p5C_cell3,2023-07-10T06:57:13,2023-07-10T07:21:13,49,19.999491666666678,30.0,3.367,3.5364,48.5
102Ah_45degC_0p5C_cell3|3338|2023-07-10T09:54:40|2023-07-10T11:26:39,102Ah_45degC_0p5C_cell3,2023-07-10T10:59:39,2023-07-10T11:23:09,48,19.58355000000001,30.0,3.3678,3.5382,48.6
102Ah_45degC_0p5C_cell3|3339|2023-07-10T13:56:34|2023-07-10T15:28:34,102Ah_45degC_0p5C_cell3,2023-07-10T15:01:04,2023-07-10T15:25:04,49,19.999633333333286,30.0,3.3666,3.538,49.0
102Ah_45degC_0p5C_cell3|3340|2023-07-10T17:58:27|2023-07-10T19:30:26,102Ah_45degC_0p5C_cell3,2023-07-10T19:02:56,2023-07-10T19:26:56,49,19.999624999999988,30.0,3.3665,3.5371,49.4
102Ah_45degC_0p5C_cell3|3469|2023-08-04T17:07:07|2023-08-04T18:36:37,102Ah_45degC_0p5C_cell3,2023-08-04T18:09:07,2023-08-04T18:32:37,48,19.583458333333297,30.0,3.3668,3.5045,47.9
102Ah_45degC_0p5C_cell3|3470|2023-08-04T21:04:03|2023-08-04T22:33:33,102Ah_45degC_0p5C_cell3,2023-08-04T22:05:33,2023-08-04T22:29:33,49,19.99945833333331,30.0,3.3662,3.5065,48.0
102Ah_45degC_0p5C_cell3|3471|2023-08-05T01:00:58|2023-08-05T02:30:28,102Ah_45degC_0p5C_cell3,2023-08-05T02:02:28,2023-08-05T02:26:28,49,19.999908333333302,30.0,3.3663,3.5084,48.0
102Ah_45degC_0p5C_cell3|3472|2023-08-05T04:57:50|2023-08-05T06:27:20,102Ah_45degC_0p5C_cell3,2023-08-05T05:59:50,2023-08-05T06:23:20,48,19.583574999999982,30.0,3.3669,3.5105,47.9
102Ah_45degC_0p5C_cell3|3473|2023-08-05T08:54:41|2023-08-05T10:24:10,102Ah_45degC_0p5C_cell3,2023-08-05T09:56:10,2023-08-05T10:20:10,49,19.999316666666623,30.0,3.3664,3.5122,48.0
102Ah_45degC_0p5C_cell3|3602|2023-08-26T08:52:39|2023-08-26T10:19:38,102Ah_45degC_0p5C_cell3,2023-08-26T09:52:08,2023-08-26T10:15:38,48,19.5833083333333,30.0,3.367,3.5389,47.9
102Ah_45degC_0p5C_cell3|3603|2023-08-26T12:44:16|2023-08-26T14:11:16,102Ah_45degC_0p5C_cell3,2023-08-26T13:43:46,2023-08-26T14:07:16,48,19.58345833333332,30.0,3.367,3.5415,47.8
102Ah_45degC_0p5C_cell3|3604|2023-08-26T16:35:50|2023-08-26T18:02:50,102Ah_45degC_0p5C_cell3,2023-08-26T17:35:20,2023-08-26T17:58:50,48,19.5836416666666,30.0,3.3671,3.544,47.9
102Ah_45degC_0p5C_cell3|3605|2023-08-26T20:27:24|2023-08-26T21:54:24,102Ah_45degC_0p5C_cell3,2023-08-26T21:26:54,2023-08-26T21:50:24,48,19.583841666666643,30.0,3.3671,3.5467,47.9
102Ah_45degC_0p5C_cell3|3606|2023-08-27T00:18:55|2023-08-27T01:45:55,102Ah_45degC_0p5C_cell3,2023-08-27T01:17:55,2023-08-27T01:41:55,49,19.999658333333272,30.0,3.3664,3.5496,47.9
102Ah_45degC_0p5C_cell3|3736|2023-09-16T16:04:29|2023-09-16T17:28:29,102Ah_45degC_0p5C_cell3,2023-09-16T17:00:29,2023-09-16T17:24:29,49,19.999666666666627,30.0,3.3656,3.5213,48.0
102Ah_45degC_0p5C_cell3|3737|2023-09-16T19:50:32|2023-09-16T21:14:54,102Ah_45degC_0p5C_cell3,2023-09-16T20:46:32,2023-09-16T21:10:32,49,19.99979166666663,30.0,3.3656,3.5233,48.0
102Ah_45degC_0p5C_cell3|3738|2023-09-16T23:36:34|2023-09-17T01:00:33,102Ah_45degC_0p5C_cell3,2023-09-17T00:32:33,2023-09-17T00:56:33,49,19.999833333333257,30.0,3.3656,3.5254,48.0
102Ah_45degC_0p5C_cell3|3739|2023-09-17T03:22:31|2023-09-17T04:46:31,102Ah_45degC_0p5C_cell3,2023-09-17T04:18:31,2023-09-17T04:42:31,49,19.999558333333255,30.0,3.3656,3.528,48.1
102Ah_45degC_0p5C_cell3|3740|2023-09-17T07:08:28|2023-09-17T08:32:28,102Ah_45degC_0p5C_cell3,2023-09-17T08:04:28,2023-09-17T08:28:28,49,19.999908333333273,30.0,3.3656,3.5305,48.0
102Ah_45degC_0p5C_cell3|3861|2023-10-17T09:49:30|2023-10-17T11:10:29,102Ah_45degC_0p5C_cell3,2023-10-17T10:42:29,2023-10-17T11:06:29,49,19.99959999999991,30.0,3.3651,3.5125,48.0
102Ah_45degC_0p5C_cell3|3862|2023-10-17T13:29:38|2023-10-17T14:50:38,102Ah_45degC_0p5C_cell3,2023-10-17T14:22:38,2023-10-17T14:46:38,49,19.99966666666657,30.0,3.3652,3.5141,47.9
102Ah_45degC_0p5C_cell3|3863|2023-10-17T17:09:45|2023-10-17T18:30:45,102Ah_45degC_0p5C_cell3,2023-10-17T18:02:45,2023-10-17T18:26:45,49,19.99972499999992,30.0,3.3651,3.5159,47.9
102Ah_45degC_0p5C_cell3|3864|2023-10-17T20:49:48|2023-10-17T22:10:48,102Ah_45degC_0p5C_cell3,2023-10-17T21:42:48,2023-10-17T22:06:48,49,19.999358333333277,30.0,3.3651,3.5177,47.9
102Ah_45degC_0p5C_cell3|3865|2023-10-18T00:29:50|2023-10-18T01:50:50,102Ah_45degC_0p5C_cell3,2023-10-18T01:22:50,2023-10-18T01:46:50,49,19.999799999999887,30.0,3.3653,3.5196,47.9
102Ah_45degC_0p5C_cell3|4014|2023-11-10T14:19:06|2023-11-10T15:37:06,102Ah_45degC_0p5C_cell3,2023-11-10T15:09:06,2023-11-10T15:33:06,49,19.999849999999903,30.0,3.3649,3.5083,47.7
102Ah_45degC_0p5C_cell3|4015|2023-11-10T17:53:24|2023-11-10T19:11:24,102Ah_45degC_0p5C_cell3,2023-11-10T18:43:24,2023-11-10T19:07:24,49,19.999591666666547,30.0,3.3651,3.5096,47.8
102Ah_45degC_0p5C_cell3|4016|2023-11-10T21:27:41|2023-11-10T22:45:40,102Ah_45degC_0p5C_cell3,2023-11-10T22:17:40,2023-11-10T22:41:40,49,19.99963333333325,30.0,3.365,3.5113,47.7
102Ah_45degC_0p5C_cell3|4017|2023-11-11T01:01:51|2023-11-11T02:19:51,102Ah_45degC_0p5C_cell3,2023-11-11T01:51:51,2023-11-11T02:15:51,49,19.99959166666656,30.0,3.3649,3.5128,47.9
102Ah_45degC_0p5C_cell3|4018|2023-11-11T04:36:03|2023-11-11T05:54:03,102Ah_45degC_0p5C_cell3,2023-11-11T05:26:03,2023-11-11T05:50:03,49,19.99992499999989,30.0,3.3652,3.5146,47.8
102Ah_45degC_1C_cell1|2|2021-04-27T23:04:18|2021-04-28T00:08:18,102Ah_45degC_1C_cell1,2021-04-27T23:54:48,2021-04-28T00:06:18,24,19.173058333333273,30.0,3.4241,3.5115,53.2
102Ah_45degC_1C_cell1|3|2021-04-28T02:11:39|2021-04-28T03:15:39,102Ah_45degC_1C_cell1,2021-04-28T03:02:09,2021-04-28T03:13:39,24,19.172149999999917,30.0,3.4235,3.5106,53.2
102Ah_45degC_1C_cell1|4|2021-04-28T05:18:56|2021-04-28T06:22:56,102Ah_45degC_1C_cell1,2021-04-28T06:09:26,2021-04-28T06:20:56,24,19.173958333333303,30.0,3.4232,3.5168,53.2
102Ah_45degC_1C_cell1|5|2021-04-28T08:26:02|2021-04-28T09:30:02,102Ah_45degC_1C_cell1,2021-04-28T09:16:32,2021-04-28T09:28:02,24,19.17099999999992,30.0,3.4229,3.5249,53.2
102Ah_45degC_1C_cell1|6|2021-04-28T11:33:00|2021-04-28T12:37:00,102Ah_45degC_1C_cell1,2021-04-28T12:23:30,2021-04-28T12:35:00,24,19.1739083333333,30.0,3.4226,3.5382,53.2
102Ah_45degC_1C_cell1|7|2021-04-28T14:39:49|2021-04-28T15:43:49,102Ah_45degC_1C_cell1,2021-04-28T15:30:19,2021-04-28T15:41:49,24,19.17420833333331,30.0,3.4226,3.554,53.2
102Ah_45degC_1C_cell1|8|2021-04-28T17:46:30|2021-04-28T18:50:30,102Ah_45degC_1C_cell1,2021-04-28T18:37:00,2021-04-28T18:48:30,24,19.1723916666666,30.0,3.4226,3.5726,53.3
102Ah_45degC_1C_cell1|9|2021-04-28T20:53:05|2021-04-28T21:57:05,102Ah_45degC_1C_cell1,2021-04-28T21:43:05,2021-04-28T21:54:35,24,19.17401666666663,30.0,3.4213,3.5016,53.2
102Ah_45degC_1C_cell1|10|2021-04-28T23:59:33|2021-04-29T01:03:03,102Ah_45degC_1C_cell1,2021-04-29T00:49:33,2021-04-29T01:01:03,24,19.173708333333295,30.0,3.4213,3.5063,53.2
102Ah_45degC_1C_cell1|11|2021-04-29T03:05:54|2021-04-29T04:09:24,102Ah_45degC_1C_cell1,2021-04-29T03:55:54,2021-04-29T04:07:24,24,19.173358333333283,30.0,3.4213,3.5112,53.3
102Ah_45degC_1C_cell1|114|2021-05-15T15:37:22|2021-05-15T16:39:21,102Ah_45degC_1C_cell1,2021-05-15T16:25:21,2021-05-15T16:36:51,24,19.172608333333258,30.0,3.4164,3.5565,51.1
102Ah_45degC_1C_cell1|115|2021-05-15T18:39:44|2021-05-15T19:41:44,102Ah_45degC_1C_cell1,2021-05-15T19:27:44,2021-05-15T19:39:14,24,19.173708333333295,30.0,3.4164,3.5602,51.1
102Ah_45degC_1C_cell1|116|2021-05-15T21:42:05|2021-05-15T22:44:05,102Ah_45degC_1C_cell1,2021-05-15T22:30:05,2021-05-15T22:41:35,24,19.17300833333327,30.0,3.4164,3.5624,51.1
102Ah_45degC_1C_cell1|117|2021-05-16T00:44:25|2021-05-16T01:46:25,102Ah_45degC_1C_cell1,2021-05-16T01:32:25,2021-05-16T01:43:55,24,19.17330833333328,30.0,3.4164,3.5664,51.1
102Ah_45degC_1C_cell1|118|2021-05-16T03:46:44|2021-05-16T04:48:44,102Ah_45degC_1C_cell1,2021-05-16T04:34:44,2021-05-16T04:46:14,24,19.17265833333326,30.0,3.4164,3.5683,51.150000000000006
102Ah_45degC_1C_cell1|186|2021-05-24T23:02:33|2021-05-25T00:04:02,102Ah_45degC_1C_cell1,2021-05-24T23:49:32,2021-05-25T00:01:02,24,19.171483333333242,30.0,3.4151,3.5022,51.5
102Ah_45degC_1C_cell1|187|2021-05-25T02:03:48|2021-05-25T03:05:18,102Ah_45degC_1C_cell1,2021-05-25T02:50:48,2021-05-25T03:02:18,24,19.173658333333293,30.0,3.4151,3.5035,51.5
102Ah_45degC_1C_cell1|188|2021-05-25T05:05:02|2021-05-25T06:06:32,102Ah_45degC_1C_cell1,2021-05-25T05:52:02,2021-05-25T06:03:32,24,19.173808333333298,30.0,3.4151,3.5035,51.6
102Ah_45degC_1C_cell1|189|2021-05-25T08:06:15|2021-05-25T09:07:45,102Ah_45degC_1C_cell1,2021-05-25T08:53:15,2021-05-25T09:04:45,24,19.172758333333263,30.0,3.4151,3.5053,51.5
102Ah_45degC_1C_cell1|190|2021-05-25T11:07:28|2021-05-25T12:08:58,102Ah_45degC_1C_cell1,2021-05-25T11:54:28,2021-05-25T12:05:58,24,19.173408333333285,30.0,3.4151,3.5057,51.5
102Ah_45degC_1C_cell1|258|2021-06-02T23:56:04|2021-06-03T00:57:04,102Ah_45degC_1C_cell1,2021-06-03T00:42:34,2021-06-03T00:54:04,24,19.172858333333267,30.0,3.4151,3.5097,51.6
102Ah_45degC_1C_cell1|259|2021-06-03T02:56:23|2021-06-03T03:57:23,102Ah_45degC_1C_cell1,2021-06-03T03:42:53,2021-06-03T03:54:23,24,19.172258333333247,30.0,3.4151,3.51,51.7
102Ah_45degC_1C_cell1|260|2021-06-03T05:56:41|2021-06-03T06:57:41,102Ah_45degC_1C_cell1,2021-06-03T06:43:11,2021-06-03T06:54:41,24,19.172608333333258,30.0,3.4151,3.5106,51.7
102Ah_45degC_1C_cell1|261|2021-06-03T08:56:58|2021-06-03T09:57:58,102Ah_45degC_1C_cell1,2021-06-03T09:43:28,2021-06-03T09:54:58,24,19.17200833333324,30.0,3.4151,3.5112,51.7
102Ah_45degC_1C_cell1|262|2021-06-03T11:57:14|2021-06-03T12:58:14,102Ah_45degC_1C_cell1,2021-06-03T12:43:44,2021-06-03T12:55:14,24,19.173808333333298,30.0,3.4151,3.5131,51.7
102Ah_45degC_1C_cell1|330|2021-06-11T23:54:47|2021-06-12T00:55:17,102Ah_45degC_1C_cell1,2021-06-12T00:40:47,2021-06-12T00:52:17,24,19.173458333333286,30.0,3.4151,3.5026,51.650000000000006
102Ah_45degC_1C_cell1|331|2021-06-12T02:54:23|2021-06-12T03:54:52,102Ah_45degC_1C_cell1,2021-06-12T03:40:22,2021-06-12T03:51:52,24,19.175324999999958,30.0,3.4151,3.5026,51.7
102Ah_45degC_1C_cell1|332|2021-06-12T05:53:57|2021-06-12T06:54:27,102Ah_45degC_1C_cell1,2021-06-12T06:39:57,2021-06-12T06:51:27,24,19.17235833333325,30.0,3.4151,3.5029,51.7
102Ah_45degC_1C_cell1|333|2021-06-12T08:53:31|2021-06-12T09:54:01,102Ah_45degC_1C_cell1,2021-06-12T09:39:31,2021-06-12T09:51:01,24,19.174258333333313,30.0,3.4151,3.5035,51.7
102Ah_45degC_1C_cell1|334|2021-06-12T11:53:06|2021-06-12T12:53:36,102Ah_45degC_1C_cell1,2021-06-12T12:39:06,2021-06-12T12:50:36,24,19.173708333333295,30.0,3.4151,3.5041,51.7
102Ah_45degC_1C_cell1|402|2021-06-22T20:12:44|2021-06-22T21:12:44,102Ah_45degC_1C_cell1,2021-06-22T20:58:44,2021-06-22T21:10:14,24,19.173358333333283,30.0,3.4154,3.5546,51.7
102Ah_45degC_1C_cell1|403|2021-06-22T23:11:42|2021-06-23T00:11:42,102Ah_45degC_1C_cell1,2021-06-22T23:57:42,2021-06-23T00:09:12,24,19.173108333333275,30.0,3.4154,3.5553,51.7
102Ah_45degC_1C_cell1|404|2021-06-23T02:10:39|2021-06-23T03:10:39,102Ah_45degC_1C_cell1,2021-06-23T02:56:39,2021-06-23T03:08:09,24,19.1739083333333,30.0,3.4154,3.5565,51.7
102Ah_45degC_1C_cell1|405|2021-06-23T05:09:36|2021-06-23T06:09:36,102Ah_45degC_1C_cell1,2021-06-23T05:55:36,2021-06-23T06:07:06,24,19.172558333333257,30.0,3.4154,3.5562,51.7
102Ah_45degC_1C_cell1|406|2021-06-23T08:08:33|2021-06-23T09:08:33,102Ah_45degC_1C_cell1,2021-06-23T08:54:33,2021-06-23T09:06:03,24,19.173808333333298,30.0,3.4154,3.5587,51.7
102Ah_45degC_1C_cell1|474|2021-07-01T18:37:55|2021-07-01T19:37:54,102Ah_45degC_1C_cell1,2021-07-01T19:23:24,2021-07-01T19:34:54,24,19.173058333333273,30.0,3.4148,3.5239,51.7
102Ah_45degC_1C_cell1|475|2021-07-01T21:36:18|2021-07-01T22:36:18,102Ah_45degC_1C_cell1,2021-07-01T22:21:48,2021-07-01T22:33:18,24,19.173574999999943,30.0,3.4151,3.5249,51.7
102Ah_45degC_1C_cell1|476|2021-07-02T00:34:42|2021-07-02T01:34:42,102Ah_45degC_1C_cell1,2021-07-02T01:20:12,2021-07-02T01:31:42,24,19.173708333333295,30.0,3.4151,3.5246,51.7
102Ah_45degC_1C_cell1|477|2021-07-02T03:33:04|2021-07-02T04:33:04,102Ah_45degC_1C_cell1,2021-07-02T04:18:34,2021-07-02T04:30:04,24,19.173508333333288,30.0,3.4151,3.5255,51.7
102Ah_45degC_1C_cell1|478|2021-07-02T06:31:26|2021-07-02T07:31:26,102Ah_45degC_1C_cell1,2021-07-02T07:16:56,2021-07-02T07:28:26,24,19.17360833333329,30.0,3.4151,3.5261,51.7
102Ah_45degC_1C_cell1|547|2021-07-11T17:51:55|2021-07-11T18:51:55,102Ah_45degC_1C_cell1,2021-07-11T18:36:55,2021-07-11T18:48:25,24,19.173508333333288,30.0,3.4145,3.5032,51.8
102Ah_45degC_1C_cell1|548|2021-07-11T20:49:50|2021-07-11T21:49:50,102Ah_45degC_1C_cell1,2021-07-11T21:34:50,2021-07-11T21:46:20,24,19.173458333333286,30.0,3.4145,3.5035,51.8
102Ah_45degC_1C_cell1|549|2021-07-11T23:47:45|2021-07-12T00:47:15,102Ah_45degC_1C_cell1,2021-07-12T00:32:45,2021-07-12T00:44:15,24,19.173208333333278,30.0,3.4145,3.5044,51.7
102Ah_45degC_1C_cell1|550|2021-07-12T02:45:39|2021-07-12T03:45:09,102Ah_45degC_1C_cell1,2021-07-12T03:30:39,2021-07-12T03:42:09,24,19.17300833333327,30.0,3.4145,3.5047,51.75
102Ah_45degC_1C_cell1|551|2021-07-12T05:43:32|2021-07-12T06:43:02,102Ah_45degC_1C_cell1,2021-07-12T06:28:32,2021-07-12T06:40:02,24,19.172449999999927,30.0,3.4145,3.5047,51.7
102Ah_45degC_1C_cell1|620|2021-07-20T23:50:04|2021-07-21T00:49:34,102Ah_45degC_1C_cell1,2021-07-21T00:35:04,2021-07-21T00:46:34,24,19.17230833333325,30.0,3.4148,3.5404,51.7
102Ah_45degC_1C_cell1|621|2021-07-21T02:47:27|2021-07-21T03:46:57,102Ah_45degC_1C_cell1,2021-07-21T03:32:27,2021-07-21T03:43:57,24,19.173658333333293,30.0,3.4148,3.5413,51.7
102Ah_45degC_1C_cell1|622|2021-07-21T05:44:49|2021-07-21T06:44:19,102Ah_45degC_1C_cell1,2021-07-21T06:29:49,2021-07-21T06:41:19,24,19.17210833333324,30.0,3.4148,3.5407,51.7
102Ah_45degC_1C_cell1|623|2021-07-21T08:42:11|2021-07-21T09:41:40,102Ah_45degC_1C_cell1,2021-07-21T09:27:10,2021-07-21T09:38:40,24,19.172808333333265,30.0,3.4148,3.5429,51.7
102Ah_45degC_1C_cell1|624|2021-07-21T11:39:32|2021-07-21T12:39:02,102Ah_45degC_1C_cell1,2021-07-21T12:24:32,2021-07-21T12:36:02,24,19.17360833333329,30.0,3.4148,3.5435,51.7
102Ah_45degC_1C_cell1|694|2021-07-30T02:16:22|2021-07-30T03:15:22,102Ah_45degC_1C_cell1,2021-07-30T03:00:52,2021-07-30T03:12:22,24,19.179099999999977,30.0,3.4145,3.514,51.7
102Ah_45degC_1C_cell1|695|2021-07-30T05:13:13|2021-07-30T06:12:13,102Ah_45degC_1C_cell1,2021-07-30T05:57:43,2021-07-30T06:09:13,24,19.173508333333288,30.0,3.4145,3.5119,51.7
102Ah_45degC_1C_cell1|696|2021-07-30T08:10:04|2021-07-30T09:09:04,102Ah_45degC_1C_cell1,2021-07-30T08:54:34,2021-07-30T09:06:04,24,19.178499999999957,30.0,3.4145,3.5143,51.8
102Ah_45degC_1C_cell1|697|2021-07-30T11:06:54|2021-07-30T12:05:54,102Ah_45degC_1C_cell1,2021-07-30T11:51:24,2021-07-30T12:02:54,24,19.17235833333325,30.0,3.4145,3.5131,51.7
102Ah_45degC_1C_cell1|698|2021-07-30T14:03:44|2021-07-30T15:02:44,102Ah_45degC_1C_cell1,2021-07-30T14:48:14,2021-07-30T14:59:44,24,19.17914999999998,30.0,3.4145,3.5153,51.7
102Ah_45degC_1C_cell1|766|2021-08-07T22:12:52|2021-08-07T23:11:52,102Ah_45degC_1C_cell1,2021-08-07T22:57:22,2021-08-07T23:08:52,24,19.171691666666575,30.0,3.4148,3.5472,51.7
102Ah_45degC_1C_cell1|767|2021-08-08T01:09:17|2021-08-08T02:08:16,102Ah_45degC_1C_cell1,2021-08-08T01:53:46,2021-08-08T02:05:16,24,19.17854999999996,30.0,3.4148,3.5497,51.7
102Ah_45degC_1C_cell1|768|2021-08-08T04:05:39|2021-08-08T05:04:39,102Ah_45degC_1C_cell1,2021-08-08T04:50:09,2021-08-08T05:01:39,24,19.17235833333325,30.0,3.4148,3.5494,51.7
102Ah_45degC_1C_cell1|769|2021-08-08T07:02:01|2021-08-08T08:01:01,102Ah_45degC_1C_cell1,2021-08-08T07:46:31,2021-08-08T07:58:01,24,19.177499999999924,30.0,3.4148,3.5494,51.7
102Ah_45degC_1C_cell1|770|2021-08-08T09:58:23|2021-08-08T10:57:23,102Ah_45degC_1C_cell1,2021-08-08T10:42:53,2021-08-08T10:54:23,24,19.179699999999997,30.0,3.4148,3.5525,51.7
102Ah_45degC_1C_cell1|841|2021-08-17T02:23:17|2021-08-17T03:22:16,102Ah_45degC_1C_cell1,2021-08-17T03:07:16,2021-08-17T03:18:46,24,19.177549999999925,30.0,3.4139,3.5156,51.5
102Ah_45degC_1C_cell1|842|2021-08-17T05:19:09|2021-08-17T06:18:09,102Ah_45degC_1C_cell1,2021-08-17T06:03:09,2021-08-17T06:14:39,24,19.173508333333288,30.0,3.4139,3.515,51.5
102Ah_45degC_1C_cell1|843|2021-08-17T08:15:03|2021-08-17T09:14:03,102Ah_45degC_1C_cell1,2021-08-17T08:59:03,2021-08-17T09:10:33,24,19.177749999999932,30.0,3.4139,3.5162,51.5
102Ah_45degC_1C_cell1|844|2021-08-17T11:10:55|2021-08-17T12:09:55,102Ah_45degC_1C_cell1,2021-08-17T11:54:55,2021-08-17T12:06:25,24,19.172808333333265,30.0,3.4139,3.5156,51.5
102Ah_45degC_1C_cell1|845|2021-08-17T17:02:40|2021-08-17T18:01:10,102Ah_45degC_1C_cell1,2021-08-17T17:46:40,2021-08-17T17:58:10,24,19.174308333333315,30.0,3.4139,3.5174,51.5
102Ah_45degC_1C_cell1|914|2021-08-26T00:07:24|2021-08-26T01:05:54,102Ah_45degC_1C_cell1,2021-08-26T00:51:24,2021-08-26T01:02:54,24,19.17426666666664,30.0,3.4145,3.5478,51.3
102Ah_45degC_1C_cell1|915|2021-08-26T03:02:50|2021-08-26T04:01:20,102Ah_45degC_1C_cell1,2021-08-26T03:46:50,2021-08-26T03:58:20,24,19.177449999999922,30.0,3.4145,3.5506,51.3
102Ah_45degC_1C_cell1|916|2021-08-26T05:58:17|2021-08-26T06:56:46,102Ah_45degC_1C_cell1,2021-08-26T06:42:16,2021-08-26T06:53:46,24,19.17180833333323,30.0,3.4145,3.5484,51.25
102Ah_45degC_1C_cell1|917|2021-08-26T08:53:43|2021-08-26T09:52:13,102Ah_45degC_1C_cell1,2021-08-26T09:37:43,2021-08-26T09:49:13,24,19.178649999999962,30.0,3.4145,3.5494,51.75
102Ah_45degC_1C_cell1|918|2021-08-26T11:49:07|2021-08-26T12:47:37,102Ah_45degC_1C_cell1,2021-08-26T12:33:07,2021-08-26T12:44:37,24,19.171699999999902,30.0,3.4148,3.5494,51.3
102Ah_45degC_1C_cell1|987|2021-09-03T21:18:36|2021-09-03T22:17:06,102Ah_45degC_1C_cell1,2021-09-03T22:02:06,2021-09-03T22:13:36,24,19.173508333333288,30.0,3.4139,3.5162,51.2
102Ah_45degC_1C_cell1|988|2021-09-04T00:13:37|2021-09-04T01:12:07,102Ah_45degC_1C_cell1,2021-09-04T00:57:07,2021-09-04T01:08:37,24,19.179099999999977,30.0,3.4139,3.5174,51.2
102Ah_45degC_1C_cell1|989|2021-09-04T03:08:35|2021-09-04T04:07:05,102Ah_45degC_1C_cell1,2021-09-04T03:52:05,2021-09-04T04:03:35,24,19.17450833333332,30.0,3.4139,3.5174,51.3
102Ah_45degC_1C_cell1|990|2021-09-04T06:03:34|2021-09-04T07:02:04,102Ah_45degC_1C_cell1,2021-09-04T06:47:04,2021-09-04T06:58:34,24,19.179649999999995,30.0,3.4139,3.5171,51.2
102Ah_45degC_1C_cell1|991|2021-09-04T08:58:32|2021-09-04T09:57:02,102Ah_45degC_1C_cell1,2021-09-04T09:42:02,2021-09-04T09:53:32,24,19.176066666666614,30.0,3.4139,3.5184,51.2
102Ah_45degC_1C_cell1|1061|2021-09-13T16:56:36|2021-09-13T17:54:36,102Ah_45degC_1C_cell1,2021-09-13T17:40:06,2021-09-13T17:51:36,24,19.178399999999954,30.0,3.4145,3.5484,51.3
102Ah_45degC_1C_cell1|1062|2021-09-13T19:51:09|2021-09-13T20:49:09,102Ah_45degC_1C_cell1,2021-09-13T20:34:39,2021-09-13T20:46:09,24,19.172758333333263,30.0,3.4145,3.5478,51.2
102Ah_45degC_1C_cell1|1063|2021-09-13T22:45:43|2021-09-13T23:43:43,102Ah_45degC_1C_cell1,2021-09-13T23:29:13,2021-09-13T23:40:43,24,19.177749999999932,30.0,3.4145,3.5487,51.3
102Ah_45degC_1C_cell1|1064|2021-09-14T01:40:15|2021-09-14T02:38:15,102Ah_45degC_1C_cell1,2021-09-14T02:23:45,2021-09-14T02:35:15,24,19.173958333333303,30.0,3.4145,3.5497,51.2
102Ah_45degC_1C_cell1|1065|2021-09-14T04:34:47|2021-09-14T05:32:47,102Ah_45degC_1C_cell1,2021-09-14T05:18:17,2021-09-14T05:29:47,24,19.178199999999947,30.0,3.4145,3.5487,51.3
102Ah_45degC_1C_cell1|1137|2021-09-22T21:44:05|2021-09-22T22:42:05,102Ah_45degC_1C_cell1,2021-09-22T22:27:05,2021-09-22T22:38:35,24,19.173758333333296,30.0,3.4136,3.5165,51.55
102Ah_45degC_1C_cell1|1138|2021-09-23T00:38:10|2021-09-23T01:36:10,102Ah_45degC_1C_cell1,2021-09-23T01:21:10,2021-09-23T01:32:40,24,19.178799999999967,30.0,3.4136,3.5181,51.6
102Ah_45degC_1C_cell1|1139|2021-09-23T03:32:13|2021-09-23T04:30:13,102Ah_45degC_1C_cell1,2021-09-23T04:15:13,2021-09-23T04:26:43,24,19.17132499999991,30.0,3.4133,3.5168,51.6
102Ah_45degC_1C_cell1|1140|2021-09-23T06:26:17|2021-09-23T07:24:17,102Ah_45degC_1C_cell1,2021-09-23T07:09:17,2021-09-23T07:20:47,24,19.178999999999974,30.0,3.4136,3.519,51.6
102Ah_45degC_1C_cell1|1141|2021-09-23T09:20:19|2021-09-23T10:18:19,102Ah_45degC_1C_cell1,2021-09-23T10:03:19,2021-09-23T10:14:49,24,19.17325833333328,30.0,3.4136,3.5181,51.6
102Ah_45degC_1C_cell1|1215|2021-10-09T12:05:58|2021-10-09T13:03:28,102Ah_45degC_1C_cell1,2021-10-09T12:48:58,2021-10-09T13:00:28,24,19.172158333333243,30.0,3.4133,3.554,51.7
102Ah_45degC_1C_cell1|1216|2021-10-09T14:59:26|2021-10-09T15:56:56,102Ah_45degC_1C_cell1,2021-10-09T15:41:56,2021-10-09T15:53:26,24,19.17854999999996,30.0,3.4123,3.5016,51.6
102Ah_45degC_1C_cell1|1217|2021-10-09T17:52:53|2021-10-09T18:50:23,102Ah_45degC_1C_cell1,2021-10-09T18:35:23,2021-10-09T18:46:53,24,19.17300833333327,30.0,3.4123,3.5004,51.7
102Ah_45degC_1C_cell1|1218|2021-10-09T20:46:21|2021-10-09T21:43:51,102Ah_45degC_1C_cell1,2021-10-09T21:28:51,2021-10-09T21:40:21,24,19.17859999999996,30.0,3.4123,3.5019,51.6
102Ah_45degC_1C_cell1|1219|2021-10-09T23:39:47|2021-10-10T00:37:16,102Ah_45degC_1C_cell1,2021-10-10T00:22:16,2021-10-10T00:33:46,24,19.172949999999943,30.0,3.4126,3.5007,51.7
102Ah_45degC_1C_cell1|1288|2021-10-18T07:59:55|2021-10-18T08:57:25,102Ah_45degC_1C_cell1,2021-10-18T08:42:25,2021-10-18T08:53:55,24,19.172049999999913,30.0,3.4126,3.5181,51.6
102Ah_45degC_1C_cell1|1289|2021-10-18T10:53:00|2021-10-18T11:50:30,102Ah_45degC_1C_cell1,2021-10-18T11:35:30,2021-10-18T11:47:00,24,19.17889999999997,30.0,3.413,3.5193,51.6
102Ah_45degC_1C_cell1|1290|2021-10-18T13:46:03|2021-10-18T14:43:33,102Ah_45degC_1C_cell1,2021-10-18T14:28:33,2021-10-18T14:40:03,24,19.17415833333331,30.0,3.4126,3.5196,51.5
102Ah_45degC_1C_cell1|1291|2021-10-18T16:39:06|2021-10-18T17:36:36,102Ah_45degC_1C_cell1,2021-10-18T17:21:36,2021-10-18T17:33:06,24,19.177499999999924,30.0,3.4126,3.5193,51.5
102Ah_45degC_1C_cell1|1292|2021-10-18T19:32:08|2021-10-18T20:29:38,102Ah_45degC_1C_cell1,2021-10-18T20:14:38,2021-10-18T20:26:08,24,19.178783333333314,30.0,3.413,3.5215,51.5
102Ah_45degC_1C_cell1|1364|2021-10-27T11:01:47|2021-10-27T11:58:47,102Ah_45degC_1C_cell1,2021-10-27T11:44:17,2021-10-27T11:55:47,24,19.171424999999914,30.0,3.4077,3.5184,58.1
102Ah_45degC_1C_cell1|1365|2021-10-27T13:54:10|2021-10-27T14:51:09,102Ah_45degC_1C_cell1,2021-10-27T14:36:39,2021-10-27T14:48:09,24,19.17854999999996,30.0,3.4074,3.5202,58.4
102Ah_45degC_1C_cell1|1366|2021-10-27T16:46:30|2021-10-27T17:43:29,102Ah_45degC_1C_cell1,2021-10-27T17:28:59,2021-10-27T17:40:29,24,19.171341666666564,30.0,3.4071,3.5174,58.5
102Ah_45degC_1C_cell1|1367|2021-10-27T19:38:51|2021-10-27T20:35:51,102Ah_45degC_1C_cell1,2021-10-27T20:21:21,2021-10-27T20:32:51,24,19.178399999999954,30.0,3.4071,3.5187,59.0
102Ah_45degC_1C_cell1|1368|2021-10-27T22:31:09|2021-10-27T23:28:09,102Ah_45degC_1C_cell1,2021-10-27T23:13:39,2021-10-27T23:25:09,24,19.172908333333268,30.0,3.4064,3.5171,59.1
102Ah_45degC_1C_cell1|1439|2021-11-05T10:26:28|2021-11-05T11:23:28,102Ah_45degC_1C_cell1,2021-11-05T11:08:28,2021-11-05T11:19:58,24,19.178949999999972,30.0,3.4123,3.5212,51.1
102Ah_45degC_1C_cell1|1440|2021-11-05T13:18:34|2021-11-05T14:15:34,102Ah_45degC_1C_cell1,2021-11-05T14:00:34,2021-11-05T14:12:04,24,19.173508333333288,30.0,3.4123,3.519,51.1
102Ah_45degC_1C_cell1|1441|2021-11-05T16:10:40|2021-11-05T17:07:40,102Ah_45degC_1C_cell1,2021-11-05T16:52:40,2021-11-05T17:04:10,24,19.177849999999935,30.0,3.4123,3.5212,51.1
102Ah_45degC_1C_cell1|1442|2021-11-05T19:02:47|2021-11-05T19:59:47,102Ah_45degC_1C_cell1,2021-11-05T19:44:47,2021-11-05T19:56:17,24,19.173708333333295,30.0,3.4123,3.5202,51.1
102Ah_45degC_1C_cell1|1443|2021-11-05T21:54:53|2021-11-05T22:51:52,102Ah_45degC_1C_cell1,2021-11-05T22:36:52,2021-11-05T22:48:22,24,19.17829999999995,30.0,3.4123,3.5218,51.1
102Ah_45degC_1C_cell1|1517|2021-11-16T15:51:56|2021-11-16T16:48:26,102Ah_45degC_1C_cell1,2021-11-16T16:33:56,2021-11-16T16:45:26,24,19.178099999999944,30.0,3.4123,3.5469,51.1
102Ah_45degC_1C_cell1|1518|2021-11-16T18:43:39|2021-11-16T19:40:09,102Ah_45degC_1C_cell1,2021-11-16T19:25:39,2021-11-16T19:37:09,24,19.17121666666658,30.0,3.4126,3.5447,51.1
102Ah_45degC_1C_cell1|1519|2021-11-16T21:35:25|2021-11-16T22:31:55,102Ah_45degC_1C_cell1,2021-11-16T22:17:25,2021-11-16T22:28:55,24,19.179299999999984,30.0,3.4126,3.5481,51.1
102Ah_45degC_1C_cell1|1520|2021-11-17T00:27:07|2021-11-17T01:23:37,102Ah_45degC_1C_cell1,2021-11-17T01:09:07,2021-11-17T01:20:37,24,19.171633333333247,30.0,3.4126,3.5456,51.2
102Ah_45degC_1C_cell1|1521|2021-11-17T03:18:51|2021-11-17T04:15:21,102Ah_45degC_1C_cell1,2021-11-17T04:00:51,2021-11-17T04:12:21,24,19.178699999999964,30.0,3.4126,3.5491,51.1
102Ah_45degC_1C_cell1|1592|2021-12-01T00:54:00|2021-12-01T01:50:30,102Ah_45degC_1C_cell1,2021-12-01T01:35:30,2021-12-01T01:47:00,24,19.17180833333323,30.0,3.4095,3.5184,49.2
102Ah_45degC_1C_cell1|1593|2021-12-01T03:45:11|2021-12-01T04:41:41,102Ah_45degC_1C_cell1,2021-12-01T04:26:41,2021-12-01T04:38:11,24,19.173108333333275,30.0,3.4095,3.519,49.2
102Ah_45degC_1C_cell1|1594|2021-12-01T06:36:21|2021-12-01T07:32:51,102Ah_45degC_1C_cell1,2021-12-01T07:17:51,2021-12-01T07:29:21,24,19.1710249999999,30.0,3.4095,3.5187,49.2
102Ah_45degC_1C_cell1|1595|2021-12-01T09:27:32|2021-12-01T10:24:02,102Ah_45degC_1C_cell1,2021-12-01T10:09:02,2021-12-01T10:20:32,24,19.1716499999999,30.0,3.4099,3.5193,49.1
102Ah_45degC_1C_cell1|1596|2021-12-01T12:18:43|2021-12-01T13:15:13,102Ah_45degC_1C_cell1,2021-12-01T13:00:13,2021-12-01T13:11:43,24,19.172458333333253,30.0,3.4095,3.5196,49.1
102Ah_45degC_1C_cell1|1666|2021-12-09T20:56:43|2021-12-09T21:53:13,102Ah_45degC_1C_cell1,2021-12-09T21:38:13,2021-12-09T21:49:43,24,19.172208333333245,30.0,3.4102,3.5441,49.0
102Ah_45degC_1C_cell1|1667|2021-12-09T23:47:31|2021-12-10T00:43:31,102Ah_45degC_1C_cell1,2021-12-10T00:29:01,2021-12-10T00:40:31,24,19.17270833333326,30.0,3.4102,3.5453,48.9
102Ah_45degC_1C_cell1|1668|2021-12-10T02:38:18|2021-12-10T03:34:48,102Ah_45degC_1C_cell1,2021-12-10T03:19:48,2021-12-10T03:31:18,24,19.172908333333268,30.0,3.4102,3.5456,49.0
102Ah_45degC_1C_cell1|1669|2021-12-10T05:29:05|2021-12-10T06:25:35,102Ah_45degC_1C_cell1,2021-12-10T06:10:35,2021-12-10T06:22:05,24,19.171749999999903,30.0,3.4102,3.545,49.0
102Ah_45degC_1C_cell1|1670|2021-12-10T08:19:52|2021-12-10T09:15:52,102Ah_45degC_1C_cell1,2021-12-10T09:01:22,2021-12-10T09:12:52,24,19.17295833333327,30.0,3.4102,3.5466,49.0
102Ah_45degC_1C_cell1|1739|2021-12-18T12:28:53|2021-12-18T13:24:53,102Ah_45degC_1C_cell1,2021-12-18T13:09:53,2021-12-18T13:21:23,24,19.17230833333325,30.0,3.4092,3.514,49.1
102Ah_45degC_1C_cell1|1740|2021-12-18T15:19:15|2021-12-18T16:15:15,102Ah_45degC_1C_cell1,2021-12-18T16:00:15,2021-12-18T16:11:45,24,19.172508333333255,30.0,3.4092,3.5137,49.1
102Ah_45degC_1C_cell1|1741|2021-12-18T18:09:36|2021-12-18T19:05:36,102Ah_45degC_1C_cell1,2021-12-18T18:50:36,2021-12-18T19:02:06,24,19.172858333333267,30.0,3.4092,3.5143,49.1
102Ah_45degC_1C_cell1|1742|2021-12-18T20:59:57|2021-12-18T21:55:57,102Ah_45degC_1C_cell1,2021-12-18T21:40:57,2021-12-18T21:52:27,24,19.17325833333328,30.0,3.4092,3.515,49.1
102Ah_45degC_1C_cell1|1743|2021-12-18T23:50:17|2021-12-19T00:46:17,102Ah_45degC_1C_cell1,2021-12-19T00:31:17,2021-12-19T00:42:47,24,19.170791666666588,30.0,3.4092,3.5146,49.1
102Ah_45degC_1C_cell1|1811|2021-12-27T00:38:25|2021-12-27T01:34:24,102Ah_45degC_1C_cell1,2021-12-27T01:19:24,2021-12-27T01:30:54,24,19.172349999999923,30.0,3.4089,3.5367,49.25
102Ah_45degC_1C_cell1|1812|2021-12-27T03:28:20|2021-12-27T04:24:20,102Ah_45degC_1C_cell1,2021-12-27T04:09:20,2021-12-27T04:20:50,24,19.172608333333258,30.0,3.4089,3.537,49.3
102Ah_45degC_1C_cell1|1813|2021-12-27T06:18:15|2021-12-27T07:14:15,102Ah_45degC_1C_cell1,2021-12-27T06:59:15,2021-12-27T07:10:45,24,19.172258333333247,30.0,3.4092,3.5373,49.2
102Ah_45degC_1C_cell1|1814|2021-12-27T09:08:11|2021-12-27T10:04:11,102Ah_45degC_1C_cell1,2021-12-27T09:49:11,2021-12-27T10:00:41,24,19.173708333333295,30.0,3.4092,3.5385,49.2
102Ah_45degC_1C_cell1|1815|2021-12-27T11:58:05|2021-12-27T12:54:05,102Ah_45degC_1C_cell1,2021-12-27T12:39:05,2021-12-27T12:50:35,24,19.17240833333325,30.0,3.4095,3.5382,49.1
102Ah_45degC_1C_cell1|1884|2022-01-04T15:22:21|2022-01-04T16:17:51,102Ah_45degC_1C_cell1,2022-01-04T16:02:51,2022-01-04T16:14:21,24,19.174058333333306,30.0,3.4086,3.5106,49.1
102Ah_45degC_1C_cell1|1885|2022-01-04T18:11:50|2022-01-04T19:07:20,102Ah_45degC_1C_cell1,2022-01-04T18:52:20,2022-01-04T19:03:50,24,19.17235833333325,30.0,3.4083,3.5103,49.2
102Ah_45degC_1C_cell1|1886|2022-01-04T21:01:19|2022-01-04T21:56:49,102Ah_45degC_1C_cell1,2022-01-04T21:41:49,2022-01-04T21:53:19,24,19.17300833333327,30.0,3.4083,3.5109,49.1
102Ah_45degC_1C_cell1|1887|2022-01-04T23:50:48|2022-01-05T00:46:17,102Ah_45degC_1C_cell1,2022-01-05T00:31:17,2022-01-05T00:42:47,24,19.17200833333324,30.0,3.4086,3.5112,49.1
102Ah_45degC_1C_cell1|1888|2022-01-05T02:40:16|2022-01-05T03:35:46,102Ah_45degC_1C_cell1,2022-01-05T03:20:46,2022-01-05T03:32:16,24,19.172041666666587,30.0,3.4083,3.5109,49.1
102Ah_45degC_1C_cell1|1957|2022-01-13T05:18:52|2022-01-13T06:14:22,102Ah_45degC_1C_cell1,2022-01-13T05:59:22,2022-01-13T06:10:52,24,19.173358333333283,30.0,3.4086,3.5326,49.2
102Ah_45degC_1C_cell1|1960|2022-01-13T14:03:00|2022-01-13T14:58:30,102Ah_45degC_1C_cell1,2022-01-13T14:43:30,2022-01-13T14:55:00,24,19.173408333333285,30.0,3.4086,3.5357,49.1
102Ah_45degC_1C_cell1|1961|2022-01-13T16:52:01|2022-01-13T17:47:31,102Ah_45degC_1C_cell1,2022-01-13T17:32:31,2022-01-13T17:44:01,24,19.170791666666588,30.0,3.4086,3.5342,49.1
102Ah_45degC_1C_cell1|1962|2022-01-13T19:41:02|2022-01-13T20:36:32,102Ah_45degC_1C_cell1,2022-01-13T20:21:32,2022-01-13T20:33:02,24,19.1698916666666,30.0,3.4086,3.5345,49.1
102Ah_45degC_1C_cell1|2032|2022-01-23T20:59:07|2022-01-23T21:54:07,102Ah_45degC_1C_cell1,2022-01-23T21:39:07,2022-01-23T21:50:37,24,19.173408333333285,30.0,3.408,3.5084,49.2
102Ah_45degC_1C_cell1|2033|2022-01-23T23:47:46|2022-01-24T00:42:46,102Ah_45degC_1C_cell1,2022-01-24T00:27:46,2022-01-24T00:39:16,24,19.17194999999991,30.0,3.408,3.5084,49.1
102Ah_45degC_1C_cell1|2034|2022-01-24T02:36:25|2022-01-24T03:31:25,102Ah_45degC_1C_cell1,2022-01-24T03:16:25,2022-01-24T03:27:55,24,19.17295833333327,30.0,3.408,3.5094,49.1
102Ah_45degC_1C_cell1|2035|2022-01-24T05:25:03|2022-01-24T06:20:03,102Ah_45degC_1C_cell1,2022-01-24T06:05:03,2022-01-24T06:16:33,24,19.17270833333326,30.0,3.408,3.5094,49.1
102Ah_45degC_1C_cell1|2036|2022-01-24T08:13:41|2022-01-24T09:08:41,102Ah_45degC_1C_cell1,2022-01-24T08:53:41,2022-01-24T09:05:11,24,19.17091666666657,30.0,3.408,3.5097,49.1
102Ah_45degC_1C_cell1|2118|2022-02-12T02:10:13|2022-02-12T03:05:13,102Ah_45degC_1C_cell1,2022-02-12T02:50:13,2022-02-12T03:01:43,24,19.171699999999902,30.0,3.4083,3.5419,49.2
102Ah_45degC_1C_cell1|2119|2022-02-12T04:58:11|2022-02-12T05:53:11,102Ah_45degC_1C_cell1,2022-02-12T05:38:11,2022-02-12T05:49:41,24,19.172158333333243,30.0,3.4083,3.5419,49.2
102Ah_45degC_1C_cell1|2120|2022-02-12T07:46:08|2022-02-12T08:41:08,102Ah_45degC_1C_cell1,2022-02-12T08:26:08,2022-02-12T08:37:38,24,19.172608333333258,30.0,3.4083,3.5429,49.2
102Ah_45degC_1C_cell1|2121|2022-02-12T10:34:06|2022-02-12T11:29:06,102Ah_45degC_1C_cell1,2022-02-12T11:14:06,2022-02-12T11:25:36,24,19.173408333333285,30.0,3.4083,3.5438,49.2
102Ah_45degC_1C_cell1|2122|2022-02-12T13:22:03|2022-02-12T14:17:03,102Ah_45degC_1C_cell1,2022-02-12T14:02:03,2022-02-12T14:13:33,24,19.17325833333328,30.0,3.4083,3.5438,49.2
102Ah_45degC_1C_cell1|2204|2022-02-23T08:27:51|2022-02-23T09:22:11,102Ah_45degC_1C_cell1,2022-02-23T09:06:51,2022-02-23T09:18:41,25,19.728152777777694,30.0,3.4058,3.5224,49.1
102Ah_45degC_1C_cell1|2205|2022-02-23T11:15:05|2022-02-23T12:09:34,102Ah_45degC_1C_cell1,2022-02-23T11:54:34,2022-02-23T12:06:04,24,19.16956666666661,30.0,3.4077,3.5236,49.0
102Ah_45degC_1C_cell1|2206|2022-02-23T14:02:28|2022-02-23T14:56:58,102Ah_45degC_1C_cell1,2022-02-23T14:41:58,2022-02-23T14:53:28,24,19.179699999999997,30.0,3.4077,3.5249,49.1
102Ah_45degC_1C_cell1|2207|2022-02-23T16:49:52|2022-02-23T17:44:21,102Ah_45degC_1C_cell1,2022-02-23T17:29:21,2022-02-23T17:40:51,24,19.178749999999965,30.0,3.4071,3.5243,49.2
102Ah_45degC_1C_cell1|2208|2022-02-23T19:37:13|2022-02-23T20:31:43,102Ah_45degC_1C_cell1,2022-02-23T20:16:43,2022-02-23T20:28:13,24,19.179299999999984,30.0,3.4071,3.523,49.3
102Ah_45degC_1C_cell1|2276|2022-03-03T17:03:45|2022-03-03T17:58:15,102Ah_45degC_1C_cell1,2022-03-03T17:42:45,2022-03-03T17:54:15,24,19.172891666666615,30.0,3.4061,3.5032,49.1
102Ah_45degC_1C_cell1|2277|2022-03-03T19:50:42|2022-03-03T20:45:12,102Ah_45degC_1C_cell1,2022-03-03T20:29:42,2022-03-03T20:41:12,24,19.17889999999997,30.0,3.4061,3.5038,49.1
102Ah_45degC_1C_cell1|2278|2022-03-03T22:37:39|2022-03-03T23:32:09,102Ah_45degC_1C_cell1,2022-03-03T23:16:39,2022-03-03T23:28:09,24,19.178699999999964,30.0,3.4061,3.5038,49.1
102Ah_45degC_1C_cell1|2279|2022-03-04T01:24:30|2022-03-04T02:19:00,102Ah_45degC_1C_cell1,2022-03-04T02:03:30,2022-03-04T02:15:00,24,19.176791666666617,30.0,3.4058,3.5029,49.2
102Ah_45degC_1C_cell1|2280|2022-03-04T04:11:26|2022-03-04T05:05:56,102Ah_45degC_1C_cell1,2022-03-04T04:50:26,2022-03-04T05:01:56,24,19.171908333333235,30.0,3.4061,3.5029,49.2
102Ah_55degC_1C_cell3|2|2021-04-29T23:47:24|2021-04-30T00:50:55,102Ah_55degC_1C_cell3,2021-04-30T00:37:55,2021-04-30T00:49:55,25,19.997600000000148,30.0,3.4099,3.51,60.0
102Ah_55degC_1C_cell3|3|2021-04-30T02:54:03|2021-04-30T03:57:33,102Ah_55degC_1C_cell3,2021-04-30T03:44:33,2021-04-30T03:56:33,25,19.99834999999996,30.0,3.4092,3.5162,60.0
102Ah_55degC_1C_cell3|4|2021-04-30T06:00:31|2021-04-30T07:04:01,102Ah_55degC_1C_cell3,2021-04-30T06:51:01,2021-04-30T07:03:01,25,19.998649999999884,30.0,3.4089,3.537,59.9
102Ah_55degC_1C_cell3|5|2021-04-30T09:06:50|2021-04-30T10:09:50,102Ah_55degC_1C_cell3,2021-04-30T09:57:20,2021-04-30T10:09:20,25,19.997800000000097,30.0,3.4086,3.5711,59.9
102Ah_55degC_1C_cell3|6|2021-05-04T15:13:01|2021-05-04T16:16:01,102Ah_55degC_1C_cell3,2021-05-04T16:03:01,2021-05-04T16:15:01,25,19.998249999999985,30.0,3.4083,3.5112,59.7
102Ah_55degC_1C_cell3|7|2021-05-04T18:18:36|2021-05-04T19:21:36,102Ah_55degC_1C_cell3,2021-05-04T19:08:36,2021-05-04T19:20:36,25,19.997650000000135,30.0,3.4077,3.5171,59.9
102Ah_55degC_1C_cell3|8|2021-05-04T21:24:10|2021-05-04T22:27:10,102Ah_55degC_1C_cell3,2021-05-04T22:14:10,2021-05-04T22:26:10,25,19.997800000000097,30.0,3.4077,3.5292,59.8
102Ah_55degC_1C_cell3|9|2021-05-05T00:29:39|2021-05-05T01:32:39,102Ah_55degC_1C_cell3,2021-05-05T01:19:39,2021-05-05T01:31:39,25,19.997850000000085,30.0,3.4077,3.5475,59.8
102Ah_55degC_1C_cell3|10|2021-05-05T03:35:02|2021-05-05T04:38:02,102Ah_55degC_1C_cell3,2021-05-05T04:25:02,2021-05-05T04:37:02,25,19.997850000000085,30.0,3.4077,3.5717,59.9
102Ah_55degC_1C_cell3|11|2021-05-05T06:40:19|2021-05-05T07:42:49,102Ah_55degC_1C_cell3,2021-05-05T07:30:19,2021-05-05T07:42:19,25,19.99795000000006,30.0,3.4077,3.6049,59.8
102Ah_55degC_1C_cell3|107|2021-05-17T13:47:59|2021-05-17T14:48:59,102Ah_55degC_1C_cell3,2021-05-17T14:35:29,2021-05-17T14:47:29,25,19.997600000000148,30.0,3.4043,3.5134,60.1
102Ah_55degC_1C_cell3|108|2021-05-17T16:49:14|2021-05-17T17:50:14,102Ah_55degC_1C_cell3,2021-05-17T17:36:44,2021-05-17T17:48:44,25,19.997600000000148,30.0,3.4043,3.5162,60.1
102Ah_55degC_1C_cell3|109|2021-05-17T19:50:28|2021-05-17T20:51:28,102Ah_55degC_1C_cell3,2021-05-17T20:37:58,2021-05-17T20:49:58,25,19.997600000000148,30.0,3.4043,3.5187,60.1
102Ah_55degC_1C_cell3|110|2021-05-17T22:51:40|2021-05-17T23:52:40,102Ah_55degC_1C_cell3,2021-05-17T23:39:10,2021-05-17T23:51:10,25,19.997600000000148,30.0,3.4043,3.5215,60.1
102Ah_55degC_1C_cell3|111|2021-05-18T01:52:51|2021-05-18T02:53:51,102Ah_55degC_1C_cell3,2021-05-18T02:40:21,2021-05-18T02:52:21,25,19.99815000000001,30.0,3.4043,3.5249,60.1
102Ah_55degC_1C_cell3|174|2021-05-26T00:03:34|2021-05-26T01:03:34,102Ah_55degC_1C_cell3,2021-05-26T00:50:34,2021-05-26T01:02:34,25,19.997800000000097,30.0,3.404,3.5925,60.1
102Ah_55degC_1C_cell3|175|2021-05-26T03:03:27|2021-05-26T04:03:27,102Ah_55degC_1C_cell3,2021-05-26T03:50:27,2021-05-26T04:02:27,25,19.997900000000072,30.0,3.404,3.5977,60.1
102Ah_55degC_1C_cell3|176|2021-05-26T06:03:19|2021-05-26T07:03:19,102Ah_55degC_1C_cell3,2021-05-26T06:50:19,2021-05-26T07:02:19,25,19.99815000000001,30.0,3.404,3.6033,60.1
102Ah_55degC_1C_cell3|177|2021-05-26T09:03:10|2021-05-26T10:03:10,102Ah_55degC_1C_cell3,2021-05-26T09:50:10,2021-05-26T10:02:10,25,19.997700000000123,30.0,3.404,3.6077,60.1
102Ah_55degC_1C_cell3|178|2021-05-26T12:03:00|2021-05-26T13:03:00,102Ah_55degC_1C_cell3,2021-05-26T12:50:00,2021-05-26T13:02:00,25,19.99775000000011,30.0,3.404,3.6129,60.1
102Ah_55degC_1C_cell3|459|2021-07-11T07:16:42|2021-07-11T08:15:11,102Ah_55degC_1C_cell3,2021-07-11T08:01:11,2021-07-11T08:13:11,25,19.996549999999985,30.0,3.4043,3.5004,60.5
102Ah_55degC_1C_cell3|460|2021-07-11T10:12:39|2021-07-11T11:11:09,102Ah_55degC_1C_cell3,2021-07-11T10:57:09,2021-07-11T11:09:09,25,19.99666666666667,30.0,3.4043,3.501,60.5
102Ah_55degC_1C_cell3|461|2021-07-11T13:08:36|2021-07-11T14:07:06,102Ah_55degC_1C_cell3,2021-07-11T13:53:06,2021-07-11T14:05:06,25,19.997075000000066,30.0,3.4043,3.5019,60.5
102Ah_55degC_1C_cell3|462|2021-07-11T16:04:32|2021-07-11T17:03:02,102Ah_55degC_1C_cell3,2021-07-11T16:49:02,2021-07-11T17:01:02,25,19.997250000000093,30.0,3.4043,3.5026,60.5
102Ah_55degC_1C_cell3|463|2021-07-11T19:00:28|2021-07-11T19:58:58,102Ah_55degC_1C_cell3,2021-07-11T19:44:58,2021-07-11T19:56:58,25,19.996549999999985,30.0,3.4043,3.5038,60.4
102Ah_55degC_1C_cell3|526|2021-07-19T11:21:42|2021-07-19T12:19:42,102Ah_55degC_1C_cell3,2021-07-19T12:06:12,2021-07-19T12:18:12,25,19.9952499999999,30.0,3.4043,3.5847,60.3
102Ah_55degC_1C_cell3|527|2021-07-19T14:16:57|2021-07-19T15:14:57,102Ah_55degC_1C_cell3,2021-07-19T15:01:27,2021-07-19T15:13:27,25,19.995949999999922,30.0,3.4043,3.5875,60.3
102Ah_55degC_1C_cell3|528|2021-07-19T17:12:10|2021-07-19T18:10:11,102Ah_55degC_1C_cell3,2021-07-19T17:57:10,2021-07-19T18:08:41,24,19.19079749999993,30.0,3.4052,3.589,60.3
102Ah_55degC_1C_cell3|529|2021-07-19T20:07:24|2021-07-19T21:05:24,102Ah_55degC_1C_cell3,2021-07-19T20:51:54,2021-07-19T21:03:54,25,19.995499999999907,30.0,3.4046,3.5912,60.3
102Ah_55degC_1C_cell3|530|2021-07-19T23:02:37|2021-07-20T00:00:38,102Ah_55degC_1C_cell3,2021-07-19T23:47:07,2021-07-19T23:59:07,25,19.99584999999992,30.0,3.4046,3.5931,60.2
102Ah_55degC_1C_cell3|594|2021-07-27T17:33:50|2021-07-27T18:31:21,102Ah_55degC_1C_cell3,2021-07-27T18:17:51,2021-07-27T18:29:51,25,19.99619999999993,30.0,3.404,3.5444,60.4
102Ah_55degC_1C_cell3|595|2021-07-27T20:28:22|2021-07-27T21:25:51,102Ah_55degC_1C_cell3,2021-07-27T21:12:21,2021-07-27T21:24:21,25,19.99619999999993,30.0,3.404,3.546,60.3
102Ah_55degC_1C_cell3|596|2021-07-27T23:22:52|2021-07-28T00:20:22,102Ah_55degC_1C_cell3,2021-07-28T00:06:52,2021-07-28T00:18:52,25,19.99619999999993,30.0,3.404,3.5481,60.3
102Ah_55degC_1C_cell3|597|2021-07-28T02:17:22|2021-07-28T03:14:52,102Ah_55degC_1C_cell3,2021-07-28T03:01:22,2021-07-28T03:13:22,25,19.99619999999993,30.0,3.404,3.5491,60.3
102Ah_55degC_1C_cell3|598|2021-07-28T05:11:51|2021-07-28T06:09:21,102Ah_55degC_1C_cell3,2021-07-28T05:55:51,2021-07-28T06:07:51,25,19.99619999999993,30.0,3.404,3.5506,60.3
102Ah_55degC_1C_cell3|663|2021-08-05T01:55:28|2021-08-05T02:52:58,102Ah_55degC_1C_cell3,2021-08-05T02:38:58,2021-08-05T02:50:58,25,19.995649999999912,30.0,3.403,3.5134,60.7
102Ah_55degC_1C_cell3|664|2021-08-05T04:49:19|2021-08-05T05:46:49,102Ah_55degC_1C_cell3,2021-08-05T05:32:49,2021-08-05T05:44:49,25,19.99584999999992,30.0,3.403,3.5146,60.7
102Ah_55degC_1C_cell3|665|2021-08-05T07:43:10|2021-08-05T08:40:40,102Ah_55degC_1C_cell3,2021-08-05T08:26:40,2021-08-05T08:38:40,25,19.99619999999993,30.0,3.4033,3.5165,60.5
102Ah_55degC_1C_cell3|666|2021-08-05T10:37:02|2021-08-05T11:34:32,102Ah_55degC_1C_cell3,2021-08-05T11:20:32,2021-08-05T11:32:32,25,19.99614999999993,30.0,3.4033,3.5165,60.6
102Ah_55degC_1C_cell3|667|2021-08-05T13:30:51|2021-08-05T14:28:21,102Ah_55degC_1C_cell3,2021-08-05T14:14:21,2021-08-05T14:26:21,25,19.99619999999993,30.0,3.4037,3.5184,60.4
102Ah_55degC_1C_cell3|735|2021-08-14T23:41:23|2021-08-15T00:38:23,102Ah_55degC_1C_cell3,2021-08-15T00:24:53,2021-08-15T00:36:53,25,19.996099999999927,30.0,3.4037,3.6036,60.5
102Ah_55degC_1C_cell3|736|2021-08-15T02:34:36|2021-08-15T03:31:36,102Ah_55degC_1C_cell3,2021-08-15T03:18:06,2021-08-15T03:30:06,25,19.99584999999992,30.0,3.4033,3.603,60.8
102Ah_55degC_1C_cell3|737|2021-08-15T05:27:47|2021-08-15T06:24:47,102Ah_55degC_1C_cell3,2021-08-15T06:11:17,2021-08-15T06:23:17,25,19.995949999999922,30.0,3.4033,3.6067,60.7
102Ah_55degC_1C_cell3|738|2021-08-15T08:20:57|2021-08-15T09:17:58,102Ah_55degC_1C_cell3,2021-08-15T09:04:28,2021-08-15T09:16:28,25,19.99589999999992,30.0,3.4037,3.6101,60.7
102Ah_55degC_1C_cell3|739|2021-08-15T11:14:08|2021-08-15T12:11:08,102Ah_55degC_1C_cell3,2021-08-15T11:57:38,2021-08-15T12:09:38,25,19.995699999999914,30.0,3.4033,3.6108,60.8
102Ah_55degC_1C_cell3|802|2021-08-23T00:43:29|2021-08-23T01:39:59,102Ah_55degC_1C_cell3,2021-08-23T01:26:29,2021-08-23T01:38:29,25,19.99619999999993,30.0,3.4033,3.554,60.4
102Ah_55degC_1C_cell3|803|2021-08-23T03:36:00|2021-08-23T04:32:30,102Ah_55degC_1C_cell3,2021-08-23T04:19:00,2021-08-23T04:31:00,25,19.99619999999993,30.0,3.4033,3.5559,60.5
102Ah_55degC_1C_cell3|804|2021-08-23T06:28:30|2021-08-23T07:25:00,102Ah_55degC_1C_cell3,2021-08-23T07:11:30,2021-08-23T07:23:30,25,19.99619999999993,30.0,3.4033,3.5568,60.5
102Ah_55degC_1C_cell3|805|2021-08-23T09:21:00|2021-08-23T10:17:30,102Ah_55degC_1C_cell3,2021-08-23T10:04:00,2021-08-23T10:16:00,25,19.99619999999993,30.0,3.4033,3.558,60.5
102Ah_55degC_1C_cell3|806|2021-08-23T12:13:29|2021-08-23T13:09:59,102Ah_55degC_1C_cell3,2021-08-23T12:56:29,2021-08-23T13:08:29,25,19.99619999999993,30.0,3.4033,3.5593,60.5
102Ah_55degC_1C_cell3|869|2021-08-31T01:00:23|2021-08-31T01:56:53,102Ah_55degC_1C_cell3,2021-08-31T01:42:53,2021-08-31T01:54:53,25,19.995949999999922,30.0,3.4024,3.5205,60.7
102Ah_55degC_1C_cell3|870|2021-08-31T03:52:13|2021-08-31T04:48:43,102Ah_55degC_1C_cell3,2021-08-31T04:34:43,2021-08-31T04:46:43,25,19.995999999999924,30.0,3.4024,3.5212,60.8
102Ah_55degC_1C_cell3|871|2021-08-31T06:44:02|2021-08-31T07:40:32,102Ah_55degC_1C_cell3,2021-08-31T07:26:32,2021-08-31T07:38:32,25,19.99619999999993,30.0,3.4024,3.5221,60.7
102Ah_55degC_1C_cell3|872|2021-08-31T09:35:51|2021-08-31T10:32:21,102Ah_55degC_1C_cell3,2021-08-31T10:18:21,2021-08-31T10:30:21,25,19.99554999999991,30.0,3.4024,3.5224,60.8
102Ah_55degC_1C_cell3|873|2021-08-31T12:27:40|2021-08-31T13:24:10,102Ah_55degC_1C_cell3,2021-08-31T13:10:10,2021-08-31T13:22:10,25,19.995499999999907,30.0,3.4024,3.523,60.8
102Ah_55degC_1C_cell3|937|2021-09-08T03:23:16|2021-09-08T04:19:16,102Ah_55degC_1C_cell3,2021-09-08T04:05:46,2021-09-08T04:17:46,25,19.995749999999916,30.0,3.4027,3.612,60.7
102Ah_55degC_1C_cell3|938|2021-09-08T06:14:26|2021-09-08T07:10:26,102Ah_55degC_1C_cell3,2021-09-08T06:56:26,2021-09-08T07:08:26,25,19.99619999999993,30.0,3.4018,3.5001,60.7
102Ah_55degC_1C_cell3|939|2021-09-08T09:05:37|2021-09-08T10:01:37,102Ah_55degC_1C_cell3,2021-09-08T09:47:37,2021-09-08T09:59:37,25,19.99619999999993,30.0,3.4021,3.5013,60.4
102Ah_55degC_1C_cell3|940|2021-09-08T11:56:46|2021-09-08T12:52:46,102Ah_55degC_1C_cell3,2021-09-08T12:38:46,2021-09-08T12:50:46,25,19.996099999999927,30.0,3.4021,3.5019,60.5
102Ah_55degC_1C_cell3|941|2021-09-08T14:47:54|2021-09-08T15:43:54,102Ah_55degC_1C_cell3,2021-09-08T15:29:54,2021-09-08T15:41:54,25,19.99619999999993,30.0,3.4021,3.5026,60.5
102Ah_55degC_1C_cell3|1004|2021-09-16T02:09:44|2021-09-16T03:05:14,102Ah_55degC_1C_cell3,2021-09-16T02:51:44,2021-09-16T03:03:44,25,19.99619999999993,30.0,3.4024,3.5587,60.3
102Ah_55degC_1C_cell3|1005|2021-09-16T05:00:15|2021-09-16T05:55:45,102Ah_55degC_1C_cell3,2021-09-16T05:42:15,2021-09-16T05:54:15,25,19.996099999999927,30.0,3.4024,3.5593,60.4
102Ah_55degC_1C_cell3|1006|2021-09-16T07:50:44|2021-09-16T08:46:14,102Ah_55degC_1C_cell3,2021-09-16T08:32:44,2021-09-16T08:44:44,25,19.996049999999926,30.0,3.4024,3.5608,60.3
102Ah_55degC_1C_cell3|1007|2021-09-16T10:41:14|2021-09-16T11:36:44,102Ah_55degC_1C_cell3,2021-09-16T11:23:14,2021-09-16T11:35:14,25,19.99614999999993,30.0,3.4024,3.5621,60.3
102Ah_55degC_1C_cell3|1008|2021-09-16T13:31:43|2021-09-16T14:27:13,102Ah_55degC_1C_cell3,2021-09-16T14:13:43,2021-09-16T14:25:43,25,19.99619999999993,30.0,3.4024,3.5636,60.3
102Ah_55degC_1C_cell3|1072|2021-09-24T03:01:46|2021-09-24T03:57:16,102Ah_55degC_1C_cell3,2021-09-24T03:43:16,2021-09-24T03:55:16,25,19.996049999999926,30.0,3.4018,3.5243,60.4
102Ah_55degC_1C_cell3|1073|2021-09-24T05:51:36|2021-09-24T06:47:06,102Ah_55degC_1C_cell3,2021-09-24T06:33:06,2021-09-24T06:45:06,25,19.995949999999922,30.0,3.4021,3.5255,60.4
102Ah_55degC_1C_cell3|1074|2021-09-24T08:41:25|2021-09-24T09:36:57,102Ah_55degC_1C_cell3,2021-09-24T09:22:57,2021-09-24T09:34:57,25,19.99614999999993,30.0,3.4021,3.5261,60.4
102Ah_55degC_1C_cell3|1075|2021-09-24T11:31:16|2021-09-24T12:26:46,102Ah_55degC_1C_cell3,2021-09-24T12:12:46,2021-09-24T12:24:46,25,19.99614999999993,30.0,3.4021,3.527,60.4
102Ah_55degC_1C_cell3|1076|2021-09-24T14:21:04|2021-09-24T15:16:34,102Ah_55degC_1C_cell3,2021-09-24T15:02:34,2021-09-24T15:14:34,25,19.99619999999993,30.0,3.4021,3.528,60.4
102Ah_55degC_1C_cell3|1139|2021-10-10T05:28:28|2021-10-10T06:23:28,102Ah_55degC_1C_cell3,2021-10-10T06:09:28,2021-10-10T06:21:28,25,19.997600000000148,30.0,3.4018,3.5094,60.3
102Ah_55degC_1C_cell3|1140|2021-10-10T08:17:31|2021-10-10T09:12:31,102Ah_55degC_1C_cell3,2021-10-10T08:58:31,2021-10-10T09:10:31,25,19.997541666666805,30.0,3.4018,3.51,60.3
102Ah_55degC_1C_cell3|1141|2021-10-10T11:06:33|2021-10-10T12:01:33,102Ah_55degC_1C_cell3,2021-10-10T11:47:33,2021-10-10T11:59:33,25,19.997600000000148,30.0,3.4018,3.5106,60.3
102Ah_55degC_1C_cell3|1142|2021-10-10T13:55:35|2021-10-10T14:50:35,102Ah_55degC_1C_cell3,2021-10-10T14:36:35,2021-10-10T14:48:35,25,19.997700000000123,30.0,3.4018,3.5109,60.3
102Ah_55degC_1C_cell3|1143|2021-10-10T16:44:36|2021-10-10T17:39:36,102Ah_55degC_1C_cell3,2021-10-10T17:25:36,2021-10-10T17:37:36,25,19.997600000000148,30.0,3.4018,3.5115,60.3
102Ah_55degC_1C_cell3|1207|2021-10-18T04:42:56|2021-10-18T05:37:26,102Ah_55degC_1C_cell3,2021-10-18T05:23:56,2021-10-18T05:35:56,25,19.99619999999993,30.0,3.4015,3.568,60.7
102Ah_55degC_1C_cell3|1208|2021-10-18T07:31:20|2021-10-18T08:25:50,102Ah_55degC_1C_cell3,2021-10-18T08:12:20,2021-10-18T08:24:20,25,19.99619999999993,30.0,3.4015,3.5692,60.7
102Ah_55degC_1C_cell3|1209|2021-10-18T10:19:44|2021-10-18T11:14:14,102Ah_55degC_1C_cell3,2021-10-18T11:00:44,2021-10-18T11:12:44,25,19.995399999999904,30.0,3.4015,3.5711,60.6
102Ah_55degC_1C_cell3|1210|2021-10-18T13:08:08|2021-10-18T14:02:38,102Ah_55degC_1C_cell3,2021-10-18T13:49:08,2021-10-18T14:01:08,25,19.99499999999989,30.0,3.4015,3.5717,60.7
102Ah_55degC_1C_cell3|1211|2021-10-18T15:56:30|2021-10-18T16:51:00,102Ah_55degC_1C_cell3,2021-10-18T16:37:30,2021-10-18T16:49:30,25,19.995799999999917,30.0,3.4015,3.5735,60.7
102Ah_55degC_1C_cell3|1274|2021-10-26T00:24:21|2021-10-26T01:18:21,102Ah_55degC_1C_cell3,2021-10-26T01:04:51,2021-10-26T01:16:51,25,19.995049999999893,30.0,3.4009,3.5326,60.6
102Ah_55degC_1C_cell3|1275|2021-10-26T03:12:06|2021-10-26T04:06:06,102Ah_55degC_1C_cell3,2021-10-26T03:52:36,2021-10-26T04:04:36,25,19.995199999999897,30.0,3.4009,3.5336,60.5
102Ah_55degC_1C_cell3|1276|2021-10-26T05:59:50|2021-10-26T06:53:50,102Ah_55degC_1C_cell3,2021-10-26T06:40:20,2021-10-26T06:52:20,25,19.99499999999989,30.0,3.4009,3.5336,60.7
102Ah_55degC_1C_cell3|1277|2021-10-26T08:47:32|2021-10-26T09:41:34,102Ah_55degC_1C_cell3,2021-10-26T09:28:04,2021-10-26T09:40:04,25,19.99499999999989,30.0,3.4009,3.5348,60.6
102Ah_55degC_1C_cell3|1278|2021-10-26T11:35:16|2021-10-26T12:29:16,102Ah_55degC_1C_cell3,2021-10-26T12:15:46,2021-10-26T12:27:46,25,19.995199999999897,30.0,3.4009,3.5363,60.4
102Ah_55degC_1C_cell3|1342|2021-11-02T22:08:14|2021-11-02T23:02:14,102Ah_55degC_1C_cell3,2021-11-02T22:48:14,2021-11-02T23:00:14,25,19.99619999999993,30.0,3.4006,3.5097,60.3
102Ah_55degC_1C_cell3|1343|2021-11-03T00:55:17|2021-11-03T01:49:17,102Ah_55degC_1C_cell3,2021-11-03T01:35:17,2021-11-03T01:47:17,25,19.996316666666615,30.0,3.4006,3.5106,60.4
102Ah_55degC_1C_cell3|1344|2021-11-03T03:42:20|2021-11-03T04:36:20,102Ah_55degC_1C_cell3,2021-11-03T04:22:20,2021-11-03T04:34:20,25,19.99619999999993,30.0,3.4006,3.5112,60.4
102Ah_55degC_1C_cell3|1345|2021-11-03T06:29:22|2021-11-03T07:23:22,102Ah_55degC_1C_cell3,2021-11-03T07:09:22,2021-11-03T07:21:22,25,19.99619999999993,30.0,3.4006,3.5119,60.4
102Ah_55degC_1C_cell3|1346|2021-11-03T09:16:24|2021-11-03T10:10:24,102Ah_55degC_1C_cell3,2021-11-03T09:56:24,2021-11-03T10:08:24,25,19.99619999999993,30.0,3.4046,3.5385,58.4
102Ah_55degC_1C_cell3|1409|2021-11-10T16:18:25|2021-11-10T17:11:55,102Ah_55degC_1C_cell3,2021-11-10T16:58:25,2021-11-10T17:10:25,25,19.99775000000011,30.0,3.4012,3.5819,60.5
102Ah_55degC_1C_cell3|1410|2021-11-10T19:04:47|2021-11-10T19:58:17,102Ah_55degC_1C_cell3,2021-11-10T19:44:47,2021-11-10T19:56:47,25,19.997600000000148,30.0,3.4012,3.5835,60.4
102Ah_55degC_1C_cell3|1411|2021-11-10T21:51:07|2021-11-10T22:44:37,102Ah_55degC_1C_cell3,2021-11-10T22:31:07,2021-11-10T22:43:07,25,19.997541666666805,30.0,3.4009,3.5856,60.4
102Ah_55degC_1C_cell3|1412|2021-11-11T00:37:26|2021-11-11T01:30:56,102Ah_55degC_1C_cell3,2021-11-11T01:17:26,2021-11-11T01:29:26,25,19.997600000000148,30.0,3.4012,3.5897,60.3
102Ah_55degC_1C_cell3|1413|2021-11-11T03:23:45|2021-11-11T04:17:15,102Ah_55degC_1C_cell3,2021-11-11T04:03:45,2021-11-11T04:15:45,25,19.996841666666697,30.0,3.4012,3.59,60.3
102Ah_55degC_1C_cell3|1477|2021-11-18T12:23:57|2021-11-18T13:16:57,102Ah_55degC_1C_cell3,2021-11-18T13:03:27,2021-11-18T13:15:27,25,19.995999999999924,30.0,3.4006,3.5636,60.4
102Ah_55degC_1C_cell3|1478|2021-11-18T15:09:29|2021-11-18T16:02:29,102Ah_55degC_1C_cell3,2021-11-18T15:48:59,2021-11-18T16:00:59,25,19.99619999999993,30.0,3.4006,3.5655,60.3
102Ah_55degC_1C_cell3|1479|2021-11-18T17:55:01|2021-11-18T18:48:01,102Ah_55degC_1C_cell3,2021-11-18T18:34:31,2021-11-18T18:46:31,25,19.99619999999993,30.0,3.4006,3.5677,60.4
102Ah_55degC_1C_cell3|1480|2021-11-18T20:40:32|2021-11-18T21:33:32,102Ah_55degC_1C_cell3,2021-11-18T21:20:02,2021-11-18T21:32:02,25,19.9964333333333,30.0,3.4006,3.5698,60.4
102Ah_55degC_1C_cell3|1481|2021-11-18T23:26:02|2021-11-19T00:19:03,102Ah_55degC_1C_cell3,2021-11-19T00:05:33,2021-11-19T00:17:33,25,19.99619999999993,30.0,3.4006,3.572,60.4
102Ah_55degC_1C_cell3|1546|2021-11-30T03:50:13|2021-11-30T04:42:43,102Ah_55degC_1C_cell3,2021-11-30T04:29:13,2021-11-30T04:41:13,25,19.99619999999993,30.0,3.4006,3.581,60.4
102Ah_55degC_1C_cell3|1547|2021-11-30T06:34:46|2021-11-30T07:27:16,102Ah_55degC_1C_cell3,2021-11-30T07:13:46,2021-11-30T07:25:46,25,19.99619999999993,30.0,3.4006,3.5838,60.4
102Ah_55degC_1C_cell3|1548|2021-11-30T09:19:19|2021-11-30T10:11:49,102Ah_55degC_1C_cell3,2021-11-30T09:58:19,2021-11-30T10:10:19,25,19.99619999999993,30.0,3.4006,3.5872,60.4
102Ah_55degC_1C_cell3|1549|2021-11-30T12:03:51|2021-11-30T12:56:21,102Ah_55degC_1C_cell3,2021-11-30T12:42:51,2021-11-30T12:54:51,25,19.99619999999993,30.0,3.4006,3.5906,60.4
102Ah_55degC_1C_cell3|1550|2021-11-30T14:48:21|2021-11-30T15:40:51,102Ah_55degC_1C_cell3,2021-11-30T15:27:21,2021-11-30T15:39:21,25,19.996783333333354,30.0,3.4006,3.594,60.4
102Ah_55degC_1C_cell3|1614|2021-12-07T21:37:06|2021-12-07T22:29:06,102Ah_55degC_1C_cell3,2021-12-07T22:15:06,2021-12-07T22:27:06,25,19.996316666666623,30.0,3.3996,3.5218,60.4
102Ah_55degC_1C_cell3|1615|2021-12-08T00:20:20|2021-12-08T01:12:20,102Ah_55degC_1C_cell3,2021-12-08T00:58:20,2021-12-08T01:10:20,25,19.99619999999993,30.0,3.3996,3.523,60.4
102Ah_55degC_1C_cell3|1616|2021-12-08T03:03:32|2021-12-08T03:55:32,102Ah_55degC_1C_cell3,2021-12-08T03:41:32,2021-12-08T03:53:32,25,19.99619999999993,30.0,3.3996,3.5252,60.4
102Ah_55degC_1C_cell3|1617|2021-12-08T05:46:43|2021-12-08T06:38:43,102Ah_55degC_1C_cell3,2021-12-08T06:24:43,2021-12-08T06:36:43,25,19.996199999999938,30.0,3.3996,3.5267,60.5
102Ah_55degC_1C_cell3|1618|2021-12-08T08:29:52|2021-12-08T09:21:53,102Ah_55degC_1C_cell3,2021-12-08T09:07:53,2021-12-08T09:19:53,25,19.996199999999938,30.0,3.3996,3.5286,60.3
102Ah_55degC_1C_cell3|1681|2021-12-15T11:06:03|2021-12-15T11:57:32,102Ah_55degC_1C_cell3,2021-12-15T11:43:32,2021-12-15T11:55:32,25,19.99614999999993,30.0,3.3999,3.5735,60.3
102Ah_55degC_1C_cell3|1682|2021-12-15T13:47:49|2021-12-15T14:39:19,102Ah_55degC_1C_cell3,2021-12-15T14:25:19,2021-12-15T14:37:19,25,19.996199999999938,30.0,3.3996,3.5766,60.4
102Ah_55degC_1C_cell3|1683|2021-12-15T16:29:35|2021-12-15T17:21:05,102Ah_55degC_1C_cell3,2021-12-15T17:07:05,2021-12-15T17:19:05,25,19.99619999999993,30.0,3.3999,3.5794,60.4
102Ah_55degC_1C_cell3|1684|2021-12-15T19:11:20|2021-12-15T20:02:50,102Ah_55degC_1C_cell3,2021-12-15T19:48:50,2021-12-15T20:00:50,25,19.99619999999993,30.0,3.3999,3.5832,60.3
102Ah_55degC_1C_cell3|1685|2021-12-15T21:53:02|2021-12-15T22:44:32,102Ah_55degC_1C_cell3,2021-12-15T22:30:32,2021-12-15T22:42:32,25,19.995749999999923,30.0,3.3996,3.5841,60.5
102Ah_55degC_1C_cell3|1749|2021-12-23T01:35:20|2021-12-23T02:25:49,102Ah_55degC_1C_cell3,2021-12-23T02:11:49,2021-12-23T02:23:49,25,19.99599999999993,30.0,3.399,3.5314,60.3
102Ah_55degC_1C_cell3|1750|2021-12-23T04:15:32|2021-12-23T05:06:02,102Ah_55degC_1C_cell3,2021-12-23T04:52:02,2021-12-23T05:04:02,25,19.99619999999993,30.0,3.399,3.5332,60.3
102Ah_55degC_1C_cell3|1751|2021-12-23T06:55:42|2021-12-23T07:46:12,102Ah_55degC_1C_cell3,2021-12-23T07:32:12,2021-12-23T07:44:12,25,19.99614999999993,30.0,3.399,3.5354,60.3
102Ah_55degC_1C_cell3|1752|2021-12-23T09:35:52|2021-12-23T10:26:22,102Ah_55degC_1C_cell3,2021-12-23T10:12:22,2021-12-23T10:24:22,25,19.996199999999938,30.0,3.399,3.5373,60.3
102Ah_55degC_1C_cell3|1753|2021-12-23T12:16:00|2021-12-23T13:06:30,102Ah_55degC_1C_cell3,2021-12-23T12:52:30,2021-12-23T13:04:30,25,19.99499999999992,30.0,3.399,3.5391,60.3
102Ah_55degC_1C_cell3|1816|2021-12-30T11:36:15|2021-12-30T12:26:14,102Ah_55degC_1C_cell3,2021-12-30T12:11:44,2021-12-30T12:23:44,25,19.995249999999935,30.0,3.3975,3.5072,60.9
102Ah_55degC_1C_cell3|1817|2021-12-30T14:14:49|2021-12-30T15:04:49,102Ah_55degC_1C_cell3,2021-12-30T14:50:19,2021-12-30T15:02:19,25,19.996199999999938,30.0,3.3978,3.5106,60.5
102Ah_55degC_1C_cell3|1818|2021-12-30T16:53:22|2021-12-30T17:43:22,102Ah_55degC_1C_cell3,2021-12-30T17:28:52,2021-12-30T17:40:52,25,19.995849999999926,30.0,3.3978,3.5115,60.7
102Ah_55degC_1C_cell3|1819|2021-12-30T19:31:54|2021-12-30T20:21:54,102Ah_55degC_1C_cell3,2021-12-30T20:07:24,2021-12-30T20:19:24,25,19.995599999999932,30.0,3.3978,3.5125,60.8
102Ah_55degC_1C_cell3|1820|2021-12-30T22:10:23|2021-12-30T23:00:23,102Ah_55degC_1C_cell3,2021-12-30T22:45:53,2021-12-30T22:57:53,25,19.995749999999937,30.0,3.3978,3.5137,60.9
102Ah_55degC_1C_cell3|1883|2022-01-06T19:44:55|2022-01-06T20:33:55,102Ah_55degC_1C_cell3,2022-01-06T20:19:55,2022-01-06T20:31:55,25,19.99519999999994,30.0,3.3987,3.5894,60.4
102Ah_55degC_1C_cell3|1884|2022-01-06T22:21:49|2022-01-06T23:10:49,102Ah_55degC_1C_cell3,2022-01-06T22:56:19,2022-01-06T23:08:19,25,19.995049999999942,30.0,3.3975,3.5007,60.3
102Ah_55degC_1C_cell3|1885|2022-01-07T00:58:42|2022-01-07T01:47:42,102Ah_55degC_1C_cell3,2022-01-07T01:33:12,2022-01-07T01:45:12,25,19.994999999999948,30.0,3.3975,3.5016,60.4
102Ah_55degC_1C_cell3|1886|2022-01-07T03:35:33|2022-01-07T04:24:33,102Ah_55degC_1C_cell3,2022-01-07T04:10:03,2022-01-07T04:22:03,25,19.994999999999948,30.0,3.3975,3.5032,60.5
102Ah_55degC_1C_cell3|1887|2022-01-07T06:12:22|2022-01-07T07:01:22,102Ah_55degC_1C_cell3,2022-01-07T06:46:52,2022-01-07T06:58:52,25,19.99499999999994,30.0,3.3975,3.5044,60.3
102Ah_55degC_1C_cell3|1951|2022-01-14T04:35:40|2022-01-14T05:23:40,102Ah_55degC_1C_cell3,2022-01-14T05:09:40,2022-01-14T05:21:40,25,19.99684166666667,30.0,3.3987,3.5794,60.3
102Ah_55degC_1C_cell3|1952|2022-01-14T07:10:47|2022-01-14T07:58:47,102Ah_55degC_1C_cell3,2022-01-14T07:44:47,2022-01-14T07:56:47,25,19.996549999999978,30.0,3.3987,3.5835,60.3
102Ah_55degC_1C_cell3|1953|2022-01-14T14:56:00|2022-01-14T15:44:30,102Ah_55degC_1C_cell3,2022-01-14T15:29:30,2022-01-14T15:41:30,25,19.99619999999993,30.0,3.4021,3.5435,50.5
102Ah_55degC_1C_cell3|1956|2022-01-14T17:31:20|2022-01-14T18:19:22,102Ah_55degC_1C_cell3,2022-01-14T18:05:22,2022-01-14T18:17:22,25,19.996199999999938,30.0,3.3993,3.5872,60.0
102Ah_55degC_1C_cell3|1957|2022-01-14T20:06:10|2022-01-14T20:54:10,102Ah_55degC_1C_cell3,2022-01-14T20:39:40,2022-01-14T20:51:40,25,19.99619999999993,30.0,3.3971,3.5047,60.4
102Ah_55degC_1C_cell3|2023|2022-01-22T16:37:04|2022-01-22T17:24:04,102Ah_55degC_1C_cell3,2022-01-22T17:09:34,2022-01-22T17:21:34,25,19.99539999999996,30.0,3.3968,3.5019,60.3
102Ah_55degC_1C_cell3|2024|2022-01-22T19:10:12|2022-01-22T19:57:12,102Ah_55degC_1C_cell3,2022-01-22T19:42:42,2022-01-22T19:54:42,25,19.99504999999997,30.0,3.3968,3.5035,60.4
102Ah_55degC_1C_cell3|2025|2022-01-22T21:43:17|2022-01-22T22:30:17,102Ah_55degC_1C_cell3,2022-01-22T22:15:47,2022-01-22T22:27:47,25,19.994999999999976,30.0,3.3968,3.5047,60.4
102Ah_55degC_1C_cell3|2026|2022-01-23T00:16:20|2022-01-23T01:03:20,102Ah_55degC_1C_cell3,2022-01-23T00:48:50,2022-01-23T01:00:50,25,19.994999999999976,30.0,3.3971,3.5063,60.4
102Ah_55degC_1C_cell3|2027|2022-01-23T02:49:22|2022-01-23T03:36:22,102Ah_55degC_1C_cell3,2022-01-23T03:21:52,2022-01-23T03:33:52,25,19.99499999999997,30.0,3.3971,3.5081,60.4
102Ah_55degC_1C_cell3|2095|2022-02-10T22:56:45|2022-02-10T23:42:44,102Ah_55degC_1C_cell3,2022-02-10T23:28:14,2022-02-10T23:40:14,25,19.99619999999993,30.0,3.3965,3.5016,60.8
102Ah_55degC_1C_cell3|2096|2022-02-11T01:27:38|2022-02-11T02:13:38,102Ah_55degC_1C_cell3,2022-02-11T01:59:08,2022-02-11T02:11:08,25,19.99619999999993,30.0,3.3965,3.5035,60.7
102Ah_55degC_1C_cell3|2097|2022-02-11T03:58:31|2022-02-11T04:44:31,102Ah_55degC_1C_cell3,2022-02-11T04:30:01,2022-02-11T04:42:01,25,19.996258333333273,30.0,3.3968,3.506,60.4
102Ah_55degC_1C_cell3|2098|2022-02-11T06:29:24|2022-02-11T07:15:24,102Ah_55degC_1C_cell3,2022-02-11T07:00:54,2022-02-11T07:12:54,25,19.99690000000001,30.0,3.3968,3.5081,60.4
102Ah_55degC_1C_cell3|2099|2022-02-11T09:00:16|2022-02-11T09:46:16,102Ah_55degC_1C_cell3,2022-02-11T09:31:46,2022-02-11T09:43:46,25,19.99619999999993,30.0,3.3968,3.5094,60.4
102Ah_55degC_1C_cell3|2162|2022-02-17T22:41:23|2022-02-17T23:26:53,102Ah_55degC_1C_cell3,2022-02-17T23:12:23,2022-02-17T23:24:23,25,19.994999999999997,30.0,3.3971,3.5797,60.7
102Ah_55degC_1C_cell3|2163|2022-02-18T01:10:34|2022-02-18T01:55:34,102Ah_55degC_1C_cell3,2022-02-18T01:41:34,2022-02-18T01:53:34,25,19.994999999999997,30.0,3.3971,3.5832,60.7
102Ah_55degC_1C_cell3|2164|2022-02-18T03:39:42|2022-02-18T04:24:42,102Ah_55degC_1C_cell3,2022-02-18T04:10:12,2022-02-18T04:22:12,25,19.995150000000002,30.0,3.3959,3.5007,60.8
102Ah_55degC_1C_cell3|2165|2022-02-18T06:08:49|2022-02-18T06:53:49,102Ah_55degC_1C_cell3,2022-02-18T06:39:19,2022-02-18T06:51:19,25,19.994999999999997,30.0,3.3959,3.5026,60.8
102Ah_55degC_1C_cell3|2166|2022-02-18T08:37:55|2022-02-18T09:22:56,102Ah_55degC_1C_cell3,2022-02-18T09:08:26,2022-02-18T09:20:26,25,19.995099999999994,30.0,3.3962,3.5041,60.8
102Ah_55degC_1C_cell3|2230|2022-02-24T22:39:38|2022-02-24T23:24:08,102Ah_55degC_1C_cell3,2022-02-24T23:09:38,2022-02-24T23:21:38,25,19.99619999999993,30.0,3.3971,3.5726,60.5
102Ah_55degC_1C_cell3|2231|2022-02-25T01:06:52|2022-02-25T01:51:22,102Ah_55degC_1C_cell3,2022-02-25T01:36:52,2022-02-25T01:48:52,25,19.995699999999957,30.0,3.3971,3.5748,60.7
102Ah_55degC_1C_cell3|2232|2022-02-25T03:34:04|2022-02-25T04:18:04,102Ah_55degC_1C_cell3,2022-02-25T04:04:04,2022-02-25T04:16:04,25,19.99549999999998,30.0,3.3971,3.5785,60.7
102Ah_55degC_1C_cell3|2233|2022-02-25T06:01:13|2022-02-25T06:45:13,102Ah_55degC_1C_cell3,2022-02-25T06:30:43,2022-02-25T06:42:43,25,19.996199999999938,30.0,3.3959,3.5001,60.7
102Ah_55degC_1C_cell3|2234|2022-02-25T08:28:21|2022-02-25T09:12:23,102Ah_55degC_1C_cell3,2022-02-25T08:58:21,2022-02-25T09:09:53,24,19.217716666666668,30.0,3.3968,3.501,60.9
102Ah_55degC_1C_cell3|2302|2022-03-06T11:50:17|2022-03-06T12:33:17,102Ah_55degC_1C_cell3,2022-03-06T12:19:17,2022-03-06T12:31:17,25,19.995150000000002,30.0,3.3965,3.5584,60.7
102Ah_55degC_1C_cell3|2303|2022-03-06T14:15:31|2022-03-06T14:58:31,102Ah_55degC_1C_cell3,2022-03-06T14:44:31,2022-03-06T14:56:31,25,19.99500000000002,30.0,3.3965,3.5611,60.8
102Ah_55degC_1C_cell3|2304|2022-03-06T16:40:43|2022-03-06T17:23:43,102Ah_55degC_1C_cell3,2022-03-06T17:09:43,2022-03-06T17:21:43,25,19.995000000000026,30.0,3.3965,3.5642,60.8
102Ah_55degC_1C_cell3|2305|2022-03-06T19:05:55|2022-03-06T19:48:55,102Ah_55degC_1C_cell3,2022-03-06T19:34:55,2022-03-06T19:46:55,25,19.99500000000002,30.0,3.3965,3.5677,60.9
102Ah_55degC_1C_cell3|2306|2022-03-06T21:31:04|2022-03-06T22:14:04,102Ah_55degC_1C_cell3,2022-03-06T22:00:04,2022-03-06T22:12:04,25,19.995000000000026,30.0,3.3968,3.572,60.8
