held_temperature_group_C,cell_id,target_ordinal,method,pred_pp,actual_pp,error_pp,inner_macro_mae_pp,selected_alpha
25,102Ah_25degC_0p5C_cell3,1,age_rate_noT,89.07956591226046,100.57,-11.49043408773953,115.23460112185543,1000.0
25,102Ah_25degC_0p5C_cell3,2,age_rate_noT,88.7484588169659,99.885,-11.136541183034112,115.23460112185543,1000.0
25,102Ah_25degC_0p5C_cell3,3,age_rate_noT,88.47914329440704,99.386,-10.906856705592958,115.23460112185543,1000.0
25,102Ah_25degC_0p5C_cell3,4,age_rate_noT,88.23655270424781,98.994,-10.757447295752186,115.23460112185543,1000.0
25,102Ah_25degC_0p5C_cell3,5,age_rate_noT,88.01714842082694,98.602,-10.584851579173062,115.23460112185543,1000.0
25,102Ah_25degC_0p5C_cell3,6,age_rate_noT,88.16333396887202,98.235,-10.071666031127975,115.23460112185543,1000.0
25,102Ah_25degC_0p5C_cell3,7,age_rate_noT,88.0590404277456,97.993,-9.933959572254395,115.23460112185543,1000.0
25,102Ah_25degC_0p5C_cell3,8,age_rate_noT,87.9571349814127,97.71,-9.7528650185873,115.23460112185543,1000.0
25,102Ah_25degC_0p5C_cell3,9,age_rate_noT,87.86439192486583,97.441,-9.576608075134175,115.23460112185543,1000.0
25,102Ah_25degC_0p5C_cell3,10,age_rate_noT,87.77932753295673,97.212,-9.432672467043275,115.23460112185543,1000.0
25,102Ah_25degC_0p5C_cell3,11,age_rate_noT,87.70090997915023,97.027,-9.326090020849776,115.23460112185543,1000.0
25,102Ah_25degC_0p5C_cell3,12,age_rate_noT,87.62337933974945,96.825,-9.201620660250555,115.23460112185543,1000.0
25,102Ah_25degC_0p5C_cell3,13,age_rate_noT,87.55134722611125,96.653,-9.101652773888759,115.23460112185543,1000.0
25,102Ah_25degC_0p5C_cell3,14,age_rate_noT,87.4795670522401,96.449,-8.969432947759898,115.23460112185543,1000.0
25,102Ah_25degC_0p5C_cell3,15,age_rate_noT,87.41026283396158,96.24,-8.829737166038413,115.23460112185543,1000.0
25,102Ah_25degC_0p5C_cell3,16,age_rate_noT,87.33325285541362,96.134,-8.800747144586381,115.23460112185543,1000.0
25,102Ah_25degC_0p5C_cell3,17,age_rate_noT,87.26521144035821,95.949,-8.683788559641783,115.23460112185543,1000.0
25,102Ah_25degC_0p5C_cell3,18,age_rate_noT,87.2022040531247,95.782,-8.579795946875294,115.23460112185543,1000.0
25,102Ah_25degC_0p5C_cell3,19,age_rate_noT,87.14260771204971,95.643,-8.500392287950291,115.23460112185543,1000.0
25,102Ah_25degC_0p5C_cell3,20,age_rate_noT,87.07957395426777,95.469,-8.389426045732222,115.23460112185543,1000.0
25,102Ah_25degC_0p5C_cell3,21,age_rate_noT,87.02270677167019,95.318,-8.295293228329811,115.23460112185543,1000.0
25,102Ah_25degC_0p5C_cell3,22,age_rate_noT,86.90750757052172,95.076,-8.168492429478277,115.23460112185543,1000.0
25,102Ah_25degC_0p5C_cell3,23,age_rate_noT,86.85406721491351,94.944,-8.08993278508649,115.23460112185543,1000.0
25,102Ah_25degC_0p5C_cell3,24,age_rate_noT,86.79962915130758,94.756,-7.956370848692416,115.23460112185543,1000.0
25,102Ah_25degC_0p5C_cell3,25,age_rate_noT,86.74365504480461,94.621,-7.877344955195383,115.23460112185543,1000.0
25,102Ah_25degC_0p5C_cell3,26,age_rate_noT,86.68228775847706,94.566,-7.883712241522943,115.23460112185543,1000.0
25,102Ah_25degC_0p5C_cell3,27,age_rate_noT,86.63046847142176,94.418,-7.787531528578242,115.23460112185543,1000.0
25,102Ah_25degC_0p5C_cell3,28,age_rate_noT,86.57932400896836,94.238,-7.658675991031643,115.23460112185543,1000.0
25,102Ah_25degC_0p5C_cell3,29,age_rate_noT,86.5303197440167,94.035,-7.504680255983303,115.23460112185543,1000.0
25,102Ah_25degC_0p5C_cell3,30,age_rate_noT,86.48043619958803,93.975,-7.494563800411967,115.23460112185543,1000.0
25,102Ah_25degC_1C_cell3,1,age_rate_noT,89.26804012313312,98.416,-9.147959876866878,115.23460112185543,1000.0
25,102Ah_25degC_1C_cell3,2,age_rate_noT,88.89643963872258,97.313,-8.41656036127742,115.23460112185543,1000.0
25,102Ah_25degC_1C_cell3,3,age_rate_noT,88.57864556949426,96.453,-7.874354430505747,115.23460112185543,1000.0
25,102Ah_25degC_1C_cell3,4,age_rate_noT,88.31658926654325,95.685,-7.368410733456756,115.23460112185543,1000.0
25,102Ah_25degC_1C_cell3,5,age_rate_noT,88.10014291777578,95.032,-6.931857082224212,115.23460112185543,1000.0
25,102Ah_25degC_1C_cell3,6,age_rate_noT,87.89299218828273,94.387,-6.4940078117172675,115.23460112185543,1000.0
25,102Ah_25degC_1C_cell3,7,age_rate_noT,87.70281348176134,93.84,-6.137186518238664,115.23460112185543,1000.0
25,102Ah_25degC_1C_cell3,8,age_rate_noT,87.08087628522448,91.223,-4.142123714775522,115.23460112185543,1000.0
25,102Ah_25degC_1C_cell3,9,age_rate_noT,86.93487508031254,90.681,-3.7461249196874604,115.23460112185543,1000.0
25,102Ah_25degC_1C_cell3,10,age_rate_noT,86.79182459987663,90.145,-3.3531754001233622,115.23460112185543,1000.0
25,102Ah_25degC_1C_cell3,11,age_rate_noT,86.31232896676617,88.091,-1.7786710332338203,115.23460112185543,1000.0
25,102Ah_25degC_1C_cell3,12,age_rate_noT,86.18053727585527,87.634,-1.4534627241447282,115.23460112185543,1000.0
25,102Ah_25degC_1C_cell3,13,age_rate_noT,86.02203830558071,87.186,-1.1639616944192994,115.23460112185543,1000.0
25,102Ah_25degC_1C_cell3,14,age_rate_noT,85.89361747330585,86.59,-0.6963825266941512,115.23460112185543,1000.0
25,102Ah_25degC_1C_cell3,15,age_rate_noT,85.74921981474691,86.06,-0.31078018525309403,115.23460112185543,1000.0
25,102Ah_25degC_1C_cell3,16,age_rate_noT,85.62526888757147,85.611,0.014268887571461164,115.23460112185543,1000.0
25,102Ah_25degC_1C_cell3,17,age_rate_noT,85.49117297902185,85.114,0.3771729790218501,115.23460112185543,1000.0
25,102Ah_25degC_1C_cell3,18,age_rate_noT,85.36771683827715,84.615,0.7527168382771521,115.23460112185543,1000.0
25,102Ah_25degC_1C_cell3,19,age_rate_noT,85.23160568897553,84.043,1.188605688975528,115.23460112185543,1000.0
25,102Ah_25degC_1C_cell3,20,age_rate_noT,85.11120509133484,83.473,1.6382050913348394,115.23460112185543,1000.0
25,102Ah_25degC_1C_cell3,21,age_rate_noT,84.9894240231296,82.835,2.1544240231296072,115.23460112185543,1000.0
25,102Ah_25degC_1C_cell3,22,age_rate_noT,84.83387964936517,81.961,2.8728796493651743,115.23460112185543,1000.0
25,102Ah_25degC_1C_cell3,23,age_rate_noT,84.7127058959191,81.241,3.4717058959191007,115.23460112185543,1000.0
25,102Ah_25degC_1C_cell3,24,age_rate_noT,84.59366247656124,80.472,4.121662476561241,115.23460112185543,1000.0
25,102Ah_25degC_1C_cell3,25,age_rate_noT,84.47666877875929,79.606,4.8706687787592955,115.23460112185543,1000.0
25,102Ah_25degC_1C_cell3,26,age_rate_noT,84.36165038179172,78.648,5.713650381791723,115.23460112185543,1000.0
25,102Ah_25degC_1C_cell3,27,age_rate_noT,84.2438790539529,77.549,6.694879053952889,115.23460112185543,1000.0
25,102Ah_25degC_1C_cell3,28,age_rate_noT,84.12505184011249,76.204,7.921051840112497,115.23460112185543,1000.0
25,102Ah_25degC_1C_cell3,29,age_rate_noT,83.81552768385717,73.38,10.435527683857174,115.23460112185543,1000.0
25,102Ah_25degC_1C_cell3,30,age_rate_noT,83.77344697547612,70.854,12.91944697547612,115.23460112185543,1000.0
25,102Ah_25degC_0p5C_cell3,1,current_T,107.55873604414211,100.57,6.988736044142115,109.34073330052658,0.1
25,102Ah_25degC_0p5C_cell3,2,current_T,107.30867613189145,99.885,7.42367613189144,109.34073330052658,0.1
25,102Ah_25degC_0p5C_cell3,3,current_T,106.73935060980486,99.386,7.353350609804863,109.34073330052658,0.1
25,102Ah_25degC_0p5C_cell3,4,current_T,106.2123785905889,98.994,7.218378590588898,109.34073330052658,0.1
25,102Ah_25degC_0p5C_cell3,5,current_T,105.72500875182993,98.602,7.1230087518299285,109.34073330052658,0.1
25,102Ah_25degC_0p5C_cell3,6,current_T,104.0934202546191,98.235,5.858420254619105,109.34073330052658,0.1
25,102Ah_25degC_0p5C_cell3,7,current_T,104.29161583430187,97.993,6.29861583430187,109.34073330052658,0.1
25,102Ah_25degC_0p5C_cell3,8,current_T,103.68480983721591,97.71,5.974809837215915,109.34073330052658,0.1
25,102Ah_25degC_0p5C_cell3,9,current_T,103.5909670649929,97.441,6.149967064992893,109.34073330052658,0.1
25,102Ah_25degC_0p5C_cell3,10,current_T,103.26884826888875,97.212,6.056848268888743,109.34073330052658,0.1
25,102Ah_25degC_0p5C_cell3,11,current_T,102.6534464043531,97.027,5.6264464043531035,109.34073330052658,0.1
25,102Ah_25degC_0p5C_cell3,12,current_T,102.21904912575722,96.825,5.3940491257572205,109.34073330052658,0.1
25,102Ah_25degC_0p5C_cell3,13,current_T,101.92335848136358,96.653,5.270358481363573,109.34073330052658,0.1
25,102Ah_25degC_0p5C_cell3,14,current_T,101.80759109315542,96.449,5.358591093155425,109.34073330052658,0.1
25,102Ah_25degC_0p5C_cell3,15,current_T,101.63445816769439,96.24,5.3944581676943955,109.34073330052658,0.1
25,102Ah_25degC_0p5C_cell3,16,current_T,101.24423232112535,96.134,5.110232321125352,109.34073330052658,0.1
25,102Ah_25degC_0p5C_cell3,17,current_T,100.6346400237021,95.949,4.685640023702106,109.34073330052658,0.1
25,102Ah_25degC_0p5C_cell3,18,current_T,100.00971631603858,95.782,4.227716316038581,109.34073330052658,0.1
25,102Ah_25degC_0p5C_cell3,19,current_T,99.95191683812304,95.643,4.308916838123039,109.34073330052658,0.1
25,102Ah_25degC_0p5C_cell3,20,current_T,99.41299379381917,95.469,3.9439937938191747,109.34073330052658,0.1
25,102Ah_25degC_0p5C_cell3,21,current_T,98.95894650296263,95.318,3.6409465029626347,109.34073330052658,0.1
25,102Ah_25degC_0p5C_cell3,22,current_T,98.37760653916817,95.076,3.3016065391681764,109.34073330052658,0.1
25,102Ah_25degC_0p5C_cell3,23,current_T,98.23827364317057,94.944,3.2942736431705697,109.34073330052658,0.1
25,102Ah_25degC_0p5C_cell3,24,current_T,98.89389451421746,94.756,4.137894514217464,109.34073330052658,0.1
25,102Ah_25degC_0p5C_cell3,25,current_T,98.73795928987379,94.621,4.11695928987379,109.34073330052658,0.1
25,102Ah_25degC_0p5C_cell3,26,current_T,97.0126152827985,94.566,2.446615282798504,109.34073330052658,0.1
25,102Ah_25degC_0p5C_cell3,27,current_T,96.74725493896916,94.418,2.3292549389691573,109.34073330052658,0.1
25,102Ah_25degC_0p5C_cell3,28,current_T,96.97690396689848,94.238,2.7389039668984765,109.34073330052658,0.1
25,102Ah_25degC_0p5C_cell3,29,current_T,98.07984665182576,94.035,4.044846651825765,109.34073330052658,0.1
25,102Ah_25degC_0p5C_cell3,30,current_T,97.01573269498128,93.975,3.040732694981287,109.34073330052658,0.1
25,102Ah_25degC_1C_cell3,1,current_T,102.02905006151181,98.416,3.6130500615118137,109.34073330052658,0.1
25,102Ah_25degC_1C_cell3,2,current_T,100.9497929605443,97.313,3.636792960544298,109.34073330052658,0.1
25,102Ah_25degC_1C_cell3,3,current_T,100.0524093756847,96.453,3.5994093756847008,109.34073330052658,0.1
25,102Ah_25degC_1C_cell3,4,current_T,99.28788112432383,95.685,3.6028811243238295,109.34073330052658,0.1
25,102Ah_25degC_1C_cell3,5,current_T,98.16681788043327,95.032,3.1348178804332747,109.34073330052658,0.1
25,102Ah_25degC_1C_cell3,6,current_T,97.50904948417843,94.387,3.122049484178433,109.34073330052658,0.1
25,102Ah_25degC_1C_cell3,7,current_T,96.79322143439562,93.84,2.9532214343956156,109.34073330052658,0.1
25,102Ah_25degC_1C_cell3,8,current_T,95.6957732845453,91.223,4.472773284545298,109.34073330052658,0.1
25,102Ah_25degC_1C_cell3,9,current_T,95.99721539729303,90.681,5.3162153972930355,109.34073330052658,0.1
25,102Ah_25degC_1C_cell3,10,current_T,96.61269520430409,90.145,6.467695204304093,109.34073330052658,0.1
25,102Ah_25degC_1C_cell3,11,current_T,92.51070294100587,88.091,4.41970294100588,109.34073330052658,0.1
25,102Ah_25degC_1C_cell3,12,current_T,92.27805018476609,87.634,4.644050184766087,109.34073330052658,0.1
25,102Ah_25degC_1C_cell3,13,current_T,89.45430802153413,87.186,2.268308021534125,109.34073330052658,0.1
25,102Ah_25degC_1C_cell3,14,current_T,90.67847424234924,86.59,4.0884742423492355,109.34073330052658,0.1
25,102Ah_25degC_1C_cell3,15,current_T,90.17286226238997,86.06,4.112862262389967,109.34073330052658,0.1
25,102Ah_25degC_1C_cell3,16,current_T,90.02547918799672,85.611,4.414479187996719,109.34073330052658,0.1
25,102Ah_25degC_1C_cell3,17,current_T,88.58173235325792,85.114,3.467732353257915,109.34073330052658,0.1
25,102Ah_25degC_1C_cell3,18,current_T,87.81363868310862,84.615,3.1986386831086264,109.34073330052658,0.1
25,102Ah_25degC_1C_cell3,19,current_T,88.20124283776991,84.043,4.1582428377699046,109.34073330052658,0.1
25,102Ah_25degC_1C_cell3,20,current_T,86.82717464394293,83.473,3.354174643942926,109.34073330052658,0.1
25,102Ah_25degC_1C_cell3,21,current_T,85.31844864086457,82.835,2.48344864086458,109.34073330052658,0.1
25,102Ah_25degC_1C_cell3,22,current_T,85.0225847286551,81.961,3.061584728655106,109.34073330052658,0.1
25,102Ah_25degC_1C_cell3,23,current_T,84.06650859243467,81.241,2.825508592434673,109.34073330052658,0.1
25,102Ah_25degC_1C_cell3,24,current_T,83.55315973706855,80.472,3.0811597370685604,109.34073330052658,0.1
25,102Ah_25degC_1C_cell3,25,current_T,82.61827922412213,79.606,3.012279224122139,109.34073330052658,0.1
25,102Ah_25degC_1C_cell3,26,current_T,81.69373768104161,78.648,3.045737681041615,109.34073330052658,0.1
25,102Ah_25degC_1C_cell3,27,current_T,81.55259910216598,77.549,4.003599102165978,109.34073330052658,0.1
25,102Ah_25degC_1C_cell3,28,current_T,81.15611654351896,76.204,4.952116543518969,109.34073330052658,0.1
25,102Ah_25degC_1C_cell3,29,current_T,78.90675139621246,73.38,5.526751396212461,109.34073330052658,0.1
25,102Ah_25degC_1C_cell3,30,current_T,78.60120136069423,70.854,7.747201360694234,109.34073330052658,0.1
25,102Ah_25degC_0p5C_cell3,1,history_T,89.31483089648631,100.57,-11.25516910351368,113.93967685573774,1000.0
25,102Ah_25degC_0p5C_cell3,2,history_T,88.98059895075345,99.885,-10.904401049246559,113.93967685573774,1000.0
25,102Ah_25degC_0p5C_cell3,3,history_T,88.70847660198228,99.386,-10.677523398017712,113.93967685573774,1000.0
25,102Ah_25degC_0p5C_cell3,4,history_T,88.46320065252792,98.994,-10.530799347472083,113.93967685573774,1000.0
25,102Ah_25degC_0p5C_cell3,5,history_T,88.24124811923022,98.602,-10.360751880769783,113.93967685573774,1000.0
25,102Ah_25degC_0p5C_cell3,6,history_T,88.3917989006454,98.235,-9.843201099354602,113.93967685573774,1000.0
25,102Ah_25degC_0p5C_cell3,7,history_T,88.28685521175073,97.993,-9.706144788249262,113.93967685573774,1000.0
25,102Ah_25degC_0p5C_cell3,8,history_T,88.18431316692467,97.71,-9.525686833075326,113.93967685573774,1000.0
25,102Ah_25degC_0p5C_cell3,9,history_T,88.09098644758899,97.441,-9.350013552411014,113.93967685573774,1000.0
25,102Ah_25degC_0p5C_cell3,10,history_T,88.0053839299607,97.212,-9.206616070039303,113.93967685573774,1000.0
25,102Ah_25degC_0p5C_cell3,11,history_T,87.9264674627089,97.027,-9.100532537291102,113.93967685573774,1000.0
25,102Ah_25degC_0p5C_cell3,12,history_T,87.84844108361533,96.825,-8.976558916384676,113.93967685573774,1000.0
25,102Ah_25degC_0p5C_cell3,13,history_T,87.77594657903485,96.653,-8.877053420965154,113.93967685573774,1000.0
25,102Ah_25degC_0p5C_cell3,14,history_T,87.70370352791187,96.449,-8.745296472088128,113.93967685573774,1000.0
25,102Ah_25degC_0p5C_cell3,15,history_T,87.63395109622826,96.24,-8.606048903771736,113.93967685573774,1000.0
25,102Ah_25degC_0p5C_cell3,16,history_T,87.55644878781168,96.134,-8.577551212188325,113.93967685573774,1000.0
25,102Ah_25degC_0p5C_cell3,17,history_T,87.48796614164861,95.949,-8.461033858351385,113.93967685573774,1000.0
25,102Ah_25degC_0p5C_cell3,18,history_T,87.42454719279979,95.782,-8.357452807200204,113.93967685573774,1000.0
25,102Ah_25degC_0p5C_cell3,19,history_T,87.36455983565895,95.643,-8.278440164341049,113.93967685573774,1000.0
25,102Ah_25degC_0p5C_cell3,20,history_T,87.30111374481609,95.469,-8.167886255183902,113.93967685573774,1000.0
25,102Ah_25degC_0p5C_cell3,21,history_T,87.24387192738556,95.318,-8.074128072614442,113.93967685573774,1000.0
25,102Ah_25degC_0p5C_cell3,22,history_T,87.12795133518283,95.076,-7.948048664817165,113.93967685573774,1000.0
25,102Ah_25degC_0p5C_cell3,23,history_T,87.0741561117556,94.944,-7.869843888244404,113.93967685573774,1000.0
25,102Ah_25degC_0p5C_cell3,24,history_T,87.01935523020356,94.756,-7.736644769796442,113.93967685573774,1000.0
25,102Ah_25degC_0p5C_cell3,25,history_T,86.96300984165723,94.621,-7.65799015834277,113.93967685573774,1000.0
25,102Ah_25degC_0p5C_cell3,26,history_T,86.90123905674231,94.566,-7.66476094325769,113.93967685573774,1000.0
25,102Ah_25degC_0p5C_cell3,27,history_T,86.84907247163233,94.418,-7.568927528367681,113.93967685573774,1000.0
25,102Ah_25degC_0p5C_cell3,28,history_T,86.79758453168415,94.238,-7.440415468315848,113.93967685573774,1000.0
25,102Ah_25degC_0p5C_cell3,29,history_T,86.74825035137923,94.035,-7.28674964862077,113.93967685573774,1000.0
25,102Ah_25degC_0p5C_cell3,30,history_T,86.69803101927513,93.975,-7.27696898072486,113.93967685573774,1000.0
25,102Ah_25degC_1C_cell3,1,history_T,89.37240062283698,98.416,-9.04359937716302,113.93967685573774,1000.0
25,102Ah_25degC_1C_cell3,2,history_T,88.99699497192198,97.313,-8.316005028078024,113.93967685573774,1000.0
25,102Ah_25degC_1C_cell3,3,history_T,88.67864022388652,96.453,-7.774359776113485,113.93967685573774,1000.0
25,102Ah_25degC_1C_cell3,4,history_T,88.41487748017434,95.685,-7.270122519825662,113.93967685573774,1000.0
25,102Ah_25degC_1C_cell3,5,history_T,88.19698926053607,95.032,-6.835010739463925,113.93967685573774,1000.0
25,102Ah_25degC_1C_cell3,6,history_T,87.98844946247003,94.387,-6.398550537529971,113.93967685573774,1000.0
25,102Ah_25degC_1C_cell3,7,history_T,87.79697853587014,93.84,-6.043021464129865,113.93967685573774,1000.0
25,102Ah_25degC_1C_cell3,8,history_T,87.17120044237998,91.223,-4.051799557620015,113.93967685573774,1000.0
25,102Ah_25degC_1C_cell3,9,history_T,87.02416386153385,90.681,-3.656836138466147,113.93967685573774,1000.0
25,102Ah_25degC_1C_cell3,10,history_T,86.88009497832459,90.145,-3.2649050216754034,113.93967685573774,1000.0
25,102Ah_25degC_1C_cell3,11,history_T,86.39758575003722,88.091,-1.6934142499627711,113.93967685573774,1000.0
25,102Ah_25degC_1C_cell3,12,history_T,86.2648418165088,87.634,-1.3691581834911943,113.93967685573774,1000.0
25,102Ah_25degC_1C_cell3,13,history_T,86.10523027524508,87.186,-1.08076972475493,113.93967685573774,1000.0
25,102Ah_25degC_1C_cell3,14,history_T,85.97587398376426,86.59,-0.614126016235744,113.93967685573774,1000.0
25,102Ah_25degC_1C_cell3,15,history_T,85.8304469991957,86.06,-0.22955300080430163,113.93967685573774,1000.0
25,102Ah_25degC_1C_cell3,16,history_T,85.70558823626303,85.611,0.09458823626302149,113.93967685573774,1000.0
25,102Ah_25degC_1C_cell3,17,history_T,85.5705258012776,85.114,0.4565258012775928,113.93967685573774,1000.0
25,102Ah_25degC_1C_cell3,18,history_T,85.44616324164822,84.615,0.8311632416482269,113.93967685573774,1000.0
25,102Ah_25degC_1C_cell3,19,history_T,85.30907180684693,84.043,1.2660718068469237,113.93967685573774,1000.0
25,102Ah_25degC_1C_cell3,20,history_T,85.1877852584665,83.473,1.714785258466506,113.93967685573774,1000.0
25,102Ah_25degC_1C_cell3,21,history_T,85.06510863259662,82.835,2.2301086325966253,113.93967685573774,1000.0
25,102Ah_25degC_1C_cell3,22,history_T,84.90846672951571,81.961,2.9474667295157104,113.93967685573774,1000.0
25,102Ah_25degC_1C_cell3,23,history_T,84.78640065005946,81.241,3.545400650059463,113.93967685573774,1000.0
25,102Ah_25degC_1C_cell3,24,history_T,84.66647753194054,80.472,4.194477531940549,113.93967685573774,1000.0
25,102Ah_25degC_1C_cell3,25,history_T,84.54861630620599,79.606,4.942616306205991,113.93967685573774,1000.0
25,102Ah_25degC_1C_cell3,26,history_T,84.43274203542141,78.648,5.7847420354214165,113.93967685573774,1000.0
25,102Ah_25degC_1C_cell3,27,history_T,84.3140983353086,77.549,6.765098335308593,113.93967685573774,1000.0
25,102Ah_25degC_1C_cell3,28,history_T,84.1943922249036,76.204,7.9903922249036015,113.93967685573774,1000.0
25,102Ah_25degC_1C_cell3,29,history_T,83.88239451054017,73.38,10.50239451054017,113.93967685573774,1000.0
25,102Ah_25degC_1C_cell3,30,history_T,83.84016449018958,70.854,12.98616449018958,113.93967685573774,1000.0
25,102Ah_25degC_0p5C_cell3,1,both_T,107.92226816643958,100.57,7.352268166439586,64.2403473103477,0.1
25,102Ah_25degC_0p5C_cell3,2,both_T,107.80287332769196,99.885,7.91787332769195,64.2403473103477,0.1
25,102Ah_25degC_0p5C_cell3,3,both_T,107.23667702730765,99.386,7.850677027307654,64.2403473103477,0.1
25,102Ah_25degC_0p5C_cell3,4,both_T,106.71515957046273,98.994,7.721159570462731,64.2403473103477,0.1
25,102Ah_25degC_0p5C_cell3,5,both_T,106.23472930681997,98.602,7.632729306819968,64.2403473103477,0.1
25,102Ah_25degC_0p5C_cell3,6,both_T,104.03813873226002,98.235,5.803138732260024,64.2403473103477,0.1
25,102Ah_25degC_0p5C_cell3,7,both_T,104.40220461697434,97.993,6.40920461697435,64.2403473103477,0.1
25,102Ah_25degC_0p5C_cell3,8,both_T,103.7159797326338,97.71,6.005979732633804,64.2403473103477,0.1
25,102Ah_25degC_0p5C_cell3,9,both_T,103.69437163389155,97.441,6.253371633891547,64.2403473103477,0.1
25,102Ah_25degC_0p5C_cell3,10,both_T,103.36947779516113,97.212,6.157477795161128,64.2403473103477,0.1
25,102Ah_25degC_0p5C_cell3,11,both_T,102.65717354266519,97.027,5.63017354266519,64.2403473103477,0.1
25,102Ah_25degC_0p5C_cell3,12,both_T,102.18275625304429,96.825,5.357756253044286,64.2403473103477,0.1
25,102Ah_25degC_0p5C_cell3,13,both_T,101.88507574559466,96.653,5.232075745594656,64.2403473103477,0.1
25,102Ah_25degC_0p5C_cell3,14,both_T,101.82415859550925,96.449,5.375158595509248,64.2403473103477,0.1
25,102Ah_25degC_0p5C_cell3,15,both_T,101.68706982126432,96.24,5.447069821264321,64.2403473103477,0.1
25,102Ah_25degC_0p5C_cell3,16,both_T,101.27558762871217,96.134,5.141587628712173,64.2403473103477,0.1
25,102Ah_25degC_0p5C_cell3,17,both_T,100.56995286390615,95.949,4.620952863906155,64.2403473103477,0.1
25,102Ah_25degC_0p5C_cell3,18,both_T,99.83980769018898,95.782,4.05780769018898,64.2403473103477,0.1
25,102Ah_25degC_0p5C_cell3,19,both_T,99.84701660491642,95.643,4.2040166049164185,64.2403473103477,0.1
25,102Ah_25degC_0p5C_cell3,20,both_T,99.2312645407724,95.469,3.7622645407724065,64.2403473103477,0.1
25,102Ah_25degC_0p5C_cell3,21,both_T,98.71951104050419,95.318,3.4015110405041895,64.2403473103477,0.1
25,102Ah_25degC_0p5C_cell3,22,both_T,98.11438077181576,95.076,3.038380771815767,64.2403473103477,0.1
25,102Ah_25degC_0p5C_cell3,23,both_T,98.01196685501498,94.944,3.067966855014973,64.2403473103477,0.1
25,102Ah_25degC_0p5C_cell3,24,both_T,98.95014611948659,94.756,4.194146119486589,64.2403473103477,0.1
25,102Ah_25degC_0p5C_cell3,25,both_T,98.83103810580931,94.621,4.210038105809318,64.2403473103477,0.1
25,102Ah_25degC_0p5C_cell3,26,both_T,96.67023039274204,94.566,2.104230392742039,64.2403473103477,0.1
25,102Ah_25degC_0p5C_cell3,27,both_T,96.4043220874415,94.418,1.9863220874414935,64.2403473103477,0.1
25,102Ah_25degC_0p5C_cell3,28,both_T,96.78450381922723,94.238,2.546503819227226,64.2403473103477,0.1
25,102Ah_25degC_0p5C_cell3,29,both_T,98.30242877897939,94.035,4.267428778979394,64.2403473103477,0.1
25,102Ah_25degC_0p5C_cell3,30,both_T,96.99237467020421,93.975,3.0173746702042195,64.2403473103477,0.1
25,102Ah_25degC_1C_cell3,1,both_T,101.90094088755764,98.416,3.4849408875576415,64.2403473103477,0.1
25,102Ah_25degC_1C_cell3,2,both_T,100.86748246078093,97.313,3.5544824607809318,64.2403473103477,0.1
25,102Ah_25degC_1C_cell3,3,both_T,100.01675597902685,96.453,3.563755979026851,64.2403473103477,0.1
25,102Ah_25degC_1C_cell3,4,both_T,99.33215177912444,95.685,3.6471517791244423,64.2403473103477,0.1
25,102Ah_25degC_1C_cell3,5,both_T,98.15251698608093,95.032,3.120516986080929,64.2403473103477,0.1
25,102Ah_25degC_1C_cell3,6,both_T,97.57835495412385,94.387,3.1913549541238524,64.2403473103477,0.1
25,102Ah_25degC_1C_cell3,7,both_T,96.91906377819835,93.84,3.0790637781983463,64.2403473103477,0.1
25,102Ah_25degC_1C_cell3,8,both_T,96.31890270045076,91.223,5.095902700450765,64.2403473103477,0.1
25,102Ah_25degC_1C_cell3,9,both_T,96.96294107278061,90.681,6.2819410727806115,64.2403473103477,0.1
25,102Ah_25degC_1C_cell3,10,both_T,98.01561189981473,90.145,7.870611899814733,64.2403473103477,0.1
25,102Ah_25degC_1C_cell3,11,both_T,93.41933222093796,88.091,5.328332220937966,64.2403473103477,0.1
25,102Ah_25degC_1C_cell3,12,both_T,93.36019344742036,87.634,5.726193447420357,64.2403473103477,0.1
25,102Ah_25degC_1C_cell3,13,both_T,89.9623086408899,87.186,2.7763086408898943,64.2403473103477,0.1
25,102Ah_25degC_1C_cell3,14,both_T,91.80409348680121,86.59,5.214093486801204,64.2403473103477,0.1
25,102Ah_25degC_1C_cell3,15,both_T,91.41446877149288,86.06,5.354468771492876,64.2403473103477,0.1
25,102Ah_25degC_1C_cell3,16,both_T,91.46013166360439,85.611,5.849131663604382,64.2403473103477,0.1
25,102Ah_25degC_1C_cell3,17,both_T,89.8307762055743,85.114,4.716776205574291,64.2403473103477,0.1
25,102Ah_25degC_1C_cell3,18,both_T,89.06732094530197,84.615,4.452320945301977,64.2403473103477,0.1
25,102Ah_25degC_1C_cell3,19,both_T,89.8356289765343,84.043,5.792628976534289,64.2403473103477,0.1
25,102Ah_25degC_1C_cell3,20,both_T,88.27715362558278,83.473,4.804153625582785,64.2403473103477,0.1
25,102Ah_25degC_1C_cell3,21,both_T,86.54625502472113,82.835,3.71125502472114,64.2403473103477,0.1
25,102Ah_25degC_1C_cell3,22,both_T,86.45984725098918,81.961,4.498847250989186,64.2403473103477,0.1
25,102Ah_25degC_1C_cell3,23,both_T,85.45154482609392,81.241,4.210544826093923,64.2403473103477,0.1
25,102Ah_25degC_1C_cell3,24,both_T,85.01828288822723,80.472,4.546282888227239,64.2403473103477,0.1
25,102Ah_25degC_1C_cell3,25,both_T,84.03148694256679,79.606,4.425486942566792,64.2403473103477,0.1
25,102Ah_25degC_1C_cell3,26,both_T,83.05517898270607,78.648,4.407178982706071,64.2403473103477,0.1
25,102Ah_25degC_1C_cell3,27,both_T,83.10748692240432,77.549,5.558486922404313,64.2403473103477,0.1
25,102Ah_25degC_1C_cell3,28,both_T,82.82884983750188,76.204,6.624849837501884,64.2403473103477,0.1
25,102Ah_25degC_1C_cell3,29,both_T,80.44374741598004,73.38,7.063747415980046,64.2403473103477,0.1
25,102Ah_25degC_1C_cell3,30,both_T,80.13323369423026,70.854,9.279233694230257,64.2403473103477,0.1
25,102Ah_25degC_0p5C_cell3,1,history_arrhenius,89.99656906054295,100.57,-10.57343093945704,110.73550205357043,1000.0
25,102Ah_25degC_0p5C_cell3,2,history_arrhenius,89.69641452421988,99.885,-10.18858547578013,110.73550205357043,1000.0
25,102Ah_25degC_0p5C_cell3,3,history_arrhenius,89.45319334523248,99.386,-9.932806654767518,110.73550205357043,1000.0
25,102Ah_25degC_0p5C_cell3,4,history_arrhenius,89.23427109918269,98.994,-9.759728900817308,110.73550205357043,1000.0
25,102Ah_25degC_0p5C_cell3,5,history_arrhenius,89.03639737585037,98.602,-9.565602624149633,110.73550205357043,1000.0
25,102Ah_25degC_0p5C_cell3,6,history_arrhenius,89.15852858762192,98.235,-9.076471412378083,110.73550205357043,1000.0
25,102Ah_25degC_0p5C_cell3,7,history_arrhenius,89.05159177128452,97.993,-8.941408228715474,110.73550205357043,1000.0
25,102Ah_25degC_0p5C_cell3,8,history_arrhenius,88.94681264790654,97.71,-8.763187352093453,110.73550205357043,1000.0
25,102Ah_25degC_0p5C_cell3,9,history_arrhenius,88.85035838119067,97.441,-8.590641618809329,110.73550205357043,1000.0
25,102Ah_25degC_0p5C_cell3,10,history_arrhenius,88.7612678563737,97.212,-8.450732143626297,110.73550205357043,1000.0
25,102Ah_25degC_0p5C_cell3,11,history_arrhenius,88.67822394806848,97.027,-8.348776051931523,110.73550205357043,1000.0
25,102Ah_25degC_0p5C_cell3,12,history_arrhenius,88.59558802989143,96.825,-8.229411970108572,110.73550205357043,1000.0
25,102Ah_25degC_0p5C_cell3,13,history_arrhenius,88.51833957844086,96.653,-8.134660421559147,110.73550205357043,1000.0
25,102Ah_25degC_0p5C_cell3,14,history_arrhenius,88.44092258008233,96.449,-8.008077419917669,110.73550205357043,1000.0
25,102Ah_25degC_0p5C_cell3,15,history_arrhenius,88.36575648022124,96.24,-7.874243519778759,110.73550205357043,1000.0
25,102Ah_25degC_0p5C_cell3,16,history_arrhenius,88.28395038390592,96.134,-7.850049616094083,110.73550205357043,1000.0
25,102Ah_25degC_0p5C_cell3,17,history_arrhenius,88.20992057894934,95.949,-7.739079421050661,110.73550205357043,1000.0
25,102Ah_25degC_0p5C_cell3,18,history_arrhenius,88.14047504392606,95.782,-7.641524956073937,110.73550205357043,1000.0
25,102Ah_25degC_0p5C_cell3,19,history_arrhenius,88.07451632346836,95.643,-7.568483676531642,110.73550205357043,1000.0
25,102Ah_25degC_0p5C_cell3,20,history_arrhenius,88.00503395831149,95.469,-7.463966041688508,110.73550205357043,1000.0
25,102Ah_25degC_0p5C_cell3,21,history_arrhenius,87.94155900951768,95.318,-7.3764409904823225,110.73550205357043,1000.0
25,102Ah_25degC_0p5C_cell3,22,history_arrhenius,87.82410709007895,95.076,-7.25189290992104,110.73550205357043,1000.0
25,102Ah_25degC_0p5C_cell3,23,history_arrhenius,87.76374403600869,94.944,-7.180255963991314,110.73550205357043,1000.0
25,102Ah_25degC_0p5C_cell3,24,history_arrhenius,87.7020750032971,94.756,-7.053924996702904,110.73550205357043,1000.0
25,102Ah_25degC_0p5C_cell3,25,history_arrhenius,87.63900626307881,94.621,-6.981993736921183,110.73550205357043,1000.0
25,102Ah_25degC_0p5C_cell3,26,history_arrhenius,87.57101105751683,94.566,-6.994988942483175,110.73550205357043,1000.0
25,102Ah_25degC_0p5C_cell3,27,history_arrhenius,87.511722892069,94.418,-6.906277107931004,110.73550205357043,1000.0
25,102Ah_25degC_0p5C_cell3,28,history_arrhenius,87.45304770574927,94.238,-6.784952294250729,110.73550205357043,1000.0
25,102Ah_25degC_0p5C_cell3,29,history_arrhenius,87.39670766877167,94.035,-6.638292331228328,110.73550205357043,1000.0
25,102Ah_25degC_0p5C_cell3,30,history_arrhenius,87.33918020735571,93.975,-6.635819792644284,110.73550205357043,1000.0
25,102Ah_25degC_1C_cell3,1,history_arrhenius,90.12030777731968,98.416,-8.295692222680316,110.73550205357043,1000.0
25,102Ah_25degC_1C_cell3,2,history_arrhenius,89.70604719538755,97.313,-7.6069528046124475,110.73550205357043,1000.0
25,102Ah_25degC_1C_cell3,3,history_arrhenius,89.34235565126218,96.453,-7.1106443487378215,110.73550205357043,1000.0
25,102Ah_25degC_1C_cell3,4,history_arrhenius,89.02840274857233,95.685,-6.6565972514276694,110.73550205357043,1000.0
25,102Ah_25degC_1C_cell3,5,history_arrhenius,88.75590668017172,95.032,-6.276093319828277,110.73550205357043,1000.0
25,102Ah_25degC_1C_cell3,6,history_arrhenius,88.49182670835498,94.387,-5.895173291645023,110.73550205357043,1000.0
25,102Ah_25degC_1C_cell3,7,history_arrhenius,88.24258346642944,93.84,-5.597416533570566,110.73550205357043,1000.0
25,102Ah_25degC_1C_cell3,8,history_arrhenius,87.59887435339189,91.223,-3.624125646608107,110.73550205357043,1000.0
25,102Ah_25degC_1C_cell3,9,history_arrhenius,87.39035016865174,90.681,-3.2906498313482615,110.73550205357043,1000.0
25,102Ah_25degC_1C_cell3,10,history_arrhenius,87.18450586818946,90.145,-2.9604941318105347,110.73550205357043,1000.0
25,102Ah_25degC_1C_cell3,11,history_arrhenius,86.67191745739751,88.091,-1.4190825426024816,110.73550205357043,1000.0
25,102Ah_25degC_1C_cell3,12,history_arrhenius,86.47687262279445,87.634,-1.1571273772055548,110.73550205357043,1000.0
25,102Ah_25degC_1C_cell3,13,history_arrhenius,86.25682813900471,87.186,-0.9291718609952966,110.73550205357043,1000.0
25,102Ah_25degC_1C_cell3,14,history_arrhenius,86.0636810229447,86.59,-0.526318977055297,110.73550205357043,1000.0
25,102Ah_25degC_1C_cell3,15,history_arrhenius,85.85650470538422,86.06,-0.2034952946157773,110.73550205357043,1000.0
25,102Ah_25degC_1C_cell3,16,history_arrhenius,85.66801288999643,85.611,0.05701288999642884,110.73550205357043,1000.0
25,102Ah_25degC_1C_cell3,17,history_arrhenius,85.47082735447584,85.114,0.3568273544758398,110.73550205357043,1000.0
25,102Ah_25degC_1C_cell3,18,history_arrhenius,85.28276722043495,84.615,0.6677672204349534,110.73550205357043,1000.0
25,102Ah_25degC_1C_cell3,19,history_arrhenius,85.0831437188158,84.043,1.0401437188157985,110.73550205357043,1000.0
25,102Ah_25degC_1C_cell3,20,history_arrhenius,84.89846005027377,83.473,1.4254600502737702,110.73550205357043,1000.0
25,102Ah_25degC_1C_cell3,21,history_arrhenius,84.71192698265881,82.835,1.8769269826588157,110.73550205357043,1000.0
25,102Ah_25degC_1C_cell3,22,history_arrhenius,84.49450527731662,81.961,2.533505277316621,110.73550205357043,1000.0
25,102Ah_25degC_1C_cell3,23,history_arrhenius,84.30851771681556,81.241,3.0675177168155585,110.73550205357043,1000.0
25,102Ah_25degC_1C_cell3,24,history_arrhenius,84.12447545495272,80.472,3.6524754549527216,110.73550205357043,1000.0
25,102Ah_25degC_1C_cell3,25,history_arrhenius,83.94230519392694,79.606,4.336305193926947,110.73550205357043,1000.0
25,102Ah_25degC_1C_cell3,26,history_arrhenius,83.76193941064331,78.648,5.113939410643312,110.73550205357043,1000.0
25,102Ah_25degC_1C_cell3,27,history_arrhenius,83.57905174002326,77.549,6.030051740023254,110.73550205357043,1000.0
25,102Ah_25degC_1C_cell3,28,history_arrhenius,83.3951950854964,76.204,7.191195085496403,110.73550205357043,1000.0
25,102Ah_25degC_1C_cell3,29,history_arrhenius,83.04811258606821,73.38,9.668112586068219,110.73550205357043,1000.0
25,102Ah_25degC_1C_cell3,30,history_arrhenius,83.00824845804364,70.854,12.15424845804364,110.73550205357043,1000.0
25,102Ah_25degC_0p5C_cell3,1,temperature_age_interaction,90.92428377061405,100.57,-9.64571622938594,101.9181725609043,1000.0
25,102Ah_25degC_0p5C_cell3,2,temperature_age_interaction,90.62984049633732,99.885,-9.255159503662682,101.9181725609043,1000.0
25,102Ah_25degC_0p5C_cell3,3,temperature_age_interaction,90.38007293109834,99.386,-9.005927068901656,101.9181725609043,1000.0
25,102Ah_25degC_0p5C_cell3,4,temperature_age_interaction,90.15377132838263,98.994,-8.840228671617368,101.9181725609043,1000.0
25,102Ah_25degC_0p5C_cell3,5,temperature_age_interaction,89.94809504628509,98.602,-8.653904953714914,101.9181725609043,1000.0
25,102Ah_25degC_0p5C_cell3,6,temperature_age_interaction,90.0794723928126,98.235,-8.155527607187395,101.9181725609043,1000.0
25,102Ah_25degC_0p5C_cell3,7,temperature_age_interaction,89.9999509537117,97.993,-7.9930490462882915,101.9181725609043,1000.0
25,102Ah_25degC_0p5C_cell3,8,temperature_age_interaction,89.90242374697874,97.71,-7.807576253021253,101.9181725609043,1000.0
25,102Ah_25degC_0p5C_cell3,9,temperature_age_interaction,89.82719622152432,97.441,-7.613803778475685,101.9181725609043,1000.0
25,102Ah_25degC_0p5C_cell3,10,temperature_age_interaction,89.75170847603378,97.212,-7.4602915239662195,101.9181725609043,1000.0
25,102Ah_25degC_0p5C_cell3,11,temperature_age_interaction,89.67094796461305,97.027,-7.356052035386952,101.9181725609043,1000.0
25,102Ah_25degC_0p5C_cell3,12,temperature_age_interaction,89.59657098098296,96.825,-7.228429019017042,101.9181725609043,1000.0
25,102Ah_25degC_0p5C_cell3,13,temperature_age_interaction,89.53159131226255,96.653,-7.121408687737457,101.9181725609043,1000.0
25,102Ah_25degC_0p5C_cell3,14,temperature_age_interaction,89.47494503318552,96.449,-6.974054966814478,101.9181725609043,1000.0
25,102Ah_25degC_0p5C_cell3,15,temperature_age_interaction,89.4185887155339,96.24,-6.821411284466095,101.9181725609043,1000.0
25,102Ah_25degC_0p5C_cell3,16,temperature_age_interaction,89.34685260014041,96.134,-6.787147399859592,101.9181725609043,1000.0
25,102Ah_25degC_0p5C_cell3,17,temperature_age_interaction,89.27005026779209,95.949,-6.678949732207911,101.9181725609043,1000.0
25,102Ah_25degC_0p5C_cell3,18,temperature_age_interaction,89.1944660804388,95.782,-6.587533919561196,101.9181725609043,1000.0
25,102Ah_25degC_0p5C_cell3,19,temperature_age_interaction,89.15179709105003,95.643,-6.4912029089499725,101.9181725609043,1000.0
25,102Ah_25degC_0p5C_cell3,20,temperature_age_interaction,89.07960975573603,95.469,-6.389390244263964,101.9181725609043,1000.0
25,102Ah_25degC_0p5C_cell3,21,temperature_age_interaction,89.01555448647889,95.318,-6.302445513521107,101.9181725609043,1000.0
25,102Ah_25degC_0p5C_cell3,22,temperature_age_interaction,88.90606537344797,95.076,-6.1699346265520205,101.9181725609043,1000.0
25,102Ah_25degC_0p5C_cell3,23,temperature_age_interaction,88.86418688989535,94.944,-6.079813110104652,101.9181725609043,1000.0
25,102Ah_25degC_0p5C_cell3,24,temperature_age_interaction,88.87791031507781,94.756,-5.8780896849221875,101.9181725609043,1000.0
25,102Ah_25degC_0p5C_cell3,25,temperature_age_interaction,88.83703795454385,94.621,-5.78396204545615,101.9181725609043,1000.0
25,102Ah_25degC_0p5C_cell3,26,temperature_age_interaction,88.67635786269064,94.566,-5.889642137309366,101.9181725609043,1000.0
25,102Ah_25degC_0p5C_cell3,27,temperature_age_interaction,88.62690129905869,94.418,-5.791098700941319,101.9181725609043,1000.0
25,102Ah_25degC_0p5C_cell3,28,temperature_age_interaction,88.61760139757706,94.238,-5.620398602422938,101.9181725609043,1000.0
25,102Ah_25degC_0p5C_cell3,29,temperature_age_interaction,88.68419050935509,94.035,-5.350809490644906,101.9181725609043,1000.0
25,102Ah_25degC_0p5C_cell3,30,temperature_age_interaction,88.57288544108302,93.975,-5.402114558916978,101.9181725609043,1000.0
25,102Ah_25degC_1C_cell3,1,temperature_age_interaction,90.84562322225615,98.416,-7.570376777743846,101.9181725609043,1000.0
25,102Ah_25degC_1C_cell3,2,temperature_age_interaction,90.41660591664342,97.313,-6.896394083356583,101.9181725609043,1000.0
25,102Ah_25degC_1C_cell3,3,temperature_age_interaction,90.04954016042875,96.453,-6.403459839571255,101.9181725609043,1000.0
25,102Ah_25degC_1C_cell3,4,temperature_age_interaction,89.73725169991855,95.685,-5.947748300081457,101.9181725609043,1000.0
25,102Ah_25degC_1C_cell3,5,temperature_age_interaction,89.43476678254025,95.032,-5.5972332174597454,101.9181725609043,1000.0
25,102Ah_25degC_1C_cell3,6,temperature_age_interaction,89.17830340835353,94.387,-5.208696591646472,101.9181725609043,1000.0
25,102Ah_25degC_1C_cell3,7,temperature_age_interaction,88.932873466946,93.84,-4.907126533053997,101.9181725609043,1000.0
25,102Ah_25degC_1C_cell3,8,temperature_age_interaction,88.47652372402078,91.223,-2.7464762759792194,101.9181725609043,1000.0
25,102Ah_25degC_1C_cell3,9,temperature_age_interaction,88.40972600255193,90.681,-2.2712739974480627,101.9181725609043,1000.0
25,102Ah_25degC_1C_cell3,10,temperature_age_interaction,88.41087412219497,90.145,-1.7341258778050275,101.9181725609043,1000.0
25,102Ah_25degC_1C_cell3,11,temperature_age_interaction,87.7119547750618,88.091,-0.3790452249381957,101.9181725609043,1000.0
25,102Ah_25degC_1C_cell3,12,temperature_age_interaction,87.61850796874698,87.634,-0.015492031253018013,101.9181725609043,1000.0
25,102Ah_25degC_1C_cell3,13,temperature_age_interaction,87.10757554098083,87.186,-0.07842445901917472,101.9181725609043,1000.0
25,102Ah_25degC_1C_cell3,14,temperature_age_interaction,87.27049535538126,86.59,0.6804953553812538,101.9181725609043,1000.0
25,102Ah_25degC_1C_cell3,15,temperature_age_interaction,87.15578885273945,86.06,1.095788852739446,101.9181725609043,1000.0
25,102Ah_25degC_1C_cell3,16,temperature_age_interaction,87.11653631462103,85.611,1.5055363146210254,101.9181725609043,1000.0
25,102Ah_25degC_1C_cell3,17,temperature_age_interaction,86.82334292883773,85.114,1.709342928837728,101.9181725609043,1000.0
25,102Ah_25degC_1C_cell3,18,temperature_age_interaction,86.6619155585002,84.615,2.046915558500203,101.9181725609043,1000.0
25,102Ah_25degC_1C_cell3,19,temperature_age_interaction,86.77418854262808,84.043,2.7311885426280753,101.9181725609043,1000.0
25,102Ah_25degC_1C_cell3,20,temperature_age_interaction,86.47996021695869,83.473,3.0069602169586886,101.9181725609043,1000.0
25,102Ah_25degC_1C_cell3,21,temperature_age_interaction,86.1396784526776,82.835,3.3046784526776065,101.9181725609043,1000.0
25,102Ah_25degC_1C_cell3,22,temperature_age_interaction,86.12670330343667,81.961,4.165703303436672,101.9181725609043,1000.0
25,102Ah_25degC_1C_cell3,23,temperature_age_interaction,85.92254081464634,81.241,4.68154081464634,101.9181725609043,1000.0
25,102Ah_25degC_1C_cell3,24,temperature_age_interaction,85.83939702824405,80.472,5.367397028244056,101.9181725609043,1000.0
25,102Ah_25degC_1C_cell3,25,temperature_age_interaction,85.63565729961127,79.606,6.029657299611273,101.9181725609043,1000.0
25,102Ah_25degC_1C_cell3,26,temperature_age_interaction,85.42969071127995,78.648,6.78169071127995,101.9181725609043,1000.0
25,102Ah_25degC_1C_cell3,27,temperature_age_interaction,85.47188006653263,77.549,7.9228800665326276,101.9181725609043,1000.0
25,102Ah_25degC_1C_cell3,28,temperature_age_interaction,85.44543113225444,76.204,9.241431132254448,101.9181725609043,1000.0
25,102Ah_25degC_1C_cell3,29,temperature_age_interaction,84.98505229555653,73.38,11.605052295556533,101.9181725609043,1000.0
25,102Ah_25degC_1C_cell3,30,temperature_age_interaction,84.94714406099725,70.854,14.093144060997247,101.9181725609043,1000.0
35,102Ah_35degC_1C_cell1,1,age_rate_noT,95.0176889847567,97.944,-2.9263110152433,4.686575992298154,100.0
35,102Ah_35degC_1C_cell1,2,age_rate_noT,93.52030992732844,96.746,-3.2256900726715543,4.686575992298154,100.0
35,102Ah_35degC_1C_cell1,3,age_rate_noT,92.3700503733089,95.84,-3.469949626691104,4.686575992298154,100.0
35,102Ah_35degC_1C_cell1,4,age_rate_noT,91.37373244587782,95.05,-3.6762675541221768,4.686575992298154,100.0
35,102Ah_35degC_1C_cell1,5,age_rate_noT,90.45329648092066,94.325,-3.8717035190793467,4.686575992298154,100.0
35,102Ah_35degC_1C_cell1,6,age_rate_noT,89.57208522551448,93.595,-4.022914774485514,4.686575992298154,100.0
35,102Ah_35degC_1C_cell1,7,age_rate_noT,88.60443846284284,92.852,-4.247561537157168,4.686575992298154,100.0
35,102Ah_35degC_1C_cell1,8,age_rate_noT,87.82518642235564,92.207,-4.381813577644351,4.686575992298154,100.0
35,102Ah_35degC_1C_cell1,9,age_rate_noT,86.98593717243617,91.607,-4.621062827563833,4.686575992298154,100.0
35,102Ah_35degC_1C_cell1,10,age_rate_noT,86.2540748941799,90.941,-4.686925105820109,4.686575992298154,100.0
35,102Ah_35degC_1C_cell1,11,age_rate_noT,85.53006822621286,89.839,-4.308931773787137,4.686575992298154,100.0
35,102Ah_35degC_1C_cell1,12,age_rate_noT,84.66211885374402,89.102,-4.439881146255985,4.686575992298154,100.0
35,102Ah_35degC_1C_cell1,13,age_rate_noT,83.97236264557503,88.517,-4.544637354424964,4.686575992298154,100.0
35,102Ah_35degC_1C_cell1,14,age_rate_noT,83.29467165222864,87.874,-4.579328347771352,4.686575992298154,100.0
35,102Ah_35degC_1C_cell1,15,age_rate_noT,82.61997474016087,87.254,-4.6340252598391345,4.686575992298154,100.0
35,102Ah_35degC_1C_cell1,16,age_rate_noT,81.9185305779841,86.669,-4.750469422015897,4.686575992298154,100.0
35,102Ah_35degC_1C_cell1,17,age_rate_noT,81.19338937323874,86.04,-4.846610626761262,4.686575992298154,100.0
35,102Ah_35degC_1C_cell1,18,age_rate_noT,80.46229016216984,85.225,-4.762709837830158,4.686575992298154,100.0
35,102Ah_35degC_1C_cell1,19,age_rate_noT,79.8152814229613,84.635,-4.819718577038699,4.686575992298154,100.0
35,102Ah_35degC_1C_cell1,20,age_rate_noT,79.17242640205751,84.066,-4.893573597942492,4.686575992298154,100.0
35,102Ah_35degC_1C_cell1,21,age_rate_noT,78.52322262556336,83.481,-4.957777374436631,4.686575992298154,100.0
35,102Ah_35degC_1C_cell1,22,age_rate_noT,77.89222351883106,82.816,-4.923776481168943,4.686575992298154,100.0
35,102Ah_35degC_1C_cell1,23,age_rate_noT,77.23771316172858,82.089,-4.85128683827142,4.686575992298154,100.0
35,102Ah_35degC_1C_cell1,24,age_rate_noT,76.41374439728611,81.26,-4.846255602713896,4.686575992298154,100.0
35,102Ah_35degC_1C_cell1,25,age_rate_noT,75.47615591837113,80.436,-4.959844081628873,4.686575992298154,100.0
35,102Ah_35degC_1C_cell1,26,age_rate_noT,74.68304439291651,79.583,-4.899955607083484,4.686575992298154,100.0
35,102Ah_35degC_1C_cell1,27,age_rate_noT,73.89588766553578,78.65,-4.754112334464224,4.686575992298154,100.0
35,102Ah_35degC_1C_cell1,28,age_rate_noT,75.52053531249743,77.59,-2.069464687502574,4.686575992298154,100.0
35,102Ah_35degC_1C_cell1,29,age_rate_noT,74.75927131878191,76.374,-1.6147286812180823,4.686575992298154,100.0
35,102Ah_35degC_1C_cell1,30,age_rate_noT,73.9782549494009,75.089,-1.1107450505990926,4.686575992298154,100.0
35,102Ah_35degC_1C_cell1,1,current_T,99.56295999443596,97.944,1.6189599944359543,2.7532942898106447,10.0
35,102Ah_35degC_1C_cell1,2,current_T,97.99022901711153,96.746,1.244229017111536,2.7532942898106447,10.0
35,102Ah_35degC_1C_cell1,3,current_T,96.62174861930248,95.84,0.7817486193024763,2.7532942898106447,10.0
35,102Ah_35degC_1C_cell1,4,current_T,95.37662027178304,95.05,0.3266202717830424,2.7532942898106447,10.0
35,102Ah_35degC_1C_cell1,5,current_T,94.12021697281436,94.325,-0.20478302718564123,2.7532942898106447,10.0
35,102Ah_35degC_1C_cell1,6,current_T,93.07441535188798,93.595,-0.5205846481120204,2.7532942898106447,10.0
35,102Ah_35degC_1C_cell1,7,current_T,91.76179456142813,92.852,-1.0902054385718714,2.7532942898106447,10.0
35,102Ah_35degC_1C_cell1,8,current_T,90.38865668065583,92.207,-1.8183433193441658,2.7532942898106447,10.0
35,102Ah_35degC_1C_cell1,9,current_T,89.31302592465947,91.607,-2.293974075340529,2.7532942898106447,10.0
35,102Ah_35degC_1C_cell1,10,current_T,88.24281294669885,90.941,-2.6981870533011545,2.7532942898106447,10.0
35,102Ah_35degC_1C_cell1,11,current_T,87.44870305790155,89.839,-2.390296942098445,2.7532942898106447,10.0
35,102Ah_35degC_1C_cell1,12,current_T,86.04366666854396,89.102,-3.0583333314560406,2.7532942898106447,10.0
35,102Ah_35degC_1C_cell1,13,current_T,84.97446050674479,88.517,-3.5425394932552052,2.7532942898106447,10.0
35,102Ah_35degC_1C_cell1,14,current_T,84.02511103654422,87.874,-3.848888963455778,2.7532942898106447,10.0
35,102Ah_35degC_1C_cell1,15,current_T,82.47069392311678,87.254,-4.783306076883221,2.7532942898106447,10.0
35,102Ah_35degC_1C_cell1,16,current_T,82.43756158633089,86.669,-4.23143841366911,2.7532942898106447,10.0
35,102Ah_35degC_1C_cell1,17,current_T,80.59952702314885,86.04,-5.440472976851154,2.7532942898106447,10.0
35,102Ah_35degC_1C_cell1,18,current_T,80.4631112034377,85.225,-4.761888796562289,2.7532942898106447,10.0
35,102Ah_35degC_1C_cell1,19,current_T,79.80624577398655,84.635,-4.828754226013459,2.7532942898106447,10.0
35,102Ah_35degC_1C_cell1,20,current_T,78.58410306770854,84.066,-5.481896932291463,2.7532942898106447,10.0
35,102Ah_35degC_1C_cell1,21,current_T,77.35028593223113,83.481,-6.130714067768864,2.7532942898106447,10.0
35,102Ah_35degC_1C_cell1,22,current_T,76.4828411351159,82.816,-6.333158864884098,2.7532942898106447,10.0
35,102Ah_35degC_1C_cell1,23,current_T,74.51689329495268,82.089,-7.572106705047318,2.7532942898106447,10.0
35,102Ah_35degC_1C_cell1,24,current_T,70.36422918473858,81.26,-10.895770815261429,2.7532942898106447,10.0
35,102Ah_35degC_1C_cell1,25,current_T,65.86816429416024,80.436,-14.56783570583977,2.7532942898106447,10.0
35,102Ah_35degC_1C_cell1,26,current_T,62.05579685047139,79.583,-17.52720314952861,2.7532942898106447,10.0
35,102Ah_35degC_1C_cell1,27,current_T,58.26427671221532,78.65,-20.385723287784685,2.7532942898106447,10.0
35,102Ah_35degC_1C_cell1,28,current_T,72.01126637323573,77.59,-5.578733626764276,2.7532942898106447,10.0
35,102Ah_35degC_1C_cell1,29,current_T,70.62953488926561,76.374,-5.744465110734382,2.7532942898106447,10.0
35,102Ah_35degC_1C_cell1,30,current_T,66.843921098462,75.089,-8.245078901537994,2.7532942898106447,10.0
35,102Ah_35degC_1C_cell1,1,history_T,96.83366942883985,97.944,-1.1103305711601479,3.4553814101338434,100.0
35,102Ah_35degC_1C_cell1,2,history_T,95.3424635879015,96.746,-1.4035364120984894,3.4553814101338434,100.0
35,102Ah_35degC_1C_cell1,3,history_T,94.19635817759087,95.84,-1.643641822409137,3.4553814101338434,100.0
35,102Ah_35degC_1C_cell1,4,history_T,93.20296764606051,95.05,-1.8470323539394826,3.4553814101338434,100.0
35,102Ah_35degC_1C_cell1,5,history_T,92.28782946894242,94.325,-2.0371705310575834,3.4553814101338434,100.0
35,102Ah_35degC_1C_cell1,6,history_T,91.40958387269048,93.595,-2.185416127309523,3.4553814101338434,100.0
35,102Ah_35degC_1C_cell1,7,history_T,90.44403922038984,92.852,-2.407960779610164,3.4553814101338434,100.0
35,102Ah_35degC_1C_cell1,8,history_T,89.66909713157219,92.207,-2.537902868427807,3.4553814101338434,100.0
35,102Ah_35degC_1C_cell1,9,history_T,88.8323418321276,91.607,-2.7746581678724027,3.4553814101338434,100.0
35,102Ah_35degC_1C_cell1,10,history_T,88.10380897003722,90.941,-2.8371910299627814,3.4553814101338434,100.0
35,102Ah_35degC_1C_cell1,11,history_T,87.38594855964895,89.839,-2.4530514403510466,3.4553814101338434,100.0
35,102Ah_35degC_1C_cell1,12,history_T,86.51926063522603,89.102,-2.582739364773971,3.4553814101338434,100.0
35,102Ah_35degC_1C_cell1,13,history_T,85.83463478796168,88.517,-2.68236521203832,3.4553814101338434,100.0
35,102Ah_35degC_1C_cell1,14,history_T,85.1600112777655,87.874,-2.7139887222344896,3.4553814101338434,100.0
35,102Ah_35degC_1C_cell1,15,history_T,84.48938049111459,87.254,-2.764619508885417,3.4553814101338434,100.0
35,102Ah_35degC_1C_cell1,16,history_T,83.81166046837555,86.669,-2.857339531624447,3.4553814101338434,100.0
35,102Ah_35degC_1C_cell1,17,history_T,83.07016067213604,86.04,-2.9698393278639657,3.4553814101338434,100.0
35,102Ah_35degC_1C_cell1,18,history_T,82.36213599192602,85.225,-2.86286400807397,3.4553814101338434,100.0
35,102Ah_35degC_1C_cell1,19,history_T,81.71858894060061,84.635,-2.916411059399394,3.4553814101338434,100.0
35,102Ah_35degC_1C_cell1,20,history_T,81.08053572096131,84.066,-2.9854642790386947,3.4553814101338434,100.0
35,102Ah_35degC_1C_cell1,21,history_T,80.4355366835398,83.481,-3.0454633164602,3.4553814101338434,100.0
35,102Ah_35degC_1C_cell1,22,history_T,79.80915380070192,82.816,-3.0068461992980815,3.4553814101338434,100.0
35,102Ah_35degC_1C_cell1,23,history_T,79.13873545086882,82.089,-2.9502645491311768,3.4553814101338434,100.0
35,102Ah_35degC_1C_cell1,24,history_T,77.94597496233122,81.26,-3.3140250376687845,3.4553814101338434,100.0
35,102Ah_35degC_1C_cell1,25,history_T,76.03058377511753,80.436,-4.405416224882472,3.4553814101338434,100.0
35,102Ah_35degC_1C_cell1,26,history_T,74.40796929829239,79.583,-5.1750307017076125,3.4553814101338434,100.0
35,102Ah_35degC_1C_cell1,27,history_T,72.79551341381463,78.65,-5.854486586185374,3.4553814101338434,100.0
35,102Ah_35degC_1C_cell1,28,history_T,77.39783658259908,77.59,-0.1921634174009199,3.4553814101338434,100.0
35,102Ah_35degC_1C_cell1,29,history_T,76.4507004815059,76.374,0.07670048150590958,3.4553814101338434,100.0
35,102Ah_35degC_1C_cell1,30,history_T,74.84466149437553,75.089,-0.24433850562446935,3.4553814101338434,100.0
35,102Ah_35degC_1C_cell1,1,both_T,98.6875083448288,97.944,0.7435083448287969,2.94786912386274,10.0
35,102Ah_35degC_1C_cell1,2,both_T,97.1183887917517,96.746,0.37238879175170325,2.94786912386274,10.0
35,102Ah_35degC_1C_cell1,3,both_T,95.72070615578502,95.84,-0.11929384421497957,2.94786912386274,10.0
35,102Ah_35degC_1C_cell1,4,both_T,94.44934985796655,95.05,-0.6006501420334445,2.94786912386274,10.0
35,102Ah_35degC_1C_cell1,5,both_T,93.1265262577131,94.325,-1.1984737422869074,2.94786912386274,10.0
35,102Ah_35degC_1C_cell1,6,both_T,92.11383569066476,93.595,-1.4811643093352416,2.94786912386274,10.0
35,102Ah_35degC_1C_cell1,7,both_T,90.75379248129057,92.852,-2.0982075187094296,2.94786912386274,10.0
35,102Ah_35degC_1C_cell1,8,both_T,89.19991370571066,92.207,-3.007086294289337,2.94786912386274,10.0
35,102Ah_35degC_1C_cell1,9,both_T,88.13748256069997,91.607,-3.4695174393000343,2.94786912386274,10.0
35,102Ah_35degC_1C_cell1,10,both_T,87.02428482700641,90.941,-3.916715172993591,2.94786912386274,10.0
35,102Ah_35degC_1C_cell1,11,both_T,86.32096017783448,89.839,-3.5180398221655196,2.94786912386274,10.0
35,102Ah_35degC_1C_cell1,12,both_T,84.79149908589909,89.102,-4.310500914100913,2.94786912386274,10.0
35,102Ah_35degC_1C_cell1,13,both_T,83.65881953509698,88.517,-4.858180464903015,2.94786912386274,10.0
35,102Ah_35degC_1C_cell1,14,both_T,82.70638707285747,87.874,-5.167612927142528,2.94786912386274,10.0
35,102Ah_35degC_1C_cell1,15,both_T,80.83642587621212,87.254,-6.417574123787887,2.94786912386274,10.0
35,102Ah_35degC_1C_cell1,16,both_T,81.26090016407706,86.669,-5.40809983592294,2.94786912386274,10.0
35,102Ah_35degC_1C_cell1,17,both_T,79.0224983118988,86.04,-7.017501688101206,2.94786912386274,10.0
35,102Ah_35degC_1C_cell1,18,both_T,79.31353712383897,85.225,-5.911462876161025,2.94786912386274,10.0
35,102Ah_35degC_1C_cell1,19,both_T,78.7899567446475,84.635,-5.845043255352508,2.94786912386274,10.0
35,102Ah_35degC_1C_cell1,20,both_T,77.40781142129865,84.066,-6.658188578701356,2.94786912386274,10.0
35,102Ah_35degC_1C_cell1,21,both_T,76.01413655872555,83.481,-7.466863441274441,2.94786912386274,10.0
35,102Ah_35degC_1C_cell1,22,both_T,75.16243225919982,82.816,-7.6535677408001845,2.94786912386274,10.0
35,102Ah_35degC_1C_cell1,23,both_T,72.69080966994747,82.089,-9.398190330052529,2.94786912386274,10.0
35,102Ah_35degC_1C_cell1,24,both_T,69.73230719511469,81.26,-11.52769280488532,2.94786912386274,10.0
35,102Ah_35degC_1C_cell1,25,both_T,64.88426766644301,80.436,-15.551732333556998,2.94786912386274,10.0
35,102Ah_35degC_1C_cell1,26,both_T,60.773334068407664,79.583,-18.809665931592335,2.94786912386274,10.0
35,102Ah_35degC_1C_cell1,27,both_T,56.68478278174299,78.65,-21.965217218257017,2.94786912386274,10.0
35,102Ah_35degC_1C_cell1,28,both_T,70.12251288642076,77.59,-7.467487113579239,2.94786912386274,10.0
35,102Ah_35degC_1C_cell1,29,both_T,68.8328702183137,76.374,-7.541129781686294,2.94786912386274,10.0
35,102Ah_35degC_1C_cell1,30,both_T,64.7503913586498,75.089,-10.338608641350206,2.94786912386274,10.0
35,102Ah_35degC_1C_cell1,1,history_arrhenius,97.69150855940978,97.944,-0.25249144059021944,3.3293284855435923,0.1
35,102Ah_35degC_1C_cell1,2,history_arrhenius,97.43455451735572,96.746,0.6885545173557261,3.3293284855435923,0.1
35,102Ah_35degC_1C_cell1,3,history_arrhenius,97.11416279797837,95.84,1.274162797978363,3.3293284855435923,0.1
35,102Ah_35degC_1C_cell1,4,history_arrhenius,96.76441179653118,95.05,1.7144117965311807,3.3293284855435923,0.1
35,102Ah_35degC_1C_cell1,5,history_arrhenius,96.38410335082776,94.325,2.0591033508277548,3.3293284855435923,0.1
35,102Ah_35degC_1C_cell1,6,history_arrhenius,95.95591912092816,93.595,2.360919120928159,3.3293284855435923,0.1
35,102Ah_35degC_1C_cell1,7,history_arrhenius,95.29756088600058,92.852,2.445560886000578,3.3293284855435923,0.1
35,102Ah_35degC_1C_cell1,8,history_arrhenius,94.87751376260069,92.207,2.6705137626006916,3.3293284855435923,0.1
35,102Ah_35degC_1C_cell1,9,history_arrhenius,94.28532107016596,91.607,2.678321070165964,3.3293284855435923,0.1
35,102Ah_35degC_1C_cell1,10,history_arrhenius,93.85703849188339,90.941,2.916038491883384,3.3293284855435923,0.1
35,102Ah_35degC_1C_cell1,11,history_arrhenius,93.42528166097169,89.839,3.586281660971693,3.3293284855435923,0.1
35,102Ah_35degC_1C_cell1,12,history_arrhenius,92.62287899924922,89.102,3.52087899924922,3.3293284855435923,0.1
35,102Ah_35degC_1C_cell1,13,history_arrhenius,92.19029271632643,88.517,3.6732927163264293,3.3293284855435923,0.1
35,102Ah_35degC_1C_cell1,14,history_arrhenius,91.75814060864208,87.874,3.8841406086420847,3.3293284855435923,0.1
35,102Ah_35degC_1C_cell1,15,history_arrhenius,91.3167950922575,87.254,4.062795092257488,3.3293284855435923,0.1
35,102Ah_35degC_1C_cell1,16,history_arrhenius,90.88941800554704,86.669,4.220418005547046,3.3293284855435923,0.1
35,102Ah_35degC_1C_cell1,17,history_arrhenius,90.19931201272207,86.04,4.159312012722069,3.3293284855435923,0.1
35,102Ah_35degC_1C_cell1,18,history_arrhenius,89.66146332518083,85.225,4.4364633251808385,3.3293284855435923,0.1
35,102Ah_35degC_1C_cell1,19,history_arrhenius,89.21691307971034,84.635,4.581913079710333,3.3293284855435923,0.1
35,102Ah_35degC_1C_cell1,20,history_arrhenius,88.7920559719665,84.066,4.7260559719665025,3.3293284855435923,0.1
35,102Ah_35degC_1C_cell1,21,history_arrhenius,88.33646712243552,83.481,4.8554671224355275,3.3293284855435923,0.1
35,102Ah_35degC_1C_cell1,22,history_arrhenius,87.91497228022564,82.816,5.098972280225638,3.3293284855435923,0.1
35,102Ah_35degC_1C_cell1,23,history_arrhenius,87.27340985967338,82.089,5.18440985967338,3.3293284855435923,0.1
35,102Ah_35degC_1C_cell1,24,history_arrhenius,86.49741539695567,81.26,5.237415396955669,3.3293284855435923,0.1
35,102Ah_35degC_1C_cell1,25,history_arrhenius,85.92865776284187,80.436,5.4926577628418585,3.3293284855435923,0.1
35,102Ah_35degC_1C_cell1,26,history_arrhenius,85.44529398987865,79.583,5.862293989878651,3.3293284855435923,0.1
35,102Ah_35degC_1C_cell1,27,history_arrhenius,84.96364222710623,78.65,6.313642227106229,3.3293284855435923,0.1
35,102Ah_35degC_1C_cell1,28,history_arrhenius,83.48515495626012,77.59,5.895154956260114,3.3293284855435923,0.1
35,102Ah_35degC_1C_cell1,29,history_arrhenius,82.70986916954719,76.374,6.335869169547195,3.3293284855435923,0.1
35,102Ah_35degC_1C_cell1,30,history_arrhenius,82.22613919146677,75.089,7.137139191466773,3.3293284855435923,0.1
35,102Ah_35degC_1C_cell1,1,temperature_age_interaction,97.2504684458756,97.944,-0.6935315541244051,3.5141167073186734,100.0
35,102Ah_35degC_1C_cell1,2,temperature_age_interaction,95.96390654028622,96.746,-0.7820934597137779,3.5141167073186734,100.0
35,102Ah_35degC_1C_cell1,3,temperature_age_interaction,94.92303739411172,95.84,-0.9169626058882869,3.5141167073186734,100.0
35,102Ah_35degC_1C_cell1,4,temperature_age_interaction,93.99767621964676,95.05,-1.052323780353234,3.5141167073186734,100.0
35,102Ah_35degC_1C_cell1,5,temperature_age_interaction,93.10917596286257,94.325,-1.2158240371374376,3.5141167073186734,100.0
35,102Ah_35degC_1C_cell1,6,temperature_age_interaction,92.31069804853581,93.595,-1.2843019514641867,3.5141167073186734,100.0
35,102Ah_35degC_1C_cell1,7,temperature_age_interaction,91.39392220797424,92.852,-1.4580777920257617,3.5141167073186734,100.0
35,102Ah_35degC_1C_cell1,8,temperature_age_interaction,90.50989882861307,92.207,-1.6971011713869188,3.5141167073186734,100.0
35,102Ah_35degC_1C_cell1,9,temperature_age_interaction,89.73437301253398,91.607,-1.8726269874660204,3.5141167073186734,100.0
35,102Ah_35degC_1C_cell1,10,temperature_age_interaction,88.99337727576852,90.941,-1.9476227242314792,3.5141167073186734,100.0
35,102Ah_35degC_1C_cell1,11,temperature_age_interaction,88.4060832952035,89.839,-1.4329167047964972,3.5141167073186734,100.0
35,102Ah_35degC_1C_cell1,12,temperature_age_interaction,87.47407572560121,89.102,-1.6279242743987936,3.5141167073186734,100.0
35,102Ah_35degC_1C_cell1,13,temperature_age_interaction,86.74624252001874,88.517,-1.7707574799812562,3.5141167073186734,100.0
35,102Ah_35degC_1C_cell1,14,temperature_age_interaction,86.09915767020364,87.874,-1.774842329796357,3.5141167073186734,100.0
35,102Ah_35degC_1C_cell1,15,temperature_age_interaction,85.02857724691692,87.254,-2.2254227530830804,3.5141167073186734,100.0
35,102Ah_35degC_1C_cell1,16,temperature_age_interaction,85.10492421989748,86.669,-1.5640757801025131,3.5141167073186734,100.0
35,102Ah_35degC_1C_cell1,17,temperature_age_interaction,83.76075452816742,86.04,-2.2792454718325814,3.5141167073186734,100.0
35,102Ah_35degC_1C_cell1,18,temperature_age_interaction,83.86286271499216,85.225,-1.362137285007833,3.5141167073186734,100.0
35,102Ah_35degC_1C_cell1,19,temperature_age_interaction,83.52026931535482,84.635,-1.1147306846451812,3.5141167073186734,100.0
35,102Ah_35degC_1C_cell1,20,temperature_age_interaction,82.68844521029774,84.066,-1.377554789702259,3.5141167073186734,100.0
35,102Ah_35degC_1C_cell1,21,temperature_age_interaction,81.83250625283847,83.481,-1.648493747161524,3.5141167073186734,100.0
35,102Ah_35degC_1C_cell1,22,temperature_age_interaction,81.31281163795975,82.816,-1.5031883620402482,3.5141167073186734,100.0
35,102Ah_35degC_1C_cell1,23,temperature_age_interaction,79.62935821915899,82.089,-2.459641780841011,3.5141167073186734,100.0
35,102Ah_35degC_1C_cell1,24,temperature_age_interaction,79.72358372131679,81.26,-1.5364162786832196,3.5141167073186734,100.0
35,102Ah_35degC_1C_cell1,25,temperature_age_interaction,78.26960205384464,80.436,-2.166397946155371,3.5141167073186734,100.0
35,102Ah_35degC_1C_cell1,26,temperature_age_interaction,77.03780958379282,79.583,-2.545190416207177,3.5141167073186734,100.0
35,102Ah_35degC_1C_cell1,27,temperature_age_interaction,75.81367879854795,78.65,-2.8363212014520514,3.5141167073186734,100.0
35,102Ah_35degC_1C_cell1,28,temperature_age_interaction,78.06217531248812,77.59,0.47217531248811895,3.5141167073186734,100.0
35,102Ah_35degC_1C_cell1,29,temperature_age_interaction,77.60513857380752,76.374,1.2311385738075273,3.5141167073186734,100.0
35,102Ah_35degC_1C_cell1,30,temperature_age_interaction,76.38572696771752,75.089,1.2967269677175182,3.5141167073186734,100.0
45,102Ah_45degC_0p5C_cell3,1,age_rate_noT,91.72301961794922,97.213,-5.489980382050774,145.93762327950668,1000.0
45,102Ah_45degC_0p5C_cell3,2,age_rate_noT,91.36391563297902,96.093,-4.729084367020988,145.93762327950668,1000.0
45,102Ah_45degC_0p5C_cell3,3,age_rate_noT,91.07013271468938,95.183,-4.112867285310628,145.93762327950668,1000.0
45,102Ah_45degC_0p5C_cell3,4,age_rate_noT,90.79256940661658,94.405,-3.612430593383422,145.93762327950668,1000.0
45,102Ah_45degC_0p5C_cell3,5,age_rate_noT,90.50299491254628,93.579,-3.0760050874537086,145.93762327950668,1000.0
45,102Ah_45degC_0p5C_cell3,6,age_rate_noT,90.28376342818959,92.867,-2.583236571810417,145.93762327950668,1000.0
45,102Ah_45degC_0p5C_cell3,7,age_rate_noT,89.92993145606253,92.307,-2.377068543937469,145.93762327950668,1000.0
45,102Ah_45degC_0p5C_cell3,8,age_rate_noT,89.63859614031671,91.334,-1.6954038596832959,145.93762327950668,1000.0
45,102Ah_45degC_0p5C_cell3,9,age_rate_noT,89.44348478677523,90.546,-1.1025152132247769,145.93762327950668,1000.0
45,102Ah_45degC_0p5C_cell3,10,age_rate_noT,89.22545086786675,89.71,-0.4845491321332389,145.93762327950668,1000.0
45,102Ah_45degC_0p5C_cell3,11,age_rate_noT,89.01489309220477,88.797,0.21789309220477548,145.93762327950668,1000.0
45,102Ah_45degC_0p5C_cell3,12,age_rate_noT,88.84052865358107,88.025,0.8155286535810689,145.93762327950668,1000.0
45,102Ah_45degC_0p5C_cell3,13,age_rate_noT,88.67426392442084,87.256,1.4182639244208417,145.93762327950668,1000.0
45,102Ah_45degC_0p5C_cell3,14,age_rate_noT,88.50970723381916,86.448,2.0617072338191633,145.93762327950668,1000.0
45,102Ah_45degC_0p5C_cell3,15,age_rate_noT,88.34527312843899,85.454,2.8912731284389963,145.93762327950668,1000.0
45,102Ah_45degC_0p5C_cell3,16,age_rate_noT,88.15175844383884,84.767,3.384758443838848,145.93762327950668,1000.0
45,102Ah_45degC_0p5C_cell3,17,age_rate_noT,87.98181232125381,83.861,4.120812321253808,145.93762327950668,1000.0
45,102Ah_45degC_0p5C_cell3,18,age_rate_noT,87.82806786190743,82.921,4.9070678619074215,145.93762327950668,1000.0
45,102Ah_45degC_0p5C_cell3,19,age_rate_noT,87.67651898229776,81.859,5.81751898229777,145.93762327950668,1000.0
45,102Ah_45degC_0p5C_cell3,20,age_rate_noT,87.48765035614014,80.568,6.919650356140139,145.93762327950668,1000.0
45,102Ah_45degC_0p5C_cell3,21,age_rate_noT,87.28725569143413,78.862,8.425255691434131,145.93762327950668,1000.0
45,102Ah_45degC_0p5C_cell3,22,age_rate_noT,87.14171822768876,77.351,9.790718227688757,145.93762327950668,1000.0
45,102Ah_45degC_0p5C_cell3,23,age_rate_noT,86.971823801344,75.585,11.386823801344008,145.93762327950668,1000.0
45,102Ah_45degC_0p5C_cell3,24,age_rate_noT,86.73006353366148,73.377,13.353063533661484,145.93762327950668,1000.0
45,102Ah_45degC_0p5C_cell3,25,age_rate_noT,86.57968498887439,71.212,15.367684988874387,145.93762327950668,1000.0
45,102Ah_45degC_0p5C_cell3,26,age_rate_noT,86.44419432998208,68.96,17.48419432998209,145.93762327950668,1000.0
45,102Ah_45degC_0p5C_cell3,27,age_rate_noT,86.30993401038542,66.665,19.644934010385413,145.93762327950668,1000.0
45,102Ah_45degC_0p5C_cell3,28,age_rate_noT,86.13657483369734,64.205,21.93157483369734,145.93762327950668,1000.0
45,102Ah_45degC_0p5C_cell3,29,age_rate_noT,86.01260843992749,63.18,22.83260843992749,145.93762327950668,1000.0
45,102Ah_45degC_0p5C_cell3,30,age_rate_noT,86.0469043080257,61.901,24.1459043080257,145.93762327950668,1000.0
45,102Ah_45degC_1C_cell1,1,age_rate_noT,91.29510872620695,98.462,-7.1668912737930555,145.93762327950668,1000.0
45,102Ah_45degC_1C_cell1,2,age_rate_noT,90.99051989715097,97.488,-6.497480102849025,145.93762327950668,1000.0
45,102Ah_45degC_1C_cell1,3,age_rate_noT,90.76172151599512,96.668,-5.906278484004886,145.93762327950668,1000.0
45,102Ah_45degC_1C_cell1,4,age_rate_noT,90.57066011950508,96.07,-5.499339880494915,145.93762327950668,1000.0
45,102Ah_45degC_1C_cell1,5,age_rate_noT,90.3776039173633,95.532,-5.154396082636694,145.93762327950668,1000.0
45,102Ah_45degC_1C_cell1,6,age_rate_noT,90.2304716454745,95.047,-4.816528354525502,145.93762327950668,1000.0
45,102Ah_45degC_1C_cell1,7,age_rate_noT,90.08338917272006,94.61,-4.526610827279939,145.93762327950668,1000.0
45,102Ah_45degC_1C_cell1,8,age_rate_noT,89.95369741780212,94.15,-4.196302582197887,145.93762327950668,1000.0
45,102Ah_45degC_1C_cell1,9,age_rate_noT,89.83268564821276,93.732,-3.8993143517872397,145.93762327950668,1000.0
45,102Ah_45degC_1C_cell1,10,age_rate_noT,89.72049610840797,93.34,-3.619503891592032,145.93762327950668,1000.0
45,102Ah_45degC_1C_cell1,11,age_rate_noT,89.60944488444004,92.94,-3.33055511555996,145.93762327950668,1000.0
45,102Ah_45degC_1C_cell1,12,age_rate_noT,89.50662132757542,92.564,-3.0573786724245764,145.93762327950668,1000.0
45,102Ah_45degC_1C_cell1,13,age_rate_noT,89.40535163670211,92.197,-2.7916483632978952,145.93762327950668,1000.0
45,102Ah_45degC_1C_cell1,14,age_rate_noT,89.30061631261349,91.821,-2.520383687386513,145.93762327950668,1000.0
45,102Ah_45degC_1C_cell1,15,age_rate_noT,89.20396963731068,91.424,-2.2200303626893287,145.93762327950668,1000.0
45,102Ah_45degC_1C_cell1,16,age_rate_noT,89.0585903039723,90.943,-1.8844096960277028,145.93762327950668,1000.0
45,102Ah_45degC_1C_cell1,17,age_rate_noT,88.96869889756077,90.603,-1.634301102439224,145.93762327950668,1000.0
45,102Ah_45degC_1C_cell1,18,age_rate_noT,88.88036953294562,90.278,-1.397630467054384,145.93762327950668,1000.0
45,102Ah_45degC_1C_cell1,19,age_rate_noT,88.79315715567078,89.822,-1.028842844329219,145.93762327950668,1000.0
45,102Ah_45degC_1C_cell1,20,age_rate_noT,88.69453715874702,89.494,-0.799462841252975,145.93762327950668,1000.0
45,102Ah_45degC_1C_cell1,21,age_rate_noT,88.58031655444894,89.036,-0.45568344555105966,145.93762327950668,1000.0
45,102Ah_45degC_1C_cell1,22,age_rate_noT,88.49869428920307,88.696,-0.19730571079692538,145.93762327950668,1000.0
45,102Ah_45degC_1C_cell1,23,age_rate_noT,88.41960031261293,88.347,0.0726003126129342,145.93762327950668,1000.0
45,102Ah_45degC_1C_cell1,24,age_rate_noT,88.34187795531918,88.0,0.34187795531917686,145.93762327950668,1000.0
45,102Ah_45degC_1C_cell1,25,age_rate_noT,88.26445606461745,87.625,0.6394560646174483,145.93762327950668,1000.0
45,102Ah_45degC_1C_cell1,26,age_rate_noT,88.1876272414948,87.258,0.9296272414947993,145.93762327950668,1000.0
45,102Ah_45degC_1C_cell1,27,age_rate_noT,88.10149243530535,86.915,1.1864924353053397,145.93762327950668,1000.0
45,102Ah_45degC_1C_cell1,28,age_rate_noT,87.97294488847153,86.361,1.6119448884715268,145.93762327950668,1000.0
45,102Ah_45degC_1C_cell1,29,age_rate_noT,87.88529328875299,85.894,1.9912932887529848,145.93762327950668,1000.0
45,102Ah_45degC_1C_cell1,30,age_rate_noT,87.81406977225188,85.512,2.3020697722518833,145.93762327950668,1000.0
45,102Ah_45degC_0p5C_cell3,1,current_T,94.60429795404049,97.213,-2.608702045959504,21.99243050372701,1.0
45,102Ah_45degC_0p5C_cell3,2,current_T,93.19116155771282,96.093,-2.901838442287186,21.99243050372701,1.0
45,102Ah_45degC_0p5C_cell3,3,current_T,92.26870362418228,95.183,-2.9142963758177274,21.99243050372701,1.0
45,102Ah_45degC_0p5C_cell3,4,current_T,90.84650807857228,94.405,-3.5584919214277164,21.99243050372701,1.0
45,102Ah_45degC_0p5C_cell3,5,current_T,89.7700897682678,93.579,-3.808910231732199,21.99243050372701,1.0
45,102Ah_45degC_0p5C_cell3,6,current_T,88.83597291479037,92.867,-4.0310270852096295,21.99243050372701,1.0
45,102Ah_45degC_0p5C_cell3,7,current_T,86.46597605787842,92.307,-5.841023942121581,21.99243050372701,1.0
45,102Ah_45degC_0p5C_cell3,8,current_T,85.33743194901027,91.334,-5.996568050989737,21.99243050372701,1.0
45,102Ah_45degC_0p5C_cell3,9,current_T,84.1814661582469,90.546,-6.364533841753101,21.99243050372701,1.0
45,102Ah_45degC_0p5C_cell3,10,current_T,82.51774179762447,89.71,-7.192258202375527,21.99243050372701,1.0
45,102Ah_45degC_0p5C_cell3,11,current_T,81.45121520926611,88.797,-7.345784790733887,21.99243050372701,1.0
45,102Ah_45degC_0p5C_cell3,12,current_T,80.546492705992,88.025,-7.478507294008011,21.99243050372701,1.0
45,102Ah_45degC_0p5C_cell3,13,current_T,79.48349153706162,87.256,-7.772508462938376,21.99243050372701,1.0
45,102Ah_45degC_0p5C_cell3,14,current_T,78.41799698665807,86.448,-8.030003013341926,21.99243050372701,1.0
45,102Ah_45degC_0p5C_cell3,15,current_T,77.40110594096089,85.454,-8.052894059039104,21.99243050372701,1.0
45,102Ah_45degC_0p5C_cell3,16,current_T,76.40997101255037,84.767,-8.357028987449624,21.99243050372701,1.0
45,102Ah_45degC_0p5C_cell3,17,current_T,75.83287432542926,83.861,-8.028125674570745,21.99243050372701,1.0
45,102Ah_45degC_0p5C_cell3,18,current_T,74.86711938399637,82.921,-8.053880616003639,21.99243050372701,1.0
45,102Ah_45degC_0p5C_cell3,19,current_T,74.00172615450681,81.859,-7.857273845493182,21.99243050372701,1.0
45,102Ah_45degC_0p5C_cell3,20,current_T,72.6922571216142,80.568,-7.875742878385793,21.99243050372701,1.0
45,102Ah_45degC_0p5C_cell3,21,current_T,71.36113575809082,78.862,-7.50086424190917,21.99243050372701,1.0
45,102Ah_45degC_0p5C_cell3,22,current_T,70.53218381359747,77.351,-6.818816186402529,21.99243050372701,1.0
45,102Ah_45degC_0p5C_cell3,23,current_T,69.35828656866516,75.585,-6.226713431334829,21.99243050372701,1.0
45,102Ah_45degC_0p5C_cell3,24,current_T,65.98530206932767,73.377,-7.391697930672322,21.99243050372701,1.0
45,102Ah_45degC_0p5C_cell3,25,current_T,65.69697448328978,71.212,-5.5150255167102245,21.99243050372701,1.0
45,102Ah_45degC_0p5C_cell3,26,current_T,64.93171301036224,68.96,-4.028286989637749,21.99243050372701,1.0
45,102Ah_45degC_0p5C_cell3,27,current_T,64.0848087666946,66.665,-2.5801912333054133,21.99243050372701,1.0
45,102Ah_45degC_0p5C_cell3,28,current_T,62.991893787505816,64.205,-1.213106212494182,21.99243050372701,1.0
45,102Ah_45degC_0p5C_cell3,29,current_T,62.256716251164086,63.18,-0.9232837488359138,21.99243050372701,1.0
45,102Ah_45degC_0p5C_cell3,30,current_T,62.313846453205485,61.901,0.4128464532054821,21.99243050372701,1.0
45,102Ah_45degC_1C_cell1,1,current_T,97.75604221285822,98.462,-0.7059577871417844,21.99243050372701,1.0
45,102Ah_45degC_1C_cell1,2,current_T,96.69946118535321,97.488,-0.7885388146467847,21.99243050372701,1.0
45,102Ah_45degC_1C_cell1,3,current_T,95.88580170188142,96.668,-0.7821982981185869,21.99243050372701,1.0
45,102Ah_45degC_1C_cell1,4,current_T,95.24901500509871,96.07,-0.8209849949012806,21.99243050372701,1.0
45,102Ah_45degC_1C_cell1,5,current_T,94.56517381071858,95.532,-0.9668261892814201,21.99243050372701,1.0
45,102Ah_45degC_1C_cell1,6,current_T,94.02698427684447,95.047,-1.0200157231555238,21.99243050372701,1.0
45,102Ah_45degC_1C_cell1,7,current_T,93.46459019964503,94.61,-1.1454098003549689,21.99243050372701,1.0
45,102Ah_45degC_1C_cell1,8,current_T,92.9580317560734,94.15,-1.1919682439266097,21.99243050372701,1.0
45,102Ah_45degC_1C_cell1,9,current_T,92.4759328602204,93.732,-1.2560671397796028,21.99243050372701,1.0
45,102Ah_45degC_1C_cell1,10,current_T,92.01736948144924,93.34,-1.322630518550767,21.99243050372701,1.0
45,102Ah_45degC_1C_cell1,11,current_T,91.64137772338755,92.94,-1.2986222766124484,21.99243050372701,1.0
45,102Ah_45degC_1C_cell1,12,current_T,91.29591427947062,92.564,-1.2680857205293705,21.99243050372701,1.0
45,102Ah_45degC_1C_cell1,13,current_T,90.90879959584089,92.197,-1.288200404159113,21.99243050372701,1.0
45,102Ah_45degC_1C_cell1,14,current_T,90.39804921534758,91.821,-1.4229507846524143,21.99243050372701,1.0
45,102Ah_45degC_1C_cell1,15,current_T,89.82442829561683,91.424,-1.5995717043831803,21.99243050372701,1.0
45,102Ah_45degC_1C_cell1,16,current_T,89.06664183200469,90.943,-1.8763581679953063,21.99243050372701,1.0
45,102Ah_45degC_1C_cell1,17,current_T,88.75234092435342,90.603,-1.8506590756465755,21.99243050372701,1.0
45,102Ah_45degC_1C_cell1,18,current_T,84.81855800692207,90.278,-5.459441993077931,21.99243050372701,1.0
45,102Ah_45degC_1C_cell1,19,current_T,88.11776090584505,89.822,-1.704239094154957,21.99243050372701,1.0
45,102Ah_45degC_1C_cell1,20,current_T,87.63387593839938,89.494,-1.8601240616006152,21.99243050372701,1.0
45,102Ah_45degC_1C_cell1,21,current_T,87.96646404247734,89.036,-1.0695359575226604,21.99243050372701,1.0
45,102Ah_45degC_1C_cell1,22,current_T,87.62156904124629,88.696,-1.0744309587537089,21.99243050372701,1.0
45,102Ah_45degC_1C_cell1,23,current_T,87.19366815922098,88.347,-1.1533318407790176,21.99243050372701,1.0
45,102Ah_45degC_1C_cell1,24,current_T,86.81921172872777,88.0,-1.1807882712722346,21.99243050372701,1.0
45,102Ah_45degC_1C_cell1,25,current_T,86.44250767333567,87.625,-1.182492326664331,21.99243050372701,1.0
45,102Ah_45degC_1C_cell1,26,current_T,86.06353756957157,87.258,-1.1944624304284304,21.99243050372701,1.0
45,102Ah_45degC_1C_cell1,27,current_T,85.62439357019042,86.915,-1.2906064298095856,21.99243050372701,1.0
45,102Ah_45degC_1C_cell1,28,current_T,84.84452014886362,86.361,-1.5164798511363813,21.99243050372701,1.0
45,102Ah_45degC_1C_cell1,29,current_T,84.33998001397255,85.894,-1.5540199860274555,21.99243050372701,1.0
45,102Ah_45degC_1C_cell1,30,current_T,84.02609304969118,85.512,-1.4859069503088165,21.99243050372701,1.0
45,102Ah_45degC_0p5C_cell3,1,history_T,91.59049086571113,97.213,-5.622509134288862,141.6822459392651,1000.0
45,102Ah_45degC_0p5C_cell3,2,history_T,91.22503423709949,96.093,-4.867965762900511,141.6822459392651,1000.0
45,102Ah_45degC_0p5C_cell3,3,history_T,90.93724305983312,95.183,-4.245756940166885,141.6822459392651,1000.0
45,102Ah_45degC_0p5C_cell3,4,history_T,90.66976503645805,94.405,-3.7352349635419557,141.6822459392651,1000.0
45,102Ah_45degC_0p5C_cell3,5,history_T,90.38392747861629,93.579,-3.1950725213837075,141.6822459392651,1000.0
45,102Ah_45degC_0p5C_cell3,6,history_T,90.16229791161639,92.867,-2.7047020883836126,141.6822459392651,1000.0
45,102Ah_45degC_0p5C_cell3,7,history_T,89.80990109158532,92.307,-2.497098908414685,141.6822459392651,1000.0
45,102Ah_45degC_0p5C_cell3,8,history_T,89.52209352723199,91.334,-1.8119064727680154,141.6822459392651,1000.0
45,102Ah_45degC_0p5C_cell3,9,history_T,89.32657369510324,90.546,-1.2194263048967713,141.6822459392651,1000.0
45,102Ah_45degC_0p5C_cell3,10,history_T,89.105983774419,89.71,-0.6040162255809918,141.6822459392651,1000.0
45,102Ah_45degC_0p5C_cell3,11,history_T,88.89698739606827,88.797,0.099987396068272,141.6822459392651,1000.0
45,102Ah_45degC_0p5C_cell3,12,history_T,88.72219793096875,88.025,0.6971979309687413,141.6822459392651,1000.0
45,102Ah_45degC_0p5C_cell3,13,history_T,88.55553969163367,87.256,1.2995396916336688,141.6822459392651,1000.0
45,102Ah_45degC_0p5C_cell3,14,history_T,88.39056590391446,86.448,1.9425659039144705,141.6822459392651,1000.0
45,102Ah_45degC_0p5C_cell3,15,history_T,88.22559231494071,85.454,2.771592314940719,141.6822459392651,1000.0
45,102Ah_45degC_0p5C_cell3,16,history_T,88.03169872319086,84.767,3.264698723190861,141.6822459392651,1000.0
45,102Ah_45degC_0p5C_cell3,17,history_T,87.86130413011934,83.861,4.000304130119332,141.6822459392651,1000.0
45,102Ah_45degC_0p5C_cell3,18,history_T,87.70715619821101,82.921,4.786156198211003,141.6822459392651,1000.0
45,102Ah_45degC_0p5C_cell3,19,history_T,87.55519580579211,81.859,5.696195805792115,141.6822459392651,1000.0
45,102Ah_45degC_0p5C_cell3,20,history_T,87.3657957700311,80.568,6.797795770031101,141.6822459392651,1000.0
45,102Ah_45degC_0p5C_cell3,21,history_T,87.16481883746137,78.862,8.302818837461373,141.6822459392651,1000.0
45,102Ah_45degC_0p5C_cell3,22,history_T,87.01888468122723,77.351,9.667884681227235,141.6822459392651,1000.0
45,102Ah_45degC_0p5C_cell3,23,history_T,86.84851413609005,75.585,11.263514136090052,141.6822459392651,1000.0
45,102Ah_45degC_0p5C_cell3,24,history_T,86.58113769095985,73.377,13.204137690959854,141.6822459392651,1000.0
45,102Ah_45degC_0p5C_cell3,25,history_T,86.4303284434065,71.212,15.218328443406492,141.6822459392651,1000.0
45,102Ah_45degC_0p5C_cell3,26,history_T,86.29446054860247,68.96,17.33446054860248,141.6822459392651,1000.0
45,102Ah_45degC_0p5C_cell3,27,history_T,86.15982740414383,66.665,19.49482740414382,141.6822459392651,1000.0
45,102Ah_45degC_0p5C_cell3,28,history_T,85.98547292167184,64.205,21.780472921671844,141.6822459392651,1000.0
45,102Ah_45degC_0p5C_cell3,29,history_T,85.85489772439828,63.18,22.674897724398285,141.6822459392651,1000.0
45,102Ah_45degC_0p5C_cell3,30,history_T,85.90217219131475,61.901,24.001172191314744,141.6822459392651,1000.0
45,102Ah_45degC_1C_cell1,1,history_T,90.99342925496941,98.462,-7.46857074503059,141.6822459392651,1000.0
45,102Ah_45degC_1C_cell1,2,history_T,90.68907368010929,97.488,-6.798926319890711,141.6822459392651,1000.0
45,102Ah_45degC_1C_cell1,3,history_T,90.46038224355158,96.668,-6.207617756448428,141.6822459392651,1000.0
45,102Ah_45degC_1C_cell1,4,history_T,90.2693654831363,96.07,-5.8006345168636955,141.6822459392651,1000.0
45,102Ah_45degC_1C_cell1,5,history_T,90.07632177140924,95.532,-5.455678228590756,141.6822459392651,1000.0
45,102Ah_45degC_1C_cell1,6,history_T,89.92916204896952,95.047,-5.117837951030481,141.6822459392651,1000.0
45,102Ah_45degC_1C_cell1,7,history_T,89.78202536265104,94.61,-4.827974637348959,141.6822459392651,1000.0
45,102Ah_45degC_1C_cell1,8,history_T,89.6522764621067,94.15,-4.497723537893307,141.6822459392651,1000.0
45,102Ah_45degC_1C_cell1,9,history_T,89.53122482948325,93.732,-4.200775170516749,141.6822459392651,1000.0
45,102Ah_45degC_1C_cell1,10,history_T,89.4189517182737,93.34,-3.9210482817263,141.6822459392651,1000.0
45,102Ah_45degC_1C_cell1,11,history_T,89.30777805127737,92.94,-3.6322219487226306,141.6822459392651,1000.0
45,102Ah_45degC_1C_cell1,12,history_T,89.20483620413623,92.564,-3.359163795863765,141.6822459392651,1000.0
45,102Ah_45degC_1C_cell1,13,history_T,89.10349791117183,92.197,-3.093502088828174,141.6822459392651,1000.0
45,102Ah_45degC_1C_cell1,14,history_T,88.9986541594898,91.821,-2.822345840510195,141.6822459392651,1000.0
45,102Ah_45degC_1C_cell1,15,history_T,88.90185953236255,91.424,-2.522140467637456,141.6822459392651,1000.0
45,102Ah_45degC_1C_cell1,16,history_T,88.7562989855049,90.943,-2.1867010144950996,141.6822459392651,1000.0
45,102Ah_45degC_1C_cell1,17,history_T,88.66632317981627,90.603,-1.9366768201837203,141.6822459392651,1000.0
45,102Ah_45degC_1C_cell1,18,history_T,88.57782377876399,90.278,-1.7001762212360205,141.6822459392651,1000.0
45,102Ah_45degC_1C_cell1,19,history_T,88.4905174054977,89.822,-1.3314825945023046,141.6822459392651,1000.0
45,102Ah_45degC_1C_cell1,20,history_T,88.3917448946972,89.494,-1.1022551053028025,141.6822459392651,1000.0
45,102Ah_45degC_1C_cell1,21,history_T,88.27730234919667,89.036,-0.7586976508033274,141.6822459392651,1000.0
45,102Ah_45degC_1C_cell1,22,history_T,88.19554399651837,88.696,-0.5004560034816308,141.6822459392651,1000.0
45,102Ah_45degC_1C_cell1,23,history_T,88.11630786397535,88.347,-0.23069213602464345,141.6822459392651,1000.0
45,102Ah_45degC_1C_cell1,24,history_T,88.03845732504415,88.0,0.038457325044149115,141.6822459392651,1000.0
45,102Ah_45degC_1C_cell1,25,history_T,87.96089781326133,87.625,0.33589781326132595,141.6822459392651,1000.0
45,102Ah_45degC_1C_cell1,26,history_T,87.883907626205,87.258,0.6259076262050058,141.6822459392651,1000.0
45,102Ah_45degC_1C_cell1,27,history_T,87.79762724559556,86.915,0.8826272455955575,141.6822459392651,1000.0
45,102Ah_45degC_1C_cell1,28,history_T,87.66883759190306,86.361,1.307837591903052,141.6822459392651,1000.0
45,102Ah_45degC_1C_cell1,29,history_T,87.58104872986999,85.894,1.6870487298699857,141.6822459392651,1000.0
45,102Ah_45degC_1C_cell1,30,history_T,87.5096344045421,85.512,1.9976344045420973,141.6822459392651,1000.0
45,102Ah_45degC_0p5C_cell3,1,both_T,91.58170105733545,97.213,-5.631298942664543,140.07499859228517,1000.0
45,102Ah_45degC_0p5C_cell3,2,both_T,91.20791390650385,96.093,-4.885086093496156,140.07499859228517,1000.0
45,102Ah_45degC_0p5C_cell3,3,both_T,90.89841985493803,95.183,-4.28458014506198,140.07499859228517,1000.0
45,102Ah_45degC_0p5C_cell3,4,both_T,90.66486654001457,94.405,-3.7401334599854295,140.07499859228517,1000.0
45,102Ah_45degC_0p5C_cell3,5,both_T,90.35155464355823,93.579,-3.2274453564417627,140.07499859228517,1000.0
45,102Ah_45degC_0p5C_cell3,6,both_T,90.11195363696451,92.867,-2.7550463630354898,140.07499859228517,1000.0
45,102Ah_45degC_0p5C_cell3,7,both_T,89.80237352018395,92.307,-2.5046264798160536,140.07499859228517,1000.0
45,102Ah_45degC_0p5C_cell3,8,both_T,89.4661893178673,91.334,-1.8678106821326992,140.07499859228517,1000.0
45,102Ah_45degC_0p5C_cell3,9,both_T,89.27906041990747,90.546,-1.26693958009254,140.07499859228517,1000.0
45,102Ah_45degC_0p5C_cell3,10,both_T,89.0966011636334,89.71,-0.6133988363665992,140.07499859228517,1000.0
45,102Ah_45degC_0p5C_cell3,11,both_T,88.87401749343185,88.797,0.07701749343185327,140.07499859228517,1000.0
45,102Ah_45degC_0p5C_cell3,12,both_T,88.69087851603005,88.025,0.6658785160300482,140.07499859228517,1000.0
45,102Ah_45degC_0p5C_cell3,13,both_T,88.53675179925935,87.256,1.280751799259349,140.07499859228517,1000.0
45,102Ah_45degC_0p5C_cell3,14,both_T,88.38427097248392,86.448,1.9362709724839249,140.07499859228517,1000.0
45,102Ah_45degC_0p5C_cell3,15,both_T,88.22718441304899,85.454,2.7731844130489947,140.07499859228517,1000.0
45,102Ah_45degC_0p5C_cell3,16,both_T,88.01359802586776,84.767,3.246598025867769,140.07499859228517,1000.0
45,102Ah_45degC_0p5C_cell3,17,both_T,87.79975114689971,83.861,3.9387511468997047,140.07499859228517,1000.0
45,102Ah_45degC_0p5C_cell3,18,both_T,87.65323016070475,82.921,4.732230160704745,140.07499859228517,1000.0
45,102Ah_45degC_0p5C_cell3,19,both_T,87.49950742613684,81.859,5.64050742613685,140.07499859228517,1000.0
45,102Ah_45degC_0p5C_cell3,20,both_T,87.32309773442601,80.568,6.755097734426016,140.07499859228517,1000.0
45,102Ah_45degC_0p5C_cell3,21,both_T,87.12599775405855,78.862,8.26399775405855,140.07499859228517,1000.0
45,102Ah_45degC_0p5C_cell3,22,both_T,86.97819417593949,77.351,9.627194175939493,140.07499859228517,1000.0
45,102Ah_45degC_0p5C_cell3,23,both_T,86.82045454857902,75.585,11.235454548579028,140.07499859228517,1000.0
45,102Ah_45degC_0p5C_cell3,24,both_T,86.68500449696671,73.377,13.308004496966717,140.07499859228517,1000.0
45,102Ah_45degC_0p5C_cell3,25,both_T,86.47169021844917,71.212,15.259690218449165,140.07499859228517,1000.0
45,102Ah_45degC_0p5C_cell3,26,both_T,86.33376210535637,68.96,17.373762105356377,140.07499859228517,1000.0
45,102Ah_45degC_0p5C_cell3,27,both_T,86.20638963636324,66.665,19.541389636363235,140.07499859228517,1000.0
45,102Ah_45degC_0p5C_cell3,28,both_T,86.03092154822167,64.205,21.82592154822167,140.07499859228517,1000.0
45,102Ah_45degC_0p5C_cell3,29,both_T,85.90536256178797,63.18,22.725362561787968,140.07499859228517,1000.0
45,102Ah_45degC_0p5C_cell3,30,both_T,85.95475180481404,61.901,24.053751804814034,140.07499859228517,1000.0
45,102Ah_45degC_1C_cell1,1,both_T,90.75313795739822,98.462,-7.70886204260178,140.07499859228517,1000.0
45,102Ah_45degC_1C_cell1,2,both_T,90.4705895377251,97.488,-7.017410462274896,140.07499859228517,1000.0
45,102Ah_45degC_1C_cell1,3,both_T,90.25536153793854,96.668,-6.412638462061466,140.07499859228517,1000.0
45,102Ah_45degC_1C_cell1,4,both_T,90.06780201119098,96.07,-6.002197988809016,140.07499859228517,1000.0
45,102Ah_45degC_1C_cell1,5,both_T,89.87826486546452,95.532,-5.653735134535481,140.07499859228517,1000.0
45,102Ah_45degC_1C_cell1,6,both_T,89.733791430349,95.047,-5.313208569650996,140.07499859228517,1000.0
45,102Ah_45degC_1C_cell1,7,both_T,89.5893445537691,94.61,-5.020655446230904,140.07499859228517,1000.0
45,102Ah_45degC_1C_cell1,8,both_T,89.46198262771681,94.15,-4.688017372283198,140.07499859228517,1000.0
45,102Ah_45degC_1C_cell1,9,both_T,89.34317960426054,93.732,-4.388820395739458,140.07499859228517,1000.0
45,102Ah_45degC_1C_cell1,10,both_T,89.23297904714795,93.34,-4.107020952852054,140.07499859228517,1000.0
45,102Ah_45degC_1C_cell1,11,both_T,89.11450219323507,92.94,-3.825497806764929,140.07499859228517,1000.0
45,102Ah_45degC_1C_cell1,12,both_T,89.00411308419369,92.564,-3.5598869158063025,140.07499859228517,1000.0
45,102Ah_45degC_1C_cell1,13,both_T,88.90000341068125,92.197,-3.296996589318752,140.07499859228517,1000.0
45,102Ah_45degC_1C_cell1,14,both_T,88.80178493731552,91.821,-3.0192150626844807,140.07499859228517,1000.0
45,102Ah_45degC_1C_cell1,15,both_T,88.72079209230725,91.424,-2.7032079076927573,140.07499859228517,1000.0
45,102Ah_45degC_1C_cell1,16,both_T,88.58262001376107,90.943,-2.360379986238925,140.07499859228517,1000.0
45,102Ah_45degC_1C_cell1,17,both_T,88.48500306829649,90.603,-2.1179969317035017,140.07499859228517,1000.0
45,102Ah_45degC_1C_cell1,18,both_T,88.75321231794788,90.278,-1.5247876820521213,140.07499859228517,1000.0
45,102Ah_45degC_1C_cell1,19,both_T,88.29379753307394,89.822,-1.5282024669260608,140.07499859228517,1000.0
45,102Ah_45degC_1C_cell1,20,both_T,88.19687831362657,89.494,-1.2971216863734298,140.07499859228517,1000.0
45,102Ah_45degC_1C_cell1,21,both_T,87.99112741076472,89.036,-1.0448725892352826,140.07499859228517,1000.0
45,102Ah_45degC_1C_cell1,22,both_T,87.90623401081862,88.696,-0.789765989181376,140.07499859228517,1000.0
45,102Ah_45degC_1C_cell1,23,both_T,87.83315698987606,88.347,-0.5138430101239351,140.07499859228517,1000.0
45,102Ah_45degC_1C_cell1,24,both_T,87.75677567653693,88.0,-0.24322432346306755,140.07499859228517,1000.0
45,102Ah_45degC_1C_cell1,25,both_T,87.68067734220867,87.625,0.055677342208667824,140.07499859228517,1000.0
45,102Ah_45degC_1C_cell1,26,both_T,87.60512687668745,87.258,0.34712687668745446,140.07499859228517,1000.0
45,102Ah_45degC_1C_cell1,27,both_T,87.52048344270844,86.915,0.605483442708433,140.07499859228517,1000.0
45,102Ah_45degC_1C_cell1,28,both_T,87.39881330334913,86.361,1.0378133033491252,140.07499859228517,1000.0
45,102Ah_45degC_1C_cell1,29,both_T,87.31737688184215,85.894,1.4233768818421453,140.07499859228517,1000.0
45,102Ah_45degC_1C_cell1,30,both_T,87.24261447190136,85.512,1.7306144719013616,140.07499859228517,1000.0
45,102Ah_45degC_0p5C_cell3,1,history_arrhenius,97.54954702225479,97.213,0.3365470222547913,58.44246537236229,0.1
45,102Ah_45degC_0p5C_cell3,2,history_arrhenius,96.36843930853976,96.093,0.2754393085397595,58.44246537236229,0.1
45,102Ah_45degC_0p5C_cell3,3,history_arrhenius,95.27940645980543,95.183,0.09640645980542217,58.44246537236229,0.1
45,102Ah_45degC_0p5C_cell3,4,history_arrhenius,94.2123813472801,94.405,-0.19261865271990075,58.44246537236229,0.1
45,102Ah_45degC_0p5C_cell3,5,history_arrhenius,93.03982960349975,93.579,-0.5391703965002392,58.44246537236229,0.1
45,102Ah_45degC_0p5C_cell3,6,history_arrhenius,91.97698314786157,92.867,-0.8900168521384302,58.44246537236229,0.1
45,102Ah_45degC_0p5C_cell3,7,history_arrhenius,90.52256554561818,92.307,-1.7844344543818238,58.44246537236229,0.1
45,102Ah_45degC_0p5C_cell3,8,history_arrhenius,89.21843710598019,91.334,-2.115562894019817,58.44246537236229,0.1
45,102Ah_45degC_0p5C_cell3,9,history_arrhenius,88.16795103083707,90.546,-2.3780489691629327,58.44246537236229,0.1
45,102Ah_45degC_0p5C_cell3,10,history_arrhenius,86.98917505331296,89.71,-2.7208249466870313,58.44246537236229,0.1
45,102Ah_45degC_0p5C_cell3,11,history_arrhenius,85.88557489256709,88.797,-2.9114251074329047,58.44246537236229,0.1
45,102Ah_45degC_0p5C_cell3,12,history_arrhenius,84.86712828850628,88.025,-3.1578717114937263,58.44246537236229,0.1
45,102Ah_45degC_0p5C_cell3,13,history_arrhenius,83.87506909495912,87.256,-3.3809309050408842,58.44246537236229,0.1
45,102Ah_45degC_0p5C_cell3,14,history_arrhenius,82.88504912199315,86.448,-3.562950878006845,58.44246537236229,0.1
45,102Ah_45degC_0p5C_cell3,15,history_arrhenius,81.89239792698302,85.454,-3.561602073016971,58.44246537236229,0.1
45,102Ah_45degC_0p5C_cell3,16,history_arrhenius,80.77298675832981,84.767,-3.9940132416701886,58.44246537236229,0.1
45,102Ah_45degC_0p5C_cell3,17,history_arrhenius,79.74045709110597,83.861,-4.120542908894038,58.44246537236229,0.1
45,102Ah_45degC_0p5C_cell3,18,history_arrhenius,78.76863382316817,82.921,-4.152366176831833,58.44246537236229,0.1
45,102Ah_45degC_0p5C_cell3,19,history_arrhenius,77.8040746607114,81.859,-4.0549253392886015,58.44246537236229,0.1
45,102Ah_45degC_0p5C_cell3,20,history_arrhenius,76.68127311595114,80.568,-3.886726884048855,58.44246537236229,0.1
45,102Ah_45degC_0p5C_cell3,21,history_arrhenius,75.51506562874306,78.862,-3.3469343712569355,58.44246537236229,0.1
45,102Ah_45degC_0p5C_cell3,22,history_arrhenius,74.55820681105448,77.351,-2.7927931889455238,58.44246537236229,0.1
45,102Ah_45degC_0p5C_cell3,23,history_arrhenius,73.4982116275759,75.585,-2.0867883724240954,58.44246537236229,0.1
45,102Ah_45degC_0p5C_cell3,24,history_arrhenius,71.34557368071296,73.377,-2.0314263192870357,58.44246537236229,0.1
45,102Ah_45degC_0p5C_cell3,25,history_arrhenius,70.32983342722031,71.212,-0.8821665727796955,58.44246537236229,0.1
45,102Ah_45degC_0p5C_cell3,26,history_arrhenius,69.37384467266875,68.96,0.413844672668759,58.44246537236229,0.1
45,102Ah_45degC_0p5C_cell3,27,history_arrhenius,68.41866083997516,66.665,1.7536608399751543,58.44246537236229,0.1
45,102Ah_45degC_0p5C_cell3,28,history_arrhenius,67.33891577854449,64.205,3.133915778544491,58.44246537236229,0.1
45,102Ah_45degC_0p5C_cell3,29,history_arrhenius,67.04559073680349,63.18,3.8655907368034903,58.44246537236229,0.1
45,102Ah_45degC_0p5C_cell3,30,history_arrhenius,67.0883260324486,61.901,5.187326032448603,58.44246537236229,0.1
45,102Ah_45degC_1C_cell1,1,history_arrhenius,98.78153729532573,98.462,0.3195372953257305,58.44246537236229,0.1
45,102Ah_45degC_1C_cell1,2,history_arrhenius,97.9860057914037,97.488,0.49800579140369905,58.44246537236229,0.1
45,102Ah_45degC_1C_cell1,3,history_arrhenius,97.24351864415392,96.668,0.5755186441539166,58.44246537236229,0.1
45,102Ah_45degC_1C_cell1,4,history_arrhenius,96.522796029131,96.07,0.452796029131008,58.44246537236229,0.1
45,102Ah_45degC_1C_cell1,5,history_arrhenius,95.77713362939167,95.532,0.24513362939167394,58.44246537236229,0.1
45,102Ah_45degC_1C_cell1,6,history_arrhenius,95.08201893473593,95.047,0.03501893473593043,58.44246537236229,0.1
45,102Ah_45degC_1C_cell1,7,history_arrhenius,94.37348800083109,94.61,-0.2365119991689113,58.44246537236229,0.1
45,102Ah_45degC_1C_cell1,8,history_arrhenius,93.67735973088192,94.15,-0.472640269118088,58.44246537236229,0.1
45,102Ah_45degC_1C_cell1,9,history_arrhenius,92.99536739173645,93.732,-0.7366326082635481,58.44246537236229,0.1
45,102Ah_45degC_1C_cell1,10,history_arrhenius,92.32129028037363,93.34,-1.0187097196263721,58.44246537236229,0.1
45,102Ah_45degC_1C_cell1,11,history_arrhenius,91.64141033255478,92.94,-1.2985896674452135,58.44246537236229,0.1
45,102Ah_45degC_1C_cell1,12,history_arrhenius,90.97290551860313,92.564,-1.5910944813968655,58.44246537236229,0.1
45,102Ah_45degC_1C_cell1,13,history_arrhenius,90.30486614296632,92.197,-1.8921338570336843,58.44246537236229,0.1
45,102Ah_45degC_1C_cell1,14,history_arrhenius,89.62236898989246,91.821,-2.1986310101075333,58.44246537236229,0.1
45,102Ah_45degC_1C_cell1,15,history_arrhenius,88.95180234564741,91.424,-2.4721976543525983,58.44246537236229,0.1
45,102Ah_45degC_1C_cell1,16,history_arrhenius,88.14503769618564,90.943,-2.7979623038143586,58.44246537236229,0.1
45,102Ah_45degC_1C_cell1,17,history_arrhenius,87.47726001769816,90.603,-3.1257399823018375,58.44246537236229,0.1
45,102Ah_45degC_1C_cell1,18,history_arrhenius,86.81218560209817,90.278,-3.4658143979018377,58.44246537236229,0.1
45,102Ah_45degC_1C_cell1,19,history_arrhenius,86.1508675027697,89.822,-3.671132497230303,58.44246537236229,0.1
45,102Ah_45degC_1C_cell1,20,history_arrhenius,85.45355329816984,89.494,-4.040446701830163,58.44246537236229,0.1
45,102Ah_45degC_1C_cell1,21,history_arrhenius,84.70626689224196,89.036,-4.329733107758045,58.44246537236229,0.1
45,102Ah_45degC_1C_cell1,22,history_arrhenius,84.04246873864146,88.696,-4.653531261358538,58.44246537236229,0.1
45,102Ah_45degC_1C_cell1,23,history_arrhenius,83.38931352922968,88.347,-4.957686470770312,58.44246537236229,0.1
45,102Ah_45degC_1C_cell1,24,history_arrhenius,82.73896290435583,88.0,-5.26103709564417,58.44246537236229,0.1
45,102Ah_45degC_1C_cell1,25,history_arrhenius,82.08728998482123,87.625,-5.537710015178774,58.44246537236229,0.1
45,102Ah_45degC_1C_cell1,26,history_arrhenius,81.43437480726968,87.258,-5.823625192730319,58.44246537236229,0.1
45,102Ah_45degC_1C_cell1,27,history_arrhenius,80.75338710940514,86.915,-6.161612890594867,58.44246537236229,0.1
45,102Ah_45degC_1C_cell1,28,history_arrhenius,79.94328761317541,86.361,-6.41771238682459,58.44246537236229,0.1
45,102Ah_45degC_1C_cell1,29,history_arrhenius,79.25225125647874,85.894,-6.641748743521262,58.44246537236229,0.1
45,102Ah_45degC_1C_cell1,30,history_arrhenius,78.60660314444627,85.512,-6.905396855553732,58.44246537236229,0.1
45,102Ah_45degC_0p5C_cell3,1,temperature_age_interaction,97.14592500548478,97.213,-0.0670749945152096,54.34004735520734,1.0
45,102Ah_45degC_0p5C_cell3,2,temperature_age_interaction,95.8270646137812,96.093,-0.26593538621879986,54.34004735520734,1.0
45,102Ah_45degC_0p5C_cell3,3,temperature_age_interaction,94.66793926859927,95.183,-0.5150607314007374,54.34004735520734,1.0
45,102Ah_45degC_0p5C_cell3,4,temperature_age_interaction,93.39201773049055,94.405,-1.0129822695094504,54.34004735520734,1.0
45,102Ah_45degC_0p5C_cell3,5,temperature_age_interaction,92.13393771281173,93.579,-1.4450622871882643,54.34004735520734,1.0
45,102Ah_45degC_0p5C_cell3,6,temperature_age_interaction,90.99300576139012,92.867,-1.8739942386098818,54.34004735520734,1.0
45,102Ah_45degC_0p5C_cell3,7,temperature_age_interaction,89.14154133798486,92.307,-3.1654586620151406,54.34004735520734,1.0
45,102Ah_45degC_0p5C_cell3,8,temperature_age_interaction,87.79525529859835,91.334,-3.5387447014016544,54.34004735520734,1.0
45,102Ah_45degC_0p5C_cell3,9,temperature_age_interaction,86.58462754159936,90.546,-3.9613724584006462,54.34004735520734,1.0
45,102Ah_45degC_0p5C_cell3,10,temperature_age_interaction,85.08771189646549,89.71,-4.622288103534501,54.34004735520734,1.0
45,102Ah_45degC_0p5C_cell3,11,temperature_age_interaction,83.88532673801858,88.797,-4.91167326198142,54.34004735520734,1.0
45,102Ah_45degC_0p5C_cell3,12,temperature_age_interaction,82.7818006357452,88.025,-5.2431993642548065,54.34004735520734,1.0
45,102Ah_45degC_0p5C_cell3,13,temperature_age_interaction,81.61917377558296,87.256,-5.636826224417035,54.34004735520734,1.0
45,102Ah_45degC_0p5C_cell3,14,temperature_age_interaction,80.45324181623634,86.448,-5.9947581837636505,54.34004735520734,1.0
45,102Ah_45degC_0p5C_cell3,15,temperature_age_interaction,79.30415688976034,85.454,-6.149843110239658,54.34004735520734,1.0
45,102Ah_45degC_0p5C_cell3,16,temperature_age_interaction,78.13193531962742,84.767,-6.6350646803725795,54.34004735520734,1.0
45,102Ah_45degC_0p5C_cell3,17,temperature_age_interaction,77.21488005095023,83.861,-6.646119949049776,54.34004735520734,1.0
45,102Ah_45degC_0p5C_cell3,18,temperature_age_interaction,76.10452915823846,82.921,-6.816470841761543,54.34004735520734,1.0
45,102Ah_45degC_0p5C_cell3,19,temperature_age_interaction,75.05540665018425,81.859,-6.803593349815742,54.34004735520734,1.0
45,102Ah_45degC_0p5C_cell3,20,temperature_age_interaction,73.71251935412985,80.568,-6.855480645870145,54.34004735520734,1.0
45,102Ah_45degC_0p5C_cell3,21,temperature_age_interaction,72.36039952731402,78.862,-6.501600472685979,54.34004735520734,1.0
45,102Ah_45degC_0p5C_cell3,22,temperature_age_interaction,71.32653879308383,77.351,-6.024461206916172,54.34004735520734,1.0
45,102Ah_45degC_0p5C_cell3,23,temperature_age_interaction,70.0610649948127,75.585,-5.5239350051872975,54.34004735520734,1.0
45,102Ah_45degC_0p5C_cell3,24,temperature_age_interaction,66.60287246446788,73.377,-6.774127535532116,54.34004735520734,1.0
45,102Ah_45degC_0p5C_cell3,25,temperature_age_interaction,65.90619692138279,71.212,-5.305803078617217,54.34004735520734,1.0
45,102Ah_45degC_0p5C_cell3,26,temperature_age_interaction,64.86758952502228,68.96,-4.0924104749777115,54.34004735520734,1.0
45,102Ah_45degC_0p5C_cell3,27,temperature_age_interaction,63.76231138243061,66.665,-2.902688617569396,54.34004735520734,1.0
45,102Ah_45degC_0p5C_cell3,28,temperature_age_interaction,62.54306550441471,64.205,-1.6619344955852853,54.34004735520734,1.0
45,102Ah_45degC_0p5C_cell3,29,temperature_age_interaction,62.11773145642047,63.18,-1.0622685435795276,54.34004735520734,1.0
45,102Ah_45degC_0p5C_cell3,30,temperature_age_interaction,62.17218956455413,61.901,0.27118956455412757,54.34004735520734,1.0
45,102Ah_45degC_1C_cell1,1,temperature_age_interaction,98.93324151682152,98.462,0.4712415168215216,54.34004735520734,1.0
45,102Ah_45degC_1C_cell1,2,temperature_age_interaction,98.07806438544152,97.488,0.5900643854415222,54.34004735520734,1.0
45,102Ah_45degC_1C_cell1,3,temperature_age_interaction,97.28699359142351,96.668,0.6189935914235036,54.34004735520734,1.0
45,102Ah_45degC_1C_cell1,4,temperature_age_interaction,96.53614751190264,96.07,0.4661475119026477,54.34004735520734,1.0
45,102Ah_45degC_1C_cell1,5,temperature_age_interaction,95.75033969724032,95.532,0.21833969724032443,54.34004735520734,1.0
45,102Ah_45degC_1C_cell1,6,temperature_age_interaction,95.02465036647988,95.047,-0.02234963352012187,54.34004735520734,1.0
45,102Ah_45degC_1C_cell1,7,temperature_age_interaction,94.27988902189071,94.61,-0.330110978109289,54.34004735520734,1.0
45,102Ah_45degC_1C_cell1,8,temperature_age_interaction,93.55139058104879,94.15,-0.598609418951213,54.34004735520734,1.0
45,102Ah_45degC_1C_cell1,9,temperature_age_interaction,92.83754038959836,93.732,-0.8944596104016398,54.34004735520734,1.0
45,102Ah_45degC_1C_cell1,10,temperature_age_interaction,92.13281335047236,93.34,-1.2071866495276424,54.34004735520734,1.0
45,102Ah_45degC_1C_cell1,11,temperature_age_interaction,91.44831872099732,92.94,-1.4916812790026768,54.34004735520734,1.0
45,102Ah_45degC_1C_cell1,12,temperature_age_interaction,90.78002576482677,92.564,-1.7839742351732184,54.34004735520734,1.0
45,102Ah_45degC_1C_cell1,13,temperature_age_interaction,90.09853620147933,92.197,-2.098463798520669,54.34004735520734,1.0
45,102Ah_45degC_1C_cell1,14,temperature_age_interaction,89.36663643445468,91.821,-2.4543635655453215,54.34004735520734,1.0
45,102Ah_45degC_1C_cell1,15,temperature_age_interaction,88.61569289326273,91.424,-2.8083071067372742,54.34004735520734,1.0
45,102Ah_45degC_1C_cell1,16,temperature_age_interaction,87.72050209959312,90.943,-3.2224979004068786,54.34004735520734,1.0
45,102Ah_45degC_1C_cell1,17,temperature_age_interaction,87.05720742056,90.603,-3.54579257943999,54.34004735520734,1.0
45,102Ah_45degC_1C_cell1,18,temperature_age_interaction,84.98174676138052,90.278,-5.296253238619485,54.34004735520734,1.0
45,102Ah_45degC_1C_cell1,19,temperature_age_interaction,85.74308228324414,89.822,-4.078917716755868,54.34004735520734,1.0
45,102Ah_45degC_1C_cell1,20,temperature_age_interaction,85.00506049563256,89.494,-4.488939504367437,54.34004735520734,1.0
45,102Ah_45degC_1C_cell1,21,temperature_age_interaction,84.59527480969832,89.036,-4.440725190301677,54.34004735520734,1.0
45,102Ah_45degC_1C_cell1,22,temperature_age_interaction,83.93499366749654,88.696,-4.761006332503456,54.34004735520734,1.0
45,102Ah_45degC_1C_cell1,23,temperature_age_interaction,83.24528789966253,88.347,-5.1017121003374655,54.34004735520734,1.0
45,102Ah_45degC_1C_cell1,24,temperature_age_interaction,82.57947890610379,88.0,-5.4205210938962125,54.34004735520734,1.0
45,102Ah_45degC_1C_cell1,25,temperature_age_interaction,81.91173516759187,87.625,-5.713264832408129,54.34004735520734,1.0
45,102Ah_45degC_1C_cell1,26,temperature_age_interaction,81.24215083455847,87.258,-6.015849165441523,54.34004735520734,1.0
45,102Ah_45degC_1C_cell1,27,temperature_age_interaction,80.53489125232694,86.915,-6.380108747673063,54.34004735520734,1.0
45,102Ah_45degC_1C_cell1,28,temperature_age_interaction,79.62800418876654,86.361,-6.732995811233465,54.34004735520734,1.0
45,102Ah_45degC_1C_cell1,29,temperature_age_interaction,78.88214966490958,85.894,-7.011850335090429,54.34004735520734,1.0
45,102Ah_45degC_1C_cell1,30,temperature_age_interaction,78.24509863678031,85.512,-7.266901363219688,54.34004735520734,1.0
55,102Ah_55degC_1C_cell3,1,age_rate_noT,98.79072937081446,98.15,0.640729370814455,2.448675982196444,10.0
55,102Ah_55degC_1C_cell3,2,age_rate_noT,98.3525333049153,97.002,1.3505333049153023,2.448675982196444,10.0
55,102Ah_55degC_1C_cell3,3,age_rate_noT,96.88377407940206,93.692,3.191774079402066,2.448675982196444,10.0
55,102Ah_55degC_1C_cell3,4,age_rate_noT,96.54829915356328,93.086,3.462299153563279,2.448675982196444,10.0
55,102Ah_55degC_1C_cell3,5,age_rate_noT,96.21249527874069,92.505,3.7074952787406943,2.448675982196444,10.0
55,102Ah_55degC_1C_cell3,6,age_rate_noT,95.87946731128909,91.953,3.9264673112890875,2.448675982196444,10.0
55,102Ah_55degC_1C_cell3,7,age_rate_noT,95.50909685317404,91.407,4.1020968531740465,2.448675982196444,10.0
55,102Ah_55degC_1C_cell3,8,age_rate_noT,95.18885297624354,90.846,4.342852976243535,2.448675982196444,10.0
55,102Ah_55degC_1C_cell3,9,age_rate_noT,94.8713098280483,90.301,4.570309828048295,2.448675982196444,10.0
55,102Ah_55degC_1C_cell3,10,age_rate_noT,94.55106991646062,89.744,4.80706991646062,2.448675982196444,10.0
55,102Ah_55degC_1C_cell3,11,age_rate_noT,94.23779755806689,89.204,5.033797558066894,2.448675982196444,10.0
55,102Ah_55degC_1C_cell3,12,age_rate_noT,93.92182442848541,88.661,5.260824428485407,2.448675982196444,10.0
55,102Ah_55degC_1C_cell3,13,age_rate_noT,93.42031830251918,88.039,5.381318302519176,2.448675982196444,10.0
55,102Ah_55degC_1C_cell3,14,age_rate_noT,93.10907646951676,87.512,5.5970764695167645,2.448675982196444,10.0
55,102Ah_55degC_1C_cell3,15,age_rate_noT,92.80389060789153,86.962,5.8418906078915285,2.448675982196444,10.0
55,102Ah_55degC_1C_cell3,16,age_rate_noT,92.49528836354074,86.38,6.115288363540742,2.448675982196444,10.0
55,102Ah_55degC_1C_cell3,17,age_rate_noT,92.19275908167234,85.815,6.3777590816723375,2.448675982196444,10.0
55,102Ah_55degC_1C_cell3,18,age_rate_noT,91.88714153710268,85.108,6.779141537102674,2.448675982196444,10.0
55,102Ah_55degC_1C_cell3,19,age_rate_noT,91.497296017249,84.207,7.2902960172490054,2.448675982196444,10.0
55,102Ah_55degC_1C_cell3,20,age_rate_noT,91.19520980056247,83.035,8.16020980056247,2.448675982196444,10.0
55,102Ah_55degC_1C_cell3,21,age_rate_noT,90.8994878153248,81.814,9.08548781532481,2.448675982196444,10.0
55,102Ah_55degC_1C_cell3,22,age_rate_noT,90.60153404594911,80.494,10.107534045949109,2.448675982196444,10.0
55,102Ah_55degC_1C_cell3,23,age_rate_noT,90.30971384961408,79.116,11.193713849614085,2.448675982196444,10.0
55,102Ah_55degC_1C_cell3,24,age_rate_noT,90.02029992127923,77.658,12.36229992127923,2.448675982196444,10.0
55,102Ah_55degC_1C_cell3,25,age_rate_noT,89.72355027556132,76.068,13.655550275561325,2.448675982196444,10.0
55,102Ah_55degC_1C_cell3,26,age_rate_noT,89.41357866972609,74.402,15.011578669726092,2.448675982196444,10.0
55,102Ah_55degC_1C_cell3,27,age_rate_noT,88.85659222575832,72.733,16.123592225758316,2.448675982196444,10.0
55,102Ah_55degC_1C_cell3,28,age_rate_noT,88.5747300419895,71.205,17.3697300419895,2.448675982196444,10.0
55,102Ah_55degC_1C_cell3,29,age_rate_noT,88.29272649446645,69.634,18.65872649446645,2.448675982196444,10.0
55,102Ah_55degC_1C_cell3,30,age_rate_noT,87.95611577155327,68.083,19.873115771553273,2.448675982196444,10.0
55,102Ah_55degC_1C_cell3,1,current_T,96.64956792525864,98.15,-1.5004320747413686,2.278146763358064,10.0
55,102Ah_55degC_1C_cell3,2,current_T,96.11143146763543,97.002,-0.8905685323645685,2.278146763358064,10.0
55,102Ah_55degC_1C_cell3,3,current_T,94.3164071716407,93.692,0.624407171640712,2.278146763358064,10.0
55,102Ah_55degC_1C_cell3,4,current_T,93.98060852441664,93.086,0.8946085244166397,2.278146763358064,10.0
55,102Ah_55degC_1C_cell3,5,current_T,93.5919186961465,92.505,1.0869186961464976,2.278146763358064,10.0
55,102Ah_55degC_1C_cell3,6,current_T,93.20787839390493,91.953,1.2548783939049315,2.278146763358064,10.0
55,102Ah_55degC_1C_cell3,7,current_T,92.7292242512452,91.407,1.3222242512452027,2.278146763358064,10.0
55,102Ah_55degC_1C_cell3,8,current_T,92.43503777459657,90.846,1.5890377745965623,2.278146763358064,10.0
55,102Ah_55degC_1C_cell3,9,current_T,92.03549178656255,90.301,1.7344917865625433,2.278146763358064,10.0
55,102Ah_55degC_1C_cell3,10,current_T,91.74337935555405,89.744,1.9993793555540549,2.278146763358064,10.0
55,102Ah_55degC_1C_cell3,11,current_T,91.44127895857054,89.204,2.237278958570542,2.278146763358064,10.0
55,102Ah_55degC_1C_cell3,12,current_T,91.08236282116012,88.661,2.421362821160116,2.278146763358064,10.0
55,102Ah_55degC_1C_cell3,13,current_T,90.55874010341718,88.039,2.5197401034171776,2.278146763358064,10.0
55,102Ah_55degC_1C_cell3,14,current_T,90.1519046951934,87.512,2.639904695193394,2.278146763358064,10.0
55,102Ah_55degC_1C_cell3,15,current_T,89.87938798421844,86.962,2.9173879842184363,2.278146763358064,10.0
55,102Ah_55degC_1C_cell3,16,current_T,89.91321715043665,86.38,3.5332171504366556,2.278146763358064,10.0
55,102Ah_55degC_1C_cell3,17,current_T,89.24423498896776,85.815,3.429234988967764,2.278146763358064,10.0
55,102Ah_55degC_1C_cell3,18,current_T,88.89977914527324,85.108,3.791779145273239,2.278146763358064,10.0
55,102Ah_55degC_1C_cell3,19,current_T,88.48338547286268,84.207,4.276385472862685,2.278146763358064,10.0
55,102Ah_55degC_1C_cell3,20,current_T,88.17984596490113,83.035,5.144845964901137,2.278146763358064,10.0
55,102Ah_55degC_1C_cell3,21,current_T,87.82878761384741,81.814,6.0147876138474174,2.278146763358064,10.0
55,102Ah_55degC_1C_cell3,22,current_T,87.54822119700033,80.494,7.054221197000331,2.278146763358064,10.0
55,102Ah_55degC_1C_cell3,23,current_T,87.1291325001983,79.116,8.013132500198296,2.278146763358064,10.0
55,102Ah_55degC_1C_cell3,24,current_T,86.93085599577034,77.658,9.272855995770342,2.278146763358064,10.0
55,102Ah_55degC_1C_cell3,25,current_T,86.59789440038931,76.068,10.52989440038931,2.278146763358064,10.0
55,102Ah_55degC_1C_cell3,26,current_T,86.26894298661803,74.402,11.866942986618028,2.278146763358064,10.0
55,102Ah_55degC_1C_cell3,27,current_T,85.67806424994006,72.733,12.94506424994006,2.278146763358064,10.0
55,102Ah_55degC_1C_cell3,28,current_T,85.3068120977163,71.205,14.101812097716305,2.278146763358064,10.0
55,102Ah_55degC_1C_cell3,29,current_T,84.99026440507963,69.634,15.356264405079628,2.278146763358064,10.0
55,102Ah_55degC_1C_cell3,30,current_T,84.65238944267229,68.083,16.56938944267229,2.278146763358064,10.0
55,102Ah_55degC_1C_cell3,1,history_T,96.16504746592362,98.15,-1.9849525340763847,1.6497711609150625,10.0
55,102Ah_55degC_1C_cell3,2,history_T,95.67917547001265,97.002,-1.3228245299873436,1.6497711609150625,10.0
55,102Ah_55degC_1C_cell3,3,history_T,94.10991403271545,93.692,0.41791403271545846,1.6497711609150625,10.0
55,102Ah_55degC_1C_cell3,4,history_T,93.75404706652341,93.086,0.668047066523414,1.6497711609150625,10.0
55,102Ah_55degC_1C_cell3,5,history_T,93.39864460758932,92.505,0.893644607589323,1.6497711609150625,10.0
55,102Ah_55degC_1C_cell3,6,history_T,93.04702152903447,91.953,1.094021529034464,1.6497711609150625,10.0
55,102Ah_55degC_1C_cell3,7,history_T,92.65765798157413,91.407,1.250657981574136,1.6497711609150625,10.0
55,102Ah_55degC_1C_cell3,8,history_T,92.32050287241577,90.846,1.4745028724157692,1.6497711609150625,10.0
55,102Ah_55degC_1C_cell3,9,history_T,91.98628969274613,90.301,1.6852896927461245,1.6497711609150625,10.0
55,102Ah_55degC_1C_cell3,10,history_T,91.65015286323283,89.744,1.9061528632328333,1.6497711609150625,10.0
55,102Ah_55degC_1C_cell3,11,history_T,91.32134730699671,89.204,2.11734730699672,1.6497711609150625,10.0
55,102Ah_55degC_1C_cell3,12,history_T,90.98996039651232,88.661,2.328960396512315,1.6497711609150625,10.0
55,102Ah_55degC_1C_cell3,13,history_T,90.4713864424864,88.039,2.432386442486404,1.6497711609150625,10.0
55,102Ah_55degC_1C_cell3,14,history_T,90.14526945430251,87.512,2.633269454302507,1.6497711609150625,10.0
55,102Ah_55degC_1C_cell3,15,history_T,89.8256906675466,86.962,2.8636906675465923,1.6497711609150625,10.0
55,102Ah_55degC_1C_cell3,16,history_T,89.50324818197721,86.38,3.1232481819772175,1.6497711609150625,10.0
55,102Ah_55degC_1C_cell3,17,history_T,89.18700718181933,85.815,3.3720071818193276,1.6497711609150625,10.0
55,102Ah_55degC_1C_cell3,18,history_T,88.86764029585594,85.108,3.759640295855931,1.6497711609150625,10.0
55,102Ah_55degC_1C_cell3,19,history_T,88.4638400911841,84.207,4.2568400911841024,1.6497711609150625,10.0
55,102Ah_55degC_1C_cell3,20,history_T,88.14838100178801,83.035,5.113381001788014,1.6497711609150625,10.0
55,102Ah_55degC_1C_cell3,21,history_T,87.83961983892593,81.814,6.025619838925934,1.6497711609150625,10.0
55,102Ah_55degC_1C_cell3,22,history_T,87.52827158219355,80.494,7.034271582193554,1.6497711609150625,10.0
55,102Ah_55degC_1C_cell3,23,history_T,87.22391766789175,79.116,8.107917667891755,1.6497711609150625,10.0
55,102Ah_55degC_1C_cell3,24,history_T,86.92151429498794,77.658,9.263514294987942,1.6497711609150625,10.0
55,102Ah_55degC_1C_cell3,25,history_T,86.61222636307303,76.068,10.544226363073037,1.6497711609150625,10.0
55,102Ah_55degC_1C_cell3,26,history_T,86.28940306646169,74.402,11.887403066461687,1.6497711609150625,10.0
55,102Ah_55degC_1C_cell3,27,history_T,85.71979928841296,72.733,12.986799288412954,1.6497711609150625,10.0
55,102Ah_55degC_1C_cell3,28,history_T,85.42522036389025,71.205,14.220220363890249,1.6497711609150625,10.0
55,102Ah_55degC_1C_cell3,29,history_T,85.13083898753396,69.634,15.496838987533962,1.6497711609150625,10.0
55,102Ah_55degC_1C_cell3,30,history_T,84.78212328842737,68.083,16.699123288427373,1.6497711609150625,10.0
55,102Ah_55degC_1C_cell3,1,both_T,96.11080437886775,98.15,-2.039195621132251,2.058560279860122,10.0
55,102Ah_55degC_1C_cell3,2,both_T,95.59965375779261,97.002,-1.4023462422073862,2.058560279860122,10.0
55,102Ah_55degC_1C_cell3,3,both_T,93.97246114076277,93.692,0.2804611407627817,2.058560279860122,10.0
55,102Ah_55degC_1C_cell3,4,both_T,93.61028051665032,93.086,0.5242805166503217,2.058560279860122,10.0
55,102Ah_55degC_1C_cell3,5,both_T,93.24482963769704,92.505,0.7398296376970421,2.058560279860122,10.0
55,102Ah_55degC_1C_cell3,6,both_T,92.88372232931644,91.953,0.9307223293164384,2.058560279860122,10.0
55,102Ah_55degC_1C_cell3,7,both_T,92.48055993151091,91.407,1.0735599315109141,2.058560279860122,10.0
55,102Ah_55degC_1C_cell3,8,both_T,92.14054404481361,90.846,1.2945440448136054,2.058560279860122,10.0
55,102Ah_55degC_1C_cell3,9,both_T,91.79529950597393,90.301,1.4942995059739275,2.058560279860122,10.0
55,102Ah_55degC_1C_cell3,10,both_T,91.45678104710234,89.744,1.7127810471023395,2.058560279860122,10.0
55,102Ah_55degC_1C_cell3,11,both_T,91.12452368397348,89.204,1.9205236839734852,2.058560279860122,10.0
55,102Ah_55degC_1C_cell3,12,both_T,90.78554988398636,88.661,2.1245498839863615,2.058560279860122,10.0
55,102Ah_55degC_1C_cell3,13,both_T,90.26157885399057,88.039,2.2225788539905693,2.058560279860122,10.0
55,102Ah_55degC_1C_cell3,14,both_T,89.92415204590692,87.512,2.4121520459069217,2.058560279860122,10.0
55,102Ah_55degC_1C_cell3,15,both_T,89.60334701725567,86.962,2.6413470172556686,2.058560279860122,10.0
55,102Ah_55degC_1C_cell3,16,both_T,89.30372185413933,86.38,2.9237218541393304,2.058560279860122,10.0
55,102Ah_55degC_1C_cell3,17,both_T,88.95545300720681,85.815,3.1404530072068155,2.058560279860122,10.0
55,102Ah_55degC_1C_cell3,18,both_T,88.62947191465916,85.108,3.521471914659159,2.058560279860122,10.0
55,102Ah_55degC_1C_cell3,19,both_T,88.22058114874778,84.207,4.0135811487477895,2.058560279860122,10.0
55,102Ah_55degC_1C_cell3,20,both_T,87.90154173330717,83.035,4.866541733307173,2.058560279860122,10.0
55,102Ah_55degC_1C_cell3,21,both_T,87.58512766777659,81.814,5.771127667776597,2.058560279860122,10.0
55,102Ah_55degC_1C_cell3,22,both_T,87.27175082442588,80.494,6.77775082442588,2.058560279860122,10.0
55,102Ah_55degC_1C_cell3,23,both_T,86.95421750982324,79.116,7.838217509823238,2.058560279860122,10.0
55,102Ah_55degC_1C_cell3,24,both_T,86.65561909772583,77.658,8.997619097725831,2.058560279860122,10.0
55,102Ah_55degC_1C_cell3,25,both_T,86.34025588161845,76.068,10.272255881618449,2.058560279860122,10.0
55,102Ah_55degC_1C_cell3,26,both_T,86.01291939549513,74.402,11.61091939549513,2.058560279860122,10.0
55,102Ah_55degC_1C_cell3,27,both_T,85.4394307103311,72.733,12.706430710331091,2.058560279860122,10.0
55,102Ah_55degC_1C_cell3,28,both_T,85.13471300880141,71.205,13.929713008801414,2.058560279860122,10.0
55,102Ah_55degC_1C_cell3,29,both_T,84.83447307575601,69.634,15.200473075756008,2.058560279860122,10.0
55,102Ah_55degC_1C_cell3,30,both_T,84.48303951937427,68.083,16.400039519374275,2.058560279860122,10.0
55,102Ah_55degC_1C_cell3,1,history_arrhenius,97.08981129115762,98.15,-1.0601887088423894,1.030727690982196,0.1
55,102Ah_55degC_1C_cell3,2,history_arrhenius,96.89887654381513,97.002,-0.10312345618486063,1.030727690982196,0.1
55,102Ah_55degC_1C_cell3,3,history_arrhenius,96.16817615063039,93.692,2.476176150630394,1.030727690982196,0.1
55,102Ah_55degC_1C_cell3,4,history_arrhenius,95.70710703535349,93.086,2.6211070353534893,1.030727690982196,0.1
55,102Ah_55degC_1C_cell3,5,history_arrhenius,95.22889471782678,92.505,2.7238947178267807,1.030727690982196,0.1
55,102Ah_55degC_1C_cell3,6,history_arrhenius,94.74447698536737,91.953,2.7914769853673675,1.030727690982196,0.1
55,102Ah_55degC_1C_cell3,7,history_arrhenius,94.2137035545105,91.407,2.8067035545105057,1.030727690982196,0.1
55,102Ah_55degC_1C_cell3,8,history_arrhenius,93.72077609215317,90.846,2.8747760921531693,1.030727690982196,0.1
55,102Ah_55degC_1C_cell3,9,history_arrhenius,93.22356984817866,90.301,2.9225698481786537,1.030727690982196,0.1
55,102Ah_55degC_1C_cell3,10,history_arrhenius,92.71491229751511,89.744,2.970912297515113,1.030727690982196,0.1
55,102Ah_55degC_1C_cell3,11,history_arrhenius,92.210682898399,89.204,3.0066828983990064,1.030727690982196,0.1
55,102Ah_55degC_1C_cell3,12,history_arrhenius,91.69618605901452,88.661,3.0351860590145208,1.030727690982196,0.1
55,102Ah_55degC_1C_cell3,13,history_arrhenius,90.98094178635937,88.039,2.941941786359365,1.030727690982196,0.1
55,102Ah_55degC_1C_cell3,14,history_arrhenius,90.45977272404595,87.512,2.9477727240459473,1.030727690982196,0.1
55,102Ah_55degC_1C_cell3,15,history_arrhenius,89.94480627651204,86.962,2.9828062765120364,1.030727690982196,0.1
55,102Ah_55degC_1C_cell3,16,history_arrhenius,89.42067366674789,86.38,3.0406736667478924,1.030727690982196,0.1
55,102Ah_55degC_1C_cell3,17,history_arrhenius,88.90337237571538,85.815,3.0883723757153803,1.030727690982196,0.1
55,102Ah_55degC_1C_cell3,18,history_arrhenius,88.37757943481714,85.108,3.269579434817132,1.030727690982196,0.1
55,102Ah_55degC_1C_cell3,19,history_arrhenius,87.7531895437082,84.207,3.546189543708209,1.030727690982196,0.1
55,102Ah_55degC_1C_cell3,20,history_arrhenius,87.22630209455151,83.035,4.191302094551517,1.030727690982196,0.1
55,102Ah_55degC_1C_cell3,21,history_arrhenius,86.70768208281294,81.814,4.893682082812944,1.030727690982196,0.1
55,102Ah_55degC_1C_cell3,22,history_arrhenius,86.18220623803104,80.494,5.688206238031043,1.030727690982196,0.1
55,102Ah_55degC_1C_cell3,23,history_arrhenius,85.66520270137958,79.116,6.549202701379585,1.030727690982196,0.1
55,102Ah_55degC_1C_cell3,24,history_arrhenius,85.14960763760087,77.658,7.491607637600865,1.030727690982196,0.1
55,102Ah_55degC_1C_cell3,25,history_arrhenius,84.6214310907061,76.068,8.553431090706098,1.030727690982196,0.1
55,102Ah_55degC_1C_cell3,26,history_arrhenius,84.07782469937585,74.402,9.675824699375852,1.030727690982196,0.1
55,102Ah_55degC_1C_cell3,27,history_arrhenius,83.2214032897574,72.733,10.4884032897574,1.030727690982196,0.1
55,102Ah_55degC_1C_cell3,28,history_arrhenius,82.70637443753246,71.205,11.501374437532462,1.030727690982196,0.1
55,102Ah_55degC_1C_cell3,29,history_arrhenius,82.19037805298535,69.634,12.556378052985352,1.030727690982196,0.1
55,102Ah_55degC_1C_cell3,30,history_arrhenius,81.60634612076065,68.083,13.52334612076065,1.030727690982196,0.1
55,102Ah_55degC_1C_cell3,1,temperature_age_interaction,99.25546445584519,98.15,1.1054644558451798,2.4317559225396312,10.0
55,102Ah_55degC_1C_cell3,2,temperature_age_interaction,98.59369689542865,97.002,1.5916968954286546,2.4317559225396312,10.0
55,102Ah_55degC_1C_cell3,3,temperature_age_interaction,97.12728249466693,93.692,3.435282494666936,2.4317559225396312,10.0
55,102Ah_55degC_1C_cell3,4,temperature_age_interaction,96.5342842079536,93.086,3.4482842079536056,2.4317559225396312,10.0
55,102Ah_55degC_1C_cell3,5,temperature_age_interaction,95.94240662181791,92.505,3.437406621817914,2.4317559225396312,10.0
55,102Ah_55degC_1C_cell3,6,temperature_age_interaction,95.35671992358911,91.953,3.403719923589108,2.4317559225396312,10.0
55,102Ah_55degC_1C_cell3,7,temperature_age_interaction,94.7393865418137,91.407,3.3323865418137046,2.4317559225396312,10.0
55,102Ah_55degC_1C_cell3,8,temperature_age_interaction,94.15782778440084,90.846,3.3118277844008333,2.4317559225396312,10.0
55,102Ah_55degC_1C_cell3,9,temperature_age_interaction,93.58334370296811,90.301,3.282343702968106,2.4317559225396312,10.0
55,102Ah_55degC_1C_cell3,10,temperature_age_interaction,92.9986077457899,89.744,3.2546077457898974,2.4317559225396312,10.0
55,102Ah_55degC_1C_cell3,11,temperature_age_interaction,92.425784177427,89.204,3.2217841774270113,2.4317559225396312,10.0
55,102Ah_55degC_1C_cell3,12,temperature_age_interaction,91.84606990192822,88.661,3.185069901928216,2.4317559225396312,10.0
55,102Ah_55degC_1C_cell3,13,temperature_age_interaction,91.12459868447517,88.039,3.0855986844751726,2.4317559225396312,10.0
55,102Ah_55degC_1C_cell3,14,temperature_age_interaction,90.54484615507326,87.512,3.0328461550732584,2.4317559225396312,10.0
55,102Ah_55degC_1C_cell3,15,temperature_age_interaction,89.98094115738347,86.962,3.018941157383466,2.4317559225396312,10.0
55,102Ah_55degC_1C_cell3,16,temperature_age_interaction,89.43766452983664,86.38,3.057664529836643,2.4317559225396312,10.0
55,102Ah_55degC_1C_cell3,17,temperature_age_interaction,88.84416830848197,85.815,3.029168308481971,2.4317559225396312,10.0
55,102Ah_55degC_1C_cell3,18,temperature_age_interaction,88.27041551543117,85.108,3.1624155154311637,2.4317559225396312,10.0
55,102Ah_55degC_1C_cell3,19,temperature_age_interaction,87.63623197222839,84.207,3.4292319722283935,2.4317559225396312,10.0
55,102Ah_55degC_1C_cell3,20,temperature_age_interaction,87.06975674999205,83.035,4.034756749992056,2.4317559225396312,10.0
55,102Ah_55degC_1C_cell3,21,temperature_age_interaction,86.50463672340021,81.814,4.6906367234002175,2.4317559225396312,10.0
55,102Ah_55degC_1C_cell3,22,temperature_age_interaction,85.94489306859184,80.494,5.450893068591839,2.4317559225396312,10.0
55,102Ah_55degC_1C_cell3,23,temperature_age_interaction,85.36716311627418,79.116,6.251163116274185,2.4317559225396312,10.0
55,102Ah_55degC_1C_cell3,24,temperature_age_interaction,84.83477323617696,77.658,7.176773236176956,2.4317559225396312,10.0
55,102Ah_55degC_1C_cell3,25,temperature_age_interaction,84.26585009535256,76.068,8.197850095352564,2.4317559225396312,10.0
55,102Ah_55degC_1C_cell3,26,temperature_age_interaction,83.69485824104338,74.402,9.292858241043376,2.4317559225396312,10.0
55,102Ah_55degC_1C_cell3,27,temperature_age_interaction,82.92223229178519,72.733,10.189232291785189,2.4317559225396312,10.0
55,102Ah_55degC_1C_cell3,28,temperature_age_interaction,82.34813948714813,71.205,11.143139487148133,2.4317559225396312,10.0
55,102Ah_55degC_1C_cell3,29,temperature_age_interaction,81.78799558779733,69.634,12.153995587797326,2.4317559225396312,10.0
55,102Ah_55degC_1C_cell3,30,temperature_age_interaction,81.20002065198999,68.083,13.11702065198999,2.4317559225396312,10.0
